data;horario;n_da_ocorrencia;tipo_de_ocorrencia;km;trecho;sentido;tipo_de_acidente;caminhao;ilesos;levemente_feridos;moderadamente_feridos;gravemente_feridos;mortos;3
23/02/2010;17:01:00;584;sem vítima;174;BR-116/RJ;Pista Sul;Colisão traseira;1;4;0;0;0;0;1
23/02/2010;17:03:00;593;sem vítima;236;BR-116/RJ;Pista Sul;Choque em barreira New Jersey;1;1;0;0;0;0;1
23/02/2010;18:45:00;677;sem vítima;172,7;BR-116/RJ;Pista Sul;Abalroamento longitudinal;1;56;0;0;0;0;1
23/02/2010;20:41:00;759;sem vítima;226,9;BR-116/SP;Pista Norte;Colisão traseira;1;2;0;0;0;0;1
23/02/2010;21:03:00;772;sem vítima;155,3;BR-116/SP;Pista Sul;Choque em barreira New Jersey;2;2;0;0;0;0;1
23/02/2010;23:20:00;853;com vítima;274,25;BR-116/RJ;Pista Norte;Colisão traseira;1;42;3;0;0;0;1
24/02/2010;01:20:00;29;sem vítima;170,5;BR-116/SP;Pista Sul;Atropelamento de animal;1;1;0;0;0;0;1
24/02/2010;03:49:00;69;sem vítima;259,7;BR-116/RJ;Pista Norte;Colisão traseira;2;2;0;0;0;0;1
24/02/2010;05:13:00;95;sem vítima;41,2;BR-116/SP;Pista Norte;Choque em objeto fixo;1;1;0;0;0;0;1
24/02/2010;07:26:00;169;com vítima;164,5;BR-116/RJ;Pista Norte;Engavetamento;2;2;1;0;0;0;1
24/02/2010;08:56:00;252;sem vítima;190;BR-116/RJ;Pista Norte;Abalroamento longitudinal;1;2;0;0;0;0;1
24/02/2010;09:17:00;268;sem vítima;160,7;BR-116/SP;Pista Norte;Engavetamento;1;3;0;0;0;0;1
24/02/2010;09:54:00;307;sem vítima;116,15;BR-116/SP;Pista Norte;Colisão traseira;2;2;0;0;0;0;1
24/02/2010;10:18:00;324;sem vítima;156,8;BR-116/SP;Pista Norte;Colisão traseira;1;2;0;0;0;0;1
24/02/2010;13:42:00;431;sem vítima;211,8;BR-116/SP;Pista Sul;Abalroamento longitudinal;1;3;0;0;0;0;1
24/02/2010;17:33:00;566;com vítima;92,6;BR-116/SP;Pista Sul;Atropelamento de pedestre atravessando;1;1;1;0;0;0;1
24/02/2010;18:15:00;599;sem vítima;275,9;BR-116/RJ;Pista Norte;Outros;1;3;0;0;0;0;1
24/02/2010;18:36:00;612;sem vítima;92,6;BR-116/SP;Pista Sul;Choque em barreira New Jersey;1;5;0;0;0;0;1
25/02/2010;00:33:00;15;sem vítima;323,9;BR-116/RJ;Pista Norte;Abalroamento longitudinal;1;2;0;0;0;0;1
25/02/2010;04:55:00;88;sem vítima;166,9;BR-116/SP;Pista Sul;Tombamento;1;1;0;0;0;0;1
25/02/2010;05:05:00;91;sem vítima;160;BR-116/SP;Pista Sul;Choque em barreira New Jersey;1;3;0;0;0;0;1
25/02/2010;06:06:00;113;sem vítima;195,5;BR-116/SP;Pista Sul;Colisão traseira;2;2;0;0;0;0;1
25/02/2010;06:17:00;118;sem vítima;163;BR-116/SP;Pista Sul;Queda de ribanceira;1;1;0;0;0;0;1
25/02/2010;06:21:00;120;sem vítima;166,53;BR-116/RJ;Pista Sul;Abalroamento longitudinal;1;2;0;0;0;0;1
25/02/2010;06:41:00;129;com vítima;161;BR-116/SP;Pista Sul;Tombamento;1;0;1;0;0;0;1
25/02/2010;08:31:00;209;com vítima;181,7;BR-116/RJ;Pista Norte;Colisão frontal;1;1;1;0;0;0;1
25/02/2010;09:24:00;248;sem vítima;163,7;BR-116/RJ;Pista Sul;Abalroamento longitudinal;1;2;0;0;0;0;1
25/02/2010;14:42:00;399;sem vítima;145;BR-116/SP;Pista Sul;Choque em defensa;1;1;0;0;0;0;1
25/02/2010;17:58:00;530;sem vítima;255,4;BR-116/RJ;Pista Sul;Abalroamento longitudinal;1;2;0;0;0;0;1
25/02/2010;19:12:00;577;com vítima;170,4;BR-116/RJ;Pista Norte;Abalroamento longitudinal;1;1;1;0;0;0;1
25/02/2010;21:10:00;646;com vítima;172,75;BR-116/RJ;Pista Norte;Atropelamento de pedestre atravessando;1;1;0;0;0;1;3
25/02/2010;21:41:00;666;sem vítima;210,1;BR-116/SP;Pista Sul;Colisão traseira;2;2;0;0;0;0;1
25/02/2010;21:56:00;672;sem vítima;197,7;BR-116/SP;Pista Sul;Tombamento;1;2;0;0;0;0;1
25/02/2010;23:01:00;693;com vítima;142,3;BR-116/SP;Pista Norte;Engavetamento;2;2;2;0;0;0;1
26/02/2010;03:47:00;68;sem vítima;222,2;BR-116/RJ;Pista Sul;Choque em objeto fixo;1;1;0;0;0;0;1
26/02/2010;03:52:00;70;com vítima;171,1;BR-116/RJ;Pista Norte;Colisão traseira;1;1;0;2;0;0;2
26/02/2010;06:30:00;126;com vítima;213,9;BR-116/SP;Pista Sul;Não Def;1;3;1;0;0;0;1
26/02/2010;07:56:00;198;sem vítima;170;BR-116/RJ;Pista Norte;Choque em objeto fixo;2;2;0;0;0;0;1
26/02/2010;12:48:00;407;sem vítima;155,3;BR-116/SP;Pista Sul;Abalroamento longitudinal;1;2;0;0;0;0;1
26/02/2010;13:31:00;431;sem vítima;111,6;BR-116/SP;Pista Norte;Abalroamento longitudinal;1;2;0;0;0;0;1
26/02/2010;14:05:00;459;sem vítima;175,5;BR-116/RJ;Pista Sul;Abalroamento longitudinal;1;2;0;0;0;0;1
26/02/2010;14:32:00;483;com vítima;28;BR-116/SP;Pista Norte;Choque em veículo parado na pista;1;1;1;0;0;0;1
26/02/2010;14:48:00;495;com vítima;165,2;BR-116/SP;Pista Sul;Engavetamento;3;2;0;1;0;0;2
26/02/2010;23:22:00;788;com vítima;223,4;BR-116/SP;Pista Norte;Engavetamento;1;3;2;0;0;0;1
26/02/2010;23:51:00;806;sem vítima;165,2;BR-116/SP;Pista Norte;Choque em objeto fixo;1;3;0;0;0;0;1
27/02/2010;00:12:00;11;sem vítima;18,6;BR-116/SP;Pista Norte;Choque em objeto na pista;1;2;0;0;0;0;1
27/02/2010;02:53:00;56;com vítima;141;BR-116/SP;Pista Norte;Colisão traseira;1;1;0;0;2;0;2
27/02/2010;04:45:00;86;com vítima;42,7;BR-116/SP;Pista Norte;Colisão traseira;1;2;0;1;0;0;2
27/02/2010;04:47:00;87;sem vítima;202,6;BR-116/RJ;Pista Sul;Atropelamento de animal;1;3;0;0;0;0;1
27/02/2010;08:03:00;201;sem vítima;135,2;BR-116/SP;Pista Sul;Colisão traseira;1;2;0;0;0;0;1
27/02/2010;10:19:00;300;com vítima;275,83;BR-116/RJ;Pista Sul;Tombamento;1;0;1;0;0;0;1
27/02/2010;17:19:00;544;com vítima;241,4;BR-116/RJ;Pista Sul;Colisão traseira;1;1;1;1;0;0;2
27/02/2010;19:23:00;606;sem vítima;81;BR-116/SP;Pista Sul;Choque em objeto na pista;1;2;0;0;0;0;1
27/02/2010;23:28:00;746;com vítima;226,3;BR-116/RJ;Pista Sul;Colisão traseira;1;3;1;0;0;0;1
28/02/2010;11:57:00;278;com vítima;122,2;BR-116/SP;Pista Sul;Colisão traseira;1;47;1;0;0;0;1
28/02/2010;14:22:00;349;com vítima;218;BR-116/SP;Pista Norte;Engavetamento;1;7;4;0;0;0;1
28/02/2010;15:01:00;366;com vítima;305;BR-116/RJ;Pista Norte;Colisão traseira;1;1;1;0;0;0;1
28/02/2010;21:23:00;573;sem vítima;228;BR-116/SP;Pista Norte;Abalroamento longitudinal;1;6;0;0;0;0;1
01/03/2010;11:27:00;318;sem vítima;34,2;BR-116/SP;Pista Norte;Engavetamento;3;3;0;0;0;0;1
01/03/2010;12:09:00;342;com vítima;70,3;BR-116/SP;Pista Sul;Tombamento;1;0;4;0;0;0;1
01/03/2010;16:41:00;483;sem vítima;108,3;BR-116/SP;Pista Norte;Abalroamento longitudinal;1;2;0;0;0;0;1
01/03/2010;17:43:00;531;sem vítima;131,5;BR-116/SP;Pista Norte;Colisão traseira;1;3;0;0;0;0;1
01/03/2010;04:35:00;69;sem vítima;163,4;BR-116/RJ;Pista Norte;Colisão traseira;1;3;0;0;0;0;1
01/03/2010;11:16:00;307;sem vítima;164,9;BR-116/RJ;Pista Sul;Abalroamento longitudinal;1;2;0;0;0;0;1
01/03/2010;06:42:00;122;sem vítima;165,2;BR-116/RJ;Pista Norte;Colisão traseira;1;2;0;0;0;0;1
01/03/2010;14:34:00;424;com vítima;171,99;BR-116/RJ;Pista Sul;Choque em barreira New Jersey;1;1;1;0;0;0;1
01/03/2010;05:17:00;78;com vítima;180,8;BR-116/RJ;Pista Norte;Outros;1;2;1;0;0;0;1
01/03/2010;09:44:00;250;com vítima;182,8;BR-116/RJ;Pista Norte;Colisão traseira;2;1;0;1;0;0;2
01/03/2010;18:11:00;553;sem vítima;193,05;BR-116/RJ;Pista Sul;Abalroamento longitudinal;1;5;0;0;0;0;1
01/03/2010;13:38:00;387;sem vítima;196;BR-116/RJ;Pista Sul;Tombamento;1;1;0;0;0;0;1
01/03/2010;13:49:00;390;com vítima;200,05;BR-116/SP;Pista Norte;Colisão traseira;1;1;0;0;0;1;3
01/03/2010;05:33:00;82;sem vítima;216;BR-116/SP;Pista Sul;Colisão traseira;1;33;0;0;0;0;1
01/03/2010;06:24:00;111;sem vítima;223,4;BR-116/RJ;Pista Norte;Abalroamento longitudinal;1;2;0;0;0;0;1
01/03/2010;19:14:00;596;sem vítima;225,8;BR-116/RJ;Pista Norte;Choque em objeto fixo;1;1;0;0;0;0;1
01/03/2010;13:26:00;383;com vítima;228;BR-116/SP;Pista Sul;Choque em defensa;1;0;1;0;0;0;1
01/03/2010;19:32:00;606;sem vítima;261,8;BR-116/RJ;Pista Sul;Choque em veículo parado na pista;1;2;0;0;0;0;1
01/03/2010;23:20:00;705;sem vítima;317,1;BR-116/RJ;Pista Sul;Choque em objeto na pista;3;3;0;0;0;0;1
02/03/2010;23:08:00;714;com vítima;94,7;BR-116/SP;Pista Norte;Engavetamento;2;2;0;1;0;0;2
02/03/2010;17:53:00;545;sem vítima;143,2;BR-116/SP;Pista Sul;Colisão traseira;1;4;0;0;0;0;1
02/03/2010;09:37:00;255;sem vítima;167,6;BR-116/RJ;Pista Norte;Choque em barreira New Jersey;1;2;0;0;0;0;1
02/03/2010;12:26:00;346;sem vítima;207;BR-116/RJ;Pista Norte;Colisão traseira;1;2;0;0;0;0;1
02/03/2010;15:00:00;430;com vítima;222,5;BR-116/SP;Pista Norte;Colisão traseira;1;1;2;0;0;0;1
02/03/2010;16:26:00;496;com vítima;224,9;BR-116/SP;Pista Norte;Engavetamento;1;2;1;0;0;0;1
03/03/2010;14:53:00;467;com vítima;96,25;BR-116/SP;Pista Norte;Colisão traseira;2;1;1;0;0;0;1
03/03/2010;06:59:00;110;sem vítima;143;BR-116/SP;Pista Norte;Colisão traseira;1;2;0;0;0;0;1
03/03/2010;15:04:00;477;sem vítima;152;BR-116/SP;Pista Sul;Colisão traseira;1;2;0;0;0;0;1
03/03/2010;16:29:00;528;sem vítima;165;BR-116/SP;Pista Norte;Colisão traseira;1;2;0;0;0;0;1
03/03/2010;18:15:00;611;sem vítima;175;BR-116/RJ;Pista Norte;Colisão traseira;1;3;0;0;0;0;1
03/03/2010;20:13:00;701;sem vítima;175,3;BR-116/RJ;Pista Sul;Colisão traseira;1;3;0;0;0;0;1
03/03/2010;16:09:00;515;com vítima;196,2;BR-116/SP;Pista Sul;Choque em veículo parado na pista;2;1;0;2;0;0;2
03/03/2010;06:28:00;99;sem vítima;207;BR-116/RJ;Pista Norte;Choque em objeto fixo;1;1;0;0;0;0;1
03/03/2010;10:02:00;286;sem vítima;209;BR-116/SP;Pista Sul;Abalroamento longitudinal;2;2;0;0;0;0;1
03/03/2010;18:36:00;624;com vítima;223,4;BR-116/SP;Pista Norte;Colisão traseira;1;1;2;0;0;0;1
03/03/2010;03:48:00;55;sem vítima;224,7;BR-116/RJ;Pista Norte;Colisão traseira;1;12;0;0;0;0;1
03/03/2010;20:59:00;724;sem vítima;227;BR-116/SP;Pista Norte;Abalroamento longitudinal;1;2;0;0;0;0;1
03/03/2010;09:22:00;257;com vítima;272,65;BR-116/RJ;Pista Sul;Tombamento;1;2;2;1;0;0;2
04/03/2010;01:42:00;43;com vítima;53,55;BR-116/SP;Pista Sul;Queda de Ponte/Viaduto;1;0;0;1;0;0;2
04/03/2010;02:19:00;53;sem vítima;82,3;BR-116/SP;Pista Norte;Colisão traseira;1;5;0;0;0;0;1
04/03/2010;08:11:00;246;sem vítima;165,9;BR-116/RJ;Pista Norte;Colisão traseira;1;3;0;0;0;0;1
04/03/2010;16:20:00;598;sem vítima;183;BR-116/SP;Pista Norte;Choque em objeto fixo;1;2;0;0;0;0;1
04/03/2010;18:03:00;662;sem vítima;196;BR-116/RJ;Pista Norte;Choque em barreira New Jersey;1;1;0;0;0;0;1
04/03/2010;19:19:00;716;com vítima;213,8;BR-116/SP;Pista Sul;Atropelamento de pedestre caminhando;2;2;0;0;0;1;3
04/03/2010;04:19:00;96;sem vítima;224,5;BR-116/RJ;Pista Sul;Tombamento;1;1;0;0;0;0;1
04/03/2010;20:24:00;764;sem vítima;303,9;BR-116/RJ;Pista Sul;Abalroamento longitudinal;1;3;0;0;0;0;1
05/03/2010;01:38:00;49;sem vítima;39,3;BR-116/SP;Pista Norte;Colisão traseira;1;2;0;0;0;0;1
05/03/2010;13:11:00;421;sem vítima;53,2;BR-116/SP;Pista Sul;Colisão traseira;1;2;0;0;0;0;1
05/03/2010;18:28:00;627;sem vítima;166,2;BR-116/RJ;Pista Sul;Colisão traseira;1;4;0;0;0;0;1
05/03/2010;19:02:00;661;sem vítima;170,9;BR-116/RJ;Pista Sul;Colisão traseira;1;26;0;0;0;0;1
05/03/2010;21:31:00;749;sem vítima;177;BR-116/RJ;Pista Sul;Abalroamento longitudinal;1;101;0;0;0;0;1
05/03/2010;10:10:00;300;sem vítima;181,5;BR-116/RJ;Pista Norte;Abalroamento longitudinal;1;6;0;0;0;0;1
05/03/2010;16:18:00;542;sem vítima;183,4;BR-116/SP;Pista Sul;Abalroamento longitudinal;2;3;0;0;0;0;1
05/03/2010;14:59:00;491;com vítima;210,7;BR-116/SP;Pista Norte;Colisão traseira;2;3;1;0;0;0;1
05/03/2010;17:31:00;596;sem vítima;220,8;BR-116/RJ;Pista Norte;Choque em objeto fixo;1;1;0;0;0;0;1
05/03/2010;21:55:00;763;sem vítima;223,3;BR-116/RJ;Pista Norte;Choque em barreira New Jersey;1;1;0;0;0;0;1
05/03/2010;13:11:00;422;sem vítima;255,9;BR-116/RJ;Pista Sul;Colisão traseira;1;2;0;0;0;0;1
06/03/2010;17:19:00;455;sem vítima;124,8;BR-116/SP;Pista Norte;Abalroamento longitudinal;1;26;0;0;0;0;1
06/03/2010;09:24:00;195;sem vítima;168;BR-116/SP;Pista Sul;Colisão traseira;1;4;0;0;0;0;1
06/03/2010;10:45:00;239;sem vítima;174,9;BR-116/RJ;Pista Norte;Colisão traseira;1;2;0;0;0;0;1
06/03/2010;16:40:00;432;sem vítima;198,8;BR-116/SP;Pista Norte;Colisão traseira;2;2;0;0;0;0;1
06/03/2010;12:41:00;310;sem vítima;212;BR-116/SP;Pista Norte;Choque em objeto fixo;1;1;0;0;0;0;1
06/03/2010;19:39:00;535;sem vítima;220;BR-116/SP;Pista Norte;Abalroamento longitudinal;1;2;0;0;0;0;1
06/03/2010;10:13:00;221;sem vítima;225;BR-116/RJ;Pista Norte;Choque em barreira New Jersey;1;1;0;0;0;0;1
06/03/2010;16:49:00;439;sem vítima;235,8;BR-116/RJ;Pista Sul;Engavetamento;2;3;0;0;0;0;1
06/03/2010;08:18:00;159;com vítima;239,95;BR-116/RJ;Pista Norte;Choque em barreira New Jersey;1;0;1;0;0;0;1
06/03/2010;03:44:00;55;sem vítima;320,2;BR-116/RJ;Pista Sul;Colisão traseira;2;2;0;0;0;0;1
07/03/2010;09:24:00;174;com vítima;164,5;BR-116/RJ;Pista Sul;Colisão traseira;1;1;1;0;0;0;1
07/03/2010;17:53:00;449;sem vítima;165;BR-116/SP;Pista Norte;Colisão traseira;1;3;0;0;0;0;1
07/03/2010;10:28:00;205;com vítima;204;BR-116/SP;Pista Sul;Colisão traseira;1;1;0;2;0;0;2
08/03/2010;23:06:00;809;sem vítima;75,55;BR-116/SP;Pista Sul;Abalroamento longitudinal;1;2;0;0;0;0;1
08/03/2010;23:04:00;808;com vítima;149;BR-116/SP;Pista Sul;Colisão traseira;2;1;2;0;0;0;1
08/03/2010;07:10:00;162;sem vítima;165,3;BR-116/RJ;Pista Norte;Abalroamento transversal;1;63;0;0;0;0;1
08/03/2010;12:23:00;391;sem vítima;173,6;BR-116/RJ;Pista Norte;Abalroamento longitudinal;1;3;0;0;0;0;1
08/03/2010;17:44:00;586;sem vítima;174,6;BR-116/RJ;Pista Sul;Abalroamento longitudinal;1;2;0;0;0;0;1
08/03/2010;12:07:00;380;sem vítima;175;BR-116/RJ;Pista Norte;Engavetamento;1;4;0;0;0;0;1
08/03/2010;21:15:00;757;sem vítima;202,7;BR-116/SP;Pista Norte;Abalroamento longitudinal;2;2;0;0;0;0;1
08/03/2010;02:20:00;59;sem vítima;207;BR-116/RJ;Pista Norte;Choque em objeto fixo;1;2;0;0;0;0;1
08/03/2010;16:01:00;509;sem vítima;219;BR-116/SP;Pista Sul;Colisão traseira;1;2;0;0;0;0;1
08/03/2010;05:20:00;97;com vítima;227;BR-116/SP;Pista Norte;Colisão traseira;2;1;1;0;0;0;1
08/03/2010;11:33:00;357;sem vítima;229;BR-116/SP;Pista Sul;Colisão traseira;1;2;0;0;0;0;1
09/03/2010;02:36:00;58;sem vítima;4,9;BR-116/SP;Pista Norte;Choque em veículo parado na pista;2;2;0;0;0;0;1
09/03/2010;05:34:00;98;com vítima;56,2;BR-116/SP;Pista Norte;Queda de moto;1;1;1;0;0;0;1
09/03/2010;21:24:00;773;sem vítima;99,3;BR-116/SP;Pista Norte;Colisão traseira;1;2;0;0;0;0;1
09/03/2010;07:36:00;176;sem vítima;163,6;BR-116/RJ;Pista Sul;Abalroamento longitudinal;1;2;0;0;0;0;1
09/03/2010;10:17:00;316;sem vítima;164;BR-116/RJ;Pista Sul;Colisão traseira;1;2;0;0;0;0;1
09/03/2010;10:28:00;327;sem vítima;191,2;BR-116/RJ;Pista Norte;Abalroamento longitudinal;1;3;0;0;0;0;1
09/03/2010;06:20:00;122;sem vítima;199,1;BR-116/SP;Pista Norte;Choque em objeto fixo;1;1;0;0;0;0;1
09/03/2010;07:03:00;146;com vítima;222,6;BR-116/SP;Pista Norte;Colisão traseira;1;1;1;0;0;0;1
09/03/2010;07:36:00;177;com vítima;222,6;BR-116/SP;Pista Norte;Choque em veículo parado na pista;1;1;1;0;0;0;1
09/03/2010;03:38:00;71;sem vítima;223,3;BR-116/RJ;Pista Norte;Choque em objeto fixo;1;1;0;0;0;0;1
09/03/2010;07:38:00;178;sem vítima;224;BR-116/SP;Pista Norte;Abalroamento transversal;1;2;0;0;0;0;1
09/03/2010;00:14:00;9;sem vítima;225,9;BR-116/RJ;Pista Norte;Outros;1;1;0;0;0;0;1
09/03/2010;00:18:00;12;sem vítima;225,9;BR-116/RJ;Pista Norte;Outros;1;1;0;0;0;0;1
09/03/2010;06:48:00;131;sem vítima;268;BR-116/RJ;Pista Norte;Colisão traseira;1;2;0;0;0;0;1
09/03/2010;04:46:00;83;com vítima;268,55;BR-116/RJ;Pista Norte;Colisão traseira;2;1;0;1;0;0;2
09/03/2010;18:38:00;670;sem vítima;269,2;BR-116/RJ;Pista Sul;Choque em objeto fixo;1;1;0;0;0;0;1
10/03/2010;09:11:00;230;sem vítima;101,6;BR-116/SP;Pista Sul;Colisão traseira;1;2;0;0;0;0;1
10/03/2010;07:32:00;137;sem vítima;165,2;BR-116/RJ;Pista Norte;Engavetamento;2;6;0;0;0;0;1
10/03/2010;16:20:00;503;sem vítima;181;BR-116/SP;Pista Sul;Engavetamento;2;3;0;0;0;0;1
10/03/2010;12:16:00;352;com vítima;182;BR-116/SP;Pista Norte;Atropelamento de pedestre atravessando;1;1;0;1;0;0;2
10/03/2010;04:24:00;62;com vítima;183,5;BR-116/RJ;Pista Norte;Abalroamento longitudinal;1;1;1;0;0;0;1
10/03/2010;10:40:00;297;com vítima;184,3;BR-116/RJ;Pista Norte;Choque em veículo parado na pista;2;2;1;0;0;0;1
10/03/2010;00:46:00;12;sem vítima;189;BR-116/SP;Pista Norte;Choque em objeto na pista;1;1;0;0;0;0;1
10/03/2010;14:04:00;421;sem vítima;198,5;BR-116/RJ;Pista Sul;Outros;1;1;0;0;0;0;1
10/03/2010;08:30:00;193;sem vítima;204;BR-116/SP;Pista Norte;Colisão traseira;1;4;0;0;0;0;1
10/03/2010;14:43:00;448;com vítima;214,7;BR-116/SP;Pista Sul;Choque em veículo parado na pista;1;2;0;1;0;0;2
10/03/2010;11:27:00;323;sem vítima;215,8;BR-116/SP;Pista Sul;Abalroamento longitudinal;1;2;0;0;0;0;1
10/03/2010;06:07:00;86;sem vítima;219;BR-116/SP;Pista Sul;Colisão traseira;1;2;0;0;0;0;1
10/03/2010;13:04:00;386;sem vítima;224;BR-116/SP;Pista Sul;Abalroamento longitudinal;1;2;0;0;0;0;1
10/03/2010;06:11:00;89;sem vítima;232,7;BR-116/RJ;Pista Sul;Choque em objeto fixo;1;1;0;0;0;0;1
10/03/2010;19:15:00;639;sem vítima;239,9;BR-116/RJ;Pista Norte;Outros;1;1;0;0;0;0;1
10/03/2010;11:49:00;339;sem vítima;304,7;BR-116/RJ;Pista Sul;Abalroamento longitudinal;1;2;0;0;0;0;1
10/03/2010;01:01:00;19;sem vítima;318,9;BR-116/RJ;Pista Sul;Colisão traseira;2;2;0;0;0;0;1
10/03/2010;03:50:00;56;com vítima;321,45;BR-116/RJ;Pista Sul;Queda de ribanceira;1;0;1;0;0;0;1
11/03/2010;03:40:00;56;sem vítima;164,4;BR-116/RJ;Pista Norte;Atropelamento de animal;1;3;0;0;0;0;1
11/03/2010;06:04:00;108;sem vítima;195,95;BR-116/RJ;Pista Norte;Choque em barreira New Jersey;1;1;0;0;0;0;1
11/03/2010;16:10:00;502;sem vítima;208,8;BR-116/RJ;Pista Norte;Colisão traseira;1;3;0;0;0;0;1
11/03/2010;07:18:00;141;com vítima;219,3;BR-116/RJ;Pista Norte;Tombamento;1;0;1;0;0;0;1
11/03/2010;11:59:00;348;com vítima;222,5;BR-116/RJ;Pista Norte;Choque Talude;1;1;0;1;0;0;2
11/03/2010;19:11:00;627;sem vítima;229,3;BR-116/SP;Pista Sul;Abalroamento longitudinal;1;2;0;0;0;0;1
11/03/2010;05:52:00;104;com vítima;230,1;BR-116/RJ;Pista Norte;Choque em barreira New Jersey;1;0;1;0;0;0;1
12/03/2010;22:10:00;891;com vítima;27,3;BR-116/SP;Pista Norte;Colisão traseira;2;1;1;0;0;0;1
12/03/2010;07:50:00;204;sem vítima;142;BR-116/SP;Pista Sul;Engavetamento;1;3;0;0;0;0;1
12/03/2010;04:30:00;91;com vítima;143;BR-116/SP;Pista Norte;Abalroamento longitudinal;2;1;0;1;0;0;2
12/03/2010;08:37:00;245;sem vítima;170;BR-116/RJ;Pista Sul;Abalroamento longitudinal;1;3;0;0;0;0;1
12/03/2010;18:58:00;711;sem vítima;179;BR-116/SP;Pista Sul;Choque em barreira New Jersey;1;1;0;0;0;0;1
12/03/2010;13:27:00;468;com vítima;180;BR-116/RJ;Pista Sul;Colisão traseira;1;1;1;0;0;0;1
12/03/2010;03:08:00;69;com vítima;200,4;BR-116/SP;Pista Sul;Colisão traseira;1;1;0;1;0;0;2
12/03/2010;14:11:00;489;com vítima;221;BR-116/RJ;Pista Sul;Choque em veículo parado na pista;1;1;1;0;0;0;1
12/03/2010;22:24:00;896;sem vítima;224,1;BR-116/RJ;Pista Sul;Colisão traseira;1;5;0;0;0;0;1
12/03/2010;18:03:00;665;com vítima;230;BR-116/SP;Pista Sul;Colisão traseira;2;1;1;0;0;0;1
12/03/2010;04:26:00;90;sem vítima;292,85;BR-116/RJ;Pista Sul;Colisão traseira;2;2;0;0;0;0;1
12/03/2010;05:46:00;116;sem vítima;299;BR-116/RJ;Pista Sul;Choque em objeto fixo;1;1;0;0;0;0;1
13/03/2010;09:55:00;294;sem vítima;64;BR-116/SP;Pista Sul;Engavetamento;3;4;0;0;0;0;1
13/03/2010;04:45:00;109;com vítima;65,6;BR-116/SP;Pista Sul;Colisão traseira;1;1;1;0;0;0;1
13/03/2010;08:17:00;226;com vítima;179,1;BR-116/SP;Pista Sul;Atropelamento de pedestre atravessando;1;1;0;0;1;0;2
13/03/2010;11:18:00;349;sem vítima;187,5;BR-116/RJ;Pista Sul;Colisão traseira;1;2;0;0;0;0;1
13/03/2010;10:02:00;297;com vítima;189,3;BR-116/SP;Pista Norte;Choque em objeto fixo;1;0;1;0;0;0;1
13/03/2010;21:27:00;774;sem vítima;194;BR-116/RJ;Pista Sul;Colisão traseira;1;2;0;0;0;0;1
13/03/2010;19:02:00;699;sem vítima;256,5;BR-116/RJ;Pista Norte;Colisão traseira;1;5;0;0;0;0;1
13/03/2010;18:24:00;665;com vítima;277,1;BR-116/RJ;Pista Sul;Colisão traseira;1;2;2;0;0;0;1
13/03/2010;10:55:00;332;sem vítima;293;BR-116/RJ;Pista Norte;Colisão traseira;2;2;0;0;0;0;1
14/03/2010;21:58:00;710;com vítima;32,9;BR-116/SP;Pista Sul;Choque em barreira New Jersey;3;8;2;0;0;0;1
14/03/2010;03:02:00;55;com vítima;49,9;BR-116/SP;Pista Sul;Atropelamento de animal;2;2;1;0;0;0;1
14/03/2010;09:41:00;218;sem vítima;108;BR-116/SP;Pista Sul;Colisão traseira;1;5;0;0;0;0;1
14/03/2010;19:07:00;607;com vítima;178;BR-116/RJ;Pista Norte;Engavetamento;1;5;2;0;0;0;1
14/03/2010;18:18:00;572;sem vítima;224,3;BR-116/RJ;Pista Norte;Outros;1;1;0;0;0;0;1
14/03/2010;12:54:00;327;sem vítima;227,2;BR-116/RJ;Pista Norte;Choque em barreira New Jersey;1;1;0;0;0;0;1
14/03/2010;19:15:00;613;com vítima;232,14;BR-116/RJ;Pista Norte;Colisão traseira;1;1;1;0;0;0;1
15/03/2010;14:53:00;476;sem vítima;39,65;BR-116/SP;Pista Sul;Choque em objeto fixo;1;1;0;0;0;0;1
15/03/2010;03:37:00;74;com vítima;59,01;BR-116/SP;Pista Sul;Colisão traseira;1;5;13;0;2;0;2
15/03/2010;08:41:00;216;sem vítima;157;BR-116/SP;Pista Norte;Abalroamento longitudinal;1;3;0;0;0;0;1
15/03/2010;18:51:00;643;com vítima;192,6;BR-116/RJ;Pista Sul;Colisão traseira;1;1;2;0;0;0;1
15/03/2010;08:30:00;207;sem vítima;213;BR-116/SP;Pista Sul;Colisão traseira;1;2;0;0;0;0;1
15/03/2010;03:46:00;78;com vítima;214,7;BR-116/RJ;Pista Sul;Colisão traseira;1;4;2;1;0;0;2
15/03/2010;06:29:00;135;com vítima;241,2;BR-116/RJ;Pista Norte;Engavetamento;3;2;0;0;1;0;2
16/03/2010;11:28:00;341;sem vítima;118,2;BR-116/SP;Pista Sul;Colisão traseira;1;2;0;0;0;0;1
16/03/2010;07:49:00;180;sem vítima;144,4;BR-116/SP;Pista Sul;Colisão traseira;2;3;0;0;0;0;1
16/03/2010;19:59:00;637;sem vítima;155;BR-116/SP;Pista Sul;Colisão traseira;2;3;0;0;0;0;1
16/03/2010;15:06:00;451;sem vítima;164;BR-116/RJ;Pista Sul;Engavetamento;1;3;0;0;0;0;1
16/03/2010;09:47:00;279;sem vítima;165;BR-116/SP;Pista Sul;Choque em objeto fixo;1;1;0;0;0;0;1
16/03/2010;18:50:00;583;sem vítima;169,8;BR-116/RJ;Pista Sul;Choque em barreira New Jersey;1;1;0;0;0;0;1
16/03/2010;09:46:00;277;sem vítima;171,8;BR-116/RJ;Pista Sul;Abalroamento longitudinal;2;2;0;0;0;0;1
16/03/2010;11:20:00;338;sem vítima;198,1;BR-116/SP;Pista Norte;Colisão traseira;2;2;0;0;0;0;1