data;horario;n_da_ocorrencia;tipo_de_ocorrencia;km;trecho;sentido;tipo_de_acidente;caminhao;ilesos;levemente_feridos;moderadamente_feridos;gravemente_feridos;mortos;3
16/03/2010;06:46:00;122;sem vítima;201,5;BR-116/SP;Pista Norte;Colisão traseira;2;2;0;0;0;0;1
16/03/2010;19:41:00;623;sem vítima;204;BR-116/SP;Pista Norte;Choque em objeto fixo;1;2;0;0;0;0;1
16/03/2010;11:06:00;330;sem vítima;207;BR-116/RJ;Pista Norte;Colisão traseira;2;2;0;0;0;0;1
16/03/2010;14:02:00;417;sem vítima;225,85;BR-116/RJ;Pista Sul;Outros;1;1;0;0;0;0;1
16/03/2010;11:50:00;350;com vítima;227;BR-116/SP;Pista Norte;Queda de moto;1;1;0;0;0;1;3
16/03/2010;23:05:00;722;com vítima;227;BR-116/SP;Pista Norte;Tombamento;1;2;1;0;0;0;1
16/03/2010;10:28:00;302;sem vítima;229;BR-116/SP;Pista Sul;Abalroamento longitudinal;1;2;0;0;0;0;1
16/03/2010;13:07:00;394;sem vítima;256;BR-116/RJ;Pista Sul;Choque em objeto na pista;1;3;0;0;0;0;1
16/03/2010;03:23:00;62;sem vítima;265,6;BR-116/RJ;Pista Norte;Choque em objeto fixo;1;1;0;0;0;0;1
16/03/2010;17:13:00;527;sem vítima;273,5;BR-116/RJ;Pista Sul;Outros;1;1;0;0;0;0;1
16/03/2010;22:01:00;695;sem vítima;318,7;BR-116/RJ;Pista Sul;Colisão traseira;2;2;0;0;0;0;1
17/03/2010;22:17:00;707;sem vítima;42,5;BR-116/SP;Pista Sul;Choque em barreira New Jersey;1;3;0;0;0;0;1
17/03/2010;20:19:00;649;sem vítima;87;BR-116/SP;Pista Sul;Abalroamento longitudinal;1;6;0;0;0;0;1
17/03/2010;10:15:00;307;sem vítima;108;BR-116/SP;Pista Sul;Choque em barreira New Jersey;1;1;0;0;0;0;1
18/03/2010;00:34:00;11;sem vítima;9,1;BR-116/SP;Pista Norte;Choque em objeto na pista;1;1;0;0;0;0;1
18/03/2010;10:48:00;331;sem vítima;116,4;BR-116/SP;Pista Sul;Abalroamento longitudinal;1;2;0;0;0;0;1
18/03/2010;03:23:00;51;sem vítima;140,3;BR-116/SP;Pista Norte;Choque em veículo parado na pista;2;2;0;0;0;0;1
18/03/2010;15:35:00;491;com vítima;163,1;BR-116/RJ;Pista Norte;Choque em veículo parado na pista;2;2;0;0;1;0;2
18/03/2010;05:20:00;86;sem vítima;167;BR-116/RJ;Pista Norte;Colisão traseira;1;2;0;0;0;0;1
18/03/2010;18:53:00;627;sem vítima;177,9;BR-116/RJ;Pista Sul;Abalroamento longitudinal;1;2;0;0;0;0;1
18/03/2010;14:10:00;442;sem vítima;219;BR-116/SP;Pista Sul;Engavetamento;1;9;0;0;0;0;1
19/03/2010;01:46:00;29;sem vítima;18,45;BR-116/SP;Pista Norte;Colisão traseira;2;2;0;0;0;0;1
19/03/2010;10:20:00;323;sem vítima;27,8;BR-116/SP;Pista Sul;Outros;1;1;0;0;0;0;1
19/03/2010;08:34:00;236;sem vítima;100,8;BR-116/SP;Pista Sul;Engavetamento;2;4;0;0;0;0;1
19/03/2010;17:06:00;583;sem vítima;175;BR-116/RJ;Pista Sul;Abalroamento longitudinal;1;2;0;0;0;0;1
19/03/2010;13:06:00;416;com vítima;180,2;BR-116/SP;Pista Sul;Colisão traseira;1;17;4;0;0;0;1
19/03/2010;05:52:00;109;sem vítima;185,7;BR-116/SP;Pista Sul;Colisão traseira;2;3;0;0;0;0;1
19/03/2010;23:32:00;875;sem vítima;204;BR-116/SP;Pista Norte;Abalroamento longitudinal;1;4;0;0;0;0;1
19/03/2010;13:56:00;459;com vítima;208;BR-116/RJ;Pista Sul;Colisão traseira;2;1;1;0;0;0;1
19/03/2010;14:48:00;489;sem vítima;211;BR-116/SP;Pista Norte;Colisão traseira;1;3;0;0;0;0;1
19/03/2010;16:26:00;552;com vítima;212;BR-116/SP;Pista Norte;Tombamento;1;2;0;1;0;0;2
19/03/2010;15:21:00;504;sem vítima;214,2;BR-116/SP;Pista Norte;Colisão traseira;2;3;0;0;0;0;1
19/03/2010;08:29:00;231;sem vítima;221;BR-116/SP;Pista Sul;Colisão traseira;2;10;0;0;0;0;1
19/03/2010;11:48:00;375;sem vítima;227;BR-116/SP;Pista Sul;Abalroamento longitudinal;1;2;0;0;0;0;1
19/03/2010;20:23:00;738;sem vítima;228;BR-116/SP;Pista Norte;Abalroamento longitudinal;1;3;0;0;0;0;1
19/03/2010;15:57:00;527;com vítima;333;BR-116/RJ;Pista Norte;Colisão traseira;1;1;1;0;0;0;1
20/03/2010;02:26:00;43;sem vítima;86,5;BR-116/SP;Pista Norte;Abalroamento longitudinal;1;3;0;0;0;0;1
20/03/2010;00:38:00;16;com vítima;134,65;BR-116/SP;Pista Norte;Choque em veículo parado na pista;2;3;4;0;0;0;1
20/03/2010;01:50:00;40;sem vítima;145,61;BR-116/SP;Pista Norte;Colisão traseira;1;4;0;0;0;0;1
20/03/2010;16:32:00;514;sem vítima;171,4;BR-116/RJ;Pista Norte;Colisão traseira;1;2;0;0;0;0;1
20/03/2010;07:42:00;180;sem vítima;178,5;BR-116/RJ;Pista Norte;Colisão traseira;1;3;0;0;0;0;1
20/03/2010;12:37:00;370;sem vítima;196,65;BR-116/RJ;Pista Sul;Choque em defensa;1;1;0;0;0;0;1
20/03/2010;12:30:00;367;com vítima;225;BR-116/SP;Pista Sul;Colisão traseira;1;2;1;0;0;0;1
20/03/2010;19:30:00;631;sem vítima;284,75;BR-116/RJ;Pista Norte;Choque em barreira New Jersey;1;1;0;0;0;0;1
21/03/2010;22:08:00;582;sem vítima;151,2;BR-116/SP;Pista Sul;Capotamento;1;8;0;0;0;0;1
21/03/2010;05:37:00;88;com vítima;175,7;BR-116/RJ;Pista Norte;Colisão frontal;1;2;1;0;0;0;1
21/03/2010;20:26:00;532;sem vítima;208,5;BR-116/RJ;Pista Norte;Colisão traseira;1;2;0;0;0;0;1
21/03/2010;19:13:00;486;sem vítima;214,2;BR-116/SP;Pista Sul;Choque em veículo parado na pista;1;7;0;0;0;0;1
21/03/2010;03:18:00;55;com vítima;300,7;BR-116/RJ;Pista Sul;Choque em veículo parado na pista;1;1;0;1;0;0;2
22/03/2010;22:20:00;719;sem vítima;29;BR-116/SP;Pista Norte;Colisão traseira;2;3;0;0;0;0;1
22/03/2010;22:45:00;731;sem vítima;34;BR-116/SP;Pista Sul;Colisão traseira;2;2;0;0;0;0;1
22/03/2010;09:37:00;264;sem vítima;100,9;BR-116/SP;Pista Norte;Abalroamento longitudinal;1;2;0;0;0;0;1
22/03/2010;08:16:00;188;com vítima;118;BR-116/SP;Pista Sul;Colisão traseira;1;1;1;0;0;0;1
22/03/2010;15:28:00;478;com vítima;181,3;BR-116/RJ;Pista Sul;Colisão traseira;1;1;0;1;0;0;2
22/03/2010;20:21:00;675;sem vítima;185;BR-116/RJ;Pista Sul;Abalroamento longitudinal;1;2;0;0;0;0;1
22/03/2010;06:17:00;101;com vítima;194,7;BR-116/RJ;Pista Norte;Choque em defensa;1;1;1;0;0;0;1
22/03/2010;17:05:00;547;sem vítima;225;BR-116/SP;Pista Sul;Abalroamento longitudinal;1;4;0;0;0;0;1
23/03/2010;16:48:00;552;sem vítima;144;BR-116/SP;Pista Norte;Colisão traseira;1;2;0;0;0;0;1
23/03/2010;16:52:00;555;com vítima;154;BR-116/SP;Pista Sul;Colisão traseira;2;2;1;0;0;0;1
23/03/2010;07:20:00;152;sem vítima;173,5;BR-116/RJ;Pista Norte;Choque em barreira New Jersey;1;1;0;0;0;0;1
23/03/2010;19:27:00;676;com vítima;179;BR-116/SP;Pista Sul;Choque em objeto fixo;1;0;1;0;0;0;1
23/03/2010;10:08:00;291;sem vítima;220;BR-116/SP;Pista Sul;Colisão traseira;1;2;0;0;0;0;1
23/03/2010;14:57:00;467;com vítima;223;BR-116/SP;Pista Norte;Abalroamento longitudinal;2;1;1;0;0;0;1
23/03/2010;06:50:00;132;com vítima;231;BR-116/SP;Pista Sul;Engavetamento;3;5;1;1;0;1;3
23/03/2010;08:34:00;221;sem vítima;263,5;BR-116/RJ;Pista Norte;Outros;1;1;0;0;0;0;1
23/03/2010;23:31:00;807;com vítima;332,85;BR-116/RJ;Pista Sul;Colisão traseira;2;1;2;0;0;0;1
24/03/2010;23:22:00;802;sem vítima;23,9;BR-116/SP;Pista Sul;Colisão traseira;2;2;0;0;0;0;1
24/03/2010;02:13:00;41;sem vítima;38,6;BR-116/SP;Pista Norte;Tombamento;1;2;0;0;0;0;1
24/03/2010;10:32:00;335;sem vítima;51,7;BR-116/SP;Pista Norte;Colisão traseira;2;2;0;0;0;0;1
24/03/2010;10:19:00;323;sem vítima;61;BR-116/SP;Pista Norte;Colisão traseira;1;7;0;0;0;0;1
24/03/2010;14:32:00;487;sem vítima;94;BR-116/SP;Pista Sul;Choque em barreira New Jersey;1;2;0;0;0;0;1
24/03/2010;23:48:00;811;sem vítima;96;BR-116/SP;Pista Norte;Choque em objeto na pista;1;3;0;0;0;0;1
24/03/2010;05:47:00;111;sem vítima;164;BR-116/SP;Pista Sul;Choque em objeto na pista;1;1;0;0;0;0;1
24/03/2010;20:17:00;719;com vítima;164,55;BR-116/RJ;Pista Norte;Atropelamento de pedestre atravessando;1;1;0;0;0;1;3
24/03/2010;06:45:00;140;sem vítima;165,9;BR-116/RJ;Pista Norte;Abalroamento longitudinal;1;3;0;0;0;0;1
24/03/2010;19:09:00;663;com vítima;165,9;BR-116/RJ;Pista Sul;Engavetamento;1;3;1;0;0;0;1
24/03/2010;18:26:00;631;sem vítima;169,9;BR-116/RJ;Pista Sul;Abalroamento longitudinal;1;2;0;0;0;0;1
24/03/2010;06:52:00;143;sem vítima;220,8;BR-116/SP;Pista Sul;Colisão traseira;1;2;0;0;0;0;1
24/03/2010;13:54:00;455;sem vítima;221,5;BR-116/SP;Pista Norte;Colisão traseira;1;2;0;0;0;0;1
24/03/2010;13:03:00;423;sem vítima;229;BR-116/SP;Pista Sul;Choque em veículo parado na pista;1;4;0;0;0;0;1
24/03/2010;01:30:00;29;sem vítima;289,7;BR-116/RJ;Pista Norte;Abalroamento longitudinal;2;2;0;0;0;0;1
24/03/2010;06:29:00;130;sem vítima;300,59;BR-116/RJ;Pista Sul;Choque em defensa;1;1;0;0;0;0;1
24/03/2010;01:57:00;33;sem vítima;328,19;BR-116/RJ;Pista Sul;Choque em defensa;1;1;0;0;0;0;1
25/03/2010;05:49:00;122;sem vítima;8,5;BR-116/SP;Pista Norte;Choque em objeto na pista;1;1;0;0;0;0;1
25/03/2010;05:45:00;118;com vítima;101,7;BR-116/SP;Pista Norte;Choque em veículo parado na pista;2;1;0;0;1;0;2
25/03/2010;04:36:00;93;sem vítima;107;BR-116/SP;Pista Norte;Atropelamento de animal;1;1;0;0;0;0;1
25/03/2010;08:27:00;232;com vítima;108,35;BR-116/SP;Pista Sul;Engavetamento;1;2;1;0;0;0;1
25/03/2010;22:19:00;739;sem vítima;136;BR-116/SP;Pista Sul;Abalroamento longitudinal;1;4;0;0;0;0;1
25/03/2010;08:23:00;224;sem vítima;158,1;BR-116/SP;Pista Norte;Engavetamento;1;4;0;0;0;0;1
25/03/2010;05:48:00;120;sem vítima;168,4;BR-116/RJ;Pista Norte;Engavetamento;1;3;0;0;0;0;1
25/03/2010;21:27:00;722;com vítima;181,68;BR-116/RJ;Pista Norte;Choque em barreira New Jersey;1;1;1;0;0;0;1
25/03/2010;16:20:00;521;sem vítima;199;BR-116/RJ;Pista Sul;Abalroamento longitudinal;1;2;0;0;0;0;1
25/03/2010;17:42:00;577;sem vítima;202,5;BR-116/SP;Pista Norte;Engavetamento;1;26;0;0;0;0;1
25/03/2010;06:29:00;140;sem vítima;210,45;BR-116/SP;Pista Norte;Colisão traseira;1;2;0;0;0;0;1
25/03/2010;06:59:00;158;sem vítima;224,6;BR-116/RJ;Pista Norte;Choque em objeto fixo;1;1;0;0;0;0;1
26/03/2010;21:30:00;750;sem vítima;5,9;BR-116/SP;Pista Sul;Colisão traseira;1;2;0;0;0;0;1
26/03/2010;21:48:00;760;com vítima;56,3;BR-116/SP;Pista Norte;Colisão traseira;2;1;1;0;0;0;1
26/03/2010;00:08:00;8;sem vítima;91;BR-116/SP;Pista Norte;Choque em veículo parado na pista;2;2;0;0;0;0;1
26/03/2010;01:35:00;30;com vítima;92,2;BR-116/SP;Pista Norte;Engavetamento;3;12;1;1;0;0;2
26/03/2010;21:56:00;771;sem vítima;122,3;BR-116/SP;Pista Norte;Choque em veículo parado na pista;2;2;0;0;0;0;1
26/03/2010;21:48:00;762;com vítima;163;BR-116/RJ;Pista Norte;Abalroamento longitudinal;1;1;1;1;0;0;2
26/03/2010;10:21:00;295;sem vítima;166;BR-116/RJ;Pista Sul;Choque em objeto fixo;1;1;0;0;0;0;1
26/03/2010;03:03:00;45;com vítima;223,43;BR-116/RJ;Pista Norte;Choque em objeto fixo;1;0;1;0;0;0;1
26/03/2010;13:20:00;415;sem vítima;263;BR-116/RJ;Pista Sul;Outros;1;1;0;0;0;0;1
27/03/2010;17:27:00;547;sem vítima;21,5;BR-116/SP;Pista Sul;Choque em barreira New Jersey;1;2;0;0;0;0;1
27/03/2010;05:02:00;96;sem vítima;145;BR-116/SP;Pista Sul;Abalroamento transversal;1;2;0;0;0;0;1
27/03/2010;17:41:00;559;com vítima;159,6;BR-116/SP;Pista Norte;Colisão traseira;1;3;1;0;0;0;1
27/03/2010;16:07:00;498;sem vítima;173,1;BR-116/RJ;Pista Sul;Abalroamento longitudinal;1;3;0;0;0;0;1
27/03/2010;12:16:00;347;sem vítima;182;BR-116/SP;Pista Norte;Colisão traseira;2;2;0;0;0;0;1
27/03/2010;06:11:00;115;sem vítima;183;BR-116/SP;Pista Norte;Colisão traseira;2;2;0;0;0;0;1
27/03/2010;00:04:00;3;com vítima;226;BR-116/SP;Pista Sul;Atropelamento de pedestre atravessando;2;1;1;0;0;0;1
27/03/2010;11:22:00;309;sem vítima;274,2;BR-116/RJ;Pista Norte;Abalroamento longitudinal;1;2;0;0;0;0;1
27/03/2010;17:19:00;539;com vítima;307,18;BR-116/RJ;Pista Norte;Atropelamento de pedestre atravessando;1;1;0;0;1;0;2
28/03/2010;01:31:00;30;com vítima;18,7;BR-116/SP;Pista Sul;Tombamento;1;1;3;2;0;0;2
28/03/2010;19:33:00;570;com vítima;49,5;BR-116/SP;Pista Norte;Engavetamento;1;5;3;0;0;0;1
28/03/2010;21:37:00;636;sem vítima;51,4;BR-116/SP;Pista Norte;Colisão traseira;1;2;0;0;0;0;1
28/03/2010;11:52:00;300;sem vítima;165;BR-116/SP;Pista Norte;Colisão traseira;1;4;0;0;0;0;1
28/03/2010;05:37:00;104;com vítima;182,85;BR-116/RJ;Pista Sul;Colisão traseira;1;1;1;1;0;1;3
28/03/2010;18:57:00;548;com vítima;197;BR-116/SP;Pista Sul;Engavetamento;1;4;2;0;0;0;1
28/03/2010;12:41:00;326;sem vítima;222,5;BR-116/RJ;Pista Norte;Choque em objeto fixo;1;1;0;0;0;0;1
29/03/2010;15:28:00;480;com vítima;149;BR-116/SP;Pista Sul;Engavetamento;1;6;1;0;0;0;1
29/03/2010;14:02:00;419;com vítima;160;BR-116/SP;Pista Sul;Colisão traseira;1;1;2;0;0;0;1
29/03/2010;05:30:00;95;com vítima;166,6;BR-116/RJ;Pista Norte;Queda de moto;1;2;1;0;0;0;1
29/03/2010;05:18:00;88;sem vítima;170,3;BR-116/RJ;Pista Sul;Choque em barreira New Jersey;1;2;0;0;0;0;1
29/03/2010;13:58:00;420;sem vítima;182;BR-116/SP;Pista Norte;Engavetamento;2;3;0;0;0;0;1
29/03/2010;13:52:00;413;sem vítima;230;BR-116/SP;Pista Sul;Abalroamento longitudinal;1;3;0;0;0;0;1
29/03/2010;19:55:00;677;sem vítima;235,6;BR-116/RJ;Pista Sul;Capotamento;1;1;0;0;0;0;1
30/03/2010;22:18:00;716;sem vítima;83;BR-116/SP;Pista Norte;Choque em objeto na pista;1;2;0;0;0;0;1
30/03/2010;07:38:00;159;com vítima;118;BR-116/SP;Pista Norte;Colisão traseira;1;1;1;0;0;0;1
30/03/2010;15:58:00;496;sem vítima;186;BR-116/SP;Pista Sul;Abalroamento longitudinal;1;3;0;0;0;0;1
30/03/2010;05:15:00;85;com vítima;190,2;BR-116/RJ;Pista Norte;Colisão traseira;2;1;1;0;0;0;1
30/03/2010;23:14:00;737;sem vítima;197,3;BR-116/SP;Pista Norte;Abalroamento longitudinal;1;2;0;0;0;0;1
30/03/2010;16:52:00;526;sem vítima;200;BR-116/RJ;Pista Norte;Colisão traseira;2;3;0;0;0;0;1
30/03/2010;15:50:00;492;sem vítima;202,5;BR-116/SP;Pista Sul;Tombamento;1;1;0;0;0;0;1
30/03/2010;12:29:00;377;sem vítima;219;BR-116/SP;Pista Norte;Abalroamento longitudinal;1;2;0;0;0;0;1
30/03/2010;12:44:00;385;sem vítima;318;BR-116/RJ;Pista Sul;Outros;1;1;0;0;0;0;1
30/03/2010;22:06:00;712;sem vítima;323,7;BR-116/RJ;Pista Norte;Colisão traseira;2;2;0;0;0;0;1
31/03/2010;03:49:00;53;sem vítima;18,4;BR-116/SP;Pista Norte;Colisão traseira;2;2;0;0;0;0;1
31/03/2010;00:16:00;6;sem vítima;35;BR-116/SP;Pista Sul;Colisão traseira;3;3;0;0;0;0;1
31/03/2010;03:25:00;46;sem vítima;46,95;BR-116/SP;Pista Sul;Colisão traseira;2;2;0;0;0;0;1
31/03/2010;21:48:00;755;sem vítima;93,15;BR-116/SP;Pista Norte;Colisão traseira;2;2;0;0;0;0;1
31/03/2010;10:18:00;312;sem vítima;157;BR-116/SP;Pista Norte;Abalroamento longitudinal;1;4;0;0;0;0;1
31/03/2010;21:36:00;749;sem vítima;170;BR-116/RJ;Pista Sul;Colisão traseira;1;2;0;0;0;0;1
31/03/2010;20:36:00;708;com vítima;172,1;BR-116/SP;Pista Sul;Choque em objeto fixo;1;1;0;0;0;3;3
31/03/2010;15:43:00;509;sem vítima;172,7;BR-116/RJ;Pista Sul;Colisão traseira;1;2;0;0;0;0;1
31/03/2010;19:38:00;663;sem vítima;172,85;BR-116/RJ;Pista Sul;Abalroamento longitudinal;1;2;0;0;0;0;1
31/03/2010;07:17:00;150;sem vítima;182;BR-116/SP;Pista Norte;Colisão traseira;2;2;0;0;0;0;1
31/03/2010;14:09:00;447;sem vítima;211,6;BR-116/RJ;Pista Sul;Colisão traseira;1;2;0;0;0;0;1
31/03/2010;19:58:00;674;sem vítima;221;BR-116/SP;Pista Norte;Colisão traseira;1;5;0;0;0;0;1
31/03/2010;08:29:00;217;sem vítima;224;BR-116/RJ;Pista Norte;Choque Talude;1;1;0;0;0;0;1
31/03/2010;11:36:00;359;com vítima;226,8;BR-116/SP;Pista Sul;Colisão traseira;1;1;1;0;0;0;1
31/03/2010;07:31:00;163;com vítima;229,7;BR-116/SP;Pista Sul;Engavetamento;2;4;1;0;0;0;1
31/03/2010;03:34:00;50;sem vítima;273,7;BR-116/RJ;Pista Norte;Atropelamento de animal;1;1;0;0;0;0;1
31/03/2010;16:41:00;536;com vítima;274,7;BR-116/RJ;Pista Sul;Abalroamento longitudinal;1;3;1;0;0;0;1
01/04/2010;05:10:00;100;sem vítima;125,6;BR-116/SP;Pista Norte;Choque em objeto na pista;1;3;0;0;0;0;1
01/04/2010;10:47:00;382;sem vítima;165;BR-116/RJ;Pista Norte;Abalroamento longitudinal;1;2;0;0;0;0;1
01/04/2010;05:53:00;127;sem vítima;165;BR-116/SP;Pista Sul;Colisão traseira;2;2;0;0;0;0;1
01/04/2010;05:25:00;111;sem vítima;168,8;BR-116/RJ;Pista Norte;Abalroamento longitudinal;1;2;0;0;0;0;1
01/04/2010;11:24:00;423;sem vítima;172,3;BR-116/SP;Pista Sul;Abalroamento longitudinal;1;3;0;0;0;0;1
01/04/2010;21:24:00;897;sem vítima;182;BR-116/SP;Pista Norte;Colisão traseira;1;3;0;0;0;0;1
01/04/2010;15:20:00;578;sem vítima;183;BR-116/SP;Pista Norte;Colisão traseira;1;2;0;0;0;0;1
01/04/2010;17:20:00;682;sem vítima;208;BR-116/RJ;Pista Sul;Colisão traseira;1;2;0;0;0;0;1
01/04/2010;20:40:00;855;com vítima;222;BR-116/SP;Pista Norte;Abalroamento longitudinal;1;1;1;0;0;0;1
01/04/2010;08:38:00;267;sem vítima;230;BR-116/SP;Pista Sul;Colisão traseira;1;2;0;0;0;0;1
01/04/2010;18:44:00;748;com vítima;265,28;BR-116/RJ;Pista Sul;Colisão traseira;1;1;1;0;0;0;1
01/04/2010;00:20:00;10;sem vítima;265,4;BR-116/RJ;Pista Norte;Abalroamento longitudinal;2;2;0;0;0;0;1
02/04/2010;05:34:00;124;com vítima;39,4;BR-116/SP;Pista Norte;Colisão traseira;2;2;1;0;0;0;1
02/04/2010;03:00:00;77;com vítima;87;BR-116/SP;Pista Sul;Colisão traseira;1;36;1;0;0;0;1
02/04/2010;16:39:00;486;sem vítima;210,3;BR-116/RJ;Pista Sul;Choque em objeto na pista;1;2;0;0;0;0;1
02/04/2010;14:04:00;418;sem vítima;239,1;BR-116/RJ;Pista Sul;Abalroamento longitudinal;1;2;0;0;0;0;1
03/04/2010;18:16:00;348;sem vítima;73,6;BR-116/SP;Pista Sul;Choque em barreira New Jersey;1;14;0;0;0;0;1
03/04/2010;18:54:00;368;sem vítima;73,6;BR-116/SP;Pista Norte;Choque em veículo parado na pista;1;3;0;0;0;0;1
03/04/2010;08:22:00;98;sem vítima;217,3;BR-116/RJ;Pista Norte;Abalroamento longitudinal;1;2;0;0;0;0;1
03/04/2010;06:26:00;56;sem vítima;227,9;BR-116/RJ;Pista Norte;Tombamento;1;1;0;0;0;0;1
03/04/2010;11:52:00;189;sem vítima;230,2;BR-116/SP;Pista Sul;Abalroamento longitudinal;1;3;0;0;0;0;1
04/04/2010;03:26:00;47;sem vítima;132,7;BR-116/SP;Pista Norte;Choque em barreira New Jersey;1;1;0;0;0;0;1
04/04/2010;16:33:00;444;sem vítima;218;BR-116/SP;Pista Norte;Tombamento;1;1;0;0;0;0;1
04/04/2010;07:44:00;114;sem vítima;275,49;BR-116/RJ;Pista Norte;Abalroamento longitudinal;1;2;0;0;0;0;1
04/04/2010;23:39:00;763;sem vítima;330,1;BR-116/RJ;Pista Norte;Outros;1;1;0;0;0;0;1
04/04/2010;19:02:00;567;com vítima;332,7;BR-116/RJ;Pista Norte;Colisão traseira;2;5;1;0;0;0;1
05/04/2010;04:13:00;64;sem vítima;1,7;BR-116/SP;Pista Sul;Choque em objeto fixo;1;1;0;0;0;0;1
05/04/2010;17:45:00;595;sem vítima;45,6;BR-116/SP;Pista Sul;Choque em defensa;1;1;0;0;0;0;1
05/04/2010;06:22:00;109;sem vítima;65,45;BR-116/SP;Pista Norte;Abalroamento longitudinal;1;5;0;0;0;0;1
05/04/2010;07:43:00;180;sem vítima;81,2;BR-116/SP;Pista Norte;Colisão traseira;1;5;0;0;0;0;1
05/04/2010;06:47:00;129;sem vítima;142,6;BR-116/SP;Pista Norte;Abalroamento longitudinal;1;3;0;0;0;0;1
05/04/2010;19:02:00;658;sem vítima;142,6;BR-116/SP;Pista Norte;Engavetamento;1;5;0;0;0;0;1
05/04/2010;05:19:00;82;sem vítima;161;BR-116/SP;Pista Sul;Colisão traseira;1;3;0;0;0;0;1
05/04/2010;12:04:00;379;sem vítima;208;BR-116/RJ;Pista Sul;Colisão traseira;1;2;0;0;0;0;1
05/04/2010;21:48:00;762;sem vítima;224,4;BR-116/SP;Pista Norte;Colisão traseira;2;2;0;0;0;0;1
05/04/2010;08:35:00;218;sem vítima;227;BR-116/SP;Pista Sul;Abalroamento longitudinal;1;2;0;0;0;0;1
05/04/2010;22:59:00;788;sem vítima;227,3;BR-116/SP;Pista Norte;Colisão traseira;2;2;0;0;0;0;1
05/04/2010;18:36:00;634;sem vítima;228,7;BR-116/SP;Pista Norte;Colisão traseira;2;2;0;0;0;0;1
05/04/2010;14:05:00;445;sem vítima;258,6;BR-116/RJ;Pista Sul;Choque em barreira New Jersey;1;2;0;0;0;0;1
05/04/2010;06:25:00;114;com vítima;274,05;BR-116/RJ;Pista Norte;Colisão traseira;1;1;0;0;1;0;2
05/04/2010;16:54:00;548;sem vítima;296,6;BR-116/RJ;Pista Sul;Colisão traseira;1;3;0;0;0;0;1
05/04/2010;14:56:00;475;sem vítima;324,8;BR-116/RJ;Pista Norte;Choque em barreira New Jersey;1;11;0;0;0;0;1
06/04/2010;03:12:00;58;com vítima;131,3;BR-116/SP;Pista Sul;Abalroamento longitudinal;1;0;2;0;0;1;3
06/04/2010;09:59:00;255;sem vítima;163,6;BR-116/RJ;Pista Norte;Abalroamento longitudinal;1;2;0;0;0;0;1
06/04/2010;08:05:00;175;sem vítima;167;BR-116/RJ;Pista Norte;Colisão traseira;1;2;0;0;0;0;1
06/04/2010;20:13:00;614;sem vítima;169;BR-116/SP;Pista Sul;Colisão traseira;1;4;0;0;0;0;1
06/04/2010;14:03:00;400;sem vítima;186;BR-116/SP;Pista Sul;Choque em defensa;1;1;0;0;0;0;1
06/04/2010;19:23:00;598;sem vítima;207,5;BR-116/SP;Pista Sul;Choque em objeto fixo;1;1;0;0;0;0;1
06/04/2010;14:31:00;415;sem vítima;213;BR-116/SP;Pista Sul;Abalroamento longitudinal;1;2;0;0;0;0;1
06/04/2010;19:53:00;607;com vítima;219,5;BR-116/SP;Pista Norte;Engavetamento;1;5;1;0;0;0;1
06/04/2010;20:15:00;616;sem vítima;220;BR-116/SP;Pista Norte;Colisão traseira;1;5;0;0;0;0;1
06/04/2010;16:15:00;476;sem vítima;221;BR-116/RJ;Pista Sul;Choque em objeto fixo;1;1;0;0;0;0;1
06/04/2010;18:07:00;549;sem vítima;223,5;BR-116/SP;Pista Norte;Colisão traseira;1;2;0;0;0;0;1
06/04/2010;19:20:00;594;com vítima;224;BR-116/SP;Pista Norte;Choque em defensa;1;2;1;0;0;0;1
06/04/2010;04:41:00;81;sem vítima;314,4;BR-116/RJ;Pista Norte;Outros;1;1;0;0;0;0;1
07/04/2010;04:23:00;63;com vítima;81,5;BR-116/SP;Pista Norte;Colisão traseira;2;1;0;1;0;0;2
07/04/2010;21:47:00;712;sem vítima;130;BR-116/SP;Pista Sul;Choque em objeto na pista;1;1;0;0;0;0;1
07/04/2010;10:16:00;272;sem vítima;204;BR-116/SP;Pista Sul;Colisão traseira;1;3;0;0;0;0;1
07/04/2010;13:26:00;394;sem vítima;219;BR-116/SP;Pista Norte;Choque em objeto na pista;3;4;0;0;0;0;1
07/04/2010;21:37:00;707;sem vítima;220;BR-116/SP;Pista Norte;Choque em objeto na pista;1;4;0;0;0;0;1
07/04/2010;05:55:00;77;sem vítima;222,7;BR-116/SP;Pista Sul;Abalroamento longitudinal;1;2;0;0;0;0;1
07/04/2010;04:59:00;69;sem vítima;223,2;BR-116/RJ;Pista Norte;Choque Talude;1;1;0;0;0;0;1
08/04/2010;03:37:00;59;sem vítima;57,5;BR-116/SP;Pista Sul;Colisão traseira;1;2;0;0;0;0;1
08/04/2010;16:04:00;563;sem vítima;102;BR-116/SP;Pista Sul;Colisão traseira;1;2;0;0;0;0;1
08/04/2010;00:59:00;24;sem vítima;118,8;BR-116/SP;Pista Norte;Tombamento;1;2;0;0;0;0;1
08/04/2010;07:55:00;191;sem vítima;140,3;BR-116/SP;Pista Sul;Colisão traseira;2;3;0;0;0;0;1
08/04/2010;02:17:00;46;com vítima;144,9;BR-116/SP;Pista Sul;Colisão traseira;2;2;1;0;0;0;1
08/04/2010;07:14:00;154;sem vítima;157,9;BR-116/SP;Pista Norte;Colisão traseira;2;3;0;0;0;0;1
08/04/2010;06:18:00;112;sem vítima;165;BR-116/SP;Pista Sul;Abalroamento longitudinal;2;2;0;0;0;0;1