data;horario;n_da_ocorrencia;tipo_de_ocorrencia;km;trecho;sentido;tipo_de_acidente;caminhao;ilesos;levemente_feridos;moderadamente_feridos;gravemente_feridos;mortos;3
08/04/2010;20:37:00;754;sem vítima;166;BR-116/RJ;Pista Norte;Engavetamento;1;4;0;0;0;0;1
08/04/2010;19:03:00;686;sem vítima;167,5;BR-116/RJ;Pista Sul;Colisão traseira;1;4;0;0;0;0;1
08/04/2010;11:33:00;378;sem vítima;173,8;BR-116/SP;Pista Norte;Choque em objeto fixo;1;1;0;0;0;0;1
08/04/2010;20:38:00;755;sem vítima;219,1;BR-116/SP;Pista Norte;Engavetamento;1;3;0;0;0;0;1
08/04/2010;01:16:00;32;sem vítima;281;BR-116/RJ;Pista Norte;Choque em objeto na pista;1;3;0;0;0;0;1
08/04/2010;01:37:00;38;sem vítima;281,8;BR-116/RJ;Pista Sul;Choque em objeto na pista;1;1;0;0;0;0;1
08/04/2010;07:28:00;168;com vítima;300,1;BR-116/RJ;Pista Norte;Capotamento;1;2;1;0;0;0;1
08/04/2010;07:15:00;155;sem vítima;303,95;BR-116/RJ;Pista Norte;Abalroamento longitudinal;1;2;0;0;0;0;1
09/04/2010;01:31:00;33;com vítima;23,5;BR-116/SP;Pista Sul;Colisão traseira;2;0;1;0;0;0;1
09/04/2010;19:39:00;701;com vítima;154,55;BR-116/SP;Pista Sul;Colisão traseira;1;1;0;0;0;1;3
09/04/2010;07:36:00;176;sem vítima;165,1;BR-116/RJ;Pista Norte;Engavetamento;1;7;0;0;0;0;1
09/04/2010;04:57:00;76;sem vítima;166,9;BR-116/RJ;Pista Sul;Colisão traseira;1;2;0;0;0;0;1
09/04/2010;18:25:00;642;sem vítima;176,03;BR-116/RJ;Pista Sul;Colisão traseira;1;2;0;0;0;0;1
09/04/2010;01:18:00;30;sem vítima;176,5;BR-116/RJ;Pista Norte;Choque em objeto na pista;1;5;0;0;0;0;1
09/04/2010;23:29:00;836;com vítima;204;BR-116/SP;Pista Norte;Colisão traseira;1;2;1;0;0;0;1
09/04/2010;21:44:00;769;sem vítima;208,1;BR-116/SP;Pista Sul;Abalroamento longitudinal;1;4;0;0;0;0;1
09/04/2010;09:37:00;281;com vítima;221;BR-116/SP;Pista Norte;Abalroamento longitudinal;2;2;1;0;0;0;1
09/04/2010;11:39:00;362;sem vítima;225,8;BR-116/RJ;Pista Norte;Choque Talude;1;1;0;0;0;0;1
09/04/2010;20:31:00;731;sem vítima;226,7;BR-116/SP;Pista Norte;Abalroamento longitudinal;1;2;0;0;0;0;1
09/04/2010;14:19:00;463;sem vítima;236,1;BR-116/RJ;Pista Sul;Colisão traseira;1;2;0;0;0;0;1
09/04/2010;13:15:00;425;com vítima;238,5;BR-116/RJ;Pista Sul;Colisão traseira;2;1;1;0;0;0;1
09/04/2010;08:44:00;237;sem vítima;312,5;BR-116/RJ;Pista Sul;Abalroamento longitudinal;2;2;0;0;0;0;1
10/04/2010;02:38:00;52;com vítima;58,8;BR-116/SP;Pista Sul;Colisão traseira;2;1;0;0;0;1;3
10/04/2010;07:04:00;140;sem vítima;191,8;BR-116/SP;Pista Norte;Tombamento;1;1;0;0;0;0;1
10/04/2010;03:07:00;56;sem vítima;210,9;BR-116/RJ;Pista Sul;Choque em objeto fixo;1;2;0;0;0;0;1
10/04/2010;06:24:00;117;com vítima;219,6;BR-116/RJ;Pista Norte;Abalroamento longitudinal;1;1;1;0;0;0;1
10/04/2010;09:03:00;223;sem vítima;229,8;BR-116/SP;Pista Sul;Abalroamento longitudinal;1;2;0;0;0;0;1
10/04/2010;06:10:00;113;sem vítima;230,2;BR-116/RJ;Pista Norte;Abalroamento longitudinal;1;2;0;0;0;0;1
10/04/2010;07:34:00;158;sem vítima;297;BR-116/RJ;Pista Sul;Abalroamento longitudinal;1;2;0;0;0;0;1
10/04/2010;03:53:00;69;sem vítima;303,1;BR-116/RJ;Pista Norte;Colisão traseira;1;4;0;0;0;0;1
10/04/2010;05:29:00;98;sem vítima;307,8;BR-116/RJ;Pista Norte;Choque em veículo parado na pista;1;3;0;0;0;0;1
10/04/2010;03:41:00;66;sem vítima;311,55;BR-116/RJ;Pista Sul;Abalroamento longitudinal;2;2;0;0;0;0;1
11/04/2010;01:40:00;24;sem vítima;23,98;BR-116/SP;Pista Sul;Outros;1;1;0;0;0;0;1
11/04/2010;10:15:00;212;sem vítima;166,2;BR-116/RJ;Pista Sul;Queda de moto;1;1;0;0;0;0;1
11/04/2010;05:55:00;82;sem vítima;174,5;BR-116/RJ;Pista Norte;Abalroamento longitudinal;1;2;0;0;0;0;1
11/04/2010;14:33:00;322;sem vítima;219;BR-116/SP;Pista Norte;Abalroamento longitudinal;1;31;0;0;0;0;1
11/04/2010;16:30:00;396;sem vítima;229;BR-116/SP;Pista Sul;Abalroamento longitudinal;1;3;0;0;0;0;1
12/04/2010;09:23:00;248;sem vítima;144;BR-116/SP;Pista Sul;Engavetamento;1;3;0;0;0;0;1
12/04/2010;10:39:00;300;com vítima;167,6;BR-116/RJ;Pista Norte;Engavetamento;2;3;1;0;0;0;1
12/04/2010;17:52:00;553;sem vítima;172,3;BR-116/RJ;Pista Sul;Abalroamento longitudinal;1;3;0;0;0;0;1
12/04/2010;02:47:00;38;sem vítima;176,3;BR-116/RJ;Pista Sul;Choque em objeto na pista;1;1;0;0;0;0;1
12/04/2010;04:50:00;73;sem vítima;232,3;BR-116/RJ;Pista Sul;Choque em defensa;1;1;0;0;0;0;1
12/04/2010;06:54:00;128;sem vítima;290,6;BR-116/RJ;Pista Norte;Colisão traseira;2;2;0;0;0;0;1
13/04/2010;06:00:00;93;sem vítima;176,1;BR-116/RJ;Pista Norte;Abalroamento longitudinal;1;2;0;0;0;0;1
13/04/2010;15:17:00;455;sem vítima;204;BR-116/SP;Pista Sul;Abalroamento longitudinal;1;3;0;0;0;0;1
13/04/2010;07:58:00;173;com vítima;220;BR-116/SP;Pista Sul;Colisão traseira;1;2;1;0;0;0;1
13/04/2010;20:15:00;626;sem vítima;222;BR-116/SP;Pista Sul;Engavetamento;1;10;0;0;0;0;1
13/04/2010;01:36:00;26;com vítima;224,75;BR-116/RJ;Pista Norte;Colisão traseira;2;2;1;0;0;0;1
13/04/2010;15:55:00;478;sem vítima;278;BR-116/RJ;Pista Norte;Colisão traseira;2;2;0;0;0;0;1
14/04/2010;14:50:00;476;sem vítima;2,1;BR-116/SP;Pista Sul;Tombamento;1;1;0;0;0;0;1
14/04/2010;18:42:00;622;com vítima;16,65;BR-116/SP;Pista Norte;Choque em barreira New Jersey;1;1;1;0;0;0;1
14/04/2010;05:47:00;117;com vítima;85,85;BR-116/SP;Pista Norte;Choque em barreira New Jersey;1;1;0;1;0;0;2
14/04/2010;08:42:00;248;sem vítima;107,55;BR-116/SP;Pista Norte;Abalroamento longitudinal;1;2;0;0;0;0;1
14/04/2010;01:17:00;29;sem vítima;118,7;BR-116/SP;Pista Norte;Abalroamento longitudinal;2;2;0;0;0;0;1
14/04/2010;16:19:00;537;sem vítima;157;BR-116/SP;Pista Norte;Colisão traseira;2;2;0;0;0;0;1
14/04/2010;06:47:00;146;sem vítima;207;BR-116/RJ;Pista Norte;Choque em objeto fixo;1;1;0;0;0;0;1
14/04/2010;15:05:00;484;sem vítima;211;BR-116/SP;Pista Norte;Colisão traseira;1;2;0;0;0;0;1
14/04/2010;21:37:00;717;sem vítima;218;BR-116/SP;Pista Norte;Colisão traseira;2;2;0;0;0;0;1
14/04/2010;17:52:00;592;sem vítima;228,8;BR-116/SP;Pista Norte;Abalroamento longitudinal;1;2;0;0;0;0;1
14/04/2010;23:12:00;759;sem vítima;239,1;BR-116/RJ;Pista Norte;Choque em barreira New Jersey;1;1;0;0;0;0;1
14/04/2010;08:55:00;260;sem vítima;300,1;BR-116/RJ;Pista Norte;Colisão traseira;1;2;0;0;0;0;1
15/04/2010;17:31:00;626;sem vítima;88;BR-116/SP;Pista Norte;Outros;1;3;0;0;0;0;1
15/04/2010;21:48:00;773;sem vítima;141,9;BR-116/SP;Pista Norte;Colisão traseira;2;2;0;0;0;0;1
15/04/2010;07:10:00;168;com vítima;145,8;BR-116/SP;Pista Sul;Abalroamento longitudinal;2;8;2;0;0;0;1
15/04/2010;08:24:00;241;sem vítima;160;BR-116/SP;Pista Norte;Colisão traseira;2;2;0;0;0;0;1
15/04/2010;04:37:00;80;sem vítima;224,3;BR-116/SP;Pista Sul;Atropelamento de animal;1;1;0;0;0;0;1
15/04/2010;19:05:00;691;sem vítima;228;BR-116/SP;Pista Sul;Choque em objeto na pista;1;2;0;0;0;0;1
15/04/2010;13:18:00;470;com vítima;231;BR-116/SP;Pista Norte;Colisão traseira;1;1;1;0;1;0;2
15/04/2010;18:54:00;681;com vítima;319,15;BR-116/RJ;Pista Sul;Abalroamento longitudinal;1;1;1;0;0;0;1
16/04/2010;11:04:00;290;sem vítima;161,5;BR-116/SP;Pista Sul;Colisão traseira;2;2;0;0;0;0;1
16/04/2010;06:47:00;109;sem vítima;170;BR-116/RJ;Pista Sul;Abalroamento longitudinal;1;3;0;0;0;0;1
16/04/2010;06:32:00;101;com vítima;171,8;BR-116/RJ;Pista Sul;Engavetamento;2;25;2;0;0;0;1
16/04/2010;14:32:00;421;sem vítima;173,8;BR-116/RJ;Pista Sul;Colisão traseira;1;2;0;0;0;0;1
16/04/2010;03:32:00;43;sem vítima;197,5;BR-116/SP;Pista Sul;Outros;1;2;0;0;0;0;1
16/04/2010;06:34:00;104;sem vítima;204;BR-116/SP;Pista Sul;Colisão traseira;2;2;0;0;0;0;1
16/04/2010;05:48:00;81;sem vítima;223;BR-116/SP;Pista Sul;Choque em objeto na pista;1;3;0;0;0;0;1
16/04/2010;19:18:00;620;sem vítima;230;BR-116/SP;Pista Sul;Engavetamento;1;3;0;0;0;0;1
16/04/2010;02:40:00;38;com vítima;260,52;BR-116/RJ;Pista Sul;Colisão traseira;1;1;1;0;0;0;1
16/04/2010;05:15:00;69;sem vítima;262;BR-116/RJ;Pista Norte;Colisão traseira;2;2;0;0;0;0;1
17/04/2010;07:22:00;158;com vítima;41,8;BR-116/SP;Pista Norte;Colisão traseira;1;2;0;3;0;0;2
17/04/2010;00:31:00;13;sem vítima;99,2;BR-116/SP;Pista Norte;Colisão traseira;2;3;0;0;0;0;1
17/04/2010;05:26:00;98;com vítima;128,8;BR-116/SP;Pista Norte;Choque em veículo parado na pista;1;1;1;0;0;0;1
17/04/2010;16:50:00;496;com vítima;136,4;BR-116/SP;Pista Norte;Colisão traseira;1;4;1;0;0;0;1
17/04/2010;13:20:00;366;sem vítima;171,4;BR-116/RJ;Pista Norte;Colisão traseira;1;3;0;0;0;0;1
17/04/2010;07:32:00;165;sem vítima;204;BR-116/SP;Pista Sul;Colisão traseira;1;2;0;0;0;0;1
17/04/2010;09:48:00;251;sem vítima;211,5;BR-116/SP;Pista Sul;Colisão traseira;1;5;0;0;0;0;1
17/04/2010;20:30:00;631;sem vítima;220,8;BR-116/SP;Pista Norte;Abalroamento longitudinal;2;3;0;0;0;0;1
17/04/2010;22:06:00;689;com vítima;248,6;BR-116/RJ;Pista Sul;Outros;1;0;0;2;0;0;2
17/04/2010;07:54:00;176;com vítima;258,1;BR-116/RJ;Pista Norte;Atropelamento de pedestre atravessando;1;1;1;0;0;0;1
17/04/2010;07:14:00;151;sem vítima;268,6;BR-116/RJ;Pista Norte;Colisão traseira;2;2;0;0;0;0;1
18/04/2010;00:13:00;5;sem vítima;166;BR-116/SP;Pista Norte;Abalroamento longitudinal;1;2;0;0;0;0;1
18/04/2010;14:06:00;302;sem vítima;171;BR-116/RJ;Pista Norte;Abalroamento longitudinal;1;2;0;0;0;0;1
18/04/2010;07:52:00;135;sem vítima;182;BR-116/SP;Pista Norte;Engavetamento;1;6;0;0;0;0;1
18/04/2010;22:03:00;585;com vítima;192;BR-116/RJ;Pista Sul;Colisão traseira;1;4;0;0;0;1;3
18/04/2010;03:36:00;68;com vítima;197,3;BR-116/SP;Pista Sul;Colisão traseira;2;2;0;0;0;1;3
18/04/2010;19:55:00;516;com vítima;272;BR-116/RJ;Pista Norte;Colisão traseira;1;1;0;2;0;0;2
19/04/2010;22:33:00;719;sem vítima;101;BR-116/SP;Pista Norte;Outros;2;2;0;0;0;0;1
19/04/2010;10:09:00;274;sem vítima;125,1;BR-116/SP;Pista Sul;Colisão traseira;3;3;0;0;0;0;1
19/04/2010;19:26:00;612;com vítima;153;BR-116/SP;Pista Sul;Colisão traseira;1;1;1;0;0;0;1
19/04/2010;15:27:00;455;sem vítima;163;BR-116/RJ;Pista Norte;Abalroamento longitudinal;1;1;0;0;0;0;1
19/04/2010;20:53:00;661;sem vítima;170;BR-116/RJ;Pista Sul;Engavetamento;1;3;0;0;0;0;1
19/04/2010;10:57:00;308;sem vítima;174;BR-116/RJ;Pista Norte;Engavetamento;1;11;0;0;0;0;1
19/04/2010;16:22:00;496;sem vítima;175,3;BR-116/RJ;Pista Sul;Colisão traseira;1;2;0;0;0;0;1
19/04/2010;07:02:00;137;sem vítima;175,7;BR-116/RJ;Pista Norte;Abalroamento longitudinal;1;2;0;0;0;0;1
19/04/2010;07:37:00;159;sem vítima;176;BR-116/RJ;Pista Norte;Colisão traseira;2;2;0;0;0;0;1
19/04/2010;07:18:00;146;sem vítima;177,6;BR-116/RJ;Pista Norte;Queda de moto;1;2;0;0;0;0;1
19/04/2010;15:54:00;472;sem vítima;183,1;BR-116/RJ;Pista Sul;Choque em barreira New Jersey;1;2;0;0;0;0;1
19/04/2010;05:30:00;88;sem vítima;194,9;BR-116/SP;Pista Sul;Abalroamento longitudinal;2;3;0;0;0;0;1
19/04/2010;12:29:00;357;com vítima;220;BR-116/SP;Pista Norte;Engavetamento;1;2;1;0;0;0;1
19/04/2010;16:02:00;480;com vítima;222,8;BR-116/SP;Pista Norte;Abalroamento longitudinal;1;1;2;0;0;0;1
19/04/2010;19:05:00;602;sem vítima;267;BR-116/RJ;Pista Sul;Choque em objeto fixo;1;1;0;0;0;0;1
19/04/2010;22:06:00;704;sem vítima;273,2;BR-116/RJ;Pista Sul;Outros;1;6;0;0;0;0;1
19/04/2010;20:06:00;643;sem vítima;316,65;BR-116/RJ;Pista Sul;Colisão traseira;2;2;0;0;0;0;1
20/04/2010;10:34:00;311;sem vítima;102;BR-116/SP;Pista Sul;Choque em objeto fixo;1;1;0;0;0;0;1
20/04/2010;20:42:00;718;sem vítima;115,35;BR-116/SP;Pista Norte;Colisão traseira;1;3;0;0;0;0;1
20/04/2010;08:32:00;210;sem vítima;146,1;BR-116/SP;Pista Sul;Colisão traseira;1;2;0;0;0;0;1
20/04/2010;00:20:00;12;com vítima;154,4;BR-116/SP;Pista Sul;Colisão traseira;2;1;0;1;0;0;2
20/04/2010;22:32:00;786;sem vítima;174,3;BR-116/SP;Pista Sul;Choque em objeto fixo;1;1;0;0;0;0;1
20/04/2010;21:13:00;733;sem vítima;176;BR-116/RJ;Pista Sul;Abalroamento longitudinal;1;4;0;0;0;0;1
20/04/2010;15:45:00;507;sem vítima;176,4;BR-116/RJ;Pista Norte;Abalroamento longitudinal;1;2;0;0;0;0;1
20/04/2010;06:36:00;112;sem vítima;192,4;BR-116/RJ;Pista Norte;Abalroamento longitudinal;1;2;0;0;0;0;1
20/04/2010;09:07:00;241;sem vítima;204;BR-116/SP;Pista Sul;Choque em objeto na pista;1;2;0;0;0;0;1
20/04/2010;15:49:00;511;sem vítima;207;BR-116/RJ;Pista Sul;Colisão traseira;1;2;0;0;0;0;1
20/04/2010;11:38:00;363;sem vítima;208;BR-116/RJ;Pista Sul;Choque em objeto fixo;1;2;0;0;0;0;1
20/04/2010;22:47:00;794;sem vítima;212,5;BR-116/SP;Pista Norte;Abalroamento longitudinal;2;2;0;0;0;0;1
20/04/2010;07:55:00;172;com vítima;219,65;BR-116/RJ;Pista Norte;Tombamento;1;0;1;1;0;0;2
20/04/2010;01:17:00;29;sem vítima;226,8;BR-116/RJ;Pista Norte;Choque em barreira New Jersey;1;6;0;0;0;0;1
20/04/2010;14:35:00;453;com vítima;234;BR-116/RJ;Pista Norte;Colisão traseira;1;1;2;0;0;0;1
20/04/2010;10:41:00;322;sem vítima;270;BR-116/RJ;Pista Sul;Abalroamento longitudinal;2;2;0;0;0;0;1
20/04/2010;15:19:00;485;com vítima;272,65;BR-116/RJ;Pista Sul;Tombamento;2;1;0;0;1;0;2
20/04/2010;06:41:00;116;sem vítima;302,5;BR-116/RJ;Pista Norte;Outros;1;1;0;0;0;0;1
20/04/2010;01:26:00;31;sem vítima;318,9;BR-116/RJ;Pista Norte;Colisão traseira;2;2;0;0;0;0;1
20/04/2010;14:46:00;460;sem vítima;329,58;BR-116/RJ;Pista Sul;Colisão traseira;2;2;0;0;0;0;1
21/04/2010;14:01:00;367;sem vítima;102;BR-116/SP;Pista Sul;Abalroamento longitudinal;1;2;0;0;0;0;1
21/04/2010;00:41:00;23;sem vítima;128;BR-116/SP;Pista Sul;Atropelamento de animal;1;1;0;0;0;0;1
21/04/2010;06:46:00;110;sem vítima;166,9;BR-116/RJ;Pista Sul;Colisão traseira;1;2;0;0;0;0;1
21/04/2010;11:02:00;273;com vítima;188,9;BR-116/SP;Pista Sul;Queda de moto;1;2;0;1;0;0;2
21/04/2010;06:30:00;100;sem vítima;198,9;BR-116/RJ;Pista Sul;Engavetamento;1;10;0;0;0;0;1
21/04/2010;12:03:00;307;com vítima;201;BR-116/SP;Pista Norte;Queda de moto;1;1;0;2;0;0;2
21/04/2010;06:50:00;111;sem vítima;211;BR-116/SP;Pista Norte;Colisão traseira;1;5;0;0;0;0;1
21/04/2010;08:33:00;174;sem vítima;235,9;BR-116/RJ;Pista Sul;Queda de ribanceira;1;1;0;0;0;0;1
21/04/2010;12:43:00;322;sem vítima;292;BR-116/RJ;Pista Sul;Abalroamento longitudinal;1;2;0;0;0;0;1
21/04/2010;02:35:00;48;sem vítima;308,9;BR-116/RJ;Pista Sul;Choque em veículo parado na pista;1;3;0;0;0;0;1
22/04/2010;18:49:00;659;com vítima;11,3;BR-116/SP;Pista Norte;Colisão traseira;1;17;1;0;0;0;1
22/04/2010;04:20:00;71;sem vítima;16;BR-116/SP;Pista Sul;Choque em objeto fixo;1;1;0;0;0;0;1
22/04/2010;22:26:00;780;com vítima;52;BR-116/SP;Pista Norte;Colisão traseira;2;1;0;1;0;0;2
22/04/2010;06:51:00;118;sem vítima;165;BR-116/SP;Pista Norte;Colisão traseira;1;2;0;0;0;0;1
22/04/2010;22:24:00;778;com vítima;172,8;BR-116/RJ;Pista Sul;Colisão traseira;1;29;3;0;0;0;1
22/04/2010;14:11:00;450;com vítima;198,9;BR-116/RJ;Pista Sul;Engavetamento;2;5;2;0;0;0;1
22/04/2010;12:56:00;390;sem vítima;201,1;BR-116/SP;Pista Sul;Outros;1;1;0;0;0;0;1
22/04/2010;00:03:00;1;com vítima;222,3;BR-116/SP;Pista Norte;Engavetamento;3;6;0;0;3;0;2
22/04/2010;07:25:00;143;sem vítima;305,3;BR-116/RJ;Pista Sul;Engavetamento;1;5;0;0;0;0;1
23/04/2010;23:58:00;741;sem vítima;177;BR-116/SP;Pista Norte;Outros;1;1;0;0;0;0;1
23/04/2010;19:39:00;631;sem vítima;221;BR-116/SP;Pista Norte;Abalroamento longitudinal;1;62;0;0;0;0;1
23/04/2010;10:35:00;296;com vítima;231;BR-116/SP;Pista Sul;Colisão traseira;1;1;0;0;1;0;2
23/04/2010;23:51:00;739;sem vítima;252,8;BR-116/RJ;Pista Sul;Choque em barreira New Jersey;1;1;0;0;0;0;1
23/04/2010;00:58:00;33;sem vítima;277,65;BR-116/RJ;Pista Sul;Colisão traseira;2;2;0;0;0;0;1
24/04/2010;10:16:00;280;sem vítima;87,85;BR-116/SP;Pista Norte;Abalroamento longitudinal;1;3;0;0;0;0;1
24/04/2010;04:09:00;62;sem vítima;102,5;BR-116/SP;Pista Norte;Tombamento;1;1;0;0;0;0;1
24/04/2010;07:42:00;172;com vítima;166,15;BR-116/RJ;Pista Norte;Atropelamento de pedestre atravessando;1;53;0;0;0;1;3
24/04/2010;10:07:00;277;com vítima;183,8;BR-116/RJ;Pista Norte;Engavetamento;1;5;0;1;0;0;2
24/04/2010;10:33:00;287;sem vítima;183,9;BR-116/RJ;Pista Norte;Choque em defensa;1;1;0;0;0;0;1
24/04/2010;00:57:00;22;sem vítima;214;BR-116/SP;Pista Norte;Abalroamento longitudinal;2;2;0;0;0;0;1
24/04/2010;14:41:00;401;sem vítima;218;BR-116/SP;Pista Norte;Colisão traseira;1;3;0;0;0;0;1
24/04/2010;00:33:00;11;sem vítima;229;BR-116/SP;Pista Sul;Choque em barreira New Jersey;1;2;0;0;0;0;1
24/04/2010;08:31:00;211;sem vítima;229;BR-116/SP;Pista Norte;Colisão traseira;1;2;0;0;0;0;1
24/04/2010;01:49:00;37;sem vítima;237;BR-116/RJ;Pista Norte;Choque em objeto na pista;1;2;0;0;0;0;1
24/04/2010;12:50:00;359;com vítima;280,2;BR-116/RJ;Pista Sul;Choque em defensa;1;0;0;0;0;1;3
25/04/2010;04:20:00;64;com vítima;146;BR-116/SP;Pista Sul;Colisão traseira;1;2;2;0;0;0;1
25/04/2010;16:52:00;441;sem vítima;219;BR-116/SP;Pista Norte;Não Def;1;2;0;0;0;0;1
26/04/2010;03:14:00;56;sem vítima;143;BR-116/SP;Pista Sul;Engavetamento;1;3;0;0;0;0;1
26/04/2010;01:50:00;32;com vítima;144,8;BR-116/SP;Pista Sul;Colisão traseira;2;1;1;0;0;0;1
26/04/2010;08:09:00;179;com vítima;166,05;BR-116/RJ;Pista Sul;Abalroamento longitudinal;2;2;2;0;0;0;1
26/04/2010;19:01:00;619;sem vítima;169,42;BR-116/RJ;Pista Sul;Engavetamento;1;56;0;0;0;0;1
26/04/2010;18:15:00;584;sem vítima;172,3;BR-116/RJ;Pista Sul;Engavetamento;3;4;0;0;0;0;1
26/04/2010;06:07:00;94;com vítima;214,8;BR-116/SP;Pista Sul;Engavetamento;1;81;5;0;0;0;1
26/04/2010;19:53:00;649;sem vítima;221;BR-116/SP;Pista Norte;Colisão traseira;1;3;0;0;0;0;1
26/04/2010;14:24:00;425;sem vítima;278;BR-116/RJ;Pista Sul;Outros;1;1;0;0;0;0;1
26/04/2010;22:39:00;739;sem vítima;317,6;BR-116/RJ;Pista Sul;Abalroamento longitudinal;1;2;0;0;0;0;1
26/04/2010;04:57:00;79;sem vítima;318;BR-116/RJ;Pista Sul;Colisão traseira;1;2;0;0;0;0;1
27/04/2010;23:17:00;705;sem vítima;45,3;BR-116/SP;Pista Norte;Engavetamento;3;78;0;0;0;0;1
27/04/2010;03:44:00;48;sem vítima;92,6;BR-116/SP;Pista Sul;Colisão traseira;2;2;0;0;0;0;1
27/04/2010;23:20:00;709;sem vítima;140,4;BR-116/SP;Pista Norte;Choque em objeto na pista;4;4;0;0;0;0;1
27/04/2010;21:31:00;669;sem vítima;167;BR-116/SP;Pista Sul;Colisão traseira;1;3;0;0;0;0;1
27/04/2010;14:02:00;376;sem vítima;183,3;BR-116/RJ;Pista Sul;Abalroamento longitudinal;1;2;0;0;0;0;1
27/04/2010;17:17:00;517;sem vítima;207;BR-116/RJ;Pista Norte;Colisão traseira;1;2;0;0;0;0;1
27/04/2010;05:00:00;72;sem vítima;208;BR-116/RJ;Pista Sul;Atropelamento de animal;1;1;0;0;0;0;1
27/04/2010;06:34:00;106;sem vítima;315,7;BR-116/RJ;Pista Norte;Abalroamento longitudinal;1;2;0;0;0;0;1
28/04/2010;14:12:00;448;sem vítima;22,3;BR-116/SP;Pista Sul;Choque em defensa;1;1;0;0;0;0;1
28/04/2010;22:39:00;769;com vítima;53,9;BR-116/SP;Pista Norte;Colisão traseira;1;1;0;1;0;0;2
28/04/2010;12:56:00;404;sem vítima;162,8;BR-116/SP;Pista Norte;Colisão traseira;2;2;0;0;0;0;1
28/04/2010;08:04:00;191;sem vítima;167,2;BR-116/RJ;Pista Norte;Abalroamento longitudinal;1;5;0;0;0;0;1
28/04/2010;10:38:00;314;sem vítima;172,8;BR-116/RJ;Pista Sul;Colisão traseira;1;2;0;0;0;0;1
28/04/2010;03:20:00;44;sem vítima;191,6;BR-116/RJ;Pista Sul;Outros;1;1;0;0;0;0;1
28/04/2010;05:27:00;81;sem vítima;206,7;BR-116/SP;Pista Sul;Colisão traseira;1;2;0;0;0;0;1
28/04/2010;09:02:00;228;sem vítima;223,7;BR-116/RJ;Pista Norte;Queda de ribanceira;2;2;0;0;0;0;1
28/04/2010;19:29:00;663;sem vítima;224,25;BR-116/RJ;Pista Norte;Choque em defensa;1;1;0;0;0;0;1
28/04/2010;20:21:00;696;sem vítima;224,63;BR-116/RJ;Pista Norte;Choque Talude;1;2;0;0;0;0;1
28/04/2010;21:20:00;728;sem vítima;263,1;BR-116/RJ;Pista Sul;Choque em barreira New Jersey;1;2;0;0;0;0;1
29/04/2010;18:53:00;625;sem vítima;37,5;BR-116/SP;Pista Norte;Abalroamento longitudinal;1;4;0;0;0;0;1
29/04/2010;20:18:00;682;sem vítima;68,4;BR-116/SP;Pista Norte;Abalroamento longitudinal;1;3;0;0;0;0;1
29/04/2010;20:58:00;710;sem vítima;99,2;BR-116/SP;Pista Sul;Abalroamento longitudinal;1;4;0;0;0;0;1
29/04/2010;01:28:00;27;com vítima;113,4;BR-116/SP;Pista Norte;Colisão traseira;2;1;1;0;0;0;1
29/04/2010;07:09:00;156;sem vítima;163,5;BR-116/RJ;Pista Norte;Abalroamento longitudinal;1;65;0;0;0;0;1
29/04/2010;18:48:00;617;sem vítima;193;BR-116/SP;Pista Norte;Choque em objeto na pista;1;2;0;0;0;0;1
29/04/2010;19:43:00;661;sem vítima;193;BR-116/SP;Pista Norte;Abalroamento longitudinal;2;2;0;0;0;0;1
29/04/2010;07:57:00;207;sem vítima;196;BR-116/SP;Pista Norte;Abalroamento longitudinal;1;2;0;0;0;0;1
29/04/2010;10:47:00;351;sem vítima;212,95;BR-116/RJ;Pista Sul;Outros;1;1;0;0;0;0;1
29/04/2010;15:44:00;506;sem vítima;222;BR-116/SP;Pista Norte;Engavetamento;1;3;0;0;0;0;1
29/04/2010;08:30:00;244;sem vítima;227,2;BR-116/RJ;Pista Norte;Tombamento;1;1;0;0;0;0;1
29/04/2010;01:39:00;30;sem vítima;235,3;BR-116/RJ;Pista Sul;Choque em barreira New Jersey;2;3;0;0;0;0;1
30/04/2010;01:07:00;27;sem vítima;133;BR-116/SP;Pista Sul;Colisão traseira;1;2;0;0;0;0;1
30/04/2010;18:28:00;591;sem vítima;159,2;BR-116/SP;Pista Norte;Colisão traseira;2;3;0;0;0;0;1
30/04/2010;03:08:00;58;sem vítima;163,3;BR-116/RJ;Pista Norte;Atropelamento de animal;1;2;0;0;0;0;1
30/04/2010;17:51:00;568;sem vítima;163,7;BR-116/RJ;Pista Sul;Colisão traseira;1;2;0;0;0;0;1
30/04/2010;10:25:00;287;sem vítima;165;BR-116/SP;Pista Norte;Colisão traseira;1;4;0;0;0;0;1
30/04/2010;11:57:00;338;sem vítima;175;BR-116/RJ;Pista Sul;Colisão traseira;1;2;0;0;0;0;1
30/04/2010;23:01:00;752;sem vítima;220;BR-116/SP;Pista Norte;Colisão traseira;1;2;0;0;0;0;1
30/04/2010;15:54:00;476;sem vítima;224;BR-116/RJ;Pista Norte;Abalroamento longitudinal;2;2;0;0;0;0;1
30/04/2010;08:38:00;213;sem vítima;291,1;BR-116/RJ;Pista Sul;Colisão traseira;1;2;0;0;0;0;1
01/05/2010;03:43:00;64;sem vítima;209,2;BR-116/SP;Pista Norte;Colisão traseira;1;2;0;0;0;0;1
01/05/2010;18:25:00;492;sem vítima;209,4;BR-116/RJ;Pista Sul;Colisão traseira;1;3;0;0;0;0;1
01/05/2010;20:55:00;578;sem vítima;219,53;BR-116/RJ;Pista Norte;Atropelamento de animal;1;1;0;0;0;0;1
01/05/2010;07:37:00;134;sem vítima;222,15;BR-116/RJ;Pista Norte;Choque em objeto fixo;1;2;0;0;0;0;1
01/05/2010;17:10:00;459;sem vítima;224,74;BR-116/RJ;Pista Norte;Abalroamento longitudinal;1;18;0;0;0;0;1