data;horario;n_da_ocorrencia;tipo_de_ocorrencia;km;trecho;sentido;tipo_de_acidente;caminhao;ilesos;levemente_feridos;moderadamente_feridos;gravemente_feridos;mortos;3
23/05/2010;07:16:00;153;com vítima;300,3;BR-116/RJ;Pista Norte;Colisão traseira;1;1;0;0;0;1;3
23/05/2010;14:34:00;350;sem vítima;300,3;BR-116/RJ;Pista Norte;Colisão traseira;1;2;0;0;0;0;1
24/05/2010;23:09:00;720;sem vítima;163;BR-116/SP;Pista Sul;Choque em objeto na pista;1;3;0;0;0;0;1
24/05/2010;07:56:00;168;sem vítima;163,2;BR-116/RJ;Pista Norte;Abalroamento longitudinal;1;2;0;0;0;0;1
24/05/2010;06:35:00;109;com vítima;168,3;BR-116/RJ;Pista Norte;Colisão traseira;1;30;4;0;0;0;1
24/05/2010;02:07:00;42;sem vítima;169;BR-116/SP;Pista Sul;Outros;1;1;0;0;0;0;1
24/05/2010;20:28:00;652;sem vítima;172,8;BR-116/RJ;Pista Sul;Abalroamento longitudinal;1;2;0;0;0;0;1
24/05/2010;16:40:00;511;sem vítima;187,74;BR-116/SP;Pista Norte;Choque em objeto fixo;1;1;0;0;0;0;1
24/05/2010;11:06:00;321;sem vítima;191,8;BR-116/RJ;Pista Norte;Abalroamento longitudinal;1;3;0;0;0;0;1
24/05/2010;08:24:00;190;sem vítima;221,1;BR-116/SP;Pista Norte;Abalroamento longitudinal;1;3;0;0;0;0;1
24/05/2010;14:17:00;430;sem vítima;229,5;BR-116/SP;Pista Sul;Capotamento;1;4;0;0;0;0;1
24/05/2010;06:17:00;101;sem vítima;257,7;BR-116/RJ;Pista Norte;Colisão traseira;2;2;0;0;0;0;1
24/05/2010;20:29:00;653;sem vítima;271,2;BR-116/RJ;Pista Sul;Colisão traseira;2;2;0;0;0;0;1
24/05/2010;08:03:00;176;sem vítima;297,4;BR-116/RJ;Pista Sul;Abalroamento longitudinal;1;2;0;0;0;0;1
25/05/2010;06:43:00;102;com vítima;28;BR-116/SP;Pista Sul;Choque em barreira New Jersey;1;0;1;0;0;0;1
25/05/2010;18:47:00;586;sem vítima;72;BR-116/SP;Pista Sul;Colisão traseira;1;3;0;0;0;0;1
25/05/2010;10:39:00;298;sem vítima;210;BR-116/SP;Pista Sul;Abalroamento longitudinal;1;3;0;0;0;0;1
25/05/2010;07:51:00;144;sem vítima;219;BR-116/SP;Pista Sul;Engavetamento;1;5;0;0;0;0;1
25/05/2010;14:43:00;421;sem vítima;221,9;BR-116/SP;Pista Norte;Colisão frontal;1;3;0;0;0;0;1
25/05/2010;06:14:00;91;sem vítima;223,8;BR-116/RJ;Pista Norte;Choque Talude;1;1;0;0;0;0;1
25/05/2010;01:02:00;20;com vítima;225;BR-116/SP;Pista Sul;Colisão traseira;2;1;1;0;0;0;1
25/05/2010;12:17:00;353;sem vítima;230,8;BR-116/SP;Pista Sul;Abalroamento longitudinal;1;3;0;0;0;0;1
25/05/2010;00:38:00;11;sem vítima;265,3;BR-116/RJ;Pista Sul;Atropelamento de animal;1;1;0;0;0;0;1
25/05/2010;11:46:00;342;sem vítima;300,1;BR-116/RJ;Pista Sul;Abalroamento longitudinal;1;2;0;0;0;0;1
26/05/2010;00:15:00;9;sem vítima;11,2;BR-116/SP;Pista Sul;Choque em barreira New Jersey;2;2;0;0;0;0;1
26/05/2010;07:34:00;154;sem vítima;22;BR-116/SP;Pista Sul;Choque em objeto na pista;1;2;0;0;0;0;1
26/05/2010;00:37:00;15;sem vítima;84,65;BR-116/SP;Pista Sul;Colisão traseira;2;2;0;0;0;0;1
26/05/2010;08:56:00;218;sem vítima;109,1;BR-116/SP;Pista Sul;Engavetamento;3;4;0;0;0;0;1
26/05/2010;07:17:00;141;sem vítima;156;BR-116/SP;Pista Norte;Abalroamento longitudinal;1;2;0;0;0;0;1
26/05/2010;23:23:00;775;com vítima;162;BR-116/SP;Pista Sul;Abalroamento longitudinal;1;1;1;0;0;0;1
26/05/2010;07:06:00;128;com vítima;165;BR-116/RJ;Pista Norte;Abalroamento longitudinal;1;1;1;0;0;0;1
26/05/2010;07:04:00;125;sem vítima;176;BR-116/RJ;Pista Norte;Abalroamento longitudinal;1;2;0;0;0;0;1
26/05/2010;05:36:00;76;com vítima;176,19;BR-116/RJ;Pista Norte;Engavetamento;2;3;0;0;0;3;3
26/05/2010;08:45:00;208;sem vítima;176,3;BR-116/RJ;Pista Norte;Abalroamento longitudinal;1;2;0;0;0;0;1
26/05/2010;17:22:00;544;sem vítima;178;BR-116/RJ;Pista Sul;Abalroamento longitudinal;1;3;0;0;0;0;1
26/05/2010;09:30:00;249;sem vítima;182;BR-116/SP;Pista Norte;Colisão traseira;1;2;0;0;0;0;1
26/05/2010;21:22:00;717;com vítima;225;BR-116/SP;Pista Norte;Engavetamento;3;5;1;0;0;0;1
26/05/2010;08:58:00;221;sem vítima;272,7;BR-116/RJ;Pista Norte;Colisão traseira;2;3;0;0;0;0;1
26/05/2010;13:04:00;379;sem vítima;287;BR-116/RJ;Pista Norte;Colisão traseira;2;2;0;0;0;0;1
26/05/2010;05:24:00;74;com vítima;287,82;BR-116/RJ;Pista Sul;Colisão traseira;2;1;1;0;0;0;1
27/05/2010;03:13:00;81;com vítima;43,5;BR-116/SP;Pista Norte;Colisão traseira;2;1;0;1;0;0;2
27/05/2010;21:51:00;795;sem vítima;69,5;BR-116/SP;Pista Norte;Engavetamento;2;7;0;0;0;0;1
27/05/2010;04:01:00;97;com vítima;75,65;BR-116/SP;Pista Sul;Colisão traseira;2;1;1;0;0;0;1
27/05/2010;19:11:00;681;com vítima;152,8;BR-116/SP;Pista Sul;Colisão traseira;1;1;1;0;0;0;1
27/05/2010;12:12:00;432;sem vítima;157;BR-116/SP;Pista Norte;Colisão traseira;2;2;0;0;0;0;1
27/05/2010;07:33:00;197;sem vítima;163,95;BR-116/RJ;Pista Norte;Engavetamento;2;31;0;0;0;0;1
27/05/2010;03:02:00;75;sem vítima;171,9;BR-116/RJ;Pista Sul;Abalroamento longitudinal;1;2;0;0;0;0;1
27/05/2010;20:49:00;753;sem vítima;219;BR-116/SP;Pista Sul;Abalroamento longitudinal;1;2;0;0;0;0;1
27/05/2010;20:09:00;726;com vítima;219,15;BR-116/SP;Pista Sul;Colisão traseira;1;2;0;0;0;1;3
27/05/2010;08:33:00;262;sem vítima;224;BR-116/SP;Pista Norte;Colisão traseira;2;2;0;0;0;0;1
27/05/2010;16:37:00;557;sem vítima;225;BR-116/SP;Pista Norte;Colisão traseira;1;4;0;0;0;0;1
27/05/2010;13:24:00;463;sem vítima;230,8;BR-116/SP;Pista Norte;Tombamento;1;1;0;0;0;0;1
27/05/2010;00:34:00;19;sem vítima;261,4;BR-116/RJ;Pista Sul;Choque em objeto na pista;1;2;0;0;0;0;1
27/05/2010;21:01:00;757;sem vítima;273,7;BR-116/RJ;Pista Norte;Abalroamento longitudinal;2;2;0;0;0;0;1
27/05/2010;11:05:00;393;com vítima;307,8;BR-116/RJ;Pista Sul;Choque em objeto fixo;1;1;1;0;0;0;1
28/05/2010;06:12:00;132;sem vítima;46,2;BR-116/SP;Pista Sul;Abalroamento longitudinal;2;2;0;0;0;0;1
28/05/2010;04:27:00;99;sem vítima;85,25;BR-116/SP;Pista Sul;Colisão traseira;1;27;0;0;0;0;1
28/05/2010;11:53:00;384;sem vítima;98,5;BR-116/SP;Pista Norte;Outros;2;2;0;0;0;0;1
28/05/2010;08:48:00;246;sem vítima;129,8;BR-116/SP;Pista Sul;Abalroamento longitudinal;1;2;0;0;0;0;1
28/05/2010;08:19:00;215;com vítima;131,9;BR-116/SP;Pista Sul;Engavetamento;2;2;1;0;0;0;1
28/05/2010;06:17:00;135;sem vítima;165,5;BR-116/RJ;Pista Norte;Abalroamento transversal;1;2;0;0;0;0;1
28/05/2010;14:00:00;448;sem vítima;171;BR-116/RJ;Pista Sul;Abalroamento longitudinal;1;2;0;0;0;0;1
28/05/2010;16:38:00;566;sem vítima;171,7;BR-116/RJ;Pista Sul;Colisão traseira;2;2;0;0;0;0;1
28/05/2010;21:44:00;785;sem vítima;172;BR-116/RJ;Pista Norte;Abalroamento longitudinal;1;2;0;0;0;0;1
28/05/2010;14:41:00;474;sem vítima;210;BR-116/SP;Pista Norte;Colisão traseira;2;3;0;0;0;0;1
28/05/2010;05:15:00;110;sem vítima;212,6;BR-116/SP;Pista Norte;Engavetamento;2;4;0;0;0;0;1
28/05/2010;09:21:00;280;sem vítima;223,5;BR-116/RJ;Pista Sul;Abalroamento longitudinal;1;2;0;0;0;0;1
28/05/2010;16:25:00;556;sem vítima;224,9;BR-116/RJ;Pista Norte;Abalroamento longitudinal;1;6;0;0;0;0;1
28/05/2010;21:16:00;768;sem vítima;231,4;BR-116/SP;Pista Sul;Colisão traseira;1;2;0;0;0;0;1
28/05/2010;05:29:00;113;sem vítima;244,4;BR-116/RJ;Pista Norte;Colisão traseira;2;2;0;0;0;0;1
29/05/2010;15:26:00;433;sem vítima;5,3;BR-116/SP;Pista Sul;Outros;1;1;0;0;0;0;1
29/05/2010;00:13:00;7;sem vítima;130;BR-116/SP;Pista Norte;Abalroamento longitudinal;1;2;0;0;0;0;1
29/05/2010;03:40:00;88;sem vítima;155;BR-116/SP;Pista Sul;Colisão traseira;1;2;0;0;0;0;1
29/05/2010;08:35:00;207;sem vítima;182;BR-116/SP;Pista Norte;Colisão traseira;1;4;0;0;0;0;1
29/05/2010;09:20:00;236;sem vítima;220,5;BR-116/RJ;Pista Norte;Queda de ribanceira;1;1;0;0;0;0;1
29/05/2010;10:59:00;296;sem vítima;273,3;BR-116/RJ;Pista Sul;Outros;1;1;0;0;0;0;1
29/05/2010;09:57:00;259;sem vítima;305;BR-116/RJ;Pista Norte;Abalroamento longitudinal;1;2;0;0;0;0;1
29/05/2010;04:46:00;105;sem vítima;310;BR-116/RJ;Pista Norte;Abalroamento longitudinal;1;2;0;0;0;0;1
30/05/2010;02:55:00;52;sem vítima;179,3;BR-116/RJ;Pista Norte;Choque Talude;1;1;0;0;0;0;1
30/05/2010;19:35:00;531;sem vítima;209,8;BR-116/SP;Pista Sul;Abalroamento longitudinal;1;2;0;0;0;0;1
31/05/2010;17:11:00;574;sem vítima;2,85;BR-116/SP;Pista Sul;Choque em objeto na pista;1;3;0;0;0;0;1
31/05/2010;08:27:00;236;sem vítima;36,6;BR-116/SP;Pista Sul;Abalroamento longitudinal;1;2;0;0;0;0;1
31/05/2010;03:25:00;70;sem vítima;67,55;BR-116/SP;Pista Norte;Choque em barreira New Jersey;2;4;0;0;0;0;1
31/05/2010;06:05:00;120;sem vítima;113,15;BR-116/SP;Pista Norte;Queda de moto;1;2;0;0;0;0;1
31/05/2010;02:00:00;46;sem vítima;125,5;BR-116/SP;Pista Norte;Atropelamento de animal;1;1;0;0;0;0;1
31/05/2010;12:54:00;413;sem vítima;137,7;BR-116/SP;Pista Sul;Choque em barreira New Jersey;1;1;0;0;0;0;1
31/05/2010;18:11:00;623;sem vítima;153;BR-116/SP;Pista Norte;Abalroamento longitudinal;1;2;0;0;0;0;1
31/05/2010;07:06:00;157;sem vítima;165;BR-116/SP;Pista Sul;Colisão traseira;1;2;0;0;0;0;1
31/05/2010;04:48:00;92;sem vítima;179;BR-116/SP;Pista Sul;Colisão traseira;2;2;0;0;0;0;1
31/05/2010;03:01:00;59;sem vítima;217,5;BR-116/SP;Pista Norte;Colisão traseira;1;4;0;0;0;0;1
31/05/2010;14:11:00;463;com vítima;219,8;BR-116/SP;Pista Sul;Choque em objeto na pista;1;28;1;0;0;0;1
31/05/2010;04:00:00;79;com vítima;223;BR-116/SP;Pista Sul;Tombamento;1;0;0;1;0;0;2
31/05/2010;14:49:00;485;sem vítima;226;BR-116/SP;Pista Norte;Colisão traseira;2;2;0;0;0;0;1
31/05/2010;15:08:00;506;sem vítima;226;BR-116/SP;Pista Norte;Abalroamento longitudinal;1;2;0;0;0;0;1
31/05/2010;18:04:00;616;sem vítima;293,3;BR-116/RJ;Pista Sul;Choque em defensa;1;1;0;0;0;0;1
01/06/2010;13:56:00;427;sem vítima;38,2;BR-116/SP;Pista Sul;Colisão traseira;2;2;0;0;0;0;1
01/06/2010;18:21:00;565;sem vítima;106,9;BR-116/SP;Pista Sul;Abalroamento longitudinal;1;2;0;0;0;0;1
01/06/2010;04:51:00;90;sem vítima;132;BR-116/SP;Pista Sul;Colisão traseira;2;2;0;0;0;0;1
01/06/2010;10:58:00;328;sem vítima;164,6;BR-116/RJ;Pista Norte;Colisão traseira;1;37;0;0;0;0;1
01/06/2010;06:44:00;138;com vítima;165;BR-116/SP;Pista Sul;Colisão traseira;2;2;1;0;0;0;1
01/06/2010;07:31:00;179;sem vítima;166,7;BR-116/RJ;Pista Norte;Colisão traseira;1;2;0;0;0;0;1
01/06/2010;08:40:00;234;sem vítima;172,4;BR-116/RJ;Pista Sul;Colisão traseira;2;2;0;0;0;0;1
01/06/2010;09:10:00;258;sem vítima;180;BR-116/RJ;Pista Sul;Choque em veículo parado na pista;1;2;0;0;0;0;1
01/06/2010;13:05:00;400;sem vítima;203;BR-116/SP;Pista Sul;Abalroamento longitudinal;1;2;0;0;0;0;1
01/06/2010;06:36:00;133;sem vítima;223,3;BR-116/RJ;Pista Norte;Colisão traseira;2;2;0;0;0;0;1
01/06/2010;04:12:00;84;com vítima;255,1;BR-116/RJ;Pista Norte;Colisão traseira;2;1;1;0;0;0;1
01/06/2010;01:31:00;38;sem vítima;258,5;BR-116/RJ;Pista Sul;Tombamento;1;1;0;0;0;0;1
01/06/2010;05:30:00;103;sem vítima;284,7;BR-116/RJ;Pista Sul;Colisão traseira;1;2;0;0;0;0;1
01/06/2010;05:42:00;104;com vítima;284,7;BR-116/RJ;Pista Sul;Choque em veículo parado na pista;2;1;2;1;0;1;3
02/06/2010;14:08:00;386;sem vítima;135,6;BR-116/SP;Pista Norte;Engavetamento;1;3;0;0;0;0;1
02/06/2010;23:37:00;729;sem vítima;147,2;BR-116/SP;Pista Sul;Colisão traseira;1;2;0;0;0;0;1
02/06/2010;20:07:00;631;sem vítima;149;BR-116/SP;Pista Sul;Não Def;2;2;0;0;0;0;1
02/06/2010;23:45:00;732;sem vítima;184,3;BR-116/RJ;Pista Norte;Colisão traseira;1;4;0;0;0;0;1
02/06/2010;17:30:00;536;com vítima;216,4;BR-116/SP;Pista Norte;Outros;1;5;1;0;0;0;1
02/06/2010;05:53:00;88;sem vítima;220,6;BR-116/RJ;Pista Norte;Colisão traseira;1;2;0;0;0;0;1
02/06/2010;08:38:00;203;sem vítima;305;BR-116/RJ;Pista Norte;Abalroamento longitudinal;1;2;0;0;0;0;1
02/06/2010;16:25:00;487;com vítima;310;BR-116/RJ;Pista Sul;Abalroamento longitudinal;1;2;0;1;0;0;2
03/06/2010;14:38:00;397;sem vítima;70,7;BR-116/SP;Pista Norte;Choque em barreira New Jersey;1;1;0;0;0;0;1
03/06/2010;06:24:00;123;com vítima;128;BR-116/SP;Pista Sul;Engavetamento;1;3;1;0;0;0;1
03/06/2010;16:53:00;465;sem vítima;132;BR-116/SP;Pista Sul;Abalroamento longitudinal;1;5;0;0;0;0;1
03/06/2010;12:25:00;339;sem vítima;164,6;BR-116/RJ;Pista Norte;Abalroamento longitudinal;1;4;0;0;0;0;1
03/06/2010;17:48:00;494;sem vítima;165;BR-116/SP;Pista Sul;Colisão traseira;1;3;0;0;0;0;1
03/06/2010;18:17:00;507;sem vítima;180;BR-116/SP;Pista Sul;Colisão traseira;1;2;0;0;0;0;1
03/06/2010;00:27:00;16;sem vítima;211;BR-116/SP;Pista Norte;Colisão traseira;2;2;0;0;0;0;1
03/06/2010;16:41:00;459;sem vítima;301,5;BR-116/RJ;Pista Sul;Choque em defensa;1;1;0;0;0;0;1
04/06/2010;07:32:00;158;sem vítima;165,2;BR-116/RJ;Pista Norte;Choque em objeto fixo;1;1;0;0;0;0;1
04/06/2010;10:50:00;288;sem vítima;178,5;BR-116/RJ;Pista Sul;Colisão traseira;1;4;0;0;0;0;1
04/06/2010;02:38:00;54;com vítima;183,5;BR-116/RJ;Pista Sul;Engavetamento;1;5;3;0;0;0;1
04/06/2010;10:03:00;268;sem vítima;193,5;BR-116/RJ;Pista Sul;Colisão traseira;2;3;0;0;0;0;1
04/06/2010;13:45:00;401;sem vítima;198;BR-116/RJ;Pista Sul;Engavetamento;3;3;0;0;0;0;1
04/06/2010;16:12:00;508;sem vítima;207;BR-116/RJ;Pista Sul;Colisão traseira;1;2;0;0;0;0;1
04/06/2010;17:11:00;545;sem vítima;208;BR-116/RJ;Pista Sul;Abalroamento longitudinal;1;2;0;0;0;0;1
04/06/2010;20:39:00;680;sem vítima;221,2;BR-116/SP;Pista Norte;Abalroamento longitudinal;1;6;0;0;0;0;1
04/06/2010;15:19:00;476;sem vítima;223;BR-116/SP;Pista Sul;Abalroamento longitudinal;1;2;0;0;0;0;1
04/06/2010;17:55:00;587;com vítima;223,64;BR-116/RJ;Pista Norte;Tombamento;1;0;1;0;0;0;1
05/06/2010;04:25:00;81;sem vítima;150;BR-116/SP;Pista Sul;Abalroamento longitudinal;2;2;0;0;0;0;1
05/06/2010;11:02:00;247;sem vítima;157;BR-116/SP;Pista Norte;Colisão traseira;1;4;0;0;0;0;1
05/06/2010;09:37:00;212;sem vítima;163;BR-116/RJ;Pista Norte;Abalroamento longitudinal;1;2;0;0;0;0;1
05/06/2010;00:30:00;14;sem vítima;165,2;BR-116/SP;Pista Sul;Choque em objeto fixo;1;1;0;0;0;0;1
05/06/2010;08:08:00;168;com vítima;169;BR-116/RJ;Pista Norte;Colisão traseira;1;1;1;0;0;0;1
05/06/2010;09:14:00;200;com vítima;182;BR-116/SP;Pista Sul;Tombamento;1;0;1;0;0;0;1
05/06/2010;18:42:00;483;sem vítima;196,2;BR-116/SP;Pista Sul;Colisão traseira;1;2;0;0;0;0;1
05/06/2010;21:34:00;557;sem vítima;221;BR-116/SP;Pista Norte;Colisão traseira;1;2;0;0;0;0;1
05/06/2010;01:22:00;25;com vítima;227,45;BR-116/SP;Pista Norte;Colisão traseira;1;3;2;0;0;0;1
05/06/2010;12:20:00;281;sem vítima;305,2;BR-116/RJ;Pista Norte;Choque em objeto na pista;1;2;0;0;0;0;1
06/06/2010;06:03:00;91;sem vítima;176,6;BR-116/RJ;Pista Sul;Outros;1;1;0;0;0;0;1
07/06/2010;16:16:00;491;sem vítima;141,7;BR-116/SP;Pista Sul;Engavetamento;1;4;0;0;0;0;1
07/06/2010;22:06:00;727;sem vítima;145;BR-116/SP;Pista Norte;Choque em objeto na pista;2;2;0;0;0;0;1
07/06/2010;18:09:00;579;com vítima;154;BR-116/SP;Pista Sul;Engavetamento;1;13;1;0;0;0;1
07/06/2010;08:39:00;198;sem vítima;164,9;BR-116/RJ;Pista Norte;Abalroamento longitudinal;1;55;0;0;0;0;1
07/06/2010;16:22:00;497;sem vítima;170,7;BR-116/RJ;Pista Sul;Colisão traseira;2;2;0;0;0;0;1
07/06/2010;07:07:00;121;sem vítima;171,9;BR-116/RJ;Pista Sul;Abalroamento longitudinal;1;16;0;0;0;0;1
07/06/2010;08:45:00;206;sem vítima;199;BR-116/RJ;Pista Sul;Abalroamento longitudinal;1;2;0;0;0;0;1
07/06/2010;23:24:00;766;sem vítima;209,5;BR-116/RJ;Pista Sul;Colisão traseira;1;2;0;0;0;0;1
08/06/2010;02:47:00;55;sem vítima;85;BR-116/SP;Pista Norte;Choque em barreira New Jersey;1;1;0;0;0;0;1
08/06/2010;09:56:00;286;sem vítima;152;BR-116/SP;Pista Norte;Abalroamento longitudinal;1;6;0;0;0;0;1
08/06/2010;18:26:00;610;sem vítima;163,8;BR-116/RJ;Pista Sul;Colisão traseira;1;51;0;0;0;0;1
08/06/2010;20:02:00;680;sem vítima;172,8;BR-116/RJ;Pista Sul;Abalroamento longitudinal;1;2;0;0;0;0;1
08/06/2010;06:25:00;108;sem vítima;176,3;BR-116/RJ;Pista Norte;Colisão traseira;1;4;0;0;0;0;1
08/06/2010;21:49:00;746;sem vítima;185,7;BR-116/SP;Pista Sul;Colisão traseira;2;2;0;0;0;0;1
08/06/2010;12:32:00;389;sem vítima;207;BR-116/RJ;Pista Sul;Colisão traseira;1;2;0;0;0;0;1
08/06/2010;14:52:00;469;com vítima;211,5;BR-116/SP;Pista Norte;Engavetamento;3;4;4;0;0;0;1
08/06/2010;21:29:00;726;sem vítima;217;BR-116/SP;Pista Norte;Abalroamento longitudinal;1;2;0;0;0;0;1
08/06/2010;00:20:00;7;sem vítima;246;BR-116/RJ;Pista Sul;Colisão traseira;2;2;0;0;0;0;1
09/06/2010;05:45:00;107;sem vítima;27;BR-116/SP;Pista Norte;Abalroamento longitudinal;1;2;0;0;0;0;1
09/06/2010;23:58:00;769;sem vítima;81,8;BR-116/SP;Pista Sul;Choque em veículo parado na pista;2;2;0;0;0;0;1
09/06/2010;06:21:00;120;sem vítima;174,2;BR-116/RJ;Pista Norte;Engavetamento;1;3;0;0;0;0;1
09/06/2010;09:06:00;270;sem vítima;204;BR-116/SP;Pista Sul;Colisão traseira;1;2;0;0;0;0;1
09/06/2010;20:54:00;691;com vítima;206,6;BR-116/SP;Pista Norte;Atropelamento de pedestre atravessando;2;4;0;1;0;0;2
09/06/2010;15:21:00;482;sem vítima;219;BR-116/SP;Pista Sul;Colisão traseira;1;2;0;0;0;0;1
09/06/2010;21:18:00;702;com vítima;228,8;BR-116/SP;Pista Norte;Atropelamento de pedestre atravessando;1;2;0;0;1;1;3
09/06/2010;19:39:00;657;sem vítima;229;BR-116/RJ;Pista Norte;Abalroamento longitudinal;1;2;0;0;0;0;1
09/06/2010;23:45:00;767;sem vítima;265,8;BR-116/RJ;Pista Norte;Choque em veículo parado na pista;1;3;0;0;0;0;1
09/06/2010;05:59:00;112;sem vítima;303;BR-116/RJ;Pista Norte;Abalroamento longitudinal;1;2;0;0;0;0;1
09/06/2010;23:09:00;752;sem vítima;316;BR-116/RJ;Pista Sul;Colisão traseira;2;2;0;0;0;0;1
10/06/2010;23:20:00;724;sem vítima;29,65;BR-116/SP;Pista Norte;Colisão traseira;2;2;0;0;0;0;1
10/06/2010;09:44:00;249;sem vítima;109;BR-116/SP;Pista Sul;Abalroamento longitudinal;1;2;0;0;0;0;1
10/06/2010;08:15:00;173;com vítima;145,7;BR-116/SP;Pista Sul;Colisão traseira;1;1;1;0;0;0;1
10/06/2010;22:31:00;706;sem vítima;149;BR-116/SP;Pista Norte;Colisão traseira;2;3;0;0;0;0;1
10/06/2010;08:17:00;172;sem vítima;158;BR-116/SP;Pista Norte;Queda de moto;1;3;0;0;0;0;1
10/06/2010;09:54:00;264;sem vítima;165;BR-116/SP;Pista Sul;Colisão traseira;1;2;0;0;0;0;1
10/06/2010;07:32:00;135;sem vítima;182;BR-116/SP;Pista Norte;Colisão traseira;2;2;0;0;0;0;1
10/06/2010;03:04:00;47;sem vítima;207,5;BR-116/RJ;Pista Norte;Abalroamento longitudinal;1;2;0;0;0;0;1
10/06/2010;19:19:00;622;sem vítima;214;BR-116/SP;Pista Sul;Abalroamento longitudinal;1;6;0;0;0;0;1
10/06/2010;17:05:00;534;sem vítima;218,6;BR-116/SP;Pista Sul;Colisão traseira;1;2;0;0;0;0;1
10/06/2010;21:52:00;692;com vítima;218,8;BR-116/SP;Pista Norte;Abalroamento longitudinal;1;3;2;0;0;0;1
10/06/2010;10:51:00;308;com vítima;229,4;BR-116/RJ;Pista Norte;Engavetamento;2;2;0;0;0;1;3
10/06/2010;17:37:00;557;sem vítima;262;BR-116/RJ;Pista Norte;Choque em veículo parado na pista;1;3;0;0;0;0;1
10/06/2010;23:55:00;739;sem vítima;310,35;BR-116/RJ;Pista Norte;Choque em barreira New Jersey;1;1;0;0;0;0;1
11/06/2010;06:30:00;81;sem vítima;53,3;BR-116/SP;Pista Norte;Abalroamento longitudinal;2;2;0;0;0;0;1
11/06/2010;21:52:00;699;sem vítima;86,58;BR-116/SP;Pista Sul;Choque em defensa;1;1;0;0;0;0;1
11/06/2010;12:23:00;336;sem vítima;155;BR-116/SP;Pista Sul;Choque em objeto na pista;1;2;0;0;0;0;1
11/06/2010;12:27:00;337;sem vítima;165;BR-116/SP;Pista Sul;Colisão traseira;1;2;0;0;0;0;1
11/06/2010;18:08:00;551;sem vítima;165;BR-116/SP;Pista Norte;Choque em objeto fixo;1;1;0;0;0;0;1
11/06/2010;20:50:00;661;sem vítima;167,6;BR-116/RJ;Pista Sul;Choque em veículo parado na pista;1;2;0;0;0;0;1
11/06/2010;20:06:00;643;sem vítima;173,4;BR-116/RJ;Pista Sul;Abalroamento longitudinal;1;2;0;0;0;0;1
11/06/2010;09:50:00;239;com vítima;182;BR-116/SP;Pista Norte;Colisão traseira;1;3;1;0;0;0;1
11/06/2010;06:36:00;86;com vítima;192;BR-116/RJ;Pista Sul;Queda de moto;1;3;0;1;0;0;2
11/06/2010;15:39:00;443;com vítima;206;BR-116/SP;Pista Norte;Outros;1;0;1;0;0;0;1
11/06/2010;07:38:00;122;com vítima;222;BR-116/SP;Pista Sul;Colisão traseira;1;2;1;0;0;0;1
11/06/2010;07:39:00;124;sem vítima;227;BR-116/RJ;Pista Norte;Choque em barreira New Jersey;1;1;0;0;0;0;1
11/06/2010;12:56:00;352;sem vítima;230,5;BR-116/RJ;Pista Sul;Engavetamento;2;4;0;0;0;0;1
12/06/2010;00:35:00;18;sem vítima;51,7;BR-116/SP;Pista Norte;Atropelamento de animal;1;1;0;0;0;0;1
12/06/2010;16:42:00;483;sem vítima;146,63;BR-116/SP;Pista Sul;Abalroamento longitudinal;1;5;0;0;0;0;1
12/06/2010;18:35:00;545;sem vítima;179;BR-116/SP;Pista Sul;Outros;1;1;0;0;0;0;1
12/06/2010;04:26:00;98;com vítima;218,3;BR-116/RJ;Pista Norte;Engavetamento;3;4;0;1;0;0;2
12/06/2010;10:21:00;275;com vítima;227,2;BR-116/RJ;Pista Norte;Tombamento;1;0;1;0;0;0;1
12/06/2010;05:02:00;108;sem vítima;264;BR-116/RJ;Pista Norte;Abalroamento longitudinal;1;2;0;0;0;0;1
12/06/2010;08:15:00;197;sem vítima;268,4;BR-116/RJ;Pista Norte;Colisão traseira;1;2;0;0;0;0;1
13/06/2010;20:58:00;540;sem vítima;47,5;BR-116/SP;Pista Sul;Abalroamento longitudinal;1;3;0;0;0;0;1
13/06/2010;23:12:00;603;sem vítima;87;BR-116/SP;Pista Norte;Choque em objeto fixo;1;1;0;0;0;0;1
13/06/2010;09:50:00;212;com vítima;171,8;BR-116/RJ;Pista Sul;Abalroamento longitudinal;1;5;2;0;0;0;1
13/06/2010;19:47:00;502;sem vítima;174,8;BR-116/RJ;Pista Norte;Abalroamento longitudinal;1;2;0;0;0;0;1
13/06/2010;06:37:00;109;com vítima;219;BR-116/SP;Pista Sul;Tombamento;1;2;3;0;0;0;1
13/06/2010;08:06:00;149;sem vítima;223,9;BR-116/RJ;Pista Norte;Abalroamento longitudinal;1;2;0;0;0;0;1
13/06/2010;05:23:00;85;sem vítima;293;BR-116/RJ;Pista Sul;Choque em defensa;1;1;0;0;0;0;1
13/06/2010;18:44:00;457;sem vítima;302,5;BR-116/RJ;Pista Norte;Colisão traseira;2;2;0;0;0;0;1
14/06/2010;04:49:00;68;sem vítima;45,3;BR-116/SP;Pista Norte;Colisão traseira;1;2;0;0;0;0;1
14/06/2010;06:49:00;128;sem vítima;65,05;BR-116/SP;Pista Sul;Colisão traseira;1;5;0;0;0;0;1
14/06/2010;06:43:00;122;com vítima;146,1;BR-116/SP;Pista Norte;Colisão traseira;1;1;1;0;0;0;1
14/06/2010;07:12:00;149;sem vítima;157;BR-116/SP;Pista Norte;Colisão traseira;2;2;0;0;0;0;1
14/06/2010;19:22:00;601;sem vítima;172,65;BR-116/RJ;Pista Sul;Colisão traseira;1;2;0;0;0;0;1
14/06/2010;12:15:00;345;sem vítima;176;BR-116/RJ;Pista Norte;Outros;1;2;0;0;0;0;1
14/06/2010;03:03:00;50;sem vítima;192,2;BR-116/RJ;Pista Norte;Atropelamento de animal;1;1;0;0;0;0;1