data;horario;n_da_ocorrencia;tipo_de_ocorrencia;km;trecho;sentido;tipo_de_acidente;caminhao;ilesos;levemente_feridos;moderadamente_feridos;gravemente_feridos;mortos;3
14/06/2010;04:48:00;69;sem vítima;204;BR-116/SP;Pista Sul;Choque em objeto na pista;1;1;0;0;0;0;1
14/06/2010;16:08:00;490;sem vítima;215;BR-116/SP;Pista Norte;Choque em barreira New Jersey;1;2;0;0;0;0;1
14/06/2010;17:55:00;546;sem vítima;219,4;BR-116/SP;Pista Norte;Abalroamento longitudinal;2;2;0;0;0;0;1
14/06/2010;14:50:00;440;com vítima;225;BR-116/SP;Pista Norte;Engavetamento;1;5;2;0;0;0;1
14/06/2010;16:11:00;492;com vítima;230,8;BR-116/SP;Pista Sul;Colisão traseira;1;4;1;0;0;0;1
14/06/2010;09:24:00;260;sem vítima;237,6;BR-116/RJ;Pista Norte;Tombamento;1;1;0;0;0;0;1
14/06/2010;16:33:00;502;com vítima;294,16;BR-116/RJ;Pista Sul;Abalroamento longitudinal;1;0;2;0;0;0;1
15/06/2010;20:37:00;662;sem vítima;69,15;BR-116/SP;Pista Norte;Colisão traseira;1;2;0;0;0;0;1
15/06/2010;21:10:00;680;sem vítima;143,2;BR-116/SP;Pista Norte;Colisão traseira;1;18;0;0;0;0;1
15/06/2010;09:07:00;243;sem vítima;165;BR-116/RJ;Pista Sul;Choque em defensa;2;2;0;0;0;0;1
15/06/2010;09:19:00;253;sem vítima;165;BR-116/SP;Pista Sul;Colisão traseira;1;2;0;0;0;0;1
15/06/2010;09:29:00;261;sem vítima;165,3;BR-116/RJ;Pista Sul;Colisão traseira;1;3;0;0;0;0;1
15/06/2010;15:42:00;523;sem vítima;195,8;BR-116/RJ;Pista Norte;Outros;1;5;0;0;0;0;1
15/06/2010;13:18:00;417;sem vítima;218,5;BR-116/RJ;Pista Sul;Abalroamento longitudinal;1;2;0;0;0;0;1
15/06/2010;16:04:00;534;sem vítima;223,2;BR-116/SP;Pista Sul;Colisão traseira;1;3;0;0;0;0;1
15/06/2010;14:34:00;478;com vítima;269,4;BR-116/RJ;Pista Norte;Tombamento;2;3;1;0;0;0;1
15/06/2010;19:29:00;630;sem vítima;270,25;BR-116/RJ;Pista Norte;Abalroamento longitudinal;1;6;0;0;0;0;1
15/06/2010;15:49:00;524;sem vítima;298,6;BR-116/RJ;Pista Sul;Abalroamento longitudinal;1;2;0;0;0;0;1
16/06/2010;12:07:00;312;sem vítima;88;BR-116/SP;Pista Sul;Colisão traseira;2;6;0;0;0;0;1
16/06/2010;07:36:00;149;com vítima;88,5;BR-116/SP;Pista Sul;Engavetamento;9;8;7;0;2;1;3
16/06/2010;07:23:00;504;com vítima;88,6;BR-116/SP;Pista Sul;Engavetamento;2;6;1;0;0;0;1
16/06/2010;07:12:00;509;sem vítima;89,1;BR-116/SP;Pista Sul;Colisão traseira;2;3;0;0;0;0;1
16/06/2010;07:32:00;247;sem vítima;89,5;BR-116/SP;Pista Norte;Colisão traseira;3;4;0;0;0;0;1
16/06/2010;07:40:00;280;com vítima;89,7;BR-116/SP;Pista Sul;Colisão traseira;1;1;0;0;1;0;2
16/06/2010;10:30:00;458;sem vítima;89,7;BR-116/SP;Pista Norte;Colisão traseira;2;5;0;0;0;0;1
16/06/2010;07:36:00;251;com vítima;89,95;BR-116/SP;Pista Norte;Engavetamento;2;24;1;0;0;0;1
16/06/2010;11:01:00;286;sem vítima;90;BR-116/SP;Pista Norte;Colisão traseira;3;5;0;0;0;0;1
16/06/2010;07:24:00;137;sem vítima;91,6;BR-116/SP;Pista Norte;Engavetamento;2;8;0;0;0;0;1
16/06/2010;07:40:00;153;sem vítima;114;BR-116/SP;Pista Norte;Colisão traseira;1;2;0;0;0;0;1
16/06/2010;08:00:00;168;sem vítima;130,3;BR-116/SP;Pista Norte;Outros;1;2;0;0;0;0;1
16/06/2010;07:20:00;134;sem vítima;158;BR-116/SP;Pista Norte;Colisão traseira;2;2;0;0;0;0;1
16/06/2010;08:46:00;195;sem vítima;164;BR-116/SP;Pista Norte;Colisão traseira;1;3;0;0;0;0;1
16/06/2010;10:23:00;258;sem vítima;165,5;BR-116/RJ;Pista Sul;Abalroamento longitudinal;1;2;0;0;0;0;1
16/06/2010;06:35:00;100;sem vítima;171,5;BR-116/RJ;Pista Norte;Colisão traseira;1;4;0;0;0;0;1
16/06/2010;05:59:00;84;sem vítima;178,9;BR-116/SP;Pista Sul;Choque em objeto fixo;1;1;0;0;0;0;1
16/06/2010;04:38:00;66;sem vítima;204;BR-116/SP;Pista Sul;Colisão traseira;2;2;0;0;0;0;1
16/06/2010;19:14:00;571;sem vítima;224,8;BR-116/SP;Pista Norte;Abalroamento longitudinal;1;2;0;0;0;0;1
17/06/2010;12:28:00;351;sem vítima;83;BR-116/SP;Pista Norte;Colisão traseira;1;3;0;0;0;0;1
17/06/2010;13:12:00;368;sem vítima;87;BR-116/SP;Pista Sul;Colisão traseira;2;2;0;0;0;0;1
17/06/2010;07:30:00;143;com vítima;178,2;BR-116/RJ;Pista Norte;Engavetamento;2;2;1;0;0;0;1
17/06/2010;11:40:00;327;sem vítima;178,2;BR-116/RJ;Pista Sul;Abalroamento longitudinal;1;2;0;0;0;0;1
17/06/2010;16:27:00;491;com vítima;178,3;BR-116/RJ;Pista Norte;Abalroamento longitudinal;1;2;1;0;0;0;1
17/06/2010;08:06:00;165;sem vítima;207,5;BR-116/RJ;Pista Norte;Outros;2;2;0;0;0;0;1
17/06/2010;06:57:00;114;sem vítima;217;BR-116/RJ;Pista Norte;Outros;2;2;0;0;0;0;1
17/06/2010;03:29:00;47;sem vítima;252;BR-116/RJ;Pista Norte;Choque em objeto na pista;1;1;0;0;0;0;1
18/06/2010;07:37:00;147;sem vítima;145;BR-116/SP;Pista Sul;Colisão traseira;1;5;0;0;0;0;1
18/06/2010;13:38:00;398;sem vítima;159;BR-116/SP;Pista Norte;Colisão traseira;1;34;0;0;0;0;1
18/06/2010;14:35:00;434;sem vítima;173;BR-116/RJ;Pista Sul;Abalroamento longitudinal;1;2;0;0;0;0;1
18/06/2010;21:52:00;763;sem vítima;184,6;BR-116/RJ;Pista Norte;Choque em defensa;1;2;0;0;0;0;1
18/06/2010;03:30:00;53;sem vítima;197,6;BR-116/SP;Pista Sul;Outros;1;1;0;0;0;0;1
18/06/2010;11:56:00;340;sem vítima;204;BR-116/SP;Pista Sul;Abalroamento longitudinal;2;3;0;0;0;0;1
18/06/2010;07:10:00;127;sem vítima;216;BR-116/SP;Pista Sul;Colisão traseira;2;3;0;0;0;0;1
18/06/2010;09:02:00;228;sem vítima;223;BR-116/SP;Pista Sul;Abalroamento longitudinal;1;3;0;0;0;0;1
18/06/2010;05:58:00;86;sem vítima;227;BR-116/SP;Pista Sul;Colisão traseira;1;2;0;0;0;0;1
18/06/2010;10:27:00;283;sem vítima;230,7;BR-116/SP;Pista Sul;Abalroamento longitudinal;1;3;0;0;0;0;1
18/06/2010;15:06:00;461;com vítima;230,7;BR-116/SP;Pista Sul;Abalroamento longitudinal;1;33;1;0;0;0;1
18/06/2010;12:17:00;352;sem vítima;290;BR-116/RJ;Pista Norte;Outros;1;2;0;0;0;0;1
18/06/2010;17:17:00;562;sem vítima;295,5;BR-116/RJ;Pista Sul;Colisão traseira;2;2;0;0;0;0;1
19/06/2010;10:08:00;249;sem vítima;165;BR-116/SP;Pista Norte;Abalroamento longitudinal;1;2;0;0;0;0;1
19/06/2010;12:36:00;345;com vítima;168,9;BR-116/RJ;Pista Norte;Atropelamento de pedestre atravessando;1;1;0;1;0;0;2
19/06/2010;01:51:00;38;sem vítima;190,9;BR-116/RJ;Pista Norte;Colisão traseira;2;2;0;0;0;0;1
19/06/2010;15:20:00;450;sem vítima;215;BR-116/SP;Pista Sul;Colisão traseira;1;3;0;0;0;0;1
19/06/2010;23:00:00;718;sem vítima;217,8;BR-116/SP;Pista Norte;Abalroamento longitudinal;1;4;0;0;0;0;1
19/06/2010;08:32:00;185;com vítima;218;BR-116/SP;Pista Sul;Engavetamento;1;9;1;0;0;0;1
19/06/2010;09:52:00;235;sem vítima;219;BR-116/SP;Pista Sul;Engavetamento;2;4;0;0;0;0;1
20/06/2010;14:44:00;370;com vítima;109,4;BR-116/SP;Pista Norte;Abalroamento longitudinal;1;1;1;1;0;0;2
20/06/2010;15:02:00;382;sem vítima;109,5;BR-116/SP;Pista Norte;Abalroamento longitudinal;1;3;0;0;0;0;1
21/06/2010;00:59:00;16;com vítima;142;BR-116/SP;Pista Sul;Colisão traseira;1;1;0;1;0;0;2
21/06/2010;19:30:00;607;sem vítima;156;BR-116/SP;Pista Norte;Engavetamento;1;4;0;0;0;0;1
21/06/2010;18:46:00;589;sem vítima;165,7;BR-116/RJ;Pista Sul;Engavetamento;1;3;0;0;0;0;1
21/06/2010;07:41:00;176;sem vítima;165,8;BR-116/RJ;Pista Norte;Colisão traseira;1;2;0;0;0;0;1
21/06/2010;14:03:00;425;sem vítima;184,45;BR-116/RJ;Pista Norte;Abalroamento longitudinal;1;2;0;0;0;0;1
21/06/2010;04:11:00;91;com vítima;197,3;BR-116/SP;Pista Sul;Outros;1;1;0;1;0;0;2
21/06/2010;17:58:00;551;com vítima;223,4;BR-116/SP;Pista Norte;Abalroamento longitudinal;1;1;1;0;0;0;1
22/06/2010;22:29:00;681;sem vítima;143,3;BR-116/SP;Pista Norte;Choque em barreira New Jersey;1;1;0;0;0;0;1
22/06/2010;21:55:00;665;sem vítima;166;BR-116/SP;Pista Norte;Colisão traseira;2;2;0;0;0;0;1
22/06/2010;08:07:00;158;sem vítima;175,3;BR-116/RJ;Pista Sul;Colisão traseira;1;4;0;0;0;0;1
22/06/2010;06:16:00;82;sem vítima;175,5;BR-116/RJ;Pista Norte;Engavetamento;1;4;0;0;0;0;1
22/06/2010;04:46:00;63;com vítima;175,6;BR-116/SP;Pista Sul;Colisão traseira;2;2;0;1;0;0;2
22/06/2010;20:26:00;633;sem vítima;175,8;BR-116/SP;Pista Norte;Colisão traseira;2;2;0;0;0;0;1
22/06/2010;14:02:00;394;sem vítima;182;BR-116/SP;Pista Norte;Colisão traseira;2;2;0;0;0;0;1
22/06/2010;13:04:00;363;com vítima;187,6;BR-116/RJ;Pista Norte;Colisão traseira;2;1;0;1;0;0;2
22/06/2010;08:16:00;164;sem vítima;199;BR-116/SP;Pista Sul;Outros;2;2;0;0;0;0;1
22/06/2010;13:24:00;376;sem vítima;202,8;BR-116/SP;Pista Norte;Engavetamento;1;5;0;0;0;0;1
22/06/2010;21:57:00;669;com vítima;220,3;BR-116/RJ;Pista Sul;Tombamento;1;0;1;0;0;0;1
22/06/2010;06:35:00;95;sem vítima;222;BR-116/SP;Pista Norte;Abalroamento longitudinal;1;2;0;0;0;0;1
22/06/2010;12:24:00;340;sem vítima;223,8;BR-116/SP;Pista Norte;Colisão traseira;2;2;0;0;0;0;1
22/06/2010;17:46:00;537;sem vítima;226;BR-116/SP;Pista Norte;Colisão traseira;1;5;0;0;0;0;1
22/06/2010;19:22:00;599;sem vítima;227,6;BR-116/SP;Pista Norte;Choque em objeto fixo;1;1;0;0;0;0;1
23/06/2010;02:08:00;32;sem vítima;12;BR-116/SP;Pista Norte;Choque em barreira New Jersey;1;1;0;0;0;0;1
23/06/2010;08:18:00;182;sem vítima;22,2;BR-116/SP;Pista Sul;Outros;1;1;0;0;0;0;1
23/06/2010;09:35:00;248;sem vítima;22,2;BR-116/SP;Pista Sul;Choque em objeto na pista;1;1;0;0;0;0;1
23/06/2010;00:11:00;7;sem vítima;26,85;BR-116/SP;Pista Sul;Tombamento;1;2;0;0;0;0;1
23/06/2010;17:14:00;505;sem vítima;29,55;BR-116/SP;Pista Sul;Colisão traseira;1;5;0;0;0;0;1
23/06/2010;12:38:00;351;com vítima;172,5;BR-116/RJ;Pista Sul;Colisão traseira;2;1;1;0;0;0;1
23/06/2010;17:48:00;528;sem vítima;173;BR-116/RJ;Pista Sul;Abalroamento longitudinal;1;2;0;0;0;0;1
23/06/2010;00:49:00;19;sem vítima;226;BR-116/RJ;Pista Norte;Choque Talude;1;1;0;0;0;0;1
23/06/2010;22:17:00;697;com vítima;273,46;BR-116/RJ;Pista Sul;Choque em barreira New Jersey;1;0;1;0;0;0;1
24/06/2010;16:58:00;546;sem vítima;100,5;BR-116/SP;Pista Norte;Abalroamento longitudinal;2;2;0;0;0;0;1
24/06/2010;13:05:00;424;sem vítima;112,1;BR-116/SP;Pista Norte;Colisão traseira;2;3;0;0;0;0;1
24/06/2010;14:31:00;466;sem vítima;113;BR-116/SP;Pista Norte;Colisão traseira;2;2;0;0;0;0;1
24/06/2010;18:37:00;615;com vítima;158,9;BR-116/SP;Pista Norte;Engavetamento;1;4;1;0;0;0;1
24/06/2010;20:37:00;699;sem vítima;167;BR-116/RJ;Pista Sul;Choque em veículo parado na pista;1;2;0;0;0;0;1
24/06/2010;19:20:00;643;sem vítima;174,8;BR-116/RJ;Pista Sul;Engavetamento;1;3;0;0;0;0;1
24/06/2010;05:54:00;138;sem vítima;210;BR-116/SP;Pista Norte;Tombamento;1;2;0;0;0;0;1
24/06/2010;10:14:00;330;sem vítima;211;BR-116/SP;Pista Norte;Colisão traseira;1;2;0;0;0;0;1
24/06/2010;18:17:00;603;sem vítima;217,9;BR-116/SP;Pista Norte;Abalroamento longitudinal;1;4;0;0;0;0;1
24/06/2010;11:19:00;368;sem vítima;224,3;BR-116/RJ;Pista Norte;Abalroamento longitudinal;2;3;0;0;0;0;1
24/06/2010;21:16:00;735;sem vítima;226;BR-116/SP;Pista Norte;Colisão traseira;1;5;0;0;0;0;1
25/06/2010;05:43:00;114;sem vítima;169,6;BR-116/SP;Pista Sul;Tombamento;1;2;0;0;0;0;1
25/06/2010;15:12:00;418;sem vítima;197,8;BR-116/SP;Pista Sul;Abalroamento longitudinal;1;2;0;0;0;0;1
25/06/2010;19:45:00;587;sem vítima;227,5;BR-116/SP;Pista Norte;Abalroamento longitudinal;1;2;0;0;0;0;1
25/06/2010;18:35:00;535;sem vítima;228,9;BR-116/SP;Pista Sul;Choque em objeto na pista;1;6;0;0;0;0;1
26/06/2010;14:39:00;306;sem vítima;81;BR-116/SP;Pista Norte;Colisão frontal;1;4;0;0;0;0;1
26/06/2010;09:23:00;182;com vítima;172;BR-116/RJ;Pista Norte;Colisão traseira;1;1;1;0;0;0;1
26/06/2010;09:37:00;189;sem vítima;229,8;BR-116/SP;Pista Sul;Abalroamento longitudinal;1;2;0;0;0;0;1
26/06/2010;00:03:00;1;sem vítima;263;BR-116/RJ;Pista Sul;Colisão traseira;1;3;0;0;0;0;1
26/06/2010;03:48:00;67;sem vítima;296;BR-116/RJ;Pista Sul;Colisão traseira;1;2;0;0;0;0;1
27/06/2010;17:58:00;431;sem vítima;87;BR-116/SP;Pista Sul;Colisão traseira;1;3;0;0;0;0;1
27/06/2010;00:42:00;21;sem vítima;196,45;BR-116/RJ;Pista Sul;Atropelamento de animal;1;7;0;0;0;0;1
27/06/2010;17:19:00;402;com vítima;205,6;BR-116/RJ;Pista Sul;Colisão traseira;1;1;0;0;1;1;3
27/06/2010;21:28:00;558;sem vítima;228,3;BR-116/RJ;Pista Sul;Tombamento;1;1;0;0;0;0;1
27/06/2010;10:29:00;208;sem vítima;281,1;BR-116/RJ;Pista Sul;Abalroamento longitudinal;1;2;0;0;0;0;1
28/06/2010;19:56:00;640;com vítima;6,8;BR-116/SP;Pista Norte;Choque em defensa;1;0;1;0;0;0;1
28/06/2010;07:16:00;152;com vítima;61,5;BR-116/SP;Pista Norte;Colisão traseira;2;1;0;2;0;0;2
28/06/2010;09:45:00;276;sem vítima;166,4;BR-116/RJ;Pista Sul;Engavetamento;1;4;0;0;0;0;1
28/06/2010;22:28:00;715;sem vítima;175,8;BR-116/RJ;Pista Sul;Abalroamento longitudinal;2;2;0;0;0;0;1
28/06/2010;21:08:00;676;com vítima;208,35;BR-116/RJ;Pista Norte;Queda de ribanceira;1;0;1;0;0;0;1
28/06/2010;13:18:00;401;sem vítima;221;BR-116/SP;Pista Norte;Engavetamento;1;4;0;0;0;0;1
28/06/2010;12:34:00;367;sem vítima;224;BR-116/RJ;Pista Norte;Abalroamento longitudinal;1;2;0;0;0;0;1
28/06/2010;03:48:00;73;sem vítima;246;BR-116/RJ;Pista Norte;Abalroamento longitudinal;2;2;0;0;0;0;1
29/06/2010;00:31:00;20;sem vítima;64,8;BR-116/SP;Pista Norte;Abalroamento longitudinal;1;2;0;0;0;0;1
29/06/2010;13:44:00;396;sem vítima;87;BR-116/SP;Pista Sul;Colisão traseira;1;2;0;0;0;0;1
29/06/2010;18:54:00;587;sem vítima;165,2;BR-116/SP;Pista Norte;Abalroamento longitudinal;2;3;0;0;0;0;1
29/06/2010;11:28:00;336;sem vítima;208;BR-116/RJ;Pista Norte;Abalroamento longitudinal;2;2;0;0;0;0;1
29/06/2010;05:32:00;103;com vítima;208,2;BR-116/SP;Pista Norte;Não Def;1;1;0;0;0;1;3
29/06/2010;12:59:00;375;sem vítima;219;BR-116/SP;Pista Norte;Engavetamento;2;11;0;0;0;0;1
29/06/2010;10:09:00;288;com vítima;227,7;BR-116/SP;Pista Norte;Colisão traseira;1;4;2;0;0;0;1
29/06/2010;15:17:00;441;sem vítima;229;BR-116/SP;Pista Norte;Colisão traseira;2;2;0;0;0;0;1
29/06/2010;07:06:00;143;sem vítima;290,2;BR-116/RJ;Pista Norte;Outros;2;2;0;0;0;0;1
30/06/2010;00:58:00;18;sem vítima;46,9;BR-116/SP;Pista Norte;Colisão traseira;2;2;0;0;0;0;1
30/06/2010;07:52:00;151;sem vítima;159;BR-116/SP;Pista Norte;Colisão traseira;1;2;0;0;0;0;1
30/06/2010;03:30:00;52;sem vítima;159,7;BR-116/SP;Pista Norte;Outros;1;1;0;0;0;0;1
30/06/2010;10:01:00;259;sem vítima;163,6;BR-116/RJ;Pista Sul;Engavetamento;1;3;0;0;0;0;1
30/06/2010;11:30:00;310;sem vítima;165;BR-116/SP;Pista Sul;Abalroamento longitudinal;2;2;0;0;0;0;1
30/06/2010;09:00:00;210;sem vítima;174,55;BR-116/RJ;Pista Sul;Abalroamento longitudinal;1;2;0;0;0;0;1
30/06/2010;18:33:00;561;com vítima;223,37;BR-116/RJ;Pista Norte;Choque Talude;1;0;1;0;0;0;1
30/06/2010;01:02:00;20;sem vítima;230,8;BR-116/SP;Pista Sul;Colisão traseira;1;6;0;0;0;0;1
30/06/2010;16:32:00;472;sem vítima;253,66;BR-116/RJ;Pista Norte;Choque em objeto na pista;1;5;0;0;0;0;1
01/07/2010;16:19:00;438;sem vítima;27;BR-116/SP;Pista Sul;Choque em objeto fixo;1;1;0;0;0;0;1
01/07/2010;22:00:00;683;sem vítima;149;BR-116/SP;Pista Norte;Choque em objeto na pista;2;4;0;0;0;0;1
01/07/2010;15:56:00;424;sem vítima;173,9;BR-116/RJ;Pista Sul;Abalroamento longitudinal;1;2;0;0;0;0;1
01/07/2010;11:50:00;298;sem vítima;175,4;BR-116/RJ;Pista Norte;Colisão traseira;1;2;0;0;0;0;1
01/07/2010;19:30:00;571;sem vítima;175,5;BR-116/RJ;Pista Norte;Abalroamento longitudinal;1;2;0;0;0;0;1
01/07/2010;05:51:00;74;com vítima;175,9;BR-116/SP;Pista Sul;Choque em veículo parado na pista;1;1;0;0;0;2;3
01/07/2010;14:51:00;382;com vítima;176;BR-116/RJ;Pista Sul;Engavetamento;1;2;1;0;0;0;1
01/07/2010;19:53:00;595;sem vítima;219;BR-116/SP;Pista Norte;Abalroamento longitudinal;1;3;0;0;0;0;1
01/07/2010;03:45:00;51;sem vítima;223,37;BR-116/RJ;Pista Norte;Abalroamento longitudinal;3;3;0;0;0;0;1
01/07/2010;21:46:00;675;sem vítima;269,74;BR-116/RJ;Pista Norte;Atropelamento de animal;1;1;0;0;0;0;1
01/07/2010;01:32:00;25;sem vítima;306;BR-116/RJ;Pista Norte;Abalroamento longitudinal;1;2;0;0;0;0;1
01/07/2010;17:13:00;478;sem vítima;311,8;BR-116/RJ;Pista Norte;Colisão traseira;2;2;0;0;0;0;1
02/07/2010;10:43:00;267;sem vítima;23,5;BR-116/SP;Pista Norte;Colisão traseira;2;2;0;0;0;0;1
02/07/2010;15:41:00;405;sem vítima;78;BR-116/SP;Pista Norte;Choque em objeto fixo;1;1;0;0;0;0;1
02/07/2010;04:04:00;70;sem vítima;114,4;BR-116/SP;Pista Norte;Choque em veículo parado na pista;2;2;0;0;0;0;1
02/07/2010;19:55:00;553;sem vítima;163,9;BR-116/SP;Pista Sul;Queda de ribanceira;1;1;0;0;0;0;1
02/07/2010;16:11:00;426;sem vítima;182;BR-116/SP;Pista Norte;Colisão traseira;1;2;0;0;0;0;1
02/07/2010;14:26:00;360;sem vítima;201,6;BR-116/RJ;Pista Norte;Abalroamento longitudinal;1;2;0;0;0;0;1
02/07/2010;15:06:00;382;sem vítima;207,8;BR-116/RJ;Pista Sul;Abalroamento longitudinal;1;2;0;0;0;0;1
02/07/2010;19:24:00;529;sem vítima;228,45;BR-116/RJ;Pista Sul;Choque em objeto na pista;1;2;0;0;0;0;1
02/07/2010;07:21:00;158;sem vítima;246;BR-116/RJ;Pista Norte;Abalroamento longitudinal;2;2;0;0;0;0;1
02/07/2010;08:11:00;192;sem vítima;270,05;BR-116/RJ;Pista Sul;Abalroamento longitudinal;1;2;0;0;0;0;1
03/07/2010;13:32:00;312;sem vítima;165;BR-116/RJ;Pista Sul;Engavetamento;1;13;0;0;0;0;1
03/07/2010;07:53:00;139;com vítima;204;BR-116/SP;Pista Sul;Colisão traseira;1;2;1;0;0;0;1
04/07/2010;21:03:00;529;sem vítima;85,4;BR-116/SP;Pista Norte;Colisão traseira;2;2;0;0;0;0;1
04/07/2010;21:12:00;534;sem vítima;211,5;BR-116/SP;Pista Norte;Colisão traseira;1;3;0;0;0;0;1
05/07/2010;05:18:00;77;com vítima;39,7;BR-116/SP;Pista Sul;Colisão traseira;1;1;0;0;1;0;2
05/07/2010;07:11:00;125;sem vítima;115,4;BR-116/SP;Pista Norte;Choque em barreira New Jersey;1;2;0;0;0;0;1
05/07/2010;23:02:00;679;sem vítima;117;BR-116/SP;Pista Norte;Choque em defensa;1;1;0;0;0;0;1
05/07/2010;18:30:00;538;sem vítima;146,1;BR-116/SP;Pista Norte;Colisão traseira;2;2;0;0;0;0;1
05/07/2010;08:40:00;203;sem vítima;165,2;BR-116/RJ;Pista Sul;Engavetamento;2;3;0;0;0;0;1
05/07/2010;18:48:00;546;sem vítima;172,7;BR-116/RJ;Pista Sul;Colisão traseira;1;2;0;0;0;0;1
05/07/2010;11:33:00;304;sem vítima;176;BR-116/RJ;Pista Sul;Colisão traseira;1;18;0;0;0;0;1
05/07/2010;15:44:00;421;sem vítima;199,2;BR-116/SP;Pista Sul;Engavetamento;1;13;0;0;0;0;1
05/07/2010;09:45:00;237;com vítima;202,64;BR-116/RJ;Pista Norte;Engavetamento;1;2;0;2;0;0;2
05/07/2010;19:26:00;571;sem vítima;218,6;BR-116/SP;Pista Norte;Abalroamento longitudinal;1;4;0;0;0;0;1
05/07/2010;17:54:00;515;sem vítima;267,3;BR-116/RJ;Pista Sul;Colisão traseira;2;3;0;0;0;0;1
05/07/2010;22:30:00;670;com vítima;270,19;BR-116/RJ;Pista Sul;Colisão traseira;1;1;0;1;0;0;2
05/07/2010;08:38:00;200;sem vítima;278,8;BR-116/RJ;Pista Norte;Abalroamento longitudinal;1;3;0;0;0;0;1
06/07/2010;17:43:00;459;com vítima;172,8;BR-116/RJ;Pista Sul;Abalroamento longitudinal;1;2;1;0;0;0;1
06/07/2010;10:22:00;244;com vítima;183,23;BR-116/SP;Pista Sul;Abalroamento longitudinal;2;2;0;0;0;1;3
06/07/2010;07:14:00;111;com vítima;184,4;BR-116/RJ;Pista Norte;Choque em veículo parado na pista;1;1;1;0;0;0;1
06/07/2010;10:31:00;249;sem vítima;193;BR-116/SP;Pista Norte;Abalroamento longitudinal;1;5;0;0;0;0;1
06/07/2010;07:54:00;141;com vítima;214;BR-116/SP;Pista Norte;Colisão traseira;1;2;2;0;0;0;1
06/07/2010;20:53:00;565;sem vítima;215;BR-116/SP;Pista Norte;Colisão traseira;2;4;0;0;0;0;1
06/07/2010;19:48:00;533;sem vítima;285,9;BR-116/RJ;Pista Sul;Colisão traseira;1;2;0;0;0;0;1
07/07/2010;07:08:00;145;sem vítima;111,75;BR-116/SP;Pista Sul;Engavetamento;2;2;0;0;0;0;1
07/07/2010;06:15:00;106;sem vítima;164,7;BR-116/RJ;Pista Norte;Abalroamento longitudinal;1;2;0;0;0;0;1
07/07/2010;13:38:00;411;sem vítima;189,4;BR-116/RJ;Pista Norte;Abalroamento longitudinal;1;2;0;0;0;0;1
07/07/2010;23:53:00;748;com vítima;201,55;BR-116/RJ;Pista Norte;Choque em objeto na pista;3;2;0;0;0;2;3
07/07/2010;20:48:00;671;com vítima;208,8;BR-116/RJ;Pista Sul;Colisão traseira;1;2;2;0;0;0;1
07/07/2010;09:54:00;270;sem vítima;220;BR-116/SP;Pista Norte;Colisão traseira;1;2;0;0;0;0;1
07/07/2010;19:53:00;637;sem vítima;312,8;BR-116/RJ;Pista Sul;Abalroamento longitudinal;2;2;0;0;0;0;1
08/07/2010;20:00:00;673;com vítima;20,95;BR-116/SP;Pista Norte;Atropelamento de pedestre atravessando;1;1;0;0;0;1;3
08/07/2010;14:16:00;442;com vítima;53,3;BR-116/SP;Pista Norte;Colisão traseira;1;1;1;0;0;0;1
08/07/2010;00:36:00;18;sem vítima;60,9;BR-116/SP;Pista Sul;Choque em objeto na pista;2;2;0;0;0;0;1
08/07/2010;10:57:00;335;sem vítima;109,5;BR-116/SP;Pista Sul;Abalroamento longitudinal;1;2;0;0;0;0;1
08/07/2010;10:45:00;328;com vítima;112,6;BR-116/SP;Pista Norte;Colisão traseira;1;2;0;0;1;0;2
08/07/2010;08:33:00;221;sem vítima;137,2;BR-116/SP;Pista Sul;Colisão traseira;2;2;0;0;0;0;1
08/07/2010;07:01:00;150;sem vítima;154;BR-116/SP;Pista Norte;Choque em objeto na pista;1;6;0;0;0;0;1
08/07/2010;18:17:00;599;com vítima;160;BR-116/SP;Pista Norte;Engavetamento;1;39;3;0;0;0;1
08/07/2010;06:54:00;142;sem vítima;165,1;BR-116/RJ;Pista Norte;Colisão traseira;1;2;0;0;0;0;1
08/07/2010;12:02:00;372;sem vítima;167,7;BR-116/RJ;Pista Sul;Abalroamento longitudinal;1;2;0;0;0;0;1
08/07/2010;13:29:00;421;sem vítima;171,2;BR-116/RJ;Pista Sul;Capotamento;1;2;0;0;0;0;1
08/07/2010;21:02:00;718;sem vítima;172,4;BR-116/RJ;Pista Norte;Colisão traseira;1;2;0;0;0;0;1
08/07/2010;11:19:00;348;sem vítima;186;BR-116/SP;Pista Norte;Tombamento;1;4;0;0;0;0;1
08/07/2010;20:35:00;705;sem vítima;189,5;BR-116/RJ;Pista Sul;Abalroamento longitudinal;1;2;0;0;0;0;1
08/07/2010;08:50:00;233;sem vítima;192,65;BR-116/RJ;Pista Norte;Abalroamento longitudinal;1;3;0;0;0;0;1
08/07/2010;01:22:00;36;sem vítima;196,5;BR-116/RJ;Pista Norte;Não Def;1;1;0;0;0;0;1
08/07/2010;13:25:00;419;sem vítima;207,4;BR-116/SP;Pista Norte;Choque em barreira New Jersey;1;1;0;0;0;0;1
08/07/2010;15:57:00;507;com vítima;216,4;BR-116/SP;Pista Norte;Colisão traseira;1;1;1;0;0;0;1
08/07/2010;06:33:00;125;com vítima;218,1;BR-116/SP;Pista Sul;Engavetamento;1;2;1;0;0;0;1
08/07/2010;08:04:00;194;sem vítima;219;BR-116/SP;Pista Sul;Colisão traseira;1;2;0;0;0;0;1
08/07/2010;07:39:00;173;sem vítima;220;BR-116/SP;Pista Norte;Colisão traseira;2;3;0;0;0;0;1
08/07/2010;11:00:00;339;sem vítima;222,1;BR-116/SP;Pista Norte;Colisão traseira;2;4;0;0;0;0;1