data;horario;n_da_ocorrencia;tipo_de_ocorrencia;km;trecho;sentido;tipo_de_acidente;caminhao;ilesos;levemente_feridos;moderadamente_feridos;gravemente_feridos;mortos;3
31/07/2010;10:28:00;292;sem vítima;165;BR-116/SP;Pista Sul;Colisão traseira;1;2;0;0;0;0;1
31/07/2010;17:55:00;578;sem vítima;173;BR-116/RJ;Pista Sul;Abalroamento longitudinal;1;2;0;0;0;0;1
01/08/2010;16:18:00;422;sem vítima;124,7;BR-116/SP;Pista Norte;Abalroamento longitudinal;1;2;0;0;0;0;1
01/08/2010;05:30:00;85;sem vítima;175;BR-116/RJ;Pista Norte;Colisão traseira;2;2;0;0;0;0;1
01/08/2010;05:43:00;91;com vítima;239,45;BR-116/RJ;Pista Norte;Choque em defensa;1;0;1;0;0;0;1
01/08/2010;20:56:00;605;sem vítima;323,1;BR-116/RJ;Pista Norte;Colisão traseira;1;2;0;0;0;0;1
02/08/2010;15:06:00;417;sem vítima;62,6;BR-116/SP;Pista Norte;Choque em barreira New Jersey;1;2;0;0;0;0;1
02/08/2010;03:10:00;31;sem vítima;118;BR-116/SP;Pista Sul;Capotamento;1;3;0;0;0;0;1
02/08/2010;10:03:00;243;sem vítima;168,5;BR-116/RJ;Pista Sul;Abalroamento longitudinal;1;8;0;0;0;0;1
02/08/2010;19:48:00;588;sem vítima;171,2;BR-116/RJ;Pista Sul;Abalroamento longitudinal;1;2;0;0;0;0;1
02/08/2010;21:01:00;632;sem vítima;173;BR-116/RJ;Pista Sul;Abalroamento longitudinal;1;5;0;0;0;0;1
02/08/2010;06:57:00;83;sem vítima;225;BR-116/RJ;Pista Norte;Abalroamento longitudinal;2;2;0;0;0;0;1
03/08/2010;14:12:00;410;com vítima;204;BR-116/SP;Pista Sul;Tombamento;1;1;1;0;0;0;1
03/08/2010;20:56:00;632;sem vítima;217,5;BR-116/RJ;Pista Sul;Outros;1;2;0;0;0;0;1
03/08/2010;18:55:00;556;sem vítima;231,2;BR-116/SP;Pista Sul;Abalroamento longitudinal;1;2;0;0;0;0;1
03/08/2010;19:58:00;589;sem vítima;319,15;BR-116/RJ;Pista Norte;Choque em objeto fixo;1;2;0;0;0;0;1
04/08/2010;13:38:00;433;sem vítima;165;BR-116/SP;Pista Sul;Colisão traseira;2;2;0;0;0;0;1
04/08/2010;14:28:00;456;com vítima;174,9;BR-116/RJ;Pista Sul;Engavetamento;2;3;2;0;0;0;1
04/08/2010;07:19:00;156;sem vítima;182;BR-116/SP;Pista Norte;Choque em objeto fixo;1;1;0;0;0;0;1
04/08/2010;11:56:00;383;sem vítima;210,2;BR-116/SP;Pista Norte;Colisão traseira;2;6;0;0;0;0;1
04/08/2010;09:36:00;281;sem vítima;222;BR-116/SP;Pista Norte;Engavetamento;1;3;0;0;0;0;1
04/08/2010;06:16:00;116;sem vítima;223,5;BR-116/RJ;Pista Norte;Choque em barreira New Jersey;1;1;0;0;0;0;1
04/08/2010;17:02:00;532;sem vítima;227,6;BR-116/SP;Pista Norte;Abalroamento longitudinal;1;3;0;0;0;0;1
04/08/2010;01:12:00;25;sem vítima;321,2;BR-116/RJ;Pista Sul;Queda de ribanceira;1;1;0;0;0;0;1
05/08/2010;15:44:00;429;com vítima;14,4;BR-116/SP;Pista Sul;Queda de ribanceira;1;0;1;0;0;0;1
05/08/2010;07:51:00;156;sem vítima;31;BR-116/SP;Pista Sul;Colisão traseira;1;2;0;0;0;0;1
05/08/2010;16:46:00;472;sem vítima;61,2;BR-116/SP;Pista Sul;Abalroamento longitudinal;1;2;0;0;0;0;1
05/08/2010;18:10:00;527;com vítima;61,4;BR-116/SP;Pista Norte;Choque em defensa;1;0;2;0;0;0;1
05/08/2010;19:28:00;584;com vítima;143,7;BR-116/SP;Pista Sul;Colisão traseira;2;1;1;0;0;0;1
05/08/2010;17:12:00;486;sem vítima;175,7;BR-116/RJ;Pista Sul;Engavetamento;1;3;0;0;0;0;1
05/08/2010;14:25:00;399;sem vítima;175,8;BR-116/RJ;Pista Norte;Engavetamento;1;3;0;0;0;0;1
05/08/2010;21:12:00;643;com vítima;176,9;BR-116/SP;Pista Sul;Atropelamento de pedestre atravessando;1;3;1;0;0;1;3
05/08/2010;13:37:00;379;sem vítima;210;BR-116/SP;Pista Sul;Colisão traseira;1;2;0;0;0;0;1
05/08/2010;06:54:00;113;sem vítima;226;BR-116/RJ;Pista Norte;Outros;1;1;0;0;0;0;1
05/08/2010;13:57:00;384;com vítima;230,7;BR-116/SP;Pista Sul;Abalroamento longitudinal;1;1;1;0;0;0;1
06/08/2010;06:41:00;120;sem vítima;33,6;BR-116/SP;Pista Norte;Colisão traseira;1;6;0;0;0;0;1
06/08/2010;10:07:00;301;sem vítima;72,8;BR-116/SP;Pista Norte;Abalroamento longitudinal;2;3;0;0;0;0;1
06/08/2010;17:17:00;574;com vítima;147,2;BR-116/SP;Pista Norte;Engavetamento;2;3;1;0;0;0;1
06/08/2010;10:36:00;318;sem vítima;165;BR-116/SP;Pista Sul;Colisão traseira;2;2;0;0;0;0;1
06/08/2010;08:53:00;235;sem vítima;170,4;BR-116/RJ;Pista Norte;Abalroamento longitudinal;1;42;0;0;0;0;1
06/08/2010;21:01:00;734;com vítima;171,5;BR-116/SP;Pista Sul;Colisão traseira;2;1;0;0;1;0;2
06/08/2010;18:13:00;621;com vítima;173;BR-116/SP;Pista Norte;Choque em veículo parado na pista;1;2;2;0;0;0;1
06/08/2010;20:50:00;726;sem vítima;174,4;BR-116/RJ;Pista Sul;Colisão traseira;1;2;0;0;0;0;1
06/08/2010;22:24:00;779;sem vítima;175,5;BR-116/RJ;Pista Sul;Abalroamento longitudinal;1;3;0;0;0;0;1
06/08/2010;05:47:00;100;sem vítima;190,4;BR-116/RJ;Pista Norte;Colisão traseira;2;3;0;0;0;0;1
06/08/2010;12:36:00;387;com vítima;204,1;BR-116/RJ;Pista Sul;Colisão traseira;1;1;0;1;0;0;2
06/08/2010;23:30:00;816;sem vítima;210;BR-116/SP;Pista Norte;Engavetamento;1;4;0;0;0;0;1
06/08/2010;10:10:00;305;com vítima;216,5;BR-116/SP;Pista Norte;Colisão traseira;2;2;1;1;0;0;2
06/08/2010;19:04:00;662;sem vítima;220,9;BR-116/SP;Pista Norte;Colisão traseira;1;3;0;0;0;0;1
06/08/2010;23:03:00;802;sem vítima;222,62;BR-116/RJ;Pista Norte;Tombamento;1;1;0;0;0;0;1
06/08/2010;11:30:00;349;sem vítima;223,5;BR-116/SP;Pista Sul;Abalroamento longitudinal;1;2;0;0;0;0;1
06/08/2010;17:12:00;570;sem vítima;272,8;BR-116/RJ;Pista Sul;Colisão traseira;1;2;0;0;0;0;1
06/08/2010;17:00:00;559;com vítima;274,5;BR-116/RJ;Pista Sul;Abalroamento longitudinal;1;1;2;0;0;0;1
07/08/2010;02:08:00;50;sem vítima;5,8;BR-116/SP;Pista Norte;Choque em veículo parado na pista;2;2;0;0;0;0;1
07/08/2010;04:05:00;74;sem vítima;147;BR-116/SP;Pista Sul;Colisão traseira;1;2;0;0;0;0;1
07/08/2010;00:14:00;7;sem vítima;151,2;BR-116/SP;Pista Norte;Abalroamento longitudinal;1;2;0;0;0;0;1
07/08/2010;03:41:00;67;sem vítima;167,4;BR-116/RJ;Pista Norte;Abalroamento longitudinal;1;2;0;0;0;0;1
07/08/2010;18:31:00;536;sem vítima;227,4;BR-116/RJ;Pista Norte;Choque em objeto fixo;1;1;0;0;0;0;1
07/08/2010;12:28:00;332;sem vítima;240,9;BR-116/RJ;Pista Norte;Outros;1;1;0;0;0;0;1
07/08/2010;17:22:00;493;com vítima;274,6;BR-116/RJ;Pista Sul;Colisão traseira;1;1;2;0;0;0;1
08/08/2010;01:13:00;23;sem vítima;133;BR-116/SP;Pista Norte;Choque em objeto fixo;1;6;0;0;0;0;1
08/08/2010;08:11:00;136;com vítima;182;BR-116/SP;Pista Norte;Engavetamento;1;2;0;0;0;1;3
08/08/2010;11:46:00;240;sem vítima;215;BR-116/SP;Pista Norte;Abalroamento longitudinal;1;3;0;0;0;0;1
08/08/2010;21:49:00;607;sem vítima;219;BR-116/SP;Pista Sul;Engavetamento;1;3;0;0;0;0;1
09/08/2010;07:55:00;143;sem vítima;34;BR-116/SP;Pista Norte;Colisão traseira;1;5;0;0;0;0;1
09/08/2010;18:30:00;562;sem vítima;175,5;BR-116/RJ;Pista Norte;Colisão traseira;1;3;0;0;0;0;1
09/08/2010;11:21:00;307;sem vítima;204;BR-116/SP;Pista Norte;Colisão traseira;1;2;0;0;0;0;1
09/08/2010;10:54:00;288;sem vítima;211;BR-116/SP;Pista Norte;Colisão traseira;1;2;0;0;0;0;1
09/08/2010;08:28:00;180;sem vítima;216;BR-116/SP;Pista Sul;Colisão traseira;1;2;0;0;0;0;1
09/08/2010;15:46:00;456;com vítima;219,5;BR-116/SP;Pista Sul;Colisão traseira;1;1;0;0;0;1;3
09/08/2010;07:29:00;130;sem vítima;221;BR-116/SP;Pista Sul;Colisão traseira;2;2;0;0;0;0;1
09/08/2010;09:18:00;219;com vítima;287;BR-116/RJ;Pista Norte;Colisão traseira;1;1;1;0;0;0;1
09/08/2010;16:15:00;473;sem vítima;305;BR-116/RJ;Pista Sul;Abalroamento longitudinal;1;2;0;0;0;0;1
10/08/2010;00:04:00;2;sem vítima;51;BR-116/SP;Pista Norte;Choque em objeto na pista;2;2;0;0;0;0;1
10/08/2010;16:17:00;473;sem vítima;81,3;BR-116/SP;Pista Norte;Choque em objeto na pista;1;1;0;0;0;0;1
10/08/2010;05:22:00;64;sem vítima;165,3;BR-116/RJ;Pista Norte;Colisão traseira;1;2;0;0;0;0;1
10/08/2010;06:00:00;76;sem vítima;173,7;BR-116/RJ;Pista Norte;Engavetamento;2;3;0;0;0;0;1
10/08/2010;18:38:00;573;sem vítima;183,5;BR-116/SP;Pista Sul;Colisão traseira;1;2;0;0;0;0;1
10/08/2010;01:58:00;24;sem vítima;212;BR-116/SP;Pista Norte;Colisão traseira;1;29;0;0;0;0;1
10/08/2010;22:06:00;693;sem vítima;216;BR-116/SP;Pista Norte;Choque em objeto na pista;1;2;0;0;0;0;1
10/08/2010;10:06:00;263;sem vítima;221;BR-116/SP;Pista Norte;Abalroamento longitudinal;1;2;0;0;0;0;1
11/08/2010;15:57:00;480;sem vítima;7;BR-116/SP;Pista Sul;Choque em objeto fixo;1;1;0;0;0;0;1
11/08/2010;23:49:00;746;sem vítima;10,9;BR-116/SP;Pista Sul;Choque Talude;1;1;0;0;0;0;1
11/08/2010;21:07:00;666;com vítima;167,6;BR-116/SP;Pista Norte;Atropelamento de pedestre atravessando;1;1;0;0;0;1;3
11/08/2010;08:24:00;202;sem vítima;219;BR-116/SP;Pista Norte;Outros;1;1;0;0;0;0;1
11/08/2010;02:52:00;60;sem vítima;222,05;BR-116/RJ;Pista Norte;Tombamento;1;1;0;0;0;0;1
11/08/2010;08:27:00;207;com vítima;225;BR-116/SP;Pista Norte;Engavetamento;1;4;1;0;0;0;1
12/08/2010;23:38:00;741;sem vítima;59;BR-116/SP;Pista Norte;Colisão traseira;2;2;0;0;0;0;1
12/08/2010;15:50:00;467;sem vítima;88;BR-116/SP;Pista Sul;Choque em objeto fixo;1;1;0;0;0;0;1
12/08/2010;04:41:00;72;com vítima;99;BR-116/SP;Pista Sul;Colisão traseira;1;1;0;0;2;0;2
12/08/2010;10:28:00;298;sem vítima;162,1;BR-116/SP;Pista Norte;Colisão traseira;2;2;0;0;0;0;1
12/08/2010;06:41:00;110;com vítima;172,7;BR-116/RJ;Pista Sul;Abalroamento longitudinal;1;1;0;1;0;0;2
12/08/2010;19:11:00;600;sem vítima;176,1;BR-116/RJ;Pista Norte;Abalroamento longitudinal;1;5;0;0;0;0;1
12/08/2010;12:54:00;369;sem vítima;180;BR-116/RJ;Pista Sul;Outros;1;2;0;0;0;0;1
12/08/2010;13:21:00;383;sem vítima;218,18;BR-116/SP;Pista Norte;Abalroamento longitudinal;1;4;0;0;0;0;1
12/08/2010;03:04:00;50;sem vítima;223,05;BR-116/RJ;Pista Norte;Choque em barreira New Jersey;1;1;0;0;0;0;1
12/08/2010;18:23:00;568;sem vítima;223,3;BR-116/SP;Pista Norte;Engavetamento;1;5;0;0;0;0;1
12/08/2010;06:29:00;106;com vítima;229;BR-116/SP;Pista Sul;Engavetamento;2;3;1;0;0;0;1
12/08/2010;13:20:00;380;com vítima;229;BR-116/SP;Pista Sul;Colisão traseira;1;3;0;1;0;0;2
13/08/2010;03:47:00;50;com vítima;14,03;BR-116/SP;Pista Sul;Engavetamento;3;2;1;0;0;0;1
13/08/2010;04:59:00;61;sem vítima;111;BR-116/SP;Pista Norte;Choque em defensa;1;1;0;0;0;0;1
13/08/2010;12:33:00;350;sem vítima;175,7;BR-116/RJ;Pista Norte;Abalroamento longitudinal;1;2;0;0;0;0;1
13/08/2010;13:46:00;391;sem vítima;176,3;BR-116/RJ;Pista Norte;Colisão traseira;1;2;0;0;0;0;1
13/08/2010;05:03:00;65;sem vítima;219;BR-116/RJ;Pista Norte;Outros;1;1;0;0;0;0;1
13/08/2010;23:56:00;818;sem vítima;219;BR-116/SP;Pista Norte;Colisão traseira;1;2;0;0;0;0;1
13/08/2010;16:36:00;537;sem vítima;223,8;BR-116/SP;Pista Norte;Colisão traseira;1;3;0;0;0;0;1
13/08/2010;20:41:00;717;sem vítima;226;BR-116/SP;Pista Norte;Abalroamento longitudinal;1;3;0;0;0;0;1
13/08/2010;20:10:00;691;sem vítima;228;BR-116/SP;Pista Norte;Colisão traseira;1;2;0;0;0;0;1
13/08/2010;03:50:00;52;com vítima;299,8;BR-116/RJ;Pista Norte;Colisão traseira;2;0;0;2;0;0;2
13/08/2010;23:42:00;814;com vítima;328,2;BR-116/RJ;Pista Sul;Queda de ribanceira;1;0;1;1;0;0;2
14/08/2010;13:51:00;377;sem vítima;37,3;BR-116/SP;Pista Sul;Abalroamento longitudinal;1;2;0;0;0;0;1
14/08/2010;04:44:00;70;com vítima;116,8;BR-116/SP;Pista Sul;Colisão traseira;2;2;1;0;0;0;1
14/08/2010;13:36:00;367;sem vítima;175,3;BR-116/RJ;Pista Sul;Abalroamento longitudinal;1;2;0;0;0;0;1
14/08/2010;04:48:00;72;sem vítima;197,6;BR-116/SP;Pista Norte;Capotamento;1;2;0;0;0;0;1
14/08/2010;23:46:00;702;sem vítima;206,9;BR-116/RJ;Pista Norte;Abalroamento longitudinal;1;2;0;0;0;0;1
14/08/2010;06:03:00;93;com vítima;213,8;BR-116/SP;Pista Sul;Colisão traseira;2;4;1;0;0;0;1
14/08/2010;01:25:00;24;com vítima;253,9;BR-116/RJ;Pista Norte;Abalroamento longitudinal;1;2;2;0;0;0;1
15/08/2010;18:18:00;459;sem vítima;53;BR-116/SP;Pista Norte;Abalroamento longitudinal;2;3;0;0;0;0;1
15/08/2010;16:08:00;370;com vítima;85,7;BR-116/SP;Pista Sul;Engavetamento;1;123;2;0;0;0;1
15/08/2010;13:30:00;289;com vítima;130,6;BR-116/SP;Pista Sul;Queda de moto;1;1;1;0;0;0;1
15/08/2010;23:35:00;621;sem vítima;158;BR-116/SP;Pista Sul;Choque em barreira New Jersey;1;1;0;0;0;0;1
15/08/2010;22:22:00;595;com vítima;177,35;BR-116/RJ;Pista Norte;Colisão traseira;1;1;1;0;0;0;1
15/08/2010;08:20:00;162;sem vítima;220,3;BR-116/SP;Pista Sul;Choque em barreira New Jersey;1;1;0;0;0;0;1
15/08/2010;13:33:00;290;sem vítima;292,8;BR-116/RJ;Pista Norte;Tombamento;1;1;0;0;0;0;1
15/08/2010;17:41:00;437;com vítima;319,1;BR-116/RJ;Pista Norte;Colisão traseira;2;1;0;1;0;0;2
16/08/2010;07:21:00;149;sem vítima;36,2;BR-116/SP;Pista Norte;Colisão traseira;1;2;0;0;0;0;1
16/08/2010;06:51:00;118;com vítima;36,75;BR-116/SP;Pista Sul;Abalroamento longitudinal;1;2;2;1;0;0;2
16/08/2010;22:40:00;725;sem vítima;140;BR-116/SP;Pista Norte;Abalroamento longitudinal;2;2;0;0;0;0;1
16/08/2010;07:40:00;170;sem vítima;144,9;BR-116/SP;Pista Sul;Colisão traseira;1;2;0;0;0;0;1
16/08/2010;15:28:00;463;sem vítima;146,9;BR-116/SP;Pista Sul;Colisão traseira;1;2;0;0;0;0;1
16/08/2010;16:22:00;502;sem vítima;163,3;BR-116/RJ;Pista Norte;Abalroamento longitudinal;1;2;0;0;0;0;1
16/08/2010;13:53:00;409;sem vítima;172,6;BR-116/RJ;Pista Sul;Colisão traseira;1;2;0;0;0;0;1
16/08/2010;08:04:00;190;sem vítima;207;BR-116/RJ;Pista Norte;Colisão traseira;2;2;0;0;0;0;1
16/08/2010;07:46:00;175;sem vítima;215,5;BR-116/SP;Pista Sul;Colisão traseira;1;3;0;0;0;0;1
16/08/2010;15:24:00;461;sem vítima;224,2;BR-116/SP;Pista Norte;Abalroamento longitudinal;1;5;0;0;0;0;1
17/08/2010;21:45:00;641;sem vítima;23,9;BR-116/SP;Pista Sul;Colisão traseira;2;2;0;0;0;0;1
17/08/2010;07:13:00;126;sem vítima;95,7;BR-116/SP;Pista Norte;Colisão traseira;1;3;0;0;0;0;1
17/08/2010;11:03:00;288;sem vítima;126;BR-116/SP;Pista Norte;Outros;1;2;0;0;0;0;1
17/08/2010;18:00:00;511;sem vítima;136;BR-116/SP;Pista Sul;Abalroamento longitudinal;1;2;0;0;0;0;1
17/08/2010;07:00:00;114;com vítima;139,5;BR-116/SP;Pista Sul;Atropelamento de pedestre atravessando;1;2;1;0;0;0;1
17/08/2010;19:29:00;577;sem vítima;174,3;BR-116/RJ;Pista Sul;Colisão traseira;1;3;0;0;0;0;1
17/08/2010;13:24:00;356;sem vítima;196;BR-116/RJ;Pista Sul;Abalroamento longitudinal;1;2;0;0;0;0;1
17/08/2010;09:15:00;228;com vítima;215;BR-116/SP;Pista Sul;Colisão traseira;1;2;0;1;0;0;2
17/08/2010;18:53:00;549;sem vítima;221,5;BR-116/SP;Pista Sul;Colisão traseira;2;3;0;0;0;0;1
17/08/2010;07:56:00;157;sem vítima;268,3;BR-116/RJ;Pista Norte;Colisão traseira;1;2;0;0;0;0;1
17/08/2010;14:37:00;389;sem vítima;310,8;BR-116/RJ;Pista Sul;Tombamento;1;1;0;0;0;0;1
18/08/2010;19:01:00;602;sem vítima;163,2;BR-116/RJ;Pista Sul;Engavetamento;1;4;0;0;0;0;1
18/08/2010;14:30:00;406;sem vítima;171;BR-116/SP;Pista Norte;Queda de moto;1;2;0;0;0;0;1
18/08/2010;17:13:00;505;sem vítima;172;BR-116/RJ;Pista Sul;Colisão traseira;1;2;0;0;0;0;1
18/08/2010;18:35:00;578;sem vítima;172,1;BR-116/SP;Pista Norte;Colisão traseira;1;3;0;0;0;0;1
18/08/2010;05:33:00;64;sem vítima;175,8;BR-116/RJ;Pista Norte;Colisão traseira;1;2;0;0;0;0;1
18/08/2010;23:47:00;758;sem vítima;207;BR-116/RJ;Pista Norte;Abalroamento longitudinal;2;2;0;0;0;0;1
18/08/2010;15:38:00;450;sem vítima;216;BR-116/SP;Pista Norte;Colisão traseira;1;2;0;0;0;0;1
18/08/2010;07:04:00;109;com vítima;223,3;BR-116/RJ;Pista Norte;Colisão traseira;1;44;2;0;0;0;1
18/08/2010;10:40:00;282;sem vítima;231;BR-116/SP;Pista Sul;Colisão traseira;1;2;0;0;0;0;1
18/08/2010;05:28:00;63;sem vítima;255,8;BR-116/RJ;Pista Sul;Colisão traseira;2;2;0;0;0;0;1
19/08/2010;07:22:00;162;sem vítima;87;BR-116/SP;Pista Norte;Choque em objeto fixo;1;1;0;0;0;0;1
19/08/2010;18:52:00;587;sem vítima;108,2;BR-116/SP;Pista Norte;Abalroamento longitudinal;1;2;0;0;0;0;1
19/08/2010;09:53:00;279;sem vítima;165,4;BR-116/RJ;Pista Sul;Engavetamento;1;3;0;0;0;0;1
19/08/2010;16:50:00;500;sem vítima;170,9;BR-116/RJ;Pista Sul;Colisão traseira;1;2;0;0;0;0;1
19/08/2010;10:47:00;312;sem vítima;171,8;BR-116/RJ;Pista Sul;Engavetamento;1;4;0;0;0;0;1
19/08/2010;14:28:00;423;sem vítima;172;BR-116/RJ;Pista Sul;Colisão traseira;1;4;0;0;0;0;1
19/08/2010;12:48:00;379;com vítima;174,3;BR-116/RJ;Pista Norte;Engavetamento;1;9;1;0;0;0;1
19/08/2010;05:33:00;99;sem vítima;174,9;BR-116/RJ;Pista Norte;Choque em veículo parado na pista;1;2;0;0;0;0;1
19/08/2010;14:11:00;414;sem vítima;176,57;BR-116/RJ;Pista Norte;Engavetamento;1;6;0;0;0;0;1
19/08/2010;14:17:00;417;sem vítima;182;BR-116/SP;Pista Norte;Colisão traseira;1;43;0;0;0;0;1
19/08/2010;19:57:00;622;sem vítima;188,8;BR-116/RJ;Pista Sul;Colisão traseira;1;2;0;0;0;0;1
19/08/2010;02:13:00;48;sem vítima;309,5;BR-116/RJ;Pista Sul;Queda de ribanceira;1;5;0;0;0;0;1
20/08/2010;01:49:00;31;sem vítima;56,65;BR-116/SP;Pista Norte;Abalroamento longitudinal;2;2;0;0;0;0;1
20/08/2010;10:45:00;286;sem vítima;131;BR-116/SP;Pista Sul;Abalroamento longitudinal;1;3;0;0;0;0;1
20/08/2010;06:53:00;99;sem vítima;168,6;BR-116/RJ;Pista Norte;Colisão traseira;1;2;0;0;0;0;1
20/08/2010;16:36:00;501;sem vítima;170,8;BR-116/RJ;Pista Sul;Abalroamento longitudinal;1;2;0;0;0;0;1
20/08/2010;19:26:00;610;sem vítima;171,7;BR-116/RJ;Pista Sul;Colisão traseira;1;2;0;0;0;0;1
20/08/2010;12:50:00;350;sem vítima;175,45;BR-116/RJ;Pista Norte;Abalroamento longitudinal;1;2;0;0;0;0;1
20/08/2010;06:45:00;90;com vítima;208,8;BR-116/RJ;Pista Norte;Choque em barreira New Jersey;1;0;1;0;0;0;1
20/08/2010;19:40:00;617;sem vítima;215,95;BR-116/SP;Pista Norte;Colisão traseira;1;2;0;0;0;0;1
20/08/2010;08:09:00;165;com vítima;217;BR-116/SP;Pista Sul;Colisão traseira;1;4;1;0;0;0;1
20/08/2010;11:27:00;310;sem vítima;224;BR-116/RJ;Pista Norte;Choque Talude;1;1;0;0;0;0;1
20/08/2010;05:09:00;63;com vítima;299,2;BR-116/RJ;Pista Norte;Colisão traseira;2;1;1;0;0;0;1
20/08/2010;08:04:00;161;sem vítima;312;BR-116/RJ;Pista Norte;Choque em objeto fixo;1;1;0;0;0;0;1
21/08/2010;06:22:00;115;com vítima;35,8;BR-116/SP;Pista Sul;Queda de moto;1;1;0;1;0;0;2
21/08/2010;11:11:00;300;sem vítima;166,3;BR-116/RJ;Pista Sul;Abalroamento longitudinal;1;2;0;0;0;0;1
21/08/2010;07:39:00;169;sem vítima;174,4;BR-116/RJ;Pista Norte;Engavetamento;1;3;0;0;0;0;1
21/08/2010;17:22:00;503;sem vítima;230;BR-116/SP;Pista Sul;Abalroamento longitudinal;1;2;0;0;0;0;1
22/08/2010;00:35:00;14;com vítima;121,7;BR-116/SP;Pista Sul;Engavetamento;1;6;1;0;0;0;1
22/08/2010;17:20:00;410;sem vítima;165;BR-116/SP;Pista Norte;Colisão traseira;1;7;0;0;0;0;1
22/08/2010;17:39:00;434;sem vítima;257,5;BR-116/RJ;Pista Norte;Colisão traseira;2;2;0;0;0;0;1
22/08/2010;04:35:00;72;com vítima;266,6;BR-116/RJ;Pista Sul;Atropelamento de animal;1;2;1;2;0;0;2
22/08/2010;04:05:00;63;com vítima;309,36;BR-116/RJ;Pista Sul;Colisão traseira;1;1;2;0;0;0;1
23/08/2010;03:25:00;51;com vítima;95;BR-116/SP;Pista Sul;Colisão traseira;1;1;2;0;0;0;1
23/08/2010;15:40:00;497;com vítima;126,5;BR-116/SP;Pista Norte;Tombamento;1;0;1;0;0;0;1
23/08/2010;08:09:00;205;com vítima;189,3;BR-116/SP;Pista Sul;Colisão traseira;1;1;1;0;0;0;1
23/08/2010;00:23:00;7;sem vítima;258,3;BR-116/RJ;Pista Norte;Colisão traseira;1;2;0;0;0;0;1
24/08/2010;19:25:00;655;sem vítima;26,4;BR-116/SP;Pista Norte;Colisão traseira;2;4;0;0;0;0;1
24/08/2010;21:10:00;713;sem vítima;64,1;BR-116/SP;Pista Sul;Colisão traseira;2;2;0;0;0;0;1
24/08/2010;23:58:00;784;com vítima;94,8;BR-116/SP;Pista Sul;Colisão traseira;2;1;0;1;0;0;2
24/08/2010;02:00:00;46;sem vítima;125,2;BR-116/SP;Pista Norte;Choque em veículo parado na pista;1;3;0;0;0;0;1
24/08/2010;09:16:00;251;sem vítima;171;BR-116/RJ;Pista Sul;Colisão traseira;1;2;0;0;0;0;1
24/08/2010;19:33:00;657;sem vítima;173,9;BR-116/SP;Pista Sul;Abalroamento longitudinal;1;3;0;0;0;0;1
24/08/2010;07:53:00;177;com vítima;198,5;BR-116/RJ;Pista Norte;Tombamento;1;0;1;0;0;0;1
24/08/2010;08:33:00;210;sem vítima;219,8;BR-116/SP;Pista Sul;Colisão traseira;1;3;0;0;0;0;1
24/08/2010;06:47:00;123;sem vítima;221;BR-116/SP;Pista Sul;Colisão traseira;2;2;0;0;0;0;1
24/08/2010;09:53:00;281;sem vítima;223,7;BR-116/RJ;Pista Norte;Choque em objeto fixo;1;1;0;0;0;0;1
24/08/2010;20:47:00;703;sem vítima;258,6;BR-116/RJ;Pista Sul;Choque em barreira New Jersey;1;2;0;0;0;0;1
24/08/2010;03:03:00;61;com vítima;278,3;BR-116/RJ;Pista Norte;Choque em barreira New Jersey;1;0;1;0;0;0;1
25/08/2010;20:08:00;660;sem vítima;35,8;BR-116/SP;Pista Sul;Colisão traseira;2;2;0;0;0;0;1
25/08/2010;17:29:00;562;sem vítima;90,65;BR-116/SP;Pista Sul;Queda de ribanceira;1;2;0;0;0;0;1
25/08/2010;04:19:00;70;com vítima;152,67;BR-116/SP;Pista Sul;Colisão traseira;2;0;1;0;0;2;3
25/08/2010;05:57:00;85;sem vítima;172,5;BR-116/RJ;Pista Sul;Abalroamento longitudinal;1;2;0;0;0;0;1
25/08/2010;14:40:00;438;sem vítima;176,53;BR-116/RJ;Pista Norte;Choque em barreira New Jersey;1;3;0;0;0;0;1
25/08/2010;07:35:00;151;sem vítima;220;BR-116/SP;Pista Norte;Engavetamento;1;6;0;0;0;0;1
25/08/2010;20:30:00;678;com vítima;220,65;BR-116/RJ;Pista Norte;Tombamento;2;2;1;0;0;0;1
25/08/2010;15:19:00;467;sem vítima;226,2;BR-116/RJ;Pista Sul;Outros;1;1;0;0;0;0;1
25/08/2010;18:37:00;602;sem vítima;226,7;BR-116/SP;Pista Sul;Abalroamento longitudinal;1;3;0;0;0;0;1
25/08/2010;16:47:00;530;com vítima;228;BR-116/SP;Pista Norte;Colisão traseira;1;3;1;0;0;0;1
26/08/2010;07:46:00;169;sem vítima;87,5;BR-116/SP;Pista Norte;Abalroamento longitudinal;1;4;0;0;0;0;1
26/08/2010;05:41:00;98;com vítima;132;BR-116/SP;Pista Norte;Colisão traseira;2;1;0;1;0;0;2
26/08/2010;21:51:00;759;sem vítima;145;BR-116/SP;Pista Sul;Colisão traseira;1;2;0;0;0;0;1
26/08/2010;19:32:00;657;sem vítima;158,4;BR-116/SP;Pista Sul;Abalroamento longitudinal;1;2;0;0;0;0;1
26/08/2010;05:42:00;99;sem vítima;165;BR-116/RJ;Pista Norte;Colisão traseira;1;2;0;0;0;0;1
26/08/2010;10:16:00;301;sem vítima;182;BR-116/SP;Pista Norte;Choque em objeto fixo;1;1;0;0;0;0;1
26/08/2010;06:15:00;113;sem vítima;226,6;BR-116/SP;Pista Sul;Engavetamento;1;4;0;0;0;0;1
26/08/2010;10:32:00;316;sem vítima;306,6;BR-116/RJ;Pista Norte;Choque em objeto na pista;1;1;0;0;0;0;1
27/08/2010;10:27:00;336;sem vítima;103;BR-116/SP;Pista Sul;Colisão traseira;2;2;0;0;0;0;1
27/08/2010;13:31:00;479;sem vítima;146,8;BR-116/SP;Pista Norte;Abalroamento longitudinal;1;3;0;0;0;0;1