data;horario;n_da_ocorrencia;tipo_de_ocorrencia;km;trecho;sentido;tipo_de_acidente;caminhao;ilesos;levemente_feridos;moderadamente_feridos;gravemente_feridos;mortos;3
27/08/2010;21:05:00;864;sem vítima;147;BR-116/SP;Pista Norte;Abalroamento longitudinal;1;5;0;0;0;0;1
27/08/2010;16:01:00;599;sem vítima;170,9;BR-116/RJ;Pista Sul;Colisão traseira;1;2;0;0;0;0;1
27/08/2010;16:36:00;623;com vítima;172,7;BR-116/RJ;Pista Sul;Abalroamento longitudinal;1;2;1;0;0;0;1
27/08/2010;10:45:00;348;sem vítima;207;BR-116/RJ;Pista Sul;Colisão traseira;2;2;0;0;0;0;1
27/08/2010;04:18:00;78;sem vítima;221,6;BR-116/RJ;Pista Sul;Choque em objeto fixo;1;1;0;0;0;0;1
27/08/2010;04:42:00;83;sem vítima;222,3;BR-116/SP;Pista Sul;Choque em defensa;2;2;0;0;0;0;1
27/08/2010;04:13:00;76;sem vítima;226,25;BR-116/RJ;Pista Norte;Colisão traseira;2;2;0;0;0;0;1
27/08/2010;21:31:00;887;com vítima;227;BR-116/SP;Pista Norte;Colisão traseira;1;1;2;1;0;0;2
27/08/2010;19:06:00;771;sem vítima;229,8;BR-116/RJ;Pista Sul;Abalroamento longitudinal;1;28;0;0;0;0;1
27/08/2010;22:13:00;903;sem vítima;230,05;BR-116/SP;Pista Norte;Colisão traseira;1;5;0;0;0;0;1
27/08/2010;08:16:00;233;sem vítima;291,4;BR-116/RJ;Pista Sul;Colisão traseira;1;5;0;0;0;0;1
28/08/2010;02:53:00;65;com vítima;199,3;BR-116/RJ;Pista Sul;Choque em objeto na pista;1;2;1;0;0;0;1
28/08/2010;01:17:00;28;sem vítima;202,2;BR-116/SP;Pista Norte;Colisão traseira;1;2;0;0;0;0;1
28/08/2010;14:15:00;427;sem vítima;285;BR-116/RJ;Pista Norte;Abalroamento longitudinal;1;2;0;0;0;0;1
28/08/2010;14:38:00;433;sem vítima;315,15;BR-116/RJ;Pista Sul;Abalroamento longitudinal;1;11;0;0;0;0;1
28/08/2010;14:59:00;444;sem vítima;315,5;BR-116/RJ;Pista Norte;Colisão traseira;1;3;0;0;0;0;1
28/08/2010;17:54:00;545;sem vítima;318,9;BR-116/RJ;Pista Sul;Colisão traseira;1;5;0;0;0;0;1
29/08/2010;05:55:00;110;com vítima;45,93;BR-116/SP;Pista Sul;Colisão traseira;1;1;1;0;1;0;2
29/08/2010;19:30:00;622;sem vítima;174,7;BR-116/RJ;Pista Norte;Colisão traseira;1;2;0;0;0;0;1
29/08/2010;16:20:00;467;sem vítima;201;BR-116/SP;Pista Sul;Abalroamento longitudinal;1;7;0;0;0;0;1
29/08/2010;13:33:00;344;sem vítima;219;BR-116/SP;Pista Sul;Não Def;1;1;0;0;0;0;1
29/08/2010;13:34:00;346;sem vítima;219;BR-116/SP;Pista Norte;Tombamento;1;1;0;0;0;0;1
29/08/2010;19:16:00;611;sem vítima;227,9;BR-116/RJ;Pista Norte;Colisão traseira;1;2;0;0;0;0;1
30/08/2010;04:26:00;76;com vítima;123,15;BR-116/SP;Pista Norte;Choque em barreira New Jersey;1;0;0;0;1;0;2
30/08/2010;16:51:00;478;sem vítima;133;BR-116/SP;Pista Norte;Abalroamento longitudinal;1;5;0;0;0;0;1
30/08/2010;07:50:00;162;sem vítima;157;BR-116/SP;Pista Norte;Colisão traseira;1;2;0;0;0;0;1
30/08/2010;05:10:00;87;sem vítima;179;BR-116/RJ;Pista Norte;Engavetamento;1;4;0;0;0;0;1
30/08/2010;06:08:00;105;sem vítima;209;BR-116/SP;Pista Sul;Abalroamento longitudinal;1;2;0;0;0;0;1
30/08/2010;16:07:00;449;com vítima;326,7;BR-116/RJ;Pista Sul;Capotamento;1;0;1;0;0;0;1
31/08/2010;04:31:00;84;sem vítima;114,5;BR-116/SP;Pista Norte;Atropelamento de animal;1;2;0;0;0;0;1
31/08/2010;12:48:00;371;sem vítima;163;BR-116/RJ;Pista Sul;Colisão traseira;1;2;0;0;0;0;1
31/08/2010;08:48:00;214;sem vítima;165,7;BR-116/RJ;Pista Sul;Abalroamento longitudinal;2;3;0;0;0;0;1
31/08/2010;05:57:00;102;com vítima;169;BR-116/RJ;Pista Sul;Colisão traseira;1;1;1;0;0;0;1
31/08/2010;10:40:00;302;com vítima;189,65;BR-116/RJ;Pista Sul;Colisão traseira;1;1;0;1;0;0;2
01/09/2010;00:54:00;29;sem vítima;226,7;BR-116/SP;Pista Norte;Capotamento;1;6;0;0;0;0;1
01/09/2010;04:32:00;94;com vítima;3,1;BR-116/SP;Pista Norte;Colisão traseira;2;1;1;0;0;0;1
01/09/2010;05:32:00;120;com vítima;135;BR-116/SP;Pista Norte;Colisão traseira;1;2;1;0;0;0;1
01/09/2010;06:54:00;167;sem vítima;157;BR-116/SP;Pista Norte;Colisão traseira;2;2;0;0;0;0;1
01/09/2010;08:54:00;283;sem vítima;180,8;BR-116/RJ;Pista Norte;Colisão traseira;2;2;0;0;0;0;1
01/09/2010;08:57:00;285;sem vítima;217;BR-116/SP;Pista Sul;Abalroamento longitudinal;1;2;0;0;0;0;1
01/09/2010;12:21:00;434;sem vítima;181,7;BR-116/SP;Pista Norte;Abalroamento longitudinal;1;2;0;0;0;0;1
01/09/2010;12:34:00;442;sem vítima;171,8;BR-116/RJ;Pista Norte;Colisão traseira;1;2;0;0;0;0;1
01/09/2010;13:16:00;473;sem vítima;24;BR-116/SP;Pista Sul;Colisão traseira;1;2;0;0;0;0;1
01/09/2010;13:49:00;493;sem vítima;278;BR-116/RJ;Pista Sul;Abalroamento longitudinal;1;2;0;0;0;0;1
01/09/2010;13:56:00;495;com vítima;177,7;BR-116/RJ;Pista Sul;Engavetamento;1;2;0;1;0;0;2
01/09/2010;16:51:00;624;com vítima;64,9;BR-116/SP;Pista Norte;Engavetamento;3;3;1;0;0;0;1
01/09/2010;18:32:00;711;sem vítima;43,15;BR-116/SP;Pista Sul;Engavetamento;1;5;0;0;0;0;1
02/09/2010;04:51:00;75;sem vítima;82;BR-116/SP;Pista Sul;Choque em barreira New Jersey;1;1;0;0;0;0;1
02/09/2010;07:25:00;167;sem vítima;158;BR-116/SP;Pista Norte;Colisão traseira;2;2;0;0;0;0;1
02/09/2010;08:30:00;248;sem vítima;319;BR-116/RJ;Pista Norte;Outros;1;2;0;0;0;0;1
02/09/2010;08:37:00;256;sem vítima;217;BR-116/SP;Pista Norte;Colisão traseira;1;5;0;0;0;0;1
02/09/2010;13:42:00;482;com vítima;223,8;BR-116/SP;Pista Sul;Colisão traseira;1;1;0;0;0;1;3
02/09/2010;14:44:00;529;sem vítima;272,4;BR-116/RJ;Pista Norte;Colisão traseira;1;2;0;0;0;0;1
02/09/2010;15:11:00;548;sem vítima;172;BR-116/RJ;Pista Sul;Colisão traseira;1;2;0;0;0;0;1
02/09/2010;16:24:00;610;sem vítima;225,2;BR-116/RJ;Pista Sul;Colisão traseira;1;2;0;0;0;0;1
02/09/2010;17:23:00;650;sem vítima;191;BR-116/RJ;Pista Sul;Colisão traseira;1;2;0;0;0;0;1
02/09/2010;18:13:00;696;sem vítima;232;BR-116/RJ;Pista Sul;Abalroamento longitudinal;1;2;0;0;0;0;1
02/09/2010;18:35:00;717;sem vítima;256;BR-116/RJ;Pista Sul;Abalroamento longitudinal;1;2;0;0;0;0;1
02/09/2010;18:35:00;719;sem vítima;157,1;BR-116/SP;Pista Sul;Colisão traseira;1;2;0;0;0;0;1
03/09/2010;00:41:00;11;sem vítima;186,4;BR-116/SP;Pista Norte;Colisão traseira;1;2;0;0;0;0;1
03/09/2010;03:06:00;45;sem vítima;78,5;BR-116/SP;Pista Sul;Colisão traseira;2;3;0;0;0;0;1
03/09/2010;05:45:00;82;sem vítima;165;BR-116/RJ;Pista Norte;Engavetamento;1;5;0;0;0;0;1
03/09/2010;08:15:00;198;com vítima;165,9;BR-116/RJ;Pista Norte;Choque em veículo parado na pista;1;1;0;1;0;0;2
03/09/2010;12:15:00;366;sem vítima;207;BR-116/RJ;Pista Sul;Choque em objeto fixo;1;1;0;0;0;0;1
03/09/2010;12:55:00;387;sem vítima;174,6;BR-116/RJ;Pista Norte;Colisão traseira;1;2;0;0;0;0;1
03/09/2010;13:13:00;406;sem vítima;177,3;BR-116/RJ;Pista Norte;Colisão traseira;2;4;0;0;0;0;1
03/09/2010;14:22:00;464;sem vítima;298,45;BR-116/RJ;Pista Norte;Queda de ribanceira;1;2;0;0;0;0;1
03/09/2010;15:25:00;530;sem vítima;206,1;BR-116/RJ;Pista Sul;Abalroamento longitudinal;1;2;0;0;0;0;1
03/09/2010;16:18:00;572;sem vítima;119;BR-116/SP;Pista Norte;Choque em objeto na pista;1;9;0;0;0;0;1
03/09/2010;18:35:00;689;sem vítima;204;BR-116/SP;Pista Sul;Colisão traseira;1;2;0;0;0;0;1
03/09/2010;19:35:00;737;sem vítima;167;BR-116/SP;Pista Norte;Colisão traseira;1;6;0;0;0;0;1
03/09/2010;20:08:00;764;sem vítima;169;BR-116/RJ;Pista Sul;Colisão traseira;1;3;0;0;0;0;1
03/09/2010;22:13:00;840;sem vítima;207;BR-116/RJ;Pista Sul;Abalroamento longitudinal;1;3;0;0;0;0;1
04/09/2010;01:16:00;30;com vítima;135,2;BR-116/SP;Pista Sul;Colisão traseira;1;3;2;0;0;0;1
04/09/2010;07:25:00;168;sem vítima;183,9;BR-116/RJ;Pista Norte;Colisão traseira;1;11;0;0;0;0;1
04/09/2010;07:37:00;178;sem vítima;184;BR-116/RJ;Pista Norte;Abalroamento longitudinal;1;3;0;0;0;0;1
04/09/2010;08:55:00;235;sem vítima;204;BR-116/SP;Pista Sul;Outros;1;1;0;0;0;0;1
04/09/2010;11:32:00;342;sem vítima;122,3;BR-116/SP;Pista Norte;Colisão traseira;1;2;0;0;0;0;1
04/09/2010;11:36:00;345;sem vítima;172,8;BR-116/RJ;Pista Sul;Abalroamento longitudinal;1;6;0;0;0;0;1
04/09/2010;13:17:00;422;sem vítima;282,5;BR-116/RJ;Pista Sul;Abalroamento longitudinal;1;3;0;0;0;0;1
04/09/2010;18:48:00;663;sem vítima;224,8;BR-116/SP;Pista Norte;Choque em objeto na pista;1;1;0;0;0;0;1
04/09/2010;22:44:00;811;sem vítima;89,9;BR-116/SP;Pista Norte;Choque em objeto na pista;1;3;0;0;0;0;1
05/09/2010;19:56:00;555;com vítima;302,6;BR-116/RJ;Pista Norte;Capotamento;1;1;0;0;1;0;2
06/09/2010;03:07:00;46;sem vítima;230,3;BR-116/RJ;Pista Norte;Engavetamento;3;4;0;0;0;0;1
06/09/2010;03:21:00;48;sem vítima;222,3;BR-116/RJ;Pista Norte;Atropelamento de animal;1;2;0;0;0;0;1
06/09/2010;04:28:00;60;com vítima;178;BR-116/RJ;Pista Norte;Abalroamento longitudinal;1;1;1;0;0;0;1
06/09/2010;05:06:00;67;sem vítima;184;BR-116/RJ;Pista Norte;Choque em defensa;1;1;0;0;0;0;1
06/09/2010;06:55:00;118;sem vítima;183,95;BR-116/RJ;Pista Norte;Abalroamento longitudinal;1;2;0;0;0;0;1
06/09/2010;07:11:00;128;sem vítima;87;BR-116/SP;Pista Sul;Choque em objeto fixo;1;1;0;0;0;0;1
06/09/2010;07:38:00;147;sem vítima;261,8;BR-116/RJ;Pista Norte;Colisão traseira;1;2;0;0;0;0;1
07/09/2010;00:50:00;11;sem vítima;61,35;BR-116/SP;Pista Norte;Choque em defensa;1;1;0;0;0;0;1
07/09/2010;03:47:00;46;com vítima;153;BR-116/SP;Pista Sul;Colisão traseira;1;1;1;0;0;0;1
07/09/2010;08:16:00;149;com vítima;191,1;BR-116/SP;Pista Sul;Engavetamento;3;2;1;0;0;0;1
07/09/2010;11:28:00;255;sem vítima;67;BR-116/SP;Pista Sul;Choque em barreira New Jersey;1;1;0;0;0;0;1
07/09/2010;11:43:00;267;com vítima;217,4;BR-116/RJ;Pista Norte;Colisão traseira;1;2;2;0;0;0;1
07/09/2010;12:17:00;279;sem vítima;159;BR-116/SP;Pista Norte;Outros;1;1;0;0;0;0;1
07/09/2010;13:39:00;318;com vítima;107;BR-116/SP;Pista Sul;Colisão traseira;1;0;1;1;0;0;2
07/09/2010;18:05:00;476;sem vítima;71,3;BR-116/SP;Pista Sul;Colisão traseira;2;2;0;0;0;0;1
07/09/2010;18:58:00;521;sem vítima;310,3;BR-116/RJ;Pista Norte;Colisão traseira;1;2;0;0;0;0;1
07/09/2010;19:24:00;540;com vítima;310,9;BR-116/RJ;Pista Sul;Abalroamento longitudinal;1;1;2;0;0;0;1
08/09/2010;05:55:00;92;sem vítima;182;BR-116/SP;Pista Norte;Colisão traseira;1;2;0;0;0;0;1
08/09/2010;08:01:00;190;sem vítima;220;BR-116/SP;Pista Sul;Engavetamento;2;5;0;0;0;0;1
08/09/2010;08:21:00;212;sem vítima;179,8;BR-116/RJ;Pista Norte;Engavetamento;1;4;0;0;0;0;1
08/09/2010;13:03:00;400;sem vítima;220,3;BR-116/RJ;Pista Sul;Colisão traseira;1;2;0;0;0;0;1
08/09/2010;13:41:00;423;sem vítima;101,85;BR-116/SP;Pista Norte;Abalroamento longitudinal;2;2;0;0;0;0;1
08/09/2010;14:09:00;445;com vítima;172,8;BR-116/RJ;Pista Sul;Engavetamento;2;8;1;0;0;0;1
08/09/2010;15:14:00;490;sem vítima;171,4;BR-116/RJ;Pista Sul;Colisão traseira;2;3;0;0;0;0;1
08/09/2010;18:02:00;583;sem vítima;215,8;BR-116/SP;Pista Sul;Colisão traseira;2;2;0;0;0;0;1
08/09/2010;19:00:00;617;sem vítima;224,8;BR-116/SP;Pista Norte;Colisão traseira;1;10;0;0;0;0;1
08/09/2010;19:44:00;648;sem vítima;108,25;BR-116/SP;Pista Norte;Choque em barreira New Jersey;1;3;0;0;0;0;1
08/09/2010;22:05:00;731;sem vítima;170,9;BR-116/RJ;Pista Sul;Abalroamento longitudinal;1;2;0;0;0;0;1
08/09/2010;22:22:00;741;sem vítima;1,8;BR-116/SP;Pista Norte;Choque em objeto na pista;3;4;0;0;0;0;1
09/09/2010;05:49:00;94;sem vítima;176,6;BR-116/RJ;Pista Norte;Engavetamento;1;4;0;0;0;0;1
09/09/2010;06:58:00;128;sem vítima;147;BR-116/SP;Pista Norte;Colisão traseira;2;2;0;0;0;0;1
09/09/2010;07:24:00;142;sem vítima;230,2;BR-116/RJ;Pista Norte;Engavetamento;2;3;0;0;0;0;1
09/09/2010;08:47:00;225;sem vítima;143,2;BR-116/SP;Pista Sul;Engavetamento;3;3;0;0;0;0;1
09/09/2010;16:07:00;487;sem vítima;182;BR-116/SP;Pista Norte;Colisão traseira;2;3;0;0;0;0;1
09/09/2010;16:39:00;504;sem vítima;195,1;BR-116/RJ;Pista Sul;Abalroamento longitudinal;1;3;0;0;0;0;1
09/09/2010;17:48:00;553;sem vítima;222;BR-116/SP;Pista Sul;Abalroamento longitudinal;1;2;0;0;0;0;1
09/09/2010;17:53:00;561;sem vítima;154;BR-116/SP;Pista Norte;Abalroamento longitudinal;1;2;0;0;0;0;1
10/09/2010;00:30:00;15;sem vítima;89,43;BR-116/SP;Pista Sul;Atropelamento de animal;1;1;0;0;0;0;1
10/09/2010;08:50:00;237;sem vítima;167,75;BR-116/RJ;Pista Sul;Abalroamento longitudinal;1;2;0;0;0;0;1
10/09/2010;19:21:00;661;com vítima;209,1;BR-116/SP;Pista Sul;Choque em barreira New Jersey;1;0;1;0;0;0;1
10/09/2010;20:51:00;722;sem vítima;222;BR-116/SP;Pista Norte;Engavetamento;1;5;0;0;0;0;1
10/09/2010;23:22:00;791;sem vítima;101,3;BR-116/SP;Pista Norte;Abalroamento longitudinal;1;4;0;0;0;0;1
11/09/2010;00:58:00;31;sem vítima;138,3;BR-116/SP;Pista Sul;Abalroamento longitudinal;1;5;0;0;0;0;1
11/09/2010;01:12:00;37;com vítima;180,2;BR-116/RJ;Pista Norte;Colisão traseira;1;1;2;0;0;0;1
11/09/2010;06:00:00;122;sem vítima;219;BR-116/SP;Pista Norte;Colisão traseira;1;2;0;0;0;0;1
11/09/2010;06:49:00;152;sem vítima;173,1;BR-116/RJ;Pista Norte;Colisão traseira;1;4;0;0;0;0;1
11/09/2010;07:11:00;168;sem vítima;173,5;BR-116/RJ;Pista Norte;Colisão traseira;1;4;0;0;0;0;1
11/09/2010;07:17:00;174;sem vítima;219;BR-116/SP;Pista Sul;Colisão traseira;1;2;0;0;0;0;1
11/09/2010;13:28:00;427;sem vítima;178,1;BR-116/RJ;Pista Norte;Colisão traseira;1;2;0;0;0;0;1
11/09/2010;17:15:00;577;com vítima;156,9;BR-116/SP;Pista Norte;Engavetamento;1;2;1;0;0;0;1
11/09/2010;19:55:00;678;sem vítima;154;BR-116/SP;Pista Norte;Choque em veículo parado na pista;1;2;0;0;0;0;1
11/09/2010;23:25:00;787;sem vítima;217,5;BR-116/RJ;Pista Sul;Choque em objeto na pista;1;49;0;0;0;0;1
12/09/2010;08:15:00;183;com vítima;224;BR-116/SP;Pista Sul;Engavetamento;2;4;1;0;0;0;1
12/09/2010;09:25:00;231;sem vítima;108;BR-116/SP;Pista Norte;Choque em barreira New Jersey;1;1;0;0;0;0;1
12/09/2010;14:06:00;375;sem vítima;182,6;BR-116/RJ;Pista Norte;Colisão traseira;1;4;0;0;0;0;1
12/09/2010;21:08:00;679;com vítima;95,52;BR-116/SP;Pista Sul;Colisão traseira;2;1;1;0;0;0;1
13/09/2010;03:33:00;66;sem vítima;234,43;BR-116/RJ;Pista Sul;Tombamento;1;1;0;0;0;0;1
13/09/2010;05:45:00;95;sem vítima;34,2;BR-116/SP;Pista Norte;Abalroamento longitudinal;2;2;0;0;0;0;1
13/09/2010;06:55:00;140;sem vítima;2;BR-116/SP;Pista Sul;Tombamento;1;1;0;0;0;0;1
13/09/2010;08:57:00;255;sem vítima;170,1;BR-116/RJ;Pista Norte;Abalroamento longitudinal;1;2;0;0;0;0;1
13/09/2010;11:14:00;343;com vítima;208,5;BR-116/RJ;Pista Norte;Queda de ribanceira;1;0;0;1;0;0;2
13/09/2010;13:15:00;390;sem vítima;12,2;BR-116/SP;Pista Norte;Choque em defensa;1;1;0;0;0;0;1
13/09/2010;13:59:00;410;com vítima;163;BR-116/RJ;Pista Norte;Tombamento;1;0;1;0;0;0;1
13/09/2010;16:07:00;484;com vítima;208,8;BR-116/SP;Pista Norte;Atropelamento de pedestre atravessando;1;1;0;0;0;1;3
13/09/2010;17:33:00;531;sem vítima;216;BR-116/RJ;Pista Sul;Choque em objeto na pista;1;2;0;0;0;0;1
13/09/2010;17:59:00;549;com vítima;255,5;BR-116/RJ;Pista Norte;Choque em barreira New Jersey;1;0;0;0;0;1;3
13/09/2010;18:26:00;572;sem vítima;163,6;BR-116/RJ;Pista Norte;Engavetamento;1;4;0;0;0;0;1
13/09/2010;20:58:00;664;sem vítima;165;BR-116/SP;Pista Norte;Choque em objeto fixo;1;1;0;0;0;0;1
13/09/2010;22:47:00;720;com vítima;228;BR-116/SP;Pista Sul;Engavetamento;3;1;0;1;0;1;3
14/09/2010;01:41:00;32;com vítima;65;BR-116/SP;Pista Norte;Queda de Ponte/Viaduto;1;0;0;0;1;0;2
14/09/2010;08:19:00;186;sem vítima;67;BR-116/SP;Pista Norte;Tombamento;1;1;0;0;0;0;1
14/09/2010;11:26:00;335;com vítima;274,4;BR-116/RJ;Pista Norte;Colisão traseira;1;1;1;0;0;0;1
14/09/2010;12:08:00;355;com vítima;274,9;BR-116/RJ;Pista Norte;Outros;1;1;1;0;0;0;1
14/09/2010;17:44:00;564;sem vítima;227,8;BR-116/SP;Pista Sul;Colisão traseira;1;2;0;0;0;0;1
14/09/2010;21:05:00;668;sem vítima;204;BR-116/SP;Pista Sul;Colisão traseira;1;3;0;0;0;0;1
14/09/2010;22:29:00;718;com vítima;173,1;BR-116/SP;Pista Sul;Colisão traseira;2;1;1;0;0;0;1
15/09/2010;04:23:00;63;sem vítima;271,7;BR-116/RJ;Pista Norte;Colisão traseira;1;2;0;0;0;0;1
15/09/2010;05:13:00;72;com vítima;279,5;BR-116/RJ;Pista Sul;Choque em barreira New Jersey;1;0;1;0;0;0;1
15/09/2010;06:44:00;120;com vítima;22,2;BR-116/SP;Pista Sul;Tombamento;1;0;1;0;0;0;1
15/09/2010;07:41:00;169;sem vítima;319;BR-116/RJ;Pista Norte;Colisão traseira;2;2;0;0;0;0;1
15/09/2010;08:33:00;220;com vítima;22,34;BR-116/SP;Pista Norte;Engavetamento;2;4;1;0;0;0;1
15/09/2010;10:22:00;316;com vítima;205,8;BR-116/SP;Pista Sul;Colisão traseira;1;1;1;0;0;0;1
15/09/2010;11:01:00;341;sem vítima;164,9;BR-116/RJ;Pista Sul;Abalroamento longitudinal;1;3;0;0;0;0;1
15/09/2010;14:25:00;448;sem vítima;219,23;BR-116/RJ;Pista Sul;Abalroamento longitudinal;2;2;0;0;0;0;1
15/09/2010;18:03:00;600;com vítima;165,2;BR-116/SP;Pista Norte;Colisão traseira;1;1;1;0;0;0;1
15/09/2010;19:07:00;642;sem vítima;219,5;BR-116/SP;Pista Sul;Colisão traseira;1;2;0;0;0;0;1
16/09/2010;00:38:00;12;sem vítima;185,3;BR-116/RJ;Pista Norte;Choque em veículo parado na pista;1;2;0;0;0;0;1
16/09/2010;01:20:00;28;com vítima;74,8;BR-116/SP;Pista Norte;Colisão traseira;2;1;1;0;0;0;1
16/09/2010;07:23:00;167;sem vítima;221,1;BR-116/RJ;Pista Norte;Choque em objeto fixo;1;1;0;0;0;0;1
16/09/2010;09:20:00;265;sem vítima;220,65;BR-116/RJ;Pista Sul;Choque em objeto fixo;1;1;0;0;0;0;1
16/09/2010;09:39:00;276;sem vítima;224,6;BR-116/RJ;Pista Norte;Choque Talude;1;1;0;0;0;0;1
16/09/2010;09:58:00;292;sem vítima;145,9;BR-116/SP;Pista Sul;Colisão traseira;2;2;0;0;0;0;1
16/09/2010;10:19:00;310;com vítima;227;BR-116/SP;Pista Norte;Abalroamento longitudinal;1;1;1;0;0;0;1
16/09/2010;11:57:00;360;sem vítima;145;BR-116/SP;Pista Norte;Abalroamento longitudinal;1;2;0;0;0;0;1
16/09/2010;19:38:00;635;sem vítima;175,4;BR-116/RJ;Pista Sul;Abalroamento longitudinal;1;4;0;0;0;0;1
16/09/2010;20:05:00;654;sem vítima;75,35;BR-116/SP;Pista Sul;Colisão traseira;1;3;0;0;0;0;1
16/09/2010;20:31:00;671;sem vítima;190,7;BR-116/RJ;Pista Sul;Choque em objeto na pista;1;3;0;0;0;0;1
16/09/2010;22:07:00;739;sem vítima;219,1;BR-116/RJ;Pista Sul;Abalroamento longitudinal;1;2;0;0;0;0;1
17/09/2010;05:20:00;99;sem vítima;164,9;BR-116/RJ;Pista Norte;Colisão traseira;2;2;0;0;0;0;1
17/09/2010;06:52:00;145;sem vítima;278,5;BR-116/RJ;Pista Norte;Abalroamento longitudinal;1;2;0;0;0;0;1
17/09/2010;06:56:00;149;sem vítima;176,7;BR-116/RJ;Pista Norte;Colisão traseira;1;2;0;0;0;0;1
17/09/2010;07:31:00;177;com vítima;223,6;BR-116/RJ;Pista Norte;Choque Talude;1;0;2;0;0;0;1
17/09/2010;09:28:00;270;sem vítima;114,5;BR-116/SP;Pista Sul;Colisão traseira;2;2;0;0;0;0;1
17/09/2010;10:17:00;307;sem vítima;224,2;BR-116/RJ;Pista Norte;Abalroamento longitudinal;1;2;0;0;0;0;1
17/09/2010;13:43:00;437;sem vítima;116;BR-116/SP;Pista Sul;Choque em objeto na pista;1;3;0;0;0;0;1
17/09/2010;15:26:00;508;sem vítima;144;BR-116/SP;Pista Sul;Colisão traseira;2;2;0;0;0;0;1
17/09/2010;16:34:00;556;sem vítima;13,7;BR-116/SP;Pista Sul;Colisão traseira;1;2;0;0;0;0;1
17/09/2010;17:32:00;605;sem vítima;304,7;BR-116/RJ;Pista Sul;Engavetamento;1;3;0;0;0;0;1
17/09/2010;19:43:00;695;sem vítima;159,6;BR-116/SP;Pista Sul;Colisão traseira;1;4;0;0;0;0;1
17/09/2010;21:09:00;737;com vítima;229,7;BR-116/RJ;Pista Norte;Abalroamento longitudinal;1;3;1;1;0;0;2
17/09/2010;21:39:00;757;com vítima;229,7;BR-116/RJ;Pista Norte;Choque em veículo parado na pista;1;1;0;1;0;0;2
17/09/2010;23:42:00;807;sem vítima;233,3;BR-116/RJ;Pista Norte;Choque em objeto na pista;2;2;0;0;0;0;1
18/09/2010;00:53:00;23;sem vítima;86,65;BR-116/SP;Pista Sul;Abalroamento longitudinal;2;2;0;0;0;0;1
18/09/2010;01:18:00;35;sem vítima;252,3;BR-116/RJ;Pista Norte;Engavetamento;1;4;0;0;0;0;1
18/09/2010;03:55:00;85;com vítima;227,95;BR-116/RJ;Pista Norte;Tombamento;1;1;1;0;0;0;1
18/09/2010;12:10:00;384;sem vítima;201;BR-116/RJ;Pista Norte;Abalroamento longitudinal;1;2;0;0;0;0;1
18/09/2010;16:02:00;506;sem vítima;87;BR-116/SP;Pista Sul;Choque em objeto fixo;1;1;0;0;0;0;1
18/09/2010;20:25:00;658;sem vítima;220;BR-116/RJ;Pista Sul;Choque em objeto fixo;1;3;0;0;0;0;1
18/09/2010;22:15:00;708;com vítima;223,7;BR-116/RJ;Pista Norte;Tombamento;1;6;1;0;0;0;1
19/09/2010;16:29:00;405;sem vítima;34;BR-116/SP;Pista Norte;Colisão traseira;2;2;0;0;0;0;1
19/09/2010;17:22:00;441;com vítima;199,7;BR-116/RJ;Pista Norte;Abalroamento longitudinal;1;46;1;0;0;0;1
19/09/2010;17:30:00;446;com vítima;290,5;BR-116/RJ;Pista Norte;Colisão traseira;2;2;1;0;0;0;1
19/09/2010;18:08:00;475;sem vítima;172,45;BR-116/RJ;Pista Norte;Colisão traseira;1;2;0;0;0;0;1
19/09/2010;21:34:00;613;sem vítima;224,3;BR-116/RJ;Pista Sul;Colisão traseira;2;2;0;0;0;0;1
20/09/2010;05:57:00;117;sem vítima;203,1;BR-116/RJ;Pista Norte;Colisão traseira;2;2;0;0;0;0;1
20/09/2010;07:36:00;191;sem vítima;299;BR-116/RJ;Pista Sul;Colisão traseira;1;2;0;0;0;0;1
20/09/2010;08:01:00;209;sem vítima;156,3;BR-116/SP;Pista Norte;Colisão traseira;1;2;0;0;0;0;1
20/09/2010;08:22:00;229;sem vítima;226,5;BR-116/SP;Pista Norte;Abalroamento longitudinal;1;2;0;0;0;0;1
20/09/2010;09:20:00;280;sem vítima;34;BR-116/SP;Pista Norte;Colisão traseira;1;5;0;0;0;0;1
20/09/2010;09:51:00;307;sem vítima;51,2;BR-116/SP;Pista Norte;Outros;1;1;0;0;0;0;1
20/09/2010;10:39:00;346;com vítima;293;BR-116/RJ;Pista Norte;Choque em defensa;1;2;1;0;0;0;1
20/09/2010;10:45:00;354;sem vítima;228,5;BR-116/SP;Pista Norte;Colisão traseira;1;2;0;0;0;0;1
20/09/2010;11:13:00;369;sem vítima;257;BR-116/RJ;Pista Sul;Abalroamento longitudinal;1;4;0;0;0;0;1
20/09/2010;14:42:00;485;sem vítima;165,8;BR-116/RJ;Pista Norte;Colisão traseira;2;2;0;0;0;0;1
20/09/2010;14:51:00;493;com vítima;149,9;BR-116/SP;Pista Norte;Abalroamento longitudinal;1;1;1;0;0;0;1
20/09/2010;19:18:00;670;sem vítima;219;BR-116/SP;Pista Norte;Engavetamento;1;4;0;0;0;0;1
21/09/2010;00:18:00;6;sem vítima;314,7;BR-116/RJ;Pista Sul;Choque em objeto na pista;1;3;0;0;0;0;1
21/09/2010;00:18:00;7;com vítima;156;BR-116/SP;Pista Norte;Colisão traseira;1;2;1;0;0;0;1
21/09/2010;02:26:00;81;sem vítima;179;BR-116/SP;Pista Norte;Choque em objeto na pista;1;1;0;0;0;0;1
21/09/2010;05:44:00;130;sem vítima;176;BR-116/RJ;Pista Norte;Colisão traseira;2;2;0;0;0;0;1
21/09/2010;06:55:00;165;sem vítima;164;BR-116/RJ;Pista Norte;Abalroamento longitudinal;1;2;0;0;0;0;1