data;horario;n_da_ocorrencia;tipo_de_ocorrencia;km;trecho;sentido;tipo_de_acidente;caminhao;ilesos;levemente_feridos;moderadamente_feridos;gravemente_feridos;mortos;3
21/09/2010;08:22:00;244;sem vítima;224;BR-116/SP;Pista Norte;Abalroamento longitudinal;1;2;0;0;0;0;1
21/09/2010;11:27:00;423;sem vítima;272,8;BR-116/RJ;Pista Norte;Choque em objeto na pista;1;2;0;0;0;0;1
21/09/2010;12:10:00;444;sem vítima;229,8;BR-116/SP;Pista Sul;Colisão traseira;2;2;0;0;0;0;1
21/09/2010;15:21:00;547;sem vítima;173,4;BR-116/RJ;Pista Sul;Colisão traseira;1;2;0;0;0;0;1
21/09/2010;16:09:00;583;sem vítima;22,2;BR-116/SP;Pista Sul;Outros;1;1;0;0;0;0;1
21/09/2010;17:58:00;673;com vítima;293;BR-116/RJ;Pista Sul;Choque em defensa;1;1;1;0;0;0;1
21/09/2010;19:46:00;741;sem vítima;177;BR-116/RJ;Pista Sul;Abalroamento longitudinal;1;5;0;0;0;0;1
22/09/2010;00:50:00;14;sem vítima;10,45;BR-116/SP;Pista Norte;Queda de ribanceira;1;1;0;0;0;0;1
22/09/2010;04:01:00;55;sem vítima;262,25;BR-116/RJ;Pista Sul;Colisão traseira;2;2;0;0;0;0;1
22/09/2010;05:11:00;75;sem vítima;206,9;BR-116/RJ;Pista Norte;Abalroamento longitudinal;1;2;0;0;0;0;1
22/09/2010;09:37:00;271;sem vítima;145;BR-116/SP;Pista Sul;Engavetamento;1;4;0;0;0;0;1
22/09/2010;10:11:00;297;com vítima;154,5;BR-116/SP;Pista Sul;Abalroamento longitudinal;1;2;2;0;0;0;1
22/09/2010;11:09:00;341;sem vítima;229,6;BR-116/SP;Pista Sul;Colisão traseira;2;2;0;0;0;0;1
22/09/2010;11:27:00;357;sem vítima;202;BR-116/RJ;Pista Norte;Choque em objeto fixo;1;1;0;0;0;0;1
22/09/2010;11:30:00;359;com vítima;220,3;BR-116/RJ;Pista Sul;Tombamento;1;0;1;0;0;0;1
22/09/2010;13:44:00;431;sem vítima;182;BR-116/SP;Pista Norte;Colisão traseira;1;3;0;0;0;0;1
22/09/2010;18:16:00;621;sem vítima;297,2;BR-116/RJ;Pista Norte;Choque em barreira New Jersey;1;1;0;0;0;0;1
22/09/2010;18:39:00;638;sem vítima;211;BR-116/SP;Pista Sul;Outros;1;3;0;0;0;0;1
22/09/2010;19:55:00;690;sem vítima;6;BR-116/SP;Pista Sul;Choque em objeto na pista;2;2;0;0;0;0;1
22/09/2010;20:45:00;712;sem vítima;225;BR-116/SP;Pista Norte;Engavetamento;1;4;0;0;0;0;1
22/09/2010;21:45:00;744;com vítima;64,7;BR-116/SP;Pista Sul;Choque em veículo parado na pista;1;2;1;0;0;0;1
22/09/2010;22:18:00;762;sem vítima;251,7;BR-116/RJ;Pista Sul;Atropelamento de animal;2;6;0;0;0;0;1
23/09/2010;04:08:00;69;sem vítima;145;BR-116/SP;Pista Sul;Choque em objeto na pista;1;2;0;0;0;0;1
23/09/2010;04:44:00;77;com vítima;244,5;BR-116/RJ;Pista Norte;Colisão traseira;2;1;0;1;0;0;2
23/09/2010;05:47:00;102;sem vítima;207;BR-116/RJ;Pista Sul;Choque em objeto fixo;1;1;0;0;0;0;1
23/09/2010;05:54:00;107;sem vítima;230;BR-116/SP;Pista Norte;Colisão traseira;2;2;0;0;0;0;1
23/09/2010;06:38:00;136;sem vítima;145;BR-116/SP;Pista Sul;Colisão traseira;1;3;0;0;0;0;1
23/09/2010;07:39:00;183;sem vítima;229;BR-116/RJ;Pista Norte;Colisão traseira;1;4;0;0;0;0;1
23/09/2010;07:54:00;198;sem vítima;156;BR-116/SP;Pista Norte;Abalroamento longitudinal;2;2;0;0;0;0;1
23/09/2010;08:29:00;242;sem vítima;181,3;BR-116/RJ;Pista Norte;Colisão traseira;1;2;0;0;0;0;1
23/09/2010;10:15:00;336;sem vítima;205,6;BR-116/RJ;Pista Sul;Abalroamento longitudinal;1;2;0;0;0;0;1
23/09/2010;12:32:00;432;sem vítima;203,8;BR-116/RJ;Pista Norte;Outros;1;2;0;0;0;0;1
23/09/2010;13:33:00;464;sem vítima;223;BR-116/SP;Pista Norte;Abalroamento longitudinal;1;2;0;0;0;0;1
23/09/2010;14:10:00;486;sem vítima;187;BR-116/SP;Pista Norte;Choque em defensa;1;1;0;0;0;0;1
23/09/2010;14:11:00;488;sem vítima;183;BR-116/RJ;Pista Sul;Colisão traseira;1;2;0;0;0;0;1
23/09/2010;14:12:00;491;sem vítima;160;BR-116/SP;Pista Norte;Abalroamento longitudinal;2;2;0;0;0;0;1
23/09/2010;14:40:00;509;com vítima;292,7;BR-116/RJ;Pista Sul;Colisão traseira;1;2;1;0;0;0;1
23/09/2010;14:41:00;513;sem vítima;191,3;BR-116/RJ;Pista Norte;Choque em defensa;2;2;0;0;0;0;1
23/09/2010;17:11:00;626;sem vítima;183,8;BR-116/RJ;Pista Sul;Capotamento;1;3;0;0;0;0;1
23/09/2010;17:13:00;627;sem vítima;108;BR-116/SP;Pista Norte;Choque em objeto na pista;1;4;0;0;0;0;1
23/09/2010;17:39:00;653;sem vítima;223,25;BR-116/SP;Pista Sul;Abalroamento longitudinal;1;4;0;0;0;0;1
23/09/2010;19:37:00;741;sem vítima;207;BR-116/RJ;Pista Sul;Choque em objeto fixo;1;1;0;0;0;0;1
24/09/2010;00:21:00;8;sem vítima;213,2;BR-116/SP;Pista Norte;Atropelamento de animal;1;1;0;0;0;0;1
24/09/2010;07:39:00;220;sem vítima;278,9;BR-116/RJ;Pista Norte;Colisão traseira;1;2;0;0;0;0;1
24/09/2010;07:44:00;229;sem vítima;168,8;BR-116/RJ;Pista Norte;Abalroamento longitudinal;2;3;0;0;0;0;1
24/09/2010;08:00:00;243;sem vítima;140;BR-116/SP;Pista Sul;Colisão traseira;2;2;0;0;0;0;1
24/09/2010;09:05:00;304;sem vítima;159;BR-116/SP;Pista Sul;Abalroamento longitudinal;1;2;0;0;0;0;1
24/09/2010;12:17:00;440;com vítima;50,7;BR-116/SP;Pista Norte;Colisão traseira;1;1;1;0;0;0;1
24/09/2010;14:18:00;513;sem vítima;274,7;BR-116/RJ;Pista Norte;Choque em objeto fixo;1;1;0;0;0;0;1
24/09/2010;15:46:00;566;sem vítima;169;BR-116/RJ;Pista Sul;Abalroamento longitudinal;1;2;0;0;0;0;1
24/09/2010;16:26:00;596;sem vítima;175,5;BR-116/RJ;Pista Norte;Abalroamento longitudinal;1;2;0;0;0;0;1
24/09/2010;17:10:00;627;sem vítima;116;BR-116/SP;Pista Norte;Abalroamento longitudinal;1;3;0;0;0;0;1
24/09/2010;17:14:00;632;com vítima;225,4;BR-116/SP;Pista Norte;Abalroamento longitudinal;2;1;1;0;0;0;1
24/09/2010;17:53:00;665;sem vítima;208,4;BR-116/RJ;Pista Sul;Choque em objeto na pista;1;1;0;0;0;0;1
24/09/2010;18:18:00;690;sem vítima;170;BR-116/RJ;Pista Sul;Colisão traseira;1;2;0;0;0;0;1
24/09/2010;18:41:00;706;sem vítima;169,9;BR-116/RJ;Pista Sul;Abalroamento longitudinal;1;2;0;0;0;0;1
24/09/2010;18:50:00;715;sem vítima;158,8;BR-116/SP;Pista Norte;Engavetamento;1;3;0;0;0;0;1
24/09/2010;18:54:00;717;sem vítima;264,4;BR-116/RJ;Pista Norte;Choque em barreira New Jersey;1;3;0;0;0;0;1
24/09/2010;19:37:00;750;sem vítima;215,9;BR-116/SP;Pista Sul;Abalroamento longitudinal;1;3;0;0;0;0;1
24/09/2010;19:49:00;761;com vítima;159;BR-116/SP;Pista Norte;Colisão traseira;1;4;2;0;0;0;1
24/09/2010;21:13:00;829;sem vítima;172,8;BR-116/RJ;Pista Sul;Abalroamento longitudinal;1;2;0;0;0;0;1
24/09/2010;23:36:00;912;sem vítima;23,8;BR-116/SP;Pista Sul;Colisão traseira;2;2;0;0;0;0;1
25/09/2010;01:30:00;34;com vítima;278,1;BR-116/RJ;Pista Norte;Abalroamento longitudinal;1;4;1;0;0;0;1
25/09/2010;06:10:00;121;com vítima;223,2;BR-116/RJ;Pista Norte;Queda de ribanceira;1;0;0;1;0;0;2
25/09/2010;06:45:00;143;sem vítima;207;BR-116/RJ;Pista Norte;Abalroamento longitudinal;1;2;0;0;0;0;1
25/09/2010;09:14:00;256;sem vítima;126;BR-116/SP;Pista Norte;Abalroamento longitudinal;2;24;0;0;0;0;1
25/09/2010;10:25:00;305;sem vítima;296,7;BR-116/RJ;Pista Norte;Abalroamento longitudinal;1;2;0;0;0;0;1
25/09/2010;11:34:00;340;sem vítima;172;BR-116/RJ;Pista Norte;Abalroamento longitudinal;1;2;0;0;0;0;1
25/09/2010;12:43:00;375;sem vítima;232,7;BR-116/RJ;Pista Sul;Choque em objeto fixo;1;1;0;0;0;0;1
25/09/2010;13:02:00;383;sem vítima;174,2;BR-116/RJ;Pista Norte;Abalroamento longitudinal;1;2;0;0;0;0;1
25/09/2010;18:41:00;586;sem vítima;173,7;BR-116/RJ;Pista Sul;Abalroamento longitudinal;1;2;0;0;0;0;1
25/09/2010;19:01:00;599;sem vítima;216,4;BR-116/SP;Pista Norte;Engavetamento;1;7;0;0;0;0;1
25/09/2010;19:33:00;614;sem vítima;55,15;BR-116/SP;Pista Sul;Choque em barreira New Jersey;1;3;0;0;0;0;1
25/09/2010;23:12:00;706;sem vítima;328,55;BR-116/RJ;Pista Sul;Outros;1;1;0;0;0;0;1
25/09/2010;23:12:00;706;sem vítima;328,55;BR-116/RJ;Pista Sul;Outros;1;1;0;0;0;0;1
26/09/2010;04:14:00;81;com vítima;25,3;BR-116/SP;Pista Norte;Colisão traseira;1;1;0;0;1;1;3
26/09/2010;07:14:00;135;com vítima;177,4;BR-116/SP;Pista Sul;Choque em objeto fixo;1;0;1;0;0;0;1
26/09/2010;09:36:00;208;com vítima;223,2;BR-116/RJ;Pista Norte;Abalroamento longitudinal;2;1;1;0;0;0;1
26/09/2010;10:56:00;243;com vítima;328;BR-116/RJ;Pista Sul;Outros;1;0;1;0;0;0;1
26/09/2010;14:31:00;336;sem vítima;169;BR-116/RJ;Pista Sul;Engavetamento;1;3;0;0;0;0;1
26/09/2010;15:29:00;364;sem vítima;207;BR-116/RJ;Pista Norte;Abalroamento longitudinal;1;2;0;0;0;0;1
26/09/2010;04:14:00;81;com vítima;25,3;BR-116/SP;Pista Norte;Colisão traseira;1;1;0;0;1;1;3
26/09/2010;07:14:00;135;com vítima;177,4;BR-116/SP;Pista Sul;Choque em objeto fixo;1;0;1;0;0;0;1
26/09/2010;09:36:00;208;com vítima;223,2;BR-116/RJ;Pista Norte;Abalroamento longitudinal;2;1;1;0;0;0;1
26/09/2010;10:56:00;243;com vítima;328;BR-116/RJ;Pista Sul;Outros;1;0;1;0;0;0;1
26/09/2010;14:31:00;336;sem vítima;169;BR-116/RJ;Pista Sul;Engavetamento;1;3;0;0;0;0;1
26/09/2010;15:29:00;364;sem vítima;207;BR-116/RJ;Pista Norte;Abalroamento longitudinal;1;2;0;0;0;0;1
26/09/2010;22:36:00;615;com vítima;229,7;BR-116/RJ;Pista Norte;Choque em veículo parado na pista;1;1;2;0;0;0;1
26/09/2010;23:22:00;635;sem vítima;239;BR-116/RJ;Pista Norte;Colisão traseira;1;2;0;0;0;0;1
27/09/2010;05:24:00;102;sem vítima;223;BR-116/SP;Pista Sul;Colisão traseira;1;2;0;0;0;0;1
27/09/2010;05:35:00;112;sem vítima;73;BR-116/SP;Pista Sul;Colisão traseira;1;3;0;0;0;0;1
27/09/2010;05:56:00;119;com vítima;304,6;BR-116/RJ;Pista Sul;Outros;1;0;1;0;0;0;1
27/09/2010;07:24:00;166;sem vítima;160;BR-116/SP;Pista Norte;Engavetamento;1;4;0;0;0;0;1
27/09/2010;08:11:00;197;com vítima;291,2;BR-116/RJ;Pista Sul;Engavetamento;2;2;1;1;0;0;2
27/09/2010;09:01:00;237;com vítima;111;BR-116/SP;Pista Sul;Engavetamento;1;2;1;0;0;0;1
27/09/2010;09:32:00;254;sem vítima;216,95;BR-116/SP;Pista Sul;Abalroamento longitudinal;1;2;0;0;0;0;1
27/09/2010;10:09:00;286;com vítima;111,7;BR-116/SP;Pista Norte;Tombamento;1;0;1;0;0;0;1
27/09/2010;13:38:00;403;com vítima;156,8;BR-116/SP;Pista Norte;Engavetamento;3;2;0;1;0;0;2
27/09/2010;19:02:00;614;sem vítima;174;BR-116/RJ;Pista Sul;Engavetamento;2;4;0;0;0;0;1
27/09/2010;19:55:00;650;sem vítima;209;BR-116/SP;Pista Norte;Queda de moto;1;3;0;0;0;0;1
28/09/2010;00:51:00;17;com vítima;331,2;BR-116/RJ;Pista Sul;Colisão traseira;2;0;2;0;0;0;1
28/09/2010;03:26:00;56;sem vítima;162;BR-116/SP;Pista Norte;Outros;1;1;0;0;0;0;1
28/09/2010;06:11:00;86;sem vítima;55,3;BR-116/SP;Pista Sul;Choque em defensa;1;2;0;0;0;0;1
28/09/2010;08:50:00;202;com vítima;147;BR-116/SP;Pista Sul;Abalroamento longitudinal;1;1;1;0;0;0;1
28/09/2010;10:18:00;266;sem vítima;180,2;BR-116/SP;Pista Sul;Abalroamento longitudinal;1;1;0;0;0;0;1
28/09/2010;10:26:00;274;sem vítima;180;BR-116/SP;Pista Sul;Colisão traseira;1;4;0;0;0;0;1
28/09/2010;15:41:00;475;com vítima;179,5;BR-116/RJ;Pista Sul;Abalroamento longitudinal;1;1;1;0;0;0;1
28/09/2010;21:27:00;687;com vítima;173,9;BR-116/RJ;Pista Norte;Choque em objeto fixo;1;1;1;0;0;0;1
28/09/2010;22:50:00;740;sem vítima;178;BR-116/RJ;Pista Sul;Colisão traseira;1;4;0;0;0;0;1
29/09/2010;01:27:00;28;com vítima;121,67;BR-116/SP;Pista Sul;Choque em veículo parado na pista;2;1;0;1;0;0;2
29/09/2010;04:24:00;72;com vítima;251;BR-116/RJ;Pista Sul;Tombamento;1;0;1;0;0;0;1
29/09/2010;05:29:00;91;sem vítima;228;BR-116/RJ;Pista Sul;Abalroamento longitudinal;2;2;0;0;0;0;1
29/09/2010;06:34:00;119;com vítima;216,8;BR-116/SP;Pista Norte;Abalroamento longitudinal;1;1;1;0;0;0;1
29/09/2010;07:06:00;146;sem vítima;166,2;BR-116/SP;Pista Norte;Colisão traseira;2;2;0;0;0;0;1
29/09/2010;09:43:00;280;sem vítima;246,4;BR-116/RJ;Pista Sul;Colisão traseira;1;2;0;0;0;0;1
29/09/2010;11:47:00;382;sem vítima;229,5;BR-116/SP;Pista Sul;Engavetamento;4;33;0;0;0;0;1
29/09/2010;14:01:00;463;sem vítima;298,5;BR-116/RJ;Pista Sul;Colisão traseira;1;2;0;0;0;0;1
29/09/2010;18:22:00;628;com vítima;170,85;BR-116/RJ;Pista Sul;Engavetamento;1;2;1;0;0;0;1
29/09/2010;18:37:00;631;sem vítima;172,5;BR-116/RJ;Pista Norte;Abalroamento longitudinal;1;2;0;0;0;0;1
29/09/2010;18:58:00;651;sem vítima;306,6;BR-116/RJ;Pista Norte;Choque em objeto na pista;1;8;0;0;0;0;1
29/09/2010;19:48:00;683;sem vítima;163;BR-116/SP;Pista Sul;Choque em defensa;1;1;0;0;0;0;1
30/09/2010;03:27:00;65;sem vítima;179;BR-116/SP;Pista Sul;Outros;3;3;0;0;0;0;1
30/09/2010;17:26:00;623;com vítima;215,9;BR-116/RJ;Pista Norte;Atropelamento de pedestre atravessando;1;1;1;0;0;0;1
30/09/2010;17:38:00;636;sem vítima;258,4;BR-116/RJ;Pista Sul;Abalroamento longitudinal;1;2;0;0;0;0;1
30/09/2010;18:35:00;673;sem vítima;172,75;BR-116/RJ;Pista Sul;Abalroamento longitudinal;1;2;0;0;0;0;1
30/09/2010;20:03:00;723;sem vítima;24,7;BR-116/SP;Pista Sul;Choque em veículo parado na pista;1;3;0;0;0;0;1
01/10/2010;06:19:00;116;sem vítima;87;BR-116/SP;Pista Sul;Colisão traseira;1;20;0;0;0;0;1
01/10/2010;16:57:00;569;sem vítima;103;BR-116/SP;Pista Sul;Choque em objeto na pista;1;5;0;0;0;0;1
01/10/2010;04:40:00;84;sem vítima;126;BR-116/SP;Pista Sul;Capotamento;1;3;0;0;0;0;1
01/10/2010;08:39:00;232;com vítima;141;BR-116/SP;Pista Norte;Colisão traseira;1;1;0;1;0;0;2
01/10/2010;05:40:00;96;sem vítima;145;BR-116/SP;Pista Norte;Colisão traseira;1;2;0;0;0;0;1
01/10/2010;07:54:00;200;sem vítima;145,8;BR-116/SP;Pista Norte;Abalroamento longitudinal;1;4;0;0;0;0;1
01/10/2010;00:35:00;15;sem vítima;149,2;BR-116/SP;Pista Sul;Abalroamento longitudinal;2;2;0;0;0;0;1
01/10/2010;10:39:00;325;com vítima;163;BR-116/RJ;Pista Norte;Abalroamento longitudinal;1;1;1;0;0;0;1
01/10/2010;09:17:00;262;sem vítima;165;BR-116/SP;Pista Sul;Colisão traseira;1;2;0;0;0;0;1
01/10/2010;05:24:00;91;com vítima;166,4;BR-116/RJ;Pista Norte;Abalroamento longitudinal;1;3;0;1;0;0;2
01/10/2010;16:51:00;564;sem vítima;172,7;BR-116/RJ;Pista Sul;Abalroamento longitudinal;1;2;0;0;0;0;1
01/10/2010;19:37:00;704;sem vítima;172,8;BR-116/RJ;Pista Sul;Abalroamento longitudinal;1;2;0;0;0;0;1
01/10/2010;16:34:00;554;sem vítima;174,91;BR-116/RJ;Pista Sul;Colisão traseira;1;2;0;0;0;0;1
01/10/2010;11:49:00;364;sem vítima;175;BR-116/RJ;Pista Norte;Abalroamento longitudinal;1;3;0;0;0;0;1
01/10/2010;20:17:00;733;sem vítima;175;BR-116/RJ;Pista Sul;Abalroamento longitudinal;1;2;0;0;0;0;1
01/10/2010;03:54:00;71;sem vítima;193,5;BR-116/RJ;Pista Norte;Abalroamento longitudinal;2;2;0;0;0;0;1
01/10/2010;19:30:00;699;sem vítima;215,7;BR-116/SP;Pista Sul;Colisão traseira;1;2;0;0;0;0;1
01/10/2010;21:31:00;790;sem vítima;216,5;BR-116/SP;Pista Norte;Choque em barreira New Jersey;2;2;0;0;0;0;1
01/10/2010;13:29:00;430;sem vítima;225,8;BR-116/RJ;Pista Norte;Abalroamento longitudinal;1;2;0;0;0;0;1
01/10/2010;18:13:00;630;com vítima;227;BR-116/RJ;Pista Norte;Choque em barreira New Jersey;1;0;1;0;0;0;1
01/10/2010;19:08:00;680;sem vítima;281;BR-116/RJ;Pista Sul;Choque em barreira New Jersey;1;3;0;0;0;0;1
01/10/2010;19:41:00;711;sem vítima;282,9;BR-116/RJ;Pista Sul;Engavetamento;1;4;0;0;0;0;1
01/10/2010;09:33:00;278;com vítima;288,57;BR-116/RJ;Pista Sul;Colisão traseira;2;1;1;0;0;0;1
01/10/2010;20:52:00;765;sem vítima;290;BR-116/RJ;Pista Sul;Colisão traseira;1;2;0;0;0;0;1
01/10/2010;14:06:00;444;com vítima;293,65;BR-116/RJ;Pista Sul;Colisão traseira;1;0;0;1;0;1;3
01/10/2010;19:17:00;687;sem vítima;297,4;BR-116/RJ;Pista Norte;Colisão traseira;2;4;0;0;0;0;1
01/10/2010;11:13:00;343;sem vítima;297,8;BR-116/RJ;Pista Sul;Outros;1;1;0;0;0;0;1
01/10/2010;07:17:00;166;sem vítima;299,8;BR-116/RJ;Pista Sul;Colisão traseira;1;2;0;0;0;0;1
02/10/2010;18:44:00;562;com vítima;120;BR-116/SP;Pista Sul;Choque em objeto na pista;1;1;1;0;0;0;1
02/10/2010;00:44:00;23;sem vítima;169;BR-116/SP;Pista Sul;Tombamento;1;2;0;0;0;0;1
02/10/2010;19:42:00;598;sem vítima;172,6;BR-116/RJ;Pista Norte;Abalroamento longitudinal;1;2;0;0;0;0;1
02/10/2010;05:26:00;107;sem vítima;174,6;BR-116/RJ;Pista Sul;Abalroamento longitudinal;1;3;0;0;0;0;1
02/10/2010;14:11:00;402;sem vítima;203;BR-116/RJ;Pista Sul;Choque em defensa;1;4;0;0;0;0;1
02/10/2010;06:18:00;128;com vítima;219;BR-116/SP;Pista Sul;Engavetamento;1;2;1;0;0;0;1
02/10/2010;09:34:00;255;sem vítima;231,6;BR-116/RJ;Pista Sul;Colisão traseira;1;17;0;0;0;0;1
02/10/2010;06:30:00;133;sem vítima;262,6;BR-116/RJ;Pista Norte;Choque em defensa;1;1;0;0;0;0;1
02/10/2010;10:56:00;304;sem vítima;279,8;BR-116/RJ;Pista Norte;Abalroamento longitudinal;1;2;0;0;0;0;1
03/10/2010;17:14:00;352;sem vítima;171,7;BR-116/RJ;Pista Norte;Engavetamento;1;8;0;0;0;0;1
04/10/2010;18:20:00;553;sem vítima;104,8;BR-116/SP;Pista Sul;Abalroamento longitudinal;2;2;0;0;0;0;1
04/10/2010;07:30:00;166;sem vítima;122;BR-116/SP;Pista Sul;Colisão traseira;2;2;0;0;0;0;1
04/10/2010;05:59:00;80;sem vítima;148;BR-116/SP;Pista Norte;Abalroamento longitudinal;1;2;0;0;0;0;1
04/10/2010;23:47:00;738;sem vítima;152,8;BR-116/SP;Pista Norte;Colisão traseira;1;2;0;0;0;0;1
04/10/2010;00:17:00;8;com vítima;175,55;BR-116/RJ;Pista Norte;Engavetamento;1;4;3;0;0;0;1
04/10/2010;06:13:00;89;com vítima;180;BR-116/SP;Pista Sul;Colisão traseira;2;2;2;0;0;0;1
04/10/2010;22:42:00;702;com vítima;217;BR-116/SP;Pista Norte;Abalroamento longitudinal;1;1;1;0;0;0;1
04/10/2010;00:44:00;15;sem vítima;221,8;BR-116/SP;Pista Norte;Colisão traseira;3;3;0;0;0;0;1
04/10/2010;18:09:00;546;com vítima;224,9;BR-116/RJ;Pista Norte;Colisão traseira;2;4;2;0;0;0;1
04/10/2010;20:22:00;626;sem vítima;226,3;BR-116/RJ;Pista Norte;Colisão traseira;1;4;0;0;0;0;1
04/10/2010;23:48:00;739;sem vítima;319;BR-116/RJ;Pista Norte;Abalroamento longitudinal;1;5;0;0;0;0;1
05/10/2010;11:17:00;374;sem vítima;72;BR-116/SP;Pista Sul;Abalroamento longitudinal;1;2;0;0;0;0;1
05/10/2010;13:01:00;424;sem vítima;136;BR-116/SP;Pista Norte;Colisão traseira;2;2;0;0;0;0;1
05/10/2010;07:35:00;169;com vítima;154;BR-116/SP;Pista Norte;Colisão traseira;1;1;1;0;0;0;1
05/10/2010;04:04:00;62;sem vítima;160;BR-116/SP;Pista Sul;Colisão traseira;2;2;0;0;0;0;1
05/10/2010;17:22:00;589;sem vítima;163;BR-116/RJ;Pista Sul;Abalroamento longitudinal;1;2;0;0;0;0;1
05/10/2010;12:55:00;420;sem vítima;174,7;BR-116/RJ;Pista Norte;Colisão traseira;2;2;0;0;0;0;1
05/10/2010;18:17:00;631;sem vítima;178,3;BR-116/RJ;Pista Norte;Engavetamento;1;4;0;0;0;0;1
05/10/2010;12:21:00;410;com vítima;229;BR-116/SP;Pista Sul;Abalroamento longitudinal;1;1;1;0;0;0;1
05/10/2010;00:45:00;13;sem vítima;230,3;BR-116/RJ;Pista Norte;Choque em barreira New Jersey;1;1;0;0;0;0;1
05/10/2010;13:41:00;443;sem vítima;332,92;BR-116/RJ;Pista Sul;Choque em veículo parado na pista;2;2;0;0;0;0;1
06/10/2010;03:24:00;71;sem vítima;39,5;BR-116/SP;Pista Sul;Choque em veículo parado na pista;2;2;0;0;0;0;1
06/10/2010;15:59:00;547;sem vítima;174,7;BR-116/RJ;Pista Sul;Abalroamento longitudinal;1;3;0;0;0;0;1
06/10/2010;16:32:00;570;sem vítima;204;BR-116/SP;Pista Norte;Abalroamento longitudinal;1;2;0;0;0;0;1
06/10/2010;08:26:00;228;sem vítima;208;BR-116/SP;Pista Sul;Engavetamento;1;4;0;0;0;0;1
06/10/2010;15:31:00;530;sem vítima;211;BR-116/SP;Pista Norte;Colisão traseira;2;4;0;0;0;0;1
06/10/2010;05:56:00;111;sem vítima;218;BR-116/SP;Pista Sul;Abalroamento longitudinal;2;2;0;0;0;0;1
06/10/2010;05:18:00;99;sem vítima;219;BR-116/SP;Pista Sul;Abalroamento longitudinal;2;2;0;0;0;0;1
06/10/2010;16:38:00;578;sem vítima;219;BR-116/SP;Pista Norte;Engavetamento;2;5;0;0;0;0;1
06/10/2010;19:26:00;679;sem vítima;287;BR-116/RJ;Pista Norte;Choque em objeto na pista;1;4;0;0;0;0;1
06/10/2010;09:43:00;284;sem vítima;318;BR-116/RJ;Pista Sul;Colisão traseira;1;2;0;0;0;0;1
07/10/2010;22:40:00;793;sem vítima;0,1;BR-116/SP;Pista Norte;Colisão traseira;1;4;0;0;0;0;1
07/10/2010;12:08:00;378;com vítima;99,4;BR-116/SP;Pista Sul;Abalroamento longitudinal;1;1;1;0;0;0;1
07/10/2010;20:31:00;721;sem vítima;118,6;BR-116/SP;Pista Sul;Abalroamento longitudinal;1;4;0;0;0;0;1
07/10/2010;15:09:00;483;sem vítima;165,6;BR-116/RJ;Pista Sul;Abalroamento longitudinal;1;2;0;0;0;0;1
07/10/2010;02:52:00;62;sem vítima;221,1;BR-116/RJ;Pista Sul;Choque Talude;1;1;0;0;0;0;1
07/10/2010;12:13:00;384;sem vítima;275,6;BR-116/RJ;Pista Norte;Abalroamento longitudinal;2;2;0;0;0;0;1
08/10/2010;03:17:00;58;sem vítima;16,6;BR-116/SP;Pista Sul;Choque Talude;1;3;0;0;0;0;1
08/10/2010;11:57:00;430;com vítima;93;BR-116/SP;Pista Sul;Colisão traseira;1;1;1;0;0;0;1
08/10/2010;11:26:00;423;sem vítima;97;BR-116/SP;Pista Sul;Abalroamento longitudinal;2;3;0;0;0;0;1
08/10/2010;06:53:00;167;sem vítima;101,7;BR-116/SP;Pista Norte;Abalroamento longitudinal;2;2;0;0;0;0;1
08/10/2010;08:21:00;254;sem vítima;140;BR-116/SP;Pista Sul;Abalroamento longitudinal;1;2;0;0;0;0;1
08/10/2010;14:35:00;537;com vítima;145,5;BR-116/SP;Pista Norte;Abalroamento longitudinal;1;1;1;0;0;0;1
08/10/2010;18:55:00;749;sem vítima;153,8;BR-116/SP;Pista Sul;Colisão traseira;1;3;0;0;0;0;1
08/10/2010;17:27:00;665;com vítima;158,3;BR-116/SP;Pista Norte;Engavetamento;3;4;1;0;0;0;1
08/10/2010;18:18:00;711;sem vítima;162;BR-116/SP;Pista Norte;Colisão traseira;1;2;0;0;0;0;1
08/10/2010;03:48:00;69;sem vítima;166,95;BR-116/RJ;Pista Sul;Choque em barreira New Jersey;1;2;0;0;0;0;1
08/10/2010;15:51:00;597;sem vítima;178,7;BR-116/RJ;Pista Sul;Abalroamento longitudinal;1;2;0;0;0;0;1
08/10/2010;14:17:00;521;sem vítima;181,68;BR-116/RJ;Pista Norte;Colisão traseira;1;2;0;0;0;0;1
08/10/2010;04:30:00;87;sem vítima;186,7;BR-116/RJ;Pista Norte;Choque em objeto fixo;1;1;0;0;0;0;1
08/10/2010;22:12:00;907;sem vítima;219;BR-116/SP;Pista Norte;Colisão traseira;2;2;0;0;0;0;1
08/10/2010;12:36:00;454;sem vítima;221,9;BR-116/RJ;Pista Sul;Colisão traseira;2;2;0;0;0;0;1
08/10/2010;11:34:00;426;sem vítima;224,6;BR-116/RJ;Pista Norte;Abalroamento longitudinal;2;2;0;0;0;0;1
08/10/2010;16:56:00;645;sem vítima;227,7;BR-116/SP;Pista Norte;Abalroamento longitudinal;1;4;0;0;0;0;1
08/10/2010;04:14:00;80;com vítima;247;BR-116/RJ;Pista Norte;Colisão traseira;2;1;1;0;0;0;1
09/10/2010;14:36:00;508;com vítima;31;BR-116/SP;Pista Sul;Tombamento;2;1;0;1;0;0;2
09/10/2010;10:24:00;340;sem vítima;170,6;BR-116/RJ;Pista Sul;Abalroamento longitudinal;1;3;0;0;0;0;1
09/10/2010;13:08:00;454;com vítima;171,3;BR-116/RJ;Pista Sul;Choque em veículo parado na pista;1;1;1;0;0;0;1
09/10/2010;08:01:00;218;sem vítima;172,8;BR-116/RJ;Pista Norte;Colisão traseira;1;2;0;0;0;0;1