data;horario;n_da_ocorrencia;tipo_de_ocorrencia;km;trecho;sentido;tipo_de_acidente;caminhao;ilesos;levemente_feridos;moderadamente_feridos;gravemente_feridos;mortos;3
05/11/2010;19:28:00;740;sem vítima;145;BR-116/SP;Pista Sul;Abalroamento longitudinal;1;2;0;0;0;0;1
05/11/2010;06:36:00;193;sem vítima;165;BR-116/SP;Pista Norte;Choque em objeto fixo;1;1;0;0;0;0;1
05/11/2010;15:00:00;524;sem vítima;169;BR-116/RJ;Pista Sul;Colisão traseira;1;2;0;0;0;0;1
05/11/2010;20:07:00;774;sem vítima;204;BR-116/SP;Pista Sul;Engavetamento;1;5;0;0;0;0;1
05/11/2010;11:40:00;402;sem vítima;209;BR-116/SP;Pista Sul;Abalroamento longitudinal;1;2;0;0;0;0;1
05/11/2010;13:33:00;469;com vítima;215;BR-116/RJ;Pista Sul;Choque em objeto fixo;1;0;1;0;0;0;1
05/11/2010;09:06:00;303;sem vítima;221;BR-116/SP;Pista Sul;Abalroamento longitudinal;1;2;0;0;0;0;1
05/11/2010;04:35:00;148;sem vítima;243;BR-116/RJ;Pista Norte;Colisão traseira;1;2;0;0;0;0;1
05/11/2010;01:39:00;33;com vítima;255,65;BR-116/RJ;Pista Sul;Colisão traseira;1;1;1;3;0;0;2
05/11/2010;23:28:00;903;sem vítima;262,2;BR-116/RJ;Pista Norte;Colisão traseira;2;2;0;0;0;0;1
05/11/2010;20:09:00;775;sem vítima;275,5;BR-116/RJ;Pista Sul;Colisão frontal;1;2;0;0;0;0;1
05/11/2010;18:48:00;714;sem vítima;282,15;BR-116/RJ;Pista Norte;Engavetamento;1;3;0;0;0;0;1
06/11/2010;16:12:00;473;sem vítima;37,4;BR-116/SP;Pista Sul;Abalroamento longitudinal;1;5;0;0;0;0;1
06/11/2010;11:29:00;333;com vítima;111,55;BR-116/SP;Pista Norte;Abalroamento transversal;1;1;1;0;0;0;1
06/11/2010;01:37:00;48;com vítima;120;BR-116/SP;Pista Sul;Colisão traseira;2;1;0;1;1;0;2
06/11/2010;23:39:00;700;sem vítima;144,3;BR-116/SP;Pista Sul;Abalroamento longitudinal;1;2;0;0;0;0;1
06/11/2010;15:24:00;452;sem vítima;174,2;BR-116/RJ;Pista Norte;Colisão traseira;1;4;0;0;0;0;1
06/11/2010;02:06:00;61;com vítima;195,15;BR-116/RJ;Pista Norte;Choque em veículo parado na pista;1;1;0;0;1;0;2
06/11/2010;10:35:00;302;sem vítima;215;BR-116/SP;Pista Norte;Colisão traseira;1;2;0;0;0;0;1
06/11/2010;16:17:00;475;sem vítima;227;BR-116/RJ;Pista Norte;Choque em barreira New Jersey;1;1;0;0;0;0;1
06/11/2010;14:51:00;434;com vítima;235,7;BR-116/RJ;Pista Sul;Engavetamento;5;15;0;2;0;0;2
06/11/2010;17:28:00;517;com vítima;265,15;BR-116/RJ;Pista Sul;Colisão frontal;1;1;1;0;0;0;1
07/11/2010;23:43:00;719;sem vítima;69,9;BR-116/SP;Pista Norte;Colisão traseira;2;2;0;0;0;0;1
07/11/2010;18:10:00;539;sem vítima;206,9;BR-116/RJ;Pista Sul;Choque em objeto na pista;1;2;0;0;0;0;1
07/11/2010;17:52:00;527;com vítima;209;BR-116/SP;Pista Sul;Engavetamento;1;14;2;0;0;0;1
07/11/2010;18:02:00;533;sem vítima;261,6;BR-116/RJ;Pista Sul;Tombamento;1;1;0;0;0;0;1
07/11/2010;21:59:00;676;sem vítima;321,6;BR-116/RJ;Pista Norte;Choque em objeto na pista;1;3;0;0;0;0;1
08/11/2010;20:05:00;654;sem vítima;82,8;BR-116/SP;Pista Norte;Colisão traseira;2;2;0;0;0;0;1
08/11/2010;17:27:00;534;sem vítima;172,8;BR-116/RJ;Pista Sul;Colisão traseira;1;3;0;0;0;0;1
08/11/2010;23:43:00;767;sem vítima;174;BR-116/RJ;Pista Sul;Abalroamento longitudinal;1;2;0;0;0;0;1
08/11/2010;13:38:00;383;com vítima;182;BR-116/SP;Pista Norte;Colisão traseira;1;4;1;0;0;0;1
08/11/2010;11:36:00;329;com vítima;218,7;BR-116/SP;Pista Sul;Abalroamento longitudinal;1;1;2;0;0;0;1
08/11/2010;12:13:00;352;sem vítima;228,4;BR-116/RJ;Pista Sul;Abalroamento longitudinal;1;4;0;0;0;0;1
08/11/2010;21:57:00;710;sem vítima;292,8;BR-116/RJ;Pista Sul;Engavetamento;2;3;0;0;0;0;1
08/11/2010;19:04:00;614;com vítima;295;BR-116/RJ;Pista Sul;Engavetamento;3;2;0;1;0;0;2
08/11/2010;18:08:00;579;com vítima;296,38;BR-116/RJ;Pista Sul;Colisão frontal;2;0;0;1;1;0;2
08/11/2010;18:02:00;572;sem vítima;302,63;BR-116/RJ;Pista Sul;Colisão traseira;1;2;0;0;0;0;1
08/11/2010;21:25:00;692;sem vítima;305;BR-116/RJ;Pista Sul;Choque em objeto na pista;1;4;0;0;0;0;1
08/11/2010;17:57:00;571;sem vítima;309,3;BR-116/RJ;Pista Sul;Engavetamento;1;12;0;0;0;0;1
08/11/2010;17:40:00;552;sem vítima;310,2;BR-116/RJ;Pista Sul;Engavetamento;2;3;0;0;0;0;1
09/11/2010;03:20:00;59;sem vítima;23;BR-116/SP;Pista Sul;Colisão traseira;1;2;0;0;0;0;1
09/11/2010;03:11:00;57;com vítima;28;BR-116/SP;Pista Sul;Choque em barreira New Jersey;2;1;0;1;0;0;2
09/11/2010;22:26:00;764;sem vítima;101,2;BR-116/SP;Pista Norte;Choque em veículo parado na pista;1;5;0;0;0;0;1
09/11/2010;17:04:00;557;sem vítima;111,7;BR-116/SP;Pista Sul;Abalroamento longitudinal;2;2;0;0;0;0;1
09/11/2010;13:54:00;429;sem vítima;124,9;BR-116/SP;Pista Sul;Abalroamento longitudinal;2;4;0;0;0;0;1
09/11/2010;18:35:00;623;sem vítima;150;BR-116/SP;Pista Sul;Abalroamento longitudinal;1;2;0;0;0;0;1
09/11/2010;17:26:00;576;sem vítima;158;BR-116/SP;Pista Norte;Engavetamento;4;4;0;0;0;0;1
09/11/2010;06:32:00;108;sem vítima;165;BR-116/RJ;Pista Norte;Abalroamento longitudinal;1;2;0;0;0;0;1
09/11/2010;11:39:00;352;com vítima;182;BR-116/SP;Pista Norte;Engavetamento;1;4;3;0;0;0;1
09/11/2010;04:48:00;75;com vítima;189,4;BR-116/SP;Pista Sul;Colisão traseira;1;1;0;2;0;0;2
09/11/2010;17:48:00;594;sem vítima;222;BR-116/SP;Pista Norte;Abalroamento longitudinal;1;3;0;0;0;0;1
09/11/2010;09:05:00;235;sem vítima;225,4;BR-116/SP;Pista Sul;Colisão traseira;1;3;0;0;0;0;1
09/11/2010;14:32:00;449;sem vítima;229;BR-116/SP;Pista Norte;Colisão traseira;1;2;0;0;0;0;1
09/11/2010;11:37:00;350;sem vítima;229,8;BR-116/SP;Pista Norte;Colisão traseira;2;3;0;0;0;0;1
09/11/2010;16:25:00;527;sem vítima;269,9;BR-116/RJ;Pista Sul;Abalroamento longitudinal;1;2;0;0;0;0;1
09/11/2010;12:33:00;381;com vítima;271,89;BR-116/RJ;Pista Sul;Colisão traseira;2;1;1;0;0;0;1
10/11/2010;14:09:00;440;com vítima;22,5;BR-116/SP;Pista Norte;Colisão traseira;1;0;2;0;0;0;1
10/11/2010;17:22:00;563;sem vítima;89,2;BR-116/SP;Pista Sul;Outros;2;3;0;0;0;0;1
10/11/2010;09:48:00;275;sem vítima;126,8;BR-116/SP;Pista Sul;Abalroamento longitudinal;1;2;0;0;0;0;1
10/11/2010;07:19:00;149;sem vítima;165,4;BR-116/RJ;Pista Norte;Colisão traseira;1;2;0;0;0;0;1
10/11/2010;21:48:00;752;sem vítima;171,5;BR-116/RJ;Pista Sul;Colisão traseira;1;3;0;0;0;0;1
10/11/2010;10:56:00;326;sem vítima;172,2;BR-116/RJ;Pista Norte;Abalroamento longitudinal;1;2;0;0;0;0;1
10/11/2010;15:17:00;481;com vítima;178;BR-116/RJ;Pista Sul;Colisão traseira;1;1;1;0;0;0;1
10/11/2010;00:00:00;2;sem vítima;210,8;BR-116/SP;Pista Norte;Colisão traseira;2;4;0;0;0;0;1
10/11/2010;16:53:00;544;com vítima;235,5;BR-116/RJ;Pista Sul;Engavetamento;5;4;1;0;0;0;1
10/11/2010;18:23:00;606;sem vítima;248;BR-116/RJ;Pista Sul;Choque em defensa;1;1;0;0;0;0;1
10/11/2010;15:25:00;490;sem vítima;275;BR-116/RJ;Pista Norte;Colisão traseira;1;2;0;0;0;0;1
10/11/2010;15:33:00;499;sem vítima;293;BR-116/RJ;Pista Norte;Tombamento;1;1;0;0;0;0;1
10/11/2010;15:24:00;488;sem vítima;328;BR-116/RJ;Pista Sul;Colisão traseira;2;4;0;0;0;0;1
11/11/2010;02:36:00;54;sem vítima;163,9;BR-116/RJ;Pista Sul;Colisão traseira;1;3;0;0;0;0;1
11/11/2010;19:46:00;631;sem vítima;172,8;BR-116/RJ;Pista Sul;Abalroamento longitudinal;1;2;0;0;0;0;1
11/11/2010;17:55:00;558;sem vítima;173;BR-116/RJ;Pista Sul;Abalroamento longitudinal;1;2;0;0;0;0;1
11/11/2010;18:16:00;576;sem vítima;204;BR-116/SP;Pista Norte;Não Def;1;2;0;0;0;0;1
11/11/2010;15:08:00;458;com vítima;220;BR-116/SP;Pista Norte;Queda de moto;1;3;1;0;0;0;1
11/11/2010;09:24:00;260;sem vítima;220,3;BR-116/RJ;Pista Sul;Outros;1;1;0;0;0;0;1
11/11/2010;07:19:00;160;sem vítima;222;BR-116/SP;Pista Sul;Abalroamento longitudinal;1;2;0;0;0;0;1
11/11/2010;00:56:00;20;sem vítima;224,8;BR-116/SP;Pista Norte;Choque em veículo parado na pista;1;2;0;0;0;0;1
12/11/2010;19:13:00;621;sem vítima;117,5;BR-116/SP;Pista Norte;Engavetamento;2;7;0;0;0;0;1
12/11/2010;14:15:00;414;com vítima;119,2;BR-116/SP;Pista Norte;Engavetamento;1;4;0;1;0;0;2
12/11/2010;16:58:00;522;sem vítima;171;BR-116/RJ;Pista Sul;Abalroamento longitudinal;1;53;0;0;0;0;1
12/11/2010;19:55:00;659;sem vítima;174,5;BR-116/RJ;Pista Sul;Abalroamento longitudinal;1;33;0;0;0;0;1
12/11/2010;11:49:00;332;sem vítima;174,9;BR-116/RJ;Pista Norte;Abalroamento longitudinal;1;3;0;0;0;0;1
12/11/2010;12:27:00;353;sem vítima;199,5;BR-116/SP;Pista Sul;Abalroamento transversal;2;2;0;0;0;0;1
12/11/2010;09:34:00;267;sem vítima;203,5;BR-116/RJ;Pista Norte;Abalroamento longitudinal;1;2;0;0;0;0;1
12/11/2010;05:18:00;106;sem vítima;222,6;BR-116/RJ;Pista Norte;Choque em objeto fixo;1;1;0;0;0;0;1
12/11/2010;23:13:00;790;com vítima;223,9;BR-116/SP;Pista Norte;Engavetamento;1;6;0;0;1;0;2
12/11/2010;03:34:00;78;sem vítima;225;BR-116/RJ;Pista Norte;Colisão traseira;1;2;0;0;0;0;1
12/11/2010;13:55:00;397;sem vítima;227;BR-116/SP;Pista Norte;Colisão traseira;1;3;0;0;0;0;1
12/11/2010;23:30:00;801;sem vítima;227,8;BR-116/SP;Pista Norte;Colisão traseira;1;2;0;0;0;0;1
12/11/2010;01:05:00;25;sem vítima;247,7;BR-116/RJ;Pista Norte;Colisão traseira;2;2;0;0;0;0;1
13/11/2010;00:21:00;13;sem vítima;25;BR-116/SP;Pista Sul;Abalroamento longitudinal;2;3;0;0;0;0;1
13/11/2010;23:52:00;676;sem vítima;41,9;BR-116/SP;Pista Sul;Colisão traseira;1;4;0;0;0;0;1
13/11/2010;04:43:00;105;sem vítima;51,2;BR-116/SP;Pista Norte;Colisão traseira;2;2;0;0;0;0;1
13/11/2010;22:39:00;653;sem vítima;145;BR-116/SP;Pista Norte;Abalroamento longitudinal;1;3;0;0;0;0;1
13/11/2010;14:43:00;407;sem vítima;168;BR-116/RJ;Pista Norte;Abalroamento longitudinal;1;2;0;0;0;0;1
13/11/2010;13:08:00;363;sem vítima;169,6;BR-116/RJ;Pista Sul;Abalroamento longitudinal;1;2;0;0;0;0;1
13/11/2010;20:32:00;587;sem vítima;177,8;BR-116/RJ;Pista Sul;Abalroamento longitudinal;1;2;0;0;0;0;1
13/11/2010;12:03:00;331;sem vítima;196,5;BR-116/RJ;Pista Sul;Outros;1;53;0;0;0;0;1
13/11/2010;04:21:00;102;sem vítima;204;BR-116/SP;Pista Sul;Colisão traseira;1;5;0;0;0;0;1
13/11/2010;12:12:00;338;sem vítima;204;BR-116/SP;Pista Sul;Colisão traseira;1;2;0;0;0;0;1
13/11/2010;11:15:00;301;sem vítima;277,2;BR-116/RJ;Pista Sul;Abalroamento longitudinal;1;2;0;0;0;0;1
13/11/2010;07:44:00;188;sem vítima;294,2;BR-116/RJ;Pista Norte;Choque em defensa;1;2;0;0;0;0;1
14/11/2010;15:35:00;387;sem vítima;73,2;BR-116/SP;Pista Norte;Colisão traseira;1;2;0;0;0;0;1
14/11/2010;04:45:00;70;sem vítima;86,95;BR-116/SP;Pista Norte;Colisão traseira;2;2;0;0;0;0;1
15/11/2010;10:07:00;191;com vítima;103;BR-116/SP;Pista Sul;Engavetamento;2;21;0;0;1;0;2
15/11/2010;05:02:00;63;sem vítima;147;BR-116/SP;Pista Sul;Choque em objeto fixo;1;5;0;0;0;0;1
15/11/2010;23:23:00;650;com vítima;167,5;BR-116/RJ;Pista Norte;Abalroamento longitudinal;1;1;1;0;0;0;1
15/11/2010;06:40:00;90;sem vítima;247,5;BR-116/RJ;Pista Sul;Abalroamento longitudinal;1;2;0;0;0;0;1
15/11/2010;15:53:00;371;sem vítima;269,2;BR-116/RJ;Pista Norte;Colisão traseira;1;2;0;0;0;0;1
16/11/2010;23:56:00;773;sem vítima;25;BR-116/SP;Pista Sul;Abalroamento longitudinal;1;3;0;0;0;0;1
16/11/2010;04:58:00;82;com vítima;141,2;BR-116/SP;Pista Norte;Colisão traseira;1;3;1;0;0;0;1
16/11/2010;19:00:00;610;sem vítima;147,5;BR-116/SP;Pista Sul;Abalroamento longitudinal;1;2;0;0;0;0;1
16/11/2010;22:51:00;744;sem vítima;148,8;BR-116/SP;Pista Norte;Colisão traseira;1;2;0;0;0;0;1
16/11/2010;15:20:00;461;sem vítima;157;BR-116/SP;Pista Norte;Colisão traseira;1;2;0;0;0;0;1
16/11/2010;09:11:00;260;sem vítima;162;BR-116/SP;Pista Norte;Abalroamento longitudinal;1;2;0;0;0;0;1
16/11/2010;19:42:00;641;sem vítima;173;BR-116/RJ;Pista Sul;Engavetamento;1;10;0;0;0;0;1
16/11/2010;18:44:00;604;sem vítima;178,7;BR-116/RJ;Pista Sul;Engavetamento;1;6;0;0;0;0;1
16/11/2010;17:55:00;573;com vítima;186,1;BR-116/SP;Pista Sul;Abalroamento longitudinal;1;2;1;0;0;0;1
16/11/2010;13:56:00;415;com vítima;191;BR-116/SP;Pista Sul;Choque em objeto fixo;1;0;1;0;0;0;1
16/11/2010;14:13:00;423;sem vítima;203,5;BR-116/RJ;Pista Norte;Colisão traseira;1;6;0;0;0;0;1
16/11/2010;07:03:00;145;sem vítima;206,7;BR-116/SP;Pista Sul;Choque em objeto fixo;1;1;0;0;0;0;1
16/11/2010;14:47:00;439;sem vítima;214;BR-116/SP;Pista Norte;Abalroamento longitudinal;2;2;0;0;0;0;1
16/11/2010;21:33:00;700;sem vítima;217;BR-116/SP;Pista Norte;Abalroamento longitudinal;1;6;0;0;0;0;1
16/11/2010;05:18:00;96;sem vítima;220;BR-116/SP;Pista Sul;Engavetamento;2;72;0;0;0;0;1
16/11/2010;13:19:00;392;sem vítima;252;BR-116/RJ;Pista Sul;Abalroamento transversal;1;2;0;0;0;0;1
17/11/2010;02:34:00;40;sem vítima;22,1;BR-116/SP;Pista Norte;Choque em barreira New Jersey;1;1;0;0;0;0;1
17/11/2010;08:23:00;221;sem vítima;146,9;BR-116/SP;Pista Norte;Abalroamento longitudinal;1;2;0;0;0;0;1
17/11/2010;08:59:00;248;sem vítima;156;BR-116/SP;Pista Norte;Colisão traseira;1;3;0;0;0;0;1
17/11/2010;06:39:00;140;sem vítima;165;BR-116/RJ;Pista Norte;Engavetamento;2;3;0;0;0;0;1
17/11/2010;18:47:00;618;sem vítima;173;BR-116/RJ;Pista Sul;Abalroamento longitudinal;1;2;0;0;0;0;1
17/11/2010;14:25:00;443;sem vítima;175;BR-116/RJ;Pista Norte;Colisão traseira;1;2;0;0;0;0;1
17/11/2010;14:19:00;435;sem vítima;182;BR-116/SP;Pista Norte;Colisão traseira;1;5;0;0;0;0;1
17/11/2010;07:09:00;165;sem vítima;223,8;BR-116/SP;Pista Norte;Abalroamento longitudinal;1;6;0;0;0;0;1
17/11/2010;04:22:00;86;sem vítima;224,6;BR-116/RJ;Pista Norte;Colisão traseira;2;2;0;0;0;0;1
17/11/2010;14:31:00;448;com vítima;227,5;BR-116/SP;Pista Sul;Queda de moto;1;1;0;1;0;0;2
17/11/2010;20:52:00;690;sem vítima;274,8;BR-116/RJ;Pista Sul;Abalroamento longitudinal;1;2;0;0;0;0;1
17/11/2010;14:31:00;447;sem vítima;318;BR-116/RJ;Pista Norte;Colisão traseira;1;2;0;0;0;0;1
17/11/2010;14:55:00;468;sem vítima;330;BR-116/RJ;Pista Sul;Choque em barreira New Jersey;2;3;0;0;0;0;1
18/11/2010;01:37:00;27;sem vítima;64,7;BR-116/SP;Pista Norte;Choque em objeto na pista;2;3;0;0;0;0;1
18/11/2010;18:50:00;623;com vítima;86,95;BR-116/SP;Pista Sul;Engavetamento;1;11;0;2;0;0;2
18/11/2010;11:31:00;344;com vítima;166,4;BR-116/SP;Pista Sul;Abalroamento longitudinal;1;3;1;0;0;0;1
18/11/2010;11:42:00;352;sem vítima;174,8;BR-116/RJ;Pista Norte;Colisão traseira;1;2;0;0;0;0;1
18/11/2010;19:25:00;645;com vítima;176,3;BR-116/RJ;Pista Sul;Abalroamento longitudinal;1;2;1;0;0;0;1
18/11/2010;16:17:00;517;sem vítima;207;BR-116/RJ;Pista Norte;Outros;1;3;0;0;0;0;1
18/11/2010;12:35:00;385;com vítima;221;BR-116/SP;Pista Norte;Abalroamento longitudinal;1;2;1;0;0;0;1
18/11/2010;16:05:00;509;sem vítima;281,6;BR-116/RJ;Pista Sul;Engavetamento;2;5;0;0;0;0;1
18/11/2010;20:49:00;690;sem vítima;290,1;BR-116/RJ;Pista Norte;Queda de ribanceira;1;1;0;0;0;0;1
18/11/2010;17:50:00;579;sem vítima;296;BR-116/RJ;Pista Sul;Colisão traseira;1;2;0;0;0;0;1
19/11/2010;20:48:00;742;sem vítima;62;BR-116/SP;Pista Norte;Colisão traseira;1;2;0;0;0;0;1
19/11/2010;18:37:00;639;sem vítima;110,5;BR-116/SP;Pista Norte;Abalroamento transversal;1;2;0;0;0;0;1
19/11/2010;15:23:00;504;sem vítima;170,4;BR-116/RJ;Pista Sul;Abalroamento longitudinal;1;2;0;0;0;0;1
19/11/2010;19:54:00;707;sem vítima;172,7;BR-116/RJ;Pista Sul;Abalroamento longitudinal;1;2;0;0;0;0;1
19/11/2010;07:26:00;175;sem vítima;175,7;BR-116/RJ;Pista Norte;Engavetamento;1;3;0;0;0;0;1
19/11/2010;16:59:00;566;sem vítima;180;BR-116/SP;Pista Sul;Choque em objeto fixo;1;1;0;0;0;0;1
19/11/2010;02:34:00;40;sem vítima;193,45;BR-116/RJ;Pista Norte;Choque em defensa;1;3;0;0;0;0;1
19/11/2010;15:16:00;499;sem vítima;222,85;BR-116/RJ;Pista Norte;Choque em objeto fixo;1;1;0;0;0;0;1
19/11/2010;21:45:00;788;sem vítima;225,3;BR-116/SP;Pista Norte;Colisão traseira;1;3;0;0;0;0;1
19/11/2010;12:53:00;417;sem vítima;269;BR-116/RJ;Pista Sul;Choque em barreira New Jersey;2;2;0;0;0;0;1
19/11/2010;20:28:00;731;sem vítima;275,3;BR-116/RJ;Pista Sul;Choque em objeto na pista;1;6;0;0;0;0;1
19/11/2010;01:18:00;21;sem vítima;281,8;BR-116/RJ;Pista Sul;Colisão traseira;2;46;0;0;0;0;1
19/11/2010;13:57:00;455;sem vítima;313,2;BR-116/RJ;Pista Norte;Não Def;1;1;0;0;0;0;1
19/11/2010;14:24:00;469;sem vítima;319,6;BR-116/RJ;Pista Sul;Abalroamento longitudinal;1;2;0;0;0;0;1
20/11/2010;02:20:00;58;com vítima;37,8;BR-116/SP;Pista Sul;Queda de ribanceira;1;0;1;0;0;0;1
20/11/2010;08:37:00;218;com vítima;93,4;BR-116/SP;Pista Sul;Queda de ribanceira;1;0;0;1;0;0;2
20/11/2010;07:00:00;151;com vítima;151,5;BR-116/SP;Pista Sul;Queda de moto;1;1;1;0;0;0;1
20/11/2010;03:14:00;75;com vítima;155;BR-116/SP;Pista Sul;Colisão traseira;2;2;2;0;0;0;1
20/11/2010;06:42:00;139;sem vítima;204;BR-116/SP;Pista Sul;Abalroamento longitudinal;1;5;0;0;0;0;1
20/11/2010;17:58:00;609;com vítima;217,4;BR-116/SP;Pista Norte;Atropelamento de pedestre atravessando;1;1;1;0;0;0;1
20/11/2010;08:48:00;225;sem vítima;270;BR-116/RJ;Pista Sul;Choque em objeto na pista;1;2;0;0;0;0;1
20/11/2010;12:01:00;356;sem vítima;322,8;BR-116/RJ;Pista Sul;Choque em veículo parado na pista;2;2;0;0;0;0;1
21/11/2010;09:17:00;195;sem vítima;37,6;BR-116/SP;Pista Sul;Colisão traseira;1;2;0;0;0;0;1
21/11/2010;21:18:00;649;sem vítima;42,5;BR-116/SP;Pista Norte;Abalroamento longitudinal;1;4;0;0;0;0;1
21/11/2010;08:38:00;175;sem vítima;107,3;BR-116/SP;Pista Norte;Colisão traseira;2;5;0;0;0;0;1
21/11/2010;22:15:00;683;sem vítima;222;BR-116/SP;Pista Sul;Abalroamento longitudinal;1;5;0;0;0;0;1
21/11/2010;16:28:00;426;com vítima;235,7;BR-116/RJ;Pista Sul;Abalroamento longitudinal;2;1;1;0;0;0;1
22/11/2010;15:54:00;534;sem vítima;28,1;BR-116/SP;Pista Sul;Outros;1;2;0;0;0;0;1
22/11/2010;07:31:00;156;sem vítima;156;BR-116/SP;Pista Sul;Colisão traseira;2;2;0;0;0;0;1
22/11/2010;08:00:00;191;com vítima;168,5;BR-116/RJ;Pista Norte;Abalroamento longitudinal;1;2;2;0;0;0;1
22/11/2010;20:56:00;734;sem vítima;182;BR-116/SP;Pista Norte;Choque em objeto fixo;1;1;0;0;0;0;1
22/11/2010;08:20:00;213;sem vítima;182,1;BR-116/SP;Pista Norte;Colisão traseira;1;2;0;0;0;0;1
22/11/2010;05:37:00;97;sem vítima;201,4;BR-116/SP;Pista Norte;Outros;2;2;0;0;0;0;1
22/11/2010;15:02:00;490;sem vítima;212;BR-116/SP;Pista Norte;Engavetamento;1;3;0;0;0;0;1
22/11/2010;09:55:00;300;com vítima;223,65;BR-116/RJ;Pista Norte;Tombamento;1;0;2;0;0;0;1
22/11/2010;18:51:00;669;sem vítima;224;BR-116/SP;Pista Sul;Colisão traseira;1;2;0;0;0;0;1
23/11/2010;10:12:00;311;sem vítima;98,6;BR-116/SP;Pista Sul;Choque em objeto na pista;2;3;0;0;0;0;1
23/11/2010;13:32:00;452;sem vítima;163;BR-116/RJ;Pista Norte;Colisão traseira;1;2;0;0;0;0;1
23/11/2010;17:27:00;626;sem vítima;220,3;BR-116/RJ;Pista Sul;Choque em objeto fixo;1;1;0;0;0;0;1
23/11/2010;10:18:00;319;sem vítima;222;BR-116/SP;Pista Sul;Abalroamento longitudinal;1;2;0;0;0;0;1
23/11/2010;08:28:00;210;sem vítima;223,4;BR-116/RJ;Pista Norte;Colisão traseira;2;2;0;0;0;0;1
23/11/2010;18:39:00;681;sem vítima;228;BR-116/SP;Pista Norte;Abalroamento longitudinal;1;2;0;0;0;0;1
23/11/2010;18:51:00;688;sem vítima;228;BR-116/SP;Pista Norte;Abalroamento longitudinal;1;4;0;0;0;0;1
23/11/2010;16:36:00;589;sem vítima;236;BR-116/RJ;Pista Sul;Abalroamento longitudinal;2;2;0;0;0;0;1
23/11/2010;00:28:00;13;com vítima;287;BR-116/RJ;Pista Norte;Choque em objeto na pista;1;1;1;0;0;0;1
23/11/2010;10:51:00;342;com vítima;298,7;BR-116/RJ;Pista Sul;Colisão traseira;2;2;1;0;0;0;1
23/11/2010;23:25:00;863;sem vítima;299,8;BR-116/RJ;Pista Sul;Colisão traseira;2;2;0;0;0;0;1
24/11/2010;12:22:00;356;sem vítima;23,67;BR-116/SP;Pista Norte;Queda de ribanceira;1;1;0;0;0;0;1
24/11/2010;07:25:00;159;sem vítima;37,6;BR-116/SP;Pista Sul;Abalroamento longitudinal;1;2;0;0;0;0;1
24/11/2010;09:54:00;286;sem vítima;139,8;BR-116/SP;Pista Sul;Colisão traseira;2;2;0;0;0;0;1
24/11/2010;02:17:00;46;sem vítima;144;BR-116/SP;Pista Sul;Outros;1;1;0;0;0;0;1
24/11/2010;09:29:00;270;sem vítima;155;BR-116/SP;Pista Norte;Abalroamento longitudinal;2;2;0;0;0;0;1
24/11/2010;06:56:00;138;sem vítima;164,4;BR-116/RJ;Pista Sul;Colisão traseira;1;2;0;0;0;0;1
24/11/2010;16:04:00;500;sem vítima;171,8;BR-116/RJ;Pista Sul;Abalroamento longitudinal;1;22;0;0;0;0;1
24/11/2010;16:21:00;511;com vítima;172;BR-116/RJ;Pista Sul;Colisão traseira;1;3;2;0;0;0;1
24/11/2010;06:21:00;111;sem vítima;176,3;BR-116/RJ;Pista Norte;Colisão traseira;1;2;0;0;0;0;1
24/11/2010;08:15:00;202;sem vítima;211;BR-116/SP;Pista Norte;Colisão traseira;1;2;0;0;0;0;1
24/11/2010;09:18:00;259;sem vítima;217;BR-116/RJ;Pista Norte;Colisão traseira;2;2;0;0;0;0;1
24/11/2010;12:17:00;355;sem vítima;220;BR-116/SP;Pista Norte;Choque em veículo parado na pista;1;3;0;0;0;0;1
24/11/2010;12:26:00;360;sem vítima;220;BR-116/SP;Pista Norte;Abalroamento longitudinal;1;4;0;0;0;0;1
24/11/2010;20:30:00;704;com vítima;223;BR-116/SP;Pista Sul;Capotamento;1;1;0;1;0;0;2
24/11/2010;09:53:00;285;com vítima;223,9;BR-116/RJ;Pista Norte;Tombamento;1;0;0;1;0;0;2
24/11/2010;16:44:00;524;sem vítima;224,36;BR-116/SP;Pista Norte;Colisão traseira;1;2;0;0;0;0;1
24/11/2010;19:34:00;663;sem vítima;228;BR-116/SP;Pista Norte;Abalroamento longitudinal;1;6;0;0;0;0;1
24/11/2010;12:27:00;363;sem vítima;228,6;BR-116/SP;Pista Norte;Abalroamento longitudinal;1;2;0;0;0;0;1
24/11/2010;14:00:00;412;sem vítima;241;BR-116/RJ;Pista Sul;Colisão traseira;1;2;0;0;0;0;1
25/11/2010;16:04:00;527;sem vítima;73;BR-116/SP;Pista Norte;Não Def;1;3;0;0;0;0;1
25/11/2010;05:14:00;80;com vítima;168,7;BR-116/SP;Pista Sul;Colisão traseira;2;1;0;1;0;0;2
25/11/2010;03:45:00;62;com vítima;189,7;BR-116/SP;Pista Norte;Engavetamento;4;3;1;0;0;0;1
25/11/2010;07:19:00;138;sem vítima;200,7;BR-116/RJ;Pista Norte;Colisão traseira;1;2;0;0;0;0;1
25/11/2010;15:38:00;510;sem vítima;220;BR-116/SP;Pista Norte;Colisão traseira;1;2;0;0;0;0;1
25/11/2010;21:36:00;753;sem vítima;220;BR-116/SP;Pista Sul;Colisão traseira;1;2;0;0;0;0;1
25/11/2010;02:54:00;54;sem vítima;226,7;BR-116/RJ;Pista Norte;Outros;1;1;0;0;0;0;1
25/11/2010;20:21:00;718;sem vítima;237,3;BR-116/RJ;Pista Norte;Choque em objeto fixo;1;1;0;0;0;0;1
25/11/2010;00:29:00;13;sem vítima;256,85;BR-116/RJ;Pista Sul;Colisão traseira;1;2;0;0;0;0;1
25/11/2010;02:44:00;52;com vítima;293,78;BR-116/RJ;Pista Sul;Colisão traseira;2;3;0;0;0;1;3