data;horario;n_da_ocorrencia;tipo_de_ocorrencia;km;trecho;sentido;tipo_de_acidente;caminhao;ilesos;levemente_feridos;moderadamente_feridos;gravemente_feridos;mortos;3
26/11/2010;01:04:00;24;sem vítima;2;BR-116/SP;Pista Norte;Colisão traseira;2;2;0;0;0;0;1
26/11/2010;07:43:00;186;sem vítima;63;BR-116/SP;Pista Sul;Abalroamento longitudinal;1;2;0;0;0;0;1
26/11/2010;16:00:00;592;sem vítima;116,2;BR-116/SP;Pista Norte;Engavetamento;1;4;0;0;0;0;1
26/11/2010;16:32:00;615;sem vítima;158;BR-116/SP;Pista Norte;Engavetamento;2;42;0;0;0;0;1
26/11/2010;12:48:00;451;sem vítima;163,9;BR-116/RJ;Pista Norte;Colisão traseira;2;4;0;0;0;0;1
26/11/2010;09:03:00;262;sem vítima;175,7;BR-116/RJ;Pista Sul;Colisão traseira;2;2;0;0;0;0;1
26/11/2010;21:56:00;859;com vítima;182,8;BR-116/RJ;Pista Sul;Choque Talude;1;0;1;0;0;0;1
26/11/2010;14:35:00;526;sem vítima;221,6;BR-116/RJ;Pista Sul;Choque em objeto fixo;1;1;0;0;0;0;1
26/11/2010;06:58:00;139;sem vítima;229,5;BR-116/SP;Pista Sul;Colisão traseira;1;8;0;0;0;0;1
26/11/2010;08:14:00;217;sem vítima;230;BR-116/SP;Pista Sul;Tombamento;1;2;0;0;0;0;1
26/11/2010;05:45:00;102;sem vítima;264,85;BR-116/RJ;Pista Norte;Outros;1;1;0;0;0;0;1
26/11/2010;18:47:00;728;sem vítima;267;BR-116/RJ;Pista Sul;Choque em barreira New Jersey;1;1;0;0;0;0;1
26/11/2010;07:19:00;156;sem vítima;277,7;BR-116/RJ;Pista Norte;Abalroamento longitudinal;2;2;0;0;0;0;1
27/11/2010;11:57:00;343;sem vítima;45,9;BR-116/SP;Pista Norte;Colisão traseira;2;2;0;0;0;0;1
27/11/2010;09:14:00;225;com vítima;85;BR-116/SP;Pista Sul;Colisão traseira;1;2;1;0;0;0;1
27/11/2010;15:55:00;462;sem vítima;118,9;BR-116/SP;Pista Norte;Engavetamento;2;5;0;0;0;0;1
27/11/2010;10:51:00;294;sem vítima;178,2;BR-116/RJ;Pista Sul;Colisão traseira;1;5;0;0;0;0;1
27/11/2010;05:44:00;109;com vítima;195,1;BR-116/SP;Pista Sul;Colisão traseira;1;36;8;1;0;0;2
27/11/2010;18:42:00;586;com vítima;212,5;BR-116/SP;Pista Sul;Capotamento;1;0;2;0;0;0;1
27/11/2010;18:00:00;554;sem vítima;217;BR-116/SP;Pista Norte;Choque em objeto na pista;1;2;0;0;0;0;1
27/11/2010;12:14:00;351;sem vítima;220;BR-116/RJ;Pista Sul;Tombamento;1;1;0;0;0;0;1
27/11/2010;04:03:00;78;sem vítima;230;BR-116/SP;Pista Sul;Abalroamento longitudinal;1;5;0;0;0;0;1
27/11/2010;00:23:00;7;sem vítima;246,6;BR-116/RJ;Pista Sul;Choque em veículo parado na pista;1;2;0;0;0;0;1
28/11/2010;18:42:00;515;sem vítima;135;BR-116/SP;Pista Norte;Abalroamento longitudinal;1;5;0;0;0;0;1
28/11/2010;15:43:00;374;sem vítima;149;BR-116/SP;Pista Norte;Colisão traseira;1;23;0;0;0;0;1
28/11/2010;16:24:00;406;sem vítima;166,5;BR-116/RJ;Pista Norte;Colisão traseira;1;2;0;0;0;0;1
28/11/2010;09:29:00;191;sem vítima;184,3;BR-116/SP;Pista Sul;Choque em defensa;1;1;0;0;0;0;1
28/11/2010;01:53:00;32;com vítima;206,4;BR-116/RJ;Pista Norte;Colisão traseira;2;1;1;0;0;0;1
28/11/2010;22:49:00;660;sem vítima;214;BR-116/SP;Pista Norte;Choque em veículo parado na pista;1;3;0;0;0;0;1
29/11/2010;14:31:00;430;sem vítima;147;BR-116/SP;Pista Sul;Colisão traseira;1;3;0;0;0;0;1
29/11/2010;08:52:00;232;com vítima;158;BR-116/SP;Pista Norte;Engavetamento;2;13;0;1;0;0;2
29/11/2010;16:29:00;493;sem vítima;158,7;BR-116/SP;Pista Sul;Colisão traseira;1;3;0;0;0;0;1
29/11/2010;20:26:00;647;com vítima;175;BR-116/RJ;Pista Sul;Engavetamento;3;1;1;1;0;0;2
29/11/2010;12:09:00;354;sem vítima;177,4;BR-116/RJ;Pista Sul;Abalroamento longitudinal;1;2;0;0;0;0;1
29/11/2010;12:27:00;364;sem vítima;178,3;BR-116/RJ;Pista Sul;Outros;1;2;0;0;0;0;1
29/11/2010;04:59:00;88;sem vítima;208;BR-116/RJ;Pista Norte;Colisão traseira;2;2;0;0;0;0;1
29/11/2010;21:18:00;673;sem vítima;225;BR-116/SP;Pista Sul;Colisão traseira;1;2;0;0;0;0;1
29/11/2010;10:41:00;301;com vítima;227,9;BR-116/SP;Pista Sul;Abalroamento longitudinal;1;0;2;0;0;0;1
29/11/2010;13:11:00;383;sem vítima;228;BR-116/SP;Pista Norte;Abalroamento longitudinal;1;2;0;0;0;0;1
29/11/2010;21:09:00;666;sem vítima;230,8;BR-116/SP;Pista Sul;Colisão traseira;2;2;0;0;0;0;1
30/11/2010;10:31:00;304;sem vítima;60,3;BR-116/SP;Pista Sul;Tombamento;1;1;0;0;0;0;1
30/11/2010;14:51:00;453;com vítima;137,9;BR-116/SP;Pista Norte;Queda de ribanceira;1;0;0;0;1;0;2
30/11/2010;18:31:00;594;com vítima;146,5;BR-116/SP;Pista Norte;Colisão traseira;1;1;0;1;0;1;3
30/11/2010;14:55:00;456;sem vítima;163;BR-116/SP;Pista Sul;Choque em defensa;1;1;0;0;0;0;1
30/11/2010;00:04:00;5;sem vítima;182;BR-116/SP;Pista Norte;Colisão traseira;1;2;0;0;0;0;1
30/11/2010;06:21:00;112;sem vítima;190,6;BR-116/RJ;Pista Sul;Colisão traseira;2;2;0;0;0;0;1
30/11/2010;17:08:00;540;com vítima;197;BR-116/SP;Pista Norte;Colisão traseira;1;1;1;0;0;0;1
30/11/2010;09:18:00;244;sem vítima;218,2;BR-116/SP;Pista Norte;Colisão traseira;1;2;0;0;0;0;1
30/11/2010;07:58:00;176;sem vítima;223;BR-116/SP;Pista Norte;Engavetamento;3;4;0;0;0;0;1
30/11/2010;19:04:00;621;sem vítima;223,7;BR-116/SP;Pista Norte;Colisão traseira;1;2;0;0;0;0;1
01/12/2010;16:37:00;537;sem vítima;66;BR-116/SP;Pista Norte;Choque em barreira New Jersey;1;1;0;0;0;0;1
01/12/2010;16:30:00;530;sem vítima;66,3;BR-116/SP;Pista Sul;Choque em objeto fixo;1;1;0;0;0;0;1
01/12/2010;21:36:00;721;com vítima;70,45;BR-116/SP;Pista Sul;Engavetamento;1;2;1;0;0;0;1
01/12/2010;06:16:00;114;sem vítima;107,5;BR-116/SP;Pista Norte;Choque em barreira New Jersey;1;3;0;0;0;0;1
01/12/2010;16:47:00;545;sem vítima;113,9;BR-116/SP;Pista Sul;Choque em barreira New Jersey;1;1;0;0;0;0;1
01/12/2010;17:53:00;588;sem vítima;161,9;BR-116/SP;Pista Norte;Choque em defensa;2;3;0;0;0;0;1
01/12/2010;11:55:00;370;sem vítima;163,6;BR-116/RJ;Pista Sul;Colisão traseira;1;2;0;0;0;0;1
01/12/2010;05:35:00;96;sem vítima;168,7;BR-116/RJ;Pista Norte;Abalroamento longitudinal;1;2;0;0;0;0;1
01/12/2010;13:47:00;423;sem vítima;210;BR-116/SP;Pista Sul;Abalroamento longitudinal;1;3;0;0;0;0;1
01/12/2010;14:28:00;450;sem vítima;224;BR-116/RJ;Pista Sul;Colisão traseira;2;2;0;0;0;0;1
01/12/2010;02:17:00;57;com vítima;238,7;BR-116/RJ;Pista Sul;Colisão traseira;2;1;0;1;0;0;2
01/12/2010;06:01:00;111;sem vítima;284,9;BR-116/RJ;Pista Sul;Colisão traseira;2;2;0;0;0;0;1
01/12/2010;16:02:00;513;sem vítima;289,9;BR-116/RJ;Pista Sul;Colisão traseira;2;1;0;0;0;0;1
01/12/2010;15:24:00;485;com vítima;293,1;BR-116/RJ;Pista Sul;Engavetamento;3;2;0;1;1;0;2
01/12/2010;16:45:00;544;sem vítima;295;BR-116/RJ;Pista Norte;Colisão traseira;1;2;0;0;0;0;1
02/12/2010;20:19:00;706;sem vítima;38,7;BR-116/SP;Pista Norte;Choque em objeto na pista;1;2;0;0;0;0;1
02/12/2010;10:39:00;322;sem vítima;137;BR-116/SP;Pista Sul;Colisão traseira;1;24;0;0;0;0;1
02/12/2010;21:40:00;759;sem vítima;171,2;BR-116/RJ;Pista Sul;Colisão traseira;1;2;0;0;0;0;1
02/12/2010;10:56:00;331;com vítima;198,2;BR-116/RJ;Pista Norte;Choque em defensa;1;0;1;0;0;0;1
02/12/2010;07:20:00;155;sem vítima;212;BR-116/SP;Pista Norte;Colisão traseira;1;2;0;0;0;0;1
02/12/2010;11:57:00;364;com vítima;216,2;BR-116/SP;Pista Norte;Colisão traseira;1;1;1;0;0;0;1
02/12/2010;15:07:00;481;sem vítima;235;BR-116/RJ;Pista Norte;Colisão traseira;1;2;0;0;0;0;1
02/12/2010;11:11:00;342;sem vítima;246;BR-116/RJ;Pista Norte;Abalroamento longitudinal;1;2;0;0;0;0;1
02/12/2010;17:52:00;585;com vítima;268;BR-116/RJ;Pista Sul;Queda de ribanceira;1;0;1;0;0;0;1
02/12/2010;17:01:00;553;sem vítima;274,7;BR-116/RJ;Pista Norte;Choque em objeto fixo;1;1;0;0;0;0;1
02/12/2010;04:25:00;75;sem vítima;330,05;BR-116/RJ;Pista Sul;Abalroamento longitudinal;2;3;0;0;0;0;1
03/12/2010;05:27:00;88;sem vítima;6;BR-116/SP;Pista Norte;Colisão traseira;2;2;0;0;0;0;1
03/12/2010;22:35:00;817;com vítima;143,1;BR-116/SP;Pista Norte;Colisão traseira;1;1;0;1;0;0;2
03/12/2010;22:51:00;831;sem vítima;145;BR-116/SP;Pista Norte;Engavetamento;1;6;0;0;0;0;1
03/12/2010;19:03:00;677;sem vítima;170,6;BR-116/RJ;Pista Sul;Abalroamento longitudinal;1;3;0;0;0;0;1
03/12/2010;14:30:00;462;sem vítima;172,8;BR-116/RJ;Pista Sul;Abalroamento longitudinal;1;2;0;0;0;0;1
03/12/2010;14:50:00;477;sem vítima;172,8;BR-116/RJ;Pista Sul;Abalroamento longitudinal;1;2;0;0;0;0;1
03/12/2010;16:31:00;564;sem vítima;172,8;BR-116/RJ;Pista Sul;Abalroamento longitudinal;1;2;0;0;0;0;1
03/12/2010;16:45:00;574;sem vítima;172,9;BR-116/RJ;Pista Sul;Abalroamento longitudinal;1;2;0;0;0;0;1
03/12/2010;07:29:00;159;sem vítima;176,1;BR-116/RJ;Pista Norte;Abalroamento longitudinal;1;2;0;0;0;0;1
03/12/2010;13:41:00;416;com vítima;178;BR-116/RJ;Pista Norte;Abalroamento longitudinal;1;1;1;0;0;0;1
03/12/2010;21:22:00;776;sem vítima;233,1;BR-116/RJ;Pista Sul;Choque em veículo parado na pista;2;2;0;0;0;0;1
03/12/2010;17:26:00;602;com vítima;236,1;BR-116/RJ;Pista Sul;Engavetamento;3;3;0;1;0;0;2
03/12/2010;10:42:00;317;sem vítima;325,05;BR-116/RJ;Pista Sul;Outros;2;2;0;0;0;0;1
04/12/2010;06:14:00;132;com vítima;34,6;BR-116/SP;Pista Norte;Colisão traseira;1;2;0;0;1;0;2
04/12/2010;04:50:00;110;sem vítima;117;BR-116/SP;Pista Norte;Tombamento;1;1;0;0;0;0;1
04/12/2010;11:57:00;363;sem vítima;143,3;BR-116/SP;Pista Sul;Colisão traseira;2;2;0;0;0;0;1
04/12/2010;02:19:00;63;com vítima;172,7;BR-116/RJ;Pista Norte;Colisão traseira;1;1;0;2;0;0;2
04/12/2010;10:44:00;317;sem vítima;180;BR-116/SP;Pista Sul;Colisão traseira;1;2;0;0;0;0;1
04/12/2010;12:26:00;377;com vítima;201,4;BR-116/RJ;Pista Sul;Colisão traseira;1;2;0;1;0;0;2
04/12/2010;07:01:00;157;sem vítima;202,3;BR-116/RJ;Pista Norte;Colisão traseira;2;2;0;0;0;0;1
04/12/2010;16:10:00;515;sem vítima;207;BR-116/RJ;Pista Sul;Abalroamento longitudinal;2;2;0;0;0;0;1
04/12/2010;23:23:00;781;sem vítima;210,5;BR-116/SP;Pista Sul;Colisão traseira;1;5;0;0;0;0;1
04/12/2010;00:16:00;13;sem vítima;212,5;BR-116/SP;Pista Sul;Abalroamento longitudinal;1;2;0;0;0;0;1
04/12/2010;11:30:00;344;sem vítima;220,7;BR-116/RJ;Pista Norte;Colisão traseira;1;4;0;0;0;0;1
04/12/2010;03:32:00;87;com vítima;272,29;BR-116/RJ;Pista Sul;Colisão frontal;2;0;0;2;0;0;2
04/12/2010;03:49:00;94;sem vítima;328,5;BR-116/RJ;Pista Sul;Outros;2;2;0;0;0;0;1
05/12/2010;17:06:00;525;sem vítima;70,1;BR-116/SP;Pista Norte;Choque em defensa;1;1;0;0;0;0;1
05/12/2010;08:56:00;231;sem vítima;164,1;BR-116/RJ;Pista Sul;Colisão traseira;2;2;0;0;0;0;1
05/12/2010;12:31:00;358;sem vítima;183;BR-116/RJ;Pista Norte;Engavetamento;1;5;0;0;0;0;1
05/12/2010;21:04:00;729;sem vítima;189,7;BR-116/RJ;Pista Norte;Colisão traseira;1;2;0;0;0;0;1
05/12/2010;15:40:00;471;sem vítima;191,6;BR-116/SP;Pista Norte;Tombamento;1;3;0;0;0;0;1
05/12/2010;16:02:00;483;sem vítima;212,8;BR-116/SP;Pista Norte;Choque em objeto fixo;1;3;0;0;0;0;1
05/12/2010;16:17:00;492;com vítima;214;BR-116/SP;Pista Norte;Colisão traseira;1;1;1;0;0;0;1
05/12/2010;18:54:00;614;sem vítima;229;BR-116/SP;Pista Sul;Abalroamento longitudinal;1;4;0;0;0;0;1
05/12/2010;16:16:00;490;sem vítima;229,6;BR-116/SP;Pista Sul;Choque em barreira New Jersey;1;1;0;0;0;0;1
05/12/2010;18:41:00;603;sem vítima;328,45;BR-116/RJ;Pista Sul;Choque Talude;1;1;0;0;0;0;1
06/12/2010;05:34:00;121;sem vítima;52;BR-116/SP;Pista Sul;Colisão traseira;1;3;0;0;0;0;1
06/12/2010;01:00:00;32;com vítima;157;BR-116/SP;Pista Norte;Engavetamento;1;2;3;0;0;0;1
06/12/2010;13:26:00;474;sem vítima;167;BR-116/RJ;Pista Norte;Abalroamento longitudinal;1;2;0;0;0;0;1
06/12/2010;11:54:00;426;sem vítima;169,6;BR-116/RJ;Pista Norte;Outros;1;2;0;0;0;0;1
06/12/2010;16:39:00;607;sem vítima;182;BR-116/SP;Pista Norte;Colisão traseira;1;2;0;0;0;0;1
06/12/2010;00:24:00;13;sem vítima;185,2;BR-116/RJ;Pista Norte;Abalroamento longitudinal;1;2;0;0;0;0;1
06/12/2010;18:17:00;669;sem vítima;220;BR-116/SP;Pista Norte;Abalroamento longitudinal;1;3;0;0;0;0;1
06/12/2010;18:03:00;659;sem vítima;279,2;BR-116/RJ;Pista Sul;Outros;2;2;0;0;0;0;1
07/12/2010;21:55:00;731;sem vítima;21,9;BR-116/SP;Pista Norte;Outros;1;1;0;0;0;0;1
07/12/2010;21:05:00;697;com vítima;97,8;BR-116/SP;Pista Norte;Choque em veículo parado na pista;2;1;1;0;0;0;1
07/12/2010;02:31:00;36;sem vítima;104,5;BR-116/SP;Pista Norte;Colisão traseira;2;2;0;0;0;0;1
07/12/2010;05:00:00;74;sem vítima;165;BR-116/SP;Pista Sul;Abalroamento longitudinal;1;45;0;0;0;0;1
07/12/2010;12:17:00;339;sem vítima;166,5;BR-116/RJ;Pista Sul;Abalroamento longitudinal;1;2;0;0;0;0;1
07/12/2010;07:38:00;144;sem vítima;170,6;BR-116/RJ;Pista Norte;Abalroamento longitudinal;1;2;0;0;0;0;1
07/12/2010;16:28:00;494;sem vítima;185;BR-116/SP;Pista Sul;Colisão traseira;1;3;0;0;0;0;1
07/12/2010;23:22:00;776;sem vítima;202;BR-116/SP;Pista Norte;Abalroamento longitudinal;1;2;0;0;0;0;1
07/12/2010;15:25:00;457;sem vítima;204;BR-116/SP;Pista Sul;Abalroamento longitudinal;1;4;0;0;0;0;1
07/12/2010;22:02:00;740;sem vítima;207;BR-116/RJ;Pista Sul;Abalroamento longitudinal;1;4;0;0;0;0;1
07/12/2010;00:59:00;17;sem vítima;212;BR-116/SP;Pista Sul;Colisão traseira;1;3;0;0;0;0;1
07/12/2010;15:42:00;465;sem vítima;217;BR-116/SP;Pista Sul;Engavetamento;3;6;0;0;0;0;1
07/12/2010;19:53:00;651;sem vítima;219;BR-116/SP;Pista Sul;Abalroamento longitudinal;1;4;0;0;0;0;1
07/12/2010;11:02:00;309;sem vítima;229,2;BR-116/SP;Pista Sul;Abalroamento longitudinal;1;2;0;0;0;0;1
07/12/2010;23:20:00;775;sem vítima;305;BR-116/RJ;Pista Norte;Outros;1;1;0;0;0;0;1
08/12/2010;00:45:00;19;sem vítima;2,1;BR-116/SP;Pista Norte;Engavetamento;1;3;0;0;0;0;1
08/12/2010;23:16:00;819;sem vítima;80,5;BR-116/SP;Pista Norte;Abalroamento longitudinal;2;2;0;0;0;0;1
08/12/2010;13:36:00;440;sem vítima;118;BR-116/SP;Pista Sul;Colisão traseira;1;3;0;0;0;0;1
08/12/2010;02:40:00;62;sem vítima;124,6;BR-116/SP;Pista Norte;Colisão traseira;3;3;0;0;0;0;1
08/12/2010;03:09:00;71;com vítima;124,6;BR-116/SP;Pista Sul;Colisão traseira;2;1;1;0;0;0;1
08/12/2010;15:05:00;495;sem vítima;141,8;BR-116/SP;Pista Sul;Choque em defensa;1;1;0;0;0;0;1
08/12/2010;07:47:00;179;sem vítima;147,6;BR-116/SP;Pista Norte;Colisão traseira;2;2;0;0;0;0;1
08/12/2010;07:33:00;161;com vítima;156;BR-116/SP;Pista Norte;Engavetamento;1;57;1;0;0;0;1
08/12/2010;10:49:00;348;sem vítima;161;BR-116/SP;Pista Norte;Engavetamento;2;6;0;0;0;0;1
08/12/2010;14:34:00;482;sem vítima;174,9;BR-116/RJ;Pista Norte;Abalroamento longitudinal;1;2;0;0;0;0;1
08/12/2010;14:18:00;471;sem vítima;178;BR-116/RJ;Pista Norte;Colisão traseira;2;2;0;0;0;0;1
08/12/2010;11:12:00;364;com vítima;204;BR-116/SP;Pista Sul;Colisão traseira;1;1;1;0;0;0;1
08/12/2010;17:13:00;577;com vítima;209,5;BR-116/RJ;Pista Sul;Engavetamento;1;2;2;0;0;0;1
08/12/2010;08:05:00;197;sem vítima;224,9;BR-116/RJ;Pista Norte;Choque Talude;1;1;0;0;0;0;1
08/12/2010;20:45:00;736;sem vítima;226,6;BR-116/RJ;Pista Sul;Choque em objeto fixo;1;1;0;0;0;0;1
08/12/2010;13:33:00;438;sem vítima;227;BR-116/SP;Pista Norte;Colisão traseira;1;2;0;0;0;0;1
08/12/2010;13:45:00;451;sem vítima;252,6;BR-116/RJ;Pista Sul;Choque em barreira New Jersey;1;1;0;0;0;0;1
08/12/2010;18:20:00;622;sem vítima;265,3;BR-116/RJ;Pista Sul;Colisão traseira;1;3;0;0;0;0;1
09/12/2010;00:08:00;5;com vítima;59;BR-116/SP;Pista Sul;Colisão traseira;1;1;1;0;0;0;1
09/12/2010;14:22:00;480;sem vítima;144,5;BR-116/SP;Pista Sul;Engavetamento;3;3;0;0;0;0;1
09/12/2010;03:45:00;69;sem vítima;155;BR-116/SP;Pista Sul;Queda de ribanceira;1;1;0;0;0;0;1
09/12/2010;23:16:00;873;com vítima;159,8;BR-116/SP;Pista Norte;Tombamento;1;0;1;0;0;0;1
09/12/2010;10:38:00;344;sem vítima;165;BR-116/SP;Pista Sul;Colisão traseira;1;3;0;0;0;0;1
09/12/2010;22:05:00;831;sem vítima;165,2;BR-116/SP;Pista Norte;Colisão traseira;1;2;0;0;0;0;1
09/12/2010;15:36:00;533;sem vítima;172,45;BR-116/RJ;Pista Sul;Abalroamento longitudinal;1;2;0;0;0;0;1
09/12/2010;14:01:00;472;sem vítima;183,65;BR-116/RJ;Pista Sul;Abalroamento longitudinal;1;2;0;0;0;0;1
09/12/2010;09:24:00;277;sem vítima;203,6;BR-116/RJ;Pista Norte;Abalroamento longitudinal;1;2;0;0;0;0;1
09/12/2010;12:26:00;413;sem vítima;207;BR-116/RJ;Pista Norte;Engavetamento;1;3;0;0;0;0;1
09/12/2010;14:49:00;505;sem vítima;209;BR-116/SP;Pista Sul;Colisão traseira;1;2;0;0;0;0;1
09/12/2010;15:16:00;522;sem vítima;210;BR-116/SP;Pista Sul;Engavetamento;1;4;0;0;0;0;1
09/12/2010;21:27:00;811;com vítima;221,1;BR-116/SP;Pista Sul;Choque em objeto na pista;1;1;1;0;0;0;1
09/12/2010;07:05:00;164;sem vítima;226;BR-116/RJ;Pista Norte;Abalroamento longitudinal;2;2;0;0;0;0;1
09/12/2010;18:02:00;650;sem vítima;227;BR-116/SP;Pista Norte;Abalroamento longitudinal;1;3;0;0;0;0;1
09/12/2010;18:05:00;653;sem vítima;297,15;BR-116/RJ;Pista Norte;Abalroamento longitudinal;1;4;0;0;0;0;1
09/12/2010;10:29:00;337;sem vítima;299,5;BR-116/RJ;Pista Norte;Abalroamento longitudinal;1;2;0;0;0;0;1
10/12/2010;01:19:00;44;sem vítima;31,6;BR-116/SP;Pista Sul;Choque em objeto fixo;1;1;0;0;0;0;1
10/12/2010;18:25:00;705;sem vítima;155,4;BR-116/SP;Pista Norte;Engavetamento;1;4;0;0;0;0;1
10/12/2010;07:43:00;234;sem vítima;156,9;BR-116/SP;Pista Norte;Colisão traseira;1;2;0;0;0;0;1
10/12/2010;10:31:00;376;sem vítima;167;BR-116/RJ;Pista Sul;Colisão traseira;1;2;0;0;0;0;1
10/12/2010;14:39:00;534;sem vítima;171,1;BR-116/RJ;Pista Sul;Colisão traseira;2;2;0;0;0;0;1
10/12/2010;12:43:00;461;sem vítima;172,3;BR-116/RJ;Pista Norte;Abalroamento longitudinal;1;2;0;0;0;0;1
10/12/2010;05:51:00;161;com vítima;184,5;BR-116/SP;Pista Norte;Tombamento;1;0;1;0;0;0;1
10/12/2010;23:19:00;903;sem vítima;201,15;BR-116/RJ;Pista Sul;Colisão traseira;2;2;0;0;0;0;1
10/12/2010;08:07:00;261;sem vítima;231;BR-116/SP;Pista Sul;Abalroamento longitudinal;1;4;0;0;0;0;1
10/12/2010;06:30:00;183;sem vítima;233;BR-116/RJ;Pista Norte;Engavetamento;1;3;0;0;0;0;1
11/12/2010;19:18:00;633;sem vítima;30;BR-116/SP;Pista Sul;Choque em veículo parado na pista;2;2;0;0;0;0;1
11/12/2010;03:20:00;80;sem vítima;30,1;BR-116/SP;Pista Norte;Colisão traseira;2;3;0;0;0;0;1
11/12/2010;05:32:00;115;com vítima;86,15;BR-116/SP;Pista Sul;Colisão traseira;1;1;0;1;0;0;2
11/12/2010;18:23:00;588;sem vítima;106;BR-116/SP;Pista Norte;Engavetamento;1;7;0;0;0;0;1
11/12/2010;22:34:00;716;sem vítima;154;BR-116/SP;Pista Norte;Choque em objeto fixo;1;2;0;0;0;0;1
11/12/2010;09:37:00;257;sem vítima;203,6;BR-116/RJ;Pista Sul;Abalroamento longitudinal;1;44;0;0;0;0;1
11/12/2010;19:08:00;625;sem vítima;204;BR-116/SP;Pista Sul;Choque em objeto fixo;1;4;0;0;0;0;1
11/12/2010;01:07:00;33;com vítima;219,4;BR-116/RJ;Pista Norte;Tombamento;1;0;1;0;0;0;1
11/12/2010;18:57:00;615;sem vítima;220,5;BR-116/SP;Pista Norte;Colisão traseira;1;2;0;0;0;0;1
11/12/2010;13:53:00;410;sem vítima;227;BR-116/SP;Pista Norte;Colisão traseira;1;3;0;0;0;0;1
11/12/2010;15:36:00;465;com vítima;228;BR-116/SP;Pista Norte;Tombamento;1;2;1;0;0;0;1
11/12/2010;07:13:00;152;sem vítima;262,5;BR-116/RJ;Pista Norte;Abalroamento longitudinal;3;3;0;0;0;0;1
12/12/2010;17:39:00;536;com vítima;37;BR-116/SP;Pista Sul;Colisão traseira;1;2;2;0;0;0;1
12/12/2010;06:45:00;138;sem vítima;126,1;BR-116/SP;Pista Sul;Abalroamento longitudinal;1;2;0;0;0;0;1
12/12/2010;11:45:00;299;com vítima;155;BR-116/SP;Pista Sul;Choque em objeto fixo;1;0;0;0;1;0;2
12/12/2010;13:29:00;357;sem vítima;173,5;BR-116/RJ;Pista Sul;Abalroamento longitudinal;1;2;0;0;0;0;1
12/12/2010;20:18:00;677;sem vítima;178,9;BR-116/RJ;Pista Norte;Abalroamento longitudinal;1;2;0;0;0;0;1
12/12/2010;22:32:00;769;sem vítima;207,8;BR-116/SP;Pista Sul;Choque em objeto fixo;1;2;0;0;0;0;1
12/12/2010;18:20:00;565;sem vítima;246,65;BR-116/RJ;Pista Sul;Choque em objeto fixo;1;3;0;0;0;0;1
13/12/2010;04:47:00;89;sem vítima;22,9;BR-116/SP;Pista Norte;Choque em objeto fixo;1;1;0;0;0;0;1
13/12/2010;22:18:00;848;sem vítima;80,4;BR-116/SP;Pista Sul;Colisão traseira;2;2;0;0;0;0;1
13/12/2010;22:05:00;843;sem vítima;110,35;BR-116/SP;Pista Sul;Abalroamento longitudinal;1;3;0;0;0;0;1
13/12/2010;02:57:00;62;com vítima;121,3;BR-116/SP;Pista Sul;Choque em barreira New Jersey;1;2;1;0;0;0;1
13/12/2010;06:11:00;121;sem vítima;141;BR-116/SP;Pista Norte;Abalroamento longitudinal;1;6;0;0;0;0;1
13/12/2010;20:36:00;776;com vítima;145;BR-116/SP;Pista Norte;Abalroamento longitudinal;1;1;1;0;0;0;1
13/12/2010;08:39:00;235;sem vítima;162,8;BR-116/SP;Pista Norte;Colisão traseira;2;2;0;0;0;0;1
13/12/2010;10:27:00;332;sem vítima;185,7;BR-116/RJ;Pista Norte;Colisão traseira;1;2;0;0;0;0;1
13/12/2010;06:22:00;128;com vítima;198,9;BR-116/SP;Pista Norte;Colisão traseira;1;2;1;0;0;0;1
13/12/2010;16:21:00;560;sem vítima;204;BR-116/SP;Pista Sul;Colisão traseira;1;2;0;0;0;0;1
13/12/2010;16:55:00;589;com vítima;210;BR-116/SP;Pista Sul;Abalroamento longitudinal;1;2;1;0;0;0;1
13/12/2010;17:54:00;631;sem vítima;210;BR-116/SP;Pista Sul;Colisão traseira;2;3;0;0;0;0;1
13/12/2010;16:39:00;578;sem vítima;214;BR-116/SP;Pista Norte;Colisão traseira;1;4;0;0;0;0;1
13/12/2010;19:02:00;700;sem vítima;214;BR-116/SP;Pista Sul;Abalroamento longitudinal;1;6;0;0;0;0;1
13/12/2010;06:04:00;117;com vítima;223,7;BR-116/RJ;Pista Norte;Tombamento;1;1;1;0;0;0;1
13/12/2010;21:10:00;805;sem vítima;225,1;BR-116/SP;Pista Norte;Colisão traseira;1;3;0;0;0;0;1
13/12/2010;08:00:00;199;sem vítima;228;BR-116/RJ;Pista Norte;Colisão traseira;1;2;0;0;0;0;1
13/12/2010;18:07:00;641;com vítima;230,9;BR-116/SP;Pista Sul;Abalroamento longitudinal;1;5;1;0;0;0;1
13/12/2010;06:40:00;135;sem vítima;237,3;BR-116/RJ;Pista Norte;Choque em objeto fixo;1;1;0;0;0;0;1
14/12/2010;09:07:00;270;sem vítima;13;BR-116/SP;Pista Sul;Abalroamento longitudinal;1;2;0;0;0;0;1
14/12/2010;08:57:00;258;com vítima;64,9;BR-116/SP;Pista Norte;Tombamento;1;0;0;0;0;1;3
14/12/2010;14:51:00;461;sem vítima;141;BR-116/SP;Pista Sul;Engavetamento;2;3;0;0;0;0;1
14/12/2010;03:09:00;63;sem vítima;156,7;BR-116/SP;Pista Norte;Colisão traseira;2;2;0;0;0;0;1
14/12/2010;20:56:00;671;sem vítima;172,7;BR-116/RJ;Pista Sul;Abalroamento longitudinal;1;2;0;0;0;0;1
14/12/2010;15:13:00;477;sem vítima;172,9;BR-116/RJ;Pista Sul;Colisão traseira;2;2;0;0;0;0;1
14/12/2010;06:41:00;129;sem vítima;176;BR-116/SP;Pista Sul;Colisão traseira;2;2;0;0;0;0;1
14/12/2010;22:37:00;719;com vítima;205,2;BR-116/SP;Pista Norte;Engavetamento;3;2;0;1;0;0;2