data;horario;n_da_ocorrencia;tipo_de_ocorrencia;km;trecho;sentido;tipo_de_acidente;caminhao;ilesos;levemente_feridos;moderadamente_feridos;gravemente_feridos;mortos;3
14/12/2010;11:34:00;360;sem vítima;221;BR-116/SP;Pista Norte;Colisão traseira;1;2;0;0;0;0;1
14/12/2010;15:10:00;475;com vítima;222,5;BR-116/SP;Pista Sul;Engavetamento;1;12;3;0;0;0;1
14/12/2010;04:16:00;73;sem vítima;249;BR-116/RJ;Pista Norte;Colisão traseira;2;2;0;0;0;0;1
14/12/2010;09:56:00;303;com vítima;256,5;BR-116/RJ;Pista Norte;Colisão traseira;1;1;0;2;1;1;3
14/12/2010;18:16:00;582;com vítima;293,12;BR-116/RJ;Pista Sul;Colisão traseira;1;1;1;2;0;0;2
15/12/2010;09:03:00;242;sem vítima;87;BR-116/SP;Pista Norte;Choque em objeto fixo;1;1;0;0;0;0;1
15/12/2010;03:30:00;174;sem vítima;132;BR-116/SP;Pista Sul;Atropelamento de animal;1;1;0;0;0;0;1
15/12/2010;08:14:00;181;sem vítima;158;BR-116/SP;Pista Sul;Engavetamento;2;4;0;0;0;0;1
15/12/2010;05:53:00;62;sem vítima;175;BR-116/RJ;Pista Sul;Colisão traseira;1;3;0;0;0;0;1
15/12/2010;20:42:00;731;sem vítima;175;BR-116/RJ;Pista Sul;Colisão traseira;1;3;0;0;0;0;1
15/12/2010;10:20:00;311;com vítima;179,85;BR-116/RJ;Pista Norte;Engavetamento;2;2;1;0;0;0;1
15/12/2010;18:07:00;610;sem vítima;204;BR-116/SP;Pista Sul;Colisão traseira;1;3;0;0;0;0;1
15/12/2010;13:45:00;437;sem vítima;223,5;BR-116/RJ;Pista Sul;Colisão traseira;2;2;0;0;0;0;1
15/12/2010;05:46:00;54;sem vítima;243,75;BR-116/RJ;Pista Norte;Choque em defensa;1;1;0;0;0;0;1
15/12/2010;23:50:00;809;sem vítima;258;BR-116/RJ;Pista Sul;Outros;1;1;0;0;0;0;1
15/12/2010;20:42:00;733;sem vítima;281,15;BR-116/RJ;Pista Norte;Choque em barreira New Jersey;1;3;0;0;0;0;1
16/12/2010;09:19:00;251;sem vítima;21;BR-116/SP;Pista Norte;Colisão traseira;1;6;0;0;0;0;1
16/12/2010;19:58:00;662;sem vítima;142,8;BR-116/SP;Pista Sul;Colisão traseira;2;2;0;0;0;0;1
16/12/2010;13:14:00;406;sem vítima;146;BR-116/SP;Pista Sul;Engavetamento;1;4;0;0;0;0;1
16/12/2010;07:06:00;145;sem vítima;146,6;BR-116/SP;Pista Norte;Abalroamento longitudinal;1;2;0;0;0;0;1
16/12/2010;14:06:00;432;sem vítima;167,3;BR-116/RJ;Pista Norte;Abalroamento longitudinal;1;3;0;0;0;0;1
16/12/2010;13:21:00;410;sem vítima;172,7;BR-116/RJ;Pista Sul;Abalroamento longitudinal;1;2;0;0;0;0;1
16/12/2010;20:54:00;710;sem vítima;172,8;BR-116/RJ;Pista Sul;Abalroamento longitudinal;1;2;0;0;0;0;1
16/12/2010;07:12:00;150;sem vítima;177,6;BR-116/RJ;Pista Norte;Colisão traseira;2;5;0;0;0;0;1
16/12/2010;09:12:00;243;sem vítima;190;BR-116/RJ;Pista Norte;Colisão traseira;1;2;0;0;0;0;1
16/12/2010;04:13:00;70;com vítima;192;BR-116/RJ;Pista Norte;Colisão traseira;1;30;1;0;0;0;1
16/12/2010;07:25:00;157;sem vítima;208,2;BR-116/SP;Pista Norte;Colisão traseira;1;2;0;0;0;0;1
16/12/2010;23:02:00;804;sem vítima;221,3;BR-116/SP;Pista Norte;Colisão traseira;1;2;0;0;0;0;1
16/12/2010;14:14:00;436;sem vítima;222;BR-116/RJ;Pista Norte;Abalroamento longitudinal;1;2;0;0;0;0;1
16/12/2010;08:43:00;218;com vítima;223;BR-116/SP;Pista Sul;Queda de moto;1;1;0;0;1;0;2
16/12/2010;12:39:00;382;sem vítima;223;BR-116/SP;Pista Norte;Colisão traseira;2;3;0;0;0;0;1
16/12/2010;20:46:00;702;sem vítima;261;BR-116/RJ;Pista Norte;Colisão traseira;1;2;0;0;0;0;1
16/12/2010;20:01:00;668;com vítima;261,85;BR-116/RJ;Pista Norte;Tombamento;1;0;1;0;0;0;1
16/12/2010;19:37:00;641;com vítima;275,3;BR-116/RJ;Pista Norte;Colisão frontal;2;1;1;0;0;0;1
16/12/2010;20:17:00;678;sem vítima;296,5;BR-116/RJ;Pista Sul;Colisão traseira;1;2;0;0;0;0;1
16/12/2010;14:51:00;457;sem vítima;299;BR-116/RJ;Pista Norte;Choque em objeto na pista;1;3;0;0;0;0;1
16/12/2010;12:20:00;367;sem vítima;304,9;BR-116/RJ;Pista Sul;Colisão traseira;1;2;0;0;0;0;1
17/12/2010;04:25:00;96;com vítima;37,8;BR-116/SP;Pista Norte;Tombamento;1;0;1;0;0;0;1
17/12/2010;21:57:00;944;sem vítima;37,8;BR-116/SP;Pista Sul;Colisão traseira;1;2;0;0;0;0;1
17/12/2010;13:34:00;504;sem vítima;144;BR-116/SP;Pista Sul;Choque em barreira New Jersey;1;1;0;0;0;0;1
17/12/2010;01:06:00;34;com vítima;148,33;BR-116/SP;Pista Norte;Colisão traseira;2;1;0;0;0;1;3
17/12/2010;08:42:00;279;sem vítima;164;BR-116/RJ;Pista Norte;Abalroamento longitudinal;2;94;0;0;0;0;1
17/12/2010;12:04:00;444;sem vítima;173;BR-116/RJ;Pista Sul;Abalroamento longitudinal;1;2;0;0;0;0;1
17/12/2010;16:01:00;619;com vítima;184;BR-116/RJ;Pista Norte;Engavetamento;1;9;0;1;0;0;2
17/12/2010;17:51:00;718;sem vítima;185,1;BR-116/RJ;Pista Norte;Colisão traseira;2;2;0;0;0;0;1
17/12/2010;11:26:00;410;com vítima;196,9;BR-116/SP;Pista Norte;Engavetamento;3;26;0;2;0;0;2
17/12/2010;12:33:00;464;sem vítima;221,1;BR-116/RJ;Pista Sul;Colisão traseira;1;2;0;0;0;0;1
17/12/2010;08:00:00;226;com vítima;222,1;BR-116/RJ;Pista Norte;Tombamento;1;0;1;0;0;0;1
17/12/2010;23:29:00;1008;sem vítima;229;BR-116/SP;Pista Norte;Colisão traseira;2;2;0;0;0;0;1
17/12/2010;05:21:00;114;sem vítima;229,5;BR-116/SP;Pista Norte;Colisão traseira;1;2;0;0;0;0;1
17/12/2010;06:28:00;144;sem vítima;242;BR-116/RJ;Pista Norte;Colisão traseira;1;2;0;0;0;0;1
17/12/2010;05:16:00;112;sem vítima;247,8;BR-116/RJ;Pista Norte;Choque Talude;2;3;0;0;0;0;1
17/12/2010;02:46:00;69;com vítima;260,6;BR-116/RJ;Pista Norte;Atropelamento de pedestre atravessando;3;1;0;1;0;1;3
17/12/2010;00:31:00;19;sem vítima;262,8;BR-116/RJ;Pista Sul;Atropelamento de animal;1;1;0;0;0;0;1
17/12/2010;13:15:00;493;sem vítima;274,3;BR-116/RJ;Pista Norte;Colisão traseira;1;2;0;0;0;0;1
18/12/2010;17:37:00;621;com vítima;35,73;BR-116/SP;Pista Sul;Engavetamento;2;5;3;2;1;0;2
18/12/2010;04:20:00;104;sem vítima;85;BR-116/SP;Pista Sul;Colisão traseira;1;2;0;0;0;0;1
18/12/2010;16:37:00;583;sem vítima;86,4;BR-116/SP;Pista Sul;Abalroamento longitudinal;1;43;0;0;0;0;1
18/12/2010;14:17:00;486;sem vítima;132,9;BR-116/SP;Pista Sul;Engavetamento;1;3;0;0;0;0;1
18/12/2010;07:09:00;171;sem vítima;163,3;BR-116/RJ;Pista Sul;Abalroamento longitudinal;1;2;0;0;0;0;1
18/12/2010;01:14:00;37;com vítima;170;BR-116/SP;Pista Norte;Colisão traseira;2;1;1;0;0;0;1
18/12/2010;16:22:00;574;com vítima;171,9;BR-116/RJ;Pista Sul;Engavetamento;1;2;0;2;0;0;2
18/12/2010;16:07:00;562;sem vítima;172,6;BR-116/RJ;Pista Sul;Outros;1;1;0;0;0;0;1
18/12/2010;13:34:00;457;sem vítima;173,8;BR-116/RJ;Pista Norte;Abalroamento longitudinal;1;2;0;0;0;0;1
18/12/2010;11:33:00;378;sem vítima;220,1;BR-116/RJ;Pista Norte;Abalroamento longitudinal;1;23;0;0;0;0;1
18/12/2010;01:33:00;50;com vítima;222,8;BR-116/SP;Pista Norte;Colisão traseira;1;1;2;0;0;0;1
18/12/2010;02:50:00;78;com vítima;223,3;BR-116/RJ;Pista Norte;Choque Talude;1;0;0;1;0;0;2
18/12/2010;10:02:00;314;sem vítima;223,3;BR-116/RJ;Pista Norte;Choque Talude;1;1;0;0;0;0;1
18/12/2010;04:30:00;109;sem vítima;249,1;BR-116/RJ;Pista Norte;Abalroamento longitudinal;1;6;0;0;0;0;1
18/12/2010;18:47:00;672;com vítima;264,1;BR-116/RJ;Pista Norte;Choque Talude;1;0;3;0;0;0;1
18/12/2010;08:34:00;241;sem vítima;277,7;BR-116/RJ;Pista Norte;Colisão traseira;1;2;0;0;0;0;1
18/12/2010;10:09:00;320;sem vítima;333;BR-116/RJ;Pista Norte;Abalroamento longitudinal;2;2;0;0;0;0;1
19/12/2010;06:28:00;126;sem vítima;145,1;BR-116/SP;Pista Sul;Colisão traseira;1;2;0;0;0;0;1
19/12/2010;16:12:00;475;sem vítima;183,8;BR-116/RJ;Pista Sul;Colisão traseira;1;2;0;0;0;0;1
19/12/2010;23:00:00;784;com vítima;223,25;BR-116/RJ;Pista Norte;Abalroamento longitudinal;2;1;0;1;0;0;2
19/12/2010;20:55:00;719;sem vítima;330;BR-116/RJ;Pista Norte;Colisão traseira;1;2;0;0;0;0;1
20/12/2010;05:34:00;89;com vítima;117;BR-116/SP;Pista Norte;Colisão traseira;1;1;1;0;0;0;1
20/12/2010;16:12:00;508;sem vítima;129;BR-116/SP;Pista Sul;Abalroamento longitudinal;1;2;0;0;0;0;1
20/12/2010;21:25:00;753;sem vítima;155;BR-116/SP;Pista Sul;Choque em objeto na pista;1;4;0;0;0;0;1
20/12/2010;22:51:00;806;sem vítima;156,6;BR-116/SP;Pista Sul;Abalroamento longitudinal;1;3;0;0;0;0;1
20/12/2010;19:10:00;667;com vítima;156,9;BR-116/SP;Pista Norte;Colisão traseira;1;1;0;0;0;1;3
20/12/2010;17:20:00;567;com vítima;160,5;BR-116/SP;Pista Norte;Colisão traseira;1;2;1;0;0;0;1
20/12/2010;08:54:00;230;sem vítima;166;BR-116/RJ;Pista Norte;Outros;1;1;0;0;0;0;1
20/12/2010;07:35:00;161;sem vítima;176;BR-116/RJ;Pista Norte;Engavetamento;1;5;0;0;0;0;1
20/12/2010;11:39:00;324;com vítima;198,5;BR-116/RJ;Pista Sul;Tombamento;1;1;1;0;0;0;1
20/12/2010;16:05:00;502;sem vítima;208;BR-116/RJ;Pista Norte;Choque em barreira New Jersey;1;2;0;0;0;0;1
20/12/2010;21:02:00;740;com vítima;220;BR-116/SP;Pista Norte;Abalroamento longitudinal;1;2;1;0;0;0;1
20/12/2010;08:28:00;205;sem vítima;223,8;BR-116/RJ;Pista Norte;Colisão traseira;2;2;0;0;0;0;1
20/12/2010;13:00:00;376;sem vítima;292,2;BR-116/RJ;Pista Sul;Colisão traseira;2;2;0;0;0;0;1
20/12/2010;00:08:00;8;sem vítima;299;BR-116/RJ;Pista Sul;Abalroamento longitudinal;1;42;0;0;0;0;1
20/12/2010;08:15:00;193;sem vítima;330,2;BR-116/RJ;Pista Sul;Tombamento;1;1;0;0;0;0;1
21/12/2010;18:26:00;708;com vítima;45,2;BR-116/SP;Pista Sul;Colisão traseira;2;1;1;1;0;0;2
21/12/2010;15:04:00;543;sem vítima;111,6;BR-116/SP;Pista Sul;Abalroamento longitudinal;2;2;0;0;0;0;1
21/12/2010;14:17:00;506;sem vítima;135;BR-116/SP;Pista Sul;Colisão traseira;1;41;0;0;0;0;1
21/12/2010;13:17:00;472;sem vítima;162,7;BR-116/SP;Pista Sul;Outros;1;1;0;0;0;0;1
21/12/2010;18:33:00;713;sem vítima;163,7;BR-116/RJ;Pista Sul;Abalroamento longitudinal;1;4;0;0;0;0;1
21/12/2010;16:28:00;611;sem vítima;166,5;BR-116/SP;Pista Sul;Engavetamento;2;4;0;0;0;0;1
21/12/2010;06:44:00;128;sem vítima;167,4;BR-116/RJ;Pista Norte;Engavetamento;1;3;0;0;0;0;1
21/12/2010;15:08:00;550;sem vítima;173,3;BR-116/RJ;Pista Norte;Colisão traseira;1;3;0;0;0;0;1
21/12/2010;16:24:00;606;com vítima;176,5;BR-116/RJ;Pista Norte;Engavetamento;3;1;0;1;1;0;2
21/12/2010;12:31:00;444;sem vítima;177;BR-116/RJ;Pista Norte;Colisão traseira;1;2;0;0;0;0;1
21/12/2010;10:09:00;331;com vítima;181,5;BR-116/RJ;Pista Norte;Colisão traseira;1;1;1;0;0;0;1
21/12/2010;06:36:00;120;com vítima;204;BR-116/SP;Pista Sul;Colisão traseira;1;1;2;0;0;0;1
21/12/2010;20:42:00;791;sem vítima;207,5;BR-116/RJ;Pista Sul;Abalroamento transversal;1;3;0;0;0;0;1
21/12/2010;00:49:00;21;com vítima;211,95;BR-116/SP;Pista Norte;Tombamento;1;0;0;0;1;0;2
21/12/2010;02:41:00;52;sem vítima;219;BR-116/RJ;Pista Norte;Tombamento;1;1;0;0;0;0;1
21/12/2010;23:27:00;877;sem vítima;222,2;BR-116/RJ;Pista Sul;Choque em objeto fixo;1;1;0;0;0;0;1
21/12/2010;18:28:00;711;sem vítima;227;BR-116/SP;Pista Norte;Colisão traseira;2;3;0;0;0;0;1
21/12/2010;01:56:00;36;sem vítima;230,8;BR-116/SP;Pista Sul;Colisão traseira;1;5;0;0;0;0;1
21/12/2010;22:13:00;840;sem vítima;275;BR-116/RJ;Pista Norte;Choque em barreira New Jersey;1;1;0;0;0;0;1
21/12/2010;17:48:00;677;sem vítima;299;BR-116/RJ;Pista Sul;Colisão traseira;2;2;0;0;0;0;1
21/12/2010;20:25:00;779;sem vítima;318,9;BR-116/RJ;Pista Sul;Colisão traseira;2;2;0;0;0;0;1
22/12/2010;04:12:00;85;com vítima;56,2;BR-116/SP;Pista Sul;Queda de ribanceira;1;0;1;0;0;0;1
22/12/2010;23:10:00;890;com vítima;56,4;BR-116/SP;Pista Norte;Colisão traseira;2;1;1;0;0;0;1
22/12/2010;13:21:00;472;sem vítima;85,2;BR-116/SP;Pista Sul;Colisão traseira;1;4;0;0;0;0;1
22/12/2010;18:47:00;710;sem vítima;166,2;BR-116/RJ;Pista Sul;Colisão traseira;1;2;0;0;0;0;1
22/12/2010;18:36:00;702;sem vítima;171,3;BR-116/RJ;Pista Sul;Colisão traseira;1;3;0;0;0;0;1
22/12/2010;22:07:00;856;sem vítima;172,8;BR-116/RJ;Pista Sul;Abalroamento longitudinal;1;2;0;0;0;0;1
22/12/2010;22:46:00;880;sem vítima;172,8;BR-116/RJ;Pista Sul;Abalroamento longitudinal;1;6;0;0;0;0;1
22/12/2010;16:08:00;584;sem vítima;175,9;BR-116/RJ;Pista Sul;Colisão traseira;1;2;0;0;0;0;1
22/12/2010;02:01:00;42;sem vítima;182;BR-116/SP;Pista Norte;Choque em objeto na pista;1;1;0;0;0;0;1
22/12/2010;17:59:00;670;sem vítima;185,4;BR-116/SP;Pista Norte;Tombamento;1;2;0;0;0;0;1
22/12/2010;18:49:00;713;sem vítima;205,9;BR-116/RJ;Pista Sul;Colisão traseira;2;2;0;0;0;0;1
22/12/2010;05:56:00;127;sem vítima;210;BR-116/SP;Pista Sul;Abalroamento longitudinal;1;2;0;0;0;0;1
22/12/2010;22:27:00;872;sem vítima;227;BR-116/SP;Pista Sul;Abalroamento longitudinal;1;2;0;0;0;0;1
23/12/2010;20:09:00;812;sem vítima;31;BR-116/SP;Pista Sul;Colisão traseira;1;46;0;0;0;0;1
23/12/2010;17:13:00;661;com vítima;69,95;BR-116/SP;Pista Sul;Engavetamento;3;40;1;0;0;0;1
23/12/2010;17:05:00;647;sem vítima;95,5;BR-116/SP;Pista Sul;Choque em objeto na pista;1;21;0;0;0;0;1
23/12/2010;06:06:00;129;com vítima;130,3;BR-116/SP;Pista Norte;Colisão traseira;2;2;0;1;0;0;2
23/12/2010;15:51:00;573;sem vítima;136;BR-116/SP;Pista Sul;Colisão traseira;2;2;0;0;0;0;1
23/12/2010;16:05:00;588;sem vítima;139;BR-116/SP;Pista Sul;Colisão traseira;1;2;0;0;0;0;1
23/12/2010;18:59:00;753;sem vítima;155;BR-116/SP;Pista Norte;Colisão traseira;1;2;0;0;0;0;1
23/12/2010;17:06:00;649;sem vítima;165;BR-116/SP;Pista Norte;Colisão traseira;2;2;0;0;0;0;1
23/12/2010;19:38:00;785;sem vítima;166,4;BR-116/RJ;Pista Sul;Abalroamento longitudinal;1;2;0;0;0;0;1
23/12/2010;18:40:00;731;sem vítima;166,8;BR-116/RJ;Pista Sul;Abalroamento longitudinal;1;2;0;0;0;0;1
23/12/2010;17:33:00;680;com vítima;168;BR-116/RJ;Pista Sul;Abalroamento longitudinal;1;6;0;1;0;0;2
23/12/2010;09:00:00;257;sem vítima;168,3;BR-116/RJ;Pista Sul;Abalroamento longitudinal;1;2;0;0;0;0;1
23/12/2010;20:21:00;826;sem vítima;172,8;BR-116/RJ;Pista Sul;Colisão traseira;1;2;0;0;0;0;1
23/12/2010;01:11:00;30;com vítima;174,65;BR-116/RJ;Pista Norte;Choque em veículo parado na pista;1;1;2;0;0;0;1
23/12/2010;08:59:00;256;sem vítima;180;BR-116/RJ;Pista Norte;Colisão traseira;1;2;0;0;0;0;1
23/12/2010;17:36:00;684;sem vítima;204;BR-116/SP;Pista Sul;Outros;1;1;0;0;0;0;1
23/12/2010;21:56:00;899;sem vítima;208;BR-116/RJ;Pista Norte;Choque em objeto fixo;3;18;0;0;0;0;1
23/12/2010;22:43:00;924;sem vítima;209;BR-116/RJ;Pista Norte;Colisão traseira;2;2;0;0;0;0;1
23/12/2010;13:15:00;453;sem vítima;212;BR-116/SP;Pista Norte;Engavetamento;4;5;0;0;0;0;1
23/12/2010;16:11:00;595;sem vítima;218;BR-116/SP;Pista Norte;Abalroamento longitudinal;2;5;0;0;0;0;1
23/12/2010;20:39:00;837;com vítima;218,7;BR-116/SP;Pista Sul;Abalroamento longitudinal;1;5;1;0;0;0;1
23/12/2010;03:45:00;86;com vítima;265,2;BR-116/RJ;Pista Sul;Colisão traseira;2;1;1;0;0;0;1
23/12/2010;07:29:00;174;sem vítima;284,7;BR-116/RJ;Pista Norte;Colisão traseira;1;3;0;0;0;0;1
23/12/2010;15:46:00;567;sem vítima;289,6;BR-116/RJ;Pista Norte;Abalroamento longitudinal;1;4;0;0;0;0;1
23/12/2010;05:41:00;121;sem vítima;296,5;BR-116/RJ;Pista Sul;Colisão traseira;2;2;0;0;0;0;1
24/12/2010;11:23:00;335;sem vítima;88;BR-116/SP;Pista Sul;Colisão traseira;2;2;0;0;0;0;1
24/12/2010;07:47:00;176;sem vítima;162;BR-116/SP;Pista Sul;Colisão traseira;1;5;0;0;0;0;1
24/12/2010;09:56:00;280;sem vítima;166,4;BR-116/RJ;Pista Sul;Abalroamento longitudinal;1;3;0;0;0;0;1
24/12/2010;01:13:00;29;com vítima;175,9;BR-116/SP;Pista Norte;Colisão traseira;2;1;0;1;0;0;2
24/12/2010;02:46:00;64;sem vítima;182;BR-116/SP;Pista Norte;Colisão traseira;1;4;0;0;0;0;1
24/12/2010;07:26:00;160;com vítima;182;BR-116/SP;Pista Norte;Engavetamento;1;5;1;0;0;0;1
24/12/2010;09:50:00;272;sem vítima;218,2;BR-116/SP;Pista Sul;Engavetamento;1;7;0;0;0;0;1
24/12/2010;15:00:00;477;sem vítima;223,4;BR-116/RJ;Pista Norte;Choque Talude;1;1;0;0;0;0;1
24/12/2010;09:02:00;236;sem vítima;230,6;BR-116/SP;Pista Sul;Choque em barreira New Jersey;1;2;0;0;0;0;1
24/12/2010;09:04:00;239;sem vítima;275;BR-116/RJ;Pista Norte;Abalroamento longitudinal;1;5;0;0;0;0;1
26/12/2010;18:09:00;491;com vítima;23;BR-116/SP;Pista Norte;Colisão traseira;1;3;3;0;0;0;1
26/12/2010;12:15:00;228;sem vítima;37,8;BR-116/SP;Pista Sul;Colisão traseira;1;2;0;0;0;0;1
26/12/2010;14:40:00;309;com vítima;81,7;BR-116/SP;Pista Norte;Colisão traseira;1;1;1;0;0;0;1
26/12/2010;17:20:00;443;sem vítima;175,3;BR-116/RJ;Pista Norte;Colisão traseira;1;2;0;0;0;0;1
26/12/2010;18:37:00;519;com vítima;175,4;BR-116/RJ;Pista Sul;Abalroamento longitudinal;1;2;1;0;0;0;1
27/12/2010;12:03:00;336;com vítima;115,6;BR-116/SP;Pista Norte;Colisão traseira;1;7;1;0;0;0;1
27/12/2010;08:43:00;209;com vítima;140;BR-116/SP;Pista Norte;Colisão traseira;2;1;1;0;0;0;1
27/12/2010;20:17:00;638;sem vítima;165;BR-116/SP;Pista Sul;Colisão traseira;2;2;0;0;0;0;1
27/12/2010;06:20:00;96;sem vítima;180,7;BR-116/RJ;Pista Norte;Abalroamento longitudinal;1;2;0;0;0;0;1
27/12/2010;20:08:00;630;com vítima;228,4;BR-116/SP;Pista Norte;Abalroamento longitudinal;1;7;1;0;0;0;1
28/12/2010;16:03:00;466;sem vítima;111,5;BR-116/SP;Pista Sul;Abalroamento longitudinal;1;2;0;0;0;0;1
28/12/2010;19:07:00;611;com vítima;172,8;BR-116/RJ;Pista Sul;Colisão traseira;1;1;1;0;0;0;1
28/12/2010;14:58:00;422;sem vítima;176,1;BR-116/RJ;Pista Norte;Engavetamento;1;4;0;0;0;0;1
28/12/2010;06:51:00;95;com vítima;182;BR-116/SP;Pista Norte;Colisão traseira;1;2;2;0;0;0;1
28/12/2010;17:51:00;549;com vítima;182,6;BR-116/RJ;Pista Norte;Engavetamento;1;5;1;1;0;0;2
28/12/2010;17:09:00;516;com vítima;184,5;BR-116/RJ;Pista Sul;Colisão traseira;1;5;0;1;0;0;2
28/12/2010;20:12:00;657;com vítima;190;BR-116/RJ;Pista Norte;Engavetamento;1;9;1;0;0;0;1
28/12/2010;09:28:00;232;com vítima;211,3;BR-116/SP;Pista Sul;Abalroamento longitudinal;1;25;1;0;0;0;1
28/12/2010;12:34:00;343;sem vítima;220,3;BR-116/RJ;Pista Sul;Outros;1;1;0;0;0;0;1
28/12/2010;13:22:00;374;sem vítima;224;BR-116/RJ;Pista Sul;Abalroamento longitudinal;1;2;0;0;0;0;1
28/12/2010;13:19:00;373;sem vítima;227;BR-116/SP;Pista Sul;Choque em objeto na pista;1;3;0;0;0;0;1
28/12/2010;13:54:00;394;com vítima;243,7;BR-116/RJ;Pista Norte;Colisão traseira;1;1;4;2;0;0;2
28/12/2010;17:00:00;507;sem vítima;254,8;BR-116/RJ;Pista Norte;Choque em objeto na pista;1;5;0;0;0;0;1
28/12/2010;18:12:00;573;com vítima;258,6;BR-116/RJ;Pista Norte;Tombamento;1;0;1;0;0;0;1
29/12/2010;07:18:00;159;sem vítima;16,4;BR-116/SP;Pista Sul;Choque Talude;1;1;0;0;0;0;1
29/12/2010;09:00:00;230;com vítima;46,7;BR-116/SP;Pista Sul;Abalroamento longitudinal;1;5;2;0;0;0;1
29/12/2010;02:57:00;73;com vítima;64,3;BR-116/SP;Pista Norte;Engavetamento;3;2;0;1;0;0;2
29/12/2010;07:00:00;149;sem vítima;106;BR-116/SP;Pista Norte;Abalroamento longitudinal;1;7;0;0;0;0;1
29/12/2010;15:16:00;425;sem vítima;147;BR-116/SP;Pista Sul;Colisão traseira;1;2;0;0;0;0;1
29/12/2010;11:52:00;329;com vítima;169;BR-116/RJ;Pista Sul;Engavetamento;1;18;1;0;0;0;1
29/12/2010;13:36:00;381;sem vítima;202;BR-116/RJ;Pista Norte;Outros;1;6;0;0;0;0;1
29/12/2010;02:46:00;69;sem vítima;210,8;BR-116/SP;Pista Norte;Abalroamento longitudinal;1;3;0;0;0;0;1
29/12/2010;00:26:00;13;sem vítima;219,38;BR-116/RJ;Pista Norte;Capotamento;1;1;0;0;0;0;1
29/12/2010;06:16:00;127;sem vítima;222;BR-116/SP;Pista Sul;Abalroamento longitudinal;1;2;0;0;0;0;1
29/12/2010;14:06:00;400;sem vítima;223;BR-116/SP;Pista Sul;Choque em objeto na pista;1;2;0;0;0;0;1
29/12/2010;14:30:00;409;com vítima;223,2;BR-116/SP;Pista Norte;Atropelamento de pedestre atravessando;1;1;1;0;0;0;1
29/12/2010;00:02:00;2;sem vítima;227,6;BR-116/RJ;Pista Norte;Abalroamento longitudinal;1;2;0;0;0;0;1
30/12/2010;04:34:00;71;sem vítima;26,65;BR-116/SP;Pista Sul;Choque em objeto fixo;1;1;0;0;0;0;1
30/12/2010;15:37:00;435;sem vítima;177,5;BR-116/RJ;Pista Norte;Engavetamento;2;4;0;0;0;0;1
30/12/2010;12:44:00;336;sem vítima;182;BR-116/RJ;Pista Norte;Choque em defensa;1;1;0;0;0;0;1
30/12/2010;03:06:00;49;com vítima;244,55;BR-116/RJ;Pista Norte;Abalroamento longitudinal;1;4;2;0;0;0;1
31/12/2010;23:33:00;644;sem vítima;22,35;BR-116/SP;Pista Norte;Queda de ribanceira;1;1;0;0;0;0;1
31/12/2010;07:55:00;182;com vítima;98,8;BR-116/SP;Pista Norte;Tombamento;1;0;2;0;0;0;1
31/12/2010;11:51:00;289;sem vítima;164;BR-116/RJ;Pista Sul;Colisão traseira;1;3;0;0;0;0;1
31/12/2010;08:19:00;196;com vítima;227,2;BR-116/RJ;Pista Norte;Tombamento;1;0;1;0;0;0;1
31/12/2010;20:29:00;574;sem vítima;267,3;BR-116/RJ;Pista Sul;Colisão traseira;1;2;0;0;0;0;1
01/01/2011;12:27:00;214;sem vítima;147,5;BR-116/SP;Pista Sul;Colisão traseira;1;5;0;0;0;0;1
03/01/2011;21:36:00;692;sem vítima;67;BR-116/SP;Pista Sul;Colisão traseira;1;2;0;0;0;0;1
03/01/2011;08:22:00;213;sem vítima;127,6;BR-116/SP;Pista Sul;Choque em barreira New Jersey;1;1;0;0;0;0;1
03/01/2011;17:05:00;526;sem vítima;166;BR-116/SP;Pista Sul;Abalroamento longitudinal;2;2;0;0;0;0;1
03/01/2011;19:17:00;622;sem vítima;172,8;BR-116/RJ;Pista Sul;Abalroamento longitudinal;1;2;0;0;0;0;1
03/01/2011;15:52:00;483;sem vítima;182;BR-116/SP;Pista Norte;Colisão traseira;2;2;0;0;0;0;1
03/01/2011;07:06:00;153;sem vítima;187;BR-116/SP;Pista Sul;Choque em objeto fixo;1;1;0;0;0;0;1
03/01/2011;05:21:00;103;sem vítima;193;BR-116/RJ;Pista Sul;Não Def;1;1;0;0;0;0;1
03/01/2011;11:59:00;354;sem vítima;204;BR-116/SP;Pista Sul;Choque em objeto fixo;1;1;0;0;0;0;1
03/01/2011;08:50:00;234;sem vítima;219;BR-116/SP;Pista Sul;Engavetamento;2;3;0;0;0;0;1
03/01/2011;14:31:00;433;sem vítima;222;BR-116/RJ;Pista Norte;Abalroamento longitudinal;1;2;0;0;0;0;1
03/01/2011;11:40:00;343;sem vítima;225,2;BR-116/SP;Pista Norte;Choque em defensa;1;2;0;0;0;0;1
03/01/2011;18:51:00;602;sem vítima;243,7;BR-116/RJ;Pista Sul;Abalroamento longitudinal;1;2;0;0;0;0;1
03/01/2011;09:23:00;257;sem vítima;248,1;BR-116/RJ;Pista Sul;Engavetamento;1;6;0;0;0;0;1
03/01/2011;22:23:00;714;sem vítima;265,4;BR-116/RJ;Pista Sul;Colisão traseira;2;2;0;0;0;0;1
03/01/2011;03:22:00;68;sem vítima;322,6;BR-116/RJ;Pista Norte;Atropelamento de animal;1;1;0;0;0;0;1
04/01/2011;18:41:00;570;sem vítima;24,8;BR-116/SP;Pista Norte;Não Def;1;2;0;0;0;0;1
04/01/2011;05:14:00;71;com vítima;34;BR-116/SP;Pista Norte;Colisão traseira;2;1;0;1;0;0;2
04/01/2011;05:58:00;91;sem vítima;37;BR-116/SP;Pista Sul;Não Def;1;1;0;0;0;0;1
04/01/2011;14:02:00;406;sem vítima;37;BR-116/SP;Pista Sul;Choque em barreira New Jersey;1;1;0;0;0;0;1