data;horario;n_da_ocorrencia;tipo_de_ocorrencia;km;trecho;sentido;tipo_de_acidente;caminhao;ilesos;levemente_feridos;moderadamente_feridos;gravemente_feridos;mortos;3
04/01/2011;03:59:00;51;com vítima;72,2;BR-116/SP;Pista Norte;Colisão traseira;2;3;1;0;0;0;1
04/01/2011;21:37:00;673;sem vítima;86;BR-116/SP;Pista Norte;Abalroamento longitudinal;2;2;0;0;0;0;1
04/01/2011;10:33:00;257;sem vítima;112,2;BR-116/SP;Pista Norte;Choque em objeto fixo;1;1;0;0;0;0;1
04/01/2011;18:10:00;544;sem vítima;127,6;BR-116/SP;Pista Sul;Choque em veículo parado na pista;1;2;0;0;0;0;1
04/01/2011;07:26:00;133;sem vítima;154,5;BR-116/SP;Pista Sul;Outros;1;3;0;0;0;0;1
04/01/2011;11:30:00;309;sem vítima;165,6;BR-116/SP;Pista Sul;Abalroamento longitudinal;1;2;0;0;0;0;1
04/01/2011;06:41:00;105;com vítima;172,8;BR-116/RJ;Pista Sul;Colisão traseira;1;1;1;0;0;0;1
04/01/2011;07:50:00;150;sem vítima;220,65;BR-116/RJ;Pista Sul;Choque em objeto fixo;1;1;0;0;0;0;1
04/01/2011;03:01:00;40;sem vítima;287,5;BR-116/RJ;Pista Sul;Colisão traseira;1;2;0;0;0;0;1
04/01/2011;08:50:00;189;sem vítima;315,15;BR-116/RJ;Pista Norte;Choque em objeto na pista;1;2;0;0;0;0;1
05/01/2011;05:25:00;65;com vítima;25,9;BR-116/SP;Pista Sul;Tombamento;1;1;1;0;0;0;1
05/01/2011;01:45:00;26;sem vítima;86,95;BR-116/SP;Pista Sul;Choque em objeto fixo;1;2;0;0;0;0;1
05/01/2011;18:15:00;544;sem vítima;99;BR-116/SP;Pista Sul;Não Def;2;2;0;0;0;0;1
05/01/2011;02:20:00;36;sem vítima;159;BR-116/SP;Pista Sul;Não Def;1;1;0;0;0;0;1
05/01/2011;16:42:00;474;sem vítima;183,5;BR-116/RJ;Pista Norte;Colisão traseira;1;4;0;0;0;0;1
05/01/2011;10:55:00;279;sem vítima;206,95;BR-116/SP;Pista Sul;Choque em objeto fixo;1;1;0;0;0;0;1
05/01/2011;12:21:00;326;sem vítima;216,8;BR-116/SP;Pista Sul;Choque em barreira New Jersey;2;3;0;0;0;0;1
05/01/2011;20:28:00;635;sem vítima;219,2;BR-116/SP;Pista Sul;Colisão traseira;1;2;0;0;0;0;1
05/01/2011;19:11:00;579;sem vítima;226;BR-116/SP;Pista Norte;Colisão traseira;2;2;0;0;0;0;1
05/01/2011;22:32:00;705;sem vítima;226,8;BR-116/RJ;Pista Norte;Choque Talude;1;1;0;0;0;0;1
05/01/2011;09:29:00;233;com vítima;240;BR-116/RJ;Pista Norte;Abalroamento longitudinal;1;2;0;2;0;0;2
05/01/2011;17:00:00;485;sem vítima;300,55;BR-116/RJ;Pista Sul;Outros;2;3;0;0;0;0;1
06/01/2011;10:57:00;314;sem vítima;31,1;BR-116/SP;Pista Sul;Abalroamento longitudinal;2;2;0;0;0;0;1
06/01/2011;08:01:00;184;sem vítima;171,7;BR-116/RJ;Pista Sul;Engavetamento;1;4;0;0;0;0;1
06/01/2011;05:34:00;86;sem vítima;175,2;BR-116/RJ;Pista Norte;Colisão traseira;1;5;0;0;0;0;1
06/01/2011;23:47:00;791;com vítima;175,2;BR-116/SP;Pista Sul;Colisão traseira;2;2;1;1;0;0;2
06/01/2011;23:07:00;776;sem vítima;177,8;BR-116/RJ;Pista Norte;Choque em objeto na pista;1;5;0;0;0;0;1
06/01/2011;06:47:00;121;com vítima;210;BR-116/SP;Pista Sul;Queda de moto;1;1;0;1;0;0;2
06/01/2011;13:01:00;382;com vítima;210,8;BR-116/SP;Pista Sul;Abalroamento longitudinal;1;1;0;1;0;0;2
06/01/2011;08:07:00;193;sem vítima;220,3;BR-116/RJ;Pista Sul;Tombamento;1;1;0;0;0;0;1
06/01/2011;19:59:00;674;sem vítima;224;BR-116/SP;Pista Norte;Colisão traseira;2;2;0;0;0;0;1
06/01/2011;10:20:00;295;com vítima;319;BR-116/RJ;Pista Sul;Colisão traseira;1;5;1;0;0;0;1
07/01/2011;11:41:00;333;sem vítima;120,5;BR-116/SP;Pista Sul;Colisão traseira;1;2;0;0;0;0;1
07/01/2011;14:58:00;440;sem vítima;126,1;BR-116/SP;Pista Sul;Choque em objeto na pista;1;2;0;0;0;0;1
07/01/2011;14:15:00;415;sem vítima;165;BR-116/SP;Pista Sul;Colisão traseira;1;3;0;0;0;0;1
07/01/2011;18:34:00;616;sem vítima;166,9;BR-116/RJ;Pista Sul;Colisão traseira;1;3;0;0;0;0;1
07/01/2011;07:37:00;145;com vítima;167;BR-116/RJ;Pista Sul;Engavetamento;2;2;1;0;0;0;1
07/01/2011;06:43:00;107;sem vítima;170,1;BR-116/RJ;Pista Norte;Colisão traseira;1;2;0;0;0;0;1
07/01/2011;15:51:00;488;sem vítima;172,8;BR-116/RJ;Pista Sul;Abalroamento longitudinal;1;2;0;0;0;0;1
07/01/2011;14:11:00;413;sem vítima;174,8;BR-116/RJ;Pista Norte;Abalroamento longitudinal;1;4;0;0;0;0;1
07/01/2011;02:54:00;50;com vítima;177,3;BR-116/RJ;Pista Sul;Colisão traseira;1;3;1;0;0;0;1
07/01/2011;04:23:00;68;sem vítima;210;BR-116/RJ;Pista Norte;Não Def;1;1;0;0;0;0;1
07/01/2011;15:24:00;460;sem vítima;223;BR-116/RJ;Pista Sul;Engavetamento;1;4;0;0;0;0;1
07/01/2011;02:23:00;38;com vítima;224,1;BR-116/RJ;Pista Norte;Tombamento;1;0;0;0;1;0;2
07/01/2011;20:38:00;713;sem vítima;225;BR-116/SP;Pista Norte;Engavetamento;1;6;0;0;0;0;1
07/01/2011;11:51:00;336;com vítima;227;BR-116/SP;Pista Norte;Queda de ribanceira;1;2;0;0;1;0;2
07/01/2011;01:41:00;25;sem vítima;240,45;BR-116/RJ;Pista Norte;Choque em barreira New Jersey;1;1;0;0;0;0;1
08/01/2011;15:13:00;404;com vítima;117;BR-116/SP;Pista Sul;Abalroamento longitudinal;1;3;1;0;0;0;1
08/01/2011;14:54:00;393;sem vítima;145,5;BR-116/SP;Pista Sul;Engavetamento;1;8;0;0;0;0;1
08/01/2011;01:15:00;23;com vítima;182;BR-116/SP;Pista Norte;Colisão traseira;2;1;1;0;0;0;1
08/01/2011;14:31:00;379;sem vítima;220;BR-116/RJ;Pista Norte;Colisão traseira;2;2;0;0;0;0;1
09/01/2011;12:58:00;297;com vítima;226,6;BR-116/RJ;Pista Norte;Queda de moto;1;1;1;0;0;0;1
10/01/2011;16:46:00;560;sem vítima;54;BR-116/SP;Pista Norte;Colisão traseira;1;2;0;0;0;0;1
10/01/2011;22:58:00;801;com vítima;92,85;BR-116/SP;Pista Norte;Engavetamento;2;1;3;0;0;1;3
10/01/2011;05:48:00;113;com vítima;106,55;BR-116/SP;Pista Sul;Tombamento;1;13;1;0;0;0;1
10/01/2011;21:00:00;747;sem vítima;122,8;BR-116/SP;Pista Sul;Choque em objeto na pista;1;4;0;0;0;0;1
10/01/2011;20:38:00;736;sem vítima;154;BR-116/SP;Pista Sul;Não Def;2;2;0;0;0;0;1
10/01/2011;16:03:00;525;sem vítima;211;BR-116/SP;Pista Norte;Engavetamento;2;5;0;0;0;0;1
10/01/2011;20:49:00;741;sem vítima;212;BR-116/SP;Pista Sul;Colisão traseira;1;3;0;0;0;0;1
10/01/2011;20:36:00;733;sem vítima;223,9;BR-116/SP;Pista Norte;Colisão traseira;1;2;0;0;0;0;1
10/01/2011;17:32:00;598;sem vítima;227,3;BR-116/SP;Pista Norte;Abalroamento longitudinal;1;2;0;0;0;0;1
10/01/2011;07:40:00;190;sem vítima;298,75;BR-116/RJ;Pista Sul;Colisão traseira;1;5;0;0;0;0;1
10/01/2011;00:29:00;15;sem vítima;299,2;BR-116/RJ;Pista Norte;Tombamento;1;1;0;0;0;0;1
11/01/2011;07:17:00;143;sem vítima;167,5;BR-116/RJ;Pista Norte;Abalroamento longitudinal;2;6;0;0;0;0;1
11/01/2011;15:59:00;532;sem vítima;175,1;BR-116/RJ;Pista Sul;Colisão traseira;1;2;0;0;0;0;1
11/01/2011;21:07:00;758;sem vítima;201;BR-116/SP;Pista Norte;Colisão traseira;1;2;0;0;0;0;1
11/01/2011;18:20:00;646;com vítima;209;BR-116/RJ;Pista Norte;Choque em veículo parado na pista;1;3;2;0;0;0;1
11/01/2011;10:47:00;319;sem vítima;212,8;BR-116/SP;Pista Norte;Colisão traseira;2;2;0;0;0;0;1
11/01/2011;13:50:00;449;sem vítima;220,1;BR-116/SP;Pista Norte;Colisão frontal;1;2;0;0;0;0;1
11/01/2011;16:25:00;552;sem vítima;221;BR-116/RJ;Pista Norte;Não Def;1;1;0;0;0;0;1
11/01/2011;16:20:00;547;sem vítima;223;BR-116/RJ;Pista Norte;Choque em barreira New Jersey;1;1;0;0;0;0;1
11/01/2011;17:25:00;596;sem vítima;224;BR-116/RJ;Pista Sul;Não Def;1;1;0;0;0;0;1
11/01/2011;05:35:00;97;sem vítima;227,2;BR-116/RJ;Pista Sul;Colisão traseira;1;2;0;0;0;0;1
11/01/2011;01:02:00;18;com vítima;229;BR-116/SP;Pista Norte;Tombamento;1;0;1;0;0;0;1
11/01/2011;08:19:00;198;sem vítima;276;BR-116/RJ;Pista Sul;Não Def;1;1;0;0;0;0;1
11/01/2011;22:37:00;811;sem vítima;300,92;BR-116/RJ;Pista Sul;Choque em defensa;2;2;0;0;0;0;1
12/01/2011;04:13:00;60;sem vítima;22,4;BR-116/SP;Pista Sul;Outros;1;3;0;0;0;0;1
12/01/2011;00:14:00;8;com vítima;45,4;BR-116/SP;Pista Norte;Colisão traseira;2;0;2;0;0;0;1
12/01/2011;07:14:00;125;sem vítima;72;BR-116/SP;Pista Norte;Tombamento;1;2;0;0;0;0;1
12/01/2011;20:28:00;707;sem vítima;122,9;BR-116/SP;Pista Sul;Choque em objeto fixo;1;1;0;0;0;0;1
12/01/2011;22:26:00;779;sem vítima;171,29;BR-116/SP;Pista Sul;Colisão traseira;1;2;0;0;0;0;1
12/01/2011;18:41:00;622;com vítima;182;BR-116/SP;Pista Norte;Colisão traseira;1;3;2;0;0;0;1
12/01/2011;17:02:00;554;sem vítima;204;BR-116/SP;Pista Norte;Choque em objeto fixo;1;1;0;0;0;0;1
12/01/2011;16:50:00;544;sem vítima;220,4;BR-116/SP;Pista Sul;Colisão traseira;1;2;0;0;0;0;1
12/01/2011;10:50:00;315;sem vítima;225,2;BR-116/RJ;Pista Norte;Choque em objeto fixo;1;1;0;0;0;0;1
12/01/2011;15:07:00;476;sem vítima;230,9;BR-116/SP;Pista Sul;Abalroamento longitudinal;1;2;0;0;0;0;1
12/01/2011;15:43:00;500;sem vítima;279;BR-116/RJ;Pista Sul;Não Def;1;1;0;0;0;0;1
12/01/2011;15:59:00;514;sem vítima;280,3;BR-116/RJ;Pista Sul;Choque em objeto na pista;1;1;0;0;0;0;1
12/01/2011;02:06:00;34;sem vítima;292,5;BR-116/RJ;Pista Norte;Abalroamento longitudinal;2;2;0;0;0;0;1
12/01/2011;08:57:00;203;com vítima;304,6;BR-116/RJ;Pista Sul;Choque em objeto fixo;1;1;0;1;0;0;2
13/01/2011;16:47:00;520;sem vítima;27,1;BR-116/SP;Pista Norte;Colisão traseira;1;4;0;0;0;0;1
13/01/2011;15:42:00;467;sem vítima;142,8;BR-116/SP;Pista Sul;Colisão traseira;1;2;0;0;0;0;1
13/01/2011;10:11:00;275;com vítima;145;BR-116/SP;Pista Sul;Engavetamento;2;3;1;0;0;0;1
13/01/2011;19:22:00;622;sem vítima;145,9;BR-116/SP;Pista Sul;Colisão traseira;1;5;0;0;0;0;1
13/01/2011;15:26:00;456;sem vítima;157;BR-116/SP;Pista Norte;Abalroamento longitudinal;2;2;0;0;0;0;1
13/01/2011;11:20:00;312;sem vítima;160;BR-116/SP;Pista Sul;Outros;1;1;0;0;0;0;1
13/01/2011;15:50:00;476;sem vítima;160;BR-116/SP;Pista Norte;Colisão traseira;2;2;0;0;0;0;1
13/01/2011;15:36:00;464;sem vítima;165;BR-116/SP;Pista Norte;Choque em objeto fixo;1;2;0;0;0;0;1
13/01/2011;09:32:00;245;sem vítima;170,4;BR-116/RJ;Pista Sul;Choque em veículo parado na pista;1;3;0;0;0;0;1
13/01/2011;17:01:00;524;sem vítima;172,7;BR-116/RJ;Pista Sul;Colisão traseira;1;2;0;0;0;0;1
13/01/2011;08:58:00;222;com vítima;174,8;BR-116/RJ;Pista Sul;Colisão traseira;1;2;1;0;0;0;1
13/01/2011;11:33:00;318;sem vítima;186,7;BR-116/SP;Pista Norte;Choque em objeto fixo;1;1;0;0;0;0;1
13/01/2011;05:54:00;83;com vítima;189,1;BR-116/SP;Pista Sul;Colisão traseira;2;2;1;0;0;0;1
13/01/2011;11:29:00;316;sem vítima;216,8;BR-116/SP;Pista Norte;Tombamento;1;1;0;0;0;0;1
13/01/2011;09:53:00;257;sem vítima;219,3;BR-116/RJ;Pista Norte;Colisão traseira;2;2;0;0;0;0;1
13/01/2011;14:00:00;406;sem vítima;223;BR-116/SP;Pista Norte;Colisão traseira;1;4;0;0;0;0;1
13/01/2011;11:59:00;337;sem vítima;223,25;BR-116/RJ;Pista Norte;Colisão traseira;2;2;0;0;0;0;1
13/01/2011;12:05:00;340;sem vítima;223,3;BR-116/SP;Pista Norte;Não Def;1;1;0;0;0;0;1
13/01/2011;21:14:00;696;sem vítima;231,3;BR-116/SP;Pista Norte;Outros;1;1;0;0;0;0;1
13/01/2011;04:05:00;53;sem vítima;280,4;BR-116/RJ;Pista Sul;Choque em objeto fixo;1;1;0;0;0;0;1
13/01/2011;05:39:00;79;com vítima;298,92;BR-116/RJ;Pista Norte;Colisão traseira;1;1;0;0;1;0;2
14/01/2011;17:58:00;609;com vítima;29,8;BR-116/SP;Pista Norte;Colisão traseira;1;4;2;1;0;0;2
14/01/2011;10:19:00;295;com vítima;138,5;BR-116/SP;Pista Sul;Colisão traseira;2;1;1;0;0;0;1
14/01/2011;20:43:00;729;sem vítima;165;BR-116/SP;Pista Sul;Colisão traseira;2;2;0;0;0;0;1
14/01/2011;17:25:00;587;sem vítima;169,9;BR-116/RJ;Pista Sul;Colisão traseira;1;2;0;0;0;0;1
14/01/2011;19:18:00;674;sem vítima;172,7;BR-116/RJ;Pista Sul;Abalroamento longitudinal;1;4;0;0;0;0;1
14/01/2011;13:33:00;419;sem vítima;189,5;BR-116/SP;Pista Norte;Tombamento;1;21;0;0;0;0;1
14/01/2011;13:14:00;408;com vítima;194,5;BR-116/SP;Pista Sul;Tombamento;1;0;1;0;0;0;1
14/01/2011;10:44:00;315;sem vítima;209;BR-116/RJ;Pista Norte;Choque Talude;1;1;0;0;0;0;1
14/01/2011;15:58:00;516;com vítima;211,75;BR-116/SP;Pista Sul;Colisão traseira;1;1;0;0;1;0;2
14/01/2011;16:08:00;523;sem vítima;212;BR-116/SP;Pista Sul;Abalroamento longitudinal;1;3;0;0;0;0;1
14/01/2011;18:02:00;614;com vítima;216,5;BR-116/SP;Pista Norte;Atropelamento de pedestre atravessando;1;1;0;0;1;0;2
14/01/2011;23:40:00;831;sem vítima;217,7;BR-116/RJ;Pista Norte;Abalroamento longitudinal;2;2;0;0;0;0;1
14/01/2011;00:48:00;16;sem vítima;219,7;BR-116/SP;Pista Norte;Choque em veículo parado na pista;2;2;0;0;0;0;1
14/01/2011;20:45:00;732;sem vítima;220,6;BR-116/RJ;Pista Sul;Abalroamento longitudinal;2;2;0;0;0;0;1
14/01/2011;15:06:00;483;sem vítima;277,3;BR-116/RJ;Pista Sul;Não Def;1;1;0;0;0;0;1
14/01/2011;21:22:00;759;sem vítima;298,9;BR-116/RJ;Pista Sul;Colisão traseira;1;6;0;0;0;0;1
14/01/2011;03:28:00;60;com vítima;333,02;BR-116/RJ;Pista Norte;Colisão traseira;1;1;0;0;0;2;3
15/01/2011;09:31:00;264;sem vítima;66,2;BR-116/SP;Pista Sul;Colisão traseira;1;4;0;0;0;0;1
15/01/2011;18:55:00;615;com vítima;112,4;BR-116/SP;Pista Sul;Engavetamento;1;3;2;0;0;0;1
15/01/2011;20:44:00;665;sem vítima;145;BR-116/SP;Pista Sul;Abalroamento longitudinal;1;3;0;0;0;0;1
15/01/2011;05:53:00;130;com vítima;154,92;BR-116/SP;Pista Sul;Colisão traseira;1;2;0;0;0;1;3
15/01/2011;20:41:00;663;sem vítima;159,5;BR-116/SP;Pista Sul;Abalroamento longitudinal;1;2;0;0;0;0;1
15/01/2011;10:55:00;329;com vítima;169,2;BR-116/RJ;Pista Norte;Queda de moto;1;2;1;0;0;0;1
15/01/2011;17:38:00;556;sem vítima;182;BR-116/SP;Pista Norte;Colisão traseira;1;2;0;0;0;0;1
15/01/2011;13:26:00;415;com vítima;188,77;BR-116/RJ;Pista Sul;Engavetamento;2;2;4;1;0;0;2
15/01/2011;05:27:00;117;com vítima;189;BR-116/SP;Pista Sul;Colisão traseira;2;1;1;0;0;0;1
15/01/2011;18:39:00;604;sem vítima;197;BR-116/RJ;Pista Norte;Tombamento;1;1;0;0;0;0;1
15/01/2011;18:52:00;614;sem vítima;228;BR-116/RJ;Pista Sul;Não Def;1;1;0;0;0;0;1
15/01/2011;03:00:00;72;com vítima;271,6;BR-116/RJ;Pista Sul;Abalroamento longitudinal;1;41;1;0;0;0;1
15/01/2011;13:55:00;429;sem vítima;274;BR-116/RJ;Pista Sul;Não Def;1;1;0;0;0;0;1
15/01/2011;05:56:00;131;com vítima;276,8;BR-116/RJ;Pista Sul;Colisão traseira;2;3;0;1;0;0;2
16/01/2011;13:03:00;292;sem vítima;11,9;BR-116/SP;Pista Norte;Abalroamento longitudinal;1;2;0;0;0;0;1
16/01/2011;22:10:00;588;sem vítima;27,7;BR-116/SP;Pista Norte;Outros;1;1;0;0;0;0;1
16/01/2011;05:48:00;100;com vítima;54,2;BR-116/SP;Pista Norte;Colisão traseira;1;4;0;1;0;0;2
16/01/2011;16:19:00;408;sem vítima;97;BR-116/SP;Pista Sul;Outros;1;1;0;0;0;0;1
16/01/2011;18:43:00;494;com vítima;127,2;BR-116/SP;Pista Norte;Abalroamento longitudinal;1;1;0;0;2;0;2
16/01/2011;17:14:00;439;sem vítima;144,5;BR-116/SP;Pista Sul;Engavetamento;1;7;0;0;0;0;1
16/01/2011;13:28:00;312;sem vítima;189,8;BR-116/SP;Pista Sul;Abalroamento longitudinal;1;3;0;0;0;0;1
16/01/2011;01:02:00;25;sem vítima;197,54;BR-116/SP;Pista Norte;Choque em objeto na pista;1;4;0;0;0;0;1
16/01/2011;10:38:00;225;sem vítima;210,8;BR-116/RJ;Pista Sul;Não Def;1;2;0;0;0;0;1
16/01/2011;00:46:00;21;sem vítima;266,35;BR-116/RJ;Pista Norte;Colisão traseira;1;2;0;0;0;0;1
16/01/2011;14:18:00;341;sem vítima;299,2;BR-116/RJ;Pista Sul;Tombamento;1;1;0;0;0;0;1
16/01/2011;15:02:00;371;com vítima;311,2;BR-116/RJ;Pista Norte;Atropelamento de pedestre atravessando;1;1;0;1;0;0;2
17/01/2011;00:03:00;2;sem vítima;86;BR-116/SP;Pista Norte;Colisão traseira;2;3;0;0;0;0;1
17/01/2011;15:16:00;459;sem vítima;143,2;BR-116/SP;Pista Sul;Colisão traseira;1;2;0;0;0;0;1
17/01/2011;18:36:00;596;sem vítima;143,2;BR-116/SP;Pista Sul;Colisão traseira;1;2;0;0;0;0;1
17/01/2011;12:06:00;352;sem vítima;168,7;BR-116/RJ;Pista Sul;Colisão traseira;1;2;0;0;0;0;1
17/01/2011;02:22:00;52;sem vítima;211,8;BR-116/SP;Pista Norte;Choque em objeto na pista;1;1;0;0;0;0;1
17/01/2011;06:51:00;135;sem vítima;220;BR-116/SP;Pista Norte;Colisão traseira;2;2;0;0;0;0;1
17/01/2011;05:53:00;103;sem vítima;224,9;BR-116/RJ;Pista Norte;Abalroamento longitudinal;2;2;0;0;0;0;1
17/01/2011;05:35:00;96;com vítima;227;BR-116/SP;Pista Norte;Colisão traseira;1;6;2;0;0;0;1
17/01/2011;05:29:00;94;sem vítima;251,7;BR-116/RJ;Pista Norte;Colisão traseira;2;2;0;0;0;0;1
18/01/2011;11:28:00;330;sem vítima;10,2;BR-116/SP;Pista Sul;Choque em defensa;1;1;0;0;0;0;1
18/01/2011;05:50:00;84;com vítima;117,2;BR-116/SP;Pista Sul;Choque em defensa;1;0;1;0;0;0;1
18/01/2011;12:11:00;362;sem vítima;144;BR-116/SP;Pista Sul;Outros;1;3;0;0;0;0;1
18/01/2011;00:37:00;5;sem vítima;163,5;BR-116/RJ;Pista Sul;Abalroamento longitudinal;1;2;0;0;0;0;1
18/01/2011;10:39:00;297;sem vítima;180,2;BR-116/SP;Pista Sul;Choque em objeto fixo;1;1;0;0;0;0;1
18/01/2011;07:16:00;130;sem vítima;182;BR-116/SP;Pista Norte;Colisão traseira;2;5;0;0;0;0;1
18/01/2011;07:01:00;120;sem vítima;202,3;BR-116/SP;Pista Norte;Colisão traseira;2;4;0;0;0;0;1
18/01/2011;10:07:00;277;sem vítima;222,6;BR-116/RJ;Pista Norte;Tombamento;1;1;0;0;0;0;1
18/01/2011;12:37:00;381;com vítima;223,4;BR-116/SP;Pista Norte;Engavetamento;3;2;1;0;0;0;1
18/01/2011;00:58:00;12;sem vítima;223,7;BR-116/RJ;Pista Norte;Choque em objeto fixo;1;1;0;0;0;0;1
18/01/2011;15:35:00;506;sem vítima;227;BR-116/RJ;Pista Norte;Não Def;1;1;0;0;0;0;1
18/01/2011;09:56:00;268;sem vítima;227,8;BR-116/RJ;Pista Norte;Outros;1;1;0;0;0;0;1
18/01/2011;09:33:00;250;sem vítima;273,95;BR-116/RJ;Pista Norte;Abalroamento longitudinal;1;2;0;0;0;0;1
18/01/2011;12:44:00;387;sem vítima;287;BR-116/RJ;Pista Sul;Não Def;1;1;0;0;0;0;1
19/01/2011;16:13:00;563;com vítima;6,1;BR-116/SP;Pista Sul;Colisão traseira;1;1;2;0;0;0;1
19/01/2011;00:06:00;6;sem vítima;100,8;BR-116/SP;Pista Norte;Choque em veículo parado na pista;1;2;0;0;0;0;1
19/01/2011;17:22:00;630;sem vítima;163,1;BR-116/RJ;Pista Sul;Abalroamento longitudinal;1;4;0;0;0;0;1
19/01/2011;05:53:00;100;sem vítima;178,7;BR-116/SP;Pista Sul;Tombamento;1;1;0;0;0;0;1
19/01/2011;23:28:00;874;com vítima;198;BR-116/SP;Pista Sul;Colisão traseira;2;2;0;1;1;0;2
19/01/2011;16:34:00;582;sem vítima;222,6;BR-116/RJ;Pista Norte;Outros;1;1;0;0;0;0;1
19/01/2011;16:10:00;561;sem vítima;225;BR-116/SP;Pista Norte;Não Def;1;1;0;0;0;0;1
19/01/2011;16:54:00;601;sem vítima;229;BR-116/RJ;Pista Norte;Não Def;1;1;0;0;0;0;1
19/01/2011;07:28:00;175;sem vítima;239,5;BR-116/RJ;Pista Norte;Outros;1;1;0;0;0;0;1
19/01/2011;23:20:00;865;sem vítima;257,5;BR-116/RJ;Pista Norte;Colisão traseira;2;2;0;0;0;0;1
19/01/2011;02:20:00;51;sem vítima;327;BR-116/RJ;Pista Sul;Atropelamento de animal;1;1;0;0;0;0;1
20/01/2011;02:28:00;54;com vítima;44,37;BR-116/SP;Pista Sul;Atropelamento de pedestre caminhando;1;1;0;0;0;1;3
20/01/2011;22:09:00;808;sem vítima;72,5;BR-116/SP;Pista Norte;Abalroamento longitudinal;1;3;0;0;0;0;1
20/01/2011;13:18:00;437;com vítima;142,7;BR-116/SP;Pista Norte;Choque em barreira New Jersey;1;1;1;0;0;0;1
20/01/2011;02:10:00;50;sem vítima;143;BR-116/SP;Pista Sul;Abalroamento longitudinal;1;2;0;0;0;0;1
20/01/2011;06:54:00;136;sem vítima;145,1;BR-116/SP;Pista Norte;Colisão traseira;1;3;0;0;0;0;1
20/01/2011;12:26:00;411;sem vítima;145,5;BR-116/SP;Pista Sul;Colisão traseira;1;5;0;0;0;0;1
20/01/2011;10:16:00;321;com vítima;216,5;BR-116/SP;Pista Sul;Engavetamento;1;3;1;0;0;0;1
20/01/2011;12:36:00;414;sem vítima;218;BR-116/SP;Pista Norte;Colisão traseira;1;3;0;0;0;0;1
20/01/2011;17:10:00;601;sem vítima;219;BR-116/SP;Pista Sul;Não Def;1;2;0;0;0;0;1
20/01/2011;18:15:00;647;sem vítima;219;BR-116/SP;Pista Sul;Abalroamento longitudinal;1;4;0;0;0;0;1
20/01/2011;15:55:00;541;sem vítima;220;BR-116/RJ;Pista Norte;Choque Talude;1;1;0;0;0;0;1
20/01/2011;03:03:00;68;sem vítima;221;BR-116/RJ;Pista Norte;Choque em barreira New Jersey;1;1;0;0;0;0;1
20/01/2011;07:54:00;200;sem vítima;290;BR-116/RJ;Pista Norte;Abalroamento longitudinal;1;2;0;0;0;0;1
20/01/2011;22:32:00;820;sem vítima;318,9;BR-116/RJ;Pista Norte;Colisão traseira;1;2;0;0;0;0;1
20/01/2011;09:16:00;270;sem vítima;319;BR-116/RJ;Pista Norte;Colisão traseira;1;3;0;0;0;0;1
21/01/2011;10:29:00;296;sem vítima;6,2;BR-116/SP;Pista Norte;Não Def;2;2;0;0;0;0;1
21/01/2011;01:20:00;22;sem vítima;64,28;BR-116/SP;Pista Sul;Abalroamento longitudinal;4;4;0;0;0;0;1
21/01/2011;15:21:00;495;sem vítima;110;BR-116/SP;Pista Norte;Abalroamento longitudinal;1;2;0;0;0;0;1
21/01/2011;14:43:00;461;sem vítima;112,3;BR-116/SP;Pista Sul;Abalroamento transversal;1;3;0;0;0;0;1
21/01/2011;10:24:00;293;sem vítima;115,9;BR-116/SP;Pista Norte;Não Def;1;1;0;0;0;0;1
21/01/2011;00:03:00;3;com vítima;140;BR-116/SP;Pista Sul;Colisão traseira;1;1;1;0;0;0;1
21/01/2011;00:02:00;2;sem vítima;142;BR-116/SP;Pista Sul;Não Def;1;2;0;0;0;0;1
21/01/2011;17:45:00;586;sem vítima;160,9;BR-116/SP;Pista Norte;Outros;1;1;0;0;0;0;1
21/01/2011;07:51:00;162;sem vítima;164;BR-116/SP;Pista Norte;Abalroamento longitudinal;1;2;0;0;0;0;1
21/01/2011;10:53:00;310;sem vítima;172,8;BR-116/RJ;Pista Sul;Abalroamento longitudinal;1;4;0;0;0;0;1
21/01/2011;15:24:00;497;sem vítima;172,8;BR-116/RJ;Pista Norte;Engavetamento;2;6;0;0;0;0;1
21/01/2011;17:47:00;587;sem vítima;204;BR-116/SP;Pista Norte;Colisão traseira;2;3;0;0;0;0;1
21/01/2011;13:12:00;407;com vítima;220;BR-116/SP;Pista Norte;Colisão traseira;1;1;1;0;0;0;1
21/01/2011;08:42:00;210;sem vítima;222;BR-116/SP;Pista Norte;Engavetamento;1;3;0;0;0;0;1
21/01/2011;11:24:00;331;com vítima;293,2;BR-116/RJ;Pista Norte;Colisão traseira;1;1;1;0;0;0;1
21/01/2011;18:58:00;656;sem vítima;298,85;BR-116/RJ;Pista Sul;Colisão traseira;2;3;0;0;0;0;1
22/01/2011;14:43:00;405;sem vítima;65,4;BR-116/SP;Pista Sul;Colisão traseira;1;3;0;0;0;0;1
22/01/2011;10:15:00;259;sem vítima;169,2;BR-116/RJ;Pista Sul;Abalroamento longitudinal;1;4;0;0;0;0;1
22/01/2011;16:15:00;459;com vítima;202;BR-116/SP;Pista Norte;Choque em barreira New Jersey;1;8;4;0;0;0;1
22/01/2011;10:43:00;273;sem vítima;280,4;BR-116/RJ;Pista Norte;Abalroamento longitudinal;1;1;0;0;0;0;1
22/01/2011;20:26:00;628;sem vítima;290,15;BR-116/RJ;Pista Norte;Tombamento;1;1;0;0;0;0;1
23/01/2011;00:25:00;8;com vítima;109,4;BR-116/SP;Pista Sul;Choque em veículo parado na pista;1;1;0;1;0;0;2
23/01/2011;19:15:00;588;com vítima;116,95;BR-116/SP;Pista Norte;Engavetamento;1;69;2;0;0;0;1
23/01/2011;15:02:00;395;sem vítima;165;BR-116/SP;Pista Norte;Colisão traseira;1;3;0;0;0;0;1
23/01/2011;09:16:00;200;sem vítima;182;BR-116/SP;Pista Norte;Choque em objeto fixo;1;1;0;0;0;0;1
23/01/2011;12:54:00;323;sem vítima;274,8;BR-116/RJ;Pista Norte;Colisão traseira;1;2;0;0;0;0;1