data;horario;n_da_ocorrencia;tipo_de_ocorrencia;km;trecho;sentido;tipo_de_acidente;caminhao;ilesos;levemente_feridos;moderadamente_feridos;gravemente_feridos;mortos;3
23/01/2011;03:49:00;63;com vítima;281,35;BR-116/RJ;Pista Norte;Colisão traseira;1;1;1;0;0;0;1
24/01/2011;08:26:00;228;sem vítima;16,6;BR-116/SP;Pista Norte;Choque em barreira New Jersey;1;1;0;0;0;0;1
24/01/2011;12:09:00;378;sem vítima;21,3;BR-116/SP;Pista Sul;Tombamento;1;1;0;0;0;0;1
24/01/2011;21:43:00;716;sem vítima;161;BR-116/SP;Pista Norte;Colisão traseira;2;2;0;0;0;0;1
24/01/2011;07:40:00;188;sem vítima;165,3;BR-116/RJ;Pista Norte;Colisão traseira;1;2;0;0;0;0;1
24/01/2011;07:35:00;184;com vítima;198,65;BR-116/SP;Pista Sul;Abalroamento longitudinal;1;1;2;0;0;0;1
24/01/2011;10:15:00;313;sem vítima;207;BR-116/RJ;Pista Norte;Choque em objeto fixo;1;1;0;0;0;0;1
24/01/2011;20:09:00;660;com vítima;210,65;BR-116/RJ;Pista Sul;Choque em veículo parado na pista;2;3;0;0;0;1;3
24/01/2011;21:37:00;715;com vítima;222;BR-116/SP;Pista Norte;Abalroamento longitudinal;1;4;2;0;0;0;1
24/01/2011;17:15:00;552;com vítima;256,46;BR-116/RJ;Pista Sul;Choque em veículo parado na pista;1;1;0;0;0;1;3
24/01/2011;20:31:00;670;sem vítima;304,6;BR-116/RJ;Pista Sul;Abalroamento longitudinal;1;2;0;0;0;0;1
25/01/2011;01:43:00;33;sem vítima;52,3;BR-116/SP;Pista Sul;Colisão traseira;1;5;0;0;0;0;1
25/01/2011;18:22:00;632;sem vítima;138,4;BR-116/SP;Pista Sul;Abalroamento longitudinal;1;3;0;0;0;0;1
25/01/2011;22:59:00;840;com vítima;168,6;BR-116/SP;Pista Sul;Engavetamento;1;2;2;0;0;0;1
25/01/2011;01:04:00;21;com vítima;192,8;BR-116/SP;Pista Norte;Colisão traseira;2;1;1;1;0;0;2
25/01/2011;12:33:00;371;sem vítima;218;BR-116/SP;Pista Norte;Abalroamento longitudinal;1;2;0;0;0;0;1
25/01/2011;09:01:00;250;sem vítima;219;BR-116/SP;Pista Norte;Colisão traseira;2;2;0;0;0;0;1
25/01/2011;09:10:00;256;sem vítima;222;BR-116/SP;Pista Norte;Colisão traseira;1;2;0;0;0;0;1
25/01/2011;11:03:00;320;sem vítima;224,4;BR-116/RJ;Pista Norte;Choque Talude;1;1;0;0;0;0;1
25/01/2011;13:25:00;406;sem vítima;226;BR-116/SP;Pista Norte;Abalroamento longitudinal;2;4;0;0;0;0;1
25/01/2011;18:15:00;625;sem vítima;277,4;BR-116/RJ;Pista Norte;Colisão traseira;1;2;0;0;0;0;1
25/01/2011;17:54:00;609;sem vítima;300,9;BR-116/RJ;Pista Sul;Não Def;1;2;0;0;0;0;1
25/01/2011;15:00:00;462;sem vítima;302;BR-116/RJ;Pista Sul;Não Def;1;1;0;0;0;0;1
26/01/2011;18:26:00;637;sem vítima;34;BR-116/SP;Pista Norte;Abalroamento longitudinal;1;2;0;0;0;0;1
26/01/2011;17:55:00;612;sem vítima;34,35;BR-116/SP;Pista Norte;Não Def;1;1;0;0;0;0;1
26/01/2011;07:00:00;137;com vítima;137;BR-116/SP;Pista Norte;Atropelamento de pedestre atravessando;1;1;0;1;0;0;2
26/01/2011;11:57:00;362;sem vítima;148,8;BR-116/SP;Pista Sul;Choque em barreira New Jersey;1;1;0;0;0;0;1
26/01/2011;01:06:00;29;sem vítima;149;BR-116/SP;Pista Sul;Abalroamento longitudinal;1;43;0;0;0;0;1
26/01/2011;18:24:00;633;sem vítima;152,3;BR-116/SP;Pista Sul;Choque em objeto na pista;1;2;0;0;0;0;1
26/01/2011;17:08:00;568;sem vítima;154;BR-116/SP;Pista Norte;Abalroamento longitudinal;1;2;0;0;0;0;1
26/01/2011;18:22:00;630;sem vítima;157,8;BR-116/SP;Pista Norte;Colisão traseira;2;2;0;0;0;0;1
26/01/2011;14:43:00;475;sem vítima;165;BR-116/SP;Pista Sul;Colisão traseira;1;3;0;0;0;0;1
26/01/2011;16:07:00;529;com vítima;171,9;BR-116/SP;Pista Sul;Abalroamento longitudinal;1;2;1;0;0;0;1
26/01/2011;11:03:00;334;sem vítima;172,2;BR-116/RJ;Pista Sul;Engavetamento;3;6;0;0;0;0;1
26/01/2011;19:00:00;668;sem vítima;172,7;BR-116/RJ;Pista Sul;Colisão traseira;1;2;0;0;0;0;1
26/01/2011;08:44:00;238;sem vítima;179;BR-116/RJ;Pista Norte;Engavetamento;2;5;0;0;0;0;1
26/01/2011;00:39:00;20;sem vítima;205,6;BR-116/SP;Pista Norte;Choque em veículo parado na pista;2;2;0;0;0;0;1
26/01/2011;17:32:00;588;sem vítima;224,5;BR-116/SP;Pista Norte;Engavetamento;1;5;0;0;0;0;1
26/01/2011;12:28:00;386;sem vítima;227;BR-116/SP;Pista Norte;Não Def;1;1;0;0;0;0;1
26/01/2011;12:14:00;374;sem vítima;228,3;BR-116/RJ;Pista Sul;Abalroamento longitudinal;1;2;0;0;0;0;1
26/01/2011;02:06:00;53;sem vítima;246,1;BR-116/RJ;Pista Norte;Outros;2;2;0;0;0;0;1
26/01/2011;12:35:00;393;sem vítima;303,85;BR-116/RJ;Pista Sul;Engavetamento;1;8;0;0;0;0;1
26/01/2011;05:05:00;83;sem vítima;318,9;BR-116/RJ;Pista Norte;Colisão traseira;2;3;0;0;0;0;1
27/01/2011;07:13:00;137;sem vítima;84,4;BR-116/SP;Pista Sul;Colisão traseira;2;2;0;0;0;0;1
27/01/2011;12:48:00;394;sem vítima;145;BR-116/SP;Pista Sul;Não Def;1;1;0;0;0;0;1
27/01/2011;07:29:00;149;sem vítima;157;BR-116/SP;Pista Norte;Abalroamento longitudinal;1;3;0;0;0;0;1
27/01/2011;19:23:00;658;sem vítima;173,4;BR-116/RJ;Pista Norte;Abalroamento longitudinal;1;2;0;0;0;0;1
27/01/2011;07:16:00;138;sem vítima;182;BR-116/SP;Pista Norte;Colisão traseira;1;2;0;0;0;0;1
27/01/2011;14:51:00;474;com vítima;186;BR-116/SP;Pista Norte;Choque em veículo parado na pista;2;1;1;0;0;1;3
27/01/2011;13:16:00;408;sem vítima;201;BR-116/RJ;Pista Norte;Choque em objeto na pista;1;2;0;0;0;0;1
27/01/2011;03:58:00;68;sem vítima;203,5;BR-116/RJ;Pista Sul;Colisão traseira;1;2;0;0;0;0;1
27/01/2011;06:44:00;115;sem vítima;207;BR-116/RJ;Pista Norte;Colisão traseira;1;2;0;0;0;0;1
27/01/2011;18:07:00;598;sem vítima;207;BR-116/RJ;Pista Sul;Choque em objeto fixo;1;2;0;0;0;0;1
27/01/2011;14:21:00;450;sem vítima;210;BR-116/SP;Pista Norte;Outros;1;2;0;0;0;0;1
27/01/2011;11:36:00;355;sem vítima;228;BR-116/SP;Pista Sul;Abalroamento longitudinal;1;5;0;0;0;0;1
27/01/2011;17:01:00;557;sem vítima;251,2;BR-116/RJ;Pista Sul;Abalroamento longitudinal;1;2;0;0;0;0;1
27/01/2011;04:55:00;81;com vítima;254,05;BR-116/RJ;Pista Norte;Queda de ribanceira;1;1;1;0;0;0;1
27/01/2011;08:31:00;215;com vítima;263;BR-116/RJ;Pista Norte;Abalroamento longitudinal;2;1;0;1;0;0;2
27/01/2011;16:41:00;541;sem vítima;300,45;BR-116/RJ;Pista Sul;Colisão traseira;2;3;0;0;0;0;1
27/01/2011;19:23:00;659;sem vítima;309,15;BR-116/RJ;Pista Sul;Colisão traseira;1;2;0;0;0;0;1
28/01/2011;10:51:00;341;sem vítima;38;BR-116/SP;Pista Norte;Choque em objeto fixo;1;1;0;0;0;0;1
28/01/2011;10:09:00;309;sem vítima;137,1;BR-116/SP;Pista Sul;Abalroamento transversal;1;3;0;0;0;0;1
28/01/2011;20:15:00;743;com vítima;139,1;BR-116/SP;Pista Sul;Atropelamento de pedestre atravessando;1;1;1;0;0;0;1
28/01/2011;22:48:00;838;com vítima;157,5;BR-116/SP;Pista Sul;Atropelamento de pedestre atravessando;1;5;0;0;0;1;3
28/01/2011;18:19:00;665;sem vítima;159;BR-116/SP;Pista Norte;Engavetamento;3;3;0;0;0;0;1
28/01/2011;22:48:00;839;sem vítima;167,5;BR-116/RJ;Pista Norte;Choque em veículo parado na pista;1;2;0;0;0;0;1
28/01/2011;12:40:00;410;sem vítima;172,8;BR-116/RJ;Pista Sul;Abalroamento longitudinal;1;2;0;0;0;0;1
28/01/2011;01:03:00;22;sem vítima;215;BR-116/SP;Pista Sul;Tombamento;1;1;0;0;0;0;1
28/01/2011;10:56:00;343;sem vítima;226,8;BR-116/RJ;Pista Sul;Abalroamento longitudinal;1;2;0;0;0;0;1
28/01/2011;11:16:00;362;sem vítima;270;BR-116/RJ;Pista Sul;Colisão traseira;2;2;0;0;0;0;1
28/01/2011;04:40:00;78;sem vítima;297,4;BR-116/RJ;Pista Norte;Colisão traseira;1;2;0;0;0;0;1
28/01/2011;08:30:00;226;sem vítima;323;BR-116/RJ;Pista Norte;Abalroamento longitudinal;1;2;0;0;0;0;1
29/01/2011;13:18:00;387;sem vítima;107,55;BR-116/SP;Pista Sul;Colisão traseira;1;2;0;0;0;0;1
29/01/2011;07:17:00;173;com vítima;165;BR-116/RJ;Pista Norte;Abalroamento longitudinal;1;38;1;0;0;0;1
29/01/2011;22:34:00;753;sem vítima;177,85;BR-116/RJ;Pista Sul;Colisão traseira;1;2;0;0;0;0;1
29/01/2011;14:18:00;427;sem vítima;204;BR-116/SP;Pista Sul;Choque em objeto fixo;1;2;0;0;0;0;1
29/01/2011;19:26:00;624;sem vítima;209,2;BR-116/SP;Pista Norte;Choque em objeto na pista;1;4;0;0;0;0;1
29/01/2011;11:57:00;344;com vítima;213;BR-116/SP;Pista Sul;Colisão traseira;1;2;2;0;0;0;1
29/01/2011;05:39:00;117;com vítima;221;BR-116/SP;Pista Norte;Colisão traseira;1;1;1;0;0;0;1
29/01/2011;13:57:00;410;com vítima;222,1;BR-116/RJ;Pista Sul;Choque Talude;1;0;0;1;0;0;2
29/01/2011;07:15:00;171;sem vítima;228,4;BR-116/SP;Pista Sul;Colisão traseira;1;2;0;0;0;0;1
29/01/2011;00:47:00;24;sem vítima;277,1;BR-116/RJ;Pista Sul;Choque em barreira New Jersey;1;1;0;0;0;0;1
30/01/2011;16:29:00;439;sem vítima;88;BR-116/SP;Pista Norte;Colisão traseira;1;2;0;0;0;0;1
30/01/2011;18:32:00;526;com vítima;182,2;BR-116/RJ;Pista Norte;Engavetamento;1;2;1;0;0;0;1
30/01/2011;17:09:00;468;com vítima;219;BR-116/SP;Pista Sul;Capotamento;1;3;1;0;0;0;1
31/01/2011;03:34:00;56;com vítima;7,1;BR-116/SP;Pista Norte;Tombamento;2;1;0;2;0;0;2
31/01/2011;18:31:00;592;sem vítima;32,35;BR-116/SP;Pista Sul;Choque em defensa;1;1;0;0;0;0;1
31/01/2011;17:57:00;570;sem vítima;33;BR-116/SP;Pista Sul;Não Def;1;1;0;0;0;0;1
31/01/2011;21:39:00;696;sem vítima;34;BR-116/SP;Pista Sul;Não Def;1;1;0;0;0;0;1
31/01/2011;18:06:00;578;sem vítima;40;BR-116/SP;Pista Norte;Choque em objeto na pista;1;2;0;0;0;0;1
31/01/2011;18:47:00;601;com vítima;110,35;BR-116/SP;Pista Norte;Queda de moto;1;1;0;1;0;0;2
31/01/2011;09:32:00;262;sem vítima;112,4;BR-116/SP;Pista Norte;Abalroamento longitudinal;1;2;0;0;0;0;1
31/01/2011;16:58:00;529;sem vítima;144,1;BR-116/SP;Pista Sul;Colisão traseira;1;2;0;0;0;0;1
31/01/2011;12:23:00;357;sem vítima;146;BR-116/SP;Pista Norte;Colisão traseira;1;3;0;0;0;0;1
31/01/2011;05:23:00;76;com vítima;155,8;BR-116/SP;Pista Sul;Colisão traseira;1;1;0;1;0;0;2
31/01/2011;16:06:00;494;sem vítima;172,8;BR-116/RJ;Pista Sul;Colisão traseira;1;3;0;0;0;0;1
31/01/2011;15:30:00;464;sem vítima;210,22;BR-116/SP;Pista Norte;Abalroamento longitudinal;2;2;0;0;0;0;1
31/01/2011;14:59:00;444;sem vítima;212,5;BR-116/SP;Pista Sul;Abalroamento longitudinal;1;3;0;0;0;0;1
31/01/2011;08:42:00;219;sem vítima;217;BR-116/SP;Pista Sul;Colisão traseira;1;3;0;0;0;0;1
31/01/2011;17:07:00;535;com vítima;222,7;BR-116/SP;Pista Norte;Abalroamento longitudinal;1;3;1;0;0;0;1
31/01/2011;23:33:00;737;sem vítima;226,5;BR-116/RJ;Pista Norte;Outros;1;1;0;0;0;0;1
31/01/2011;20:23:00;664;sem vítima;310,9;BR-116/RJ;Pista Sul;Abalroamento longitudinal;1;2;0;0;0;0;1
31/01/2011;09:24:00;254;com vítima;321,3;BR-116/RJ;Pista Sul;Abalroamento longitudinal;1;2;1;0;0;0;1
31/01/2011;21:32:00;693;com vítima;328,4;BR-116/RJ;Pista Sul;Choque em objeto fixo;1;0;2;0;0;0;1
01/02/2011;07:01:00;101;sem vítima;47;BR-116/SP;Pista Norte;Colisão traseira;1;2;0;0;0;0;1
01/02/2011;17:48:00;578;sem vítima;144;BR-116/SP;Pista Sul;Engavetamento;2;15;0;0;0;0;1
01/02/2011;23:17:00;783;sem vítima;147,5;BR-116/SP;Pista Norte;Colisão traseira;1;2;0;0;0;0;1
01/02/2011;13:47:00;407;sem vítima;165;BR-116/SP;Pista Sul;Colisão traseira;1;2;0;0;0;0;1
01/02/2011;07:35:00;135;sem vítima;208;BR-116/RJ;Pista Norte;Colisão traseira;2;2;0;0;0;0;1
01/02/2011;08:19:00;175;sem vítima;219;BR-116/SP;Pista Norte;Abalroamento longitudinal;1;3;0;0;0;0;1
01/02/2011;18:14:00;595;sem vítima;317,55;BR-116/RJ;Pista Norte;Choque em defensa;1;1;0;0;0;0;1
01/02/2011;06:30:00;85;sem vítima;328;BR-116/RJ;Pista Sul;Choque em barreira New Jersey;1;1;0;0;0;0;1
02/02/2011;09:01:00;247;sem vítima;155,2;BR-116/SP;Pista Norte;Colisão traseira;1;2;0;0;0;0;1
02/02/2011;06:07:00;93;com vítima;166,2;BR-116/SP;Pista Sul;Atropelamento de pedestre atravessando;1;3;1;0;0;1;3
02/02/2011;22:18:00;764;sem vítima;168;BR-116/SP;Pista Norte;Outros;1;2;0;0;0;0;1
02/02/2011;14:54:00;474;sem vítima;189,7;BR-116/RJ;Pista Sul;Abalroamento longitudinal;1;5;0;0;0;0;1
02/02/2011;11:21:00;355;sem vítima;204;BR-116/SP;Pista Sul;Outros;1;1;0;0;0;0;1
02/02/2011;18:32:00;617;sem vítima;219;BR-116/SP;Pista Norte;Engavetamento;1;5;0;0;0;0;1
02/02/2011;06:58:00;123;sem vítima;221;BR-116/SP;Pista Norte;Outros;1;1;0;0;0;0;1
02/02/2011;14:54:00;475;com vítima;224;BR-116/SP;Pista Norte;Abalroamento longitudinal;1;1;1;0;0;0;1
02/02/2011;16:13:00;519;com vítima;225;BR-116/SP;Pista Norte;Abalroamento longitudinal;1;1;2;0;0;0;1
02/02/2011;00:05:00;3;com vítima;227,8;BR-116/SP;Pista Sul;Colisão traseira;1;4;0;0;1;0;2
02/02/2011;12:44:00;399;sem vítima;293;BR-116/RJ;Pista Sul;Abalroamento longitudinal;1;2;0;0;0;0;1
02/02/2011;10:38:00;333;com vítima;293,25;BR-116/RJ;Pista Sul;Tombamento;1;2;0;0;1;0;2
02/02/2011;02:54:00;48;com vítima;311,8;BR-116/RJ;Pista Sul;Atropelamento de pedestre atravessando;1;1;0;1;0;0;2
03/02/2011;03:41:00;78;sem vítima;36,4;BR-116/SP;Pista Sul;Colisão traseira;2;2;0;0;0;0;1
03/02/2011;08:52:00;230;sem vítima;165;BR-116/SP;Pista Sul;Choque em barreira New Jersey;1;2;0;0;0;0;1
03/02/2011;02:58:00;63;sem vítima;166,7;BR-116/RJ;Pista Norte;Atropelamento de animal;1;1;0;0;0;0;1
03/02/2011;16:22:00;561;sem vítima;219;BR-116/SP;Pista Norte;Colisão traseira;1;2;0;0;0;0;1
03/02/2011;08:02:00;184;sem vítima;220;BR-116/SP;Pista Norte;Colisão traseira;2;2;0;0;0;0;1
03/02/2011;12:49:00;413;sem vítima;223;BR-116/SP;Pista Sul;Colisão traseira;1;2;0;0;0;0;1
03/02/2011;07:19:00;146;com vítima;225;BR-116/SP;Pista Norte;Colisão frontal;1;3;0;1;0;2;3
03/02/2011;16:47:00;583;sem vítima;228;BR-116/SP;Pista Norte;Abalroamento longitudinal;1;3;0;0;0;0;1
04/02/2011;03:44:00;77;sem vítima;63,7;BR-116/SP;Pista Sul;Colisão traseira;1;2;0;0;0;0;1
04/02/2011;05:18:00;96;sem vítima;155;BR-116/SP;Pista Sul;Colisão traseira;1;2;0;0;0;0;1
04/02/2011;09:50:00;317;sem vítima;165;BR-116/SP;Pista Norte;Colisão traseira;1;3;0;0;0;0;1
04/02/2011;17:32:00;611;sem vítima;165;BR-116/SP;Pista Sul;Colisão traseira;1;5;0;0;0;0;1
04/02/2011;19:35:00;716;sem vítima;165;BR-116/SP;Pista Norte;Colisão traseira;1;13;0;0;0;0;1
04/02/2011;07:15:00;154;com vítima;170;BR-116/RJ;Pista Sul;Colisão traseira;1;2;1;0;0;0;1
04/02/2011;11:22:00;380;com vítima;171,6;BR-116/RJ;Pista Sul;Engavetamento;1;10;4;0;0;0;1
04/02/2011;19:28:00;710;sem vítima;175,45;BR-116/RJ;Pista Sul;Abalroamento longitudinal;1;2;0;0;0;0;1
04/02/2011;05:09:00;91;com vítima;175,8;BR-116/RJ;Pista Sul;Choque em barreira New Jersey;2;1;2;0;0;0;1
04/02/2011;00:00:00;1;sem vítima;180;BR-116/SP;Pista Sul;Colisão traseira;2;2;0;0;0;0;1
04/02/2011;22:16:00;836;com vítima;207,9;BR-116/SP;Pista Norte;Choque em veículo parado na pista;1;1;1;1;0;0;2
04/02/2011;10:48:00;361;com vítima;209;BR-116/SP;Pista Norte;Queda de moto;1;1;1;0;0;0;1
04/02/2011;09:38:00;304;sem vítima;211,5;BR-116/SP;Pista Norte;Engavetamento;2;4;0;0;0;0;1
04/02/2011;23:48:00;884;sem vítima;227,5;BR-116/SP;Pista Norte;Colisão traseira;2;2;0;0;0;0;1
04/02/2011;18:54:00;683;sem vítima;227,8;BR-116/SP;Pista Norte;Abalroamento longitudinal;1;4;0;0;0;0;1
04/02/2011;17:29:00;609;sem vítima;230;BR-116/SP;Pista Sul;Abalroamento longitudinal;1;4;0;0;0;0;1
04/02/2011;12:27:00;422;sem vítima;255;BR-116/RJ;Pista Sul;Colisão traseira;1;2;0;0;0;0;1
04/02/2011;08:02:00;206;sem vítima;301;BR-116/RJ;Pista Sul;Choque em barreira New Jersey;1;1;0;0;0;0;1
05/02/2011;00:40:00;10;sem vítima;86,95;BR-116/SP;Pista Sul;Colisão traseira;1;2;0;0;0;0;1
05/02/2011;03:54:00;62;com vítima;108,6;BR-116/SP;Pista Norte;Colisão traseira;1;1;1;0;0;0;1
05/02/2011;00:41:00;11;sem vítima;182;BR-116/SP;Pista Norte;Colisão traseira;1;2;0;0;0;0;1
05/02/2011;18:37:00;575;sem vítima;182;BR-116/SP;Pista Norte;Colisão traseira;2;2;0;0;0;0;1
05/02/2011;11:44:00;348;sem vítima;196;BR-116/RJ;Pista Norte;Tombamento;1;1;0;0;0;0;1
05/02/2011;08:08:00;169;sem vítima;209,05;BR-116/SP;Pista Sul;Abalroamento longitudinal;1;2;0;0;0;0;1
05/02/2011;11:25:00;338;sem vítima;227;BR-116/SP;Pista Norte;Colisão traseira;1;4;0;0;0;0;1
05/02/2011;03:30:00;57;sem vítima;232,4;BR-116/RJ;Pista Norte;Abalroamento longitudinal;1;2;0;0;0;0;1
05/02/2011;23:49:00;736;com vítima;279,36;BR-116/RJ;Pista Sul;Choque em barreira New Jersey;1;0;1;0;0;0;1
06/02/2011;00:14:00;5;sem vítima;18;BR-116/SP;Pista Sul;Colisão traseira;1;2;0;0;0;0;1
06/02/2011;09:01:00;167;com vítima;76,1;BR-116/SP;Pista Norte;Abalroamento longitudinal;1;2;0;4;0;0;2
06/02/2011;03:51:00;54;com vítima;212,35;BR-116/SP;Pista Norte;Choque em veículo parado na pista;1;1;0;0;0;1;3
06/02/2011;05:07:00;68;sem vítima;213,2;BR-116/SP;Pista Norte;Abalroamento longitudinal;1;3;0;0;0;0;1
06/02/2011;18:19:00;489;sem vítima;222;BR-116/SP;Pista Norte;Abalroamento longitudinal;1;3;0;0;0;0;1
07/02/2011;14:30:00;403;sem vítima;37,5;BR-116/SP;Pista Sul;Abalroamento longitudinal;1;13;0;0;0;0;1
07/02/2011;13:25:00;367;sem vítima;52,5;BR-116/SP;Pista Norte;Colisão traseira;2;2;0;0;0;0;1
07/02/2011;16:49:00;493;sem vítima;167,25;BR-116/RJ;Pista Sul;Colisão traseira;1;4;0;0;0;0;1
07/02/2011;07:58:00;171;sem vítima;179,6;BR-116/RJ;Pista Norte;Colisão traseira;1;17;0;0;0;0;1
07/02/2011;08:43:00;208;sem vítima;192,6;BR-116/SP;Pista Sul;Colisão traseira;1;2;0;0;0;0;1
07/02/2011;18:38:00;570;sem vítima;219;BR-116/SP;Pista Norte;Choque em veículo parado na pista;1;2;0;0;0;0;1
07/02/2011;18:21:00;555;com vítima;223;BR-116/SP;Pista Norte;Engavetamento;1;4;1;0;0;0;1
07/02/2011;16:55:00;497;com vítima;231;BR-116/SP;Pista Sul;Capotamento;1;2;1;0;0;0;1
08/02/2011;16:48:00;557;sem vítima;34;BR-116/SP;Pista Norte;Tombamento;1;1;0;0;0;0;1
08/02/2011;02:12:00;40;sem vítima;37,9;BR-116/SP;Pista Norte;Choque em defensa;1;3;0;0;0;0;1
08/02/2011;08:41:00;236;sem vítima;63,4;BR-116/SP;Pista Sul;Engavetamento;1;4;0;0;0;0;1
08/02/2011;17:27:00;590;com vítima;134;BR-116/SP;Pista Norte;Choque em objeto na pista;1;0;1;0;0;0;1
08/02/2011;19:05:00;652;sem vítima;163;BR-116/RJ;Pista Sul;Abalroamento longitudinal;2;4;0;0;0;0;1
08/02/2011;14:17:00;454;com vítima;172;BR-116/RJ;Pista Norte;Abalroamento longitudinal;1;4;2;0;0;0;1
08/02/2011;12:40:00;399;sem vítima;212;BR-116/SP;Pista Sul;Choque em objeto na pista;1;1;0;0;0;0;1
08/02/2011;22:06:00;765;sem vítima;218,4;BR-116/RJ;Pista Sul;Engavetamento;3;4;0;0;0;0;1
08/02/2011;16:51:00;560;sem vítima;219;BR-116/SP;Pista Sul;Colisão traseira;1;2;0;0;0;0;1
08/02/2011;05:50:00;91;com vítima;221,3;BR-116/SP;Pista Sul;Engavetamento;1;7;1;0;0;0;1
08/02/2011;10:37:00;334;com vítima;224,8;BR-116/RJ;Pista Norte;Colisão traseira;2;1;0;1;0;0;2
08/02/2011;19:26:00;667;sem vítima;227,8;BR-116/SP;Pista Norte;Abalroamento longitudinal;1;4;0;0;0;0;1
08/02/2011;09:35:00;274;sem vítima;322,1;BR-116/RJ;Pista Norte;Abalroamento longitudinal;1;2;0;0;0;0;1
09/02/2011;11:28:00;402;sem vítima;64,2;BR-116/SP;Pista Norte;Engavetamento;2;3;0;0;0;0;1
09/02/2011;08:43:00;265;sem vítima;66;BR-116/SP;Pista Sul;Choque em defensa;1;1;0;0;0;0;1
09/02/2011;02:19:00;54;sem vítima;81,85;BR-116/SP;Pista Norte;Abalroamento longitudinal;2;2;0;0;0;0;1
09/02/2011;03:30:00;75;com vítima;81,9;BR-116/SP;Pista Sul;Choque em barreira New Jersey;1;0;1;0;0;0;1
09/02/2011;06:29:00;126;sem vítima;140;BR-116/SP;Pista Sul;Abalroamento longitudinal;1;2;0;0;0;0;1
09/02/2011;20:23:00;742;sem vítima;143,56;BR-116/SP;Pista Sul;Abalroamento longitudinal;2;2;0;0;0;0;1
09/02/2011;11:43:00;410;com vítima;152,6;BR-116/SP;Pista Sul;Abalroamento longitudinal;1;2;1;2;0;0;2
09/02/2011;21:33:00;781;com vítima;170,3;BR-116/RJ;Pista Sul;Colisão traseira;1;4;2;0;0;0;1
09/02/2011;19:35:00;706;sem vítima;210,6;BR-116/SP;Pista Norte;Choque em veículo parado na pista;3;3;0;0;0;0;1
09/02/2011;20:22:00;741;sem vítima;211;BR-116/SP;Pista Norte;Abalroamento longitudinal;1;3;0;0;0;0;1
09/02/2011;15:44:00;535;sem vítima;219,9;BR-116/SP;Pista Norte;Colisão traseira;2;5;0;0;0;0;1
09/02/2011;21:25:00;775;sem vítima;220,8;BR-116/SP;Pista Sul;Choque em barreira New Jersey;1;1;0;0;0;0;1
09/02/2011;17:20:00;601;sem vítima;237,5;BR-116/RJ;Pista Sul;Colisão traseira;2;2;0;0;0;0;1
09/02/2011;01:26:00;37;sem vítima;285,56;BR-116/RJ;Pista Norte;Outros;1;1;0;0;0;0;1
10/02/2011;08:07:00;185;sem vítima;11,6;BR-116/SP;Pista Sul;Choque em objeto fixo;1;1;0;0;0;0;1
10/02/2011;19:29:00;671;sem vítima;177,64;BR-116/RJ;Pista Sul;Colisão traseira;1;3;0;0;0;0;1
10/02/2011;08:59:00;241;sem vítima;198;BR-116/RJ;Pista Sul;Colisão traseira;1;2;0;0;0;0;1
10/02/2011;13:59:00;429;sem vítima;204;BR-116/SP;Pista Sul;Colisão traseira;1;2;0;0;0;0;1
10/02/2011;09:47:00;271;sem vítima;215,6;BR-116/SP;Pista Sul;Choque em veículo parado na pista;2;4;0;0;0;0;1
10/02/2011;18:02:00;595;sem vítima;227;BR-116/RJ;Pista Sul;Colisão traseira;1;2;0;0;0;0;1
10/02/2011;05:54:00;87;com vítima;248,9;BR-116/RJ;Pista Norte;Colisão traseira;1;1;1;0;0;0;1
10/02/2011;02:03:00;45;com vítima;277,38;BR-116/RJ;Pista Norte;Tombamento;1;0;1;0;0;0;1
10/02/2011;17:17:00;558;sem vítima;279,6;BR-116/RJ;Pista Norte;Abalroamento longitudinal;2;3;0;0;0;0;1
10/02/2011;08:45:00;226;sem vítima;297,7;BR-116/RJ;Pista Norte;Outros;1;1;0;0;0;0;1
11/02/2011;13:47:00;445;sem vítima;136,4;BR-116/SP;Pista Sul;Colisão traseira;2;2;0;0;0;0;1
11/02/2011;10:55:00;338;sem vítima;166,2;BR-116/SP;Pista Norte;Abalroamento longitudinal;2;2;0;0;0;0;1
11/02/2011;07:58:00;193;sem vítima;175,3;BR-116/RJ;Pista Norte;Colisão traseira;1;3;0;0;0;0;1
11/02/2011;09:19:00;266;sem vítima;179,3;BR-116/RJ;Pista Norte;Colisão traseira;2;6;0;0;0;0;1
11/02/2011;10:01:00;299;com vítima;183,65;BR-116/RJ;Pista Sul;Atropelamento de pedestre atravessando;1;1;0;0;1;0;2
11/02/2011;13:54:00;451;com vítima;193,1;BR-116/RJ;Pista Sul;Colisão traseira;1;1;0;2;0;0;2
11/02/2011;16:23:00;563;com vítima;193,2;BR-116/SP;Pista Sul;Tombamento;1;0;2;0;0;0;1
11/02/2011;04:11:00;68;sem vítima;199;BR-116/RJ;Pista Norte;Atropelamento de animal;1;1;0;0;0;0;1
11/02/2011;06:42:00;124;com vítima;228;BR-116/SP;Pista Sul;Engavetamento;1;4;1;0;0;0;1
11/02/2011;08:33:00;228;sem vítima;229;BR-116/SP;Pista Sul;Abalroamento longitudinal;1;2;0;0;0;0;1
11/02/2011;10:57:00;339;sem vítima;267,8;BR-116/RJ;Pista Sul;Abalroamento longitudinal;1;2;0;0;0;0;1
11/02/2011;01:19:00;30;sem vítima;272,3;BR-116/RJ;Pista Norte;Colisão traseira;2;2;0;0;0;0;1
12/02/2011;18:02:00;583;sem vítima;26,6;BR-116/SP;Pista Sul;Colisão traseira;2;2;0;0;0;0;1