data;horario;n_da_ocorrencia;tipo_de_ocorrencia;km;trecho;sentido;tipo_de_acidente;caminhao;ilesos;levemente_feridos;moderadamente_feridos;gravemente_feridos;mortos;3
12/02/2011;05:33:00;108;com vítima;55,9;BR-116/SP;Pista Sul;Atropelamento de animal;1;5;1;0;0;0;1
12/02/2011;13:23:00;402;sem vítima;137;BR-116/SP;Pista Norte;Choque em objeto na pista;1;3;0;0;0;0;1
12/02/2011;00:14:00;6;sem vítima;162;BR-116/SP;Pista Sul;Tombamento;1;1;0;0;0;0;1
12/02/2011;15:00:00;457;sem vítima;164,7;BR-116/RJ;Pista Norte;Abalroamento longitudinal;1;2;0;0;0;0;1
12/02/2011;10:22:00;296;sem vítima;164,8;BR-116/RJ;Pista Norte;Abalroamento longitudinal;1;2;0;0;0;0;1
12/02/2011;18:45:00;608;sem vítima;164,9;BR-116/SP;Pista Norte;Abalroamento longitudinal;1;38;0;0;0;0;1
12/02/2011;07:47:00;185;sem vítima;178;BR-116/RJ;Pista Norte;Colisão traseira;1;2;0;0;0;0;1
12/02/2011;22:33:00;722;com vítima;179,95;BR-116/RJ;Pista Sul;Abalroamento longitudinal;1;2;2;0;0;1;3
12/02/2011;07:02:00;151;com vítima;204;BR-116/SP;Pista Norte;Colisão traseira;1;15;1;0;0;0;1
12/02/2011;17:11:00;546;com vítima;222,5;BR-116/RJ;Pista Norte;Tombamento;1;0;0;1;0;0;2
12/02/2011;08:57:00;245;sem vítima;298;BR-116/RJ;Pista Norte;Colisão traseira;1;14;0;0;0;0;1
13/02/2011;21:04:00;618;sem vítima;237,5;BR-116/RJ;Pista Norte;Abalroamento longitudinal;2;4;0;0;0;0;1
13/02/2011;19:09:00;561;com vítima;323,9;BR-116/RJ;Pista Norte;Colisão traseira;2;1;2;0;0;0;1
14/02/2011;16:15:00;509;sem vítima;147,5;BR-116/SP;Pista Sul;Choque em barreira New Jersey;1;1;0;0;0;0;1
14/02/2011;05:39:00;79;sem vítima;165;BR-116/SP;Pista Sul;Colisão traseira;1;14;0;0;0;0;1
14/02/2011;18:14:00;593;sem vítima;166;BR-116/SP;Pista Sul;Choque em objeto na pista;1;2;0;0;0;0;1
14/02/2011;10:28:00;293;sem vítima;172,8;BR-116/RJ;Pista Sul;Colisão traseira;1;2;0;0;0;0;1
14/02/2011;14:06:00;414;sem vítima;175,4;BR-116/RJ;Pista Sul;Abalroamento longitudinal;1;2;0;0;0;0;1
14/02/2011;12:47:00;373;sem vítima;175,6;BR-116/RJ;Pista Sul;Colisão traseira;2;2;0;0;0;0;1
14/02/2011;03:13:00;49;sem vítima;201,3;BR-116/SP;Pista Norte;Outros;1;1;0;0;0;0;1
14/02/2011;11:02:00;322;sem vítima;208;BR-116/RJ;Pista Norte;Colisão traseira;1;2;0;0;0;0;1
14/02/2011;10:32:00;296;sem vítima;211,6;BR-116/SP;Pista Sul;Colisão traseira;1;2;0;0;0;0;1
14/02/2011;15:55:00;499;sem vítima;248,75;BR-116/RJ;Pista Norte;Abalroamento longitudinal;2;2;0;0;0;0;1
14/02/2011;09:14:00;246;sem vítima;288,3;BR-116/RJ;Pista Sul;Colisão traseira;2;4;0;0;0;0;1
14/02/2011;21:18:00;712;sem vítima;330;BR-116/RJ;Pista Sul;Colisão traseira;2;2;0;0;0;0;1
15/02/2011;11:08:00;326;sem vítima;22,5;BR-116/SP;Pista Norte;Colisão traseira;2;2;0;0;0;0;1
15/02/2011;23:39:00;731;sem vítima;27,9;BR-116/SP;Pista Norte;Choque em defensa;1;2;0;0;0;0;1
15/02/2011;17:47:00;540;sem vítima;116,5;BR-116/SP;Pista Sul;Choque em barreira New Jersey;1;3;0;0;0;0;1
15/02/2011;16:14:00;482;com vítima;122,7;BR-116/SP;Pista Sul;Colisão traseira;2;1;1;0;0;0;1
15/02/2011;05:00:00;73;sem vítima;164,9;BR-116/SP;Pista Sul;Choque em veículo parado na pista;1;45;0;0;0;0;1
15/02/2011;19:00:00;589;sem vítima;165,2;BR-116/RJ;Pista Norte;Choque em defensa;1;2;0;0;0;0;1
15/02/2011;14:07:00;405;sem vítima;177,5;BR-116/RJ;Pista Sul;Colisão traseira;1;2;0;0;0;0;1
15/02/2011;04:27:00;68;sem vítima;224,1;BR-116/RJ;Pista Norte;Choque em objeto fixo;1;1;0;0;0;0;1
15/02/2011;06:00:00;92;sem vítima;241,5;BR-116/RJ;Pista Norte;Choque em objeto fixo;1;1;0;0;0;0;1
15/02/2011;22:52:00;717;sem vítima;273,1;BR-116/RJ;Pista Sul;Colisão traseira;2;2;0;0;0;0;1
15/02/2011;09:34:00;271;sem vítima;291,4;BR-116/RJ;Pista Norte;Outros;1;1;0;0;0;0;1
16/02/2011;23:18:00;852;sem vítima;38,6;BR-116/SP;Pista Norte;Outros;1;1;0;0;0;0;1
16/02/2011;19:50:00;748;sem vítima;69,6;BR-116/SP;Pista Norte;Choque em objeto fixo;1;1;0;0;0;0;1
16/02/2011;11:25:00;390;sem vítima;140,5;BR-116/SP;Pista Norte;Colisão traseira;2;2;0;0;0;0;1
16/02/2011;07:25:00;154;sem vítima;144;BR-116/SP;Pista Sul;Abalroamento longitudinal;1;5;0;0;0;0;1
16/02/2011;08:55:00;255;sem vítima;158,6;BR-116/SP;Pista Norte;Engavetamento;3;3;0;0;0;0;1
16/02/2011;21:54:00;813;com vítima;159,4;BR-116/SP;Pista Norte;Outros;2;1;1;0;0;0;1
16/02/2011;07:42:00;175;sem vítima;166;BR-116/RJ;Pista Norte;Colisão traseira;1;2;0;0;0;0;1
16/02/2011;18:46:00;702;com vítima;173,8;BR-116/RJ;Pista Sul;Abalroamento longitudinal;1;1;0;1;0;0;2
16/02/2011;02:18:00;40;sem vítima;207;BR-116/RJ;Pista Sul;Colisão traseira;2;2;0;0;0;0;1
16/02/2011;07:03:00;138;sem vítima;218;BR-116/RJ;Pista Norte;Tombamento;1;1;0;0;0;0;1
16/02/2011;19:09:00;714;sem vítima;228;BR-116/SP;Pista Norte;Abalroamento longitudinal;1;11;0;0;0;0;1
16/02/2011;13:22:00;458;sem vítima;290;BR-116/RJ;Pista Norte;Abalroamento longitudinal;2;2;0;0;0;0;1
16/02/2011;14:17:00;497;com vítima;300,8;BR-116/RJ;Pista Sul;Colisão traseira;2;1;1;0;0;0;1
17/02/2011;16:15:00;572;sem vítima;125,1;BR-116/SP;Pista Norte;Abalroamento longitudinal;1;2;0;0;0;0;1
17/02/2011;17:27:00;625;sem vítima;138;BR-116/SP;Pista Sul;Abalroamento longitudinal;1;2;0;0;0;0;1
17/02/2011;15:38:00;545;sem vítima;192;BR-116/SP;Pista Norte;Colisão traseira;2;2;0;0;0;0;1
17/02/2011;02:55:00;48;sem vítima;221;BR-116/RJ;Pista Norte;Choque em objeto fixo;1;1;0;0;0;0;1
17/02/2011;16:25:00;582;sem vítima;222;BR-116/SP;Pista Sul;Choque em defensa;2;2;0;0;0;0;1
17/02/2011;17:11:00;611;sem vítima;224,4;BR-116/SP;Pista Norte;Não Def;1;1;0;0;0;0;1
17/02/2011;12:32:00;398;sem vítima;319;BR-116/RJ;Pista Norte;Colisão traseira;1;2;0;0;0;0;1
18/02/2011;15:49:00;517;sem vítima;58,1;BR-116/SP;Pista Norte;Choque em barreira New Jersey;1;2;0;0;0;0;1
18/02/2011;23:42:00;856;sem vítima;99,4;BR-116/SP;Pista Sul;Choque em objeto na pista;1;2;0;0;0;0;1
18/02/2011;07:56:00;195;com vítima;107,5;BR-116/SP;Pista Norte;Colisão traseira;2;1;1;0;0;0;1
18/02/2011;12:21:00;407;com vítima;111,4;BR-116/SP;Pista Sul;Colisão traseira;1;6;0;1;0;0;2
18/02/2011;06:43:00;123;sem vítima;142,8;BR-116/SP;Pista Norte;Colisão traseira;3;3;0;0;0;0;1
18/02/2011;15:44:00;515;sem vítima;145,2;BR-116/SP;Pista Sul;Colisão traseira;1;2;0;0;0;0;1
18/02/2011;11:25:00;364;sem vítima;168,5;BR-116/RJ;Pista Norte;Colisão traseira;1;2;0;0;0;0;1
18/02/2011;05:23:00;94;sem vítima;176,3;BR-116/RJ;Pista Norte;Abalroamento longitudinal;2;3;0;0;0;0;1
18/02/2011;06:34:00;114;sem vítima;176,3;BR-116/RJ;Pista Norte;Abalroamento longitudinal;1;2;0;0;0;0;1
18/02/2011;19:00:00;682;com vítima;184;BR-116/RJ;Pista Norte;Colisão traseira;1;1;0;1;0;0;2
18/02/2011;17:28:00;588;sem vítima;220;BR-116/RJ;Pista Norte;Colisão traseira;2;2;0;0;0;0;1
18/02/2011;22:59:00;829;sem vítima;221;BR-116/SP;Pista Norte;Abalroamento longitudinal;1;6;0;0;0;0;1
18/02/2011;18:24:00;641;sem vítima;274,8;BR-116/RJ;Pista Norte;Engavetamento;1;4;0;0;0;0;1
19/02/2011;01:39:00;36;sem vítima;29,1;BR-116/SP;Pista Sul;Abalroamento longitudinal;2;2;0;0;0;0;1
19/02/2011;12:06:00;327;sem vítima;62,1;BR-116/SP;Pista Sul;Colisão traseira;1;2;0;0;0;0;1
19/02/2011;00:51:00;21;sem vítima;64,1;BR-116/SP;Pista Sul;Colisão traseira;2;3;0;0;0;0;1
19/02/2011;00:22:00;9;com vítima;220,6;BR-116/SP;Pista Norte;Engavetamento;2;3;0;2;0;1;3
19/02/2011;13:56:00;388;sem vítima;259,5;BR-116/RJ;Pista Sul;Abalroamento longitudinal;1;2;0;0;0;0;1
19/02/2011;07:36:00;136;sem vítima;306;BR-116/RJ;Pista Norte;Abalroamento longitudinal;1;4;0;0;0;0;1
19/02/2011;05:47:00;91;com vítima;307,1;BR-116/RJ;Pista Norte;Engavetamento;1;2;1;0;0;0;1
20/02/2011;16:44:00;436;sem vítima;140,75;BR-116/SP;Pista Sul;Abalroamento longitudinal;1;3;0;0;0;0;1
20/02/2011;17:36:00;472;com vítima;144,5;BR-116/SP;Pista Norte;Queda de moto;1;1;1;0;0;0;1
20/02/2011;15:26:00;386;com vítima;145;BR-116/SP;Pista Sul;Abalroamento longitudinal;1;1;1;0;0;0;1
21/02/2011;15:14:00;500;sem vítima;63,3;BR-116/SP;Pista Sul;Abalroamento longitudinal;1;2;0;0;0;0;1
21/02/2011;09:12:00;247;sem vítima;165,35;BR-116/RJ;Pista Sul;Abalroamento longitudinal;1;16;0;0;0;0;1
21/02/2011;11:51:00;371;sem vítima;194;BR-116/RJ;Pista Norte;Abalroamento longitudinal;1;2;0;0;0;0;1
21/02/2011;09:21:00;253;sem vítima;215;BR-116/SP;Pista Sul;Engavetamento;1;4;0;0;0;0;1
21/02/2011;02:30:00;38;sem vítima;225;BR-116/SP;Pista Norte;Abalroamento longitudinal;2;2;0;0;0;0;1
21/02/2011;20:16:00;707;sem vítima;228;BR-116/SP;Pista Sul;Colisão traseira;1;2;0;0;0;0;1
21/02/2011;19:20:00;675;com vítima;235,9;BR-116/RJ;Pista Norte;Choque em barreira New Jersey;1;0;2;0;0;0;1
21/02/2011;15:59:00;529;sem vítima;282,8;BR-116/RJ;Pista Norte;Abalroamento longitudinal;1;2;0;0;0;0;1
21/02/2011;15:57:00;525;sem vítima;300;BR-116/RJ;Pista Sul;Abalroamento longitudinal;1;2;0;0;0;0;1
22/02/2011;22:09:00;758;sem vítima;76,7;BR-116/SP;Pista Norte;Abalroamento longitudinal;1;3;0;0;0;0;1
22/02/2011;00:09:00;3;sem vítima;175,7;BR-116/SP;Pista Norte;Outros;1;1;0;0;0;0;1
22/02/2011;20:30:00;712;com vítima;217,5;BR-116/SP;Pista Sul;Colisão traseira;1;3;1;0;0;0;1
22/02/2011;15:13:00;464;sem vítima;225,8;BR-116/RJ;Pista Sul;Choque em objeto fixo;2;2;0;0;0;0;1
22/02/2011;07:43:00;168;com vítima;241;BR-116/RJ;Pista Norte;Tombamento;1;0;1;0;0;0;1
22/02/2011;23:27:00;794;sem vítima;281,75;BR-116/RJ;Pista Norte;Choque em objeto na pista;1;3;0;0;0;0;1
23/02/2011;04:18:00;66;com vítima;59,2;BR-116/SP;Pista Sul;Choque em veículo parado na pista;2;1;0;1;0;0;2
23/02/2011;05:25:00;81;com vítima;70;BR-116/SP;Pista Norte;Colisão traseira;2;3;2;0;0;0;1
23/02/2011;14:18:00;444;sem vítima;144,5;BR-116/SP;Pista Norte;Colisão traseira;3;5;0;0;0;0;1
23/02/2011;05:02:00;73;com vítima;162,5;BR-116/SP;Pista Norte;Choque em defensa;1;2;1;0;0;0;1
23/02/2011;07:13:00;137;sem vítima;164,3;BR-116/RJ;Pista Norte;Abalroamento longitudinal;1;2;0;0;0;0;1
23/02/2011;17:27:00;568;sem vítima;165;BR-116/SP;Pista Norte;Colisão traseira;2;3;0;0;0;0;1
23/02/2011;12:35:00;371;sem vítima;172,8;BR-116/RJ;Pista Sul;Colisão traseira;1;3;0;0;0;0;1
23/02/2011;15:31:00;486;sem vítima;177;BR-116/SP;Pista Norte;Engavetamento;1;3;0;0;0;0;1
23/02/2011;22:27:00;754;sem vítima;190,3;BR-116/RJ;Pista Norte;Abalroamento longitudinal;1;2;0;0;0;0;1
23/02/2011;02:19:00;41;com vítima;208,9;BR-116/RJ;Pista Norte;Engavetamento;4;3;0;0;0;1;3
23/02/2011;02:33:00;46;sem vítima;209,2;BR-116/RJ;Pista Norte;Choque em veículo parado na pista;3;3;0;0;0;0;1
23/02/2011;11:02:00;319;sem vítima;216,1;BR-116/SP;Pista Norte;Abalroamento longitudinal;1;8;0;0;0;0;1
23/02/2011;19:28:00;649;sem vítima;218,4;BR-116/RJ;Pista Norte;Choque em objeto fixo;1;1;0;0;0;0;1
23/02/2011;15:42:00;493;sem vítima;303;BR-116/RJ;Pista Norte;Abalroamento longitudinal;2;2;0;0;0;0;1
23/02/2011;10:52:00;309;sem vítima;325;BR-116/RJ;Pista Norte;Colisão traseira;2;2;0;0;0;0;1
24/02/2011;06:49:00;110;sem vítima;153;BR-116/SP;Pista Norte;Colisão traseira;1;3;0;0;0;0;1
24/02/2011;18:03:00;561;sem vítima;164,9;BR-116/RJ;Pista Norte;Colisão traseira;2;2;0;0;0;0;1
24/02/2011;17:46:00;545;sem vítima;166,7;BR-116/RJ;Pista Sul;Colisão traseira;1;3;0;0;0;0;1
24/02/2011;07:44:00;155;sem vítima;184,9;BR-116/RJ;Pista Norte;Colisão traseira;1;3;0;0;0;0;1
24/02/2011;07:14:00;130;com vítima;193,4;BR-116/SP;Pista Sul;Abalroamento longitudinal;1;2;0;1;0;0;2
24/02/2011;21:14:00;669;sem vítima;221;BR-116/SP;Pista Norte;Abalroamento longitudinal;1;4;0;0;0;0;1
24/02/2011;06:34:00;102;com vítima;222,5;BR-116/SP;Pista Sul;Capotamento;1;0;2;0;0;0;1
24/02/2011;00:50:00;13;sem vítima;272,85;BR-116/RJ;Pista Norte;Choque em barreira New Jersey;1;1;0;0;0;0;1
25/02/2011;21:28:00;812;sem vítima;54,7;BR-116/SP;Pista Norte;Choque em defensa;1;3;0;0;0;0;1
25/02/2011;21:54:00;827;sem vítima;117,9;BR-116/SP;Pista Sul;Engavetamento;2;3;0;0;0;0;1
25/02/2011;16:59:00;624;sem vítima;122;BR-116/SP;Pista Sul;Não Def;1;1;0;0;0;0;1
25/02/2011;16:56:00;621;com vítima;122,7;BR-116/SP;Pista Sul;Engavetamento;2;55;0;1;0;0;2
25/02/2011;18:47:00;705;sem vítima;178;BR-116/RJ;Pista Sul;Colisão traseira;1;2;0;0;0;0;1
25/02/2011;05:14:00;91;sem vítima;204;BR-116/SP;Pista Norte;Não Def;1;2;0;0;0;0;1
25/02/2011;12:59:00;451;sem vítima;218;BR-116/SP;Pista Norte;Colisão traseira;2;2;0;0;0;0;1
25/02/2011;12:27:00;426;sem vítima;219;BR-116/SP;Pista Norte;Colisão traseira;1;3;0;0;0;0;1
25/02/2011;09:23:00;293;sem vítima;270;BR-116/RJ;Pista Norte;Capotamento;1;2;0;0;0;0;1
26/02/2011;19:14:00;663;sem vítima;57,95;BR-116/SP;Pista Sul;Abalroamento longitudinal;1;4;0;0;0;0;1
26/02/2011;16:22:00;559;sem vítima;170,6;BR-116/SP;Pista Sul;Colisão traseira;1;2;0;0;0;0;1
26/02/2011;09:54:00;309;com vítima;174,4;BR-116/RJ;Pista Norte;Colisão traseira;1;1;1;0;0;0;1
26/02/2011;10:25:00;334;sem vítima;175;BR-116/RJ;Pista Norte;Abalroamento longitudinal;1;3;0;0;0;0;1
26/02/2011;15:11:00;508;com vítima;177,4;BR-116/SP;Pista Sul;Abalroamento longitudinal;1;1;0;1;0;0;2
26/02/2011;01:34:00;37;sem vítima;217,7;BR-116/RJ;Pista Norte;Abalroamento longitudinal;1;2;0;0;0;0;1
27/02/2011;21:42:00;719;com vítima;86,7;BR-116/SP;Pista Norte;Colisão traseira;1;1;1;0;0;0;1
27/02/2011;20:54:00;700;sem vítima;100;BR-116/SP;Pista Norte;Colisão traseira;1;6;0;0;0;0;1
27/02/2011;14:53:00;444;sem vítima;100,2;BR-116/SP;Pista Norte;Colisão traseira;1;2;0;0;0;0;1
27/02/2011;13:05:00;377;sem vítima;145,6;BR-116/SP;Pista Sul;Choque em objeto fixo;1;2;0;0;0;0;1
27/02/2011;09:07:00;225;sem vítima;166;BR-116/SP;Pista Sul;Abalroamento longitudinal;2;2;0;0;0;0;1
27/02/2011;22:47:00;751;com vítima;216;BR-116/SP;Pista Sul;Choque em defensa;1;2;2;0;0;0;1
27/02/2011;22:58:00;758;sem vítima;234,1;BR-116/RJ;Pista Norte;Choque em veículo parado na pista;2;2;0;0;0;0;1
27/02/2011;16:02:00;500;sem vítima;293;BR-116/RJ;Pista Sul;Colisão traseira;1;2;0;0;0;0;1
28/02/2011;22:37:00;744;sem vítima;22;BR-116/SP;Pista Norte;Abalroamento longitudinal;2;2;0;0;0;0;1
28/02/2011;19:06:00;616;sem vítima;86,95;BR-116/SP;Pista Sul;Colisão traseira;1;5;0;0;0;0;1
28/02/2011;12:20:00;330;sem vítima;154,5;BR-116/SP;Pista Norte;Abalroamento longitudinal;1;2;0;0;0;0;1
28/02/2011;15:40:00;437;sem vítima;170,6;BR-116/RJ;Pista Sul;Choque em objeto fixo;1;1;0;0;0;0;1
28/02/2011;20:22:00;667;com vítima;172,5;BR-116/SP;Pista Sul;Queda de ribanceira;1;1;0;1;0;0;2
28/02/2011;14:52:00;409;sem vítima;172,8;BR-116/RJ;Pista Sul;Colisão traseira;1;2;0;0;0;0;1
28/02/2011;18:17:00;568;com vítima;174,2;BR-116/RJ;Pista Sul;Engavetamento;1;2;1;0;0;0;1
28/02/2011;14:26:00;389;sem vítima;176;BR-116/SP;Pista Norte;Choque em barreira New Jersey;1;5;0;0;0;0;1
28/02/2011;06:16:00;86;sem vítima;178;BR-116/RJ;Pista Norte;Abalroamento longitudinal;1;2;0;0;0;0;1
28/02/2011;06:25:00;95;sem vítima;178,6;BR-116/RJ;Pista Norte;Colisão traseira;1;3;0;0;0;0;1
28/02/2011;10:18:00;266;sem vítima;184;BR-116/RJ;Pista Sul;Colisão traseira;1;2;0;0;0;0;1
28/02/2011;04:29:00;54;com vítima;195,9;BR-116/SP;Pista Norte;Choque em objeto fixo;1;0;0;1;0;0;2
28/02/2011;16:53:00;489;com vítima;252,4;BR-116/RJ;Pista Sul;Tombamento;1;0;0;4;0;0;2
28/02/2011;19:04:00;615;sem vítima;281;BR-116/RJ;Pista Norte;Outros;1;1;0;0;0;0;1
28/02/2011;08:56:00;212;sem vítima;286,9;BR-116/RJ;Pista Norte;Outros;1;1;0;0;0;0;1
28/02/2011;16:43:00;481;sem vítima;328,5;BR-116/RJ;Pista Sul;Outros;1;1;0;0;0;0;1
01/03/2011;19:38:00;672;sem vítima;7,2;BR-116/SP;Pista Sul;Tombamento;1;1;0;0;0;0;1
01/03/2011;22:04:00;752;sem vítima;25;BR-116/SP;Pista Sul;Abalroamento longitudinal;2;2;0;0;0;0;1
01/03/2011;14:12:00;456;com vítima;163,7;BR-116/RJ;Pista Sul;Abalroamento longitudinal;1;1;1;0;0;0;1
01/03/2011;11:21:00;360;sem vítima;165;BR-116/SP;Pista Sul;Choque em veículo parado na pista;1;3;0;0;0;0;1
01/03/2011;02:17:00;52;sem vítima;172,6;BR-116/RJ;Pista Norte;Tombamento;1;1;0;0;0;0;1
01/03/2011;19:15:00;655;sem vítima;172,8;BR-116/RJ;Pista Sul;Abalroamento longitudinal;1;2;0;0;0;0;1
01/03/2011;17:00:00;556;sem vítima;181,4;BR-116/RJ;Pista Sul;Colisão traseira;1;3;0;0;0;0;1
01/03/2011;13:40:00;431;sem vítima;192,85;BR-116/RJ;Pista Sul;Choque em defensa;1;1;0;0;0;0;1
01/03/2011;15:59:00;523;sem vítima;207;BR-116/RJ;Pista Sul;Choque em objeto fixo;1;1;0;0;0;0;1
01/03/2011;15:35:00;508;sem vítima;207,2;BR-116/RJ;Pista Norte;Colisão traseira;2;2;0;0;0;0;1
01/03/2011;21:31:00;728;sem vítima;217,5;BR-116/RJ;Pista Norte;Choque em barreira New Jersey;1;2;0;0;0;0;1
01/03/2011;13:44:00;436;sem vítima;230;BR-116/SP;Pista Sul;Engavetamento;1;6;0;0;0;0;1
01/03/2011;19:41:00;673;com vítima;242;BR-116/RJ;Pista Sul;Engavetamento;3;1;2;0;0;0;1
01/03/2011;09:01:00;248;sem vítima;258;BR-116/RJ;Pista Norte;Colisão traseira;2;2;0;0;0;0;1
01/03/2011;01:22:00;35;sem vítima;320;BR-116/RJ;Pista Sul;Colisão traseira;2;2;0;0;0;0;1
02/03/2011;15:19:00;506;sem vítima;109;BR-116/SP;Pista Norte;Colisão traseira;1;2;0;0;0;0;1
02/03/2011;13:36:00;439;sem vítima;157,8;BR-116/SP;Pista Norte;Colisão traseira;1;3;0;0;0;0;1
02/03/2011;00:25:00;7;sem vítima;157,95;BR-116/SP;Pista Sul;Choque em barreira New Jersey;1;1;0;0;0;0;1
02/03/2011;02:12:00;41;sem vítima;165;BR-116/SP;Pista Sul;Choque em objeto na pista;2;2;0;0;0;0;1
02/03/2011;00:37:00;13;com vítima;176,1;BR-116/SP;Pista Norte;Colisão traseira;2;2;0;0;0;1;3
02/03/2011;14:57:00;491;sem vítima;176,3;BR-116/RJ;Pista Norte;Abalroamento longitudinal;1;2;0;0;0;0;1
02/03/2011;22:20:00;777;sem vítima;182;BR-116/SP;Pista Norte;Colisão traseira;1;6;0;0;0;0;1
02/03/2011;15:17:00;505;sem vítima;197;BR-116/SP;Pista Norte;Choque em barreira New Jersey;1;1;0;0;0;0;1
02/03/2011;20:30:00;721;sem vítima;202,3;BR-116/RJ;Pista Norte;Choque em defensa;2;3;0;0;0;0;1
02/03/2011;20:57:00;735;sem vítima;202,8;BR-116/RJ;Pista Norte;Colisão traseira;1;2;0;0;0;0;1
02/03/2011;07:23:00;149;sem vítima;220;BR-116/SP;Pista Sul;Abalroamento longitudinal;1;2;0;0;0;0;1
02/03/2011;16:44:00;557;sem vítima;226;BR-116/SP;Pista Norte;Engavetamento;1;5;0;0;0;0;1
02/03/2011;23:17:00;808;sem vítima;227,2;BR-116/RJ;Pista Norte;Choque em barreira New Jersey;1;1;0;0;0;0;1
02/03/2011;17:34:00;595;sem vítima;229,5;BR-116/SP;Pista Norte;Abalroamento longitudinal;1;3;0;0;0;0;1
02/03/2011;22:55:00;801;sem vítima;231;BR-116/SP;Pista Sul;Choque em defensa;1;1;0;0;0;0;1
02/03/2011;19:21:00;669;sem vítima;310;BR-116/RJ;Pista Norte;Choque em objeto fixo;1;1;0;0;0;0;1
02/03/2011;22:44:00;794;sem vítima;311,8;BR-116/RJ;Pista Norte;Outros;1;1;0;0;0;0;1
03/03/2011;00:57:00;21;sem vítima;27,2;BR-116/SP;Pista Sul;Engavetamento;4;4;0;0;0;0;1
03/03/2011;07:31:00;167;sem vítima;28,1;BR-116/SP;Pista Norte;Colisão traseira;1;2;0;0;0;0;1
03/03/2011;18:34:00;605;sem vítima;68,5;BR-116/SP;Pista Norte;Choque em barreira New Jersey;1;1;0;0;0;0;1
03/03/2011;19:08:00;629;com vítima;131,8;BR-116/SP;Pista Sul;Colisão traseira;1;1;1;0;0;0;1
03/03/2011;17:25:00;551;sem vítima;145;BR-116/SP;Pista Sul;Colisão traseira;1;3;0;0;0;0;1
03/03/2011;19:25:00;637;sem vítima;159;BR-116/SP;Pista Norte;Engavetamento;1;6;0;0;0;0;1
03/03/2011;18:51:00;618;sem vítima;172,8;BR-116/RJ;Pista Sul;Abalroamento longitudinal;1;2;0;0;0;0;1
03/03/2011;10:45:00;305;sem vítima;225;BR-116/RJ;Pista Norte;Abalroamento longitudinal;2;2;0;0;0;0;1
03/03/2011;10:28:00;291;sem vítima;225;BR-116/SP;Pista Norte;Colisão traseira;1;2;0;0;0;0;1
03/03/2011;23:37:00;768;sem vítima;231,25;BR-116/RJ;Pista Norte;Choque em objeto fixo;1;1;0;0;0;0;1
03/03/2011;20:19:00;672;sem vítima;258,9;BR-116/RJ;Pista Sul;Outros;1;1;0;0;0;0;1
03/03/2011;23:32:00;765;sem vítima;266,1;BR-116/RJ;Pista Norte;Choque em objeto fixo;1;1;0;0;0;0;1
03/03/2011;20:53:00;692;sem vítima;277,2;BR-116/RJ;Pista Sul;Choque em objeto na pista;1;5;0;0;0;0;1
03/03/2011;08:31:00;216;com vítima;279,75;BR-116/RJ;Pista Sul;Colisão traseira;1;1;1;0;0;0;1
03/03/2011;16:14:00;497;sem vítima;323;BR-116/RJ;Pista Sul;Colisão traseira;1;3;0;0;0;0;1
04/03/2011;13:52:00;443;sem vítima;36,6;BR-116/SP;Pista Sul;Engavetamento;2;3;0;0;0;0;1
04/03/2011;18:33:00;628;com vítima;60,4;BR-116/SP;Pista Sul;Engavetamento;1;4;2;1;0;0;2
04/03/2011;18:25:00;621;sem vítima;117,7;BR-116/SP;Pista Norte;Engavetamento;1;10;0;0;0;0;1
04/03/2011;13:13:00;422;sem vítima;154;BR-116/SP;Pista Sul;Engavetamento;2;4;0;0;0;0;1
04/03/2011;08:21:00;225;sem vítima;154,7;BR-116/SP;Pista Norte;Abalroamento longitudinal;2;2;0;0;0;0;1
04/03/2011;01:17:00;17;sem vítima;166,6;BR-116/RJ;Pista Norte;Colisão traseira;1;2;0;0;0;0;1
04/03/2011;06:28:00;107;sem vítima;170,3;BR-116/RJ;Pista Norte;Abalroamento longitudinal;1;2;0;0;0;0;1
04/03/2011;19:16:00;652;sem vítima;171,6;BR-116/RJ;Pista Sul;Colisão traseira;1;2;0;0;0;0;1
04/03/2011;18:51:00;640;sem vítima;172,8;BR-116/RJ;Pista Sul;Abalroamento longitudinal;1;6;0;0;0;0;1
04/03/2011;16:17:00;524;sem vítima;175,6;BR-116/RJ;Pista Sul;Colisão traseira;1;3;0;0;0;0;1
04/03/2011;09:34:00;279;sem vítima;208;BR-116/RJ;Pista Norte;Colisão traseira;1;2;0;0;0;0;1
04/03/2011;22:39:00;809;sem vítima;218;BR-116/SP;Pista Norte;Colisão traseira;1;4;0;0;0;0;1
04/03/2011;19:35:00;670;sem vítima;222;BR-116/SP;Pista Norte;Abalroamento longitudinal;1;6;0;0;0;0;1
04/03/2011;00:18:00;6;sem vítima;229,7;BR-116/RJ;Pista Sul;Queda de ribanceira;1;5;0;0;0;0;1
04/03/2011;16:55:00;551;sem vítima;230,2;BR-116/RJ;Pista Norte;Engavetamento;1;6;0;0;0;0;1
04/03/2011;13:42:00;438;com vítima;230,3;BR-116/RJ;Pista Norte;Queda de ribanceira;1;0;0;1;0;0;2
04/03/2011;06:15:00;95;sem vítima;256,1;BR-116/RJ;Pista Sul;Colisão traseira;2;2;0;0;0;0;1
04/03/2011;08:48:00;247;sem vítima;304,4;BR-116/RJ;Pista Norte;Choque em objeto na pista;1;2;0;0;0;0;1
05/03/2011;05:40:00;111;com vítima;166,6;BR-116/RJ;Pista Sul;Queda de moto;1;24;0;0;0;1;3
05/03/2011;13:36:00;433;sem vítima;171;BR-116/RJ;Pista Sul;Colisão traseira;2;2;0;0;0;0;1
05/03/2011;11:16:00;352;sem vítima;207;BR-116/RJ;Pista Norte;Abalroamento longitudinal;1;2;0;0;0;0;1