data;horario;n_da_ocorrencia;tipo_de_ocorrencia;km;trecho;sentido;tipo_de_acidente;caminhao;ilesos;levemente_feridos;moderadamente_feridos;gravemente_feridos;mortos;3
05/03/2011;13:35:00;432;sem vítima;215,7;BR-116/SP;Pista Norte;Colisão traseira;1;3;0;0;0;0;1
05/03/2011;13:40:00;438;sem vítima;216,3;BR-116/SP;Pista Norte;Abalroamento longitudinal;1;2;0;0;0;0;1
05/03/2011;13:07:00;418;sem vítima;216,7;BR-116/SP;Pista Norte;Abalroamento longitudinal;1;3;0;0;0;0;1
05/03/2011;13:46:00;443;com vítima;230,3;BR-116/RJ;Pista Norte;Choque em veículo parado na pista;1;1;0;0;0;2;3
05/03/2011;10:56:00;339;sem vítima;319,3;BR-116/RJ;Pista Norte;Colisão traseira;1;2;0;0;0;0;1
06/03/2011;05:14:00;77;sem vítima;42,9;BR-116/SP;Pista Norte;Colisão traseira;2;5;0;0;0;0;1
06/03/2011;17:25:00;415;com vítima;85,85;BR-116/SP;Pista Sul;Engavetamento;1;4;1;0;0;0;1
06/03/2011;21:31:00;530;com vítima;92,45;BR-116/SP;Pista Sul;Choque em barreira New Jersey;1;3;0;1;0;0;2
06/03/2011;11:45:00;253;sem vítima;304,4;BR-116/RJ;Pista Sul;Abalroamento longitudinal;1;2;0;0;0;0;1
07/03/2011;02:26:00;33;com vítima;118;BR-116/SP;Pista Sul;Engavetamento;2;17;2;1;0;0;2
07/03/2011;08:09:00;147;sem vítima;121,5;BR-116/SP;Pista Norte;Colisão traseira;1;2;0;0;0;0;1
07/03/2011;09:33:00;186;com vítima;219;BR-116/RJ;Pista Norte;Tombamento;1;0;1;0;0;0;1
08/03/2011;22:02:00;597;com vítima;252,5;BR-116/RJ;Pista Norte;Colisão traseira;1;1;1;0;0;0;1
09/03/2011;14:03:00;388;sem vítima;167,5;BR-116/SP;Pista Norte;Choque em objeto na pista;1;1;0;0;0;0;1
09/03/2011;22:50:00;708;sem vítima;198;BR-116/SP;Pista Sul;Colisão traseira;1;2;0;0;0;0;1
09/03/2011;15:00:00;427;com vítima;234,5;BR-116/RJ;Pista Norte;Tombamento;1;0;1;0;0;0;1
09/03/2011;22:36:00;704;com vítima;267;BR-116/RJ;Pista Sul;Tombamento;2;1;1;0;0;0;1
09/03/2011;21:08:00;670;com vítima;305;BR-116/RJ;Pista Sul;Choque em objeto na pista;1;0;1;0;0;0;1
10/03/2011;00:03:00;3;com vítima;17,4;BR-116/SP;Pista Sul;Queda de Ponte/Viaduto;1;0;0;0;0;1;3
10/03/2011;10:59:00;302;sem vítima;148;BR-116/SP;Pista Sul;Abalroamento longitudinal;1;2;0;0;0;0;1
10/03/2011;08:49:00;214;sem vítima;169;BR-116/SP;Pista Norte;Colisão traseira;2;2;0;0;0;0;1
10/03/2011;05:12:00;47;sem vítima;187,6;BR-116/SP;Pista Sul;Abalroamento longitudinal;2;2;0;0;0;0;1
10/03/2011;13:16:00;391;sem vítima;219;BR-116/SP;Pista Norte;Colisão traseira;1;2;0;0;0;0;1
10/03/2011;09:06:00;230;sem vítima;220,8;BR-116/SP;Pista Sul;Colisão traseira;1;3;0;0;0;0;1
10/03/2011;14:28:00;430;sem vítima;221;BR-116/SP;Pista Norte;Engavetamento;3;6;0;0;0;0;1
10/03/2011;13:43:00;405;sem vítima;311,3;BR-116/RJ;Pista Sul;Abalroamento longitudinal;1;4;0;0;0;0;1
10/03/2011;19:02:00;591;sem vítima;311,8;BR-116/RJ;Pista Norte;Abalroamento longitudinal;1;2;0;0;0;0;1
10/03/2011;07:06:00;105;sem vítima;323,2;BR-116/RJ;Pista Norte;Outros;1;1;0;0;0;0;1
11/03/2011;08:49:00;267;sem vítima;146,1;BR-116/SP;Pista Sul;Engavetamento;1;5;0;0;0;0;1
11/03/2011;17:15:00;572;sem vítima;161;BR-116/SP;Pista Norte;Engavetamento;3;3;0;0;0;0;1
11/03/2011;15:05:00;500;sem vítima;173,9;BR-116/RJ;Pista Sul;Abalroamento longitudinal;1;6;0;0;0;0;1
11/03/2011;05:55:00;101;com vítima;174;BR-116/RJ;Pista Norte;Engavetamento;1;2;1;0;0;0;1
11/03/2011;04:30:00;70;sem vítima;224,1;BR-116/RJ;Pista Norte;Choque Talude;1;1;0;0;0;0;1
11/03/2011;05:08:00;82;com vítima;236,55;BR-116/RJ;Pista Norte;Colisão traseira;1;1;2;0;0;0;1
11/03/2011;03:17:00;52;com vítima;255,4;BR-116/RJ;Pista Sul;Colisão traseira;2;1;0;1;0;0;2
11/03/2011;20:56:00;723;sem vítima;318,7;BR-116/RJ;Pista Norte;Colisão traseira;2;2;0;0;0;0;1
12/03/2011;04:07:00;76;sem vítima;74,6;BR-116/SP;Pista Norte;Choque em defensa;1;2;0;0;0;0;1
12/03/2011;06:01:00;112;sem vítima;165;BR-116/SP;Pista Norte;Colisão traseira;1;8;0;0;0;0;1
12/03/2011;12:53:00;392;sem vítima;207,3;BR-116/RJ;Pista Sul;Abalroamento longitudinal;1;2;0;0;0;0;1
12/03/2011;00:38:00;19;com vítima;222,7;BR-116/RJ;Pista Norte;Tombamento;1;0;1;0;0;0;1
12/03/2011;02:03:00;45;sem vítima;227,8;BR-116/RJ;Pista Norte;Abalroamento longitudinal;2;8;0;0;0;0;1
12/03/2011;01:51:00;40;com vítima;264,7;BR-116/RJ;Pista Norte;Colisão traseira;1;1;1;0;0;0;1
13/03/2011;20:22:00;546;com vítima;22,7;BR-116/SP;Pista Norte;Queda de ribanceira;1;0;0;1;0;0;2
13/03/2011;16:07:00;386;sem vítima;108;BR-116/SP;Pista Sul;Abalroamento longitudinal;1;2;0;0;0;0;1
13/03/2011;23:46:00;636;sem vítima;207,5;BR-116/RJ;Pista Sul;Choque em objeto fixo;1;1;0;0;0;0;1
13/03/2011;21:40:00;586;sem vítima;219;BR-116/SP;Pista Sul;Colisão traseira;1;2;0;0;0;0;1
13/03/2011;10:41:00;227;sem vítima;331;BR-116/RJ;Pista Sul;Colisão traseira;2;2;0;0;0;0;1
14/03/2011;15:57:00;483;sem vítima;33;BR-116/SP;Pista Sul;Choque em objeto na pista;1;5;0;0;0;0;1
14/03/2011;17:49:00;573;sem vítima;42,1;BR-116/SP;Pista Sul;Choque em objeto fixo;1;3;0;0;0;0;1
14/03/2011;10:28:00;297;sem vítima;220;BR-116/SP;Pista Norte;Colisão traseira;2;4;0;0;0;0;1
14/03/2011;07:29:00;138;com vítima;228;BR-116/SP;Pista Norte;Engavetamento;2;2;1;0;0;0;1
14/03/2011;17:30:00;555;sem vítima;292,4;BR-116/RJ;Pista Sul;Choque em defensa;1;2;0;0;0;0;1
14/03/2011;23:49:00;743;sem vítima;332,97;BR-116/RJ;Pista Norte;Colisão traseira;2;2;0;0;0;0;1
15/03/2011;16:25:00;539;sem vítima;40;BR-116/SP;Pista Sul;Choque em objeto na pista;1;8;0;0;0;0;1
15/03/2011;17:54:00;592;sem vítima;72,5;BR-116/SP;Pista Norte;Choque em veículo parado na pista;1;2;0;0;0;0;1
15/03/2011;23:44:00;804;com vítima;126,85;BR-116/SP;Pista Sul;Atropelamento de pedestre caminhando;1;1;0;0;1;0;2
15/03/2011;09:26:00;263;sem vítima;165;BR-116/SP;Pista Norte;Colisão traseira;1;2;0;0;0;0;1
15/03/2011;11:49:00;376;sem vítima;165;BR-116/SP;Pista Sul;Engavetamento;2;4;0;0;0;0;1
15/03/2011;19:37:00;666;sem vítima;170,5;BR-116/RJ;Pista Sul;Abalroamento longitudinal;1;2;0;0;0;0;1
15/03/2011;11:49:00;378;sem vítima;200,8;BR-116/SP;Pista Sul;Choque em objeto na pista;1;2;0;0;0;0;1
15/03/2011;07:49:00;178;sem vítima;204;BR-116/SP;Pista Sul;Colisão traseira;1;2;0;0;0;0;1
15/03/2011;15:09:00;490;sem vítima;210;BR-116/SP;Pista Sul;Choque em objeto fixo;1;1;0;0;0;0;1
15/03/2011;04:54:00;65;sem vítima;220,6;BR-116/SP;Pista Sul;Colisão traseira;2;2;0;0;0;0;1
15/03/2011;15:51:00;516;sem vítima;225,8;BR-116/RJ;Pista Norte;Choque em objeto fixo;1;1;0;0;0;0;1
15/03/2011;17:38:00;580;sem vítima;300,95;BR-116/RJ;Pista Sul;Colisão traseira;2;2;0;0;0;0;1
15/03/2011;20:18:00;698;sem vítima;305;BR-116/RJ;Pista Sul;Abalroamento longitudinal;1;2;0;0;0;0;1
16/03/2011;09:47:00;235;sem vítima;21,9;BR-116/SP;Pista Norte;Tombamento;1;1;0;0;0;0;1
16/03/2011;05:29:00;68;sem vítima;93,4;BR-116/SP;Pista Norte;Atropelamento de animal;1;1;0;0;0;0;1
16/03/2011;00:30:00;8;com vítima;152;BR-116/SP;Pista Norte;Choque em veículo parado na pista;1;1;1;0;0;0;1
16/03/2011;20:22:00;639;sem vítima;184;BR-116/RJ;Pista Norte;Abalroamento longitudinal;1;2;0;0;0;0;1
16/03/2011;19:30:00;614;sem vítima;226,5;BR-116/SP;Pista Norte;Colisão traseira;1;2;0;0;0;0;1
16/03/2011;09:53:00;240;sem vítima;227,6;BR-116/RJ;Pista Norte;Colisão traseira;2;2;0;0;0;0;1
16/03/2011;06:08:00;80;com vítima;286;BR-116/RJ;Pista Norte;Choque em objeto fixo;1;0;0;1;0;0;2
16/03/2011;07:37:00;133;sem vítima;319;BR-116/RJ;Pista Sul;Colisão traseira;2;2;0;0;0;0;1
17/03/2011;15:23:00;510;sem vítima;38;BR-116/SP;Pista Norte;Choque em objeto fixo;1;1;0;0;0;0;1
17/03/2011;07:37:00;150;sem vítima;67;BR-116/SP;Pista Norte;Abalroamento longitudinal;2;2;0;0;0;0;1
17/03/2011;17:53:00;605;sem vítima;141;BR-116/SP;Pista Sul;Colisão traseira;1;2;0;0;0;0;1
17/03/2011;17:37:00;593;sem vítima;162;BR-116/SP;Pista Norte;Colisão traseira;1;6;0;0;0;0;1
17/03/2011;09:50:00;284;sem vítima;166,2;BR-116/RJ;Pista Sul;Abalroamento longitudinal;1;2;0;0;0;0;1
17/03/2011;09:55:00;289;sem vítima;208;BR-116/RJ;Pista Sul;Abalroamento longitudinal;1;2;0;0;0;0;1
17/03/2011;22:30:00;764;com vítima;219,7;BR-116/SP;Pista Norte;Engavetamento;1;3;1;0;0;0;1
17/03/2011;23:02:00;777;sem vítima;224,1;BR-116/SP;Pista Norte;Abalroamento longitudinal;1;3;0;0;0;0;1
17/03/2011;10:13:00;305;sem vítima;226;BR-116/RJ;Pista Norte;Colisão traseira;1;2;0;0;0;0;1
17/03/2011;05:08:00;65;com vítima;227,9;BR-116/SP;Pista Norte;Colisão traseira;2;1;2;0;0;0;1
17/03/2011;18:04:00;612;sem vítima;227,9;BR-116/SP;Pista Norte;Abalroamento longitudinal;1;3;0;0;0;0;1
18/03/2011;02:17:00;60;com vítima;140;BR-116/SP;Pista Sul;Colisão traseira;2;1;1;0;0;0;1
18/03/2011;07:46:00;193;sem vítima;144,4;BR-116/SP;Pista Sul;Engavetamento;2;4;0;0;0;0;1
18/03/2011;15:57:00;556;sem vítima;146;BR-116/SP;Pista Norte;Engavetamento;1;3;0;0;0;0;1
18/03/2011;20:47:00;745;sem vítima;165;BR-116/SP;Pista Norte;Colisão traseira;1;2;0;0;0;0;1
18/03/2011;10:50:00;374;com vítima;165,9;BR-116/RJ;Pista Sul;Abalroamento longitudinal;1;1;1;0;0;0;1
18/03/2011;09:31:00;317;sem vítima;167,4;BR-116/SP;Pista Sul;Colisão traseira;2;2;0;0;0;0;1
18/03/2011;15:44:00;546;sem vítima;173;BR-116/RJ;Pista Norte;Choque em defensa;1;1;0;0;0;0;1
18/03/2011;14:04:00;477;com vítima;178,8;BR-116/SP;Pista Sul;Choque em veículo parado na pista;1;1;0;1;0;1;3
18/03/2011;07:36:00;180;sem vítima;204;BR-116/SP;Pista Sul;Engavetamento;1;5;0;0;0;0;1
18/03/2011;22:06:00;798;sem vítima;219;BR-116/SP;Pista Sul;Abalroamento longitudinal;1;2;0;0;0;0;1
18/03/2011;03:53:00;78;com vítima;265,15;BR-116/RJ;Pista Norte;Colisão traseira;1;1;2;0;0;0;1
19/03/2011;15:24:00;464;sem vítima;86,95;BR-116/SP;Pista Sul;Engavetamento;2;3;0;0;0;0;1
19/03/2011;10:40:00;299;sem vítima;149;BR-116/SP;Pista Norte;Abalroamento longitudinal;2;3;0;0;0;0;1
19/03/2011;06:22:00;129;com vítima;175,4;BR-116/RJ;Pista Norte;Abalroamento longitudinal;1;2;0;0;0;1;3
19/03/2011;08:28:00;210;sem vítima;204;BR-116/SP;Pista Sul;Colisão traseira;1;2;0;0;0;0;1
19/03/2011;03:32:00;80;com vítima;208,08;BR-116/RJ;Pista Norte;Choque em defensa;1;0;0;1;0;0;2
19/03/2011;17:25:00;528;sem vítima;220,2;BR-116/SP;Pista Norte;Abalroamento longitudinal;1;4;0;0;0;0;1
19/03/2011;23:58:00;745;sem vítima;267;BR-116/RJ;Pista Sul;Outros;2;2;0;0;0;0;1
20/03/2011;17:27:00;409;sem vítima;165;BR-116/SP;Pista Norte;Colisão traseira;1;2;0;0;0;0;1
20/03/2011;20:56:00;531;com vítima;178,08;BR-116/RJ;Pista Norte;Abalroamento longitudinal;1;4;1;0;0;0;1
20/03/2011;15:40:00;357;sem vítima;222,4;BR-116/RJ;Pista Sul;Colisão traseira;1;2;0;0;0;0;1
20/03/2011;20:40:00;523;sem vítima;293,8;BR-116/RJ;Pista Norte;Abalroamento longitudinal;1;3;0;0;0;0;1
21/03/2011;15:04:00;481;com vítima;6,78;BR-116/SP;Pista Sul;Choque em veículo parado na pista;1;1;1;2;0;0;2
21/03/2011;05:16:00;70;sem vítima;48,8;BR-116/SP;Pista Sul;Queda de ribanceira;1;1;0;0;0;0;1
21/03/2011;20:12:00;693;com vítima;61,75;BR-116/SP;Pista Sul;Queda de moto;1;1;0;0;0;1;3
21/03/2011;16:05:00;525;com vítima;106;BR-116/SP;Pista Norte;Choque em objeto na pista;1;1;2;0;0;0;1
21/03/2011;07:38:00;168;sem vítima;139,5;BR-116/SP;Pista Sul;Colisão traseira;1;5;0;0;0;0;1
21/03/2011;08:54:00;244;sem vítima;154;BR-116/SP;Pista Norte;Colisão traseira;2;2;0;0;0;0;1
21/03/2011;16:05:00;524;sem vítima;164,9;BR-116/RJ;Pista Sul;Abalroamento longitudinal;1;27;0;0;0;0;1
21/03/2011;08:13:00;197;com vítima;178,5;BR-116/RJ;Pista Norte;Queda de moto;1;1;0;0;0;1;3
21/03/2011;10:57:00;341;sem vítima;183;BR-116/RJ;Pista Sul;Abalroamento longitudinal;1;2;0;0;0;0;1
21/03/2011;16:15:00;534;sem vítima;204;BR-116/SP;Pista Sul;Colisão traseira;2;2;0;0;0;0;1
21/03/2011;17:21:00;574;sem vítima;225;BR-116/SP;Pista Norte;Colisão traseira;2;2;0;0;0;0;1
21/03/2011;14:40:00;469;sem vítima;230,3;BR-116/RJ;Pista Norte;Choque em defensa;1;1;0;0;0;0;1
22/03/2011;14:01:00;413;sem vítima;97;BR-116/SP;Pista Norte;Abalroamento longitudinal;1;2;0;0;0;0;1
22/03/2011;08:48:00;209;sem vítima;100,7;BR-116/SP;Pista Norte;Abalroamento longitudinal;1;4;0;0;0;0;1
22/03/2011;22:45:00;730;com vítima;134,2;BR-116/SP;Pista Norte;Engavetamento;2;0;1;0;0;2;3
22/03/2011;19:13:00;621;sem vítima;155,1;BR-116/SP;Pista Norte;Colisão traseira;2;3;0;0;0;0;1
22/03/2011;10:31:00;290;sem vítima;165;BR-116/SP;Pista Norte;Colisão traseira;2;2;0;0;0;0;1
22/03/2011;15:50:00;485;sem vítima;165;BR-116/SP;Pista Sul;Colisão traseira;1;4;0;0;0;0;1
22/03/2011;17:26:00;558;com vítima;165;BR-116/SP;Pista Sul;Colisão traseira;2;1;1;0;0;0;1
22/03/2011;15:04:00;450;sem vítima;173,2;BR-116/RJ;Pista Sul;Abalroamento longitudinal;1;4;0;0;0;0;1
22/03/2011;23:44:00;750;sem vítima;179,1;BR-116/RJ;Pista Norte;Colisão traseira;1;2;0;0;0;0;1
22/03/2011;10:19:00;284;sem vítima;207;BR-116/RJ;Pista Sul;Choque em objeto na pista;1;3;0;0;0;0;1
22/03/2011;14:57:00;445;sem vítima;224;BR-116/RJ;Pista Norte;Abalroamento longitudinal;1;2;0;0;0;0;1
22/03/2011;23:34:00;747;com vítima;224;BR-116/SP;Pista Norte;Engavetamento;5;4;2;0;1;1;3
22/03/2011;23:36:00;748;sem vítima;224;BR-116/SP;Pista Norte;Não Def;1;1;0;0;0;0;1
22/03/2011;21:02:00;678;sem vítima;226,5;BR-116/SP;Pista Norte;Choque em veículo parado na pista;1;3;0;0;0;0;1
23/03/2011;18:51:00;580;sem vítima;102,5;BR-116/SP;Pista Sul;Engavetamento;1;3;0;0;0;0;1
23/03/2011;00:44:00;12;com vítima;133;BR-116/SP;Pista Sul;Colisão traseira;1;1;1;0;0;0;1
23/03/2011;05:26:00;65;sem vítima;150;BR-116/SP;Pista Norte;Colisão traseira;2;2;0;0;0;0;1
23/03/2011;07:52:00;155;sem vítima;158;BR-116/SP;Pista Norte;Colisão traseira;2;2;0;0;0;0;1
23/03/2011;22:22:00;689;com vítima;160;BR-116/SP;Pista Sul;Choque em defensa;3;2;1;0;0;0;1
23/03/2011;06:54:00;103;sem vítima;222;BR-116/RJ;Pista Norte;Colisão traseira;1;2;0;0;0;0;1
23/03/2011;13:23:00;394;sem vítima;222;BR-116/SP;Pista Norte;Abalroamento longitudinal;1;3;0;0;0;0;1
23/03/2011;03:43:00;41;sem vítima;222,05;BR-116/RJ;Pista Norte;Tombamento;1;1;0;0;0;0;1
23/03/2011;21:05:00;659;sem vítima;222,6;BR-116/SP;Pista Norte;Choque em veículo parado na pista;2;2;0;0;0;0;1
23/03/2011;19:58:00;625;sem vítima;275,2;BR-116/RJ;Pista Norte;Abalroamento longitudinal;2;2;0;0;0;0;1
23/03/2011;00:49:00;13;sem vítima;318,9;BR-116/RJ;Pista Norte;Colisão traseira;2;2;0;0;0;0;1
24/03/2011;05:50:00;95;sem vítima;20,1;BR-116/SP;Pista Norte;Choque em objeto fixo;1;1;0;0;0;0;1
24/03/2011;18:48:00;658;sem vítima;64,7;BR-116/SP;Pista Norte;Colisão traseira;2;18;0;0;0;0;1
24/03/2011;20:40:00;724;sem vítima;99;BR-116/SP;Pista Sul;Outros;1;1;0;0;0;0;1
24/03/2011;02:09:00;35;com vítima;133,68;BR-116/SP;Pista Sul;Colisão traseira;2;2;1;0;0;0;1
24/03/2011;08:45:00;253;sem vítima;134,3;BR-116/SP;Pista Norte;Colisão traseira;2;2;0;0;0;0;1
24/03/2011;06:06:00;101;sem vítima;165;BR-116/SP;Pista Sul;Colisão traseira;2;2;0;0;0;0;1
24/03/2011;06:22:00;112;sem vítima;165,3;BR-116/RJ;Pista Norte;Colisão traseira;1;4;0;0;0;0;1
24/03/2011;10:42:00;344;sem vítima;168;BR-116/SP;Pista Sul;Outros;1;1;0;0;0;0;1
24/03/2011;16:24:00;551;sem vítima;173,6;BR-116/RJ;Pista Sul;Engavetamento;1;4;0;0;0;0;1
24/03/2011;11:51:00;377;sem vítima;174,6;BR-116/RJ;Pista Norte;Colisão traseira;1;2;0;0;0;0;1
24/03/2011;10:25:00;330;sem vítima;182;BR-116/SP;Pista Norte;Colisão traseira;1;2;0;0;0;0;1
24/03/2011;15:15:00;504;sem vítima;222;BR-116/SP;Pista Norte;Abalroamento longitudinal;1;2;0;0;0;0;1
24/03/2011;19:11:00;675;sem vítima;224,2;BR-116/RJ;Pista Norte;Colisão traseira;2;2;0;0;0;0;1
24/03/2011;12:47:00;410;sem vítima;225;BR-116/SP;Pista Sul;Abalroamento longitudinal;1;2;0;0;0;0;1
24/03/2011;21:22:00;749;sem vítima;269,25;BR-116/RJ;Pista Norte;Choque em barreira New Jersey;1;5;0;0;0;0;1
24/03/2011;05:28:00;85;sem vítima;277,8;BR-116/RJ;Pista Sul;Colisão traseira;2;2;0;0;0;0;1
24/03/2011;13:45:00;445;sem vítima;310,1;BR-116/RJ;Pista Sul;Abalroamento longitudinal;2;2;0;0;0;0;1
25/03/2011;19:18:00;661;com vítima;143;BR-116/SP;Pista Sul;Colisão traseira;1;2;1;0;0;0;1
25/03/2011;18:33:00;624;sem vítima;154,4;BR-116/SP;Pista Norte;Choque em objeto fixo;1;1;0;0;0;0;1
25/03/2011;09:35:00;266;sem vítima;166;BR-116/RJ;Pista Norte;Colisão traseira;1;2;0;0;0;0;1
25/03/2011;05:22:00;76;sem vítima;169;BR-116/SP;Pista Sul;Colisão traseira;1;3;0;0;0;0;1
25/03/2011;19:12:00;656;sem vítima;171,7;BR-116/RJ;Pista Sul;Abalroamento longitudinal;1;2;0;0;0;0;1
25/03/2011;20:10:00;706;sem vítima;172,9;BR-116/RJ;Pista Sul;Abalroamento longitudinal;1;3;0;0;0;0;1
25/03/2011;13:42:00;428;com vítima;182;BR-116/SP;Pista Norte;Colisão traseira;1;2;1;0;0;0;1
25/03/2011;16:10:00;531;sem vítima;204;BR-116/SP;Pista Sul;Colisão traseira;1;2;0;0;0;0;1
25/03/2011;03:50:00;61;sem vítima;208;BR-116/RJ;Pista Norte;Choque em objeto na pista;1;1;0;0;0;0;1
25/03/2011;09:30:00;262;sem vítima;209,9;BR-116/SP;Pista Sul;Abalroamento longitudinal;1;4;0;0;0;0;1
25/03/2011;08:01:00;196;com vítima;224,1;BR-116/RJ;Pista Norte;Tombamento;1;1;2;0;0;0;1
25/03/2011;13:13:00;403;sem vítima;227;BR-116/SP;Pista Norte;Colisão traseira;1;41;0;0;0;0;1
25/03/2011;14:24:00;458;sem vítima;227;BR-116/SP;Pista Sul;Colisão traseira;1;4;0;0;0;0;1
25/03/2011;10:27:00;313;sem vítima;230;BR-116/SP;Pista Norte;Choque em defensa;1;1;0;0;0;0;1
25/03/2011;10:21:00;309;sem vítima;230,5;BR-116/SP;Pista Sul;Abalroamento longitudinal;1;2;0;0;0;0;1
25/03/2011;19:45:00;684;sem vítima;233,1;BR-116/RJ;Pista Sul;Abalroamento longitudinal;1;2;0;0;0;0;1
25/03/2011;20:02:00;700;sem vítima;233,2;BR-116/RJ;Pista Sul;Choque em objeto na pista;1;1;0;0;0;0;1
25/03/2011;02:49:00;49;sem vítima;293,08;BR-116/RJ;Pista Norte;Colisão traseira;2;2;0;0;0;0;1
26/03/2011;09:03:00;211;com vítima;84,9;BR-116/SP;Pista Sul;Colisão traseira;1;2;0;1;0;0;2
26/03/2011;00:46:00;17;sem vítima;104,3;BR-116/SP;Pista Sul;Choque em veículo parado na pista;2;2;0;0;0;0;1
26/03/2011;03:58:00;67;sem vítima;207;BR-116/RJ;Pista Sul;Choque em objeto fixo;1;1;0;0;0;0;1
26/03/2011;14:32:00;427;com vítima;226,4;BR-116/RJ;Pista Sul;Colisão traseira;2;1;0;1;0;0;2
27/03/2011;19:43:00;543;sem vítima;137;BR-116/SP;Pista Norte;Choque em objeto na pista;1;6;0;0;0;0;1
27/03/2011;14:20:00;329;com vítima;167;BR-116/SP;Pista Norte;Abalroamento longitudinal;1;2;1;0;0;0;1
27/03/2011;12:28:00;284;sem vítima;289;BR-116/RJ;Pista Sul;Choque em objeto na pista;1;6;0;0;0;0;1
27/03/2011;11:10:00;239;com vítima;290,58;BR-116/RJ;Pista Sul;Choque em barreira New Jersey;1;0;0;1;0;0;2
28/03/2011;20:15:00;688;sem vítima;64;BR-116/SP;Pista Sul;Colisão traseira;2;2;0;0;0;0;1
28/03/2011;00:19:00;1;com vítima;130;BR-116/SP;Pista Norte;Colisão traseira;1;1;1;0;0;0;1
28/03/2011;15:11:00;470;sem vítima;164;BR-116/SP;Pista Sul;Tombamento;1;1;0;0;0;0;1
28/03/2011;15:52:00;494;sem vítima;165;BR-116/RJ;Pista Sul;Abalroamento longitudinal;1;2;0;0;0;0;1
28/03/2011;05:44:00;75;sem vítima;165;BR-116/SP;Pista Sul;Colisão traseira;1;3;0;0;0;0;1
28/03/2011;16:10:00;503;sem vítima;166,1;BR-116/RJ;Pista Sul;Engavetamento;2;3;0;0;0;0;1
28/03/2011;13:40:00;420;com vítima;171,4;BR-116/RJ;Pista Sul;Capotamento;1;0;1;0;0;0;1
28/03/2011;14:33:00;449;sem vítima;208,4;BR-116/SP;Pista Sul;Choque em objeto fixo;1;1;0;0;0;0;1
28/03/2011;08:02:00;179;sem vítima;214,9;BR-116/RJ;Pista Norte;Colisão traseira;2;2;0;0;0;0;1
28/03/2011;13:06:00;398;sem vítima;216,9;BR-116/SP;Pista Norte;Colisão traseira;2;3;0;0;0;0;1
28/03/2011;19:25:00;641;sem vítima;219;BR-116/SP;Pista Sul;Choque em objeto na pista;1;1;0;0;0;0;1
28/03/2011;13:43:00;421;sem vítima;220;BR-116/SP;Pista Norte;Colisão traseira;1;2;0;0;0;0;1
28/03/2011;07:30:00;143;sem vítima;222,6;BR-116/RJ;Pista Norte;Colisão traseira;1;2;0;0;0;0;1
28/03/2011;01:03:00;18;com vítima;234,5;BR-116/RJ;Pista Norte;Colisão traseira;2;1;1;0;0;0;1
28/03/2011;14:25:00;444;com vítima;273,3;BR-116/RJ;Pista Sul;Tombamento;2;1;1;0;0;0;1
28/03/2011;21:49:00;736;com vítima;277,7;BR-116/RJ;Pista Sul;Colisão traseira;2;1;1;0;0;0;1
29/03/2011;18:34:00;626;sem vítima;49;BR-116/SP;Pista Norte;Colisão traseira;1;3;0;0;0;0;1
29/03/2011;20:45:00;698;sem vítima;49;BR-116/SP;Pista Norte;Colisão traseira;2;2;0;0;0;0;1
29/03/2011;21:07:00;712;com vítima;58,6;BR-116/SP;Pista Norte;Engavetamento;3;4;0;1;0;1;3
29/03/2011;22:26:00;751;com vítima;64,2;BR-116/SP;Pista Norte;Colisão traseira;2;1;0;1;0;0;2
29/03/2011;07:19:00;142;sem vítima;86,8;BR-116/SP;Pista Norte;Colisão traseira;1;2;0;0;0;0;1
29/03/2011;17:26:00;578;sem vítima;107;BR-116/SP;Pista Norte;Abalroamento longitudinal;1;3;0;0;0;0;1
29/03/2011;08:37:00;228;sem vítima;140,8;BR-116/SP;Pista Norte;Colisão traseira;2;2;0;0;0;0;1
29/03/2011;11:30:00;366;com vítima;172,85;BR-116/RJ;Pista Sul;Colisão traseira;1;2;2;0;0;0;1
29/03/2011;08:44:00;233;sem vítima;183,6;BR-116/RJ;Pista Norte;Abalroamento longitudinal;1;2;0;0;0;0;1
29/03/2011;13:13:00;434;sem vítima;204;BR-116/SP;Pista Norte;Colisão traseira;1;2;0;0;0;0;1
29/03/2011;06:41:00;106;sem vítima;220,4;BR-116/SP;Pista Norte;Abalroamento longitudinal;1;3;0;0;0;0;1
29/03/2011;00:35:00;9;com vítima;224,1;BR-116/RJ;Pista Norte;Choque Talude;1;0;0;1;0;0;2
29/03/2011;20:54:00;703;sem vítima;224,7;BR-116/RJ;Pista Norte;Choque em objeto fixo;1;1;0;0;0;0;1
29/03/2011;12:20:00;403;sem vítima;254,9;BR-116/RJ;Pista Sul;Choque Talude;1;1;0;0;0;0;1
29/03/2011;19:34:00;666;com vítima;258,6;BR-116/RJ;Pista Sul;Outros;2;1;1;0;0;0;1
29/03/2011;21:05:00;710;sem vítima;267;BR-116/RJ;Pista Sul;Atropelamento de animal;3;5;0;0;0;0;1
29/03/2011;17:30:00;584;sem vítima;285,4;BR-116/RJ;Pista Norte;Colisão traseira;1;2;0;0;0;0;1
30/03/2011;22:50:00;760;sem vítima;63,5;BR-116/SP;Pista Sul;Colisão traseira;1;2;0;0;0;0;1
30/03/2011;04:53:00;96;com vítima;104;BR-116/SP;Pista Norte;Choque em barreira New Jersey;1;1;0;0;1;0;2
30/03/2011;18:04:00;617;sem vítima;148;BR-116/SP;Pista Norte;Engavetamento;1;4;0;0;0;0;1
30/03/2011;06:59:00;171;sem vítima;164,5;BR-116/RJ;Pista Norte;Abalroamento longitudinal;1;2;0;0;0;0;1
30/03/2011;06:31:00;136;com vítima;164,7;BR-116/RJ;Pista Norte;Abalroamento longitudinal;1;2;1;0;0;0;1