data;horario;n_da_ocorrencia;tipo_de_ocorrencia;km;trecho;sentido;tipo_de_acidente;caminhao;ilesos;levemente_feridos;moderadamente_feridos;gravemente_feridos;mortos;3
19/04/2011;05:22:00;76;sem vítima;229;BR-116/SP;Pista Sul;Abalroamento longitudinal;1;2;0;0;0;0;1
19/04/2011;07:48:00;187;sem vítima;246,4;BR-116/RJ;Pista Norte;Abalroamento longitudinal;1;2;0;0;0;0;1
19/04/2011;21:15:00;755;sem vítima;299,37;BR-116/RJ;Pista Norte;Abalroamento longitudinal;1;3;0;0;0;0;1
20/04/2011;06:56:00;146;com vítima;158;BR-116/SP;Pista Norte;Engavetamento;3;25;1;0;0;0;1
20/04/2011;08:28:00;239;sem vítima;166;BR-116/SP;Pista Norte;Abalroamento longitudinal;1;3;0;0;0;0;1
20/04/2011;18:04:00;667;sem vítima;167,2;BR-116/RJ;Pista Sul;Colisão traseira;1;2;0;0;0;0;1
20/04/2011;21:23:00;831;sem vítima;170,1;BR-116/RJ;Pista Sul;Abalroamento longitudinal;1;4;0;0;0;0;1
20/04/2011;17:41:00;646;sem vítima;172,8;BR-116/RJ;Pista Sul;Abalroamento longitudinal;1;2;0;0;0;0;1
20/04/2011;14:33:00;503;sem vítima;182;BR-116/RJ;Pista Norte;Engavetamento;1;9;0;0;0;0;1
20/04/2011;16:37:00;596;sem vítima;182;BR-116/SP;Pista Norte;Colisão traseira;1;2;0;0;0;0;1
20/04/2011;00:22:00;10;sem vítima;207;BR-116/RJ;Pista Norte;Colisão traseira;2;2;0;0;0;0;1
20/04/2011;12:24:00;421;com vítima;213,4;BR-116/SP;Pista Norte;Abalroamento longitudinal;2;1;2;0;1;0;2
20/04/2011;11:15:00;381;sem vítima;227;BR-116/SP;Pista Sul;Outros;2;2;0;0;0;0;1
20/04/2011;13:53:00;475;com vítima;227;BR-116/SP;Pista Norte;Engavetamento;1;4;1;0;0;0;1
20/04/2011;19:20:00;742;com vítima;229;BR-116/RJ;Pista Norte;Engavetamento;1;9;5;1;0;0;2
20/04/2011;05:32:00;92;sem vítima;242,56;BR-116/RJ;Pista Norte;Abalroamento longitudinal;1;1;0;0;0;0;1
20/04/2011;06:27:00;117;sem vítima;272,4;BR-116/RJ;Pista Norte;Abalroamento longitudinal;1;2;0;0;0;0;1
20/04/2011;14:06:00;483;com vítima;273,8;BR-116/RJ;Pista Sul;Abalroamento longitudinal;1;1;1;0;0;0;1
20/04/2011;12:25:00;424;sem vítima;307,85;BR-116/RJ;Pista Norte;Choque em veículo parado na pista;2;2;0;0;0;0;1
20/04/2011;18:33:00;689;sem vítima;317,6;BR-116/RJ;Pista Norte;Abalroamento longitudinal;1;4;0;0;0;0;1
21/04/2011;12:05:00;441;com vítima;61,1;BR-116/SP;Pista Sul;Colisão traseira;1;1;0;0;1;0;2
21/04/2011;06:38:00;144;sem vítima;115,6;BR-116/SP;Pista Norte;Colisão traseira;1;3;0;0;0;0;1
21/04/2011;12:39:00;458;sem vítima;165;BR-116/SP;Pista Norte;Abalroamento longitudinal;1;3;0;0;0;0;1
21/04/2011;14:30:00;539;sem vítima;165;BR-116/SP;Pista Norte;Colisão traseira;1;5;0;0;0;0;1
21/04/2011;14:00:00;510;sem vítima;178,6;BR-116/SP;Pista Norte;Choque em objeto fixo;1;2;0;0;0;0;1
21/04/2011;12:03:00;436;sem vítima;179,7;BR-116/SP;Pista Norte;Colisão traseira;1;2;0;0;0;0;1
21/04/2011;10:09:00;326;sem vítima;197,2;BR-116/RJ;Pista Sul;Engavetamento;1;8;0;0;0;0;1
21/04/2011;23:50:00;867;sem vítima;197,3;BR-116/SP;Pista Sul;Colisão traseira;1;3;0;0;0;0;1
21/04/2011;19:32:00;767;sem vítima;263,7;BR-116/RJ;Pista Norte;Choque em objeto na pista;1;11;0;0;0;0;1
22/04/2011;20:36:00;527;sem vítima;162;BR-116/SP;Pista Sul;Abalroamento longitudinal;1;8;0;0;0;0;1
22/04/2011;07:36:00;150;com vítima;191;BR-116/RJ;Pista Norte;Colisão traseira;1;2;0;2;0;0;2
22/04/2011;13:59:00;337;sem vítima;222;BR-116/SP;Pista Norte;Colisão traseira;1;2;0;0;0;0;1
22/04/2011;19:23:00;493;com vítima;310,8;BR-116/RJ;Pista Norte;Colisão traseira;1;1;0;1;0;0;2
23/04/2011;20:59:00;550;sem vítima;110,4;BR-116/SP;Pista Norte;Engavetamento;1;7;0;0;0;0;1
24/04/2011;15:53:00;455;sem vítima;238;BR-116/RJ;Pista Norte;Outros;1;3;0;0;0;0;1
24/04/2011;05:07:00;72;com vítima;329,85;BR-116/RJ;Pista Sul;Colisão traseira;1;5;2;0;0;0;1
25/04/2011;18:49:00;655;com vítima;69,35;BR-116/SP;Pista Norte;Choque em veículo parado na pista;1;9;1;0;0;0;1
25/04/2011;07:42:00;174;sem vítima;164,9;BR-116/RJ;Pista Norte;Colisão traseira;2;2;0;0;0;0;1
25/04/2011;22:55:00;775;sem vítima;197,1;BR-116/RJ;Pista Sul;Choque em defensa;1;1;0;0;0;0;1
25/04/2011;07:00:00;132;sem vítima;199,9;BR-116/RJ;Pista Sul;Colisão traseira;1;5;0;0;0;0;1
25/04/2011;17:48:00;611;sem vítima;207,4;BR-116/SP;Pista Norte;Choque em objeto fixo;1;1;0;0;0;0;1
25/04/2011;17:07:00;570;sem vítima;210,5;BR-116/SP;Pista Sul;Choque em objeto fixo;1;1;0;0;0;0;1
25/04/2011;11:59:00;364;sem vítima;230;BR-116/SP;Pista Sul;Abalroamento longitudinal;1;4;0;0;0;0;1
25/04/2011;22:44:00;770;com vítima;286,35;BR-116/RJ;Pista Sul;Colisão traseira;1;1;1;0;0;0;1
26/04/2011;16:51:00;491;sem vítima;22,85;BR-116/SP;Pista Norte;Colisão traseira;1;5;0;0;0;0;1
26/04/2011;04:07:00;50;sem vítima;107;BR-116/SP;Pista Norte;Choque em objeto na pista;1;4;0;0;0;0;1
26/04/2011;07:23:00;131;sem vítima;145,3;BR-116/SP;Pista Sul;Colisão traseira;1;2;0;0;0;0;1
26/04/2011;22:16:00;681;sem vítima;172;BR-116/RJ;Pista Norte;Abalroamento longitudinal;2;2;0;0;0;0;1
26/04/2011;08:10:00;180;sem vítima;182;BR-116/SP;Pista Norte;Colisão traseira;1;2;0;0;0;0;1
26/04/2011;10:02:00;276;sem vítima;182;BR-116/SP;Pista Norte;Colisão traseira;1;2;0;0;0;0;1
26/04/2011;03:37:00;41;sem vítima;222,6;BR-116/RJ;Pista Norte;Tombamento;1;1;0;0;0;0;1
26/04/2011;14:29:00;427;sem vítima;226;BR-116/RJ;Pista Norte;Abalroamento longitudinal;2;2;0;0;0;0;1
26/04/2011;07:16:00;123;sem vítima;227;BR-116/RJ;Pista Norte;Colisão traseira;1;2;0;0;0;0;1
26/04/2011;13:01:00;370;sem vítima;232;BR-116/RJ;Pista Norte;Colisão traseira;1;1;0;0;0;0;1
26/04/2011;08:16:00;186;com vítima;239,2;BR-116/RJ;Pista Norte;Colisão traseira;1;4;1;0;0;0;1
27/04/2011;21:31:00;691;sem vítima;38,5;BR-116/SP;Pista Norte;Choque em objeto fixo;1;1;0;0;0;0;1
27/04/2011;17:51:00;554;sem vítima;126,2;BR-116/SP;Pista Norte;Colisão traseira;1;3;0;0;0;0;1
27/04/2011;21:47:00;695;sem vítima;157,8;BR-116/SP;Pista Norte;Colisão traseira;1;2;0;0;0;0;1
27/04/2011;20:43:00;670;sem vítima;159,9;BR-116/SP;Pista Norte;Queda de ribanceira;1;1;0;0;0;0;1
27/04/2011;08:01:00;179;sem vítima;165;BR-116/RJ;Pista Sul;Colisão traseira;1;2;0;0;0;0;1
27/04/2011;13:43:00;429;sem vítima;177,7;BR-116/RJ;Pista Sul;Abalroamento longitudinal;1;2;0;0;0;0;1
27/04/2011;03:40:00;50;sem vítima;206,4;BR-116/RJ;Pista Norte;Colisão traseira;2;2;0;0;0;0;1
27/04/2011;13:08:00;407;com vítima;215,8;BR-116/SP;Pista Norte;Colisão traseira;2;1;1;0;0;0;1
27/04/2011;13:13:00;410;sem vítima;305,5;BR-116/RJ;Pista Norte;Outros;2;2;0;0;0;0;1
28/04/2011;14:25:00;443;sem vítima;86;BR-116/SP;Pista Norte;Abalroamento longitudinal;1;2;0;0;0;0;1
28/04/2011;21:29:00;718;sem vítima;126;BR-116/SP;Pista Norte;Atropelamento de animal;1;1;0;0;0;0;1
28/04/2011;18:56:00;624;sem vítima;133;BR-116/SP;Pista Norte;Abalroamento longitudinal;1;2;0;0;0;0;1
28/04/2011;09:51:00;276;sem vítima;144;BR-116/SP;Pista Sul;Abalroamento longitudinal;2;2;0;0;0;0;1
28/04/2011;17:46:00;570;sem vítima;157,7;BR-116/SP;Pista Sul;Colisão traseira;1;2;0;0;0;0;1
28/04/2011;07:36:00;150;sem vítima;168;BR-116/RJ;Pista Norte;Abalroamento longitudinal;1;2;0;0;0;0;1
28/04/2011;08:37:00;211;sem vítima;168;BR-116/RJ;Pista Norte;Abalroamento longitudinal;1;2;0;0;0;0;1
28/04/2011;21:09:00;707;com vítima;184;BR-116/SP;Pista Sul;Colisão traseira;2;3;0;1;1;0;2
28/04/2011;05:44:00;69;sem vítima;210,8;BR-116/SP;Pista Sul;Colisão traseira;2;2;0;0;0;0;1
28/04/2011;13:21:00;395;sem vítima;230,4;BR-116/SP;Pista Sul;Choque em barreira New Jersey;1;1;0;0;0;0;1
29/04/2011;04:59:00;59;com vítima;64,7;BR-116/SP;Pista Norte;Tombamento;1;0;1;1;0;0;2
29/04/2011;23:19:00;767;com vítima;110;BR-116/SP;Pista Norte;Colisão traseira;1;4;2;0;0;0;1
29/04/2011;23:38:00;777;com vítima;117;BR-116/SP;Pista Norte;Tombamento;1;0;0;1;0;0;2
29/04/2011;21:55:00;728;sem vítima;141;BR-116/SP;Pista Norte;Choque em objeto fixo;1;1;0;0;0;0;1
29/04/2011;11:11:00;328;sem vítima;146;BR-116/SP;Pista Norte;Abalroamento longitudinal;1;2;0;0;0;0;1
29/04/2011;01:27:00;22;sem vítima;159;BR-116/SP;Pista Norte;Abalroamento longitudinal;2;3;0;0;0;0;1
29/04/2011;04:40:00;53;sem vítima;171,8;BR-116/RJ;Pista Norte;Engavetamento;2;3;0;0;0;0;1
29/04/2011;14:50:00;463;sem vítima;186;BR-116/SP;Pista Sul;Abalroamento longitudinal;1;2;0;0;0;0;1
29/04/2011;20:55:00;695;sem vítima;205,2;BR-116/SP;Pista Sul;Abalroamento longitudinal;2;2;0;0;0;0;1
29/04/2011;16:37:00;528;sem vítima;211;BR-116/SP;Pista Norte;Abalroamento longitudinal;1;3;0;0;0;0;1
29/04/2011;23:27:00;771;sem vítima;211;BR-116/SP;Pista Norte;Abalroamento longitudinal;1;2;0;0;0;0;1
29/04/2011;22:22:00;746;sem vítima;217;BR-116/RJ;Pista Sul;Choque em objeto fixo;1;1;0;0;0;0;1
29/04/2011;11:39:00;343;sem vítima;218,6;BR-116/RJ;Pista Sul;Outros;1;1;0;0;0;0;1
29/04/2011;18:11:00;584;sem vítima;219;BR-116/SP;Pista Norte;Não Def;1;1;0;0;0;0;1
29/04/2011;09:11:00;251;com vítima;222,6;BR-116/RJ;Pista Norte;Tombamento;1;0;0;1;0;0;2
29/04/2011;07:53:00;173;sem vítima;224,4;BR-116/RJ;Pista Norte;Choque em barreira New Jersey;1;2;0;0;0;0;1
29/04/2011;11:03:00;320;sem vítima;226,3;BR-116/RJ;Pista Norte;Colisão traseira;1;3;0;0;0;0;1
29/04/2011;11:21:00;333;sem vítima;226,5;BR-116/RJ;Pista Norte;Colisão traseira;1;2;0;0;0;0;1
29/04/2011;21:27:00;709;com vítima;229;BR-116/SP;Pista Sul;Engavetamento;4;2;1;0;1;0;2
29/04/2011;12:19:00;360;sem vítima;319;BR-116/RJ;Pista Sul;Choque em objeto fixo;1;1;0;0;0;0;1
30/04/2011;14:39:00;384;sem vítima;36;BR-116/SP;Pista Sul;Outros;1;1;0;0;0;0;1
30/04/2011;05:58:00;89;sem vítima;126,2;BR-116/SP;Pista Sul;Engavetamento;1;7;0;0;0;0;1
30/04/2011;04:44:00;72;com vítima;127,6;BR-116/SP;Pista Sul;Choque em barreira New Jersey;2;0;1;0;2;2;3
30/04/2011;11:54:00;286;sem vítima;201,25;BR-116/RJ;Pista Norte;Abalroamento longitudinal;1;2;0;0;0;0;1
01/05/2011;16:05:00;395;sem vítima;53;BR-116/SP;Pista Sul;Abalroamento longitudinal;1;2;0;0;0;0;1
01/05/2011;16:56:00;434;sem vítima;117;BR-116/SP;Pista Norte;Choque em barreira New Jersey;1;4;0;0;0;0;1
01/05/2011;23:26:00;631;sem vítima;172,35;BR-116/RJ;Pista Sul;Abalroamento longitudinal;1;5;0;0;0;0;1
01/05/2011;03:38:00;55;sem vítima;279;BR-116/RJ;Pista Norte;Choque em objeto fixo;1;1;0;0;0;0;1
02/05/2011;18:43:00;647;sem vítima;41;BR-116/SP;Pista Norte;Colisão traseira;2;3;0;0;0;0;1
02/05/2011;15:17:00;489;sem vítima;165;BR-116/SP;Pista Sul;Colisão traseira;1;5;0;0;0;0;1
02/05/2011;09:35:00;297;sem vítima;179,5;BR-116/RJ;Pista Norte;Colisão traseira;1;3;0;0;0;0;1
02/05/2011;20:30:00;696;com vítima;221;BR-116/SP;Pista Norte;Abalroamento longitudinal;1;1;1;0;0;0;1
02/05/2011;14:30:00;461;com vítima;226,7;BR-116/SP;Pista Sul;Colisão traseira;1;1;0;0;0;1;3
02/05/2011;13:26:00;425;com vítima;229,95;BR-116/SP;Pista Sul;Choque em veículo parado na pista;2;0;0;0;1;1;3
02/05/2011;19:12:00;661;com vítima;324,8;BR-116/RJ;Pista Norte;Colisão traseira;1;1;1;0;0;0;1
03/05/2011;04:23:00;61;sem vítima;2,65;BR-116/SP;Pista Sul;Choque em barreira New Jersey;1;1;0;0;0;0;1
03/05/2011;10:59:00;313;sem vítima;58,4;BR-116/SP;Pista Norte;Choque em barreira New Jersey;2;2;0;0;0;0;1
03/05/2011;09:24:00;248;sem vítima;97;BR-116/SP;Pista Norte;Colisão traseira;3;4;0;0;0;0;1
03/05/2011;23:23:00;735;sem vítima;100,75;BR-116/SP;Pista Sul;Choque em objeto fixo;1;1;0;0;0;0;1
03/05/2011;14:44:00;464;sem vítima;120,5;BR-116/SP;Pista Sul;Abalroamento longitudinal;2;3;0;0;0;0;1
03/05/2011;13:58:00;425;sem vítima;173;BR-116/RJ;Pista Norte;Abalroamento longitudinal;1;2;0;0;0;0;1
03/05/2011;03:50:00;51;sem vítima;175,5;BR-116/RJ;Pista Norte;Colisão traseira;2;3;0;0;0;0;1
03/05/2011;14:34:00;453;sem vítima;179;BR-116/SP;Pista Sul;Outros;1;1;0;0;0;0;1
03/05/2011;00:42:00;16;com vítima;192,6;BR-116/SP;Pista Sul;Choque em objeto na pista;1;3;1;0;0;0;1
03/05/2011;15:35:00;508;sem vítima;222;BR-116/SP;Pista Norte;Abalroamento transversal;2;2;0;0;0;0;1
03/05/2011;17:15:00;563;sem vítima;224;BR-116/SP;Pista Norte;Colisão traseira;1;2;0;0;0;0;1
03/05/2011;18:57:00;606;com vítima;229;BR-116/SP;Pista Norte;Abalroamento longitudinal;1;1;0;1;0;0;2
03/05/2011;21:25:00;682;sem vítima;298,8;BR-116/RJ;Pista Sul;Colisão traseira;2;2;0;0;0;0;1
03/05/2011;18:15:00;590;sem vítima;318,9;BR-116/RJ;Pista Sul;Colisão traseira;1;3;0;0;0;0;1
03/05/2011;08:40:00;214;com vítima;319;BR-116/RJ;Pista Sul;Colisão traseira;1;1;1;0;0;0;1
04/05/2011;20:12:00;632;sem vítima;58;BR-116/SP;Pista Norte;Abalroamento longitudinal;1;2;0;0;0;0;1
04/05/2011;13:23:00;387;com vítima;102,3;BR-116/SP;Pista Norte;Tombamento;1;1;1;0;0;0;1
04/05/2011;06:54:00;92;com vítima;108,52;BR-116/SP;Pista Sul;Tombamento;1;1;0;0;0;1;3
04/05/2011;20:26:00;638;sem vítima;166,8;BR-116/SP;Pista Sul;Choque em barreira New Jersey;1;1;0;0;0;0;1
04/05/2011;19:37:00;608;sem vítima;172,8;BR-116/RJ;Pista Sul;Abalroamento longitudinal;1;2;0;0;0;0;1
04/05/2011;21:58:00;688;sem vítima;199;BR-116/SP;Pista Sul;Colisão traseira;1;2;0;0;0;0;1
04/05/2011;05:28:00;61;com vítima;204;BR-116/SP;Pista Sul;Colisão traseira;1;1;2;0;0;0;1
04/05/2011;15:20:00;461;sem vítima;210,1;BR-116/SP;Pista Sul;Abalroamento longitudinal;1;2;0;0;0;0;1
04/05/2011;22:30:00;703;sem vítima;225,7;BR-116/SP;Pista Norte;Choque em defensa;2;2;0;0;0;0;1
04/05/2011;16:44:00;521;sem vítima;273,2;BR-116/RJ;Pista Sul;Outros;1;1;0;0;0;0;1
04/05/2011;13:43:00;397;sem vítima;319;BR-116/RJ;Pista Norte;Choque em barreira New Jersey;1;1;0;0;0;0;1
05/05/2011;07:52:00;182;sem vítima;0,9;BR-116/SP;Pista Norte;Colisão traseira;1;2;0;0;0;0;1
05/05/2011;22:42:00;748;sem vítima;110,4;BR-116/SP;Pista Norte;Colisão traseira;1;2;0;0;0;0;1
05/05/2011;18:32:00;623;com vítima;144,8;BR-116/SP;Pista Sul;Queda de moto;1;1;0;1;0;0;2
05/05/2011;07:05:00;129;sem vítima;161;BR-116/SP;Pista Norte;Abalroamento longitudinal;1;2;0;0;0;0;1
05/05/2011;10:58:00;351;sem vítima;163,5;BR-116/SP;Pista Norte;Colisão traseira;2;2;0;0;0;0;1
05/05/2011;15:37:00;513;sem vítima;173;BR-116/RJ;Pista Sul;Colisão traseira;1;3;0;0;0;0;1
05/05/2011;13:47:00;450;sem vítima;175,5;BR-116/RJ;Pista Norte;Engavetamento;1;3;0;0;0;0;1
05/05/2011;00:08:00;2;sem vítima;176,5;BR-116/RJ;Pista Norte;Não Def;1;2;0;0;0;0;1
05/05/2011;17:36:00;591;com vítima;219;BR-116/SP;Pista Norte;Queda de moto;1;1;0;0;0;1;3
05/05/2011;07:53:00;184;sem vítima;222;BR-116/SP;Pista Sul;Abalroamento longitudinal;1;2;0;0;0;0;1
05/05/2011;03:53:00;53;sem vítima;223,9;BR-116/RJ;Pista Sul;Choque em objeto fixo;1;1;0;0;0;0;1
05/05/2011;11:00:00;354;sem vítima;278,85;BR-116/RJ;Pista Sul;Choque em barreira New Jersey;1;1;0;0;0;0;1
06/05/2011;19:18:00;696;sem vítima;84,8;BR-116/SP;Pista Sul;Abalroamento longitudinal;1;2;0;0;0;0;1
06/05/2011;21:29:00;795;sem vítima;146,8;BR-116/SP;Pista Sul;Colisão traseira;1;2;0;0;0;0;1
06/05/2011;18:31:00;657;sem vítima;147;BR-116/SP;Pista Norte;Abalroamento longitudinal;1;2;0;0;0;0;1
06/05/2011;13:30:00;444;sem vítima;158,7;BR-116/SP;Pista Norte;Colisão traseira;2;2;0;0;0;0;1
06/05/2011;18:01:00;634;sem vítima;159;BR-116/SP;Pista Norte;Colisão traseira;1;2;0;0;0;0;1
06/05/2011;15:37:00;537;sem vítima;163,4;BR-116/RJ;Pista Sul;Abalroamento longitudinal;1;3;0;0;0;0;1
06/05/2011;21:37:00;799;sem vítima;163,9;BR-116/RJ;Pista Sul;Abalroamento longitudinal;1;2;0;0;0;0;1
06/05/2011;22:37:00;839;sem vítima;172,4;BR-116/RJ;Pista Sul;Abalroamento longitudinal;1;2;0;0;0;0;1
06/05/2011;18:31:00;659;sem vítima;173,6;BR-116/RJ;Pista Sul;Colisão traseira;1;2;0;0;0;0;1
06/05/2011;19:01:00;685;com vítima;174;BR-116/RJ;Pista Sul;Abalroamento longitudinal;1;1;1;0;0;0;1
06/05/2011;00:38:00;10;com vítima;207,6;BR-116/RJ;Pista Sul;Colisão traseira;1;1;1;0;0;0;1
06/05/2011;12:39:00;415;com vítima;218,34;BR-116/SP;Pista Sul;Engavetamento;1;3;3;0;0;0;1
06/05/2011;14:34:00;493;sem vítima;221;BR-116/SP;Pista Norte;Colisão traseira;2;2;0;0;0;0;1
06/05/2011;05:41:00;91;com vítima;268,05;BR-116/RJ;Pista Norte;Tombamento;1;0;1;0;0;0;1
06/05/2011;15:25:00;523;sem vítima;270;BR-116/RJ;Pista Sul;Abalroamento longitudinal;2;2;0;0;0;0;1
07/05/2011;04:51:00;82;sem vítima;20,6;BR-116/SP;Pista Sul;Choque em barreira New Jersey;1;1;0;0;0;0;1
07/05/2011;03:20:00;64;sem vítima;67,4;BR-116/SP;Pista Norte;Choque em objeto fixo;1;3;0;0;0;0;1
07/05/2011;17:13:00;511;sem vítima;211;BR-116/SP;Pista Norte;Abalroamento longitudinal;1;3;0;0;0;0;1
07/05/2011;13:10:00;363;sem vítima;223;BR-116/SP;Pista Sul;Abalroamento longitudinal;1;2;0;0;0;0;1
08/05/2011;04:18:00;66;com vítima;156;BR-116/SP;Pista Sul;Colisão traseira;1;1;1;1;0;0;2
08/05/2011;00:32:00;6;com vítima;177,4;BR-116/RJ;Pista Norte;Abalroamento longitudinal;1;2;2;0;0;0;1
08/05/2011;00:59:00;16;sem vítima;230,8;BR-116/SP;Pista Sul;Abalroamento longitudinal;1;4;0;0;0;0;1
08/05/2011;19:29:00;544;sem vítima;318,9;BR-116/RJ;Pista Norte;Abalroamento longitudinal;2;2;0;0;0;0;1
09/05/2011;15:30:00;469;com vítima;58,6;BR-116/SP;Pista Norte;Choque em barreira New Jersey;1;0;1;1;0;0;2
09/05/2011;07:34:00;135;sem vítima;84,3;BR-116/SP;Pista Sul;Colisão traseira;3;3;0;0;0;0;1
09/05/2011;20:01:00;637;com vítima;167,5;BR-116/SP;Pista Sul;Colisão traseira;1;1;1;0;0;0;1
09/05/2011;21:38:00;694;sem vítima;170,7;BR-116/RJ;Pista Norte;Abalroamento longitudinal;1;3;0;0;0;0;1
09/05/2011;19:58:00;634;sem vítima;172,2;BR-116/RJ;Pista Sul;Colisão traseira;1;2;0;0;0;0;1
09/05/2011;22:58:00;720;sem vítima;173;BR-116/SP;Pista Norte;Colisão traseira;2;2;0;0;0;0;1
09/05/2011;21:15:00;683;com vítima;183,1;BR-116/SP;Pista Sul;Colisão traseira;2;1;1;0;0;0;1
09/05/2011;16:22:00;494;sem vítima;225,5;BR-116/SP;Pista Norte;Abalroamento longitudinal;1;2;0;0;0;0;1
09/05/2011;14:27:00;421;sem vítima;227;BR-116/SP;Pista Norte;Outros;1;1;0;0;0;0;1
09/05/2011;06:28:00;82;sem vítima;276,4;BR-116/RJ;Pista Norte;Colisão traseira;1;21;0;0;0;0;1
10/05/2011;04:37:00;67;sem vítima;111,4;BR-116/SP;Pista Norte;Choque em defensa;1;1;0;0;0;0;1
10/05/2011;16:35:00;475;com vítima;116,2;BR-116/SP;Pista Norte;Tombamento;1;0;1;0;0;0;1
10/05/2011;17:38:00;518;sem vítima;117;BR-116/SP;Pista Norte;Colisão traseira;1;2;0;0;0;0;1
10/05/2011;08:11:00;174;sem vítima;173,2;BR-116/RJ;Pista Sul;Colisão traseira;1;2;0;0;0;0;1
10/05/2011;11:54:00;329;sem vítima;175,1;BR-116/RJ;Pista Sul;Engavetamento;1;4;0;0;0;0;1
10/05/2011;05:38:00;79;sem vítima;176,9;BR-116/RJ;Pista Norte;Abalroamento longitudinal;1;4;0;0;0;0;1
10/05/2011;15:18:00;440;sem vítima;224,4;BR-116/RJ;Pista Norte;Choque Talude;1;1;0;0;0;0;1
10/05/2011;11:36:00;316;sem vítima;226;BR-116/RJ;Pista Norte;Outros;1;1;0;0;0;0;1
10/05/2011;07:15:00;124;sem vítima;276,55;BR-116/RJ;Pista Sul;Choque em barreira New Jersey;1;1;0;0;0;0;1
11/05/2011;22:28:00;767;sem vítima;147;BR-116/SP;Pista Sul;Choque em objeto na pista;1;2;0;0;0;0;1
11/05/2011;00:54:00;24;sem vítima;165;BR-116/SP;Pista Norte;Colisão traseira;1;3;0;0;0;0;1
11/05/2011;06:39:00;107;com vítima;168,8;BR-116/RJ;Pista Sul;Abalroamento longitudinal;1;3;1;0;0;0;1
11/05/2011;19:12:00;670;sem vítima;172,8;BR-116/RJ;Pista Sul;Abalroamento longitudinal;1;2;0;0;0;0;1
11/05/2011;14:46:00;516;sem vítima;173,4;BR-116/RJ;Pista Norte;Abalroamento longitudinal;1;2;0;0;0;0;1
11/05/2011;14:34:00;501;sem vítima;174,8;BR-116/RJ;Pista Norte;Colisão traseira;1;2;0;0;0;0;1
11/05/2011;12:28:00;414;sem vítima;219;BR-116/SP;Pista Norte;Tombamento;1;1;0;0;0;0;1
11/05/2011;11:59:00;392;sem vítima;220,4;BR-116/RJ;Pista Norte;Outros;1;1;0;0;0;0;1
11/05/2011;10:16:00;319;com vítima;224;BR-116/SP;Pista Sul;Abalroamento longitudinal;1;3;1;0;0;0;1
11/05/2011;03:50:00;66;sem vítima;305,1;BR-116/RJ;Pista Norte;Choque em objeto na pista;1;2;0;0;0;0;1
12/05/2011;14:12:00;441;sem vítima;22,7;BR-116/SP;Pista Norte;Choque em objeto na pista;1;2;0;0;0;0;1
12/05/2011;20:33:00;663;sem vítima;131,2;BR-116/SP;Pista Sul;Abalroamento longitudinal;1;8;0;0;0;0;1
12/05/2011;05:43:00;68;com vítima;155;BR-116/SP;Pista Norte;Choque em objeto na pista;1;1;1;0;0;0;1
12/05/2011;05:30:00;64;com vítima;211;BR-116/SP;Pista Norte;Queda de moto;1;2;1;0;0;0;1
12/05/2011;23:00:00;740;com vítima;227;BR-116/SP;Pista Norte;Choque em veículo parado na pista;1;4;2;0;1;0;2
12/05/2011;17:02:00;553;sem vítima;230;BR-116/SP;Pista Sul;Outros;1;1;0;0;0;0;1
12/05/2011;07:10:00;128;sem vítima;282;BR-116/RJ;Pista Sul;Choque em objeto na pista;1;1;0;0;0;0;1
12/05/2011;19:12:00;626;sem vítima;318,9;BR-116/RJ;Pista Norte;Colisão traseira;1;2;0;0;0;0;1
13/05/2011;02:30:00;53;sem vítima;22,05;BR-116/SP;Pista Norte;Choque em defensa;1;1;0;0;0;0;1
13/05/2011;00:33:00;15;com vítima;22,1;BR-116/SP;Pista Sul;Tombamento;1;5;0;0;1;0;2
13/05/2011;22:55:00;846;sem vítima;143,6;BR-116/SP;Pista Sul;Colisão traseira;2;2;0;0;0;0;1
13/05/2011;19:58:00;736;com vítima;158;BR-116/SP;Pista Norte;Engavetamento;1;6;1;0;0;0;1
13/05/2011;23:06:00;850;com vítima;170;BR-116/SP;Pista Norte;Queda de ribanceira;1;0;1;0;0;0;1
13/05/2011;13:01:00;452;sem vítima;172,4;BR-116/RJ;Pista Sul;Abalroamento longitudinal;1;3;0;0;0;0;1
13/05/2011;14:09:00;492;sem vítima;204;BR-116/SP;Pista Norte;Choque em veículo parado na pista;1;4;0;0;0;0;1
13/05/2011;01:48:00;40;sem vítima;214,4;BR-116/RJ;Pista Sul;Atropelamento de animal;2;2;0;0;0;0;1
13/05/2011;19:23:00;708;com vítima;226,8;BR-116/RJ;Pista Norte;Tombamento;1;0;2;0;0;0;1
13/05/2011;12:09:00;427;sem vítima;312,5;BR-116/RJ;Pista Norte;Colisão traseira;1;2;0;0;0;0;1
14/05/2011;13:53:00;388;com vítima;97,6;BR-116/SP;Pista Norte;Tombamento;1;0;2;0;0;0;1
14/05/2011;00:53:00;16;sem vítima;150,5;BR-116/SP;Pista Norte;Colisão traseira;2;3;0;0;0;0;1
14/05/2011;07:25:00;157;sem vítima;154;BR-116/SP;Pista Norte;Abalroamento longitudinal;1;3;0;0;0;0;1
14/05/2011;14:05:00;395;sem vítima;177,1;BR-116/RJ;Pista Norte;Abalroamento longitudinal;1;2;0;0;0;0;1
14/05/2011;10:52:00;286;sem vítima;191,1;BR-116/RJ;Pista Sul;Colisão traseira;1;3;0;0;0;0;1
14/05/2011;00:30:00;10;com vítima;223,15;BR-116/RJ;Pista Norte;Choque em barreira New Jersey;1;0;2;0;0;0;1