data;horario;n_da_ocorrencia;tipo_de_ocorrencia;km;trecho;sentido;tipo_de_acidente;caminhao;ilesos;levemente_feridos;moderadamente_feridos;gravemente_feridos;mortos;3
14/05/2011;02:03:00;40;sem vítima;223,7;BR-116/RJ;Pista Norte;Colisão traseira;2;2;0;0;0;0;1
14/05/2011;16:55:00;491;sem vítima;228;BR-116/SP;Pista Norte;Engavetamento;1;4;0;0;0;0;1
14/05/2011;11:51:00;313;sem vítima;229;BR-116/SP;Pista Norte;Colisão traseira;1;2;0;0;0;0;1
14/05/2011;07:30:00;160;sem vítima;230,3;BR-116/RJ;Pista Norte;Choque em objeto fixo;1;1;0;0;0;0;1
15/05/2011;15:57:00;393;sem vítima;145;BR-116/SP;Pista Norte;Abalroamento longitudinal;1;2;0;0;0;0;1
15/05/2011;00:43:00;14;sem vítima;147;BR-116/SP;Pista Sul;Abalroamento longitudinal;1;2;0;0;0;0;1
15/05/2011;22:27:00;619;sem vítima;165;BR-116/SP;Pista Sul;Engavetamento;1;9;0;0;0;0;1
15/05/2011;22:43:00;630;com vítima;169,9;BR-116/RJ;Pista Sul;Engavetamento;2;2;4;0;0;0;1
15/05/2011;14:49:00;349;sem vítima;182;BR-116/SP;Pista Norte;Colisão traseira;2;2;0;0;0;0;1
15/05/2011;21:11:00;585;com vítima;275,3;BR-116/RJ;Pista Norte;Colisão frontal;1;1;1;0;0;0;1
15/05/2011;23:41:00;652;sem vítima;295,5;BR-116/RJ;Pista Norte;Choque em objeto fixo;1;1;0;0;0;0;1
15/05/2011;23:58:00;656;sem vítima;318;BR-116/RJ;Pista Sul;Colisão traseira;2;2;0;0;0;0;1
16/05/2011;04:19:00;55;com vítima;116,5;BR-116/SP;Pista Sul;Colisão traseira;1;35;0;1;0;0;2
16/05/2011;15:57:00;539;sem vítima;150;BR-116/SP;Pista Sul;Abalroamento longitudinal;1;2;0;0;0;0;1
16/05/2011;09:31:00;285;com vítima;158;BR-116/SP;Pista Norte;Engavetamento;1;2;1;0;0;0;1
16/05/2011;09:09:00;259;com vítima;168;BR-116/RJ;Pista Norte;Colisão traseira;1;1;1;0;0;0;1
16/05/2011;11:56:00;386;sem vítima;172,8;BR-116/RJ;Pista Sul;Colisão traseira;1;2;0;0;0;0;1
16/05/2011;22:51:00;762;com vítima;200,35;BR-116/SP;Pista Sul;Choque em objeto fixo;1;0;1;0;0;0;1
16/05/2011;04:57:00;65;sem vítima;221,7;BR-116/RJ;Pista Norte;Colisão traseira;1;31;0;0;0;0;1
16/05/2011;08:07:00;202;sem vítima;227,8;BR-116/RJ;Pista Norte;Abalroamento longitudinal;1;2;0;0;0;0;1
16/05/2011;00:11:00;4;com vítima;228,8;BR-116/SP;Pista Norte;Colisão traseira;1;1;0;2;0;0;2
16/05/2011;07:28:00;160;sem vítima;230;BR-116/SP;Pista Sul;Colisão traseira;1;2;0;0;0;0;1
16/05/2011;04:40:00;60;sem vítima;231,2;BR-116/SP;Pista Sul;Abalroamento longitudinal;2;3;0;0;0;0;1
16/05/2011;00:18:00;7;com vítima;324,48;BR-116/RJ;Pista Norte;Engavetamento;3;2;0;0;0;1;3
17/05/2011;15:25:00;470;sem vítima;165;BR-116/SP;Pista Sul;Colisão traseira;1;2;0;0;0;0;1
17/05/2011;16:44:00;515;sem vítima;173;BR-116/RJ;Pista Sul;Abalroamento longitudinal;1;2;0;0;0;0;1
17/05/2011;18:31:00;593;sem vítima;183,2;BR-116/RJ;Pista Norte;Abalroamento longitudinal;1;2;0;0;0;0;1
17/05/2011;10:54:00;313;sem vítima;219,4;BR-116/SP;Pista Sul;Colisão traseira;1;7;0;0;0;0;1
17/05/2011;08:28:00;197;sem vítima;223;BR-116/SP;Pista Sul;Colisão traseira;1;2;0;0;0;0;1
17/05/2011;16:51:00;520;sem vítima;226,6;BR-116/RJ;Pista Norte;Abalroamento longitudinal;1;2;0;0;0;0;1
17/05/2011;07:17:00;128;sem vítima;229;BR-116/SP;Pista Sul;Choque em barreira New Jersey;1;1;0;0;0;0;1
18/05/2011;09:28:00;276;sem vítima;157;BR-116/SP;Pista Norte;Não Def;1;2;0;0;0;0;1
18/05/2011;08:11:00;198;sem vítima;163,8;BR-116/RJ;Pista Norte;Abalroamento longitudinal;1;3;0;0;0;0;1
18/05/2011;17:23:00;575;sem vítima;165;BR-116/SP;Pista Sul;Engavetamento;2;4;0;0;0;0;1
18/05/2011;13:21:00;440;com vítima;178,5;BR-116/RJ;Pista Norte;Colisão traseira;1;20;1;0;0;0;1
18/05/2011;21:08:00;685;sem vítima;182;BR-116/SP;Pista Norte;Colisão traseira;1;2;0;0;0;0;1
18/05/2011;22:35:00;728;sem vítima;189,7;BR-116/RJ;Pista Sul;Abalroamento longitudinal;1;2;0;0;0;0;1
18/05/2011;06:24:00;101;com vítima;207,45;BR-116/SP;Pista Norte;Colisão traseira;2;2;1;0;0;0;1
18/05/2011;07:16:00;144;com vítima;208,5;BR-116/SP;Pista Norte;Colisão traseira;1;1;0;0;1;0;2
18/05/2011;17:10:00;565;com vítima;210;BR-116/SP;Pista Sul;Engavetamento;2;26;1;0;0;0;1
18/05/2011;18:59:00;623;sem vítima;217,3;BR-116/SP;Pista Norte;Colisão traseira;1;2;0;0;0;0;1
18/05/2011;03:20:00;49;sem vítima;224,6;BR-116/RJ;Pista Norte;Tombamento;1;1;0;0;0;0;1
18/05/2011;01:42:00;30;sem vítima;245,9;BR-116/RJ;Pista Norte;Colisão traseira;2;2;0;0;0;0;1
18/05/2011;11:58:00;385;sem vítima;252;BR-116/RJ;Pista Sul;Outros;1;1;0;0;0;0;1
18/05/2011;06:45:00;112;com vítima;272,038;BR-116/RJ;Pista Sul;Colisão traseira;1;1;1;0;0;0;1
18/05/2011;21:47:00;704;sem vítima;297;BR-116/RJ;Pista Norte;Abalroamento longitudinal;2;2;0;0;0;0;1
19/05/2011;22:35:00;764;sem vítima;146;BR-116/SP;Pista Sul;Abalroamento longitudinal;2;2;0;0;0;0;1
19/05/2011;17:42:00;597;sem vítima;146,8;BR-116/SP;Pista Norte;Engavetamento;1;7;0;0;0;0;1
19/05/2011;07:19:00;151;sem vítima;150;BR-116/SP;Pista Sul;Abalroamento longitudinal;1;2;0;0;0;0;1
19/05/2011;18:27:00;619;com vítima;162,7;BR-116/SP;Pista Norte;Engavetamento;2;4;1;0;0;0;1
19/05/2011;06:01:00;101;sem vítima;165,7;BR-116/RJ;Pista Norte;Abalroamento longitudinal;1;2;0;0;0;0;1
19/05/2011;04:58:00;82;sem vítima;167,9;BR-116/RJ;Pista Norte;Colisão traseira;1;2;0;0;0;0;1
19/05/2011;11:03:00;355;sem vítima;172,8;BR-116/RJ;Pista Sul;Abalroamento longitudinal;1;2;0;0;0;0;1
19/05/2011;07:59:00;190;com vítima;183,7;BR-116/RJ;Pista Norte;Abalroamento longitudinal;1;1;1;0;0;0;1
19/05/2011;17:28:00;587;sem vítima;191;BR-116/RJ;Pista Sul;Abalroamento longitudinal;1;2;0;0;0;0;1
19/05/2011;00:10:00;2;sem vítima;211,6;BR-116/SP;Pista Norte;Colisão traseira;2;2;0;0;0;0;1
19/05/2011;14:29:00;465;com vítima;229,3;BR-116/SP;Pista Sul;Abalroamento longitudinal;1;2;1;0;0;0;1
19/05/2011;13:14:00;424;sem vítima;275,5;BR-116/RJ;Pista Sul;Abalroamento longitudinal;1;2;0;0;0;0;1
20/05/2011;22:18:00;799;sem vítima;27;BR-116/SP;Pista Norte;Atropelamento de animal;1;1;0;0;0;0;1
20/05/2011;17:14:00;622;sem vítima;140;BR-116/SP;Pista Sul;Capotamento;1;3;0;0;0;0;1
20/05/2011;14:47:00;510;sem vítima;142,6;BR-116/SP;Pista Sul;Engavetamento;2;3;0;0;0;0;1
20/05/2011;18:34:00;669;sem vítima;146;BR-116/SP;Pista Norte;Colisão traseira;1;2;0;0;0;0;1
20/05/2011;11:34:00;404;sem vítima;168,8;BR-116/RJ;Pista Sul;Abalroamento longitudinal;1;5;0;0;0;0;1
20/05/2011;03:31:00;64;sem vítima;179,72;BR-116/RJ;Pista Norte;Outros;1;1;0;0;0;0;1
20/05/2011;11:12:00;391;sem vítima;194,1;BR-116/RJ;Pista Norte;Atropelamento de animal;1;1;0;0;0;0;1
20/05/2011;14:40:00;506;com vítima;281;BR-116/RJ;Pista Sul;Engavetamento;2;2;1;0;0;0;1
20/05/2011;15:00:00;525;sem vítima;286,9;BR-116/RJ;Pista Sul;Outros;2;3;0;0;0;0;1
21/05/2011;04:08:00;73;com vítima;27,95;BR-116/SP;Pista Sul;Tombamento;1;1;0;0;1;0;2
21/05/2011;10:05:00;256;sem vítima;96,5;BR-116/SP;Pista Sul;Choque em veículo parado na pista;2;2;0;0;0;0;1
21/05/2011;14:32:00;412;sem vítima;121,9;BR-116/SP;Pista Sul;Abalroamento longitudinal;2;2;0;0;0;0;1
21/05/2011;01:59:00;37;sem vítima;224,7;BR-116/RJ;Pista Norte;Abalroamento longitudinal;1;2;0;0;0;0;1
21/05/2011;02:19:00;47;com vítima;311;BR-116/RJ;Pista Sul;Engavetamento;2;1;1;1;0;0;2
22/05/2011;06:48:00;111;sem vítima;60,2;BR-116/SP;Pista Norte;Abalroamento longitudinal;1;3;0;0;0;0;1
22/05/2011;19:04:00;561;sem vítima;72,3;BR-116/SP;Pista Norte;Abalroamento longitudinal;1;3;0;0;0;0;1
22/05/2011;21:41:00;640;com vítima;86,55;BR-116/SP;Pista Norte;Colisão traseira;1;5;1;0;0;0;1
22/05/2011;19:58:00;597;sem vítima;101,42;BR-116/SP;Pista Norte;Choque em veículo parado na pista;1;2;0;0;0;0;1
22/05/2011;21:22:00;636;sem vítima;109,2;BR-116/SP;Pista Norte;Abalroamento longitudinal;1;3;0;0;0;0;1
22/05/2011;07:48:00;142;sem vítima;226;BR-116/SP;Pista Norte;Colisão traseira;1;2;0;0;0;0;1
23/05/2011;11:50:00;350;com vítima;108,6;BR-116/SP;Pista Sul;Engavetamento;2;2;1;0;0;0;1
23/05/2011;00:09:00;4;sem vítima;145,3;BR-116/SP;Pista Sul;Choque em objeto na pista;1;3;0;0;0;0;1
23/05/2011;19:47:00;646;sem vítima;146,6;BR-116/SP;Pista Sul;Abalroamento longitudinal;1;3;0;0;0;0;1
23/05/2011;18:49:00;612;sem vítima;161;BR-116/SP;Pista Norte;Engavetamento;1;4;0;0;0;0;1
23/05/2011;17:29:00;562;com vítima;172,5;BR-116/RJ;Pista Sul;Colisão traseira;1;4;1;0;0;0;1
23/05/2011;09:14:00;233;sem vítima;182;BR-116/SP;Pista Sul;Choque em veículo parado na pista;2;3;0;0;0;0;1
23/05/2011;21:58:00;707;sem vítima;217;BR-116/SP;Pista Norte;Colisão traseira;1;2;0;0;0;0;1
23/05/2011;08:15:00;175;com vítima;218,9;BR-116/SP;Pista Norte;Abalroamento longitudinal;1;1;1;0;0;0;1
23/05/2011;21:19:00;686;com vítima;220,3;BR-116/RJ;Pista Sul;Abalroamento longitudinal;2;2;1;0;0;0;1
23/05/2011;07:11:00;110;com vítima;222,93;BR-116/RJ;Pista Sul;Colisão traseira;1;2;1;0;0;0;1
23/05/2011;11:49:00;348;sem vítima;224,1;BR-116/SP;Pista Norte;Abalroamento longitudinal;1;2;0;0;0;0;1
23/05/2011;08:53:00;213;com vítima;224,7;BR-116/SP;Pista Norte;Engavetamento;5;7;0;1;0;0;2
23/05/2011;07:45:00;145;sem vítima;226,8;BR-116/RJ;Pista Norte;Abalroamento longitudinal;2;2;0;0;0;0;1
24/05/2011;16:54:00;556;sem vítima;157;BR-116/SP;Pista Norte;Engavetamento;1;6;0;0;0;0;1
24/05/2011;09:54:00;273;sem vítima;162,5;BR-116/SP;Pista Norte;Colisão traseira;1;2;0;0;0;0;1
24/05/2011;03:38:00;56;sem vítima;182;BR-116/SP;Pista Norte;Colisão traseira;2;2;0;0;0;0;1
24/05/2011;14:42:00;461;sem vítima;186,5;BR-116/RJ;Pista Sul;Engavetamento;2;3;0;0;0;0;1
24/05/2011;05:32:00;77;com vítima;199,99;BR-116/RJ;Pista Norte;Colisão traseira;1;25;10;1;0;0;2
24/05/2011;07:37:00;153;sem vítima;221;BR-116/SP;Pista Norte;Abalroamento longitudinal;1;2;0;0;0;0;1
24/05/2011;07:49:00;166;sem vítima;224;BR-116/SP;Pista Sul;Abalroamento longitudinal;1;2;0;0;0;0;1
24/05/2011;07:06:00;120;sem vítima;259;BR-116/RJ;Pista Norte;Abalroamento longitudinal;2;2;0;0;0;0;1
24/05/2011;18:20:00;610;sem vítima;292,5;BR-116/RJ;Pista Norte;Abalroamento longitudinal;1;2;0;0;0;0;1
25/05/2011;08:00:00;171;com vítima;63,5;BR-116/SP;Pista Sul;Engavetamento;3;5;0;1;0;0;2
25/05/2011;19:23:00;627;sem vítima;164,8;BR-116/RJ;Pista Sul;Abalroamento longitudinal;1;2;0;0;0;0;1
25/05/2011;16:39:00;516;sem vítima;165,2;BR-116/SP;Pista Norte;Engavetamento;1;3;0;0;0;0;1
25/05/2011;13:18:00;405;sem vítima;168,6;BR-116/RJ;Pista Norte;Abalroamento longitudinal;1;2;0;0;0;0;1
25/05/2011;06:16:00;85;com vítima;170;BR-116/RJ;Pista Sul;Tombamento;1;1;2;0;0;0;1
25/05/2011;15:28:00;472;sem vítima;172,7;BR-116/RJ;Pista Norte;Engavetamento;1;3;0;0;0;0;1
25/05/2011;17:37:00;556;sem vítima;173,1;BR-116/RJ;Pista Sul;Abalroamento longitudinal;1;2;0;0;0;0;1
25/05/2011;10:35:00;291;sem vítima;204,4;BR-116/RJ;Pista Sul;Abalroamento longitudinal;1;2;0;0;0;0;1
25/05/2011;11:21:00;330;sem vítima;220;BR-116/SP;Pista Norte;Colisão traseira;2;3;0;0;0;0;1
25/05/2011;19:18:00;625;sem vítima;220,3;BR-116/RJ;Pista Sul;Outros;1;1;0;0;0;0;1
25/05/2011;19:39:00;638;sem vítima;220,3;BR-116/RJ;Pista Sul;Colisão traseira;1;2;0;0;0;0;1
26/05/2011;13:05:00;424;com vítima;19,85;BR-116/SP;Pista Sul;Choque Talude;1;1;0;1;0;0;2
26/05/2011;22:19:00;785;sem vítima;127,7;BR-116/SP;Pista Sul;Abalroamento longitudinal;2;2;0;0;0;0;1
26/05/2011;08:39:00;236;sem vítima;135,7;BR-116/SP;Pista Sul;Colisão traseira;2;2;0;0;0;0;1
26/05/2011;07:54:00;179;com vítima;139,5;BR-116/SP;Pista Sul;Capotamento;1;1;1;0;0;0;1
26/05/2011;08:29:00;223;sem vítima;162;BR-116/SP;Pista Norte;Abalroamento longitudinal;1;4;0;0;0;0;1
26/05/2011;06:18:00;97;com vítima;178,5;BR-116/RJ;Pista Norte;Colisão traseira;1;2;2;0;0;0;1
26/05/2011;08:11:00;201;sem vítima;178,8;BR-116/RJ;Pista Norte;Abalroamento longitudinal;1;3;0;0;0;0;1
26/05/2011;01:16:00;31;com vítima;201,9;BR-116/SP;Pista Sul;Engavetamento;3;2;1;0;0;0;1
26/05/2011;14:17:00;471;com vítima;207,1;BR-116/RJ;Pista Sul;Colisão traseira;1;8;3;0;0;0;1
26/05/2011;19:39:00;699;sem vítima;228;BR-116/SP;Pista Norte;Abalroamento longitudinal;1;2;0;0;0;0;1
26/05/2011;11:04:00;360;sem vítima;268;BR-116/RJ;Pista Sul;Outros;1;1;0;0;0;0;1
27/05/2011;09:51:00;283;sem vítima;142;BR-116/SP;Pista Sul;Colisão traseira;2;2;0;0;0;0;1
27/05/2011;11:57:00;383;sem vítima;150,3;BR-116/SP;Pista Sul;Abalroamento longitudinal;1;2;0;0;0;0;1
27/05/2011;06:51:00;130;sem vítima;165,45;BR-116/RJ;Pista Norte;Abalroamento longitudinal;1;20;0;0;0;0;1
27/05/2011;14:25:00;488;sem vítima;170,2;BR-116/RJ;Pista Sul;Abalroamento longitudinal;1;2;0;0;0;0;1
27/05/2011;02:54:00;55;sem vítima;171,5;BR-116/RJ;Pista Norte;Colisão traseira;1;2;0;0;0;0;1
27/05/2011;11:03:00;350;sem vítima;172,6;BR-116/RJ;Pista Norte;Abalroamento longitudinal;1;2;0;0;0;0;1
27/05/2011;11:37:00;371;com vítima;196,1;BR-116/RJ;Pista Norte;Colisão traseira;1;1;1;0;0;0;1
27/05/2011;04:40:00;77;sem vítima;210,5;BR-116/SP;Pista Norte;Colisão traseira;1;2;0;0;0;0;1
27/05/2011;08:57:00;238;sem vítima;222,5;BR-116/SP;Pista Norte;Abalroamento longitudinal;1;2;0;0;0;0;1
27/05/2011;21:28:00;793;sem vítima;222,5;BR-116/SP;Pista Norte;Engavetamento;1;3;0;0;0;0;1
27/05/2011;22:38:00;824;sem vítima;266;BR-116/RJ;Pista Norte;Abalroamento longitudinal;1;3;0;0;0;0;1
28/05/2011;00:43:00;14;sem vítima;144,5;BR-116/SP;Pista Sul;Colisão traseira;1;3;0;0;0;0;1
28/05/2011;12:31:00;328;sem vítima;157;BR-116/SP;Pista Norte;Abalroamento longitudinal;1;3;0;0;0;0;1
28/05/2011;20:25:00;583;com vítima;157,85;BR-116/SP;Pista Sul;Colisão traseira;1;1;0;2;0;0;2
28/05/2011;10:59:00;288;sem vítima;165;BR-116/SP;Pista Sul;Colisão traseira;1;4;0;0;0;0;1
28/05/2011;11:08:00;292;sem vítima;165;BR-116/SP;Pista Norte;Abalroamento longitudinal;1;4;0;0;0;0;1
28/05/2011;17:52:00;493;sem vítima;224;BR-116/RJ;Pista Norte;Abalroamento longitudinal;1;6;0;0;0;0;1
28/05/2011;13:41:00;360;sem vítima;240;BR-116/RJ;Pista Sul;Colisão traseira;1;2;0;0;0;0;1
29/05/2011;18:56:00;506;sem vítima;20,7;BR-116/SP;Pista Sul;Abalroamento longitudinal;1;2;0;0;0;0;1
29/05/2011;06:13:00;89;com vítima;56,7;BR-116/SP;Pista Norte;Colisão traseira;1;5;2;0;0;0;1
29/05/2011;17:09:00;439;com vítima;61,7;BR-116/SP;Pista Norte;Colisão traseira;1;1;1;0;0;0;1
29/05/2011;15:06:00;356;sem vítima;73;BR-116/SP;Pista Norte;Abalroamento longitudinal;2;2;0;0;0;0;1
29/05/2011;23:03:00;627;sem vítima;86;BR-116/SP;Pista Sul;Abalroamento longitudinal;1;2;0;0;0;0;1
29/05/2011;05:43:00;84;sem vítima;152;BR-116/SP;Pista Sul;Abalroamento longitudinal;1;2;0;0;0;0;1
29/05/2011;18:39:00;491;com vítima;183,7;BR-116/RJ;Pista Norte;Abalroamento longitudinal;1;1;2;0;0;0;1
29/05/2011;08:32:00;161;sem vítima;189,5;BR-116/RJ;Pista Norte;Abalroamento longitudinal;1;2;0;0;0;0;1
29/05/2011;08:31:00;159;sem vítima;286,4;BR-116/RJ;Pista Norte;Colisão traseira;1;3;0;0;0;0;1
29/05/2011;23:38:00;636;sem vítima;318;BR-116/RJ;Pista Norte;Choque em barreira New Jersey;1;1;0;0;0;0;1
30/05/2011;12:27:00;425;sem vítima;35;BR-116/SP;Pista Sul;Colisão traseira;2;2;0;0;0;0;1
30/05/2011;15:48:00;539;sem vítima;162,1;BR-116/SP;Pista Norte;Queda de ribanceira;1;2;0;0;0;0;1
30/05/2011;21:35:00;760;sem vítima;165,2;BR-116/SP;Pista Norte;Colisão traseira;1;6;0;0;0;0;1
30/05/2011;06:07:00;105;sem vítima;176;BR-116/RJ;Pista Norte;Abalroamento longitudinal;1;2;0;0;0;0;1
30/05/2011;11:51:00;399;sem vítima;221,9;BR-116/RJ;Pista Norte;Abalroamento longitudinal;2;2;0;0;0;0;1
30/05/2011;19:30:00;684;sem vítima;228;BR-116/SP;Pista Sul;Colisão traseira;1;17;0;0;0;0;1
30/05/2011;18:15:00;634;sem vítima;305,55;BR-116/RJ;Pista Sul;Choque em barreira New Jersey;1;2;0;0;0;0;1
30/05/2011;22:29:00;783;sem vítima;312,9;BR-116/RJ;Pista Norte;Choque em barreira New Jersey;2;2;0;0;0;0;1
31/05/2011;07:20:00;130;sem vítima;0,9;BR-116/SP;Pista Sul;Colisão traseira;2;2;0;0;0;0;1
31/05/2011;00:22:00;10;sem vítima;89;BR-116/SP;Pista Norte;Choque em objeto na pista;1;1;0;0;0;0;1
31/05/2011;17:37:00;569;com vítima;140,8;BR-116/SP;Pista Sul;Colisão traseira;1;1;1;0;0;0;1
31/05/2011;11:22:00;351;sem vítima;149,9;BR-116/SP;Pista Norte;Choque em objeto fixo;1;3;0;0;0;0;1
31/05/2011;21:21:00;688;sem vítima;172,8;BR-116/SP;Pista Sul;Outros;1;5;0;0;0;0;1
31/05/2011;14:30:00;453;sem vítima;183,9;BR-116/RJ;Pista Norte;Colisão traseira;1;2;0;0;0;0;1
31/05/2011;14:25:00;446;com vítima;210;BR-116/SP;Pista Norte;Choque em barreira New Jersey;1;1;2;0;0;0;1
31/05/2011;05:19:00;71;sem vítima;213;BR-116/RJ;Pista Norte;Choque em objeto fixo;1;1;0;0;0;0;1
31/05/2011;08:21:00;194;com vítima;222;BR-116/RJ;Pista Sul;Atropelamento de pedestre atravessando;1;1;1;0;0;0;1
31/05/2011;15:18:00;482;com vítima;224;BR-116/RJ;Pista Norte;Choque em barreira New Jersey;1;0;1;0;0;0;1
31/05/2011;18:43:00;599;sem vítima;228,6;BR-116/SP;Pista Norte;Abalroamento longitudinal;1;2;0;0;0;0;1
31/05/2011;10:23:00;309;sem vítima;230;BR-116/SP;Pista Sul;Abalroamento longitudinal;1;2;0;0;0;0;1
31/05/2011;14:42:00;463;sem vítima;290,6;BR-116/RJ;Pista Sul;Abalroamento longitudinal;1;2;0;0;0;0;1
01/06/2011;22:52:00;739;sem vítima;120,7;BR-116/SP;Pista Norte;Colisão traseira;2;2;0;0;0;0;1
01/06/2011;18:02:00;580;sem vítima;161,6;BR-116/SP;Pista Norte;Colisão traseira;1;2;0;0;0;0;1
01/06/2011;04:00:00;59;sem vítima;161,9;BR-116/SP;Pista Sul;Choque em barreira New Jersey;2;2;0;0;0;0;1
01/06/2011;00:38:00;14;sem vítima;171,7;BR-116/RJ;Pista Norte;Abalroamento longitudinal;1;9;0;0;0;0;1
01/06/2011;16:28:00;529;sem vítima;174,5;BR-116/RJ;Pista Sul;Abalroamento longitudinal;1;3;0;0;0;0;1
01/06/2011;23:43:00;764;sem vítima;204;BR-116/SP;Pista Sul;Colisão traseira;2;2;0;0;0;0;1
01/06/2011;06:20:00;90;com vítima;222;BR-116/SP;Pista Sul;Abalroamento longitudinal;1;3;1;0;0;1;3
01/06/2011;12:20:00;370;sem vítima;222,4;BR-116/SP;Pista Norte;Colisão traseira;1;2;0;0;0;0;1
01/06/2011;11:12:00;324;sem vítima;226,3;BR-116/SP;Pista Norte;Colisão traseira;1;3;0;0;0;0;1
01/06/2011;18:01:00;578;com vítima;227;BR-116/SP;Pista Sul;Engavetamento;1;3;1;0;0;0;1
01/06/2011;17:57:00;576;sem vítima;274;BR-116/RJ;Pista Sul;Abalroamento longitudinal;2;2;0;0;0;0;1
01/06/2011;19:20:00;629;sem vítima;304,7;BR-116/RJ;Pista Norte;Colisão traseira;1;2;0;0;0;0;1
02/06/2011;08:19:00;188;com vítima;29,8;BR-116/SP;Pista Norte;Colisão traseira;1;2;1;0;0;0;1
02/06/2011;06:39:00;101;sem vítima;66,45;BR-116/SP;Pista Norte;Queda de ribanceira;1;1;0;0;0;0;1
02/06/2011;22:25:00;728;sem vítima;132;BR-116/SP;Pista Norte;Colisão traseira;1;2;0;0;0;0;1
02/06/2011;18:00:00;575;sem vítima;158;BR-116/SP;Pista Norte;Colisão traseira;1;3;0;0;0;0;1
02/06/2011;19:34:00;636;sem vítima;165;BR-116/SP;Pista Sul;Colisão traseira;2;2;0;0;0;0;1
02/06/2011;19:29:00;630;sem vítima;166,7;BR-116/RJ;Pista Sul;Abalroamento longitudinal;1;2;0;0;0;0;1
02/06/2011;19:50:00;649;sem vítima;182;BR-116/SP;Pista Norte;Choque em objeto fixo;1;2;0;0;0;0;1
02/06/2011;19:47:00;646;com vítima;214;BR-116/SP;Pista Sul;Atropelamento de pedestre atravessando;1;1;0;0;1;0;2
02/06/2011;09:39:00;250;sem vítima;221,7;BR-116/SP;Pista Norte;Colisão traseira;1;2;0;0;0;0;1
02/06/2011;09:52:00;268;sem vítima;222,05;BR-116/RJ;Pista Norte;Outros;1;1;0;0;0;0;1
02/06/2011;04:31:00;56;sem vítima;223,2;BR-116/RJ;Pista Norte;Choque Talude;1;1;0;0;0;0;1
02/06/2011;11:58:00;354;sem vítima;235,8;BR-116/RJ;Pista Sul;Outros;1;1;0;0;0;0;1
02/06/2011;15:43:00;491;sem vítima;258,6;BR-116/RJ;Pista Norte;Abalroamento longitudinal;1;2;0;0;0;0;1
02/06/2011;14:37:00;446;sem vítima;286,1;BR-116/RJ;Pista Sul;Choque em barreira New Jersey;1;1;0;0;0;0;1
02/06/2011;13:18:00;393;sem vítima;287,6;BR-116/RJ;Pista Norte;Colisão traseira;1;2;0;0;0;0;1
02/06/2011;00:57:00;16;sem vítima;288,6;BR-116/RJ;Pista Norte;Colisão traseira;2;2;0;0;0;0;1
02/06/2011;08:48:00;216;sem vítima;298;BR-116/RJ;Pista Sul;Abalroamento longitudinal;1;26;0;0;0;0;1
02/06/2011;18:54:00;609;sem vítima;318,6;BR-116/RJ;Pista Norte;Abalroamento longitudinal;1;3;0;0;0;0;1
02/06/2011;18:14:00;583;sem vítima;323,9;BR-116/RJ;Pista Sul;Abalroamento longitudinal;2;2;0;0;0;0;1
03/06/2011;14:39:00;488;sem vítima;164,7;BR-116/RJ;Pista Sul;Colisão traseira;1;2;0;0;0;0;1
03/06/2011;04:44:00;79;com vítima;165,85;BR-116/RJ;Pista Norte;Engavetamento;2;2;0;1;0;0;2
03/06/2011;15:23:00;524;sem vítima;167,5;BR-116/RJ;Pista Sul;Colisão traseira;1;2;0;0;0;0;1
03/06/2011;13:22:00;442;sem vítima;173,5;BR-116/RJ;Pista Norte;Abalroamento longitudinal;1;6;0;0;0;0;1
03/06/2011;12:00:00;396;com vítima;177,8;BR-116/RJ;Pista Sul;Choque em veículo parado na pista;1;11;2;0;0;0;1
03/06/2011;09:34:00;302;sem vítima;182;BR-116/SP;Pista Norte;Colisão traseira;1;5;0;0;0;0;1
03/06/2011;11:34:00;385;com vítima;213,2;BR-116/SP;Pista Norte;Abalroamento longitudinal;1;2;1;0;0;0;1
03/06/2011;03:19:00;61;sem vítima;213,5;BR-116/RJ;Pista Norte;Choque em objeto fixo;1;1;0;0;0;0;1
03/06/2011;05:08:00;86;sem vítima;219;BR-116/SP;Pista Norte;Abalroamento longitudinal;1;4;0;0;0;0;1
03/06/2011;10:26:00;339;sem vítima;221;BR-116/SP;Pista Sul;Engavetamento;1;4;0;0;0;0;1
03/06/2011;06:46:00;138;com vítima;221,1;BR-116/SP;Pista Sul;Engavetamento;2;4;1;0;0;0;1
03/06/2011;13:57:00;465;sem vítima;222,8;BR-116/RJ;Pista Norte;Colisão traseira;2;3;0;0;0;0;1
03/06/2011;20:36:00;744;com vítima;223;BR-116/RJ;Pista Norte;Capotamento;1;1;1;0;0;0;1
03/06/2011;11:10:00;370;sem vítima;225,1;BR-116/RJ;Pista Norte;Engavetamento;2;5;0;0;0;0;1
03/06/2011;01:52:00;39;com vítima;225,9;BR-116/SP;Pista Sul;Engavetamento;1;3;1;0;0;0;1
03/06/2011;10:24:00;336;sem vítima;258;BR-116/RJ;Pista Sul;Abalroamento longitudinal;1;2;0;0;0;0;1
03/06/2011;06:28:00;122;sem vítima;273,9;BR-116/RJ;Pista Sul;Colisão traseira;1;2;0;0;0;0;1
03/06/2011;20:56:00;757;sem vítima;277,1;BR-116/RJ;Pista Norte;Choque em barreira New Jersey;1;4;0;0;0;0;1
04/06/2011;09:34:00;234;sem vítima;18,2;BR-116/SP;Pista Norte;Abalroamento longitudinal;1;6;0;0;0;0;1
04/06/2011;01:21:00;29;sem vítima;85,45;BR-116/SP;Pista Norte;Colisão traseira;2;2;0;0;0;0;1
04/06/2011;18:13:00;527;sem vítima;108,8;BR-116/SP;Pista Norte;Abalroamento longitudinal;1;2;0;0;0;0;1