data;horario;n_da_ocorrencia;tipo_de_ocorrencia;km;trecho;sentido;tipo_de_acidente;caminhao;ilesos;levemente_feridos;moderadamente_feridos;gravemente_feridos;mortos;3
04/06/2011;15:36:00;435;sem vítima;163,1;BR-116/RJ;Pista Sul;Abalroamento longitudinal;1;2;0;0;0;0;1
04/06/2011;08:04:00;182;sem vítima;165;BR-116/SP;Pista Norte;Abalroamento longitudinal;1;2;0;0;0;0;1
04/06/2011;11:32:00;301;sem vítima;176,8;BR-116/RJ;Pista Norte;Colisão traseira;1;2;0;0;0;0;1
04/06/2011;20:41:00;608;com vítima;227,2;BR-116/RJ;Pista Norte;Choque em barreira New Jersey;1;0;1;0;0;0;1
04/06/2011;04:35:00;73;com vítima;298,6;BR-116/RJ;Pista Sul;Colisão traseira;1;3;1;0;0;0;1
04/06/2011;12:25:00;327;sem vítima;301;BR-116/RJ;Pista Sul;Colisão traseira;2;2;0;0;0;0;1
05/06/2011;07:02:00;94;sem vítima;53,2;BR-116/SP;Pista Norte;Abalroamento longitudinal;1;2;0;0;0;0;1
05/06/2011;13:41:00;275;com vítima;218;BR-116/SP;Pista Norte;Engavetamento;2;8;1;0;0;0;1
06/06/2011;00:38:00;10;sem vítima;99,5;BR-116/SP;Pista Sul;Colisão traseira;1;3;0;0;0;0;1
06/06/2011;10:11:00;288;com vítima;113,5;BR-116/SP;Pista Sul;Atropelamento de pedestre atravessando;1;1;1;0;0;0;1
06/06/2011;18:03:00;559;sem vítima;139;BR-116/SP;Pista Sul;Capotamento;1;3;0;0;0;0;1
06/06/2011;09:06:00;230;sem vítima;143;BR-116/SP;Pista Sul;Colisão traseira;1;2;0;0;0;0;1
06/06/2011;08:07:00;176;com vítima;160,8;BR-116/SP;Pista Norte;Colisão traseira;1;2;1;0;0;0;1
06/06/2011;08:03:00;172;sem vítima;164,5;BR-116/RJ;Pista Norte;Abalroamento longitudinal;1;2;0;0;0;0;1
06/06/2011;17:54:00;550;sem vítima;166,7;BR-116/RJ;Pista Sul;Colisão traseira;1;2;0;0;0;0;1
06/06/2011;19:11:00;602;sem vítima;167,4;BR-116/RJ;Pista Sul;Abalroamento longitudinal;1;4;0;0;0;0;1
06/06/2011;05:04:00;64;sem vítima;167,6;BR-116/RJ;Pista Norte;Abalroamento longitudinal;1;2;0;0;0;0;1
06/06/2011;07:03:00;112;sem vítima;168;BR-116/RJ;Pista Norte;Colisão traseira;1;5;0;0;0;0;1
06/06/2011;17:19:00;521;sem vítima;168,3;BR-116/RJ;Pista Sul;Colisão traseira;2;4;0;0;0;0;1
06/06/2011;09:00:00;226;sem vítima;168,4;BR-116/RJ;Pista Sul;Abalroamento longitudinal;1;2;0;0;0;0;1
06/06/2011;09:49:00;270;sem vítima;168,6;BR-116/RJ;Pista Norte;Abalroamento longitudinal;1;2;0;0;0;0;1
06/06/2011;15:25:00;443;com vítima;177,8;BR-116/RJ;Pista Sul;Engavetamento;3;3;0;1;0;0;2
06/06/2011;10:53:00;311;sem vítima;178,55;BR-116/SP;Pista Norte;Colisão traseira;1;2;0;0;0;0;1
06/06/2011;11:17:00;318;sem vítima;216,4;BR-116/RJ;Pista Norte;Engavetamento;3;6;0;0;0;0;1
06/06/2011;18:41:00;582;com vítima;226,3;BR-116/SP;Pista Norte;Abalroamento longitudinal;1;1;2;0;0;0;1
06/06/2011;10:42:00;306;sem vítima;228,6;BR-116/RJ;Pista Norte;Colisão traseira;2;2;0;0;0;0;1
06/06/2011;06:13:00;91;com vítima;229,6;BR-116/RJ;Pista Norte;Tombamento;1;0;0;1;0;0;2
06/06/2011;05:26:00;77;com vítima;270,2;BR-116/RJ;Pista Sul;Tombamento;1;0;1;0;0;0;1
06/06/2011;20:24:00;648;sem vítima;278,8;BR-116/RJ;Pista Sul;Abalroamento longitudinal;1;2;0;0;0;0;1
06/06/2011;19:58:00;631;sem vítima;278,9;BR-116/RJ;Pista Sul;Outros;1;1;0;0;0;0;1
07/06/2011;21:43:00;783;sem vítima;24;BR-116/SP;Pista Norte;Abalroamento longitudinal;2;2;0;0;0;0;1
07/06/2011;14:05:00;446;sem vítima;125,6;BR-116/SP;Pista Norte;Colisão traseira;2;2;0;0;0;0;1
07/06/2011;14:35:00;463;com vítima;127;BR-116/SP;Pista Norte;Colisão traseira;2;1;2;0;0;0;1
07/06/2011;14:56:00;473;sem vítima;157;BR-116/SP;Pista Sul;Outros;1;1;0;0;0;0;1
07/06/2011;13:23:00;417;sem vítima;165;BR-116/SP;Pista Sul;Abalroamento longitudinal;1;4;0;0;0;0;1
07/06/2011;21:36:00;777;sem vítima;166;BR-116/SP;Pista Norte;Abalroamento longitudinal;1;5;0;0;0;0;1
07/06/2011;07:05:00;126;sem vítima;170;BR-116/RJ;Pista Sul;Abalroamento longitudinal;1;2;0;0;0;0;1
07/06/2011;23:29:00;838;sem vítima;170,6;BR-116/RJ;Pista Sul;Colisão traseira;2;2;0;0;0;0;1
07/06/2011;10:12:00;318;sem vítima;172;BR-116/RJ;Pista Sul;Engavetamento;1;3;0;0;0;0;1
07/06/2011;09:59:00;307;com vítima;173,8;BR-116/RJ;Pista Sul;Abalroamento longitudinal;1;1;1;0;0;0;1
07/06/2011;19:58:00;725;sem vítima;174;BR-116/SP;Pista Norte;Choque em barreira New Jersey;1;1;0;0;0;0;1
07/06/2011;18:32:00;636;sem vítima;176,3;BR-116/RJ;Pista Sul;Colisão traseira;1;2;0;0;0;0;1
07/06/2011;14:15:00;453;sem vítima;212,7;BR-116/SP;Pista Sul;Abalroamento longitudinal;1;4;0;0;0;0;1
07/06/2011;19:49:00;716;sem vítima;217;BR-116/SP;Pista Sul;Abalroamento longitudinal;1;2;0;0;0;0;1
07/06/2011;09:33:00;288;sem vítima;224,5;BR-116/RJ;Pista Norte;Abalroamento longitudinal;1;3;0;0;0;0;1
07/06/2011;20:14:00;734;sem vítima;228;BR-116/SP;Pista Norte;Colisão traseira;1;4;0;0;0;0;1
07/06/2011;04:33:00;65;com vítima;255,52;BR-116/RJ;Pista Norte;Choque em barreira New Jersey;1;0;2;0;0;0;1
07/06/2011;16:36:00;539;sem vítima;259,5;BR-116/RJ;Pista Norte;Abalroamento longitudinal;1;2;0;0;0;0;1
07/06/2011;18:19:00;621;com vítima;268,7;BR-116/RJ;Pista Sul;Engavetamento;1;5;1;0;0;0;1
07/06/2011;23:23:00;836;sem vítima;286,6;BR-116/RJ;Pista Norte;Choque Talude;1;1;0;0;0;0;1
07/06/2011;21:18:00;766;sem vítima;328;BR-116/RJ;Pista Sul;Choque em objeto fixo;1;2;0;0;0;0;1
08/06/2011;22:29:00;800;sem vítima;43,25;BR-116/SP;Pista Norte;Colisão traseira;1;2;0;0;0;0;1
08/06/2011;22:36:00;807;sem vítima;125,4;BR-116/SP;Pista Sul;Abalroamento longitudinal;1;2;0;0;0;0;1
08/06/2011;19:09:00;673;sem vítima;145;BR-116/SP;Pista Norte;Abalroamento longitudinal;1;2;0;0;0;0;1
08/06/2011;07:26:00;176;sem vítima;147;BR-116/SP;Pista Norte;Engavetamento;2;3;0;0;0;0;1
08/06/2011;15:58:00;555;com vítima;168;BR-116/RJ;Pista Norte;Abalroamento longitudinal;1;1;1;0;0;0;1
08/06/2011;11:27:00;361;sem vítima;170,2;BR-116/RJ;Pista Sul;Abalroamento longitudinal;1;2;0;0;0;0;1
08/06/2011;15:27:00;525;sem vítima;172,6;BR-116/RJ;Pista Sul;Abalroamento longitudinal;1;2;0;0;0;0;1
08/06/2011;10:57:00;346;sem vítima;173;BR-116/RJ;Pista Sul;Abalroamento longitudinal;1;2;0;0;0;0;1
08/06/2011;16:12:00;562;sem vítima;179;BR-116/SP;Pista Sul;Choque em barreira New Jersey;1;1;0;0;0;0;1
08/06/2011;07:17:00;167;sem vítima;182;BR-116/SP;Pista Norte;Choque em barreira New Jersey;1;1;0;0;0;0;1
08/06/2011;06:31:00;125;com vítima;190;BR-116/RJ;Pista Sul;Abalroamento longitudinal;1;1;0;1;0;0;2
08/06/2011;07:02:00;150;sem vítima;215;BR-116/SP;Pista Sul;Colisão traseira;1;4;0;0;0;0;1
08/06/2011;08:16:00;216;sem vítima;222;BR-116/SP;Pista Norte;Colisão traseira;1;2;0;0;0;0;1
08/06/2011;07:38:00;188;sem vítima;282,9;BR-116/RJ;Pista Sul;Abalroamento longitudinal;2;2;0;0;0;0;1
08/06/2011;16:02:00;557;sem vítima;294;BR-116/RJ;Pista Sul;Abalroamento longitudinal;2;3;0;0;0;0;1
09/06/2011;17:04:00;531;sem vítima;59,95;BR-116/SP;Pista Sul;Engavetamento;1;3;0;0;0;0;1
09/06/2011;17:29:00;545;com vítima;115,7;BR-116/SP;Pista Norte;Queda de moto;1;2;1;0;0;0;1
09/06/2011;09:58:00;293;sem vítima;118,1;BR-116/SP;Pista Sul;Abalroamento longitudinal;1;2;0;0;0;0;1
09/06/2011;13:41:00;420;sem vítima;176,3;BR-116/SP;Pista Norte;Choque em barreira New Jersey;1;1;0;0;0;0;1
09/06/2011;07:16:00;149;sem vítima;190;BR-116/RJ;Pista Sul;Colisão traseira;1;24;0;0;0;0;1
09/06/2011;11:27:00;352;sem vítima;221;BR-116/SP;Pista Sul;Abalroamento longitudinal;1;2;0;0;0;0;1
09/06/2011;09:41:00;279;com vítima;227;BR-116/SP;Pista Sul;Engavetamento;1;4;1;0;0;0;1
09/06/2011;13:03:00;402;sem vítima;227,2;BR-116/RJ;Pista Norte;Choque em barreira New Jersey;1;1;0;0;0;0;1
09/06/2011;18:41:00;600;sem vítima;229,65;BR-116/RJ;Pista Norte;Abalroamento longitudinal;1;3;0;0;0;0;1
09/06/2011;08:34:00;220;sem vítima;256,8;BR-116/RJ;Pista Sul;Abalroamento longitudinal;1;6;0;0;0;0;1
09/06/2011;15:33:00;485;com vítima;261,6;BR-116/RJ;Pista Norte;Choque em objeto fixo;1;1;1;0;0;0;1
09/06/2011;19:15:00;627;sem vítima;272,6;BR-116/RJ;Pista Sul;Abalroamento longitudinal;1;4;0;0;0;0;1
09/06/2011;18:34:00;596;com vítima;272,63;BR-116/RJ;Pista Sul;Colisão traseira;1;2;1;0;0;0;1
10/06/2011;08:51:00;237;sem vítima;24,35;BR-116/SP;Pista Norte;Colisão traseira;2;2;0;0;0;0;1
10/06/2011;13:26:00;435;sem vítima;61;BR-116/SP;Pista Norte;Abalroamento longitudinal;1;5;0;0;0;0;1
10/06/2011;16:04:00;541;sem vítima;63;BR-116/SP;Pista Norte;Não Def;1;2;0;0;0;0;1
10/06/2011;17:28:00;603;sem vítima;64;BR-116/SP;Pista Sul;Abalroamento longitudinal;1;2;0;0;0;0;1
10/06/2011;18:06:00;635;sem vítima;145,68;BR-116/SP;Pista Norte;Colisão traseira;1;3;0;0;0;0;1
10/06/2011;00:43:00;16;com vítima;163;BR-116/SP;Pista Sul;Engavetamento;3;42;1;0;0;0;1
10/06/2011;08:53:00;238;sem vítima;170;BR-116/RJ;Pista Norte;Colisão traseira;1;2;0;0;0;0;1
10/06/2011;00:43:00;15;sem vítima;179,8;BR-116/RJ;Pista Norte;Choque em veículo parado na pista;1;2;0;0;0;0;1
10/06/2011;20:14:00;740;com vítima;182;BR-116/SP;Pista Norte;Colisão traseira;1;1;2;0;0;0;1
10/06/2011;05:14:00;64;sem vítima;186;BR-116/SP;Pista Sul;Tombamento;1;1;0;0;0;0;1
10/06/2011;07:02:00;128;sem vítima;197,1;BR-116/SP;Pista Sul;Colisão traseira;2;2;0;0;0;0;1
10/06/2011;16:40:00;574;sem vítima;217,6;BR-116/SP;Pista Norte;Colisão traseira;1;2;0;0;0;0;1
10/06/2011;14:30:00;486;sem vítima;226,4;BR-116/RJ;Pista Norte;Engavetamento;2;3;0;0;0;0;1
10/06/2011;09:19:00;260;sem vítima;257,3;BR-116/RJ;Pista Norte;Abalroamento longitudinal;2;2;0;0;0;0;1
10/06/2011;20:48:00;764;sem vítima;268,2;BR-116/RJ;Pista Sul;Abalroamento longitudinal;1;2;0;0;0;0;1
10/06/2011;05:23:00;70;sem vítima;268,4;BR-116/RJ;Pista Norte;Colisão traseira;2;2;0;0;0;0;1
11/06/2011;09:24:00;223;sem vítima;21,4;BR-116/SP;Pista Sul;Outros;1;1;0;0;0;0;1
11/06/2011;17:11:00;504;sem vítima;102,2;BR-116/SP;Pista Norte;Outros;1;1;0;0;0;0;1
11/06/2011;15:06:00;431;com vítima;171;BR-116/SP;Pista Norte;Abalroamento longitudinal;1;4;1;0;0;0;1
11/06/2011;10:56:00;296;sem vítima;204;BR-116/SP;Pista Norte;Choque em veículo parado na pista;2;2;0;0;0;0;1
11/06/2011;18:05:00;529;sem vítima;219,8;BR-116/SP;Pista Norte;Abalroamento longitudinal;1;2;0;0;0;0;1
11/06/2011;23:41:00;677;sem vítima;241,3;BR-116/RJ;Pista Norte;Choque Talude;1;1;0;0;0;0;1
11/06/2011;02:15:00;42;com vítima;297,5;BR-116/RJ;Pista Norte;Colisão traseira;2;1;1;0;0;0;1
12/06/2011;09:38:00;216;sem vítima;143;BR-116/SP;Pista Sul;Colisão traseira;1;4;0;0;0;0;1
12/06/2011;11:36:00;273;sem vítima;158,7;BR-116/SP;Pista Sul;Abalroamento longitudinal;1;3;0;0;0;0;1
12/06/2011;16:13:00;389;com vítima;217,8;BR-116/SP;Pista Sul;Tombamento;1;1;1;0;0;0;1
12/06/2011;02:48:00;51;com vítima;219,8;BR-116/SP;Pista Norte;Choque em barreira New Jersey;1;1;1;0;0;0;1
12/06/2011;17:41:00;446;sem vítima;222,4;BR-116/SP;Pista Norte;Abalroamento longitudinal;1;2;0;0;0;0;1
12/06/2011;08:05:00;154;sem vítima;223,95;BR-116/RJ;Pista Norte;Outros;1;1;0;0;0;0;1
12/06/2011;23:36:00;614;sem vítima;231,1;BR-116/SP;Pista Norte;Colisão traseira;1;2;0;0;0;0;1
12/06/2011;09:18:00;204;com vítima;279;BR-116/RJ;Pista Norte;Choque em objeto fixo;1;0;1;0;0;0;1
12/06/2011;09:42:00;220;sem vítima;301;BR-116/RJ;Pista Sul;Abalroamento longitudinal;1;2;0;0;0;0;1
13/06/2011;03:11:00;42;sem vítima;81;BR-116/SP;Pista Norte;Atropelamento de animal;2;2;0;0;0;0;1
13/06/2011;06:02:00;85;sem vítima;96,5;BR-116/SP;Pista Sul;Abalroamento longitudinal;2;4;0;0;0;0;1
13/06/2011;21:43:00;697;com vítima;131,4;BR-116/SP;Pista Sul;Colisão traseira;2;1;1;0;0;0;1
13/06/2011;17:54:00;563;sem vítima;149,3;BR-116/SP;Pista Norte;Abalroamento longitudinal;1;2;0;0;0;0;1
13/06/2011;18:53:00;606;sem vítima;218,4;BR-116/SP;Pista Norte;Abalroamento longitudinal;1;2;0;0;0;0;1
13/06/2011;08:19:00;177;sem vítima;224;BR-116/RJ;Pista Norte;Abalroamento longitudinal;1;2;0;0;0;0;1
13/06/2011;17:36:00;553;sem vítima;268,5;BR-116/RJ;Pista Sul;Choque Talude;1;1;0;0;0;0;1
13/06/2011;17:58:00;567;com vítima;269,15;BR-116/RJ;Pista Sul;Abalroamento longitudinal;1;1;1;0;0;0;1
13/06/2011;06:23:00;92;sem vítima;275;BR-116/RJ;Pista Norte;Choque em objeto na pista;1;1;0;0;0;0;1
13/06/2011;06:55:00;109;sem vítima;275;BR-116/RJ;Pista Norte;Choque em objeto na pista;1;1;0;0;0;0;1
13/06/2011;19:22:00;628;sem vítima;284,7;BR-116/RJ;Pista Sul;Choque em veículo parado na pista;1;4;0;0;0;0;1
13/06/2011;00:38:00;11;com vítima;304,5;BR-116/RJ;Pista Norte;Tombamento;1;0;1;0;0;0;1
13/06/2011;22:05:00;714;sem vítima;314;BR-116/RJ;Pista Sul;Abalroamento longitudinal;2;2;0;0;0;0;1
14/06/2011;07:04:00;122;sem vítima;68;BR-116/SP;Pista Norte;Choque em barreira New Jersey;1;1;0;0;0;0;1
14/06/2011;07:48:00;171;sem vítima;69,9;BR-116/SP;Pista Norte;Colisão traseira;2;2;0;0;0;0;1
14/06/2011;15:17:00;491;sem vítima;147;BR-116/SP;Pista Norte;Abalroamento longitudinal;1;2;0;0;0;0;1
14/06/2011;23:26:00;800;sem vítima;155,6;BR-116/SP;Pista Norte;Engavetamento;1;3;0;0;0;0;1
14/06/2011;10:28:00;322;sem vítima;165;BR-116/SP;Pista Sul;Choque em objeto fixo;1;1;0;0;0;0;1
14/06/2011;10:30:00;325;sem vítima;167,5;BR-116/RJ;Pista Sul;Abalroamento longitudinal;1;2;0;0;0;0;1
14/06/2011;05:13:00;83;sem vítima;178,8;BR-116/RJ;Pista Sul;Colisão traseira;2;2;0;0;0;0;1
14/06/2011;12:08:00;385;sem vítima;182;BR-116/SP;Pista Norte;Colisão traseira;1;4;0;0;0;0;1
14/06/2011;11:18:00;359;com vítima;182,7;BR-116/RJ;Pista Norte;Choque em veículo parado na pista;1;1;0;2;0;0;2
14/06/2011;22:49:00;787;com vítima;199,68;BR-116/SP;Pista Sul;Atropelamento de pedestre atravessando;1;1;0;0;0;1;3
14/06/2011;22:21:00;767;sem vítima;204;BR-116/SP;Pista Sul;Colisão traseira;1;3;0;0;0;0;1
14/06/2011;17:54:00;588;sem vítima;252,6;BR-116/RJ;Pista Norte;Colisão traseira;1;3;0;0;0;0;1
14/06/2011;14:40:00;471;com vítima;271,5;BR-116/RJ;Pista Sul;Colisão traseira;1;2;1;0;0;0;1
14/06/2011;22:45:00;783;sem vítima;316;BR-116/RJ;Pista Sul;Abalroamento longitudinal;2;2;0;0;0;0;1
14/06/2011;17:58:00;594;sem vítima;316,15;BR-116/RJ;Pista Sul;Abalroamento longitudinal;2;3;0;0;0;0;1
15/06/2011;11:18:00;495;sem vítima;64,8;BR-116/SP;Pista Sul;Choque em objeto fixo;1;1;0;0;0;0;1
15/06/2011;08:21:00;210;com vítima;65,2;BR-116/SP;Pista Sul;Colisão traseira;1;1;0;1;0;0;2
15/06/2011;08:50:00;347;sem vítima;81,6;BR-116/SP;Pista Sul;Choque em defensa;1;1;0;0;0;0;1
15/06/2011;19:47:00;650;sem vítima;147;BR-116/SP;Pista Sul;Abalroamento longitudinal;1;6;0;0;0;0;1
15/06/2011;12:54:00;397;sem vítima;171,7;BR-116/RJ;Pista Sul;Abalroamento longitudinal;1;2;0;0;0;0;1
15/06/2011;02:36:00;41;sem vítima;176,6;BR-116/RJ;Pista Norte;Choque em veículo parado na pista;2;2;0;0;0;0;1
15/06/2011;05:05:00;73;sem vítima;220,3;BR-116/RJ;Pista Sul;Outros;1;1;0;0;0;0;1
15/06/2011;09:20:00;257;sem vítima;221,1;BR-116/RJ;Pista Norte;Outros;1;1;0;0;0;0;1
15/06/2011;22:27:00;739;sem vítima;230,2;BR-116/SP;Pista Sul;Colisão traseira;2;2;0;0;0;0;1
15/06/2011;06:39:00;108;sem vítima;300,2;BR-116/RJ;Pista Norte;Abalroamento longitudinal;1;2;0;0;0;0;1
15/06/2011;18:58:00;630;sem vítima;320,2;BR-116/RJ;Pista Sul;Colisão traseira;2;2;0;0;0;0;1
16/06/2011;09:36:00;304;sem vítima;104,9;BR-116/SP;Pista Sul;Colisão traseira;2;2;0;0;0;0;1
16/06/2011;08:18:00;222;com vítima;106,2;BR-116/SP;Pista Sul;Engavetamento;1;2;0;1;0;0;2
16/06/2011;11:59:00;406;sem vítima;109,8;BR-116/SP;Pista Norte;Colisão traseira;1;3;0;0;0;0;1
16/06/2011;09:14:00;280;sem vítima;122;BR-116/SP;Pista Sul;Engavetamento;2;4;0;0;0;0;1
16/06/2011;07:17:00;146;sem vítima;144,5;BR-116/SP;Pista Sul;Colisão traseira;2;2;0;0;0;0;1
16/06/2011;09:10:00;276;sem vítima;145;BR-116/SP;Pista Sul;Abalroamento longitudinal;1;4;0;0;0;0;1
16/06/2011;14:21:00;489;sem vítima;169;BR-116/SP;Pista Sul;Colisão traseira;1;2;0;0;0;0;1
16/06/2011;01:56:00;43;sem vítima;170,1;BR-116/RJ;Pista Norte;Colisão traseira;2;2;0;0;0;0;1
16/06/2011;09:26:00;291;com vítima;207;BR-116/RJ;Pista Norte;Colisão traseira;1;1;3;0;0;0;1
16/06/2011;18:14:00;660;sem vítima;210;BR-116/SP;Pista Norte;Abalroamento longitudinal;1;4;0;0;0;0;1
16/06/2011;18:33:00;673;sem vítima;228;BR-116/SP;Pista Norte;Abalroamento longitudinal;1;8;0;0;0;0;1
16/06/2011;11:34:00;396;sem vítima;228,5;BR-116/RJ;Pista Norte;Abalroamento longitudinal;2;2;0;0;0;0;1
16/06/2011;15:43:00;549;sem vítima;292;BR-116/RJ;Pista Norte;Abalroamento longitudinal;1;2;0;0;0;0;1
17/06/2011;16:25:00;558;sem vítima;135;BR-116/SP;Pista Norte;Colisão traseira;1;2;0;0;0;0;1
17/06/2011;07:20:00;165;sem vítima;144,8;BR-116/SP;Pista Sul;Engavetamento;1;3;0;0;0;0;1
17/06/2011;13:24:00;439;sem vítima;165;BR-116/SP;Pista Sul;Colisão traseira;1;2;0;0;0;0;1
17/06/2011;18:39:00;658;com vítima;178,75;BR-116/RJ;Pista Sul;Colisão traseira;1;1;0;2;0;0;2
17/06/2011;13:06:00;427;com vítima;182;BR-116/SP;Pista Norte;Colisão traseira;2;1;1;0;0;0;1
17/06/2011;13:42:00;453;sem vítima;193;BR-116/RJ;Pista Sul;Choque em objeto fixo;1;1;0;0;0;0;1
17/06/2011;14:04:00;460;sem vítima;210;BR-116/SP;Pista Sul;Colisão traseira;2;5;0;0;0;0;1
18/06/2011;03:23:00;58;sem vítima;55,45;BR-116/SP;Pista Sul;Choque em objeto fixo;1;2;0;0;0;0;1
18/06/2011;19:58:00;624;sem vítima;110,7;BR-116/SP;Pista Norte;Colisão traseira;1;2;0;0;0;0;1
18/06/2011;11:12:00;330;sem vítima;125,4;BR-116/SP;Pista Sul;Choque em objeto na pista;1;2;0;0;0;0;1
18/06/2011;20:25:00;634;sem vítima;158,83;BR-116/SP;Pista Sul;Abalroamento longitudinal;1;4;0;0;0;0;1
18/06/2011;14:46:00;448;com vítima;165;BR-116/RJ;Pista Sul;Choque em veículo parado na pista;1;1;2;1;0;0;2
18/06/2011;08:10:00;201;sem vítima;176,2;BR-116/RJ;Pista Norte;Colisão traseira;1;3;0;0;0;0;1
18/06/2011;22:42:00;698;com vítima;213;BR-116/SP;Pista Norte;Atropelamento de pedestre atravessando;1;1;1;0;0;0;1
18/06/2011;19:35:00;611;sem vítima;222;BR-116/SP;Pista Norte;Colisão traseira;1;3;0;0;0;0;1
18/06/2011;10:51:00;323;com vítima;316,6;BR-116/RJ;Pista Sul;Colisão traseira;1;1;1;0;0;0;1
19/06/2011;04:42:00;89;sem vítima;14,8;BR-116/SP;Pista Sul;Choque Talude;1;1;0;0;0;0;1
19/06/2011;12:24:00;327;sem vítima;87;BR-116/SP;Pista Norte;Colisão traseira;1;3;0;0;0;0;1
19/06/2011;21:21:00;627;com vítima;145;BR-116/SP;Pista Sul;Abalroamento longitudinal;1;1;1;0;0;0;1
19/06/2011;08:23:00;194;sem vítima;147;BR-116/SP;Pista Norte;Abalroamento longitudinal;1;4;0;0;0;0;1
19/06/2011;04:07:00;79;sem vítima;187;BR-116/RJ;Pista Norte;Queda de ribanceira;1;1;0;0;0;0;1
19/06/2011;00:28:00;9;sem vítima;219;BR-116/SP;Pista Norte;Abalroamento longitudinal;1;3;0;0;0;0;1
19/06/2011;03:36:00;73;com vítima;282,75;BR-116/RJ;Pista Sul;Choque em objeto na pista;1;1;0;1;0;0;2
20/06/2011;22:50:00;742;com vítima;45,5;BR-116/SP;Pista Norte;Choque em defensa;1;1;1;0;0;0;1
20/06/2011;19:01:00;643;sem vítima;142,6;BR-116/SP;Pista Norte;Abalroamento longitudinal;1;2;0;0;0;0;1
20/06/2011;08:20:00;208;sem vítima;165,6;BR-116/RJ;Pista Norte;Colisão traseira;1;2;0;0;0;0;1
20/06/2011;15:30:00;501;sem vítima;176,1;BR-116/RJ;Pista Sul;Engavetamento;1;4;0;0;0;0;1
20/06/2011;15:10:00;489;sem vítima;190,7;BR-116/SP;Pista Sul;Choque em objeto fixo;1;1;0;0;0;0;1
20/06/2011;15:34:00;504;sem vítima;202,5;BR-116/SP;Pista Norte;Abalroamento longitudinal;2;2;0;0;0;0;1
20/06/2011;18:34:00;629;sem vítima;213,5;BR-116/SP;Pista Norte;Engavetamento;1;5;0;0;0;0;1
20/06/2011;12:57:00;413;sem vítima;223,9;BR-116/RJ;Pista Sul;Colisão traseira;1;2;0;0;0;0;1
20/06/2011;11:02:00;335;sem vítima;224,2;BR-116/RJ;Pista Sul;Choque em objeto fixo;1;1;0;0;0;0;1
20/06/2011;02:22:00;48;com vítima;261,42;BR-116/RJ;Pista Sul;Engavetamento;2;2;0;0;1;0;2
20/06/2011;02:11:00;46;com vítima;261,55;BR-116/RJ;Pista Sul;Choque em defensa;1;0;0;1;0;0;2
20/06/2011;17:08:00;565;sem vítima;308,1;BR-116/RJ;Pista Sul;Colisão traseira;1;4;0;0;0;0;1
21/06/2011;17:29:00;535;sem vítima;51;BR-116/SP;Pista Norte;Outros;1;1;0;0;0;0;1
21/06/2011;09:12:00;229;sem vítima;142,8;BR-116/SP;Pista Sul;Abalroamento longitudinal;1;3;0;0;0;0;1
21/06/2011;15:30:00;464;com vítima;157;BR-116/SP;Pista Norte;Colisão traseira;1;2;1;0;0;0;1
21/06/2011;08:09:00;177;sem vítima;160,4;BR-116/SP;Pista Norte;Abalroamento longitudinal;1;2;0;0;0;0;1
21/06/2011;11:05:00;314;com vítima;161,9;BR-116/SP;Pista Sul;Tombamento;1;1;1;0;0;0;1
21/06/2011;20:24:00;651;sem vítima;175;BR-116/RJ;Pista Sul;Abalroamento longitudinal;1;2;0;0;0;0;1
21/06/2011;19:51:00;633;sem vítima;175,6;BR-116/RJ;Pista Sul;Colisão traseira;1;2;0;0;0;0;1
21/06/2011;03:27:00;44;sem vítima;217,6;BR-116/RJ;Pista Norte;Abalroamento longitudinal;2;2;0;0;0;0;1
21/06/2011;16:34:00;500;sem vítima;219,5;BR-116/SP;Pista Sul;Abalroamento longitudinal;1;3;0;0;0;0;1
21/06/2011;14:41:00;438;sem vítima;221,1;BR-116/SP;Pista Norte;Engavetamento;1;4;0;0;0;0;1
21/06/2011;17:36:00;545;com vítima;222,1;BR-116/SP;Pista Norte;Abalroamento longitudinal;1;1;1;0;0;0;1
21/06/2011;03:04:00;39;sem vítima;222,6;BR-116/RJ;Pista Norte;Outros;1;1;0;0;0;0;1
21/06/2011;16:30:00;495;sem vítima;225,2;BR-116/RJ;Pista Sul;Engavetamento;2;3;0;0;0;0;1
21/06/2011;16:06:00;481;sem vítima;227;BR-116/SP;Pista Norte;Abalroamento longitudinal;1;2;0;0;0;0;1
21/06/2011;10:56:00;305;sem vítima;231,3;BR-116/SP;Pista Sul;Colisão traseira;2;3;0;0;0;0;1
21/06/2011;13:11:00;389;sem vítima;272;BR-116/RJ;Pista Norte;Abalroamento longitudinal;2;2;0;0;0;0;1
22/06/2011;20:47:00;720;sem vítima;174;BR-116/RJ;Pista Sul;Abalroamento longitudinal;1;3;0;0;0;0;1
22/06/2011;15:26:00;463;sem vítima;174,4;BR-116/RJ;Pista Norte;Abalroamento longitudinal;1;2;0;0;0;0;1
22/06/2011;14:35:00;430;sem vítima;175,5;BR-116/RJ;Pista Norte;Abalroamento longitudinal;1;2;0;0;0;0;1
22/06/2011;12:22:00;352;com vítima;182,9;BR-116/RJ;Pista Norte;Abalroamento longitudinal;1;3;1;0;0;0;1
22/06/2011;15:40:00;469;sem vítima;185,15;BR-116/RJ;Pista Sul;Abalroamento longitudinal;1;2;0;0;0;0;1
22/06/2011;14:31:00;425;sem vítima;185,4;BR-116/RJ;Pista Norte;Abalroamento longitudinal;1;2;0;0;0;0;1
22/06/2011;05:55:00;80;com vítima;189;BR-116/RJ;Pista Norte;Colisão traseira;1;1;0;1;0;0;2