data;horario;n_da_ocorrencia;tipo_de_ocorrencia;km;trecho;sentido;tipo_de_acidente;caminhao;ilesos;levemente_feridos;moderadamente_feridos;gravemente_feridos;mortos;3
22/06/2011;21:05:00;727;com vítima;196,6;BR-116/SP;Pista Norte;Colisão traseira;1;1;3;0;0;0;1
22/06/2011;18:47:00;621;sem vítima;207;BR-116/RJ;Pista Sul;Abalroamento longitudinal;1;3;0;0;0;0;1
22/06/2011;09:15:00;245;com vítima;218,8;BR-116/SP;Pista Norte;Colisão traseira;1;1;0;1;0;0;2
22/06/2011;06:15:00;86;com vítima;224,7;BR-116/RJ;Pista Norte;Tombamento;1;0;1;0;0;0;1
22/06/2011;22:48:00;782;sem vítima;225;BR-116/SP;Pista Norte;Engavetamento;1;5;0;0;0;0;1
22/06/2011;07:47:00;167;com vítima;274,95;BR-116/RJ;Pista Sul;Engavetamento;1;3;2;0;0;0;1
23/06/2011;11:41:00;325;sem vítima;115;BR-116/SP;Pista Norte;Colisão traseira;2;2;0;0;0;0;1
23/06/2011;09:09:00;219;sem vítima;119,5;BR-116/SP;Pista Norte;Abalroamento longitudinal;1;5;0;0;0;0;1
23/06/2011;09:06:00;217;sem vítima;122,2;BR-116/SP;Pista Norte;Colisão traseira;2;2;0;0;0;0;1
23/06/2011;06:26:00;117;sem vítima;122,8;BR-116/SP;Pista Norte;Abalroamento longitudinal;2;4;0;0;0;0;1
23/06/2011;09:03:00;215;sem vítima;130;BR-116/SP;Pista Sul;Choque em objeto na pista;1;7;0;0;0;0;1
23/06/2011;13:02:00;371;sem vítima;143,8;BR-116/SP;Pista Norte;Choque em objeto na pista;1;6;0;0;0;0;1
23/06/2011;18:35:00;583;com vítima;297,96;BR-116/RJ;Pista Sul;Engavetamento;1;2;0;0;1;1;3
24/06/2011;11:04:00;315;sem vítima;165;BR-116/SP;Pista Norte;Colisão traseira;1;6;0;0;0;0;1
24/06/2011;07:34:00;151;sem vítima;173,6;BR-116/RJ;Pista Norte;Colisão traseira;1;3;0;0;0;0;1
24/06/2011;15:26:00;436;com vítima;178,15;BR-116/RJ;Pista Norte;Engavetamento;2;2;1;0;0;0;1
24/06/2011;22:12:00;660;sem vítima;262,75;BR-116/RJ;Pista Norte;Abalroamento longitudinal;1;2;0;0;0;0;1
24/06/2011;13:33:00;382;sem vítima;307,6;BR-116/RJ;Pista Sul;Abalroamento longitudinal;2;2;0;0;0;0;1
25/06/2011;21:16:00;550;sem vítima;83,8;BR-116/SP;Pista Sul;Choque em objeto na pista;1;6;0;0;0;0;1
25/06/2011;16:47:00;398;com vítima;165,2;BR-116/RJ;Pista Norte;Atropelamento de pedestre atravessando;1;0;1;0;0;0;1
25/06/2011;17:11:00;412;sem vítima;174,4;BR-116/RJ;Pista Sul;Abalroamento longitudinal;1;2;0;0;0;0;1
25/06/2011;06:39:00;84;sem vítima;213;BR-116/SP;Pista Sul;Choque em defensa;1;3;0;0;0;0;1
25/06/2011;19:20:00;487;sem vítima;216,9;BR-116/SP;Pista Norte;Abalroamento longitudinal;1;3;0;0;0;0;1
26/06/2011;14:24:00;361;sem vítima;175,6;BR-116/RJ;Pista Norte;Colisão traseira;1;2;0;0;0;0;1
26/06/2011;09:23:00;181;sem vítima;208,9;BR-116/RJ;Pista Norte;Colisão traseira;1;2;0;0;0;0;1
26/06/2011;22:37:00;734;sem vítima;229;BR-116/SP;Pista Sul;Abalroamento longitudinal;1;4;0;0;0;0;1
26/06/2011;18:50:00;577;sem vítima;266,5;BR-116/RJ;Pista Norte;Choque em objeto fixo;1;1;0;0;0;0;1
26/06/2011;02:13:00;45;sem vítima;310,1;BR-116/RJ;Pista Norte;Colisão traseira;1;2;0;0;0;0;1
26/06/2011;20:16:00;650;sem vítima;314,4;BR-116/RJ;Pista Norte;Abalroamento longitudinal;1;3;0;0;0;0;1
27/06/2011;07:39:00;157;sem vítima;28;BR-116/SP;Pista Sul;Choque em objeto fixo;1;2;0;0;0;0;1
27/06/2011;23:45:00;746;sem vítima;32,5;BR-116/SP;Pista Norte;Colisão traseira;2;2;0;0;0;0;1
27/06/2011;00:59:00;17;sem vítima;70,1;BR-116/SP;Pista Norte;Choque em objeto fixo;1;1;0;0;0;0;1
27/06/2011;17:19:00;535;sem vítima;109,685;BR-116/SP;Pista Norte;Choque em barreira New Jersey;1;1;0;0;0;0;1
27/06/2011;13:36:00;403;sem vítima;170;BR-116/RJ;Pista Norte;Abalroamento longitudinal;1;2;0;0;0;0;1
27/06/2011;00:19:00;6;sem vítima;172,8;BR-116/RJ;Pista Sul;Abalroamento longitudinal;1;2;0;0;0;0;1
27/06/2011;12:14:00;361;sem vítima;175;BR-116/RJ;Pista Norte;Abalroamento longitudinal;1;3;0;0;0;0;1
27/06/2011;06:20:00;108;sem vítima;183;BR-116/SP;Pista Sul;Colisão traseira;1;3;0;0;0;0;1
27/06/2011;06:56:00;124;sem vítima;221;BR-116/SP;Pista Sul;Abalroamento longitudinal;1;3;0;0;0;0;1
27/06/2011;16:34:00;504;com vítima;221;BR-116/SP;Pista Norte;Abalroamento longitudinal;1;1;1;0;0;0;1
27/06/2011;11:57:00;352;sem vítima;224,9;BR-116/RJ;Pista Norte;Abalroamento longitudinal;2;2;0;0;0;0;1
28/06/2011;02:52:00;52;com vítima;26,97;BR-116/SP;Pista Norte;Atropelamento de pedestre atravessando;1;1;0;0;0;1;3
28/06/2011;09:47:00;287;com vítima;158;BR-116/SP;Pista Norte;Engavetamento;1;3;1;0;0;0;1
28/06/2011;12:26:00;394;sem vítima;158;BR-116/SP;Pista Sul;Colisão traseira;1;3;0;0;0;0;1
28/06/2011;19:40:00;677;sem vítima;171,7;BR-116/RJ;Pista Sul;Abalroamento longitudinal;1;2;0;0;0;0;1
28/06/2011;15:27:00;527;sem vítima;173;BR-116/RJ;Pista Sul;Abalroamento longitudinal;1;2;0;0;0;0;1
28/06/2011;10:20:00;319;sem vítima;210,5;BR-116/SP;Pista Sul;Abalroamento longitudinal;1;2;0;0;0;0;1
28/06/2011;21:03:00;732;com vítima;222;BR-116/SP;Pista Norte;Capotamento;1;1;1;0;0;0;1
28/06/2011;08:22:00;202;sem vítima;227;BR-116/SP;Pista Norte;Engavetamento;2;3;0;0;0;0;1
28/06/2011;02:35:00;44;com vítima;297,5;BR-116/RJ;Pista Norte;Colisão traseira;2;1;1;0;0;0;1
28/06/2011;07:42:00;161;sem vítima;302,9;BR-116/RJ;Pista Norte;Engavetamento;1;4;0;0;0;0;1
29/06/2011;13:45:00;455;sem vítima;69,2;BR-116/SP;Pista Sul;Choque em objeto na pista;1;1;0;0;0;0;1
29/06/2011;22:59:00;789;com vítima;102,8;BR-116/SP;Pista Sul;Colisão traseira;2;2;1;0;0;0;1
29/06/2011;15:06:00;506;sem vítima;155,9;BR-116/SP;Pista Norte;Abalroamento longitudinal;1;3;0;0;0;0;1
29/06/2011;09:32:00;274;sem vítima;168,4;BR-116/RJ;Pista Sul;Abalroamento longitudinal;1;2;0;0;0;0;1
29/06/2011;18:59:00;657;sem vítima;172,8;BR-116/RJ;Pista Sul;Colisão traseira;1;2;0;0;0;0;1
29/06/2011;12:56:00;423;sem vítima;173;BR-116/RJ;Pista Sul;Abalroamento longitudinal;1;2;0;0;0;0;1
29/06/2011;15:58:00;530;sem vítima;180;BR-116/SP;Pista Sul;Não Def;1;2;0;0;0;0;1
29/06/2011;06:12:00;95;sem vítima;183,7;BR-116/SP;Pista Sul;Colisão traseira;2;2;0;0;0;0;1
29/06/2011;16:21:00;543;sem vítima;198,5;BR-116/RJ;Pista Sul;Outros;1;1;0;0;0;0;1
29/06/2011;00:19:00;13;sem vítima;211;BR-116/SP;Pista Norte;Colisão traseira;1;2;0;0;0;0;1
29/06/2011;01:33:00;37;com vítima;226,8;BR-116/RJ;Pista Sul;Colisão traseira;1;20;2;0;0;0;1
30/06/2011;20:54:00;683;com vítima;28;BR-116/SP;Pista Sul;Choque em barreira New Jersey;1;0;1;0;0;0;1
30/06/2011;14:23:00;440;sem vítima;37,4;BR-116/SP;Pista Norte;Colisão traseira;1;2;0;0;0;0;1
30/06/2011;18:28:00;610;sem vítima;39,7;BR-116/SP;Pista Norte;Colisão traseira;2;2;0;0;0;0;1
30/06/2011;18:21:00;605;sem vítima;49,7;BR-116/SP;Pista Sul;Choque em objeto na pista;1;1;0;0;0;0;1
30/06/2011;14:48:00;460;sem vítima;116,3;BR-116/SP;Pista Norte;Colisão traseira;2;2;0;0;0;0;1
30/06/2011;10:57:00;328;sem vítima;158;BR-116/SP;Pista Norte;Choque em defensa;1;2;0;0;0;0;1
30/06/2011;18:59:00;624;sem vítima;228,6;BR-116/RJ;Pista Sul;Choque em objeto fixo;1;1;0;0;0;0;1
30/06/2011;04:02:00;60;sem vítima;293,9;BR-116/RJ;Pista Norte;Tombamento;1;1;0;0;0;0;1
01/07/2011;17:21:00;574;sem vítima;170,7;BR-116/RJ;Pista Sul;Colisão traseira;1;2;0;0;0;0;1
01/07/2011;12:35:00;403;sem vítima;172,5;BR-116/RJ;Pista Sul;Abalroamento longitudinal;1;2;0;0;0;0;1
01/07/2011;12:26:00;394;sem vítima;172,55;BR-116/RJ;Pista Norte;Colisão traseira;1;2;0;0;0;0;1
01/07/2011;14:51:00;471;sem vítima;172,6;BR-116/RJ;Pista Sul;Colisão traseira;1;3;0;0;0;0;1
01/07/2011;23:33:00;833;com vítima;174,3;BR-116/RJ;Pista Sul;Abalroamento longitudinal;1;1;2;0;0;0;1
01/07/2011;16:29:00;540;sem vítima;174,8;BR-116/RJ;Pista Sul;Engavetamento;1;22;0;0;0;0;1
01/07/2011;20:16:00;721;sem vítima;207;BR-116/RJ;Pista Norte;Abalroamento longitudinal;1;3;0;0;0;0;1
01/07/2011;17:43:00;593;sem vítima;211,5;BR-116/SP;Pista Norte;Colisão traseira;1;2;0;0;0;0;1
01/07/2011;21:23:00;756;sem vítima;221,6;BR-116/SP;Pista Norte;Abalroamento longitudinal;1;3;0;0;0;0;1
01/07/2011;17:48:00;597;sem vítima;226,9;BR-116/SP;Pista Norte;Colisão traseira;2;2;0;0;0;0;1
01/07/2011;13:39:00;438;sem vítima;271,95;BR-116/RJ;Pista Norte;Engavetamento;1;37;0;0;0;0;1
01/07/2011;12:25:00;393;sem vítima;279;BR-116/RJ;Pista Norte;Choque em veículo parado na pista;1;2;0;0;0;0;1
01/07/2011;19:20:00;676;com vítima;304,3;BR-116/RJ;Pista Sul;Abalroamento transversal;1;3;1;0;0;0;1
01/07/2011;11:02:00;339;com vítima;305;BR-116/RJ;Pista Sul;Capotamento;1;2;1;0;0;0;1
01/07/2011;11:16:00;348;sem vítima;306,5;BR-116/RJ;Pista Sul;Colisão traseira;1;2;0;0;0;0;1
02/07/2011;08:03:00;179;sem vítima;24,8;BR-116/SP;Pista Norte;Abalroamento longitudinal;1;2;0;0;0;0;1
02/07/2011;05:49:00;117;sem vítima;29,1;BR-116/SP;Pista Sul;Choque em objeto na pista;1;1;0;0;0;0;1
02/07/2011;16:04:00;446;sem vítima;31;BR-116/SP;Pista Sul;Choque em barreira New Jersey;1;1;0;0;0;0;1
02/07/2011;04:47:00;99;sem vítima;60,65;BR-116/SP;Pista Norte;Choque em barreira New Jersey;1;1;0;0;0;0;1
02/07/2011;12:25:00;338;sem vítima;159;BR-116/SP;Pista Norte;Choque em objeto fixo;1;1;0;0;0;0;1
02/07/2011;10:19:00;269;sem vítima;165;BR-116/SP;Pista Sul;Abalroamento longitudinal;2;2;0;0;0;0;1
02/07/2011;20:19:00;593;sem vítima;200,2;BR-116/SP;Pista Sul;Abalroamento longitudinal;1;4;0;0;0;0;1
02/07/2011;03:18:00;77;sem vítima;223;BR-116/RJ;Pista Norte;Abalroamento longitudinal;2;2;0;0;0;0;1
02/07/2011;10:50:00;280;sem vítima;230,5;BR-116/SP;Pista Sul;Colisão traseira;1;6;0;0;0;0;1
02/07/2011;10:25:00;271;sem vítima;258,8;BR-116/RJ;Pista Norte;Abalroamento longitudinal;1;2;0;0;0;0;1
02/07/2011;19:30:00;571;sem vítima;275,5;BR-116/RJ;Pista Sul;Abalroamento longitudinal;1;4;0;0;0;0;1
02/07/2011;00:51:00;30;com vítima;291,85;BR-116/RJ;Pista Sul;Colisão traseira;1;1;1;0;0;0;1
02/07/2011;09:59:00;256;sem vítima;310,9;BR-116/RJ;Pista Sul;Abalroamento longitudinal;1;2;0;0;0;0;1
03/07/2011;13:15:00;321;sem vítima;132,6;BR-116/SP;Pista Sul;Colisão traseira;1;3;0;0;0;0;1
04/07/2011;06:10:00;107;com vítima;38,4;BR-116/SP;Pista Norte;Tombamento;1;0;1;0;0;1;3
04/07/2011;17:37:00;536;sem vítima;142;BR-116/SP;Pista Sul;Engavetamento;1;3;0;0;0;0;1
04/07/2011;10:32:00;310;sem vítima;145,8;BR-116/SP;Pista Norte;Tombamento;1;2;0;0;0;0;1
04/07/2011;11:48:00;351;sem vítima;149,5;BR-116/SP;Pista Norte;Colisão traseira;1;3;0;0;0;0;1
04/07/2011;19:14:00;600;sem vítima;213;BR-116/SP;Pista Norte;Colisão traseira;1;3;0;0;0;0;1
04/07/2011;13:54:00;417;sem vítima;228,9;BR-116/SP;Pista Norte;Colisão traseira;1;3;0;0;0;0;1
04/07/2011;03:52:00;55;sem vítima;272,3;BR-116/RJ;Pista Sul;Abalroamento longitudinal;1;2;0;0;0;0;1
04/07/2011;14:26:00;433;sem vítima;318,9;BR-116/RJ;Pista Norte;Colisão traseira;1;2;0;0;0;0;1
04/07/2011;16:34:00;503;com vítima;328,4;BR-116/RJ;Pista Sul;Tombamento;1;0;0;1;0;0;2
05/07/2011;18:27:00;565;sem vítima;137;BR-116/SP;Pista Norte;Colisão traseira;1;2;0;0;0;0;1
05/07/2011;02:24:00;42;sem vítima;140,8;BR-116/SP;Pista Sul;Colisão traseira;2;2;0;0;0;0;1
05/07/2011;00:43:00;11;sem vítima;165,2;BR-116/SP;Pista Norte;Colisão traseira;1;3;0;0;0;0;1
05/07/2011;21:53:00;676;com vítima;208,85;BR-116/RJ;Pista Sul;Colisão traseira;1;1;0;1;3;1;3
05/07/2011;21:36:00;661;com vítima;223,8;BR-116/SP;Pista Sul;Abalroamento longitudinal;1;4;1;0;0;0;1
05/07/2011;10:54:00;317;sem vítima;227;BR-116/SP;Pista Norte;Colisão traseira;2;3;0;0;0;0;1
05/07/2011;17:21:00;519;com vítima;239,5;BR-116/RJ;Pista Norte;Tombamento;1;0;2;2;0;0;2
05/07/2011;19:07:00;591;sem vítima;240;BR-116/RJ;Pista Norte;Colisão traseira;2;2;0;0;0;0;1
06/07/2011;01:57:00;38;sem vítima;70,3;BR-116/SP;Pista Sul;Choque em barreira New Jersey;1;1;0;0;0;0;1
06/07/2011;14:26:00;472;sem vítima;158,1;BR-116/SP;Pista Norte;Colisão traseira;2;2;0;0;0;0;1
06/07/2011;11:17:00;379;sem vítima;218;BR-116/SP;Pista Sul;Abalroamento longitudinal;1;3;0;0;0;0;1
06/07/2011;19:49:00;686;sem vítima;218,2;BR-116/SP;Pista Norte;Abalroamento longitudinal;1;2;0;0;0;0;1
06/07/2011;02:29:00;45;sem vítima;239,5;BR-116/RJ;Pista Norte;Colisão traseira;3;3;0;0;0;0;1
06/07/2011;17:08:00;569;sem vítima;296;BR-116/RJ;Pista Norte;Abalroamento longitudinal;1;2;0;0;0;0;1
06/07/2011;15:07:00;491;sem vítima;302;BR-116/RJ;Pista Sul;Abalroamento longitudinal;1;2;0;0;0;0;1
06/07/2011;15:52:00;522;sem vítima;306;BR-116/RJ;Pista Sul;Abalroamento longitudinal;1;2;0;0;0;0;1
07/07/2011;18:48:00;574;com vítima;91,8;BR-116/SP;Pista Sul;Abalroamento transversal;2;1;0;1;0;0;2
07/07/2011;17:35:00;524;sem vítima;121,7;BR-116/SP;Pista Norte;Colisão traseira;1;27;0;0;0;0;1
07/07/2011;13:42:00;393;sem vítima;131;BR-116/SP;Pista Norte;Abalroamento longitudinal;1;3;0;0;0;0;1
07/07/2011;08:51:00;206;sem vítima;146;BR-116/SP;Pista Sul;Abalroamento longitudinal;1;2;0;0;0;0;1
07/07/2011;09:16:00;234;sem vítima;168,4;BR-116/RJ;Pista Sul;Colisão traseira;1;2;0;0;0;0;1
07/07/2011;20:07:00;615;sem vítima;175,3;BR-116/RJ;Pista Sul;Colisão traseira;2;2;0;0;0;0;1
07/07/2011;04:56:00;65;sem vítima;197,6;BR-116/RJ;Pista Norte;Tombamento;1;1;0;0;0;0;1
07/07/2011;05:11:00;68;sem vítima;197,6;BR-116/RJ;Pista Sul;Colisão traseira;2;2;0;0;0;0;1
07/07/2011;06:19:00;92;sem vítima;205;BR-116/SP;Pista Sul;Abalroamento longitudinal;1;2;0;0;0;0;1
07/07/2011;14:40:00;423;sem vítima;219,1;BR-116/SP;Pista Norte;Colisão traseira;1;4;0;0;0;0;1
07/07/2011;02:47:00;34;sem vítima;226,3;BR-116/RJ;Pista Norte;Choque Talude;1;1;0;0;0;0;1
07/07/2011;06:38:00;98;com vítima;228,9;BR-116/SP;Pista Norte;Queda de moto;1;2;1;0;0;0;1
07/07/2011;23:05:00;693;sem vítima;314,35;BR-116/RJ;Pista Norte;Abalroamento longitudinal;2;2;0;0;0;0;1
08/07/2011;07:56:00;172;sem vítima;10,8;BR-116/SP;Pista Sul;Tombamento;1;2;0;0;0;0;1
08/07/2011;13:51:00;421;sem vítima;137;BR-116/SP;Pista Sul;Colisão traseira;1;5;0;0;0;0;1
08/07/2011;15:16:00;468;com vítima;150;BR-116/SP;Pista Norte;Engavetamento;2;62;11;2;0;0;2
08/07/2011;13:13:00;399;com vítima;163,7;BR-116/RJ;Pista Sul;Abalroamento longitudinal;1;20;1;0;0;0;1
08/07/2011;17:57:00;590;sem vítima;168,9;BR-116/RJ;Pista Sul;Colisão traseira;1;2;0;0;0;0;1
08/07/2011;18:33:00;615;sem vítima;172,75;BR-116/RJ;Pista Sul;Colisão traseira;1;2;0;0;0;0;1
08/07/2011;05:46:00;88;com vítima;175,6;BR-116/RJ;Pista Norte;Abalroamento longitudinal;1;3;0;0;1;0;2
08/07/2011;08:01:00;178;sem vítima;182;BR-116/SP;Pista Norte;Choque em objeto fixo;1;1;0;0;0;0;1
08/07/2011;06:48:00;113;sem vítima;204;BR-116/SP;Pista Norte;Abalroamento longitudinal;1;4;0;0;0;0;1
08/07/2011;17:34:00;568;sem vítima;207;BR-116/RJ;Pista Sul;Abalroamento longitudinal;2;3;0;0;0;0;1
08/07/2011;09:31:00;272;sem vítima;225,8;BR-116/SP;Pista Norte;Colisão traseira;2;2;0;0;0;0;1
08/07/2011;04:49:00;71;com vítima;301,38;BR-116/RJ;Pista Sul;Choque em objeto fixo;1;2;1;0;0;0;1
08/07/2011;01:18:00;25;sem vítima;325,5;BR-116/RJ;Pista Norte;Colisão traseira;2;2;0;0;0;0;1
09/07/2011;04:58:00;81;com vítima;137,2;BR-116/SP;Pista Sul;Colisão traseira;1;1;1;0;0;0;1
09/07/2011;09:19:00;240;sem vítima;143;BR-116/SP;Pista Sul;Abalroamento longitudinal;2;5;0;0;0;0;1
09/07/2011;20:52:00;646;sem vítima;150,9;BR-116/SP;Pista Sul;Colisão traseira;2;2;0;0;0;0;1
09/07/2011;20:11:00;620;sem vítima;151,4;BR-116/SP;Pista Sul;Choque em barreira New Jersey;1;1;0;0;0;0;1
09/07/2011;08:32:00;209;sem vítima;165;BR-116/SP;Pista Sul;Colisão traseira;2;2;0;0;0;0;1
09/07/2011;09:56:00;264;sem vítima;175,4;BR-116/RJ;Pista Norte;Abalroamento longitudinal;1;5;0;0;0;0;1
09/07/2011;08:43:00;220;sem vítima;179;BR-116/SP;Pista Sul;Abalroamento longitudinal;2;3;0;0;0;0;1
09/07/2011;11:15:00;308;sem vítima;183,9;BR-116/RJ;Pista Norte;Abalroamento longitudinal;1;2;0;0;0;0;1
09/07/2011;01:18:00;24;sem vítima;262,6;BR-116/RJ;Pista Norte;Choque em barreira New Jersey;1;3;0;0;0;0;1
09/07/2011;20:35:00;636;com vítima;314,25;BR-116/RJ;Pista Sul;Outros;1;1;3;0;0;0;1
10/07/2011;15:35:00;341;sem vítima;275,3;BR-116/RJ;Pista Sul;Colisão traseira;1;2;0;0;0;0;1
10/07/2011;14:37:00;310;sem vítima;315;BR-116/RJ;Pista Sul;Tombamento;1;1;0;0;0;0;1
11/07/2011;18:11:00;591;sem vítima;110,2;BR-116/SP;Pista Norte;Abalroamento longitudinal;1;2;0;0;0;0;1
11/07/2011;02:18:00;32;com vítima;126,95;BR-116/SP;Pista Sul;Colisão traseira;1;1;1;0;0;0;1
11/07/2011;08:03:00;163;sem vítima;175,5;BR-116/RJ;Pista Norte;Choque em objeto na pista;1;2;0;0;0;0;1
11/07/2011;15:18:00;485;sem vítima;179,2;BR-116/RJ;Pista Norte;Engavetamento;2;3;0;0;0;0;1
11/07/2011;15:20:00;487;com vítima;179,25;BR-116/RJ;Pista Norte;Abalroamento longitudinal;1;1;1;0;0;0;1
11/07/2011;19:56:00;662;sem vítima;184,8;BR-116/RJ;Pista Sul;Colisão traseira;1;2;0;0;0;0;1
11/07/2011;11:02:00;299;sem vítima;221;BR-116/SP;Pista Sul;Colisão traseira;1;2;0;0;0;0;1
11/07/2011;09:04:00;223;com vítima;228;BR-116/SP;Pista Sul;Engavetamento;2;6;2;0;0;0;1
11/07/2011;01:13:00;14;sem vítima;235,9;BR-116/RJ;Pista Sul;Choque em objeto na pista;1;1;0;0;0;0;1
12/07/2011;09:30:00;238;com vítima;12;BR-116/SP;Pista Norte;Tombamento;1;0;1;0;0;0;1
12/07/2011;07:32:00;145;sem vítima;141,7;BR-116/SP;Pista Sul;Colisão traseira;2;3;0;0;0;0;1
12/07/2011;06:44:00;104;sem vítima;142,7;BR-116/SP;Pista Sul;Choque em defensa;1;2;0;0;0;0;1
12/07/2011;08:35:00;195;sem vítima;143,3;BR-116/SP;Pista Norte;Colisão traseira;1;4;0;0;0;0;1
12/07/2011;21:42:00;697;sem vítima;165;BR-116/SP;Pista Norte;Outros;1;2;0;0;0;0;1
12/07/2011;09:11:00;227;sem vítima;165,7;BR-116/RJ;Pista Norte;Abalroamento longitudinal;1;2;0;0;0;0;1
12/07/2011;05:59:00;84;com vítima;173,1;BR-116/RJ;Pista Norte;Engavetamento;1;2;2;0;0;0;1
12/07/2011;11:39:00;340;sem vítima;175,8;BR-116/RJ;Pista Sul;Choque em objeto na pista;1;2;0;0;0;0;1
12/07/2011;08:02:00;170;sem vítima;179,8;BR-116/RJ;Pista Norte;Engavetamento;1;4;0;0;0;0;1
12/07/2011;08:31:00;188;sem vítima;183;BR-116/RJ;Pista Norte;Engavetamento;2;3;0;0;0;0;1
12/07/2011;08:50:00;211;sem vítima;204;BR-116/SP;Pista Sul;Colisão traseira;1;3;0;0;0;0;1
12/07/2011;16:48:00;513;sem vítima;214;BR-116/SP;Pista Sul;Abalroamento longitudinal;1;2;0;0;0;0;1
12/07/2011;12:20:00;366;sem vítima;219;BR-116/SP;Pista Sul;Tombamento;1;1;0;0;0;0;1
12/07/2011;15:54:00;484;sem vítima;225;BR-116/SP;Pista Norte;Abalroamento longitudinal;1;4;0;0;0;0;1
12/07/2011;20:54:00;667;sem vítima;229;BR-116/SP;Pista Sul;Abalroamento longitudinal;1;3;0;0;0;0;1
12/07/2011;18:45:00;589;sem vítima;230;BR-116/SP;Pista Sul;Colisão traseira;1;2;0;0;0;0;1
13/07/2011;09:13:00;221;com vítima;92,7;BR-116/SP;Pista Sul;Colisão traseira;1;1;0;0;0;1;3
13/07/2011;07:58:00;156;sem vítima;145;BR-116/SP;Pista Sul;Engavetamento;2;3;0;0;0;0;1
13/07/2011;13:53:00;417;sem vítima;183;BR-116/RJ;Pista Norte;Abalroamento longitudinal;1;2;0;0;0;0;1
13/07/2011;14:46:00;458;sem vítima;184,1;BR-116/RJ;Pista Sul;Abalroamento longitudinal;1;2;0;0;0;0;1
13/07/2011;23:28:00;772;sem vítima;184,2;BR-116/RJ;Pista Norte;Abalroamento longitudinal;1;2;0;0;0;0;1
13/07/2011;00:01:00;1;sem vítima;189,05;BR-116/SP;Pista Sul;Colisão traseira;2;2;0;0;0;0;1
13/07/2011;12:31:00;362;sem vítima;204;BR-116/SP;Pista Norte;Colisão traseira;2;2;0;0;0;0;1
13/07/2011;17:17:00;551;sem vítima;207,8;BR-116/RJ;Pista Sul;Colisão traseira;2;3;0;0;0;0;1
13/07/2011;21:42:00;703;com vítima;224,4;BR-116/RJ;Pista Norte;Choque Talude;1;1;1;0;0;0;1
13/07/2011;00:17:00;5;com vítima;226,85;BR-116/SP;Pista Norte;Abalroamento longitudinal;2;2;3;0;0;0;1
13/07/2011;14:50:00;462;com vítima;258;BR-116/RJ;Pista Norte;Tombamento;1;0;0;1;0;0;2
13/07/2011;19:08:00;621;sem vítima;270;BR-116/RJ;Pista Norte;Abalroamento longitudinal;1;2;0;0;0;0;1
13/07/2011;19:41:00;647;sem vítima;285,2;BR-116/RJ;Pista Norte;Colisão traseira;1;3;0;0;0;0;1
14/07/2011;19:31:00;669;com vítima;22;BR-116/SP;Pista Norte;Engavetamento;1;5;1;0;0;0;1
14/07/2011;13:54:00;436;com vítima;159,4;BR-116/SP;Pista Norte;Capotamento;1;2;1;0;0;0;1
14/07/2011;14:35:00;464;sem vítima;161;BR-116/SP;Pista Norte;Engavetamento;3;7;0;0;0;0;1
14/07/2011;16:13:00;536;sem vítima;172,6;BR-116/RJ;Pista Sul;Colisão traseira;1;3;0;0;0;0;1
14/07/2011;17:03:00;565;sem vítima;172,8;BR-116/RJ;Pista Sul;Abalroamento longitudinal;1;5;0;0;0;0;1
14/07/2011;12:30:00;381;sem vítima;173;BR-116/RJ;Pista Sul;Abalroamento longitudinal;1;2;0;0;0;0;1
14/07/2011;08:51:00;236;sem vítima;173,6;BR-116/RJ;Pista Norte;Abalroamento longitudinal;1;2;0;0;0;0;1
14/07/2011;15:40:00;513;sem vítima;174,8;BR-116/RJ;Pista Norte;Abalroamento longitudinal;1;2;0;0;0;0;1
14/07/2011;04:32:00;65;sem vítima;177,5;BR-116/RJ;Pista Sul;Choque em barreira New Jersey;1;1;0;0;0;0;1
14/07/2011;14:52:00;476;sem vítima;177,7;BR-116/RJ;Pista Norte;Colisão traseira;2;2;0;0;0;0;1
14/07/2011;15:12:00;489;sem vítima;226;BR-116/SP;Pista Norte;Engavetamento;2;5;0;0;0;0;1
14/07/2011;08:13:00;195;sem vítima;266;BR-116/RJ;Pista Sul;Engavetamento;3;7;0;0;0;0;1
14/07/2011;01:47:00;32;com vítima;272,35;BR-116/RJ;Pista Norte;Colisão traseira;2;1;1;0;0;0;1
14/07/2011;18:10:00;618;com vítima;295,4;BR-116/RJ;Pista Sul;Colisão traseira;1;1;1;1;1;0;2
14/07/2011;04:18:00;61;com vítima;304,77;BR-116/RJ;Pista Sul;Queda de Ponte/Viaduto;1;0;0;0;2;0;2
15/07/2011;23:11:00;892;sem vítima;112,5;BR-116/SP;Pista Norte;Engavetamento;3;7;0;0;0;0;1
15/07/2011;17:25:00;638;sem vítima;134,7;BR-116/SP;Pista Sul;Colisão traseira;2;2;0;0;0;0;1
15/07/2011;11:33:00;376;sem vítima;137;BR-116/SP;Pista Sul;Colisão traseira;1;6;0;0;0;0;1
15/07/2011;17:36:00;649;sem vítima;145;BR-116/SP;Pista Norte;Colisão traseira;1;2;0;0;0;0;1
15/07/2011;10:23:00;316;sem vítima;145,1;BR-116/SP;Pista Sul;Engavetamento;2;5;0;0;0;0;1
15/07/2011;18:52:00;715;sem vítima;149;BR-116/SP;Pista Norte;Abalroamento longitudinal;1;2;0;0;0;0;1
15/07/2011;00:11:00;3;com vítima;153,9;BR-116/SP;Pista Norte;Tombamento;2;8;1;0;0;0;1
15/07/2011;01:14:00;24;sem vítima;155;BR-116/SP;Pista Norte;Abalroamento longitudinal;1;3;0;0;0;0;1
15/07/2011;06:16:00;102;sem vítima;160;BR-116/SP;Pista Sul;Abalroamento longitudinal;1;2;0;0;0;0;1
15/07/2011;06:48:00;120;sem vítima;168,8;BR-116/RJ;Pista Norte;Engavetamento;1;4;0;0;0;0;1