data;horario;n_da_ocorrencia;tipo_de_ocorrencia;km;trecho;sentido;tipo_de_acidente;caminhao;ilesos;levemente_feridos;moderadamente_feridos;gravemente_feridos;mortos;3
15/07/2011;21:21:00;834;sem vítima;172,8;BR-116/RJ;Pista Norte;Abalroamento longitudinal;1;2;0;0;0;0;1
15/07/2011;15:05:00;516;com vítima;173,3;BR-116/RJ;Pista Sul;Choque em barreira New Jersey;1;2;1;0;0;0;1
15/07/2011;13:02:00;432;sem vítima;176,67;BR-116/RJ;Pista Norte;Abalroamento longitudinal;1;3;0;0;0;0;1
15/07/2011;16:30:00;593;com vítima;219;BR-116/SP;Pista Sul;Queda de moto;1;3;0;1;0;0;2
15/07/2011;19:39:00;761;sem vítima;219,8;BR-116/SP;Pista Norte;Colisão traseira;1;71;0;0;0;0;1
15/07/2011;14:36:00;491;sem vítima;220;BR-116/SP;Pista Norte;Colisão traseira;1;4;0;0;0;0;1
15/07/2011;11:48:00;385;com vítima;225;BR-116/RJ;Pista Sul;Engavetamento;3;2;2;0;0;0;1
15/07/2011;19:18:00;740;sem vítima;227,2;BR-116/RJ;Pista Norte;Tombamento;1;1;0;0;0;0;1
15/07/2011;12:36:00;416;sem vítima;228,5;BR-116/SP;Pista Norte;Colisão traseira;1;4;0;0;0;0;1
15/07/2011;19:56:00;769;sem vítima;257;BR-116/RJ;Pista Sul;Abalroamento longitudinal;1;5;0;0;0;0;1
15/07/2011;18:05:00;676;com vítima;313,32;BR-116/RJ;Pista Norte;Atropelamento de pedestre atravessando;1;1;1;0;0;1;3
15/07/2011;10:09:00;306;sem vítima;319;BR-116/RJ;Pista Norte;Choque em objeto fixo;1;1;0;0;0;0;1
15/07/2011;03:47:00;62;com vítima;325,7;BR-116/RJ;Pista Norte;Choque em veículo parado na pista;1;1;0;0;0;1;3
16/07/2011;13:35:00;408;com vítima;93,9;BR-116/SP;Pista Norte;Queda de ribanceira;1;0;2;0;0;3;3
16/07/2011;20:36:00;679;sem vítima;166,7;BR-116/RJ;Pista Sul;Colisão traseira;1;2;0;0;0;0;1
16/07/2011;15:40:00;479;sem vítima;172,8;BR-116/RJ;Pista Sul;Abalroamento longitudinal;1;2;0;0;0;0;1
16/07/2011;23:03:00;739;sem vítima;175,5;BR-116/RJ;Pista Sul;Abalroamento longitudinal;1;2;0;0;0;0;1
16/07/2011;12:34:00;380;sem vítima;198,3;BR-116/RJ;Pista Sul;Abalroamento longitudinal;2;2;0;0;0;0;1
16/07/2011;04:27:00;73;sem vítima;204;BR-116/SP;Pista Norte;Colisão traseira;1;13;0;0;0;0;1
16/07/2011;19:05:00;620;sem vítima;314;BR-116/RJ;Pista Sul;Colisão traseira;2;2;0;0;0;0;1
16/07/2011;20:54:00;686;sem vítima;319;BR-116/RJ;Pista Norte;Colisão traseira;2;2;0;0;0;0;1
17/07/2011;17:00:00;464;sem vítima;86;BR-116/SP;Pista Norte;Abalroamento longitudinal;1;4;0;0;0;0;1
17/07/2011;17:28:00;482;sem vítima;86,95;BR-116/SP;Pista Sul;Colisão traseira;2;2;0;0;0;0;1
17/07/2011;23:17:00;680;sem vítima;105,1;BR-116/SP;Pista Norte;Colisão traseira;2;2;0;0;0;0;1
17/07/2011;16:27:00;444;com vítima;154,95;BR-116/SP;Pista Norte;Tombamento;1;0;1;0;0;0;1
18/07/2011;01:28:00;18;sem vítima;110;BR-116/SP;Pista Sul;Choque em veículo parado na pista;1;32;0;0;0;0;1
18/07/2011;06:11:00;77;sem vítima;139;BR-116/SP;Pista Norte;Choque em defensa;1;1;0;0;0;0;1
18/07/2011;07:35:00;131;sem vítima;164,6;BR-116/RJ;Pista Norte;Abalroamento longitudinal;1;2;0;0;0;0;1
18/07/2011;06:29:00;80;sem vítima;164,7;BR-116/RJ;Pista Norte;Colisão traseira;1;2;0;0;0;0;1
18/07/2011;14:18:00;434;sem vítima;172,9;BR-116/RJ;Pista Sul;Abalroamento longitudinal;1;2;0;0;0;0;1
18/07/2011;19:01:00;612;sem vítima;174,8;BR-116/RJ;Pista Norte;Abalroamento longitudinal;1;2;0;0;0;0;1
18/07/2011;05:16:00;58;sem vítima;176,4;BR-116/RJ;Pista Norte;Engavetamento;1;3;0;0;0;0;1
18/07/2011;20:00:00;642;sem vítima;183,7;BR-116/RJ;Pista Sul;Abalroamento longitudinal;1;2;0;0;0;0;1
18/07/2011;14:39:00;446;sem vítima;210;BR-116/SP;Pista Sul;Abalroamento longitudinal;1;2;0;0;0;0;1
18/07/2011;14:27:00;439;sem vítima;222;BR-116/SP;Pista Norte;Colisão traseira;1;3;0;0;0;0;1
18/07/2011;17:11:00;545;sem vítima;226;BR-116/RJ;Pista Sul;Abalroamento longitudinal;2;2;0;0;0;0;1
18/07/2011;17:36:00;564;sem vítima;227,8;BR-116/SP;Pista Norte;Abalroamento longitudinal;1;2;0;0;0;0;1
19/07/2011;09:16:00;254;sem vítima;67,7;BR-116/SP;Pista Sul;Colisão traseira;1;5;0;0;0;0;1
19/07/2011;02:14:00;30;sem vítima;71,9;BR-116/SP;Pista Sul;Choque em veículo parado na pista;2;2;0;0;0;0;1
19/07/2011;05:35:00;78;com vítima;107;BR-116/SP;Pista Norte;Engavetamento;3;2;1;0;0;0;1
19/07/2011;07:01:00;117;sem vítima;165;BR-116/RJ;Pista Norte;Colisão traseira;2;6;0;0;0;0;1
19/07/2011;09:43:00;277;sem vítima;165,2;BR-116/RJ;Pista Sul;Outros;1;2;0;0;0;0;1
19/07/2011;20:27:00;705;com vítima;175,3;BR-116/RJ;Pista Sul;Abalroamento longitudinal;1;1;1;0;0;0;1
19/07/2011;06:13:00;95;sem vítima;183;BR-116/SP;Pista Sul;Colisão traseira;2;2;0;0;0;0;1
19/07/2011;07:14:00;130;sem vítima;223,9;BR-116/RJ;Pista Norte;Abalroamento longitudinal;1;2;0;0;0;0;1
19/07/2011;18:12:00;615;com vítima;224,05;BR-116/RJ;Pista Norte;Tombamento;1;0;1;0;0;0;1
19/07/2011;05:50:00;86;sem vítima;224,5;BR-116/RJ;Pista Norte;Colisão traseira;2;2;0;0;0;0;1
19/07/2011;22:22:00;748;sem vítima;275;BR-116/RJ;Pista Norte;Outros;1;1;0;0;0;0;1
20/07/2011;05:02:00;78;com vítima;38,75;BR-116/SP;Pista Norte;Tombamento;1;2;0;0;1;0;2
20/07/2011;19:46:00;650;sem vítima;123,53;BR-116/SP;Pista Sul;Queda de ribanceira;2;2;0;0;0;0;1
20/07/2011;04:50:00;75;sem vítima;147;BR-116/SP;Pista Norte;Choque em defensa;1;2;0;0;0;0;1
20/07/2011;14:09:00;421;sem vítima;162;BR-116/SP;Pista Sul;Choque em defensa;1;7;0;0;0;0;1
20/07/2011;00:53:00;24;sem vítima;165;BR-116/SP;Pista Norte;Colisão traseira;2;2;0;0;0;0;1
20/07/2011;11:31:00;338;sem vítima;172,8;BR-116/RJ;Pista Sul;Abalroamento longitudinal;1;3;0;0;0;0;1
20/07/2011;18:46:00;614;com vítima;183,9;BR-116/RJ;Pista Norte;Choque em objeto na pista;1;3;1;0;0;0;1
20/07/2011;15:30:00;481;sem vítima;185,4;BR-116/RJ;Pista Sul;Abalroamento longitudinal;1;2;0;0;0;0;1
20/07/2011;13:27:00;403;sem vítima;200;BR-116/SP;Pista Sul;Colisão traseira;1;2;0;0;0;0;1
20/07/2011;21:14:00;702;com vítima;209,7;BR-116/SP;Pista Norte;Choque em barreira New Jersey;1;1;1;0;0;0;1
20/07/2011;21:42:00;713;sem vítima;209,7;BR-116/SP;Pista Sul;Choque em objeto na pista;2;2;0;0;0;0;1
20/07/2011;08:40:00;218;sem vítima;223;BR-116/SP;Pista Sul;Abalroamento longitudinal;1;2;0;0;0;0;1
20/07/2011;16:44:00;538;com vítima;225,05;BR-116/RJ;Pista Norte;Tombamento;1;0;1;0;0;0;1
20/07/2011;16:10:00;514;com vítima;237,05;BR-116/RJ;Pista Norte;Engavetamento;2;2;1;0;0;0;1
20/07/2011;03:42:00;61;com vítima;308,3;BR-116/RJ;Pista Norte;Colisão traseira;1;4;1;1;0;0;2
21/07/2011;08:30:00;226;sem vítima;22,8;BR-116/SP;Pista Norte;Choque em objeto na pista;1;1;0;0;0;0;1
21/07/2011;21:21:00;760;com vítima;45,92;BR-116/SP;Pista Sul;Colisão traseira;2;1;0;1;0;1;3
21/07/2011;12:08:00;383;sem vítima;68;BR-116/SP;Pista Sul;Engavetamento;2;3;0;0;0;0;1
21/07/2011;21:14:00;756;sem vítima;130;BR-116/SP;Pista Norte;Não Def;2;2;0;0;0;0;1
21/07/2011;18:22:00;641;com vítima;148,4;BR-116/SP;Pista Norte;Outros;1;1;0;0;1;0;2
21/07/2011;11:53:00;376;sem vítima;172,8;BR-116/RJ;Pista Sul;Abalroamento longitudinal;1;2;0;0;0;0;1
21/07/2011;18:32:00;647;sem vítima;176,25;BR-116/RJ;Pista Norte;Engavetamento;1;5;0;0;0;0;1
21/07/2011;19:10:00;671;sem vítima;176,4;BR-116/RJ;Pista Norte;Abalroamento longitudinal;1;5;0;0;0;0;1
21/07/2011;20:25:00;724;sem vítima;190,5;BR-116/RJ;Pista Sul;Colisão traseira;1;2;0;0;0;0;1
21/07/2011;19:18:00;678;sem vítima;212,5;BR-116/SP;Pista Norte;Abalroamento longitudinal;1;2;0;0;0;0;1
21/07/2011;07:34:00;166;com vítima;247;BR-116/RJ;Pista Norte;Choque em barreira New Jersey;1;1;1;1;0;0;2
21/07/2011;10:02:00;292;sem vítima;251,1;BR-116/RJ;Pista Norte;Colisão traseira;1;2;0;0;0;0;1
21/07/2011;18:14:00;633;sem vítima;266;BR-116/RJ;Pista Sul;Abalroamento longitudinal;2;2;0;0;0;0;1
21/07/2011;21:34:00;767;com vítima;278;BR-116/RJ;Pista Norte;Choque em veículo parado na pista;1;1;1;1;0;0;2
22/07/2011;08:10:00;183;sem vítima;146,9;BR-116/SP;Pista Norte;Abalroamento longitudinal;1;4;0;0;0;0;1
22/07/2011;17:11:00;589;sem vítima;154;BR-116/SP;Pista Norte;Engavetamento;1;4;0;0;0;0;1
22/07/2011;13:45:00;451;sem vítima;172,8;BR-116/RJ;Pista Sul;Abalroamento longitudinal;1;2;0;0;0;0;1
22/07/2011;18:57:00;658;sem vítima;172,8;BR-116/RJ;Pista Sul;Abalroamento longitudinal;1;2;0;0;0;0;1
22/07/2011;19:22:00;676;com vítima;182;BR-116/SP;Pista Norte;Colisão traseira;2;1;1;0;0;0;1
22/07/2011;21:26:00;759;sem vítima;227,2;BR-116/RJ;Pista Norte;Tombamento;1;1;0;0;0;0;1
22/07/2011;10:33:00;318;sem vítima;277,5;BR-116/RJ;Pista Sul;Colisão traseira;1;2;0;0;0;0;1
22/07/2011;12:10:00;389;sem vítima;285,6;BR-116/RJ;Pista Sul;Colisão traseira;1;2;0;0;0;0;1
23/07/2011;13:21:00;377;com vítima;54,5;BR-116/SP;Pista Norte;Atropelamento de pedestre atravessando;1;1;0;1;0;0;2
23/07/2011;05:47:00;95;sem vítima;148,6;BR-116/SP;Pista Norte;Abalroamento longitudinal;1;8;0;0;0;0;1
23/07/2011;05:34:00;93;com vítima;159,9;BR-116/SP;Pista Sul;Colisão traseira;1;4;0;0;1;0;2
23/07/2011;02:11:00;49;sem vítima;160,8;BR-116/SP;Pista Norte;Choque em defensa;1;1;0;0;0;0;1
23/07/2011;09:05:00;227;sem vítima;165;BR-116/SP;Pista Norte;Abalroamento longitudinal;1;2;0;0;0;0;1
23/07/2011;06:30:00;114;sem vítima;173,4;BR-116/RJ;Pista Norte;Colisão traseira;2;2;0;0;0;0;1
23/07/2011;10:54:00;300;sem vítima;175,6;BR-116/RJ;Pista Sul;Abalroamento longitudinal;1;2;0;0;0;0;1
23/07/2011;03:57:00;70;sem vítima;179,9;BR-116/RJ;Pista Sul;Colisão traseira;1;2;0;0;0;0;1
23/07/2011;03:00:00;61;sem vítima;185;BR-116/SP;Pista Norte;Atropelamento de animal;1;53;0;0;0;0;1
23/07/2011;06:01:00;102;com vítima;189;BR-116/SP;Pista Sul;Colisão traseira;1;1;0;1;0;0;2
23/07/2011;09:51:00;259;sem vítima;219;BR-116/SP;Pista Norte;Choque em barreira New Jersey;1;1;0;0;0;0;1
23/07/2011;01:17:00;27;com vítima;222,1;BR-116/RJ;Pista Norte;Capotamento;1;0;1;0;0;0;1
23/07/2011;04:46:00;83;com vítima;230,6;BR-116/SP;Pista Norte;Choque em veículo parado na pista;1;1;4;0;1;0;2
23/07/2011;00:25:00;9;sem vítima;238;BR-116/RJ;Pista Sul;Choque em objeto na pista;1;4;0;0;0;0;1
23/07/2011;19:09:00;558;com vítima;247,4;BR-116/RJ;Pista Norte;Colisão traseira;1;1;0;2;2;0;2
24/07/2011;20:49:00;566;sem vítima;72;BR-116/SP;Pista Sul;Colisão traseira;3;4;0;0;0;0;1
24/07/2011;15:24:00;373;sem vítima;96;BR-116/SP;Pista Norte;Abalroamento longitudinal;1;6;0;0;0;0;1
24/07/2011;10:54:00;235;com vítima;159;BR-116/SP;Pista Norte;Atropelamento de pedestre caminhando;1;1;0;1;0;0;2
24/07/2011;15:38:00;379;sem vítima;209,8;BR-116/SP;Pista Sul;Abalroamento longitudinal;1;3;0;0;0;0;1
24/07/2011;17:21:00;431;sem vítima;210,5;BR-116/SP;Pista Norte;Queda de moto;1;4;0;0;0;0;1
24/07/2011;19:00:00;506;com vítima;227,9;BR-116/SP;Pista Norte;Colisão traseira;1;3;1;0;1;0;2
24/07/2011;02:05:00;38;sem vítima;315,5;BR-116/RJ;Pista Sul;Colisão traseira;2;3;0;0;0;0;1
25/07/2011;04:46:00;69;sem vítima;95,75;BR-116/SP;Pista Sul;Atropelamento de animal;1;6;0;0;0;0;1
25/07/2011;02:32:00;38;sem vítima;121,5;BR-116/SP;Pista Sul;Abalroamento longitudinal;2;2;0;0;0;0;1
25/07/2011;14:27:00;413;sem vítima;144,5;BR-116/SP;Pista Sul;Abalroamento longitudinal;1;3;0;0;0;0;1
25/07/2011;14:48:00;426;sem vítima;146,7;BR-116/SP;Pista Sul;Engavetamento;1;3;0;0;0;0;1
25/07/2011;10:45:00;291;sem vítima;165;BR-116/SP;Pista Norte;Colisão traseira;2;2;0;0;0;0;1
25/07/2011;19:56:00;638;sem vítima;172,8;BR-116/RJ;Pista Sul;Abalroamento longitudinal;1;2;0;0;0;0;1
25/07/2011;15:27:00;455;sem vítima;174,5;BR-116/RJ;Pista Norte;Colisão traseira;1;2;0;0;0;0;1
25/07/2011;21:28:00;691;sem vítima;207;BR-116/RJ;Pista Norte;Colisão traseira;2;2;0;0;0;0;1
25/07/2011;06:06:00;92;com vítima;210;BR-116/SP;Pista Sul;Queda de moto;1;1;0;0;1;0;2
25/07/2011;20:27:00;656;sem vítima;212;BR-116/SP;Pista Norte;Colisão traseira;2;3;0;0;0;0;1
25/07/2011;17:24:00;537;com vítima;218;BR-116/SP;Pista Norte;Colisão traseira;1;1;1;0;0;0;1
25/07/2011;19:23:00;618;sem vítima;218,5;BR-116/SP;Pista Norte;Abalroamento longitudinal;1;2;0;0;0;0;1
25/07/2011;17:44:00;561;sem vítima;225,5;BR-116/SP;Pista Sul;Abalroamento longitudinal;1;2;0;0;0;0;1
25/07/2011;08:41:00;205;sem vítima;303,64;BR-116/RJ;Pista Sul;Abalroamento longitudinal;1;36;0;0;0;0;1
26/07/2011;04:08:00;75;com vítima;130,08;BR-116/SP;Pista Norte;Colisão traseira;2;1;0;0;0;1;3
26/07/2011;10:55:00;344;com vítima;165,2;BR-116/RJ;Pista Norte;Queda de moto;1;2;0;0;0;1;3
26/07/2011;16:52:00;577;sem vítima;171,3;BR-116/RJ;Pista Sul;Colisão traseira;1;2;0;0;0;0;1
26/07/2011;19:09:00;654;sem vítima;172,8;BR-116/RJ;Pista Sul;Colisão traseira;1;2;0;0;0;0;1
26/07/2011;12:47:00;407;sem vítima;173,9;BR-116/RJ;Pista Sul;Colisão traseira;1;3;0;0;0;0;1
26/07/2011;05:13:00;92;sem vítima;174;BR-116/RJ;Pista Norte;Colisão traseira;1;4;0;0;0;0;1
26/07/2011;13:24:00;422;sem vítima;184,7;BR-116/RJ;Pista Norte;Queda de ribanceira;1;1;0;0;0;0;1
26/07/2011;06:25:00;115;sem vítima;193,9;BR-116/RJ;Pista Norte;Abalroamento longitudinal;1;2;0;0;0;0;1
26/07/2011;16:21:00;548;sem vítima;208;BR-116/RJ;Pista Norte;Abalroamento longitudinal;1;2;0;0;0;0;1
26/07/2011;08:01:00;194;sem vítima;210,8;BR-116/SP;Pista Sul;Colisão traseira;2;4;0;0;0;0;1
26/07/2011;10:17:00;311;com vítima;224,4;BR-116/SP;Pista Norte;Colisão traseira;2;2;1;0;0;0;1
26/07/2011;16:47:00;573;sem vítima;241,1;BR-116/RJ;Pista Sul;Abalroamento longitudinal;1;2;0;0;0;0;1
26/07/2011;18:23:00;630;sem vítima;266,4;BR-116/RJ;Pista Sul;Colisão traseira;2;2;0;0;0;0;1
26/07/2011;18:44:00;641;sem vítima;300,6;BR-116/RJ;Pista Sul;Choque em veículo parado na pista;1;3;0;0;0;0;1
26/07/2011;22:37:00;775;sem vítima;319;BR-116/RJ;Pista Sul;Colisão traseira;1;2;0;0;0;0;1
27/07/2011;17:12:00;608;com vítima;0,4;BR-116/SP;Pista Sul;Colisão traseira;1;1;1;0;0;0;1
27/07/2011;21:36:00;751;sem vítima;72,5;BR-116/SP;Pista Norte;Choque em objeto fixo;2;2;0;0;0;0;1
27/07/2011;12:06:00;416;sem vítima;98,8;BR-116/SP;Pista Norte;Colisão traseira;2;2;0;0;0;0;1
27/07/2011;19:26:00;686;com vítima;125;BR-116/SP;Pista Sul;Colisão traseira;2;1;1;0;0;0;1
27/07/2011;16:28:00;585;sem vítima;161;BR-116/SP;Pista Norte;Choque em veículo parado na pista;1;1;0;0;0;0;1
27/07/2011;03:17:00;51;sem vítima;167,7;BR-116/SP;Pista Norte;Colisão traseira;1;2;0;0;0;0;1
27/07/2011;10:51:00;368;sem vítima;219;BR-116/SP;Pista Norte;Engavetamento;1;3;0;0;0;0;1
27/07/2011;20:49:00;730;sem vítima;221;BR-116/SP;Pista Norte;Colisão traseira;1;6;0;0;0;0;1
27/07/2011;08:04:00;205;com vítima;228,15;BR-116/RJ;Pista Norte;Choque em objeto fixo;1;0;0;0;0;1;3
27/07/2011;01:10:00;23;sem vítima;264,55;BR-116/RJ;Pista Norte;Colisão traseira;2;3;0;0;0;0;1
27/07/2011;20:30:00;720;sem vítima;265;BR-116/RJ;Pista Sul;Abalroamento longitudinal;2;2;0;0;0;0;1
27/07/2011;18:49:00;665;sem vítima;265,2;BR-116/RJ;Pista Sul;Engavetamento;3;3;0;0;0;0;1
27/07/2011;18:52:00;669;sem vítima;275;BR-116/RJ;Pista Norte;Abalroamento longitudinal;1;2;0;0;0;0;1
27/07/2011;18:13:00;646;sem vítima;275;BR-116/RJ;Pista Norte;Engavetamento;1;4;0;0;0;0;1
28/07/2011;18:47:00;611;sem vítima;23,8;BR-116/SP;Pista Sul;Abalroamento longitudinal;1;2;0;0;0;0;1
28/07/2011;06:36:00;94;sem vítima;88;BR-116/SP;Pista Sul;Colisão traseira;1;2;0;0;0;0;1
28/07/2011;03:36:00;49;com vítima;98,8;BR-116/SP;Pista Norte;Colisão traseira;2;1;2;1;0;0;2
28/07/2011;23:44:00;778;sem vítima;124,5;BR-116/SP;Pista Norte;Colisão traseira;1;3;0;0;0;0;1
28/07/2011;10:27:00;297;sem vítima;137,3;BR-116/SP;Pista Sul;Engavetamento;2;16;0;0;0;0;1
28/07/2011;09:14:00;238;com vítima;143;BR-116/SP;Pista Sul;Engavetamento;3;4;1;0;0;0;1
28/07/2011;07:01:00;112;sem vítima;158;BR-116/SP;Pista Norte;Colisão traseira;2;2;0;0;0;0;1
28/07/2011;07:14:00;123;sem vítima;159;BR-116/SP;Pista Norte;Colisão traseira;2;2;0;0;0;0;1
28/07/2011;09:10:00;233;sem vítima;163,4;BR-116/RJ;Pista Norte;Abalroamento longitudinal;1;3;0;0;0;0;1
28/07/2011;14:25:00;434;sem vítima;168,3;BR-116/RJ;Pista Sul;Colisão traseira;1;4;0;0;0;0;1
28/07/2011;12:39:00;378;sem vítima;173;BR-116/RJ;Pista Sul;Abalroamento longitudinal;1;2;0;0;0;0;1
28/07/2011;15:15:00;465;sem vítima;175,6;BR-116/RJ;Pista Norte;Colisão traseira;1;3;0;0;0;0;1
28/07/2011;09:50:00;267;sem vítima;183,3;BR-116/SP;Pista Sul;Não Def;2;2;0;0;0;0;1
28/07/2011;01:25:00;22;com vítima;189,75;BR-116/RJ;Pista Sul;Queda de ribanceira;1;1;0;0;0;1;3
28/07/2011;06:30:00;88;sem vítima;204;BR-116/SP;Pista Norte;Choque em objeto fixo;1;1;0;0;0;0;1
28/07/2011;07:22:00;135;sem vítima;222;BR-116/SP;Pista Norte;Engavetamento;1;4;0;0;0;0;1
28/07/2011;08:08:00;180;sem vítima;223;BR-116/SP;Pista Norte;Abalroamento longitudinal;1;2;0;0;0;0;1
28/07/2011;20:05:00;661;sem vítima;227,8;BR-116/SP;Pista Norte;Abalroamento longitudinal;1;2;0;0;0;0;1
28/07/2011;09:41:00;259;sem vítima;230;BR-116/SP;Pista Sul;Abalroamento longitudinal;1;6;0;0;0;0;1
28/07/2011;11:55:00;352;sem vítima;245;BR-116/RJ;Pista Norte;Abalroamento longitudinal;1;3;0;0;0;0;1
28/07/2011;15:44:00;479;sem vítima;280,4;BR-116/RJ;Pista Sul;Choque em defensa;1;1;0;0;0;0;1
29/07/2011;23:12:00;816;sem vítima;11,5;BR-116/SP;Pista Norte;Choque em barreira New Jersey;1;1;0;0;0;0;1
29/07/2011;08:43:00;230;sem vítima;126,9;BR-116/SP;Pista Sul;Abalroamento longitudinal;1;5;0;0;0;0;1
29/07/2011;18:26:00;648;com vítima;160;BR-116/SP;Pista Norte;Choque em veículo parado na pista;1;1;0;0;0;1;3
29/07/2011;07:32:00;166;com vítima;165;BR-116/SP;Pista Norte;Colisão traseira;1;1;1;0;0;0;1
29/07/2011;20:05:00;717;sem vítima;167,6;BR-116/RJ;Pista Sul;Colisão traseira;1;2;0;0;0;0;1
29/07/2011;07:42:00;174;com vítima;179,7;BR-116/RJ;Pista Sul;Choque em objeto fixo;1;0;2;0;0;0;1
29/07/2011;13:19:00;414;sem vítima;182;BR-116/SP;Pista Norte;Colisão traseira;1;9;0;0;0;0;1
29/07/2011;20:18:00;729;sem vítima;220,3;BR-116/SP;Pista Sul;Abalroamento longitudinal;1;4;0;0;0;0;1
29/07/2011;20:38:00;739;sem vítima;227;BR-116/SP;Pista Norte;Abalroamento longitudinal;1;2;0;0;0;0;1
29/07/2011;10:33:00;313;sem vítima;291,8;BR-116/RJ;Pista Sul;Abalroamento longitudinal;1;2;0;0;0;0;1
29/07/2011;10:42:00;323;sem vítima;316,7;BR-116/RJ;Pista Sul;Tombamento;1;1;0;0;0;0;1
30/07/2011;10:21:00;306;sem vítima;69,5;BR-116/SP;Pista Norte;Colisão traseira;1;2;0;0;0;0;1
30/07/2011;11:33:00;362;sem vítima;69,5;BR-116/SP;Pista Norte;Abalroamento longitudinal;1;2;0;0;0;0;1
30/07/2011;00:42:00;15;sem vítima;127,1;BR-116/SP;Pista Sul;Abalroamento longitudinal;1;3;0;0;0;0;1
30/07/2011;16:27:00;555;sem vítima;149;BR-116/SP;Pista Sul;Abalroamento longitudinal;1;2;0;0;0;0;1
30/07/2011;21:23:00;736;com vítima;161,5;BR-116/SP;Pista Sul;Colisão traseira;1;1;1;0;0;0;1
30/07/2011;08:17:00;206;sem vítima;163,1;BR-116/RJ;Pista Sul;Colisão traseira;2;2;0;0;0;0;1
30/07/2011;11:58:00;379;sem vítima;173;BR-116/RJ;Pista Sul;Abalroamento longitudinal;1;2;0;0;0;0;1
30/07/2011;04:44:00;80;com vítima;316;BR-116/RJ;Pista Norte;Tombamento;1;0;0;1;0;0;2
31/07/2011;00:10:00;1;sem vítima;139;BR-116/SP;Pista Norte;Choque em objeto na pista;1;6;0;0;0;0;1
31/07/2011;13:22:00;327;sem vítima;144,5;BR-116/SP;Pista Sul;Colisão traseira;1;2;0;0;0;0;1
31/07/2011;18:21:00;535;sem vítima;176,2;BR-116/RJ;Pista Sul;Capotamento;1;1;0;0;0;0;1
31/07/2011;15:29:00;402;sem vítima;211,56;BR-116/SP;Pista Sul;Colisão traseira;1;2;0;0;0;0;1
31/07/2011;18:28:00;542;sem vítima;301;BR-116/RJ;Pista Sul;Abalroamento longitudinal;1;30;0;0;0;0;1
31/07/2011;19:43:00;605;com vítima;332,9;BR-116/RJ;Pista Norte;Engavetamento;1;3;1;0;0;0;1
01/08/2011;07:08:00;118;com vítima;140,5;BR-116/SP;Pista Norte;Engavetamento;5;6;2;1;0;0;2
01/08/2011;04:29:00;63;com vítima;183,4;BR-116/RJ;Pista Norte;Tombamento;1;19;2;0;0;0;1
01/08/2011;23:24:00;727;com vítima;215,8;BR-116/SP;Pista Norte;Engavetamento;1;6;6;1;0;0;2
01/08/2011;13:04:00;370;com vítima;216,7;BR-116/SP;Pista Sul;Choque em defensa;1;1;2;0;0;0;1
01/08/2011;03:10:00;51;sem vítima;225,8;BR-116/RJ;Pista Sul;Choque em barreira New Jersey;1;1;0;0;0;0;1
02/08/2011;19:26:00;614;sem vítima;150;BR-116/SP;Pista Sul;Abalroamento longitudinal;2;2;0;0;0;0;1
02/08/2011;11:41:00;345;com vítima;161;BR-116/SP;Pista Sul;Choque em defensa;3;3;3;1;0;0;2
02/08/2011;11:59:00;351;sem vítima;165;BR-116/SP;Pista Norte;Choque em objeto fixo;1;1;0;0;0;0;1
02/08/2011;16:06:00;471;sem vítima;165;BR-116/SP;Pista Sul;Colisão traseira;1;2;0;0;0;0;1
02/08/2011;06:32:00;108;sem vítima;165,1;BR-116/RJ;Pista Norte;Colisão traseira;1;2;0;0;0;0;1
02/08/2011;15:33:00;452;sem vítima;170,3;BR-116/RJ;Pista Norte;Abalroamento longitudinal;1;3;0;0;0;0;1
02/08/2011;17:54:00;544;sem vítima;227;BR-116/SP;Pista Sul;Abalroamento longitudinal;1;2;0;0;0;0;1
02/08/2011;12:28:00;369;sem vítima;268,7;BR-116/RJ;Pista Sul;Choque em objeto na pista;1;2;0;0;0;0;1
02/08/2011;18:52:00;588;sem vítima;331,5;BR-116/RJ;Pista Norte;Outros;1;1;0;0;0;0;1
03/08/2011;08:22:00;209;sem vítima;24,5;BR-116/SP;Pista Norte;Colisão traseira;1;2;0;0;0;0;1
03/08/2011;14:29:00;451;sem vítima;155;BR-116/SP;Pista Norte;Abalroamento longitudinal;1;3;0;0;0;0;1
03/08/2011;18:59:00;623;com vítima;175;BR-116/RJ;Pista Norte;Abalroamento longitudinal;1;1;1;0;0;0;1
03/08/2011;17:55:00;575;sem vítima;175,4;BR-116/RJ;Pista Norte;Abalroamento longitudinal;1;3;0;0;0;0;1
03/08/2011;07:50:00;173;sem vítima;257,5;BR-116/RJ;Pista Norte;Colisão traseira;1;2;0;0;0;0;1
03/08/2011;20:08:00;661;sem vítima;277,3;BR-116/RJ;Pista Norte;Choque em objeto fixo;1;1;0;0;0;0;1
03/08/2011;21:40:00;709;sem vítima;318,2;BR-116/RJ;Pista Norte;Colisão traseira;1;2;0;0;0;0;1
04/08/2011;08:37:00;220;sem vítima;143,5;BR-116/SP;Pista Sul;Abalroamento longitudinal;1;2;0;0;0;0;1
04/08/2011;17:12:00;542;sem vítima;173;BR-116/RJ;Pista Sul;Abalroamento longitudinal;1;5;0;0;0;0;1
04/08/2011;15:04:00;484;sem vítima;175,4;BR-116/RJ;Pista Sul;Abalroamento longitudinal;1;2;0;0;0;0;1
04/08/2011;23:06:00;751;com vítima;177,3;BR-116/SP;Pista Sul;Capotamento;1;2;1;0;0;0;1
04/08/2011;05:56:00;91;com vítima;190,6;BR-116/RJ;Pista Norte;Choque em veículo parado na pista;2;1;0;0;1;0;2