data;horario;n_da_ocorrencia;tipo_de_ocorrencia;km;trecho;sentido;tipo_de_acidente;caminhao;ilesos;levemente_feridos;moderadamente_feridos;gravemente_feridos;mortos;3
04/08/2011;14:55:00;475;sem vítima;200;BR-116/SP;Pista Norte;Choque em objeto na pista;1;1;0;0;0;0;1
04/08/2011;15:04:00;483;sem vítima;204;BR-116/SP;Pista Sul;Choque em objeto fixo;1;1;0;0;0;0;1
04/08/2011;05:34:00;89;sem vítima;208;BR-116/RJ;Pista Norte;Colisão traseira;2;2;0;0;0;0;1
04/08/2011;15:48:00;499;sem vítima;210;BR-116/SP;Pista Norte;Colisão traseira;2;5;0;0;0;0;1
04/08/2011;12:33:00;406;sem vítima;246,8;BR-116/RJ;Pista Norte;Abalroamento longitudinal;1;17;0;0;0;0;1
05/08/2011;20:57:00;757;com vítima;84,6;BR-116/SP;Pista Sul;Colisão traseira;1;1;0;0;1;0;2
05/08/2011;10:22:00;324;sem vítima;138;BR-116/SP;Pista Norte;Tombamento;1;2;0;0;0;0;1
05/08/2011;08:04:00;207;sem vítima;139;BR-116/SP;Pista Sul;Abalroamento longitudinal;1;2;0;0;0;0;1
05/08/2011;08:50:00;251;com vítima;145,5;BR-116/SP;Pista Norte;Engavetamento;3;4;2;0;0;0;1
05/08/2011;09:03:00;261;sem vítima;146;BR-116/SP;Pista Norte;Colisão traseira;2;2;0;0;0;0;1
05/08/2011;18:50:00;657;sem vítima;147;BR-116/SP;Pista Norte;Abalroamento longitudinal;1;2;0;0;0;0;1
05/08/2011;22:14:00;801;sem vítima;152,9;BR-116/SP;Pista Norte;Tombamento;1;1;0;0;0;0;1
05/08/2011;16:48:00;568;sem vítima;169;BR-116/RJ;Pista Sul;Abalroamento longitudinal;1;3;0;0;0;0;1
05/08/2011;16:40:00;563;sem vítima;170,6;BR-116/RJ;Pista Sul;Abalroamento longitudinal;1;2;0;0;0;0;1
05/08/2011;21:36:00;781;com vítima;170,9;BR-116/RJ;Pista Sul;Engavetamento;1;6;0;1;0;0;2
05/08/2011;18:19:00;635;sem vítima;172;BR-116/RJ;Pista Sul;Abalroamento longitudinal;1;2;0;0;0;0;1
05/08/2011;19:48:00;702;sem vítima;182;BR-116/SP;Pista Norte;Choque em barreira New Jersey;1;2;0;0;0;0;1
05/08/2011;07:33:00;163;sem vítima;203,8;BR-116/SP;Pista Norte;Abalroamento longitudinal;2;2;0;0;0;0;1
05/08/2011;18:31:00;641;sem vítima;204,9;BR-116/SP;Pista Sul;Abalroamento longitudinal;1;2;0;0;0;0;1
05/08/2011;17:40:00;608;sem vítima;211,47;BR-116/RJ;Pista Sul;Choque em barreira New Jersey;2;2;0;0;0;0;1
05/08/2011;16:04:00;534;com vítima;211,6;BR-116/RJ;Pista Sul;Abalroamento longitudinal;2;1;0;0;0;2;3
05/08/2011;14:11:00;465;com vítima;219;BR-116/RJ;Pista Norte;Tombamento;1;0;1;0;0;0;1
05/08/2011;08:10:00;216;sem vítima;222,1;BR-116/RJ;Pista Norte;Colisão traseira;1;47;0;0;0;0;1
05/08/2011;20:43:00;746;sem vítima;224;BR-116/RJ;Pista Sul;Colisão traseira;1;2;0;0;0;0;1
05/08/2011;12:24:00;392;sem vítima;271,25;BR-116/RJ;Pista Norte;Colisão traseira;1;2;0;0;0;0;1
06/08/2011;01:36:00;29;com vítima;27,95;BR-116/SP;Pista Sul;Choque em barreira New Jersey;2;5;1;0;0;0;1
06/08/2011;11:27:00;327;sem vítima;133;BR-116/SP;Pista Sul;Colisão traseira;1;2;0;0;0;0;1
06/08/2011;14:53:00;456;sem vítima;146;BR-116/SP;Pista Sul;Tombamento;1;2;0;0;0;0;1
06/08/2011;15:54:00;494;sem vítima;172,7;BR-116/RJ;Pista Sul;Engavetamento;2;3;0;0;0;0;1
06/08/2011;03:59:00;61;com vítima;210;BR-116/SP;Pista Sul;Choque em veículo parado na pista;1;0;2;1;0;0;2
06/08/2011;16:12:00;504;sem vítima;301,5;BR-116/RJ;Pista Sul;Choque em objeto fixo;1;1;0;0;0;0;1
07/08/2011;14:42:00;368;sem vítima;87;BR-116/SP;Pista Sul;Choque em objeto fixo;1;1;0;0;0;0;1
07/08/2011;11:54:00;282;sem vítima;119,302;BR-116/SP;Pista Norte;Colisão traseira;2;2;0;0;0;0;1
07/08/2011;09:13:00;191;sem vítima;136;BR-116/SP;Pista Norte;Abalroamento longitudinal;1;2;0;0;0;0;1
07/08/2011;09:10:00;190;sem vítima;225,7;BR-116/RJ;Pista Norte;Tombamento;1;1;0;0;0;0;1
07/08/2011;19:54:00;576;com vítima;252;BR-116/RJ;Pista Norte;Choque em veículo parado na pista;3;2;0;1;1;0;2
08/08/2011;12:28:00;404;sem vítima;67,1;BR-116/SP;Pista Sul;Abalroamento longitudinal;1;2;0;0;0;0;1
08/08/2011;23:02:00;789;com vítima;145,5;BR-116/SP;Pista Norte;Engavetamento;1;6;1;0;0;0;1
08/08/2011;17:49:00;626;sem vítima;146,3;BR-116/SP;Pista Sul;Colisão traseira;1;2;0;0;0;0;1
08/08/2011;23:16:00;795;sem vítima;146,6;BR-116/SP;Pista Norte;Engavetamento;2;4;0;0;0;0;1
08/08/2011;15:52:00;535;sem vítima;156;BR-116/SP;Pista Norte;Choque em objeto na pista;1;2;0;0;0;0;1
08/08/2011;08:47:00;242;sem vítima;165;BR-116/RJ;Pista Sul;Choque em objeto fixo;1;2;0;0;0;0;1
08/08/2011;07:06:00;144;com vítima;167;BR-116/RJ;Pista Norte;Abalroamento longitudinal;1;2;2;0;0;0;1
08/08/2011;05:44:00;96;sem vítima;176,3;BR-116/RJ;Pista Norte;Colisão traseira;1;2;0;0;0;0;1
08/08/2011;11:06:00;348;sem vítima;219,1;BR-116/SP;Pista Sul;Abalroamento longitudinal;1;2;0;0;0;0;1
08/08/2011;06:00:00;102;sem vítima;319;BR-116/RJ;Pista Sul;Colisão traseira;1;2;0;0;0;0;1
09/08/2011;17:28:00;589;sem vítima;107,7;BR-116/SP;Pista Norte;Colisão traseira;2;2;0;0;0;0;1
09/08/2011;06:22:00;105;sem vítima;142,4;BR-116/SP;Pista Norte;Capotamento;1;2;0;0;0;0;1
09/08/2011;10:57:00;349;sem vítima;167,7;BR-116/RJ;Pista Sul;Colisão traseira;1;2;0;0;0;0;1
09/08/2011;10:09:00;305;sem vítima;171,8;BR-116/RJ;Pista Sul;Abalroamento longitudinal;1;2;0;0;0;0;1
09/08/2011;19:07:00;651;sem vítima;171,8;BR-116/RJ;Pista Sul;Abalroamento longitudinal;1;2;0;0;0;0;1
09/08/2011;21:14:00;732;sem vítima;195,7;BR-116/RJ;Pista Sul;Atropelamento de animal;1;1;0;0;0;0;1
09/08/2011;09:04:00;252;sem vítima;214,5;BR-116/SP;Pista Sul;Engavetamento;2;3;0;0;0;0;1
09/08/2011;14:31:00;456;sem vítima;216,5;BR-116/SP;Pista Norte;Engavetamento;1;4;0;0;0;0;1
09/08/2011;01:40:00;31;sem vítima;270,35;BR-116/RJ;Pista Norte;Abalroamento longitudinal;2;2;0;0;0;0;1
09/08/2011;07:36:00;174;sem vítima;277;BR-116/RJ;Pista Norte;Abalroamento longitudinal;1;2;0;0;0;0;1
10/08/2011;21:22:00;695;com vítima;133,8;BR-116/SP;Pista Norte;Colisão traseira;2;4;0;0;0;2;3
10/08/2011;17:25:00;557;com vítima;150,4;BR-116/SP;Pista Sul;Atropelamento de pedestre atravessando;1;1;1;0;0;0;1
10/08/2011;20:29:00;671;sem vítima;154;BR-116/SP;Pista Sul;Outros;1;1;0;0;0;0;1
10/08/2011;14:50:00;472;sem vítima;165;BR-116/SP;Pista Sul;Colisão traseira;1;2;0;0;0;0;1
10/08/2011;18:27:00;605;sem vítima;167,7;BR-116/RJ;Pista Sul;Engavetamento;1;3;0;0;0;0;1
10/08/2011;18:44:00;617;sem vítima;172,8;BR-116/RJ;Pista Sul;Abalroamento longitudinal;1;2;0;0;0;0;1
10/08/2011;14:19:00;452;sem vítima;174;BR-116/RJ;Pista Norte;Abalroamento longitudinal;1;2;0;0;0;0;1
10/08/2011;13:59:00;442;sem vítima;178;BR-116/SP;Pista Sul;Abalroamento longitudinal;1;6;0;0;0;0;1
10/08/2011;14:05:00;448;sem vítima;189,8;BR-116/RJ;Pista Sul;Abalroamento longitudinal;1;2;0;0;0;0;1
10/08/2011;13:40:00;434;sem vítima;191;BR-116/SP;Pista Sul;Choque em barreira New Jersey;1;1;0;0;0;0;1
10/08/2011;20:24:00;668;com vítima;208,05;BR-116/RJ;Pista Sul;Colisão frontal;1;1;0;0;1;0;2
10/08/2011;20:23:00;667;sem vítima;210,5;BR-116/SP;Pista Sul;Colisão traseira;2;2;0;0;0;0;1
10/08/2011;15:39:00;499;com vítima;224;BR-116/SP;Pista Norte;Engavetamento;2;3;1;0;0;0;1
10/08/2011;15:05:00;482;com vítima;252,5;BR-116/RJ;Pista Norte;Queda de ribanceira;1;0;1;0;0;0;1
10/08/2011;04:13:00;65;sem vítima;258,6;BR-116/RJ;Pista Norte;Engavetamento;2;4;0;0;0;0;1
10/08/2011;14:03:00;446;com vítima;310,7;BR-116/RJ;Pista Norte;Colisão traseira;1;1;1;0;0;0;1
11/08/2011;07:53:00;168;com vítima;129,1;BR-116/SP;Pista Norte;Outros;1;1;2;0;0;0;1
11/08/2011;17:28:00;585;sem vítima;147;BR-116/SP;Pista Norte;Abalroamento longitudinal;1;4;0;0;0;0;1
11/08/2011;07:09:00;121;sem vítima;166,22;BR-116/RJ;Pista Norte;Abalroamento longitudinal;1;2;0;0;0;0;1
11/08/2011;08:08:00;178;sem vítima;170,1;BR-116/RJ;Pista Norte;Engavetamento;1;4;0;0;0;0;1
11/08/2011;09:21:00;251;sem vítima;172,8;BR-116/RJ;Pista Sul;Abalroamento longitudinal;1;2;0;0;0;0;1
11/08/2011;11:03:00;334;sem vítima;172,8;BR-116/RJ;Pista Sul;Abalroamento longitudinal;1;2;0;0;0;0;1
11/08/2011;19:07:00;659;sem vítima;172,8;BR-116/RJ;Pista Sul;Abalroamento longitudinal;1;5;0;0;0;0;1
11/08/2011;21:39:00;752;sem vítima;174,8;BR-116/RJ;Pista Norte;Abalroamento longitudinal;1;3;0;0;0;0;1
11/08/2011;08:32:00;201;sem vítima;178;BR-116/RJ;Pista Sul;Colisão traseira;1;2;0;0;0;0;1
11/08/2011;11:55:00;365;sem vítima;224,4;BR-116/RJ;Pista Norte;Abalroamento longitudinal;2;2;0;0;0;0;1
11/08/2011;22:09:00;769;sem vítima;226;BR-116/SP;Pista Norte;Choque em veículo parado na pista;1;2;0;0;0;0;1
11/08/2011;06:44:00;103;com vítima;227,2;BR-116/RJ;Pista Norte;Tombamento;1;1;1;0;0;0;1
11/08/2011;03:03:00;47;sem vítima;316;BR-116/RJ;Pista Norte;Abalroamento longitudinal;2;2;0;0;0;0;1
12/08/2011;01:58:00;38;sem vítima;45,5;BR-116/SP;Pista Norte;Colisão traseira;2;2;0;0;0;0;1
12/08/2011;20:01:00;738;sem vítima;61,5;BR-116/SP;Pista Sul;Choque em veículo parado na pista;2;2;0;0;0;0;1
12/08/2011;03:27:00;61;sem vítima;97,7;BR-116/SP;Pista Norte;Colisão traseira;2;2;0;0;0;0;1
12/08/2011;15:45:00;549;sem vítima;155;BR-116/SP;Pista Sul;Choque em objeto na pista;1;2;0;0;0;0;1
12/08/2011;05:39:00;102;sem vítima;163;BR-116/RJ;Pista Norte;Colisão traseira;1;2;0;0;0;0;1
12/08/2011;07:10:00;155;sem vítima;163,8;BR-116/RJ;Pista Norte;Abalroamento longitudinal;1;2;0;0;0;0;1
12/08/2011;06:22:00;117;sem vítima;166,6;BR-116/RJ;Pista Sul;Abalroamento longitudinal;1;2;0;0;0;0;1
12/08/2011;06:15:00;113;sem vítima;166,7;BR-116/RJ;Pista Norte;Choque em veículo parado na pista;1;1;0;0;0;0;1
12/08/2011;06:07:00;109;sem vítima;166,8;BR-116/RJ;Pista Sul;Choque em barreira New Jersey;1;3;0;0;0;0;1
12/08/2011;21:19:00;792;sem vítima;167;BR-116/RJ;Pista Sul;Engavetamento;1;51;0;0;0;0;1
12/08/2011;19:41:00;720;sem vítima;171,1;BR-116/RJ;Pista Sul;Abalroamento longitudinal;1;44;0;0;0;0;1
12/08/2011;07:59:00;204;sem vítima;208,8;BR-116/RJ;Pista Norte;Colisão traseira;1;2;0;0;0;0;1
12/08/2011;09:29:00;283;com vítima;212,7;BR-116/RJ;Pista Norte;Choque em defensa;1;0;0;1;0;0;2
12/08/2011;07:18:00;164;sem vítima;225;BR-116/SP;Pista Norte;Colisão traseira;1;2;0;0;0;0;1
12/08/2011;08:45:00;252;sem vítima;225,8;BR-116/SP;Pista Norte;Engavetamento;2;4;0;0;0;0;1
12/08/2011;16:36:00;589;sem vítima;278;BR-116/RJ;Pista Norte;Colisão traseira;1;2;0;0;0;0;1
13/08/2011;08:38:00;247;sem vítima;163;BR-116/SP;Pista Sul;Colisão traseira;1;2;0;0;0;0;1
13/08/2011;00:46:00;20;sem vítima;163,9;BR-116/SP;Pista Norte;Engavetamento;3;3;0;0;0;0;1
13/08/2011;15:10:00;528;com vítima;165;BR-116/SP;Pista Norte;Colisão traseira;2;1;1;0;0;0;1
13/08/2011;07:36:00;193;sem vítima;210;BR-116/SP;Pista Norte;Colisão traseira;1;2;0;0;0;0;1
13/08/2011;02:04:00;53;com vítima;222,1;BR-116/RJ;Pista Norte;Choque em barreira New Jersey;1;0;1;0;0;0;1
13/08/2011;16:01:00;571;com vítima;251,1;BR-116/RJ;Pista Norte;Queda de Ponte/Viaduto;1;0;0;1;0;0;2
13/08/2011;08:08:00;221;com vítima;272,9;BR-116/RJ;Pista Norte;Abalroamento longitudinal;2;0;2;0;0;0;1
14/08/2011;22:01:00;627;sem vítima;34,8;BR-116/SP;Pista Norte;Colisão traseira;2;2;0;0;0;0;1
14/08/2011;23:36:00;671;com vítima;59,05;BR-116/SP;Pista Norte;Colisão traseira;2;1;0;1;0;0;2
14/08/2011;07:02:00;111;sem vítima;174,4;BR-116/RJ;Pista Norte;Abalroamento longitudinal;1;3;0;0;0;0;1
14/08/2011;20:57:00;594;sem vítima;178;BR-116/RJ;Pista Norte;Abalroamento longitudinal;1;2;0;0;0;0;1
14/08/2011;21:16:00;604;sem vítima;178;BR-116/RJ;Pista Norte;Abalroamento longitudinal;1;2;0;0;0;0;1
14/08/2011;18:59:00;513;sem vítima;204,6;BR-116/SP;Pista Sul;Abalroamento longitudinal;1;2;0;0;0;0;1
14/08/2011;19:54:00;546;sem vítima;224,5;BR-116/SP;Pista Norte;Abalroamento longitudinal;1;2;0;0;0;0;1
15/08/2011;15:13:00;498;sem vítima;169;BR-116/RJ;Pista Sul;Colisão traseira;2;2;0;0;0;0;1
15/08/2011;19:51:00;674;sem vítima;171,9;BR-116/RJ;Pista Sul;Engavetamento;1;3;0;0;0;0;1
15/08/2011;13:30:00;432;sem vítima;175;BR-116/RJ;Pista Norte;Colisão traseira;1;2;0;0;0;0;1
15/08/2011;05:48:00;75;sem vítima;175,7;BR-116/RJ;Pista Norte;Abalroamento longitudinal;1;2;0;0;0;0;1
15/08/2011;17:53:00;609;sem vítima;177,2;BR-116/RJ;Pista Sul;Colisão traseira;1;3;0;0;0;0;1
15/08/2011;08:35:00;227;sem vítima;182;BR-116/SP;Pista Norte;Colisão traseira;2;3;0;0;0;0;1
15/08/2011;08:08:00;239;sem vítima;208;BR-116/RJ;Pista Norte;Colisão traseira;1;2;0;0;0;0;1
15/08/2011;08:46:00;237;sem vítima;220,5;BR-116/SP;Pista Norte;Abalroamento longitudinal;1;11;0;0;0;0;1
15/08/2011;07:48:00;180;sem vítima;225;BR-116/SP;Pista Norte;Abalroamento longitudinal;1;3;0;0;0;0;1
15/08/2011;09:43:00;282;sem vítima;278,8;BR-116/RJ;Pista Norte;Abalroamento longitudinal;1;2;0;0;0;0;1
16/08/2011;12:27:00;405;com vítima;23,8;BR-116/SP;Pista Sul;Queda de ribanceira;1;0;0;0;1;0;2
16/08/2011;23:13:00;814;com vítima;70,4;BR-116/SP;Pista Norte;Tombamento;1;0;1;0;0;0;1
16/08/2011;10:32:00;328;com vítima;104,6;BR-116/SP;Pista Sul;Colisão traseira;1;1;0;1;0;0;2
16/08/2011;11:04:00;348;sem vítima;104,6;BR-116/SP;Pista Sul;Abalroamento longitudinal;2;3;0;0;0;0;1
16/08/2011;04:35:00;67;com vítima;115,5;BR-116/SP;Pista Sul;Colisão traseira;1;25;0;1;0;0;2
16/08/2011;15:45:00;532;sem vítima;123,4;BR-116/SP;Pista Norte;Colisão traseira;2;2;0;0;0;0;1
16/08/2011;23:50:00;829;sem vítima;129;BR-116/SP;Pista Norte;Choque em objeto na pista;1;2;0;0;0;0;1
16/08/2011;08:20:00;207;sem vítima;144;BR-116/SP;Pista Sul;Colisão traseira;1;2;0;0;0;0;1
16/08/2011;07:21:00;140;sem vítima;147;BR-116/SP;Pista Norte;Colisão traseira;2;4;0;0;0;0;1
16/08/2011;07:55:00;180;sem vítima;160,3;BR-116/SP;Pista Norte;Colisão traseira;1;4;0;0;0;0;1
16/08/2011;19:44:00;709;sem vítima;165,4;BR-116/RJ;Pista Sul;Abalroamento longitudinal;1;2;0;0;0;0;1
16/08/2011;18:03:00;637;sem vítima;173;BR-116/RJ;Pista Sul;Engavetamento;1;4;0;0;0;0;1
16/08/2011;19:16:00;688;sem vítima;205;BR-116/RJ;Pista Sul;Colisão traseira;3;3;0;0;0;0;1
16/08/2011;15:06:00;503;sem vítima;211;BR-116/SP;Pista Norte;Abalroamento longitudinal;2;3;0;0;0;0;1
16/08/2011;08:00:00;185;sem vítima;219;BR-116/SP;Pista Sul;Engavetamento;2;4;0;0;0;0;1
16/08/2011;21:44:00;775;sem vítima;222;BR-116/SP;Pista Sul;Abalroamento longitudinal;1;2;0;0;0;0;1
16/08/2011;07:58:00;184;sem vítima;223;BR-116/SP;Pista Norte;Colisão traseira;2;8;0;0;0;0;1
16/08/2011;18:25:00;652;sem vítima;225,3;BR-116/RJ;Pista Sul;Colisão traseira;2;2;0;0;0;0;1
16/08/2011;18:42:00;665;sem vítima;231;BR-116/SP;Pista Sul;Abalroamento longitudinal;1;2;0;0;0;0;1
16/08/2011;16:56:00;585;sem vítima;265,4;BR-116/RJ;Pista Sul;Outros;1;1;0;0;0;0;1
16/08/2011;06:50:00;120;sem vítima;308,9;BR-116/RJ;Pista Sul;Colisão traseira;1;2;0;0;0;0;1
17/08/2011;05:31:00;74;sem vítima;101,6;BR-116/SP;Pista Norte;Colisão traseira;1;2;0;0;0;0;1
17/08/2011;00:10:00;4;com vítima;110;BR-116/SP;Pista Norte;Colisão traseira;2;1;1;0;0;0;1
17/08/2011;01:34:00;23;sem vítima;141;BR-116/SP;Pista Sul;Choque em barreira New Jersey;1;1;0;0;0;0;1
17/08/2011;15:03:00;490;sem vítima;165;BR-116/SP;Pista Norte;Colisão traseira;2;2;0;0;0;0;1
17/08/2011;08:26:00;199;sem vítima;172,3;BR-116/RJ;Pista Sul;Abalroamento longitudinal;1;2;0;0;0;0;1
17/08/2011;07:26:00;139;com vítima;179,72;BR-116/RJ;Pista Sul;Outros;1;0;1;1;0;0;2
17/08/2011;15:02:00;489;sem vítima;182;BR-116/SP;Pista Norte;Colisão traseira;1;6;0;0;0;0;1
17/08/2011;06:05:00;86;sem vítima;189,6;BR-116/SP;Pista Sul;Abalroamento longitudinal;1;2;0;0;0;0;1
17/08/2011;08:17:00;191;com vítima;228,7;BR-116/SP;Pista Sul;Colisão traseira;1;3;1;0;0;0;1
17/08/2011;07:41:00;154;sem vítima;244;BR-116/RJ;Pista Norte;Colisão traseira;1;3;0;0;0;0;1
18/08/2011;17:03:00;572;sem vítima;113,5;BR-116/SP;Pista Sul;Abalroamento longitudinal;1;2;0;0;0;0;1
18/08/2011;07:59:00;203;sem vítima;132,7;BR-116/SP;Pista Sul;Colisão traseira;1;5;0;0;0;0;1
18/08/2011;08:20:00;222;sem vítima;154,5;BR-116/SP;Pista Sul;Abalroamento longitudinal;1;5;0;0;0;0;1
18/08/2011;00:57:00;19;com vítima;157,7;BR-116/SP;Pista Norte;Atropelamento de pedestre caminhando;1;2;1;0;0;0;1
18/08/2011;16:35:00;552;sem vítima;159;BR-116/SP;Pista Norte;Choque em objeto fixo;1;1;0;0;0;0;1
18/08/2011;16:36:00;554;sem vítima;165,2;BR-116/SP;Pista Norte;Outros;1;1;0;0;0;0;1
18/08/2011;11:55:00;390;com vítima;180;BR-116/RJ;Pista Sul;Abalroamento longitudinal;2;1;1;0;0;0;1
18/08/2011;01:57:00;38;sem vítima;189,1;BR-116/SP;Pista Sul;Colisão traseira;2;2;0;0;0;0;1
18/08/2011;00:32:00;10;sem vítima;204;BR-116/SP;Pista Norte;Abalroamento longitudinal;1;2;0;0;0;0;1
18/08/2011;20:18:00;684;sem vítima;217,6;BR-116/SP;Pista Norte;Engavetamento;1;4;0;0;0;0;1
18/08/2011;09:28:00;289;sem vítima;222;BR-116/SP;Pista Norte;Abalroamento longitudinal;1;2;0;0;0;0;1
18/08/2011;12:40:00;408;sem vítima;255,4;BR-116/RJ;Pista Sul;Colisão traseira;1;3;0;0;0;0;1
18/08/2011;09:41:00;298;com vítima;271,68;BR-116/RJ;Pista Norte;Atropelamento de pedestre atravessando;1;1;0;0;1;0;2
18/08/2011;09:40:00;296;sem vítima;276,4;BR-116/RJ;Pista Sul;Outros;1;1;0;0;0;0;1
19/08/2011;05:28:00;85;sem vítima;86,8;BR-116/SP;Pista Norte;Colisão traseira;2;2;0;0;0;0;1
19/08/2011;22:43:00;844;sem vítima;165;BR-116/SP;Pista Norte;Abalroamento longitudinal;2;2;0;0;0;0;1
19/08/2011;06:38:00;121;sem vítima;175,9;BR-116/RJ;Pista Norte;Abalroamento longitudinal;1;2;0;0;0;0;1
19/08/2011;04:05:00;58;com vítima;183,6;BR-116/SP;Pista Sul;Colisão traseira;2;1;0;1;0;0;2
19/08/2011;13:40:00;481;sem vítima;204;BR-116/SP;Pista Sul;Colisão traseira;1;3;0;0;0;0;1
19/08/2011;13:27:00;474;sem vítima;215;BR-116/SP;Pista Norte;Abalroamento longitudinal;1;2;0;0;0;0;1
19/08/2011;18:20:00;672;sem vítima;215,5;BR-116/SP;Pista Norte;Colisão traseira;1;2;0;0;0;0;1
19/08/2011;21:25:00;803;sem vítima;227;BR-116/SP;Pista Sul;Choque em objeto na pista;1;3;0;0;0;0;1
19/08/2011;16:44:00;602;sem vítima;230;BR-116/SP;Pista Sul;Abalroamento longitudinal;1;2;0;0;0;0;1
19/08/2011;04:29:00;64;com vítima;240;BR-116/RJ;Pista Sul;Colisão traseira;2;1;1;0;0;0;1
19/08/2011;17:13:00;623;sem vítima;269,8;BR-116/RJ;Pista Norte;Choque em objeto na pista;1;2;0;0;0;0;1
19/08/2011;15:39:00;556;sem vítima;303,5;BR-116/RJ;Pista Norte;Outros;1;1;0;0;0;0;1
20/08/2011;06:49:00;120;sem vítima;48,8;BR-116/SP;Pista Sul;Choque em objeto fixo;1;1;0;0;0;0;1
20/08/2011;14:39:00;444;sem vítima;120,2;BR-116/SP;Pista Norte;Abalroamento longitudinal;2;2;0;0;0;0;1
20/08/2011;15:40:00;476;sem vítima;162;BR-116/SP;Pista Norte;Abalroamento longitudinal;1;2;0;0;0;0;1
20/08/2011;02:03:00;39;sem vítima;171,4;BR-116/RJ;Pista Norte;Colisão traseira;1;2;0;0;0;0;1
20/08/2011;20:11:00;616;sem vítima;171,6;BR-116/RJ;Pista Sul;Abalroamento longitudinal;1;2;0;0;0;0;1
20/08/2011;08:15:00;184;com vítima;187;BR-116/SP;Pista Sul;Outros;1;0;1;0;0;0;1
20/08/2011;16:02:00;493;com vítima;187,2;BR-116/SP;Pista Sul;Capotamento;1;0;1;0;0;0;1
20/08/2011;07:39:00;154;sem vítima;203;BR-116/SP;Pista Norte;Colisão traseira;1;2;0;0;0;0;1
20/08/2011;14:21:00;432;sem vítima;216,7;BR-116/SP;Pista Norte;Choque em barreira New Jersey;1;1;0;0;0;0;1
20/08/2011;15:20:00;465;sem vítima;218;BR-116/SP;Pista Norte;Abalroamento longitudinal;1;5;0;0;0;0;1
21/08/2011;00:05:00;3;sem vítima;70;BR-116/SP;Pista Norte;Outros;1;1;0;0;0;0;1
21/08/2011;08:54:00;152;com vítima;70;BR-116/SP;Pista Norte;Capotamento;1;1;1;0;0;0;1
21/08/2011;23:57:00;597;sem vítima;149,7;BR-116/SP;Pista Norte;Abalroamento longitudinal;1;5;0;0;0;0;1
21/08/2011;08:19:00;139;sem vítima;227;BR-116/RJ;Pista Norte;Outros;1;1;0;0;0;0;1
21/08/2011;07:29:00;116;sem vítima;240,9;BR-116/RJ;Pista Norte;Choque em objeto fixo;1;2;0;0;0;0;1
21/08/2011;23:27:00;589;sem vítima;275,5;BR-116/RJ;Pista Norte;Tombamento;1;1;0;0;0;0;1
22/08/2011;00:59:00;21;sem vítima;45,2;BR-116/SP;Pista Norte;Outros;1;1;0;0;0;0;1
22/08/2011;16:43:00;512;sem vítima;45,6;BR-116/SP;Pista Sul;Abalroamento longitudinal;1;3;0;0;0;0;1
22/08/2011;05:57:00;93;sem vítima;92,8;BR-116/SP;Pista Norte;Colisão traseira;1;2;0;0;0;0;1
22/08/2011;17:38:00;540;sem vítima;107,8;BR-116/SP;Pista Norte;Abalroamento longitudinal;1;7;0;0;0;0;1
22/08/2011;19:06:00;591;sem vítima;107,8;BR-116/SP;Pista Norte;Colisão traseira;1;2;0;0;0;0;1
22/08/2011;18:26:00;565;sem vítima;108,4;BR-116/SP;Pista Norte;Abalroamento longitudinal;1;2;0;0;0;0;1
22/08/2011;14:32:00;445;sem vítima;147;BR-116/SP;Pista Norte;Colisão traseira;1;2;0;0;0;0;1
22/08/2011;19:57:00;637;sem vítima;178,2;BR-116/RJ;Pista Norte;Engavetamento;1;3;0;0;0;0;1
22/08/2011;08:56:00;231;sem vítima;180;BR-116/SP;Pista Sul;Engavetamento;1;4;0;0;0;0;1
22/08/2011;06:27:00;107;sem vítima;185,2;BR-116/RJ;Pista Norte;Colisão traseira;1;43;0;0;0;0;1
22/08/2011;06:37:00;116;sem vítima;191;BR-116/RJ;Pista Norte;Abalroamento longitudinal;1;2;0;0;0;0;1
22/08/2011;22:04:00;697;sem vítima;204,8;BR-116/RJ;Pista Sul;Abalroamento longitudinal;1;2;0;0;0;0;1
22/08/2011;06:06:00;97;com vítima;208,8;BR-116/RJ;Pista Sul;Engavetamento;1;2;1;0;0;0;1
22/08/2011;05:57:00;94;sem vítima;208,9;BR-116/RJ;Pista Norte;Tombamento;1;1;0;0;0;0;1
22/08/2011;18:47:00;577;sem vítima;212,5;BR-116/SP;Pista Norte;Abalroamento longitudinal;1;2;0;0;0;0;1
22/08/2011;06:35:00;114;sem vítima;225;BR-116/RJ;Pista Sul;Choque em objeto fixo;1;1;0;0;0;0;1
22/08/2011;20:55:00;668;sem vítima;231,1;BR-116/SP;Pista Sul;Abalroamento longitudinal;1;2;0;0;0;0;1
22/08/2011;07:47:00;173;sem vítima;258,6;BR-116/RJ;Pista Sul;Choque em objeto fixo;1;1;0;0;0;0;1
23/08/2011;01:21:00;30;sem vítima;90,1;BR-116/SP;Pista Norte;Abalroamento longitudinal;1;2;0;0;0;0;1
23/08/2011;08:26:00;219;sem vítima;128;BR-116/SP;Pista Sul;Abalroamento longitudinal;1;2;0;0;0;0;1
23/08/2011;05:49:00;90;sem vítima;130;BR-116/SP;Pista Sul;Colisão traseira;1;2;0;0;0;0;1
23/08/2011;04:08:00;63;sem vítima;157,7;BR-116/SP;Pista Sul;Colisão traseira;2;2;0;0;0;0;1
23/08/2011;08:06:00;196;sem vítima;182;BR-116/SP;Pista Norte;Colisão traseira;1;3;0;0;0;0;1
23/08/2011;18:10:00;603;sem vítima;187;BR-116/SP;Pista Norte;Choque em objeto na pista;1;4;0;0;0;0;1
23/08/2011;15:59:00;530;sem vítima;190,5;BR-116/SP;Pista Sul;Choque em defensa;1;2;0;0;0;0;1