data;horario;n_da_ocorrencia;tipo_de_ocorrencia;km;trecho;sentido;tipo_de_acidente;caminhao;ilesos;levemente_feridos;moderadamente_feridos;gravemente_feridos;mortos;3
12/09/2011;00:59:00;22;sem vítima;179,4;BR-116/SP;Pista Norte;Choque em objeto fixo;1;1;0;0;0;0;1
12/09/2011;22:02:00;722;sem vítima;206,72;BR-116/SP;Pista Sul;Colisão traseira;1;2;0;0;0;0;1
12/09/2011;18:12:00;607;com vítima;220,7;BR-116/SP;Pista Norte;Abalroamento longitudinal;1;1;1;0;0;0;1
12/09/2011;12:10:00;379;sem vítima;222,9;BR-116/SP;Pista Norte;Abalroamento longitudinal;1;4;0;0;0;0;1
12/09/2011;13:43:00;436;sem vítima;225;BR-116/SP;Pista Sul;Engavetamento;2;3;0;0;0;0;1
12/09/2011;06:38:00;104;sem vítima;226,7;BR-116/RJ;Pista Norte;Abalroamento longitudinal;2;2;0;0;0;0;1
12/09/2011;10:07:00;302;sem vítima;228,4;BR-116/RJ;Pista Sul;Choque em defensa;1;2;0;0;0;0;1
12/09/2011;16:48:00;550;sem vítima;258,6;BR-116/RJ;Pista Sul;Outros;1;2;0;0;0;0;1
12/09/2011;06:13:00;89;sem vítima;276,1;BR-116/RJ;Pista Sul;Choque em barreira New Jersey;1;1;0;0;0;0;1
13/09/2011;23:32:00;768;sem vítima;39;BR-116/SP;Pista Norte;Abalroamento longitudinal;1;5;0;0;0;0;1
13/09/2011;05:23:00;69;sem vítima;122,4;BR-116/SP;Pista Sul;Colisão traseira;2;2;0;0;0;0;1
13/09/2011;07:19:00;143;sem vítima;146;BR-116/SP;Pista Norte;Abalroamento longitudinal;1;2;0;0;0;0;1
13/09/2011;16:17:00;520;sem vítima;172,8;BR-116/RJ;Pista Sul;Abalroamento longitudinal;1;2;0;0;0;0;1
13/09/2011;08:14:00;198;sem vítima;173,8;BR-116/RJ;Pista Sul;Colisão traseira;1;2;0;0;0;0;1
13/09/2011;11:49:00;360;sem vítima;182;BR-116/SP;Pista Norte;Colisão traseira;2;2;0;0;0;0;1
13/09/2011;04:19:00;59;sem vítima;224;BR-116/SP;Pista Sul;Colisão traseira;1;3;0;0;0;0;1
14/09/2011;12:58:00;378;sem vítima;73;BR-116/SP;Pista Norte;Abalroamento longitudinal;1;2;0;0;0;0;1
14/09/2011;08:35:00;222;sem vítima;106,7;BR-116/SP;Pista Norte;Colisão traseira;2;4;0;0;0;0;1
14/09/2011;18:54:00;595;sem vítima;146;BR-116/SP;Pista Sul;Engavetamento;1;8;0;0;0;0;1
14/09/2011;18:18:00;573;sem vítima;154,7;BR-116/SP;Pista Norte;Abalroamento longitudinal;1;2;0;0;0;0;1
14/09/2011;19:48:00;635;sem vítima;165,9;BR-116/RJ;Pista Sul;Abalroamento longitudinal;1;2;0;0;0;0;1
14/09/2011;05:55:00;86;sem vítima;174;BR-116/RJ;Pista Norte;Engavetamento;1;3;0;0;0;0;1
14/09/2011;17:59:00;563;sem vítima;176;BR-116/RJ;Pista Sul;Colisão traseira;1;2;0;0;0;0;1
14/09/2011;10:02:00;291;com vítima;179,6;BR-116/RJ;Pista Norte;Abalroamento longitudinal;1;1;1;0;0;0;1
14/09/2011;13:32:00;393;com vítima;182;BR-116/SP;Pista Norte;Colisão traseira;1;1;2;0;0;0;1
14/09/2011;11:08:00;332;com vítima;185,3;BR-116/RJ;Pista Norte;Engavetamento;1;2;0;1;0;0;2
14/09/2011;15:13:00;444;sem vítima;203,5;BR-116/RJ;Pista Norte;Choque em defensa;1;1;0;0;0;0;1
14/09/2011;23:45:00;753;sem vítima;207;BR-116/RJ;Pista Norte;Abalroamento longitudinal;1;2;0;0;0;0;1
14/09/2011;14:20:00;409;sem vítima;224,4;BR-116/RJ;Pista Sul;Choque Talude;1;1;0;0;0;0;1
14/09/2011;19:51:00;639;sem vítima;224,6;BR-116/RJ;Pista Norte;Abalroamento longitudinal;1;2;0;0;0;0;1
14/09/2011;16:34:00;500;sem vítima;225;BR-116/RJ;Pista Sul;Choque em objeto fixo;1;1;0;0;0;0;1
14/09/2011;17:38:00;545;sem vítima;226,3;BR-116/RJ;Pista Norte;Choque Talude;1;1;0;0;0;0;1
14/09/2011;21:53:00;712;sem vítima;227,9;BR-116/RJ;Pista Norte;Tombamento;1;1;0;0;0;0;1
14/09/2011;18:02:00;564;sem vítima;230,2;BR-116/RJ;Pista Norte;Queda de ribanceira;1;1;0;0;0;0;1
14/09/2011;02:23:00;41;sem vítima;319,7;BR-116/RJ;Pista Sul;Colisão traseira;2;2;0;0;0;0;1
15/09/2011;00:50:00;19;sem vítima;47,1;BR-116/SP;Pista Norte;Colisão traseira;2;2;0;0;0;0;1
15/09/2011;11:52:00;398;com vítima;51,6;BR-116/SP;Pista Sul;Atropelamento de pedestre atravessando;1;4;1;0;0;0;1
15/09/2011;16:02:00;552;sem vítima;152;BR-116/SP;Pista Norte;Choque em objeto fixo;1;2;0;0;0;0;1
15/09/2011;08:14:00;239;sem vítima;168;BR-116/RJ;Pista Sul;Abalroamento longitudinal;1;2;0;0;0;0;1
15/09/2011;05:15:00;76;com vítima;168,8;BR-116/SP;Pista Sul;Colisão traseira;2;1;1;0;0;0;1
15/09/2011;16:54:00;585;sem vítima;172,7;BR-116/RJ;Pista Sul;Abalroamento longitudinal;1;2;0;0;0;0;1
15/09/2011;05:03:00;72;sem vítima;174,43;BR-116/RJ;Pista Norte;Engavetamento;2;4;0;0;0;0;1
15/09/2011;14:14:00;493;sem vítima;197;BR-116/RJ;Pista Norte;Abalroamento longitudinal;1;4;0;0;0;0;1
15/09/2011;10:27:00;344;sem vítima;205,555;BR-116/SP;Pista Sul;Colisão traseira;2;2;0;0;0;0;1
15/09/2011;11:50:00;397;sem vítima;237,6;BR-116/RJ;Pista Norte;Abalroamento longitudinal;1;2;0;0;0;0;1
15/09/2011;23:41:00;774;sem vítima;283,1;BR-116/RJ;Pista Norte;Choque em objeto na pista;1;1;0;0;0;0;1
15/09/2011;18:11:00;619;com vítima;288,25;BR-116/RJ;Pista Sul;Abalroamento longitudinal;2;4;2;1;0;3;3
16/09/2011;17:59:00;615;sem vítima;43,5;BR-116/SP;Pista Sul;Abalroamento longitudinal;1;2;0;0;0;0;1
16/09/2011;07:37:00;181;sem vítima;163,7;BR-116/RJ;Pista Norte;Colisão traseira;1;2;0;0;0;0;1
16/09/2011;18:18:00;623;sem vítima;165,5;BR-116/SP;Pista Sul;Colisão traseira;1;2;0;0;0;0;1
16/09/2011;14:41:00;475;sem vítima;171,6;BR-116/RJ;Pista Sul;Colisão traseira;1;4;0;0;0;0;1
16/09/2011;22:22:00;794;sem vítima;172,1;BR-116/RJ;Pista Norte;Abalroamento longitudinal;1;2;0;0;0;0;1
16/09/2011;09:59:00;321;sem vítima;174,9;BR-116/RJ;Pista Norte;Colisão traseira;2;2;0;0;0;0;1
16/09/2011;20:17:00;721;sem vítima;210,4;BR-116/SP;Pista Norte;Colisão traseira;1;2;0;0;0;0;1
16/09/2011;01:59:00;41;com vítima;225;BR-116/SP;Pista Norte;Abalroamento longitudinal;1;2;1;0;0;0;1
16/09/2011;11:03:00;373;com vítima;225,8;BR-116/RJ;Pista Norte;Abalroamento longitudinal;1;1;1;0;0;0;1
16/09/2011;19:58:00;704;sem vítima;332,8;BR-116/RJ;Pista Norte;Choque em objeto na pista;1;3;0;0;0;0;1
17/09/2011;16:55:00;532;sem vítima;65,5;BR-116/SP;Pista Sul;Colisão traseira;1;2;0;0;0;0;1
17/09/2011;11:35:00;337;sem vítima;128,6;BR-116/SP;Pista Sul;Atropelamento de animal;1;1;0;0;0;0;1
17/09/2011;09:55:00;264;sem vítima;165;BR-116/RJ;Pista Sul;Choque em objeto fixo;1;1;0;0;0;0;1
17/09/2011;14:13:00;420;com vítima;169,1;BR-116/RJ;Pista Sul;Colisão traseira;1;1;1;0;0;0;1
17/09/2011;06:39:00;110;sem vítima;174,2;BR-116/SP;Pista Norte;Colisão traseira;1;47;0;0;0;0;1
17/09/2011;13:27:00;389;sem vítima;175,4;BR-116/RJ;Pista Sul;Engavetamento;1;4;0;0;0;0;1
17/09/2011;14:32:00;434;sem vítima;217,3;BR-116/RJ;Pista Sul;Abalroamento longitudinal;1;2;0;0;0;0;1
17/09/2011;12:25:00;364;sem vítima;219,8;BR-116/RJ;Pista Sul;Abalroamento longitudinal;1;2;0;0;0;0;1
17/09/2011;10:05:00;273;sem vítima;228,1;BR-116/RJ;Pista Sul;Outros;1;1;0;0;0;0;1
18/09/2011;18:43:00;511;sem vítima;165,3;BR-116/RJ;Pista Sul;Abalroamento longitudinal;1;2;0;0;0;0;1
18/09/2011;15:28:00;391;sem vítima;206,7;BR-116/SP;Pista Norte;Choque em objeto na pista;2;2;0;0;0;0;1
18/09/2011;06:16:00;113;sem vítima;207;BR-116/RJ;Pista Sul;Colisão traseira;1;5;0;0;0;0;1
19/09/2011;12:48:00;388;com vítima;95,9;BR-116/SP;Pista Norte;Colisão traseira;2;3;1;0;0;0;1
19/09/2011;08:13:00;212;sem vítima;175;BR-116/RJ;Pista Sul;Abalroamento longitudinal;1;3;0;0;0;0;1
19/09/2011;19:10:00;651;com vítima;175,75;BR-116/RJ;Pista Sul;Colisão traseira;1;1;1;0;0;0;1
19/09/2011;09:41:00;280;sem vítima;222,5;BR-116/SP;Pista Norte;Colisão traseira;1;3;0;0;0;0;1
19/09/2011;06:08:00;100;sem vítima;225;BR-116/RJ;Pista Norte;Choque em barreira New Jersey;1;1;0;0;0;0;1
19/09/2011;09:47:00;289;sem vítima;286,2;BR-116/RJ;Pista Norte;Abalroamento longitudinal;1;2;0;0;0;0;1
19/09/2011;16:16:00;535;sem vítima;320,5;BR-116/RJ;Pista Sul;Abalroamento longitudinal;1;2;0;0;0;0;1
20/09/2011;17:49:00;620;com vítima;2;BR-116/SP;Pista Sul;Tombamento;1;0;1;0;0;0;1
20/09/2011;08:32:00;228;sem vítima;65;BR-116/SP;Pista Sul;Tombamento;1;1;0;0;0;0;1
20/09/2011;23:46:00;808;sem vítima;86,95;BR-116/SP;Pista Sul;Choque em objeto fixo;1;1;0;0;0;0;1
20/09/2011;10:46:00;337;sem vítima;119,8;BR-116/SP;Pista Sul;Colisão traseira;2;2;0;0;0;0;1
20/09/2011;05:14:00;76;com vítima;172;BR-116/SP;Pista Sul;Colisão traseira;2;1;1;0;0;0;1
20/09/2011;23:48:00;809;sem vítima;173,7;BR-116/SP;Pista Sul;Choque em objeto na pista;2;2;0;0;0;0;1
20/09/2011;23:41:00;805;sem vítima;202,6;BR-116/SP;Pista Norte;Colisão traseira;1;2;0;0;0;0;1
20/09/2011;19:49:00;690;sem vítima;228;BR-116/SP;Pista Norte;Abalroamento longitudinal;1;2;0;0;0;0;1
20/09/2011;14:51:00;475;sem vítima;241;BR-116/RJ;Pista Sul;Abalroamento longitudinal;1;2;0;0;0;0;1
20/09/2011;07:51:00;190;com vítima;281,4;BR-116/RJ;Pista Sul;Engavetamento;2;4;2;0;0;0;1
20/09/2011;14:18:00;456;sem vítima;296,5;BR-116/RJ;Pista Norte;Queda de ribanceira;1;3;0;0;0;0;1
20/09/2011;06:08:00;97;sem vítima;318,5;BR-116/RJ;Pista Sul;Choque em objeto fixo;1;2;0;0;0;0;1
21/09/2011;22:09:00;731;sem vítima;113;BR-116/SP;Pista Sul;Abalroamento longitudinal;1;2;0;0;0;0;1
21/09/2011;09:53:00;292;sem vítima;142,6;BR-116/SP;Pista Norte;Colisão traseira;1;3;0;0;0;0;1
21/09/2011;06:46:00;122;sem vítima;164,9;BR-116/RJ;Pista Norte;Colisão traseira;1;41;0;0;0;0;1
21/09/2011;11:06:00;347;sem vítima;165;BR-116/SP;Pista Sul;Colisão traseira;1;2;0;0;0;0;1
21/09/2011;16:18:00;542;com vítima;165,2;BR-116/SP;Pista Norte;Engavetamento;5;4;1;0;0;0;1
21/09/2011;19:17:00;649;com vítima;169,2;BR-116/RJ;Pista Sul;Abalroamento longitudinal;1;2;1;0;0;0;1
21/09/2011;10:55:00;339;sem vítima;172,9;BR-116/RJ;Pista Norte;Engavetamento;1;3;0;0;0;0;1
21/09/2011;00:08:00;3;sem vítima;175,25;BR-116/RJ;Pista Norte;Atropelamento de animal;1;1;0;0;0;0;1
21/09/2011;11:41:00;378;sem vítima;180,4;BR-116/RJ;Pista Norte;Colisão traseira;1;2;0;0;0;0;1
21/09/2011;02:53:00;53;sem vítima;183,8;BR-116/RJ;Pista Norte;Atropelamento de animal;2;2;0;0;0;0;1
21/09/2011;04:03:00;68;sem vítima;189;BR-116/SP;Pista Norte;Choque em defensa;2;2;0;0;0;0;1
21/09/2011;11:22:00;364;com vítima;229;BR-116/SP;Pista Sul;Queda de moto;1;1;0;1;0;0;2
21/09/2011;12:40:00;402;sem vítima;230,2;BR-116/SP;Pista Sul;Colisão traseira;1;3;0;0;0;0;1
21/09/2011;06:20:00;106;com vítima;249,04;BR-116/RJ;Pista Norte;Outros;1;0;3;0;0;2;3
22/09/2011;21:40:00;690;sem vítima;26,4;BR-116/SP;Pista Sul;Colisão traseira;1;2;0;0;0;0;1
22/09/2011;07:57:00;159;com vítima;144,7;BR-116/SP;Pista Sul;Colisão traseira;2;1;0;1;0;0;2
22/09/2011;17:08:00;512;sem vítima;145,95;BR-116/SP;Pista Norte;Engavetamento;1;3;0;0;0;0;1
22/09/2011;23:01:00;733;sem vítima;146,3;BR-116/SP;Pista Sul;Abalroamento longitudinal;1;2;0;0;0;0;1
22/09/2011;11:43:00;335;sem vítima;168,35;BR-116/SP;Pista Sul;Abalroamento longitudinal;2;2;0;0;0;0;1
22/09/2011;06:32:00;87;com vítima;182;BR-116/SP;Pista Norte;Choque em veículo parado na pista;2;2;1;0;0;0;1
22/09/2011;15:46:00;465;com vítima;182,8;BR-116/RJ;Pista Norte;Colisão traseira;1;1;0;1;0;0;2
22/09/2011;19:39:00;621;com vítima;206,2;BR-116/SP;Pista Norte;Choque em barreira New Jersey;2;2;2;0;0;0;1
22/09/2011;04:53:00;52;com vítima;210,9;BR-116/RJ;Pista Norte;Tombamento;1;0;1;0;0;0;1
22/09/2011;17:28:00;529;com vítima;218,46;BR-116/SP;Pista Norte;Queda de moto;1;3;0;0;0;1;3
22/09/2011;07:06:00;114;sem vítima;219;BR-116/SP;Pista Sul;Colisão traseira;1;2;0;0;0;0;1
22/09/2011;19:14:00;602;sem vítima;222;BR-116/SP;Pista Sul;Abalroamento longitudinal;1;7;0;0;0;0;1
22/09/2011;02:01:00;23;sem vítima;227,1;BR-116/RJ;Pista Norte;Choque em barreira New Jersey;1;1;0;0;0;0;1
22/09/2011;20:10:00;641;sem vítima;230;BR-116/SP;Pista Norte;Abalroamento longitudinal;1;2;0;0;0;0;1
22/09/2011;19:44:00;624;sem vítima;231,4;BR-116/SP;Pista Norte;Colisão traseira;2;2;0;0;0;0;1
22/09/2011;08:52:00;220;sem vítima;236;BR-116/RJ;Pista Norte;Choque em veículo parado na pista;2;2;0;0;0;0;1
23/09/2011;20:47:00;757;sem vítima;28,4;BR-116/SP;Pista Norte;Colisão traseira;2;2;0;0;0;0;1
23/09/2011;15:07:00;537;sem vítima;34;BR-116/SP;Pista Sul;Choque em objeto fixo;1;2;0;0;0;0;1
23/09/2011;15:25:00;546;sem vítima;154,3;BR-116/SP;Pista Norte;Abalroamento longitudinal;1;2;0;0;0;0;1
23/09/2011;14:42:00;507;sem vítima;156,3;BR-116/SP;Pista Sul;Abalroamento longitudinal;1;2;0;0;0;0;1
23/09/2011;05:37:00;106;sem vítima;185,5;BR-116/SP;Pista Sul;Tombamento;1;1;0;0;0;0;1
23/09/2011;16:12:00;576;sem vítima;192,4;BR-116/SP;Pista Sul;Choque em objeto fixo;1;1;0;0;0;0;1
23/09/2011;22:56:00;813;sem vítima;218,75;BR-116/SP;Pista Norte;Choque em objeto na pista;1;2;0;0;0;0;1
23/09/2011;08:40:00;283;sem vítima;309,75;BR-116/RJ;Pista Sul;Engavetamento;1;3;0;0;0;0;1
24/09/2011;05:09:00;114;com vítima;134,3;BR-116/SP;Pista Sul;Colisão traseira;2;1;1;0;0;0;1
24/09/2011;21:23:00;662;com vítima;166,2;BR-116/SP;Pista Norte;Colisão traseira;1;4;1;0;0;0;1
24/09/2011;06:13:00;141;sem vítima;223;BR-116/SP;Pista Sul;Abalroamento longitudinal;1;7;0;0;0;0;1
24/09/2011;22:06:00;679;com vítima;223,3;BR-116/SP;Pista Norte;Abalroamento longitudinal;1;3;1;0;0;0;1
24/09/2011;10:00:00;296;com vítima;227,8;BR-116/SP;Pista Norte;Abalroamento longitudinal;1;4;1;0;0;0;1
24/09/2011;14:10:00;421;sem vítima;231,4;BR-116/SP;Pista Norte;Colisão traseira;1;2;0;0;0;0;1
24/09/2011;14:48:00;441;sem vítima;300;BR-116/RJ;Pista Sul;Abalroamento longitudinal;1;2;0;0;0;0;1
24/09/2011;05:00:00;110;sem vítima;317;BR-116/RJ;Pista Sul;Choque em defensa;1;2;0;0;0;0;1
24/09/2011;20:49:00;644;com vítima;331,5;BR-116/RJ;Pista Sul;Colisão traseira;2;1;1;2;0;0;2
25/09/2011;11:44:00;299;sem vítima;173,7;BR-116/RJ;Pista Sul;Abalroamento longitudinal;1;2;0;0;0;0;1
25/09/2011;12:11:00;313;sem vítima;182;BR-116/SP;Pista Norte;Colisão traseira;2;2;0;0;0;0;1
25/09/2011;10:07:00;239;sem vítima;223;BR-116/SP;Pista Norte;Abalroamento longitudinal;1;2;0;0;0;0;1
25/09/2011;21:44:00;629;sem vítima;228,1;BR-116/RJ;Pista Norte;Choque em objeto na pista;1;2;0;0;0;0;1
25/09/2011;16:57:00;477;com vítima;228,4;BR-116/RJ;Pista Sul;Choque em barreira New Jersey;1;3;1;0;0;0;1
26/09/2011;22:39:00;764;sem vítima;90;BR-116/SP;Pista Norte;Engavetamento;1;3;0;0;0;0;1
26/09/2011;13:11:00;421;sem vítima;104,3;BR-116/SP;Pista Norte;Tombamento;1;2;0;0;0;0;1
26/09/2011;17:48:00;585;sem vítima;147,6;BR-116/SP;Pista Norte;Abalroamento longitudinal;1;2;0;0;0;0;1
26/09/2011;19:17:00;643;sem vítima;155;BR-116/SP;Pista Sul;Engavetamento;1;9;0;0;0;0;1
26/09/2011;17:14:00;555;sem vítima;172,8;BR-116/RJ;Pista Sul;Colisão traseira;1;2;0;0;0;0;1
26/09/2011;12:54:00;413;sem vítima;216,1;BR-116/SP;Pista Norte;Colisão traseira;1;2;0;0;0;0;1
26/09/2011;15:00:00;478;sem vítima;225,8;BR-116/RJ;Pista Norte;Abalroamento longitudinal;1;2;0;0;0;0;1
27/09/2011;03:46:00;64;sem vítima;32,1;BR-116/SP;Pista Norte;Colisão traseira;2;2;0;0;0;0;1
27/09/2011;01:08:00;18;sem vítima;38,79;BR-116/SP;Pista Norte;Tombamento;1;1;0;0;0;0;1
27/09/2011;01:24:00;27;sem vítima;38,79;BR-116/SP;Pista Sul;Choque em objeto na pista;1;1;0;0;0;0;1
27/09/2011;19:08:00;658;com vítima;134,1;BR-116/SP;Pista Sul;Colisão frontal;1;1;0;1;0;0;2
27/09/2011;17:50:00;602;sem vítima;142,5;BR-116/SP;Pista Norte;Abalroamento longitudinal;1;2;0;0;0;0;1
27/09/2011;06:46:00;129;sem vítima;157,7;BR-116/SP;Pista Norte;Choque em veículo parado na pista;2;2;0;0;0;0;1
27/09/2011;23:58:00;791;sem vítima;177,9;BR-116/RJ;Pista Norte;Colisão traseira;1;2;0;0;0;0;1
27/09/2011;07:27:00;172;sem vítima;183,7;BR-116/RJ;Pista Norte;Engavetamento;2;3;0;0;0;0;1
27/09/2011;11:41:00;363;com vítima;221;BR-116/SP;Pista Norte;Queda de moto;1;1;0;0;1;0;2
27/09/2011;03:44:00;63;com vítima;223,3;BR-116/RJ;Pista Norte;Colisão traseira;2;2;1;0;0;0;1
27/09/2011;14:06:00;453;sem vítima;240;BR-116/RJ;Pista Sul;Abalroamento longitudinal;1;2;0;0;0;0;1
27/09/2011;04:57:00;83;com vítima;258,1;BR-116/RJ;Pista Norte;Colisão traseira;2;1;1;0;0;0;1
28/09/2011;20:31:00;734;sem vítima;2,6;BR-116/SP;Pista Norte;Engavetamento;3;3;0;0;0;0;1
28/09/2011;17:28:00;620;com vítima;54,2;BR-116/SP;Pista Norte;Colisão traseira;3;2;1;1;0;0;2
28/09/2011;04:06:00;60;sem vítima;70,3;BR-116/SP;Pista Sul;Outros;1;1;0;0;0;0;1
28/09/2011;21:16:00;750;com vítima;88,1;BR-116/SP;Pista Norte;Colisão traseira;1;28;2;1;0;0;2
28/09/2011;18:00:00;636;sem vítima;145,6;BR-116/SP;Pista Norte;Abalroamento longitudinal;1;2;0;0;0;0;1
28/09/2011;17:59:00;635;sem vítima;170;BR-116/RJ;Pista Sul;Colisão traseira;1;2;0;0;0;0;1
28/09/2011;17:23:00;616;sem vítima;172,8;BR-116/RJ;Pista Sul;Abalroamento longitudinal;1;5;0;0;0;0;1
28/09/2011;15:02:00;521;sem vítima;172,8;BR-116/RJ;Pista Sul;Abalroamento longitudinal;1;2;0;0;0;0;1
28/09/2011;05:16:00;75;com vítima;185,2;BR-116/SP;Pista Norte;Choque em defensa;3;1;2;0;0;0;1
28/09/2011;10:14:00;333;sem vítima;204;BR-116/SP;Pista Sul;Colisão traseira;1;4;0;0;0;0;1
28/09/2011;06:00:00;95;sem vítima;218;BR-116/SP;Pista Sul;Abalroamento longitudinal;1;2;0;0;0;0;1
28/09/2011;09:36:00;291;sem vítima;225;BR-116/SP;Pista Sul;Colisão traseira;1;2;0;0;0;0;1
28/09/2011;15:40:00;548;sem vítima;229;BR-116/SP;Pista Norte;Colisão traseira;1;2;0;0;0;0;1
28/09/2011;16:43:00;587;sem vítima;252;BR-116/RJ;Pista Norte;Abalroamento longitudinal;1;2;0;0;0;0;1
28/09/2011;15:49:00;553;sem vítima;299,3;BR-116/RJ;Pista Sul;Choque em objeto fixo;1;1;0;0;0;0;1
29/09/2011;23:39:00;857;sem vítima;5,6;BR-116/SP;Pista Sul;Abalroamento longitudinal;1;2;0;0;0;0;1
29/09/2011;00:50:00;17;com vítima;19,3;BR-116/SP;Pista Norte;Choque em veículo parado na pista;2;3;0;0;0;1;3
29/09/2011;04:06:00;54;sem vítima;129,4;BR-116/SP;Pista Norte;Colisão traseira;2;2;0;0;0;0;1
29/09/2011;19:36:00;720;sem vítima;142,3;BR-116/SP;Pista Norte;Engavetamento;2;5;0;0;0;0;1
29/09/2011;15:30:00;526;com vítima;152,7;BR-116/SP;Pista Sul;Choque em veículo parado na pista;1;1;0;1;0;0;2
29/09/2011;16:25:00;567;sem vítima;163,4;BR-116/RJ;Pista Sul;Abalroamento longitudinal;1;2;0;0;0;0;1
29/09/2011;17:10:00;602;sem vítima;172;BR-116/RJ;Pista Sul;Choque em veículo parado na pista;1;2;0;0;0;0;1
29/09/2011;15:41:00;538;sem vítima;172,8;BR-116/RJ;Pista Sul;Abalroamento longitudinal;1;2;0;0;0;0;1
29/09/2011;06:42:00;109;sem vítima;190,6;BR-116/RJ;Pista Norte;Abalroamento longitudinal;1;2;0;0;0;0;1
29/09/2011;07:02:00;132;sem vítima;198;BR-116/RJ;Pista Sul;Tombamento;1;1;0;0;0;0;1
29/09/2011;08:36:00;225;sem vítima;210;BR-116/SP;Pista Sul;Engavetamento;1;3;0;0;0;0;1
29/09/2011;06:52:00;121;sem vítima;219;BR-116/SP;Pista Norte;Abalroamento longitudinal;1;2;0;0;0;0;1
29/09/2011;14:59:00;497;sem vítima;223,6;BR-116/RJ;Pista Sul;Abalroamento longitudinal;1;2;0;0;0;0;1
29/09/2011;11:11:00;349;sem vítima;228;BR-116/SP;Pista Norte;Abalroamento longitudinal;1;3;0;0;0;0;1
29/09/2011;05:41:00;82;sem vítima;304,55;BR-116/RJ;Pista Sul;Choque em barreira New Jersey;1;1;0;0;0;0;1
30/09/2011;20:43:00;808;sem vítima;171;BR-116/RJ;Pista Sul;Abalroamento longitudinal;1;3;0;0;0;0;1
30/09/2011;11:46:00;401;sem vítima;174,9;BR-116/RJ;Pista Norte;Colisão traseira;1;3;0;0;0;0;1
30/09/2011;06:38:00;145;sem vítima;175;BR-116/RJ;Pista Norte;Abalroamento longitudinal;1;2;0;0;0;0;1
30/09/2011;08:25:00;248;com vítima;177,45;BR-116/RJ;Pista Norte;Abalroamento longitudinal;1;2;0;0;1;0;2
30/09/2011;06:52:00;152;com vítima;178,9;BR-116/RJ;Pista Norte;Abalroamento longitudinal;1;1;0;1;0;0;2
30/09/2011;11:01:00;372;sem vítima;182;BR-116/SP;Pista Norte;Colisão traseira;2;2;0;0;0;0;1
30/09/2011;09:25:00;299;sem vítima;183,5;BR-116/RJ;Pista Norte;Abalroamento longitudinal;1;2;0;0;0;0;1
30/09/2011;16:52:00;622;sem vítima;204;BR-116/SP;Pista Sul;Colisão traseira;1;2;0;0;0;0;1
30/09/2011;08:17:00;238;sem vítima;217,2;BR-116/SP;Pista Norte;Colisão traseira;1;2;0;0;0;0;1
30/09/2011;18:01:00;683;sem vítima;222,2;BR-116/RJ;Pista Norte;Colisão traseira;1;3;0;0;0;0;1
30/09/2011;07:02:00;162;com vítima;223,3;BR-116/RJ;Pista Norte;Choque Talude;1;0;0;1;0;0;2
30/09/2011;17:14:00;646;sem vítima;280;BR-116/RJ;Pista Sul;Choque em objeto na pista;1;2;0;0;0;0;1
30/09/2011;23:09:00;878;sem vítima;303,15;BR-116/RJ;Pista Norte;Colisão traseira;2;2;0;0;0;0;1
01/10/2011;03:03:00;70;com vítima;182,2;BR-116/RJ;Pista Norte;Colisão traseira;1;1;1;0;0;0;1
01/10/2011;07:14:00;177;com vítima;182;BR-116/SP;Pista Norte;Colisão traseira;2;2;1;0;0;0;1
01/10/2011;07:49:00;214;com vítima;102,3;BR-116/SP;Pista Sul;Colisão traseira;1;2;2;1;0;0;2
01/10/2011;08:39:00;246;com vítima;173,8;BR-116/RJ;Pista Sul;Abalroamento longitudinal;1;1;1;0;0;0;1
01/10/2011;08:39:00;248;sem vítima;210,1;BR-116/SP;Pista Sul;Abalroamento longitudinal;1;2;0;0;0;0;1
01/10/2011;11:01:00;348;sem vítima;198;BR-116/SP;Pista Sul;Outros;1;3;0;0;0;0;1
01/10/2011;11:17:00;362;sem vítima;146,6;BR-116/SP;Pista Sul;Abalroamento longitudinal;1;2;0;0;0;0;1
01/10/2011;23:01:00;835;sem vítima;146,8;BR-116/SP;Pista Sul;Engavetamento;1;4;0;0;0;0;1
02/10/2011;04:46:00;63;sem vítima;271,75;BR-116/RJ;Pista Sul;Choque Talude;1;1;0;0;0;0;1
02/10/2011;06:27:00;102;sem vítima;202,4;BR-116/RJ;Pista Sul;Choque em objeto fixo;1;1;0;0;0;0;1
02/10/2011;12:22:00;312;sem vítima;146;BR-116/SP;Pista Sul;Abalroamento longitudinal;1;4;0;0;0;0;1
02/10/2011;17:11:00;496;com vítima;159,8;BR-116/SP;Pista Norte;Outros;1;0;1;0;0;0;1
02/10/2011;17:13:00;497;sem vítima;70;BR-116/SP;Pista Norte;Engavetamento;3;11;0;0;0;0;1
02/10/2011;19:41:00;592;com vítima;328,5;BR-116/RJ;Pista Sul;Capotamento;1;3;1;0;0;0;1
03/10/2011;01:45:00;40;sem vítima;297,7;BR-116/RJ;Pista Norte;Colisão traseira;1;3;0;0;0;0;1
03/10/2011;05:09:00;78;sem vítima;178,9;BR-116/RJ;Pista Norte;Abalroamento longitudinal;1;56;0;0;0;0;1
03/10/2011;05:24:00;82;com vítima;173,6;BR-116/RJ;Pista Norte;Colisão traseira;1;1;1;0;0;0;1
03/10/2011;06:36:00;128;com vítima;289;BR-116/RJ;Pista Sul;Queda de ribanceira;1;1;2;0;0;0;1
03/10/2011;07:11:00;156;sem vítima;210,4;BR-116/SP;Pista Sul;Abalroamento longitudinal;1;2;0;0;0;0;1
03/10/2011;07:17:00;161;sem vítima;276;BR-116/RJ;Pista Norte;Colisão traseira;2;2;0;0;0;0;1