data;horario;n_da_ocorrencia;tipo_de_ocorrencia;km;trecho;sentido;tipo_de_acidente;caminhao;ilesos;levemente_feridos;moderadamente_feridos;gravemente_feridos;mortos;3
03/10/2011;16:46:00;560;com vítima;106,6;BR-116/SP;Pista Norte;Choque em barreira New Jersey;2;2;1;0;0;0;1
03/10/2011;17:54:00;615;sem vítima;170,5;BR-116/RJ;Pista Sul;Abalroamento longitudinal;1;6;0;0;0;0;1
03/10/2011;18:28:00;630;sem vítima;129,3;BR-116/SP;Pista Sul;Abalroamento longitudinal;1;2;0;0;0;0;1
03/10/2011;19:51:00;682;sem vítima;226,8;BR-116/SP;Pista Sul;Abalroamento longitudinal;1;2;0;0;0;0;1
04/10/2011;00:15:00;7;sem vítima;301,2;BR-116/RJ;Pista Norte;Colisão traseira;2;4;0;0;0;0;1
04/10/2011;00:38:00;16;sem vítima;145,4;BR-116/SP;Pista Sul;Abalroamento longitudinal;1;41;0;0;0;0;1
04/10/2011;01:59:00;41;com vítima;50,6;BR-116/SP;Pista Sul;Colisão traseira;2;1;1;0;0;0;1
04/10/2011;08:12:00;231;sem vítima;106,8;BR-116/SP;Pista Norte;Colisão traseira;1;2;0;0;0;0;1
04/10/2011;12:58:00;419;sem vítima;216,7;BR-116/SP;Pista Sul;Engavetamento;1;3;0;0;0;0;1
04/10/2011;16:27:00;549;sem vítima;332,2;BR-116/RJ;Pista Norte;Abalroamento longitudinal;1;2;0;0;0;0;1
04/10/2011;18:51:00;652;sem vítima;258,1;BR-116/RJ;Pista Sul;Colisão traseira;1;3;0;0;0;0;1
04/10/2011;18:52:00;653;sem vítima;145,45;BR-116/SP;Pista Norte;Abalroamento longitudinal;2;2;0;0;0;0;1
04/10/2011;20:15:00;702;sem vítima;227;BR-116/SP;Pista Norte;Abalroamento longitudinal;1;6;0;0;0;0;1
04/10/2011;21:42:00;752;sem vítima;285,6;BR-116/RJ;Pista Sul;Abalroamento longitudinal;2;2;0;0;0;0;1
05/10/2011;03:34:00;59;sem vítima;46,05;BR-116/SP;Pista Sul;Choque em barreira New Jersey;2;3;0;0;0;0;1
05/10/2011;06:04:00;102;sem vítima;182;BR-116/SP;Pista Sul;Choque em objeto na pista;2;3;0;0;0;0;1
05/10/2011;07:36:00;183;sem vítima;273;BR-116/RJ;Pista Sul;Outros;1;2;0;0;0;0;1
05/10/2011;07:41:00;191;sem vítima;179,85;BR-116/RJ;Pista Norte;Abalroamento longitudinal;1;4;0;0;0;0;1
05/10/2011;08:04:00;216;com vítima;147,7;BR-116/SP;Pista Sul;Colisão traseira;1;1;1;0;0;0;1
05/10/2011;08:42:00;250;sem vítima;146,2;BR-116/SP;Pista Sul;Colisão traseira;2;2;0;0;0;0;1
05/10/2011;09:51:00;316;sem vítima;139;BR-116/SP;Pista Sul;Colisão traseira;2;2;0;0;0;0;1
05/10/2011;09:59:00;324;com vítima;218;BR-116/SP;Pista Norte;Queda de moto;1;1;0;1;0;0;2
05/10/2011;10:38:00;353;sem vítima;174,5;BR-116/RJ;Pista Norte;Abalroamento longitudinal;1;2;0;0;0;0;1
05/10/2011;12:15:00;409;com vítima;110,45;BR-116/SP;Pista Norte;Colisão traseira;1;1;1;0;0;0;1
05/10/2011;14:13:00;475;sem vítima;183,2;BR-116/RJ;Pista Norte;Abalroamento longitudinal;1;4;0;0;0;0;1
05/10/2011;16:59:00;578;com vítima;192,9;BR-116/SP;Pista Sul;Choque em barreira New Jersey;1;1;0;1;0;0;2
05/10/2011;20:33:00;717;sem vítima;313;BR-116/RJ;Pista Norte;Outros;2;2;0;0;0;0;1
05/10/2011;23:52:00;813;sem vítima;308;BR-116/RJ;Pista Norte;Choque em veículo parado na pista;2;2;0;0;0;0;1
06/10/2011;04:36:00;73;sem vítima;32;BR-116/SP;Pista Norte;Colisão traseira;2;2;0;0;0;0;1
06/10/2011;07:23:00;152;sem vítima;175,2;BR-116/RJ;Pista Norte;Abalroamento longitudinal;1;2;0;0;0;0;1
06/10/2011;09:36:00;290;com vítima;224;BR-116/RJ;Pista Norte;Colisão traseira;2;1;1;0;0;0;1
06/10/2011;12:53:00;417;com vítima;86,8;BR-116/SP;Pista Sul;Colisão traseira;1;11;2;0;0;0;1
06/10/2011;16:39:00;577;sem vítima;170;BR-116/RJ;Pista Norte;Colisão traseira;1;2;0;0;0;0;1
06/10/2011;18:28:00;653;sem vítima;182;BR-116/SP;Pista Norte;Choque em veículo parado na pista;2;3;0;0;0;0;1
06/10/2011;18:36:00;659;com vítima;303,7;BR-116/RJ;Pista Sul;Atropelamento de pedestre caminhando;2;2;1;0;0;1;3
06/10/2011;18:46:00;669;com vítima;154,8;BR-116/SP;Pista Sul;Engavetamento;1;10;3;0;0;0;1
06/10/2011;19:21:00;699;sem vítima;69,9;BR-116/SP;Pista Norte;Abalroamento longitudinal;2;2;0;0;0;0;1
06/10/2011;19:58:00;713;sem vítima;228;BR-116/SP;Pista Sul;Choque em objeto na pista;1;5;0;0;0;0;1
06/10/2011;21:05:00;750;sem vítima;174;BR-116/SP;Pista Norte;Colisão traseira;1;2;0;0;0;0;1
07/10/2011;08:44:00;224;sem vítima;139,9;BR-116/SP;Pista Sul;Colisão traseira;2;2;0;0;0;0;1
07/10/2011;10:18:00;308;com vítima;302,2;BR-116/RJ;Pista Sul;Tombamento;1;2;1;0;0;0;1
07/10/2011;10:19:00;309;sem vítima;102;BR-116/SP;Pista Sul;Choque em objeto na pista;1;1;0;0;0;0;1
07/10/2011;20:11:00;725;sem vítima;229,6;BR-116/RJ;Pista Sul;Outros;2;2;0;0;0;0;1
08/10/2011;07:37:00;179;sem vítima;175,8;BR-116/RJ;Pista Norte;Abalroamento longitudinal;1;2;0;0;0;0;1
08/10/2011;09:29:00;256;sem vítima;175,3;BR-116/RJ;Pista Norte;Abalroamento longitudinal;1;2;0;0;0;0;1
08/10/2011;09:36:00;261;com vítima;169,3;BR-116/SP;Pista Norte;Colisão traseira;1;1;1;0;0;0;1
08/10/2011;10:25:00;307;sem vítima;171,2;BR-116/RJ;Pista Norte;Abalroamento longitudinal;1;2;0;0;0;0;1
08/10/2011;11:13:00;331;sem vítima;174,1;BR-116/RJ;Pista Norte;Colisão traseira;1;2;0;0;0;0;1
08/10/2011;11:57:00;357;sem vítima;172,8;BR-116/RJ;Pista Sul;Colisão traseira;1;2;0;0;0;0;1
08/10/2011;13:44:00;428;com vítima;103,6;BR-116/SP;Pista Sul;Choque em veículo parado na pista;1;1;0;0;1;0;2
08/10/2011;13:45:00;430;sem vítima;173;BR-116/RJ;Pista Sul;Colisão traseira;1;2;0;0;0;0;1
08/10/2011;22:57:00;753;sem vítima;175,8;BR-116/RJ;Pista Sul;Engavetamento;1;8;0;0;0;0;1
08/10/2011;23:47:00;775;com vítima;227,2;BR-116/RJ;Pista Norte;Tombamento;1;0;1;0;0;0;1
09/10/2011;03:28:00;55;sem vítima;227,3;BR-116/SP;Pista Norte;Colisão traseira;1;2;0;0;0;0;1
09/10/2011;11:59:00;292;sem vítima;195,9;BR-116/SP;Pista Norte;Engavetamento;1;39;0;0;0;0;1
09/10/2011;16:41:00;478;sem vítima;187,35;BR-116/SP;Pista Sul;Choque em objeto fixo;1;1;0;0;0;0;1
09/10/2011;16:49:00;484;com vítima;146,2;BR-116/SP;Pista Norte;Engavetamento;1;6;1;0;0;0;1
09/10/2011;18:31:00;553;sem vítima;165,85;BR-116/RJ;Pista Sul;Abalroamento longitudinal;1;2;0;0;0;0;1
09/10/2011;18:34:00;555;sem vítima;244,2;BR-116/RJ;Pista Norte;Abalroamento longitudinal;1;2;0;0;0;0;1
09/10/2011;21:32:00;630;sem vítima;185,6;BR-116/RJ;Pista Norte;Engavetamento;1;3;0;0;0;0;1
10/10/2011;05:07:00;76;sem vítima;178,7;BR-116/RJ;Pista Norte;Engavetamento;2;33;0;0;0;0;1
10/10/2011;11:44:00;335;sem vítima;218,3;BR-116/RJ;Pista Norte;Tombamento;1;1;0;0;0;0;1
10/10/2011;14:15:00;416;com vítima;164,2;BR-116/RJ;Pista Sul;Engavetamento;1;1;1;1;0;0;2
10/10/2011;15:37:00;469;sem vítima;175;BR-116/RJ;Pista Norte;Colisão traseira;1;2;0;0;0;0;1
10/10/2011;18:32:00;583;sem vítima;182,6;BR-116/RJ;Pista Norte;Outros;1;2;0;0;0;0;1
10/10/2011;20:13:00;651;sem vítima;296;BR-116/RJ;Pista Sul;Colisão traseira;1;2;0;0;0;0;1
10/10/2011;20:16:00;654;sem vítima;176;BR-116/SP;Pista Norte;Choque em objeto fixo;1;1;0;0;0;0;1
10/10/2011;21:08:00;682;sem vítima;170,3;BR-116/RJ;Pista Sul;Abalroamento longitudinal;1;2;0;0;0;0;1
10/10/2011;21:18:00;689;sem vítima;188;BR-116/SP;Pista Sul;Colisão traseira;2;2;0;0;0;0;1
10/10/2011;23:21:00;751;sem vítima;100,6;BR-116/SP;Pista Norte;Colisão traseira;2;3;0;0;0;0;1
11/10/2011;05:32:00;85;sem vítima;196,8;BR-116/SP;Pista Sul;Choque em objeto fixo;1;1;0;0;0;0;1
11/10/2011;06:59:00;137;sem vítima;165;BR-116/SP;Pista Norte;Choque em objeto fixo;1;1;0;0;0;0;1
11/10/2011;07:34:00;166;com vítima;261,8;BR-116/RJ;Pista Norte;Choque em barreira New Jersey;4;3;0;0;0;1;3
11/10/2011;07:35:00;167;com vítima;176,4;BR-116/RJ;Pista Norte;Colisão traseira;1;1;0;1;0;0;2
11/10/2011;08:08:00;193;sem vítima;71,8;BR-116/SP;Pista Norte;Tombamento;1;1;0;0;0;0;1
11/10/2011;08:21:00;203;com vítima;60,6;BR-116/SP;Pista Sul;Engavetamento;4;5;2;1;0;0;2
11/10/2011;08:30:00;211;sem vítima;29,3;BR-116/SP;Pista Sul;Abalroamento longitudinal;1;2;0;0;0;0;1
11/10/2011;08:44:00;231;sem vítima;222;BR-116/RJ;Pista Norte;Abalroamento longitudinal;2;2;0;0;0;0;1
11/10/2011;09:41:00;273;sem vítima;226;BR-116/SP;Pista Sul;Colisão traseira;1;4;0;0;0;0;1
11/10/2011;11:13:00;328;com vítima;318,9;BR-116/RJ;Pista Norte;Choque em objeto fixo;1;0;1;0;0;0;1
11/10/2011;11:28:00;337;sem vítima;240;BR-116/RJ;Pista Norte;Outros;1;1;0;0;0;0;1
11/10/2011;13:12:00;391;com vítima;229,8;BR-116/SP;Pista Sul;Engavetamento;2;8;1;0;0;0;1
11/10/2011;14:56:00;457;sem vítima;157;BR-116/SP;Pista Sul;Abalroamento longitudinal;1;2;0;0;0;0;1
11/10/2011;15:00:00;461;sem vítima;229,78;BR-116/SP;Pista Sul;Abalroamento longitudinal;1;2;0;0;0;0;1
11/10/2011;15:15:00;475;com vítima;225,8;BR-116/RJ;Pista Norte;Abalroamento longitudinal;1;1;1;0;0;0;1
11/10/2011;15:40:00;484;sem vítima;219;BR-116/SP;Pista Norte;Colisão traseira;1;6;0;0;0;0;1
11/10/2011;16:36:00;512;sem vítima;272,5;BR-116/RJ;Pista Norte;Colisão traseira;1;2;0;0;0;0;1
11/10/2011;17:35:00;567;sem vítima;230;BR-116/SP;Pista Norte;Colisão traseira;1;3;0;0;0;0;1
11/10/2011;21:47:00;714;sem vítima;69,3;BR-116/SP;Pista Norte;Choque em objeto na pista;1;1;0;0;0;0;1
11/10/2011;21:47:00;715;sem vítima;158;BR-116/SP;Pista Norte;Choque em defensa;1;1;0;0;0;0;1
12/10/2011;07:42:00;154;com vítima;219,1;BR-116/SP;Pista Sul;Queda de moto;1;3;0;1;0;0;2
12/10/2011;15:00:00;423;sem vítima;81,3;BR-116/SP;Pista Norte;Colisão traseira;2;2;0;0;0;0;1
12/10/2011;17:02:00;507;sem vítima;217;BR-116/RJ;Pista Norte;Abalroamento longitudinal;1;2;0;0;0;0;1
12/10/2011;17:08:00;510;sem vítima;158,3;BR-116/SP;Pista Norte;Abalroamento longitudinal;1;2;0;0;0;0;1
12/10/2011;18:10:00;540;com vítima;183,9;BR-116/RJ;Pista Norte;Abalroamento longitudinal;1;2;1;0;0;0;1
12/10/2011;22:35:00;668;sem vítima;174,3;BR-116/SP;Pista Sul;Abalroamento longitudinal;1;2;0;0;0;0;1
13/10/2011;03:34:00;61;sem vítima;39,2;BR-116/SP;Pista Norte;Choque em barreira New Jersey;1;1;0;0;0;0;1
13/10/2011;09:39:00;291;sem vítima;307,4;BR-116/RJ;Pista Norte;Abalroamento longitudinal;1;2;0;0;0;0;1
13/10/2011;10:57:00;344;com vítima;225;BR-116/SP;Pista Norte;Abalroamento longitudinal;1;2;1;0;0;0;1
13/10/2011;14:07:00;442;sem vítima;175,5;BR-116/RJ;Pista Norte;Colisão traseira;1;11;0;0;0;0;1
13/10/2011;18:46:00;592;sem vítima;244,7;BR-116/RJ;Pista Sul;Choque em barreira New Jersey;1;1;0;0;0;0;1
13/10/2011;19:14:00;610;sem vítima;172,8;BR-116/RJ;Pista Sul;Abalroamento longitudinal;1;2;0;0;0;0;1
13/10/2011;19:31:00;627;sem vítima;270,02;BR-116/RJ;Pista Norte;Outros;1;1;0;0;0;0;1
14/10/2011;01:03:00;20;sem vítima;71,5;BR-116/SP;Pista Norte;Colisão traseira;1;32;0;0;0;0;1
14/10/2011;02:26:00;42;sem vítima;210,6;BR-116/RJ;Pista Norte;Queda de ribanceira;1;1;0;0;0;0;1
14/10/2011;07:12:00;148;sem vítima;162;BR-116/SP;Pista Norte;Engavetamento;1;5;0;0;0;0;1
14/10/2011;10:04:00;285;sem vítima;221;BR-116/SP;Pista Sul;Engavetamento;1;5;0;0;0;0;1
14/10/2011;11:33:00;347;sem vítima;220;BR-116/SP;Pista Norte;Colisão traseira;1;3;0;0;0;0;1
14/10/2011;11:59:00;359;sem vítima;225;BR-116/RJ;Pista Sul;Colisão traseira;1;2;0;0;0;0;1
14/10/2011;12:00:00;360;com vítima;223,5;BR-116/SP;Pista Norte;Queda de moto;2;4;1;0;0;0;1
14/10/2011;17:35:00;580;sem vítima;172,8;BR-116/RJ;Pista Sul;Colisão traseira;1;3;0;0;0;0;1
14/10/2011;17:50:00;590;com vítima;146,6;BR-116/SP;Pista Sul;Abalroamento longitudinal;1;2;0;1;0;0;2
14/10/2011;19:34:00;655;com vítima;155;BR-116/SP;Pista Sul;Colisão traseira;2;1;1;0;0;0;1
14/10/2011;19:59:00;669;sem vítima;228,2;BR-116/SP;Pista Norte;Abalroamento longitudinal;1;2;0;0;0;0;1
15/10/2011;04:02:00;60;sem vítima;183,5;BR-116/SP;Pista Norte;Choque em objeto na pista;1;2;0;0;0;0;1
15/10/2011;04:29:00;67;com vítima;158,1;BR-116/SP;Pista Norte;Engavetamento;3;3;0;1;1;0;2
15/10/2011;09:16:00;198;sem vítima;165;BR-116/SP;Pista Sul;Colisão traseira;2;2;0;0;0;0;1
15/10/2011;09:38:00;210;sem vítima;165;BR-116/SP;Pista Norte;Abalroamento longitudinal;1;3;0;0;0;0;1
15/10/2011;17:02:00;464;com vítima;225,5;BR-116/SP;Pista Norte;Abalroamento longitudinal;1;1;1;0;0;0;1
15/10/2011;22:09:00;591;sem vítima;204,85;BR-116/SP;Pista Sul;Choque em barreira New Jersey;1;1;0;0;0;0;1
15/10/2011;23:28:00;617;sem vítima;210,7;BR-116/SP;Pista Sul;Outros;1;2;0;0;0;0;1
15/10/2011;23:39:00;621;com vítima;181;BR-116/RJ;Pista Sul;Choque em barreira New Jersey;1;2;3;0;0;0;1
16/10/2011;06:19:00;76;sem vítima;158,5;BR-116/SP;Pista Norte;Colisão traseira;1;47;0;0;0;0;1
16/10/2011;09:50:00;163;sem vítima;220,3;BR-116/RJ;Pista Sul;Outros;1;1;0;0;0;0;1
16/10/2011;10:04:00;169;sem vítima;185,5;BR-116/RJ;Pista Sul;Abalroamento longitudinal;1;2;0;0;0;0;1
16/10/2011;13:13:00;272;sem vítima;191,8;BR-116/SP;Pista Norte;Tombamento;1;1;0;0;0;0;1
16/10/2011;21:59:00;574;sem vítima;60,5;BR-116/SP;Pista Sul;Colisão traseira;1;12;0;0;0;0;1
16/10/2011;22:17:00;584;sem vítima;237;BR-116/RJ;Pista Norte;Colisão traseira;1;60;0;0;0;0;1
17/10/2011;00:39:00;12;sem vítima;131,1;BR-116/SP;Pista Sul;Colisão traseira;2;4;0;0;0;0;1
17/10/2011;03:19:00;44;sem vítima;93,5;BR-116/SP;Pista Norte;Abalroamento longitudinal;2;2;0;0;0;0;1
17/10/2011;04:01:00;48;sem vítima;318;BR-116/RJ;Pista Sul;Colisão traseira;2;2;0;0;0;0;1
17/10/2011;05:08:00;63;com vítima;113,2;BR-116/SP;Pista Sul;Engavetamento;2;5;0;1;0;0;2
17/10/2011;05:44:00;80;com vítima;315,3;BR-116/RJ;Pista Sul;Colisão traseira;1;1;0;2;0;0;2
17/10/2011;07:06:00;114;sem vítima;211;BR-116/SP;Pista Norte;Engavetamento;1;3;0;0;0;0;1
17/10/2011;08:15:00;166;sem vítima;272,3;BR-116/RJ;Pista Sul;Choque Talude;1;1;0;0;0;0;1
17/10/2011;10:51:00;294;sem vítima;228,8;BR-116/RJ;Pista Norte;Choque em objeto fixo;1;1;0;0;0;0;1
17/10/2011;17:05:00;482;sem vítima;226,9;BR-116/SP;Pista Norte;Abalroamento longitudinal;2;2;0;0;0;0;1
17/10/2011;17:32:00;506;sem vítima;155,8;BR-116/SP;Pista Norte;Colisão traseira;2;2;0;0;0;0;1
17/10/2011;18:56:00;558;sem vítima;217,3;BR-116/SP;Pista Norte;Abalroamento longitudinal;2;2;0;0;0;0;1
17/10/2011;19:29:00;583;com vítima;27,1;BR-116/SP;Pista Norte;Colisão traseira;2;0;1;1;0;0;2
17/10/2011;19:30:00;585;sem vítima;146,2;BR-116/SP;Pista Norte;Abalroamento longitudinal;1;2;0;0;0;0;1
17/10/2011;23:19:00;694;sem vítima;209,8;BR-116/RJ;Pista Sul;Choque em objeto fixo;1;1;0;0;0;0;1
18/10/2011;06:12:00;103;sem vítima;208,8;BR-116/RJ;Pista Norte;Colisão traseira;2;3;0;0;0;0;1
18/10/2011;10:13:00;315;com vítima;167,9;BR-116/RJ;Pista Sul;Engavetamento;1;2;1;0;0;0;1
18/10/2011;15:18:00;490;sem vítima;172,1;BR-116/RJ;Pista Sul;Engavetamento;1;4;0;0;0;0;1
19/10/2011;01:05:00;20;sem vítima;279,3;BR-116/RJ;Pista Sul;Choque em objeto na pista;1;1;0;0;0;0;1
19/10/2011;03:14:00;49;sem vítima;144,4;BR-116/SP;Pista Sul;Colisão traseira;2;2;0;0;0;0;1
19/10/2011;07:17:00;129;sem vítima;171,8;BR-116/RJ;Pista Sul;Engavetamento;3;3;0;0;0;0;1
19/10/2011;09:13:00;235;sem vítima;127,8;BR-116/SP;Pista Sul;Engavetamento;4;7;0;0;0;0;1
19/10/2011;11:04:00;314;sem vítima;177,5;BR-116/RJ;Pista Norte;Abalroamento longitudinal;1;2;0;0;0;0;1
19/10/2011;12:52:00;379;sem vítima;161;BR-116/SP;Pista Sul;Colisão traseira;1;2;0;0;0;0;1
19/10/2011;16:30:00;527;sem vítima;171,5;BR-116/RJ;Pista Sul;Colisão traseira;1;2;0;0;0;0;1
19/10/2011;17:07:00;556;sem vítima;154,05;BR-116/SP;Pista Norte;Outros;1;1;0;0;0;0;1
19/10/2011;17:46:00;575;sem vítima;167;BR-116/RJ;Pista Norte;Colisão traseira;2;2;0;0;0;0;1
19/10/2011;23:49:00;754;sem vítima;132,5;BR-116/SP;Pista Norte;Colisão traseira;2;2;0;0;0;0;1
20/10/2011;05:44:00;64;sem vítima;180,2;BR-116/SP;Pista Sul;Colisão traseira;1;2;0;0;0;0;1
20/10/2011;07:27:00;119;sem vítima;227,7;BR-116/SP;Pista Sul;Colisão traseira;2;5;0;0;0;0;1
20/10/2011;08:07:00;161;sem vítima;164,4;BR-116/RJ;Pista Norte;Abalroamento longitudinal;1;2;0;0;0;0;1
20/10/2011;09:50:00;257;sem vítima;315,8;BR-116/RJ;Pista Norte;Colisão traseira;1;2;0;0;0;0;1
20/10/2011;10:28:00;291;sem vítima;237;BR-116/RJ;Pista Sul;Outros;2;2;0;0;0;0;1
20/10/2011;12:38:00;372;sem vítima;176,2;BR-116/RJ;Pista Sul;Abalroamento longitudinal;1;2;0;0;0;0;1
20/10/2011;13:13:00;394;sem vítima;216,2;BR-116/SP;Pista Norte;Colisão traseira;1;4;0;0;0;0;1
20/10/2011;15:02:00;447;sem vítima;258;BR-116/RJ;Pista Sul;Outros;1;1;0;0;0;0;1
20/10/2011;15:58:00;479;sem vítima;210,2;BR-116/SP;Pista Sul;Abalroamento longitudinal;1;3;0;0;0;0;1
20/10/2011;16:01:00;482;com vítima;163;BR-116/RJ;Pista Sul;Colisão traseira;1;1;1;1;0;0;2
20/10/2011;16:32:00;497;sem vítima;204;BR-116/SP;Pista Sul;Colisão traseira;2;3;0;0;0;0;1
20/10/2011;16:43:00;504;sem vítima;182;BR-116/SP;Pista Norte;Colisão traseira;1;2;0;0;0;0;1
20/10/2011;18:25:00;574;com vítima;155,7;BR-116/SP;Pista Norte;Engavetamento;1;2;0;2;0;0;2
20/10/2011;19:13:00;617;com vítima;212,9;BR-116/SP;Pista Norte;Abalroamento longitudinal;1;3;4;0;0;0;1
20/10/2011;19:47:00;636;sem vítima;172,9;BR-116/RJ;Pista Sul;Abalroamento longitudinal;1;2;0;0;0;0;1
20/10/2011;20:00:00;645;com vítima;224;BR-116/SP;Pista Norte;Atropelamento de pedestre atravessando;1;1;1;0;0;0;1
20/10/2011;20:24:00;656;sem vítima;171,05;BR-116/SP;Pista Sul;Choque em veículo parado na pista;2;2;0;0;0;0;1
20/10/2011;21:26:00;688;sem vítima;185,2;BR-116/SP;Pista Norte;Colisão traseira;1;4;0;0;0;0;1
20/10/2011;22:10:00;708;com vítima;220;BR-116/SP;Pista Sul;Engavetamento;1;3;1;0;0;0;1
20/10/2011;22:22:00;711;sem vítima;227,3;BR-116/RJ;Pista Norte;Outros;1;1;0;0;0;0;1
21/10/2011;00:24:00;14;sem vítima;45,8;BR-116/SP;Pista Norte;Colisão traseira;1;3;0;0;0;0;1
21/10/2011;00:31:00;18;sem vítima;224;BR-116/SP;Pista Sul;Choque em veículo parado na pista;2;3;0;0;0;0;1
21/10/2011;03:42:00;58;com vítima;118,85;BR-116/SP;Pista Sul;Colisão traseira;1;3;1;0;0;0;1
21/10/2011;04:37:00;68;sem vítima;174,9;BR-116/SP;Pista Sul;Colisão traseira;3;3;0;0;0;0;1
21/10/2011;07:44:00;190;com vítima;225,85;BR-116/RJ;Pista Norte;Queda de ribanceira;1;0;0;0;0;1;3
21/10/2011;16:03:00;501;com vítima;310,2;BR-116/RJ;Pista Sul;Engavetamento;1;2;1;0;0;0;1
21/10/2011;17:19:00;561;com vítima;169,7;BR-116/RJ;Pista Sul;Engavetamento;1;2;1;0;0;0;1
21/10/2011;20:42:00;686;sem vítima;320,35;BR-116/RJ;Pista Norte;Choque em veículo parado na pista;2;2;0;0;0;0;1
22/10/2011;00:42:00;14;sem vítima;290,1;BR-116/RJ;Pista Sul;Choque em objeto na pista;2;4;0;0;0;0;1
22/10/2011;09:59:00;265;sem vítima;230,2;BR-116/RJ;Pista Norte;Choque em barreira New Jersey;1;1;0;0;0;0;1
22/10/2011;11:00:00;301;sem vítima;172,4;BR-116/RJ;Pista Norte;Colisão traseira;1;5;0;0;0;0;1
23/10/2011;00:52:00;13;com vítima;222,5;BR-116/SP;Pista Norte;Engavetamento;1;6;0;1;0;0;2
23/10/2011;01:23:00;21;sem vítima;222,8;BR-116/SP;Pista Norte;Colisão traseira;1;2;0;0;0;0;1
23/10/2011;07:44:00;138;sem vítima;208;BR-116/RJ;Pista Sul;Outros;1;1;0;0;0;0;1
23/10/2011;16:40:00;411;sem vítima;16,1;BR-116/SP;Pista Sul;Choque em barreira New Jersey;1;2;0;0;0;0;1
23/10/2011;20:55:00;577;sem vítima;158,5;BR-116/SP;Pista Norte;Colisão traseira;1;6;0;0;0;0;1
23/10/2011;21:39:00;600;sem vítima;213,2;BR-116/RJ;Pista Norte;Atropelamento de animal;1;1;0;0;0;0;1
24/10/2011;18:02:00;586;sem vítima;166,4;BR-116/RJ;Pista Norte;Abalroamento longitudinal;1;2;0;0;0;0;1
24/10/2011;07:12:00;128;com vítima;180,6;BR-116/RJ;Pista Norte;Engavetamento;1;3;5;0;0;0;1
24/10/2011;08:04:00;174;sem vítima;147,7;BR-116/SP;Pista Norte;Abalroamento longitudinal;1;2;0;0;0;0;1
24/10/2011;08:17:00;188;com vítima;177,8;BR-116/RJ;Pista Sul;Tombamento;1;0;1;0;0;0;1
24/10/2011;08:52:00;217;sem vítima;219,4;BR-116/RJ;Pista Norte;Tombamento;1;2;0;0;0;0;1
24/10/2011;09:58:00;276;sem vítima;168,8;BR-116/RJ;Pista Sul;Abalroamento longitudinal;1;4;0;0;0;0;1
24/10/2011;13:46:00;409;sem vítima;170,6;BR-116/RJ;Pista Sul;Abalroamento longitudinal;1;2;0;0;0;0;1
24/10/2011;15:23:00;474;com vítima;182,8;BR-116/RJ;Pista Norte;Colisão traseira;2;2;2;0;0;0;1
24/10/2011;16:23:00;517;sem vítima;170,8;BR-116/RJ;Pista Sul;Colisão traseira;1;5;0;0;0;0;1
24/10/2011;20:45:00;707;sem vítima;168,4;BR-116/RJ;Pista Sul;Engavetamento;1;3;0;0;0;0;1
24/10/2011;21:05:00;716;sem vítima;228;BR-116/SP;Pista Norte;Abalroamento longitudinal;1;2;0;0;0;0;1
25/10/2011;01:23:00;28;sem vítima;209;BR-116/SP;Pista Norte;Choque em objeto na pista;1;4;0;0;0;0;1
25/10/2011;03:59:00;57;sem vítima;219,4;BR-116/SP;Pista Norte;Engavetamento;1;4;0;0;0;0;1
25/10/2011;06:35:00;115;sem vítima;222,9;BR-116/SP;Pista Sul;Abalroamento longitudinal;1;2;0;0;0;0;1
25/10/2011;07:13:00;152;com vítima;165;BR-116/SP;Pista Sul;Colisão traseira;1;1;1;0;0;0;1
25/10/2011;08:25:00;215;com vítima;178,5;BR-116/RJ;Pista Norte;Colisão traseira;1;1;1;0;0;0;1
25/10/2011;09:15:00;248;sem vítima;117,6;BR-116/SP;Pista Norte;Engavetamento;3;6;0;0;0;0;1
25/10/2011;10:20:00;285;sem vítima;182;BR-116/RJ;Pista Norte;Colisão traseira;1;2;0;0;0;0;1
25/10/2011;16:17:00;490;sem vítima;148,3;BR-116/SP;Pista Sul;Colisão traseira;1;5;0;0;0;0;1
25/10/2011;17:38:00;546;sem vítima;87;BR-116/SP;Pista Sul;Não Def;1;5;0;0;0;0;1
25/10/2011;18:03:00;573;sem vítima;219;BR-116/SP;Pista Norte;Tombamento;1;1;0;0;0;0;1
25/10/2011;21:15:00;711;sem vítima;169,1;BR-116/RJ;Pista Sul;Abalroamento longitudinal;1;23;0;0;0;0;1
25/10/2011;22:53:00;767;sem vítima;222;BR-116/RJ;Pista Norte;Abalroamento longitudinal;1;2;0;0;0;0;1
26/10/2011;03:34:00;55;com vítima;94,4;BR-116/SP;Pista Sul;Colisão traseira;1;3;0;1;0;0;2
26/10/2011;03:44:00;57;sem vítima;274,45;BR-116/RJ;Pista Norte;Engavetamento;3;3;0;0;0;0;1
26/10/2011;05:32:00;90;sem vítima;205,2;BR-116/RJ;Pista Norte;Choque em objeto na pista;1;1;0;0;0;0;1
26/10/2011;07:53:00;203;sem vítima;140,7;BR-116/SP;Pista Sul;Engavetamento;2;4;0;0;0;0;1
26/10/2011;08:18:00;235;sem vítima;160;BR-116/SP;Pista Sul;Choque em objeto na pista;1;3;0;0;0;0;1
26/10/2011;09:56:00;341;sem vítima;150,7;BR-116/SP;Pista Sul;Abalroamento longitudinal;1;2;0;0;0;0;1
26/10/2011;11:01:00;386;sem vítima;181,1;BR-116/RJ;Pista Norte;Abalroamento longitudinal;1;2;0;0;0;0;1
26/10/2011;11:04:00;388;sem vítima;143;BR-116/SP;Pista Norte;Engavetamento;1;2;0;0;0;0;1
26/10/2011;11:05:00;390;com vítima;267,59;BR-116/RJ;Pista Sul;Choque em defensa;1;0;1;0;0;0;1