data;horario;n_da_ocorrencia;tipo_de_ocorrencia;km;trecho;sentido;tipo_de_acidente;caminhao;ilesos;levemente_feridos;moderadamente_feridos;gravemente_feridos;mortos;3
15/11/2011;06:13:00;98;sem vítima;181,8;BR-116/SP;Pista Norte;Choque em defensa;1;1;0;0;0;0;1
15/11/2011;18:50:00;577;sem vítima;227,8;BR-116/RJ;Pista Norte;Choque em barreira New Jersey;1;1;0;0;0;0;1
15/11/2011;00:00:00;1;com vítima;286,9;BR-116/RJ;Pista Norte;Choque em barreira New Jersey;1;7;0;1;0;0;2
16/11/2011;14:29:00;442;com vítima;34,3;BR-116/SP;Pista Norte;Colisão traseira;1;1;0;0;1;0;2
16/11/2011;06:02:00;98;sem vítima;72;BR-116/SP;Pista Norte;Choque em objeto fixo;1;1;0;0;0;0;1
16/11/2011;06:16:00;104;sem vítima;128;BR-116/SP;Pista Norte;Colisão traseira;1;2;0;0;0;0;1
16/11/2011;22:40:00;717;sem vítima;139,8;BR-116/SP;Pista Norte;Outros;1;1;0;0;0;0;1
16/11/2011;22:38:00;715;sem vítima;158,3;BR-116/SP;Pista Norte;Colisão traseira;2;2;0;0;0;0;1
16/11/2011;09:30:00;268;sem vítima;163,6;BR-116/RJ;Pista Norte;Colisão traseira;1;2;0;0;0;0;1
16/11/2011;13:14:00;398;sem vítima;185;BR-116/RJ;Pista Norte;Engavetamento;1;4;0;0;0;0;1
16/11/2011;16:28:00;512;com vítima;229,2;BR-116/SP;Pista Sul;Abalroamento longitudinal;1;1;1;0;0;0;1
16/11/2011;18:06:00;573;sem vítima;244,5;BR-116/RJ;Pista Sul;Abalroamento longitudinal;1;4;0;0;0;0;1
17/11/2011;22:47:00;692;sem vítima;64,5;BR-116/SP;Pista Sul;Choque em defensa;1;2;0;0;0;0;1
17/11/2011;09:50:00;272;com vítima;137,6;BR-116/SP;Pista Norte;Engavetamento;4;11;0;0;1;0;2
17/11/2011;18:44:00;557;sem vítima;166,1;BR-116/RJ;Pista Sul;Abalroamento longitudinal;2;3;0;0;0;0;1
17/11/2011;20:35:00;629;sem vítima;168;BR-116/SP;Pista Norte;Choque em veículo parado na pista;1;3;0;0;0;0;1
17/11/2011;20:15:00;613;sem vítima;172,1;BR-116/RJ;Pista Sul;Colisão traseira;1;2;0;0;0;0;1
17/11/2011;11:12:00;316;sem vítima;172,3;BR-116/RJ;Pista Norte;Abalroamento longitudinal;1;2;0;0;0;0;1
17/11/2011;15:17:00;435;sem vítima;174;BR-116/RJ;Pista Sul;Colisão traseira;1;3;0;0;0;0;1
17/11/2011;16:27:00;471;sem vítima;174,4;BR-116/SP;Pista Sul;Abalroamento longitudinal;1;2;0;0;0;0;1
17/11/2011;08:50:00;226;sem vítima;200,7;BR-116/RJ;Pista Norte;Abalroamento longitudinal;2;2;0;0;0;0;1
17/11/2011;12:17:00;344;sem vítima;269;BR-116/RJ;Pista Norte;Abalroamento longitudinal;1;2;0;0;0;0;1
17/11/2011;00:32:00;9;sem vítima;286,2;BR-116/RJ;Pista Sul;Outros;1;1;0;0;0;0;1
17/11/2011;03:54:00;55;sem vítima;302,6;BR-116/RJ;Pista Norte;Tombamento;1;1;0;0;0;0;1
17/11/2011;18:22:00;542;com vítima;323,04;BR-116/RJ;Pista Norte;Colisão traseira;1;1;3;0;0;0;1
18/11/2011;03:35:00;59;sem vítima;45,7;BR-116/SP;Pista Sul;Colisão traseira;2;3;0;0;0;0;1
18/11/2011;08:55:00;243;com vítima;61,2;BR-116/SP;Pista Sul;Colisão traseira;1;1;1;0;0;0;1
18/11/2011;21:22:00;723;sem vítima;70,25;BR-116/SP;Pista Sul;Abalroamento longitudinal;1;3;0;0;0;0;1
18/11/2011;19:54:00;680;com vítima;72,39;BR-116/SP;Pista Norte;Choque em veículo parado na pista;1;1;2;0;1;0;2
18/11/2011;06:27:00;111;sem vítima;165,4;BR-116/RJ;Pista Norte;Colisão traseira;1;3;0;0;0;0;1
18/11/2011;15:21:00;491;sem vítima;173,1;BR-116/RJ;Pista Sul;Colisão traseira;1;3;0;0;0;0;1
18/11/2011;01:53:00;30;sem vítima;185,8;BR-116/RJ;Pista Norte;Colisão traseira;1;2;0;0;0;0;1
18/11/2011;16:54:00;554;com vítima;215,4;BR-116/SP;Pista Sul;Engavetamento;1;2;0;1;0;0;2
18/11/2011;07:16:00;156;sem vítima;223,8;BR-116/SP;Pista Sul;Engavetamento;1;3;0;0;0;0;1
18/11/2011;10:29:00;318;sem vítima;270,6;BR-116/RJ;Pista Sul;Colisão traseira;1;3;0;0;0;0;1
18/11/2011;21:42:00;733;com vítima;318,2;BR-116/RJ;Pista Norte;Colisão traseira;1;1;2;0;0;0;1
19/11/2011;02:25:00;47;com vítima;148,75;BR-116/SP;Pista Sul;Choque em barreira New Jersey;1;0;0;1;0;0;2
19/11/2011;19:26:00;598;sem vítima;149,3;BR-116/SP;Pista Norte;Abalroamento longitudinal;1;2;0;0;0;0;1
19/11/2011;05:40:00;98;sem vítima;158,8;BR-116/SP;Pista Norte;Abalroamento longitudinal;1;2;0;0;0;0;1
19/11/2011;10:46:00;301;sem vítima;165;BR-116/SP;Pista Sul;Colisão traseira;1;2;0;0;0;0;1
19/11/2011;05:18:00;94;com vítima;181,15;BR-116/RJ;Pista Sul;Atropelamento de pedestre caminhando;1;2;0;0;0;1;3
19/11/2011;07:46:00;172;sem vítima;182;BR-116/SP;Pista Norte;Colisão traseira;1;2;0;0;0;0;1
19/11/2011;09:45:00;259;sem vítima;224,4;BR-116/RJ;Pista Norte;Colisão traseira;2;2;0;0;0;0;1
19/11/2011;19:22:00;595;sem vítima;296,7;BR-116/RJ;Pista Sul;Abalroamento longitudinal;1;2;0;0;0;0;1
20/11/2011;19:06:00;506;sem vítima;64,3;BR-116/SP;Pista Sul;Colisão traseira;1;2;0;0;0;0;1
20/11/2011;02:57:00;50;sem vítima;147,8;BR-116/SP;Pista Sul;Tombamento;1;1;0;0;0;0;1
20/11/2011;17:10:00;424;sem vítima;217,95;BR-116/RJ;Pista Norte;Choque em barreira New Jersey;1;2;0;0;0;0;1
20/11/2011;03:58:00;61;com vítima;276,05;BR-116/RJ;Pista Norte;Choque em veículo parado na pista;1;1;1;0;0;0;1
21/11/2011;04:00:00;58;sem vítima;93,4;BR-116/SP;Pista Norte;Atropelamento de animal;1;1;0;0;0;0;1
21/11/2011;06:02:00;97;com vítima;134,5;BR-116/SP;Pista Sul;Abalroamento longitudinal;1;1;1;0;0;0;1
21/11/2011;16:41:00;513;sem vítima;140,3;BR-116/SP;Pista Sul;Colisão traseira;1;2;0;0;0;0;1
21/11/2011;18:03:00;580;com vítima;141,1;BR-116/SP;Pista Norte;Colisão traseira;1;1;0;1;0;0;2
21/11/2011;07:37:00;176;sem vítima;165;BR-116/SP;Pista Sul;Colisão traseira;2;2;0;0;0;0;1
21/11/2011;19:07:00;647;sem vítima;218,7;BR-116/SP;Pista Sul;Colisão traseira;1;4;0;0;0;0;1
21/11/2011;14:47:00;443;sem vítima;220;BR-116/SP;Pista Norte;Choque em barreira New Jersey;1;1;0;0;0;0;1
21/11/2011;05:59:00;95;sem vítima;229;BR-116/SP;Pista Sul;Choque em objeto na pista;1;5;0;0;0;0;1
21/11/2011;19:37:00;679;sem vítima;230,4;BR-116/SP;Pista Sul;Abalroamento longitudinal;1;2;0;0;0;0;1
22/11/2011;11:07:00;347;sem vítima;34,8;BR-116/SP;Pista Norte;Colisão traseira;1;2;0;0;0;0;1
22/11/2011;14:09:00;444;com vítima;132,5;BR-116/SP;Pista Sul;Colisão traseira;1;2;1;0;0;0;1
22/11/2011;05:18:00;79;com vítima;132,55;BR-116/SP;Pista Norte;Colisão traseira;2;1;0;1;0;0;2
22/11/2011;09:41:00;285;sem vítima;138,4;BR-116/SP;Pista Norte;Colisão traseira;2;2;0;0;0;0;1
22/11/2011;16:32:00;544;sem vítima;161;BR-116/SP;Pista Sul;Abalroamento longitudinal;1;2;0;0;0;0;1
22/11/2011;09:54:00;294;com vítima;167,25;BR-116/RJ;Pista Sul;Abalroamento longitudinal;2;0;0;0;2;0;2
22/11/2011;05:56:00;93;sem vítima;170;BR-116/RJ;Pista Norte;Abalroamento longitudinal;1;2;0;0;0;0;1
22/11/2011;04:53:00;75;com vítima;189;BR-116/SP;Pista Sul;Colisão traseira;2;1;1;0;0;0;1
22/11/2011;12:51:00;399;com vítima;208;BR-116/SP;Pista Sul;Choque em barreira New Jersey;2;2;1;0;0;0;1
22/11/2011;14:11:00;446;sem vítima;213,2;BR-116/SP;Pista Norte;Engavetamento;3;3;0;0;0;0;1
22/11/2011;10:36:00;325;sem vítima;217,4;BR-116/SP;Pista Norte;Engavetamento;2;4;0;0;0;0;1
22/11/2011;16:00:00;522;com vítima;226,5;BR-116/SP;Pista Norte;Colisão traseira;1;1;0;1;0;0;2
22/11/2011;16:32:00;543;sem vítima;301;BR-116/RJ;Pista Sul;Colisão traseira;2;3;0;0;0;0;1
22/11/2011;11:24:00;355;sem vítima;310,8;BR-116/RJ;Pista Norte;Outros;1;1;0;0;0;0;1
23/11/2011;18:00:00;561;sem vítima;146,9;BR-116/SP;Pista Norte;Abalroamento longitudinal;1;2;0;0;0;0;1
23/11/2011;07:32:00;138;sem vítima;162;BR-116/SP;Pista Sul;Abalroamento longitudinal;2;2;0;0;0;0;1
23/11/2011;06:48:00;109;sem vítima;165,3;BR-116/RJ;Pista Norte;Colisão traseira;1;2;0;0;0;0;1
23/11/2011;10:46:00;314;sem vítima;179,5;BR-116/RJ;Pista Norte;Colisão traseira;2;2;0;0;0;0;1
23/11/2011;23:23:00;728;sem vítima;210,8;BR-116/SP;Pista Norte;Colisão traseira;2;2;0;0;0;0;1
23/11/2011;15:36:00;484;sem vítima;226,7;BR-116/RJ;Pista Norte;Abalroamento longitudinal;1;2;0;0;0;0;1
23/11/2011;14:53:00;453;sem vítima;231;BR-116/SP;Pista Norte;Colisão traseira;1;2;0;0;0;0;1
24/11/2011;00:57:00;25;sem vítima;1;BR-116/SP;Pista Norte;Colisão traseira;2;2;0;0;0;0;1
24/11/2011;05:03:00;91;com vítima;29,38;BR-116/SP;Pista Norte;Colisão traseira;2;1;0;1;0;0;2
24/11/2011;16:07:00;553;sem vítima;63,2;BR-116/SP;Pista Norte;Colisão traseira;1;26;0;0;0;0;1
24/11/2011;09:33:00;283;sem vítima;118,5;BR-116/SP;Pista Sul;Colisão traseira;1;2;0;0;0;0;1
24/11/2011;10:43:00;337;sem vítima;143,5;BR-116/SP;Pista Sul;Abalroamento longitudinal;1;4;0;0;0;0;1
24/11/2011;00:35:00;16;sem vítima;182,5;BR-116/SP;Pista Norte;Choque em objeto fixo;1;2;0;0;0;0;1
24/11/2011;15:53:00;546;sem vítima;182,5;BR-116/SP;Pista Norte;Choque em objeto fixo;1;1;0;0;0;0;1
24/11/2011;11:17:00;354;com vítima;209,1;BR-116/RJ;Pista Sul;Atropelamento de pedestre atravessando;1;3;0;1;0;0;2
24/11/2011;04:25:00;86;com vítima;222,1;BR-116/RJ;Pista Norte;Tombamento;1;0;0;0;0;1;3
24/11/2011;05:01:00;90;sem vítima;258,5;BR-116/RJ;Pista Norte;Choque em objeto fixo;1;1;0;0;0;0;1
25/11/2011;15:15:00;497;sem vítima;84,1;BR-116/SP;Pista Norte;Abalroamento longitudinal;1;5;0;0;0;0;1
25/11/2011;21:46:00;759;sem vítima;134,68;BR-116/SP;Pista Sul;Outros;1;1;0;0;0;0;1
25/11/2011;15:42:00;509;com vítima;174,4;BR-116/RJ;Pista Norte;Abalroamento longitudinal;1;1;2;0;0;0;1
25/11/2011;15:30:00;505;sem vítima;195,8;BR-116/RJ;Pista Sul;Colisão traseira;1;3;0;0;0;0;1
25/11/2011;13:51:00;440;sem vítima;205,9;BR-116/RJ;Pista Sul;Abalroamento longitudinal;1;2;0;0;0;0;1
25/11/2011;08:43:00;231;sem vítima;210,9;BR-116/SP;Pista Sul;Abalroamento longitudinal;1;2;0;0;0;0;1
25/11/2011;04:35:00;86;sem vítima;223,2;BR-116/RJ;Pista Norte;Colisão traseira;2;2;0;0;0;0;1
25/11/2011;18:00:00;597;com vítima;228,4;BR-116/SP;Pista Norte;Colisão traseira;1;3;0;0;1;0;2
25/11/2011;10:55:00;325;sem vítima;228,4;BR-116/RJ;Pista Sul;Colisão traseira;1;6;0;0;0;0;1
25/11/2011;07:28:00;168;com vítima;298,6;BR-116/RJ;Pista Sul;Engavetamento;1;21;5;0;0;0;1
25/11/2011;05:47:00;107;sem vítima;298,65;BR-116/RJ;Pista Norte;Choque em defensa;1;1;0;0;0;0;1
26/11/2011;22:35:00;667;com vítima;165,85;BR-116/RJ;Pista Sul;Abalroamento longitudinal;1;2;1;0;0;0;1
26/11/2011;07:46:00;173;sem vítima;175,9;BR-116/RJ;Pista Norte;Colisão traseira;1;5;0;0;0;0;1
26/11/2011;08:49:00;212;sem vítima;198,8;BR-116/RJ;Pista Sul;Colisão traseira;1;3;0;0;0;0;1
26/11/2011;06:06:00;117;sem vítima;224,4;BR-116/RJ;Pista Norte;Colisão traseira;2;2;0;0;0;0;1
27/11/2011;14:08:00;304;sem vítima;177,6;BR-116/RJ;Pista Sul;Abalroamento longitudinal;1;2;0;0;0;0;1
27/11/2011;23:23:00;617;sem vítima;181,4;BR-116/RJ;Pista Sul;Choque em veículo parado na pista;1;6;0;0;0;0;1
27/11/2011;15:25:00;345;sem vítima;221,4;BR-116/SP;Pista Sul;Choque em barreira New Jersey;1;2;0;0;0;0;1
27/11/2011;23:52:00;626;com vítima;229,5;BR-116/SP;Pista Sul;Atropelamento de pedestre atravessando;1;3;1;0;0;1;3
27/11/2011;20:00:00;515;sem vítima;265,5;BR-116/RJ;Pista Norte;Choque em veículo parado na pista;1;3;0;0;0;0;1
27/11/2011;10:00:00;204;sem vítima;285;BR-116/RJ;Pista Sul;Abalroamento longitudinal;1;3;0;0;0;0;1
28/11/2011;23:51:00;756;com vítima;5,85;BR-116/SP;Pista Sul;Atropelamento de pedestre atravessando;1;1;0;0;0;1;3
28/11/2011;19:03:00;628;sem vítima;170,2;BR-116/SP;Pista Norte;Tombamento;1;1;0;0;0;0;1
28/11/2011;14:05:00;423;com vítima;173,3;BR-116/RJ;Pista Sul;Engavetamento;1;4;1;0;0;0;1
28/11/2011;07:03:00;119;sem vítima;204,4;BR-116/SP;Pista Norte;Colisão traseira;1;2;0;0;0;0;1
28/11/2011;18:19:00;592;sem vítima;204,5;BR-116/SP;Pista Sul;Colisão traseira;1;2;0;0;0;0;1
28/11/2011;11:30:00;353;com vítima;230;BR-116/SP;Pista Sul;Engavetamento;1;2;1;0;0;0;1
28/11/2011;11:52:00;362;com vítima;239;BR-116/RJ;Pista Sul;Abalroamento longitudinal;1;2;1;0;0;0;1
28/11/2011;14:24:00;432;com vítima;274,6;BR-116/RJ;Pista Sul;Tombamento;1;0;1;0;0;0;1
29/11/2011;11:12:00;344;sem vítima;128,8;BR-116/SP;Pista Sul;Colisão traseira;1;2;0;0;0;0;1
29/11/2011;22:43:00;805;sem vítima;150,4;BR-116/SP;Pista Sul;Tombamento;1;1;0;0;0;0;1
29/11/2011;08:58:00;242;sem vítima;168,3;BR-116/RJ;Pista Sul;Colisão traseira;1;3;0;0;0;0;1
29/11/2011;15:02:00;493;sem vítima;197,5;BR-116/SP;Pista Norte;Colisão traseira;1;5;0;0;0;0;1
29/11/2011;16:18:00;549;sem vítima;212,4;BR-116/SP;Pista Sul;Abalroamento longitudinal;1;39;0;0;0;0;1
29/11/2011;04:53:00;65;sem vítima;222,18;BR-116/RJ;Pista Sul;Choque em objeto fixo;1;3;0;0;0;0;1
29/11/2011;18:38:00;642;sem vítima;228,3;BR-116/SP;Pista Norte;Colisão traseira;1;2;0;0;0;0;1
29/11/2011;13:13:00;402;sem vítima;276,4;BR-116/RJ;Pista Sul;Abalroamento longitudinal;2;2;0;0;0;0;1
29/11/2011;10:40:00;328;sem vítima;285,1;BR-116/RJ;Pista Sul;Colisão traseira;1;3;0;0;0;0;1
29/11/2011;06:41:00;99;com vítima;291,6;BR-116/RJ;Pista Sul;Choque em veículo parado na pista;1;1;0;0;1;3;3
29/11/2011;11:39:00;363;sem vítima;319;BR-116/RJ;Pista Norte;Choque em objeto fixo;1;1;0;0;0;0;1
29/11/2011;12:59:00;397;sem vítima;319,3;BR-116/RJ;Pista Sul;Abalroamento longitudinal;1;5;0;0;0;0;1
30/11/2011;23:58:00;912;sem vítima;22,5;BR-116/SP;Pista Sul;Choque em defensa;1;2;0;0;0;0;1
30/11/2011;21:23:00;832;sem vítima;37,85;BR-116/SP;Pista Norte;Abalroamento longitudinal;2;3;0;0;0;0;1
30/11/2011;00:05:00;4;sem vítima;99,4;BR-116/SP;Pista Norte;Choque em objeto na pista;2;3;0;0;0;0;1
30/11/2011;15:15:00;533;sem vítima;117,95;BR-116/SP;Pista Norte;Colisão traseira;2;2;0;0;0;0;1
30/11/2011;20:35:00;790;sem vítima;134;BR-116/SP;Pista Sul;Abalroamento longitudinal;1;2;0;0;0;0;1
30/11/2011;11:38:00;386;sem vítima;164,7;BR-116/RJ;Pista Norte;Abalroamento longitudinal;2;3;0;0;0;0;1
30/11/2011;15:20:00;539;sem vítima;164,8;BR-116/RJ;Pista Norte;Abalroamento longitudinal;1;3;0;0;0;0;1
30/11/2011;18:06:00;665;sem vítima;165;BR-116/SP;Pista Norte;Choque em veículo parado na pista;1;2;0;0;0;0;1
30/11/2011;17:41:00;642;sem vítima;173,4;BR-116/RJ;Pista Sul;Abalroamento longitudinal;1;2;0;0;0;0;1
30/11/2011;08:44:00;249;sem vítima;175;BR-116/SP;Pista Sul;Engavetamento;2;3;0;0;0;0;1
30/11/2011;12:01:00;401;sem vítima;176;BR-116/SP;Pista Sul;Colisão traseira;1;33;0;0;0;0;1
30/11/2011;16:07:00;572;sem vítima;176,1;BR-116/RJ;Pista Sul;Abalroamento longitudinal;1;2;0;0;0;0;1
30/11/2011;11:12:00;369;sem vítima;178;BR-116/SP;Pista Sul;Abalroamento longitudinal;2;2;0;0;0;0;1
30/11/2011;15:11:00;530;sem vítima;196,8;BR-116/SP;Pista Norte;Colisão traseira;1;4;0;0;0;0;1
30/11/2011;01:49:00;35;com vítima;213,1;BR-116/RJ;Pista Norte;Tombamento;1;0;1;0;0;0;1
30/11/2011;12:35:00;424;com vítima;221;BR-116/SP;Pista Norte;Colisão traseira;2;2;1;0;0;0;1
30/11/2011;04:58:00;92;sem vítima;222,8;BR-116/RJ;Pista Norte;Choque em objeto fixo;1;1;0;0;0;0;1
30/11/2011;14:36:00;498;sem vítima;225,1;BR-116/RJ;Pista Sul;Colisão traseira;2;2;0;0;0;0;1
30/11/2011;17:17:00;618;sem vítima;230;BR-116/SP;Pista Sul;Colisão traseira;1;2;0;0;0;0;1
30/11/2011;04:45:00;91;sem vítima;257,4;BR-116/RJ;Pista Norte;Abalroamento longitudinal;1;2;0;0;0;0;1
30/11/2011;00:53:00;20;sem vítima;272,9;BR-116/RJ;Pista Norte;Outros;1;1;0;0;0;0;1
01/12/2011;18:36:00;690;sem vítima;95,9;BR-116/SP;Pista Sul;Choque em veículo parado na pista;1;4;0;0;0;0;1
01/12/2011;00:16:00;7;com vítima;108,5;BR-116/SP;Pista Norte;Abalroamento longitudinal;3;7;0;0;0;1;3
01/12/2011;11:46:00;349;sem vítima;109,7;BR-116/SP;Pista Norte;Abalroamento longitudinal;1;2;0;0;0;0;1
01/12/2011;01:20:00;28;com vítima;112,25;BR-116/SP;Pista Norte;Engavetamento;4;2;0;1;0;1;3
01/12/2011;22:27:00;823;sem vítima;113;BR-116/SP;Pista Norte;Colisão traseira;1;3;0;0;0;0;1
01/12/2011;02:59:00;50;com vítima;116,55;BR-116/SP;Pista Norte;Colisão traseira;2;1;0;0;0;1;3
01/12/2011;17:56:00;652;sem vítima;125;BR-116/SP;Pista Sul;Abalroamento longitudinal;1;3;0;0;0;0;1
01/12/2011;05:01:00;76;sem vítima;137,4;BR-116/SP;Pista Norte;Colisão traseira;1;2;0;0;0;0;1
01/12/2011;08:46:00;217;sem vítima;150;BR-116/SP;Pista Sul;Abalroamento longitudinal;1;2;0;0;0;0;1
01/12/2011;07:06:00;134;com vítima;162,9;BR-116/SP;Pista Sul;Choque em defensa;1;0;1;0;0;0;1
01/12/2011;19:01:00;711;com vítima;165,7;BR-116/RJ;Pista Sul;Abalroamento longitudinal;1;2;0;0;0;1;3
01/12/2011;21:20:00;791;sem vítima;172,7;BR-116/RJ;Pista Norte;Choque em objeto fixo;1;3;0;0;0;0;1
01/12/2011;23:31:00;853;sem vítima;175,7;BR-116/SP;Pista Norte;Choque em veículo parado na pista;2;2;0;0;0;0;1
01/12/2011;08:30:00;202;sem vítima;213,5;BR-116/RJ;Pista Sul;Choque em objeto na pista;1;2;0;0;0;0;1
01/12/2011;00:03:00;2;com vítima;222,1;BR-116/SP;Pista Sul;Choque em veículo parado na pista;1;2;1;0;0;0;1
01/12/2011;23:11:00;842;sem vítima;223,5;BR-116/SP;Pista Sul;Colisão traseira;1;2;0;0;0;0;1
01/12/2011;12:45:00;393;sem vítima;265;BR-116/RJ;Pista Norte;Abalroamento longitudinal;1;2;0;0;0;0;1
01/12/2011;13:50:00;429;sem vítima;269;BR-116/RJ;Pista Sul;Choque em objeto na pista;1;1;0;0;0;0;1
02/12/2011;23:02:00;820;sem vítima;22,25;BR-116/SP;Pista Sul;Choque em barreira New Jersey;1;1;0;0;0;0;1
02/12/2011;23:57:00;840;sem vítima;51,25;BR-116/SP;Pista Sul;Colisão frontal;2;2;0;0;0;0;1
02/12/2011;05:15:00;75;com vítima;57,1;BR-116/SP;Pista Norte;Colisão traseira;2;3;1;0;0;0;1
02/12/2011;14:32:00;502;sem vítima;106,2;BR-116/SP;Pista Norte;Colisão traseira;1;2;0;0;0;0;1
02/12/2011;06:55:00;127;sem vítima;166,3;BR-116/RJ;Pista Norte;Colisão traseira;1;2;0;0;0;0;1
02/12/2011;12:13:00;412;sem vítima;166,4;BR-116/RJ;Pista Sul;Colisão traseira;1;6;0;0;0;0;1
02/12/2011;14:52:00;517;com vítima;168,6;BR-116/RJ;Pista Sul;Engavetamento;3;2;0;0;1;0;2
02/12/2011;05:04:00;68;sem vítima;178,2;BR-116/RJ;Pista Norte;Abalroamento longitudinal;1;5;0;0;0;0;1
02/12/2011;10:45:00;345;sem vítima;183,2;BR-116/RJ;Pista Norte;Colisão traseira;1;2;0;0;0;0;1
02/12/2011;16:56:00;595;sem vítima;201,9;BR-116/RJ;Pista Sul;Abalroamento longitudinal;1;2;0;0;0;0;1
02/12/2011;10:56:00;356;com vítima;204;BR-116/SP;Pista Sul;Colisão traseira;2;3;1;0;0;0;1
02/12/2011;03:25:00;49;com vítima;208,5;BR-116/RJ;Pista Sul;Choque em objeto fixo;1;1;1;0;0;0;1
02/12/2011;10:49:00;349;sem vítima;220,1;BR-116/SP;Pista Norte;Abalroamento longitudinal;1;4;0;0;0;0;1
02/12/2011;13:09:00;458;sem vítima;226;BR-116/RJ;Pista Sul;Choque em objeto fixo;1;1;0;0;0;0;1
02/12/2011;05:42:00;89;sem vítima;227;BR-116/SP;Pista Norte;Colisão traseira;1;3;0;0;0;0;1
02/12/2011;21:09:00;767;sem vítima;255,22;BR-116/RJ;Pista Sul;Colisão traseira;2;2;0;0;0;0;1
02/12/2011;05:14:00;74;sem vítima;282,8;BR-116/RJ;Pista Norte;Abalroamento longitudinal;1;2;0;0;0;0;1
02/12/2011;05:34:00;85;sem vítima;302;BR-116/RJ;Pista Sul;Abalroamento longitudinal;1;2;0;0;0;0;1
03/12/2011;06:09:00;116;com vítima;11,6;BR-116/SP;Pista Norte;Capotamento;1;1;1;0;0;0;1
03/12/2011;01:07:00;30;com vítima;50,25;BR-116/SP;Pista Sul;Engavetamento;1;6;2;0;0;0;1
03/12/2011;02:11:00;52;sem vítima;83,25;BR-116/SP;Pista Norte;Choque em objeto fixo;1;1;0;0;0;0;1
03/12/2011;14:26:00;436;com vítima;107,5;BR-116/SP;Pista Norte;Abalroamento longitudinal;2;1;1;0;0;0;1
03/12/2011;00:53:00;26;com vítima;159,8;BR-116/SP;Pista Norte;Colisão traseira;1;1;0;0;0;1;3
03/12/2011;16:11:00;495;sem vítima;171,3;BR-116/RJ;Pista Norte;Abalroamento longitudinal;1;5;0;0;0;0;1
03/12/2011;22:30:00;711;sem vítima;174,3;BR-116/RJ;Pista Norte;Abalroamento longitudinal;1;2;0;0;0;0;1
03/12/2011;16:41:00;512;sem vítima;175,3;BR-116/RJ;Pista Norte;Abalroamento longitudinal;1;2;0;0;0;0;1
03/12/2011;11:10:00;322;sem vítima;176,9;BR-116/SP;Pista Sul;Abalroamento longitudinal;1;4;0;0;0;0;1
03/12/2011;17:49:00;563;sem vítima;180;BR-116/RJ;Pista Sul;Abalroamento longitudinal;1;2;0;0;0;0;1
03/12/2011;17:14:00;536;sem vítima;183;BR-116/RJ;Pista Sul;Choque em barreira New Jersey;1;1;0;0;0;0;1
03/12/2011;09:05:00;222;sem vítima;218,7;BR-116/SP;Pista Sul;Colisão traseira;1;2;0;0;0;0;1
03/12/2011;07:39:00;166;sem vítima;277,05;BR-116/RJ;Pista Sul;Engavetamento;1;4;0;0;0;0;1
04/12/2011;10:25:00;211;sem vítima;64,4;BR-116/SP;Pista Sul;Colisão traseira;1;2;0;0;0;0;1
04/12/2011;13:58:00;302;com vítima;78,63;BR-116/SP;Pista Sul;Colisão traseira;1;30;1;0;0;0;1
04/12/2011;11:50:00;253;sem vítima;161,7;BR-116/SP;Pista Norte;Abalroamento longitudinal;1;4;0;0;0;0;1
04/12/2011;20:15:00;547;com vítima;171,7;BR-116/RJ;Pista Sul;Abalroamento longitudinal;1;1;1;0;0;0;1
04/12/2011;22:39:00;610;sem vítima;203,1;BR-116/RJ;Pista Norte;Choque em veículo parado na pista;2;2;0;0;0;0;1
04/12/2011;02:48:00;40;com vítima;220,1;BR-116/RJ;Pista Sul;Capotamento;1;0;0;0;1;0;2
04/12/2011;14:57:00;327;sem vítima;224,7;BR-116/RJ;Pista Norte;Outros;1;1;0;0;0;0;1
04/12/2011;17:41:00;446;sem vítima;278,75;BR-116/RJ;Pista Norte;Abalroamento longitudinal;1;2;0;0;0;0;1
05/12/2011;18:13:00;580;sem vítima;119,6;BR-116/SP;Pista Norte;Engavetamento;1;7;0;0;0;0;1
05/12/2011;17:31:00;546;com vítima;148,3;BR-116/SP;Pista Norte;Engavetamento;1;4;1;0;0;0;1
05/12/2011;20:34:00;664;sem vítima;152;BR-116/SP;Pista Norte;Choque em objeto na pista;1;2;0;0;0;0;1
05/12/2011;07:38:00;164;sem vítima;175,65;BR-116/RJ;Pista Norte;Colisão traseira;1;2;0;0;0;0;1
05/12/2011;08:36:00;217;sem vítima;187,3;BR-116/SP;Pista Sul;Colisão traseira;1;5;0;0;0;0;1
05/12/2011;19:02:00;599;sem vítima;227,9;BR-116/SP;Pista Norte;Abalroamento longitudinal;1;2;0;0;0;0;1
05/12/2011;21:27:00;697;com vítima;266,2;BR-116/RJ;Pista Norte;Queda de ribanceira;1;0;0;0;0;1;3
05/12/2011;22:31:00;718;sem vítima;266,2;BR-116/RJ;Pista Norte;Choque em veículo parado na pista;2;2;0;0;0;0;1
05/12/2011;08:10:00;193;com vítima;271,25;BR-116/RJ;Pista Sul;Atropelamento de pedestre atravessando;1;1;0;0;0;1;3
05/12/2011;16:42:00;512;sem vítima;281;BR-116/RJ;Pista Sul;Outros;1;1;0;0;0;0;1
06/12/2011;00:36:00;12;sem vítima;24,6;BR-116/SP;Pista Sul;Colisão traseira;2;4;0;0;0;0;1
06/12/2011;13:59:00;415;sem vítima;145,5;BR-116/SP;Pista Sul;Abalroamento longitudinal;1;2;0;0;0;0;1
06/12/2011;21:07:00;676;sem vítima;173,8;BR-116/RJ;Pista Sul;Abalroamento longitudinal;1;2;0;0;0;0;1