data;horario;n_da_ocorrencia;tipo_de_ocorrencia;km;trecho;sentido;tipo_de_acidente;caminhao;ilesos;levemente_feridos;moderadamente_feridos;gravemente_feridos;mortos;3
06/12/2011;14:47:00;457;sem vítima;182,8;BR-116/RJ;Pista Sul;Abalroamento longitudinal;1;2;0;0;0;0;1
06/12/2011;15:24:00;472;sem vítima;182,8;BR-116/RJ;Pista Sul;Abalroamento longitudinal;1;2;0;0;0;0;1
06/12/2011;08:54:00;231;sem vítima;193;BR-116/RJ;Pista Norte;Abalroamento longitudinal;1;2;0;0;0;0;1
06/12/2011;10:39:00;303;sem vítima;200;BR-116/SP;Pista Norte;Abalroamento longitudinal;2;4;0;0;0;0;1
06/12/2011;16:19:00;497;sem vítima;201,7;BR-116/RJ;Pista Sul;Engavetamento;2;3;0;0;0;0;1
06/12/2011;21:21:00;688;sem vítima;204;BR-116/SP;Pista Norte;Abalroamento longitudinal;2;2;0;0;0;0;1
06/12/2011;17:07:00;529;sem vítima;221,3;BR-116/SP;Pista Norte;Colisão traseira;1;5;0;0;0;0;1
06/12/2011;07:12:00;131;sem vítima;230;BR-116/SP;Pista Sul;Abalroamento longitudinal;2;2;0;0;0;0;1
07/12/2011;21:22:00;772;com vítima;46,1;BR-116/SP;Pista Sul;Colisão traseira;2;1;0;0;1;0;2
07/12/2011;08:45:00;236;sem vítima;66,2;BR-116/SP;Pista Norte;Colisão traseira;2;2;0;0;0;0;1
07/12/2011;04:32:00;71;sem vítima;122,2;BR-116/SP;Pista Norte;Abalroamento longitudinal;2;2;0;0;0;0;1
07/12/2011;06:54:00;123;sem vítima;122,2;BR-116/SP;Pista Sul;Engavetamento;1;4;0;0;0;0;1
07/12/2011;19:31:00;700;sem vítima;146,2;BR-116/SP;Pista Sul;Abalroamento longitudinal;2;3;0;0;0;0;1
07/12/2011;08:07:00;190;sem vítima;168,4;BR-116/RJ;Pista Sul;Abalroamento longitudinal;1;2;0;0;0;0;1
07/12/2011;19:38:00;704;sem vítima;175;BR-116/RJ;Pista Norte;Abalroamento longitudinal;1;2;0;0;0;0;1
07/12/2011;17:30:00;598;sem vítima;186,8;BR-116/SP;Pista Norte;Choque em objeto fixo;1;1;0;0;0;0;1
07/12/2011;14:43:00;490;sem vítima;210;BR-116/SP;Pista Norte;Choque em veículo parado na pista;1;2;0;0;0;0;1
07/12/2011;15:21:00;514;sem vítima;214,78;BR-116/SP;Pista Norte;Colisão traseira;1;2;0;0;0;0;1
07/12/2011;20:18:00;727;sem vítima;215,4;BR-116/SP;Pista Norte;Abalroamento longitudinal;1;3;0;0;0;0;1
07/12/2011;15:52:00;524;sem vítima;215,7;BR-116/RJ;Pista Norte;Colisão traseira;1;2;0;0;0;0;1
07/12/2011;12:16:00;404;sem vítima;219,1;BR-116/RJ;Pista Norte;Outros;1;2;0;0;0;0;1
07/12/2011;01:42:00;35;sem vítima;220,3;BR-116/SP;Pista Norte;Choque em veículo parado na pista;1;2;0;0;0;0;1
07/12/2011;13:19:00;444;com vítima;224,05;BR-116/RJ;Pista Norte;Tombamento;1;0;0;1;0;0;2
07/12/2011;18:14:00;637;sem vítima;224,8;BR-116/SP;Pista Norte;Colisão traseira;1;3;0;0;0;0;1
07/12/2011;14:17:00;480;com vítima;286,4;BR-116/RJ;Pista Sul;Colisão traseira;1;1;1;0;0;0;1
07/12/2011;00:09:00;2;com vítima;294;BR-116/RJ;Pista Sul;Colisão traseira;2;1;1;0;0;0;1
08/12/2011;16:14:00;539;com vítima;22,1;BR-116/SP;Pista Sul;Tombamento;1;0;1;0;0;0;1
08/12/2011;14:16:00;459;sem vítima;39,5;BR-116/SP;Pista Norte;Choque em objeto na pista;1;3;0;0;0;0;1
08/12/2011;17:45:00;613;sem vítima;65,7;BR-116/SP;Pista Sul;Abalroamento longitudinal;1;3;0;0;0;0;1
08/12/2011;03:43:00;58;com vítima;120,6;BR-116/SP;Pista Sul;Choque em veículo parado na pista;2;3;1;0;0;0;1
08/12/2011;16:09:00;531;sem vítima;136,3;BR-116/SP;Pista Norte;Outros;1;1;0;0;0;0;1
08/12/2011;17:17:00;581;sem vítima;137,9;BR-116/SP;Pista Norte;Colisão traseira;2;2;0;0;0;0;1
08/12/2011;15:47:00;517;sem vítima;139,5;BR-116/SP;Pista Sul;Tombamento;1;1;0;0;0;0;1
08/12/2011;04:10:00;62;com vítima;173,9;BR-116/SP;Pista Sul;Colisão traseira;2;1;0;1;0;0;2
08/12/2011;21:01:00;749;sem vítima;175,4;BR-116/RJ;Pista Sul;Abalroamento longitudinal;1;2;0;0;0;0;1
08/12/2011;16:30:00;552;sem vítima;191,9;BR-116/RJ;Pista Norte;Colisão traseira;1;2;0;0;0;0;1
08/12/2011;02:45:00;45;com vítima;216,6;BR-116/RJ;Pista Norte;Abalroamento longitudinal;2;1;1;0;0;0;1
08/12/2011;09:42:00;272;sem vítima;220;BR-116/SP;Pista Norte;Choque em objeto na pista;2;2;0;0;0;0;1
08/12/2011;22:03:00;788;sem vítima;221,4;BR-116/RJ;Pista Sul;Choque em objeto fixo;1;1;0;0;0;0;1
08/12/2011;06:11:00;94;com vítima;223,9;BR-116/SP;Pista Sul;Colisão traseira;1;3;1;1;0;0;2
08/12/2011;07:31:00;153;sem vítima;298,9;BR-116/RJ;Pista Norte;Abalroamento longitudinal;2;2;0;0;0;0;1
08/12/2011;20:47:00;739;sem vítima;315,25;BR-116/RJ;Pista Sul;Abalroamento longitudinal;1;3;0;0;0;0;1
08/12/2011;07:24:00;147;sem vítima;316,11;BR-116/RJ;Pista Norte;Abalroamento longitudinal;1;2;0;0;0;0;1
09/12/2011;11:14:00;322;com vítima;30,85;BR-116/SP;Pista Sul;Choque em barreira New Jersey;1;0;2;1;0;0;2
09/12/2011;13:45:00;409;com vítima;36,75;BR-116/SP;Pista Sul;Choque em defensa;1;5;1;0;0;0;1
09/12/2011;09:12:00;238;sem vítima;51,2;BR-116/SP;Pista Sul;Abalroamento longitudinal;1;2;0;0;0;0;1
09/12/2011;02:54:00;50;com vítima;64,3;BR-116/SP;Pista Sul;Tombamento;1;0;1;0;0;0;1
09/12/2011;19:41:00;648;sem vítima;111,05;BR-116/SP;Pista Sul;Abalroamento longitudinal;1;2;0;0;0;0;1
09/12/2011;12:07:00;355;sem vítima;136;BR-116/SP;Pista Sul;Choque em barreira New Jersey;1;1;0;0;0;0;1
09/12/2011;11:11:00;319;sem vítima;138;BR-116/SP;Pista Sul;Choque em objeto fixo;2;2;0;0;0;0;1
09/12/2011;22:31:00;749;sem vítima;159;BR-116/SP;Pista Norte;Abalroamento longitudinal;2;3;0;0;0;0;1
09/12/2011;06:49:00;134;sem vítima;163,15;BR-116/SP;Pista Norte;Abalroamento longitudinal;1;3;0;0;0;0;1
09/12/2011;07:15:00;157;sem vítima;163,9;BR-116/RJ;Pista Norte;Abalroamento longitudinal;1;2;0;0;0;0;1
09/12/2011;15:28:00;475;sem vítima;194,9;BR-116/RJ;Pista Norte;Choque em defensa;1;2;0;0;0;0;1
09/12/2011;19:26:00;634;sem vítima;196,1;BR-116/RJ;Pista Sul;Choque em defensa;1;3;0;0;0;0;1
09/12/2011;10:20:00;277;com vítima;200,1;BR-116/SP;Pista Sul;Colisão traseira;2;1;0;1;0;0;2
09/12/2011;10:24:00;279;sem vítima;215,8;BR-116/RJ;Pista Norte;Choque em veículo parado na pista;2;2;0;0;0;0;1
09/12/2011;20:05:00;668;sem vítima;217,8;BR-116/SP;Pista Norte;Engavetamento;1;3;0;0;0;0;1
09/12/2011;15:34:00;477;sem vítima;227,95;BR-116/RJ;Pista Norte;Choque em objeto fixo;1;1;0;0;0;0;1
09/12/2011;09:54:00;260;sem vítima;231;BR-116/SP;Pista Norte;Abalroamento longitudinal;1;2;0;0;0;0;1
09/12/2011;06:21:00;114;com vítima;261,4;BR-116/RJ;Pista Norte;Tombamento;1;0;1;0;0;0;1
09/12/2011;01:51:00;32;sem vítima;266,3;BR-116/RJ;Pista Norte;Colisão traseira;2;2;0;0;0;0;1
09/12/2011;08:11:00;192;com vítima;273;BR-116/RJ;Pista Sul;Abalroamento longitudinal;1;0;1;1;0;0;2
09/12/2011;13:29:00;399;com vítima;278,8;BR-116/RJ;Pista Sul;Choque em barreira New Jersey;1;0;1;0;0;0;1
09/12/2011;18:59:00;619;sem vítima;294,7;BR-116/RJ;Pista Sul;Colisão traseira;2;2;0;0;0;0;1
09/12/2011;16:11:00;502;sem vítima;318,1;BR-116/RJ;Pista Norte;Abalroamento longitudinal;1;8;0;0;0;0;1
10/12/2011;01:10:00;28;com vítima;31,1;BR-116/SP;Pista Sul;Colisão traseira;2;1;1;1;0;0;2
10/12/2011;03:52:00;81;sem vítima;106,8;BR-116/SP;Pista Sul;Choque em defensa;1;1;0;0;0;0;1
10/12/2011;19:30:00;595;sem vítima;111,95;BR-116/SP;Pista Sul;Colisão traseira;1;46;0;0;0;0;1
10/12/2011;00:06:00;4;com vítima;126;BR-116/SP;Pista Norte;Engavetamento;3;6;1;1;0;0;2
10/12/2011;11:54:00;316;sem vítima;153,8;BR-116/SP;Pista Sul;Choque em objeto fixo;1;2;0;0;0;0;1
10/12/2011;01:52:00;46;com vítima;167;BR-116/RJ;Pista Norte;Engavetamento;2;2;0;2;0;0;2
10/12/2011;15:07:00;433;sem vítima;175,2;BR-116/RJ;Pista Norte;Colisão traseira;1;2;0;0;0;0;1
10/12/2011;16:13:00;473;com vítima;177,4;BR-116/RJ;Pista Sul;Abalroamento longitudinal;1;1;1;0;0;0;1
10/12/2011;00:38:00;17;sem vítima;186,6;BR-116/SP;Pista Norte;Abalroamento longitudinal;1;6;0;0;0;0;1
10/12/2011;09:27:00;236;com vítima;207;BR-116/RJ;Pista Sul;Colisão traseira;2;1;1;1;0;0;2
10/12/2011;02:01:00;48;sem vítima;212,3;BR-116/SP;Pista Norte;Colisão traseira;1;3;0;0;0;0;1
10/12/2011;04:33:00;90;sem vítima;228,95;BR-116/RJ;Pista Sul;Choque em barreira New Jersey;1;1;0;0;0;0;1
10/12/2011;10:41:00;271;com vítima;288,45;BR-116/RJ;Pista Norte;Colisão traseira;2;1;1;0;0;0;1
10/12/2011;14:55:00;423;sem vítima;297;BR-116/RJ;Pista Norte;Abalroamento longitudinal;1;2;0;0;0;0;1
10/12/2011;09:52:00;251;sem vítima;323;BR-116/RJ;Pista Norte;Abalroamento longitudinal;1;2;0;0;0;0;1
11/12/2011;23:19:00;750;com vítima;50,2;BR-116/SP;Pista Sul;Colisão traseira;1;1;0;1;0;0;2
11/12/2011;16:40:00;473;com vítima;53,5;BR-116/SP;Pista Norte;Engavetamento;1;7;0;2;0;0;2
11/12/2011;18:19:00;542;com vítima;165;BR-116/RJ;Pista Sul;Engavetamento;2;7;1;0;0;0;1
11/12/2011;21:20:00;679;sem vítima;165,2;BR-116/SP;Pista Sul;Choque em veículo parado na pista;2;4;0;0;0;0;1
11/12/2011;19:05:00;582;sem vítima;166,8;BR-116/RJ;Pista Sul;Abalroamento longitudinal;1;2;0;0;0;0;1
11/12/2011;05:00:00;92;sem vítima;230,2;BR-116/SP;Pista Norte;Abalroamento longitudinal;1;3;0;0;0;0;1
12/12/2011;02:04:00;35;com vítima;41,75;BR-116/SP;Pista Sul;Colisão traseira;2;1;1;0;1;0;2
12/12/2011;11:44:00;378;sem vítima;179,4;BR-116/RJ;Pista Norte;Colisão traseira;1;2;0;0;0;0;1
12/12/2011;09:51:00;302;sem vítima;186;BR-116/RJ;Pista Sul;Abalroamento longitudinal;1;2;0;0;0;0;1
12/12/2011;09:15:00;269;sem vítima;208;BR-116/RJ;Pista Norte;Colisão traseira;1;3;0;0;0;0;1
12/12/2011;14:39:00;476;sem vítima;215,6;BR-116/SP;Pista Norte;Engavetamento;3;3;0;0;0;0;1
12/12/2011;18:45:00;649;sem vítima;220,6;BR-116/RJ;Pista Norte;Abalroamento longitudinal;1;3;0;0;0;0;1
12/12/2011;17:01:00;573;com vítima;221,4;BR-116/SP;Pista Norte;Abalroamento longitudinal;1;3;1;0;0;0;1
12/12/2011;15:36:00;516;sem vítima;223,25;BR-116/SP;Pista Norte;Abalroamento longitudinal;1;3;0;0;0;0;1
12/12/2011;16:48:00;561;com vítima;224,2;BR-116/SP;Pista Norte;Abalroamento longitudinal;1;2;1;0;0;0;1
12/12/2011;20:30:00;749;sem vítima;226,7;BR-116/SP;Pista Norte;Abalroamento longitudinal;1;2;0;0;0;0;1
12/12/2011;16:08:00;537;sem vítima;231;BR-116/SP;Pista Norte;Abalroamento longitudinal;1;2;0;0;0;0;1
12/12/2011;21:39:00;793;sem vítima;281,8;BR-116/RJ;Pista Norte;Choque em objeto na pista;1;3;0;0;0;0;1
12/12/2011;11:31:00;371;sem vítima;301;BR-116/RJ;Pista Sul;Colisão traseira;2;2;0;0;0;0;1
13/12/2011;19:13:00;678;sem vítima;12,7;BR-116/SP;Pista Sul;Choque em objeto na pista;1;1;0;0;0;0;1
13/12/2011;16:00:00;514;sem vítima;31,1;BR-116/SP;Pista Norte;Choque em defensa;1;1;0;0;0;0;1
13/12/2011;03:07:00;62;com vítima;39,05;BR-116/SP;Pista Norte;Atropelamento de pedestre atravessando;1;1;0;1;0;0;2
13/12/2011;23:38:00;844;com vítima;62,65;BR-116/SP;Pista Sul;Colisão traseira;2;0;1;1;0;0;2
13/12/2011;00:22:00;11;com vítima;69,88;BR-116/SP;Pista Norte;Colisão traseira;1;1;0;0;0;1;3
13/12/2011;15:24:00;498;sem vítima;115,3;BR-116/SP;Pista Sul;Abalroamento longitudinal;1;2;0;0;0;0;1
13/12/2011;14:37:00;471;sem vítima;116,1;BR-116/SP;Pista Norte;Colisão traseira;2;2;0;0;0;0;1
13/12/2011;08:19:00;234;sem vítima;123,5;BR-116/SP;Pista Norte;Choque em objeto na pista;2;2;0;0;0;0;1
13/12/2011;23:00:00;826;sem vítima;154,25;BR-116/SP;Pista Sul;Abalroamento longitudinal;1;2;0;0;0;0;1
13/12/2011;13:50:00;439;sem vítima;159,2;BR-116/SP;Pista Sul;Engavetamento;3;4;0;0;0;0;1
13/12/2011;07:36:00;188;com vítima;165,45;BR-116/RJ;Pista Norte;Engavetamento;1;2;1;0;0;0;1
13/12/2011;21:16:00;773;sem vítima;175,1;BR-116/RJ;Pista Sul;Colisão traseira;1;2;0;0;0;0;1
13/12/2011;07:23:00;172;com vítima;175,7;BR-116/SP;Pista Sul;Atropelamento de pedestre atravessando;1;1;0;0;1;0;2
13/12/2011;03:46:00;70;sem vítima;184;BR-116/SP;Pista Sul;Abalroamento longitudinal;1;3;0;0;0;0;1
13/12/2011;15:40:00;504;sem vítima;190,09;BR-116/RJ;Pista Norte;Abalroamento longitudinal;1;3;0;0;0;0;1
13/12/2011;08:29:00;245;sem vítima;198,9;BR-116/RJ;Pista Norte;Abalroamento longitudinal;2;2;0;0;0;0;1
13/12/2011;13:17:00;418;com vítima;203,8;BR-116/RJ;Pista Norte;Choque em defensa;1;0;1;0;0;0;1
13/12/2011;20:30:00;746;com vítima;217,8;BR-116/SP;Pista Norte;Engavetamento;1;2;1;0;0;0;1
13/12/2011;19:27:00;698;sem vítima;221,5;BR-116/SP;Pista Norte;Abalroamento longitudinal;1;2;0;0;0;0;1
13/12/2011;12:22:00;387;com vítima;223,35;BR-116/RJ;Pista Norte;Engavetamento;3;7;1;0;0;0;1
13/12/2011;16:27:00;533;sem vítima;223,4;BR-116/RJ;Pista Sul;Colisão frontal;2;2;0;0;0;0;1
13/12/2011;13:45:00;438;sem vítima;264,5;BR-116/RJ;Pista Sul;Choque em veículo parado na pista;1;2;0;0;0;0;1
13/12/2011;07:18:00;165;com vítima;279,2;BR-116/RJ;Pista Sul;Colisão traseira;1;1;1;0;0;0;1
13/12/2011;07:40:00;198;sem vítima;301,065;BR-116/RJ;Pista Norte;Abalroamento longitudinal;1;2;0;0;0;0;1
13/12/2011;21:49:00;788;sem vítima;330;BR-116/RJ;Pista Norte;Abalroamento longitudinal;2;2;0;0;0;0;1
14/12/2011;04:53:00;86;sem vítima;2,3;BR-116/SP;Pista Norte;Tombamento;1;1;0;0;0;0;1
14/12/2011;06:26:00;131;sem vítima;23,4;BR-116/SP;Pista Norte;Choque em objeto fixo;1;1;0;0;0;0;1
14/12/2011;12:34:00;422;sem vítima;64;BR-116/SP;Pista Sul;Abalroamento longitudinal;1;3;0;0;0;0;1
14/12/2011;08:15:00;235;sem vítima;76,8;BR-116/SP;Pista Norte;Colisão traseira;2;2;0;0;0;0;1
14/12/2011;05:27:00;103;com vítima;88,7;BR-116/SP;Pista Sul;Colisão traseira;2;1;1;0;0;0;1
14/12/2011;05:31:00;108;sem vítima;88,7;BR-116/SP;Pista Sul;Choque em objeto na pista;1;7;0;0;0;0;1
14/12/2011;09:46:00;317;sem vítima;134,9;BR-116/SP;Pista Sul;Abalroamento longitudinal;1;3;0;0;0;0;1
14/12/2011;18:31:00;674;sem vítima;154;BR-116/SP;Pista Norte;Colisão traseira;1;2;0;0;0;0;1
14/12/2011;01:03:00;33;com vítima;156,8;BR-116/SP;Pista Norte;Colisão traseira;2;1;1;0;0;0;1
14/12/2011;16:20:00;588;sem vítima;160,6;BR-116/SP;Pista Norte;Queda de ribanceira;1;3;0;0;0;0;1
14/12/2011;06:12:00;125;sem vítima;165;BR-116/SP;Pista Sul;Abalroamento longitudinal;1;3;0;0;0;0;1
14/12/2011;14:36:00;506;com vítima;201,2;BR-116/RJ;Pista Sul;Colisão traseira;1;1;0;1;0;0;2
14/12/2011;12:02:00;406;sem vítima;206,9;BR-116/RJ;Pista Sul;Choque em objeto na pista;1;2;0;0;0;0;1
14/12/2011;15:49:00;563;com vítima;235,6;BR-116/RJ;Pista Sul;Colisão traseira;1;1;1;0;0;0;1
14/12/2011;15:44:00;561;sem vítima;235,8;BR-116/RJ;Pista Sul;Outros;1;1;0;0;0;0;1
14/12/2011;05:50:00;117;sem vítima;262,4;BR-116/RJ;Pista Norte;Abalroamento longitudinal;1;31;0;0;0;0;1
15/12/2011;11:05:00;350;sem vítima;22,4;BR-116/SP;Pista Sul;Choque em barreira New Jersey;1;1;0;0;0;0;1
15/12/2011;10:50:00;340;com vítima;27,7;BR-116/SP;Pista Norte;Abalroamento longitudinal;1;1;1;0;0;0;1
15/12/2011;10:38:00;336;sem vítima;35;BR-116/SP;Pista Norte;Abalroamento longitudinal;2;2;0;0;0;0;1
15/12/2011;14:40:00;468;sem vítima;59,8;BR-116/SP;Pista Sul;Colisão traseira;1;5;0;0;0;0;1
15/12/2011;01:18:00;33;sem vítima;63;BR-116/SP;Pista Sul;Colisão traseira;1;2;0;0;0;0;1
15/12/2011;02:46:00;60;com vítima;84,9;BR-116/SP;Pista Sul;Colisão traseira;2;1;1;0;0;0;1
15/12/2011;18:26:00;617;sem vítima;138,8;BR-116/SP;Pista Sul;Colisão traseira;2;2;0;0;0;0;1
15/12/2011;18:33:00;623;sem vítima;146,8;BR-116/SP;Pista Norte;Engavetamento;1;5;0;0;0;0;1
15/12/2011;19:11:00;657;sem vítima;168,3;BR-116/RJ;Pista Sul;Choque em objeto fixo;1;1;0;0;0;0;1
15/12/2011;20:16:00;697;sem vítima;168,3;BR-116/RJ;Pista Sul;Abalroamento longitudinal;1;5;0;0;0;0;1
15/12/2011;20:50:00;718;sem vítima;170,8;BR-116/RJ;Pista Sul;Engavetamento;2;3;0;0;0;0;1
15/12/2011;18:39:00;631;sem vítima;176,6;BR-116/RJ;Pista Norte;Colisão traseira;1;2;0;0;0;0;1
15/12/2011;14:18:00;453;sem vítima;180;BR-116/SP;Pista Sul;Colisão traseira;2;2;0;0;0;0;1
15/12/2011;15:22:00;494;sem vítima;204;BR-116/SP;Pista Norte;Colisão traseira;2;2;0;0;0;0;1
15/12/2011;19:27:00;673;sem vítima;204;BR-116/SP;Pista Sul;Abalroamento longitudinal;1;3;0;0;0;0;1
15/12/2011;17:45:00;590;com vítima;210,6;BR-116/SP;Pista Sul;Colisão traseira;1;2;1;1;0;0;2
15/12/2011;22:43:00;788;sem vítima;219,2;BR-116/SP;Pista Sul;Colisão traseira;1;2;0;0;0;0;1
15/12/2011;01:30:00;36;sem vítima;223,8;BR-116/SP;Pista Norte;Engavetamento;1;5;0;0;0;0;1
15/12/2011;09:23:00;283;com vítima;242;BR-116/RJ;Pista Sul;Choque em barreira New Jersey;1;1;1;0;0;0;1
15/12/2011;14:48:00;476;sem vítima;279,6;BR-116/RJ;Pista Sul;Choque em barreira New Jersey;1;1;0;0;0;0;1
15/12/2011;20:37:00;708;sem vítima;301,6;BR-116/RJ;Pista Sul;Abalroamento longitudinal;1;4;0;0;0;0;1
15/12/2011;23:55:00;826;sem vítima;318,9;BR-116/RJ;Pista Sul;Choque em veículo parado na pista;1;3;0;0;0;0;1
16/12/2011;09:38:00;345;sem vítima;113;BR-116/SP;Pista Sul;Abalroamento longitudinal;1;2;0;0;0;0;1
16/12/2011;11:49:00;446;com vítima;144,4;BR-116/SP;Pista Norte;Capotamento;1;0;0;1;0;0;2
16/12/2011;21:03:00;868;com vítima;146,5;BR-116/SP;Pista Norte;Engavetamento;3;3;1;0;0;0;1
16/12/2011;05:36:00;119;sem vítima;167;BR-116/RJ;Pista Norte;Engavetamento;1;42;0;0;0;0;1
16/12/2011;13:39:00;521;sem vítima;170;BR-116/SP;Pista Sul;Outros;2;2;0;0;0;0;1
16/12/2011;15:15:00;581;sem vítima;173,4;BR-116/RJ;Pista Sul;Abalroamento longitudinal;1;2;0;0;0;0;1
16/12/2011;11:29:00;426;sem vítima;175,5;BR-116/RJ;Pista Norte;Abalroamento longitudinal;1;2;0;0;0;0;1
16/12/2011;04:38:00;96;com vítima;181,8;BR-116/SP;Pista Norte;Choque em defensa;1;0;1;0;0;0;1
16/12/2011;20:41:00;855;sem vítima;181,9;BR-116/RJ;Pista Sul;Choque em objeto fixo;1;1;0;0;0;0;1
16/12/2011;08:24:00;276;com vítima;184,9;BR-116/RJ;Pista Norte;Colisão traseira;1;1;0;1;0;0;2
16/12/2011;18:10:00;725;sem vítima;207;BR-116/RJ;Pista Norte;Abalroamento longitudinal;1;2;0;0;0;0;1
16/12/2011;19:33:00;795;com vítima;219,2;BR-116/SP;Pista Norte;Colisão traseira;1;1;1;0;0;0;1
16/12/2011;22:14:00;917;com vítima;223,3;BR-116/SP;Pista Norte;Engavetamento;1;3;2;0;0;0;1
16/12/2011;12:26:00;478;sem vítima;226;BR-116/SP;Pista Sul;Colisão traseira;2;2;0;0;0;0;1
16/12/2011;05:08:00;103;sem vítima;229,6;BR-116/SP;Pista Sul;Abalroamento longitudinal;1;4;0;0;0;0;1
16/12/2011;07:14:00;191;sem vítima;241;BR-116/RJ;Pista Norte;Choque Talude;1;1;0;0;0;0;1
16/12/2011;16:17:00;620;sem vítima;286,2;BR-116/RJ;Pista Sul;Colisão traseira;1;13;0;0;0;0;1
16/12/2011;08:42:00;292;sem vítima;318;BR-116/RJ;Pista Norte;Colisão traseira;2;2;0;0;0;0;1
17/12/2011;11:57:00;381;sem vítima;51,35;BR-116/SP;Pista Norte;Colisão traseira;1;2;0;0;0;0;1
17/12/2011;01:32:00;50;sem vítima;63,2;BR-116/SP;Pista Sul;Colisão traseira;1;4;0;0;0;0;1
17/12/2011;15:12:00;513;sem vítima;87,4;BR-116/SP;Pista Norte;Colisão traseira;1;9;0;0;0;0;1
17/12/2011;21:06:00;773;sem vítima;144,8;BR-116/SP;Pista Norte;Engavetamento;1;5;0;0;0;0;1
17/12/2011;21:14:00;778;com vítima;147,5;BR-116/SP;Pista Norte;Choque em barreira New Jersey;1;5;1;0;0;0;1
17/12/2011;08:39:00;253;sem vítima;163,9;BR-116/RJ;Pista Norte;Abalroamento longitudinal;2;3;0;0;0;0;1
17/12/2011;00:55:00;36;com vítima;165,3;BR-116/RJ;Pista Sul;Abalroamento longitudinal;1;2;1;0;0;0;1
17/12/2011;02:20:00;68;sem vítima;165,3;BR-116/SP;Pista Norte;Colisão traseira;2;2;0;0;0;0;1
17/12/2011;14:17:00;480;sem vítima;173,5;BR-116/RJ;Pista Sul;Abalroamento longitudinal;1;2;0;0;0;0;1
17/12/2011;14:12:00;474;sem vítima;176,4;BR-116/RJ;Pista Norte;Colisão traseira;1;2;0;0;0;0;1
17/12/2011;18:55:00;685;sem vítima;205,4;BR-116/SP;Pista Sul;Engavetamento;2;50;0;0;0;0;1
17/12/2011;17:17:00;606;com vítima;220,3;BR-116/RJ;Pista Sul;Tombamento;1;0;1;0;0;0;1
17/12/2011;01:13:00;43;sem vítima;223,35;BR-116/SP;Pista Norte;Colisão traseira;1;2;0;0;0;0;1
17/12/2011;02:18:00;67;sem vítima;228;BR-116/SP;Pista Norte;Colisão traseira;1;2;0;0;0;0;1
17/12/2011;13:49:00;452;com vítima;238,8;BR-116/RJ;Pista Sul;Choque em defensa;1;0;1;0;0;0;1
17/12/2011;21:46:00;796;com vítima;241,12;BR-116/RJ;Pista Norte;Engavetamento;1;2;0;1;0;0;2
17/12/2011;02:10:00;64;sem vítima;252,9;BR-116/RJ;Pista Sul;Abalroamento longitudinal;1;3;0;0;0;0;1
17/12/2011;10:51:00;338;sem vítima;278;BR-116/RJ;Pista Norte;Abalroamento longitudinal;1;2;0;0;0;0;1
17/12/2011;16:44:00;580;com vítima;284,1;BR-116/RJ;Pista Norte;Engavetamento;1;4;3;0;0;0;1
17/12/2011;17:13:00;599;com vítima;318,9;BR-116/RJ;Pista Sul;Choque em veículo parado na pista;1;1;1;0;0;0;1
18/12/2011;21:09:00;690;com vítima;72,9;BR-116/SP;Pista Norte;Queda de ribanceira;1;0;1;0;0;0;1
18/12/2011;21:06:00;686;sem vítima;123,5;BR-116/SP;Pista Norte;Colisão traseira;1;2;0;0;0;0;1
18/12/2011;15:40:00;425;sem vítima;142,2;BR-116/SP;Pista Norte;Abalroamento longitudinal;1;5;0;0;0;0;1
18/12/2011;19:48:00;641;sem vítima;158,6;BR-116/SP;Pista Norte;Abalroamento longitudinal;1;2;0;0;0;0;1
18/12/2011;21:34:00;704;sem vítima;170,3;BR-116/RJ;Pista Norte;Choque em objeto fixo;1;2;0;0;0;0;1
18/12/2011;16:53:00;495;com vítima;219,3;BR-116/RJ;Pista Norte;Tombamento;1;0;1;0;0;0;1
18/12/2011;14:46:00;397;sem vítima;219,9;BR-116/SP;Pista Norte;Abalroamento longitudinal;1;3;0;0;0;0;1
18/12/2011;16:36:00;485;sem vítima;223,5;BR-116/RJ;Pista Norte;Abalroamento longitudinal;1;47;0;0;0;0;1
18/12/2011;08:45:00;206;sem vítima;224,4;BR-116/RJ;Pista Norte;Abalroamento longitudinal;1;2;0;0;0;0;1
19/12/2011;05:33:00;85;sem vítima;2;BR-116/SP;Pista Sul;Choque em objeto fixo;1;1;0;0;0;0;1
19/12/2011;00:22:00;6;sem vítima;24,25;BR-116/SP;Pista Sul;Choque em barreira New Jersey;1;2;0;0;0;0;1
19/12/2011;18:21:00;634;sem vítima;86,95;BR-116/SP;Pista Sul;Choque em veículo parado na pista;2;2;0;0;0;0;1
19/12/2011;18:31:00;640;sem vítima;146,89;BR-116/SP;Pista Norte;Colisão traseira;1;6;0;0;0;0;1
19/12/2011;12:47:00;419;sem vítima;154;BR-116/SP;Pista Norte;Colisão traseira;1;34;0;0;0;0;1
19/12/2011;15:30:00;513;sem vítima;155,8;BR-116/SP;Pista Sul;Outros;1;1;0;0;0;0;1
19/12/2011;19:58:00;704;sem vítima;172,4;BR-116/RJ;Pista Sul;Abalroamento longitudinal;1;2;0;0;0;0;1
19/12/2011;18:50:00;653;sem vítima;173,4;BR-116/RJ;Pista Sul;Abalroamento longitudinal;1;8;0;0;0;0;1
19/12/2011;13:54:00;459;com vítima;176,8;BR-116/RJ;Pista Norte;Engavetamento;1;41;0;1;0;0;2
19/12/2011;12:50:00;422;sem vítima;178;BR-116/RJ;Pista Norte;Colisão traseira;1;2;0;0;0;0;1
19/12/2011;15:05:00;496;sem vítima;178,2;BR-116/RJ;Pista Sul;Abalroamento longitudinal;1;2;0;0;0;0;1