data;horario;n_da_ocorrencia;tipo_de_ocorrencia;km;trecho;sentido;tipo_de_acidente;caminhao;ilesos;levemente_feridos;moderadamente_feridos;gravemente_feridos;mortos;3
19/12/2011;09:18:00;270;sem vítima;208;BR-116/RJ;Pista Norte;Outros;1;2;0;0;0;0;1
19/12/2011;11:48:00;387;sem vítima;230,5;BR-116/RJ;Pista Sul;Abalroamento longitudinal;1;2;0;0;0;0;1
19/12/2011;21:40:00;775;com vítima;265,2;BR-116/RJ;Pista Sul;Choque em objeto na pista;2;2;1;0;0;0;1
19/12/2011;07:57:00;196;sem vítima;309;BR-116/RJ;Pista Sul;Colisão traseira;1;2;0;0;0;0;1
19/12/2011;02:35:00;54;com vítima;320,97;BR-116/RJ;Pista Norte;Choque em objeto na pista;1;0;1;0;0;0;1
20/12/2011;08:18:00;225;sem vítima;51;BR-116/SP;Pista Norte;Choque em objeto na pista;1;3;0;0;0;0;1
20/12/2011;05:42:00;98;com vítima;82,7;BR-116/SP;Pista Sul;Colisão traseira;1;4;1;1;0;0;2
20/12/2011;12:54:00;433;com vítima;163,6;BR-116/RJ;Pista Sul;Colisão traseira;1;1;1;0;0;0;1
20/12/2011;12:58:00;437;sem vítima;163,6;BR-116/RJ;Pista Sul;Colisão traseira;3;4;0;0;0;0;1
20/12/2011;18:32:00;676;sem vítima;183;BR-116/RJ;Pista Norte;Outros;1;2;0;0;0;0;1
20/12/2011;12:26:00;416;sem vítima;218;BR-116/SP;Pista Norte;Colisão traseira;2;2;0;0;0;0;1
20/12/2011;06:50:00;138;sem vítima;224,3;BR-116/SP;Pista Sul;Choque em veículo parado na pista;1;151;0;0;0;0;1
20/12/2011;07:12:00;156;sem vítima;236,5;BR-116/RJ;Pista Norte;Choque em barreira New Jersey;1;2;0;0;0;0;1
20/12/2011;17:59:00;650;sem vítima;245,3;BR-116/RJ;Pista Sul;Choque em objeto fixo;1;1;0;0;0;0;1
20/12/2011;17:30:00;624;com vítima;245,5;BR-116/RJ;Pista Sul;Colisão traseira;1;3;2;0;0;0;1
20/12/2011;11:53:00;388;sem vítima;285;BR-116/RJ;Pista Sul;Choque em objeto na pista;1;1;0;0;0;0;1
20/12/2011;15:45:00;546;sem vítima;306,3;BR-116/RJ;Pista Norte;Abalroamento longitudinal;1;2;0;0;0;0;1
21/12/2011;23:01:00;911;sem vítima;36,9;BR-116/SP;Pista Sul;Choque em objeto fixo;1;1;0;0;0;0;1
21/12/2011;04:06:00;80;sem vítima;51,1;BR-116/SP;Pista Sul;Colisão traseira;2;2;0;0;0;0;1
21/12/2011;17:46:00;696;com vítima;54,8;BR-116/SP;Pista Norte;Choque em veículo parado na pista;1;2;1;1;0;0;2
21/12/2011;15:11:00;568;sem vítima;141;BR-116/SP;Pista Sul;Colisão traseira;1;2;0;0;0;0;1
21/12/2011;08:48:00;267;sem vítima;174,5;BR-116/SP;Pista Norte;Abalroamento longitudinal;1;2;0;0;0;0;1
21/12/2011;14:11:00;512;sem vítima;207,95;BR-116/RJ;Pista Sul;Choque em barreira New Jersey;1;1;0;0;0;0;1
21/12/2011;16:32:00;631;sem vítima;213,3;BR-116/SP;Pista Norte;Abalroamento longitudinal;1;3;0;0;0;0;1
21/12/2011;17:48:00;698;sem vítima;218;BR-116/RJ;Pista Sul;Outros;1;1;0;0;0;0;1
21/12/2011;05:22:00;100;sem vítima;220;BR-116/SP;Pista Norte;Choque em objeto na pista;1;1;0;0;0;0;1
21/12/2011;21:14:00;848;sem vítima;222,4;BR-116/SP;Pista Norte;Abalroamento longitudinal;1;3;0;0;0;0;1
21/12/2011;19:35:00;784;com vítima;224,7;BR-116/SP;Pista Sul;Choque em veículo parado na pista;1;2;1;0;0;0;1
21/12/2011;14:12:00;515;sem vítima;226;BR-116/RJ;Pista Norte;Choque Talude;1;1;0;0;0;0;1
21/12/2011;15:10:00;567;sem vítima;227,3;BR-116/RJ;Pista Norte;Outros;1;1;0;0;0;0;1
21/12/2011;09:24:00;308;sem vítima;265,3;BR-116/RJ;Pista Sul;Outros;1;1;0;0;0;0;1
21/12/2011;21:27:00;856;sem vítima;265,4;BR-116/RJ;Pista Norte;Colisão traseira;1;16;0;0;0;0;1
21/12/2011;10:32:00;364;sem vítima;289,2;BR-116/RJ;Pista Norte;Colisão traseira;2;2;0;0;0;0;1
22/12/2011;08:17:00;227;sem vítima;156,8;BR-116/SP;Pista Sul;Colisão traseira;1;2;0;0;0;0;1
22/12/2011;21:40:00;861;sem vítima;170,7;BR-116/RJ;Pista Sul;Choque em barreira New Jersey;2;2;0;0;0;0;1
22/12/2011;21:16:00;847;sem vítima;173,4;BR-116/RJ;Pista Sul;Abalroamento longitudinal;1;2;0;0;0;0;1
22/12/2011;15:52:00;583;sem vítima;179,3;BR-116/RJ;Pista Norte;Abalroamento longitudinal;1;2;0;0;0;0;1
22/12/2011;06:31:00;134;sem vítima;183,9;BR-116/SP;Pista Sul;Engavetamento;1;7;0;0;0;0;1
22/12/2011;13:16:00;451;sem vítima;187,1;BR-116/RJ;Pista Sul;Colisão traseira;2;4;0;0;0;0;1
22/12/2011;21:14:00;846;sem vítima;219,1;BR-116/SP;Pista Norte;Abalroamento longitudinal;1;2;0;0;0;0;1
22/12/2011;17:35:00;679;sem vítima;220,3;BR-116/RJ;Pista Sul;Choque em objeto fixo;1;1;0;0;0;0;1
22/12/2011;04:28:00;87;com vítima;220,7;BR-116/RJ;Pista Norte;Tombamento;2;2;0;1;0;0;2
22/12/2011;15:21:00;560;sem vítima;228;BR-116/SP;Pista Norte;Abalroamento longitudinal;1;3;0;0;0;0;1
22/12/2011;11:57:00;391;com vítima;238,8;BR-116/RJ;Pista Norte;Colisão traseira;3;3;0;1;0;0;2
22/12/2011;05:47:00;107;sem vítima;269,85;BR-116/RJ;Pista Norte;Colisão traseira;2;2;0;0;0;0;1
22/12/2011;08:04:00;210;sem vítima;288,7;BR-116/RJ;Pista Sul;Choque em barreira New Jersey;1;1;0;0;0;0;1
22/12/2011;07:50:00;201;sem vítima;296;BR-116/RJ;Pista Sul;Outros;1;2;0;0;0;0;1
22/12/2011;03:48:00;76;sem vítima;328,6;BR-116/RJ;Pista Sul;Outros;1;1;0;0;0;0;1
23/12/2011;17:23:00;656;sem vítima;31;BR-116/SP;Pista Sul;Abalroamento longitudinal;1;2;0;0;0;0;1
23/12/2011;16:48:00;618;com vítima;42,7;BR-116/SP;Pista Sul;Colisão traseira;2;1;0;0;1;0;2
23/12/2011;15:45:00;555;sem vítima;52,4;BR-116/SP;Pista Sul;Outros;1;1;0;0;0;0;1
23/12/2011;07:36:00;188;com vítima;106,3;BR-116/SP;Pista Norte;Abalroamento longitudinal;1;3;1;0;0;0;1
23/12/2011;13:05:00;423;sem vítima;112,4;BR-116/SP;Pista Norte;Choque em objeto fixo;1;1;0;0;0;0;1
23/12/2011;08:01:00;208;sem vítima;149,9;BR-116/SP;Pista Sul;Colisão traseira;1;2;0;0;0;0;1
23/12/2011;22:09:00;903;sem vítima;164,4;BR-116/RJ;Pista Sul;Colisão traseira;1;3;0;0;0;0;1
23/12/2011;19:50:00;806;sem vítima;169,5;BR-116/RJ;Pista Sul;Abalroamento longitudinal;1;3;0;0;0;0;1
23/12/2011;19:56:00;812;sem vítima;169,5;BR-116/RJ;Pista Sul;Abalroamento longitudinal;1;2;0;0;0;0;1
23/12/2011;18:40:00;740;sem vítima;173,1;BR-116/RJ;Pista Sul;Colisão traseira;1;2;0;0;0;0;1
23/12/2011;16:42:00;612;sem vítima;173,8;BR-116/RJ;Pista Sul;Abalroamento longitudinal;1;2;0;0;0;0;1
23/12/2011;23:32:00;939;com vítima;178,1;BR-116/RJ;Pista Norte;Atropelamento de pedestre atravessando;1;1;0;0;0;1;3
23/12/2011;05:23:00;104;sem vítima;180;BR-116/SP;Pista Sul;Colisão traseira;1;35;0;0;0;0;1
23/12/2011;08:41:00;238;com vítima;220,8;BR-116/SP;Pista Norte;Colisão traseira;2;2;2;0;0;0;1
23/12/2011;17:11:00;643;sem vítima;227;BR-116/SP;Pista Norte;Colisão traseira;1;2;0;0;0;0;1
23/12/2011;06:48:00;152;sem vítima;272,75;BR-116/RJ;Pista Sul;Outros;1;1;0;0;0;0;1
24/12/2011;08:28:00;207;com vítima;22;BR-116/SP;Pista Norte;Colisão traseira;1;1;1;0;0;0;1
24/12/2011;16:15:00;472;com vítima;61;BR-116/SP;Pista Sul;Tombamento;2;3;1;0;0;0;1
24/12/2011;11:08:00;303;sem vítima;86,8;BR-116/SP;Pista Norte;Colisão traseira;1;3;0;0;0;0;1
24/12/2011;02:04:00;49;sem vítima;212,6;BR-116/RJ;Pista Norte;Atropelamento de animal;1;1;0;0;0;0;1
24/12/2011;03:43:00;80;sem vítima;213;BR-116/RJ;Pista Sul;Colisão traseira;2;4;0;0;0;0;1
24/12/2011;00:14:00;9;sem vítima;218,5;BR-116/RJ;Pista Norte;Choque em objeto fixo;1;1;0;0;0;0;1
24/12/2011;14:11:00;385;sem vítima;277;BR-116/RJ;Pista Norte;Outros;1;2;0;0;0;0;1
25/12/2011;06:34:00;86;com vítima;125,3;BR-116/SP;Pista Sul;Colisão traseira;1;1;1;0;0;0;1
26/12/2011;07:57:00;134;sem vítima;22,9;BR-116/SP;Pista Norte;Choque em barreira New Jersey;1;1;0;0;0;0;1
26/12/2011;20:25:00;617;sem vítima;32,5;BR-116/SP;Pista Norte;Outros;1;1;0;0;0;0;1
26/12/2011;22:20:00;663;sem vítima;41,3;BR-116/SP;Pista Norte;Colisão traseira;1;4;0;0;0;0;1
26/12/2011;16:16:00;451;com vítima;140,5;BR-116/SP;Pista Sul;Engavetamento;2;19;2;0;0;0;1
26/12/2011;06:06:00;72;sem vítima;166,3;BR-116/RJ;Pista Norte;Abalroamento longitudinal;1;2;0;0;0;0;1
26/12/2011;08:57:00;178;com vítima;172,8;BR-116/SP;Pista Sul;Tombamento;1;0;1;0;0;0;1
26/12/2011;13:20:00;347;sem vítima;173;BR-116/RJ;Pista Sul;Abalroamento longitudinal;1;2;0;0;0;0;1
26/12/2011;06:05:00;71;sem vítima;174,9;BR-116/RJ;Pista Norte;Abalroamento longitudinal;1;2;0;0;0;0;1
26/12/2011;05:39:00;64;sem vítima;175,1;BR-116/RJ;Pista Norte;Colisão traseira;1;2;0;0;0;0;1
26/12/2011;13:31:00;354;sem vítima;175,1;BR-116/RJ;Pista Norte;Abalroamento longitudinal;1;2;0;0;0;0;1
26/12/2011;10:03:00;225;com vítima;175,2;BR-116/RJ;Pista Sul;Atropelamento de pedestre atravessando;1;1;1;0;0;0;1
26/12/2011;15:44:00;425;sem vítima;177,6;BR-116/RJ;Pista Norte;Abalroamento longitudinal;1;2;0;0;0;0;1
26/12/2011;15:30:00;416;com vítima;177,85;BR-116/SP;Pista Sul;Queda de ribanceira;1;0;2;0;0;0;1
26/12/2011;06:34:00;87;com vítima;198,25;BR-116/SP;Pista Sul;Colisão traseira;1;1;1;0;0;0;1
26/12/2011;19:53:00;596;com vítima;214,4;BR-116/RJ;Pista Norte;Choque em veículo parado na pista;1;2;1;0;0;0;1
26/12/2011;13:23:00;350;com vítima;224,7;BR-116/SP;Pista Norte;Choque em defensa;1;1;1;0;0;0;1
26/12/2011;12:45:00;330;sem vítima;231;BR-116/RJ;Pista Norte;Colisão traseira;1;2;0;0;0;0;1
26/12/2011;06:07:00;73;com vítima;234;BR-116/RJ;Pista Norte;Abalroamento longitudinal;1;1;1;0;0;0;1
26/12/2011;11:07:00;265;sem vítima;244,7;BR-116/RJ;Pista Sul;Choque em objeto fixo;1;4;0;0;0;0;1
26/12/2011;08:22:00;152;com vítima;253,5;BR-116/RJ;Pista Norte;Outros;1;5;1;0;0;0;1
26/12/2011;15:48:00;428;com vítima;254,7;BR-116/RJ;Pista Norte;Abalroamento longitudinal;1;5;1;0;0;0;1
26/12/2011;10:27:00;238;sem vítima;261,7;BR-116/RJ;Pista Norte;Abalroamento longitudinal;1;2;0;0;0;0;1
26/12/2011;11:38:00;285;sem vítima;271,5;BR-116/RJ;Pista Sul;Engavetamento;2;4;0;0;0;0;1
26/12/2011;10:29:00;239;sem vítima;319;BR-116/RJ;Pista Norte;Colisão traseira;1;2;0;0;0;0;1
27/12/2011;20:16:00;666;sem vítima;15;BR-116/SP;Pista Sul;Choque em objeto na pista;1;1;0;0;0;0;1
27/12/2011;04:23:00;59;com vítima;220,3;BR-116/RJ;Pista Sul;Tombamento;1;0;0;1;0;0;2
27/12/2011;15:45:00;489;sem vítima;222,1;BR-116/RJ;Pista Norte;Tombamento;1;1;0;0;0;0;1
27/12/2011;08:39:00;191;com vítima;226;BR-116/SP;Pista Norte;Colisão traseira;1;3;2;0;0;0;1
27/12/2011;10:28:00;275;sem vítima;227,35;BR-116/SP;Pista Sul;Choque em defensa;1;1;0;0;0;0;1
27/12/2011;10:07:00;259;sem vítima;253,9;BR-116/RJ;Pista Norte;Engavetamento;2;3;0;0;0;0;1
27/12/2011;17:01:00;537;sem vítima;294;BR-116/RJ;Pista Norte;Colisão traseira;1;2;0;0;0;0;1
28/12/2011;17:41:00;594;com vítima;10,9;BR-116/SP;Pista Sul;Choque Talude;1;0;0;1;0;0;2
28/12/2011;13:42:00;428;com vítima;58,6;BR-116/SP;Pista Sul;Abalroamento longitudinal;1;1;1;0;0;0;1
28/12/2011;10:43:00;327;com vítima;157;BR-116/SP;Pista Norte;Colisão traseira;1;2;1;0;0;0;1
28/12/2011;12:31:00;395;sem vítima;173,5;BR-116/RJ;Pista Norte;Abalroamento longitudinal;1;2;0;0;0;0;1
28/12/2011;21:14:00;735;sem vítima;173,7;BR-116/RJ;Pista Norte;Engavetamento;2;8;0;0;0;0;1
28/12/2011;14:31:00;465;sem vítima;175;BR-116/RJ;Pista Norte;Colisão traseira;1;2;0;0;0;0;1
28/12/2011;04:09:00;81;sem vítima;194;BR-116/SP;Pista Norte;Choque em objeto na pista;1;9;0;0;0;0;1
28/12/2011;05:10:00;98;com vítima;211,3;BR-116/SP;Pista Sul;Colisão traseira;2;1;2;0;0;0;1
28/12/2011;03:08:00;63;sem vítima;223,15;BR-116/RJ;Pista Norte;Choque em objeto fixo;1;1;0;0;0;0;1
28/12/2011;22:34:00;768;sem vítima;224;BR-116/SP;Pista Sul;Abalroamento longitudinal;1;3;0;0;0;0;1
28/12/2011;20:29:00;717;sem vítima;270,1;BR-116/RJ;Pista Sul;Colisão traseira;1;2;0;0;0;0;1
28/12/2011;18:11:00;614;sem vítima;297,25;BR-116/RJ;Pista Norte;Abalroamento longitudinal;1;2;0;0;0;0;1
28/12/2011;18:22:00;624;sem vítima;318,9;BR-116/RJ;Pista Sul;Colisão traseira;1;2;0;0;0;0;1
29/12/2011;07:26:00;142;sem vítima;141;BR-116/SP;Pista Sul;Choque em objeto na pista;1;1;0;0;0;0;1
29/12/2011;01:42:00;25;sem vítima;172,05;BR-116/RJ;Pista Norte;Engavetamento;1;3;0;0;0;0;1
29/12/2011;14:53:00;411;sem vítima;182;BR-116/SP;Pista Norte;Colisão traseira;2;2;0;0;0;0;1
29/12/2011;04:33:00;67;sem vítima;200,3;BR-116/RJ;Pista Sul;Outros;2;6;0;0;0;0;1
29/12/2011;06:58:00;122;sem vítima;214,6;BR-116/RJ;Pista Sul;Choque em objeto na pista;1;4;0;0;0;0;1
29/12/2011;16:48:00;479;sem vítima;217,3;BR-116/SP;Pista Norte;Engavetamento;1;6;0;0;0;0;1
29/12/2011;06:16:00;98;sem vítima;222;BR-116/SP;Pista Norte;Abalroamento longitudinal;1;2;0;0;0;0;1
29/12/2011;23:57:00;707;sem vítima;222,45;BR-116/SP;Pista Norte;Choque em veículo parado na pista;1;3;0;0;0;0;1
29/12/2011;01:24:00;20;sem vítima;302,7;BR-116/RJ;Pista Sul;Colisão traseira;2;2;0;0;0;0;1
30/12/2011;09:16:00;246;com vítima;21,8;BR-116/SP;Pista Sul;Tombamento;1;0;2;0;0;0;1
30/12/2011;04:02:00;76;com vítima;35,75;BR-116/SP;Pista Norte;Atropelamento de animal;1;1;3;0;0;0;1
30/12/2011;01:24:00;27;com vítima;146,2;BR-116/SP;Pista Sul;Abalroamento longitudinal;1;5;2;0;0;0;1
30/12/2011;06:35:00;125;sem vítima;163,7;BR-116/RJ;Pista Norte;Colisão traseira;1;2;0;0;0;0;1
30/12/2011;10:57:00;317;com vítima;171,5;BR-116/SP;Pista Sul;Queda de ribanceira;1;0;1;0;0;0;1
30/12/2011;14:16:00;427;sem vítima;183,8;BR-116/RJ;Pista Norte;Abalroamento longitudinal;1;2;0;0;0;0;1
30/12/2011;05:45:00;100;sem vítima;219,1;BR-116/SP;Pista Sul;Colisão traseira;1;2;0;0;0;0;1
30/12/2011;16:28:00;510;sem vítima;270,2;BR-116/RJ;Pista Sul;Colisão traseira;2;2;0;0;0;0;1
31/12/2011;02:12:00;31;sem vítima;64,3;BR-116/SP;Pista Sul;Choque em barreira New Jersey;1;1;0;0;0;0;1
31/12/2011;14:04:00;261;sem vítima;218,9;BR-116/SP;Pista Norte;Engavetamento;2;3;0;0;0;0;1
31/12/2011;00:31:00;6;sem vítima;239,2;BR-116/RJ;Pista Sul;Queda de ribanceira;1;1;0;0;0;0;1
01/01/2012;16:39:00;386;com vítima;189;BR-116/SP;Pista Sul;Colisão traseira;1;2;1;0;0;0;1
01/01/2012;19:06:00;491;sem vítima;230,6;BR-116/SP;Pista Sul;Colisão traseira;1;2;0;0;0;0;1
02/01/2012;18:21:00;569;sem vítima;93,5;BR-116/SP;Pista Norte;Colisão traseira;1;6;0;0;0;0;1
02/01/2012;16:25:00;488;sem vítima;168,1;BR-116/RJ;Pista Sul;Colisão traseira;1;2;0;0;0;0;1
02/01/2012;08:39:00;168;sem vítima;170,05;BR-116/RJ;Pista Norte;Abalroamento longitudinal;1;4;0;0;0;0;1
02/01/2012;18:07:00;563;sem vítima;173,4;BR-116/RJ;Pista Sul;Abalroamento longitudinal;1;5;0;0;0;0;1
02/01/2012;21:13:00;663;sem vítima;175,1;BR-116/RJ;Pista Norte;Abalroamento longitudinal;1;5;0;0;0;0;1
02/01/2012;22:46:00;708;com vítima;211,8;BR-116/SP;Pista Norte;Colisão traseira;1;3;0;0;1;0;2
02/01/2012;13:37:00;370;sem vítima;224,6;BR-116/SP;Pista Sul;Outros;1;3;0;0;0;0;1
02/01/2012;08:14:00;153;sem vítima;258,6;BR-116/RJ;Pista Sul;Abalroamento longitudinal;1;2;0;0;0;0;1
03/01/2012;09:09:00;224;sem vítima;116,1;BR-116/SP;Pista Norte;Abalroamento longitudinal;1;3;0;0;0;0;1
03/01/2012;09:38:00;241;sem vítima;165;BR-116/SP;Pista Norte;Colisão traseira;1;2;0;0;0;0;1
03/01/2012;22:51:00;716;sem vítima;165;BR-116/SP;Pista Sul;Colisão traseira;1;5;0;0;0;0;1
03/01/2012;17:04:00;529;sem vítima;173,4;BR-116/RJ;Pista Sul;Abalroamento longitudinal;1;2;0;0;0;0;1
03/01/2012;00:29:00;9;sem vítima;175;BR-116/RJ;Pista Norte;Abalroamento longitudinal;1;6;0;0;0;0;1
03/01/2012;10:36:00;289;sem vítima;223,9;BR-116/RJ;Pista Norte;Tombamento;1;1;0;0;0;0;1
03/01/2012;18:08:00;565;sem vítima;229,4;BR-116/SP;Pista Norte;Abalroamento longitudinal;1;3;0;0;0;0;1
03/01/2012;19:05:00;597;sem vítima;277;BR-116/RJ;Pista Sul;Choque em barreira New Jersey;1;2;0;0;0;0;1
03/01/2012;12:23:00;362;sem vítima;298;BR-116/RJ;Pista Norte;Choque em objeto na pista;1;1;0;0;0;0;1
03/01/2012;03:05:00;58;sem vítima;302;BR-116/RJ;Pista Norte;Choque em objeto na pista;1;1;0;0;0;0;1
03/01/2012;02:59:00;55;sem vítima;302,5;BR-116/RJ;Pista Norte;Choque em objeto na pista;1;1;0;0;0;0;1
04/01/2012;18:25:00;564;sem vítima;47,45;BR-116/SP;Pista Norte;Capotamento;1;2;0;0;0;0;1
04/01/2012;17:30:00;525;sem vítima;123,48;BR-116/SP;Pista Sul;Colisão traseira;1;6;0;0;0;0;1
04/01/2012;12:23:00;329;sem vítima;129;BR-116/SP;Pista Norte;Outros;1;2;0;0;0;0;1
04/01/2012;10:00:00;253;sem vítima;164,7;BR-116/RJ;Pista Sul;Colisão traseira;1;3;0;0;0;0;1
04/01/2012;19:23:00;609;sem vítima;173,3;BR-116/RJ;Pista Sul;Colisão traseira;2;2;0;0;0;0;1
04/01/2012;11:21:00;302;sem vítima;222;BR-116/RJ;Pista Norte;Tombamento;1;1;0;0;0;0;1
04/01/2012;13:24:00;369;sem vítima;225,4;BR-116/SP;Pista Sul;Engavetamento;1;3;0;0;0;0;1
04/01/2012;14:10:00;395;sem vítima;225,4;BR-116/SP;Pista Sul;Colisão traseira;2;4;0;0;0;0;1
05/01/2012;19:24:00;608;com vítima;23,1;BR-116/SP;Pista Sul;Colisão traseira;1;4;1;0;0;0;1
05/01/2012;17:18:00;520;sem vítima;146,8;BR-116/SP;Pista Norte;Abalroamento longitudinal;1;2;0;0;0;0;1
05/01/2012;03:41:00;57;sem vítima;170;BR-116/RJ;Pista Sul;Choque em barreira New Jersey;1;2;0;0;0;0;1
05/01/2012;14:57:00;421;com vítima;220,2;BR-116/SP;Pista Sul;Colisão traseira;1;1;1;0;0;0;1
05/01/2012;06:04:00;86;com vítima;221,6;BR-116/SP;Pista Norte;Engavetamento;1;92;1;0;0;0;1
05/01/2012;15:11:00;431;sem vítima;301,9;BR-116/RJ;Pista Sul;Colisão traseira;1;2;0;0;0;0;1
06/01/2012;10:39:00;327;sem vítima;72,45;BR-116/SP;Pista Sul;Colisão traseira;1;2;0;0;0;0;1
06/01/2012;21:17:00;764;sem vítima;126;BR-116/SP;Pista Sul;Abalroamento longitudinal;1;2;0;0;0;0;1
06/01/2012;08:12:00;204;sem vítima;139,7;BR-116/SP;Pista Sul;Colisão traseira;1;4;0;0;0;0;1
06/01/2012;05:42:00;103;com vítima;169,2;BR-116/RJ;Pista Norte;Abalroamento longitudinal;1;3;1;0;0;0;1
06/01/2012;20:20:00;735;sem vítima;170,5;BR-116/RJ;Pista Sul;Colisão traseira;1;2;0;0;0;0;1
06/01/2012;19:44:00;719;sem vítima;173,6;BR-116/RJ;Pista Sul;Abalroamento longitudinal;1;2;0;0;0;0;1
06/01/2012;11:13:00;347;sem vítima;184,1;BR-116/RJ;Pista Sul;Abalroamento longitudinal;1;3;0;0;0;0;1
06/01/2012;16:25:00;572;sem vítima;186,1;BR-116/SP;Pista Sul;Colisão traseira;1;2;0;0;0;0;1
06/01/2012;05:24:00;97;sem vítima;204;BR-116/SP;Pista Norte;Colisão traseira;1;2;0;0;0;0;1
06/01/2012;22:27:00;801;com vítima;214,45;BR-116/RJ;Pista Norte;Choque em objeto fixo;1;2;0;2;0;1;3
06/01/2012;06:03:00;109;sem vítima;219;BR-116/SP;Pista Norte;Colisão traseira;1;2;0;0;0;0;1
06/01/2012;11:42:00;369;sem vítima;235,3;BR-116/RJ;Pista Norte;Colisão traseira;1;2;0;0;0;0;1
06/01/2012;16:53:00;592;sem vítima;261,7;BR-116/RJ;Pista Norte;Tombamento;1;1;0;0;0;0;1
06/01/2012;18:15:00;655;com vítima;261,9;BR-116/RJ;Pista Norte;Colisão traseira;1;2;0;3;0;0;2
06/01/2012;11:13:00;349;com vítima;275,3;BR-116/RJ;Pista Sul;Engavetamento;1;9;1;1;0;0;2
06/01/2012;15:51:00;544;sem vítima;296,35;BR-116/RJ;Pista Sul;Abalroamento longitudinal;1;2;0;0;0;0;1
07/01/2012;11:41:00;323;sem vítima;172,1;BR-116/RJ;Pista Norte;Colisão traseira;1;2;0;0;0;0;1
07/01/2012;11:08:00;300;sem vítima;177;BR-116/RJ;Pista Sul;Choque em veículo parado na pista;1;3;0;0;0;0;1
07/01/2012;23:01:00;735;com vítima;178,3;BR-116/RJ;Pista Norte;Choque em barreira New Jersey;1;1;1;0;0;0;1
07/01/2012;13:50:00;409;sem vítima;193,1;BR-116/RJ;Pista Sul;Abalroamento longitudinal;1;2;0;0;0;0;1
07/01/2012;16:04:00;486;sem vítima;224,5;BR-116/SP;Pista Sul;Choque em barreira New Jersey;1;1;0;0;0;0;1
07/01/2012;10:50:00;290;com vítima;278;BR-116/RJ;Pista Norte;Colisão traseira;1;1;1;1;0;0;2
07/01/2012;23:03:00;737;com vítima;286,66;BR-116/RJ;Pista Norte;Colisão traseira;2;1;0;0;0;2;3
07/01/2012;18:24:00;587;com vítima;317,25;BR-116/RJ;Pista Sul;Tombamento;1;0;1;0;0;0;1
08/01/2012;13:00:00;248;com vítima;86,8;BR-116/SP;Pista Sul;Choque em objeto fixo;1;3;1;0;0;0;1
08/01/2012;23:19:00;585;sem vítima;106,9;BR-116/SP;Pista Norte;Choque em objeto na pista;1;3;0;0;0;0;1
08/01/2012;22:05:00;560;sem vítima;159;BR-116/SP;Pista Sul;Colisão traseira;1;3;0;0;0;0;1
09/01/2012;06:53:00;112;sem vítima;39;BR-116/SP;Pista Norte;Tombamento;1;2;0;0;0;0;1
09/01/2012;21:05:00;691;sem vítima;156,4;BR-116/SP;Pista Norte;Abalroamento longitudinal;1;2;0;0;0;0;1
09/01/2012;23:28:00;733;sem vítima;192;BR-116/SP;Pista Norte;Atropelamento de animal;1;1;0;0;0;0;1
09/01/2012;02:57:00;39;sem vítima;199,85;BR-116/RJ;Pista Norte;Colisão traseira;2;2;0;0;0;0;1
10/01/2012;22:15:00;708;com vítima;27,75;BR-116/SP;Pista Sul;Choque em barreira New Jersey;1;0;1;0;0;0;1
10/01/2012;17:22:00;549;sem vítima;53,6;BR-116/SP;Pista Norte;Choque em defensa;1;1;0;0;0;0;1
10/01/2012;10:24:00;289;sem vítima;141;BR-116/SP;Pista Sul;Choque em defensa;1;1;0;0;0;0;1
10/01/2012;09:30:00;249;sem vítima;158,2;BR-116/SP;Pista Norte;Choque em veículo parado na pista;1;2;0;0;0;0;1
10/01/2012;11:44:00;344;sem vítima;165;BR-116/SP;Pista Sul;Choque em veículo parado na pista;1;4;0;0;0;0;1
10/01/2012;18:24:00;587;sem vítima;173,2;BR-116/RJ;Pista Sul;Abalroamento longitudinal;1;2;0;0;0;0;1
10/01/2012;06:42:00;121;com vítima;177,05;BR-116/RJ;Pista Norte;Abalroamento longitudinal;1;2;0;0;1;0;2
10/01/2012;16:36:00;516;sem vítima;202,5;BR-116/SP;Pista Sul;Choque em defensa;1;1;0;0;0;0;1
10/01/2012;13:15:00;382;sem vítima;211;BR-116/SP;Pista Norte;Abalroamento longitudinal;1;2;0;0;0;0;1
10/01/2012;13:15:00;381;sem vítima;218;BR-116/SP;Pista Norte;Abalroamento longitudinal;1;2;0;0;0;0;1
10/01/2012;15:33:00;468;sem vítima;223;BR-116/RJ;Pista Norte;Engavetamento;1;3;0;0;0;0;1
10/01/2012;15:33:00;469;sem vítima;249,4;BR-116/RJ;Pista Norte;Outros;1;1;0;0;0;0;1
10/01/2012;17:18:00;547;sem vítima;279;BR-116/RJ;Pista Sul;Choque em defensa;1;1;0;0;0;0;1
11/01/2012;20:07:00;632;sem vítima;51,2;BR-116/SP;Pista Norte;Colisão traseira;2;2;0;0;0;0;1
11/01/2012;07:33:00;139;sem vítima;121,9;BR-116/SP;Pista Norte;Colisão traseira;1;3;0;0;0;0;1
11/01/2012;20:48:00;646;com vítima;154,1;BR-116/SP;Pista Norte;Colisão traseira;1;1;1;0;0;0;1
11/01/2012;22:58:00;700;sem vítima;158,2;BR-116/SP;Pista Norte;Abalroamento longitudinal;2;4;0;0;0;0;1
11/01/2012;10:16:00;249;sem vítima;165;BR-116/SP;Pista Norte;Abalroamento longitudinal;1;2;0;0;0;0;1
11/01/2012;22:48:00;694;sem vítima;169,3;BR-116/RJ;Pista Norte;Choque em objeto na pista;1;1;0;0;0;0;1
11/01/2012;04:45:00;70;sem vítima;183,65;BR-116/RJ;Pista Norte;Colisão traseira;2;2;0;0;0;0;1
11/01/2012;09:39:00;232;sem vítima;184,05;BR-116/RJ;Pista Norte;Abalroamento longitudinal;1;2;0;0;0;0;1