data;horario;n_da_ocorrencia;tipo_de_ocorrencia;km;trecho;sentido;tipo_de_acidente;caminhao;ilesos;levemente_feridos;moderadamente_feridos;gravemente_feridos;mortos;3
11/01/2012;12:25:00;351;sem vítima;190,5;BR-116/RJ;Pista Sul;Colisão traseira;1;4;0;0;0;0;1
11/01/2012;12:02:00;337;com vítima;194,3;BR-116/RJ;Pista Sul;Colisão traseira;1;1;1;0;0;0;1
11/01/2012;18:35:00;582;com vítima;223,8;BR-116/RJ;Pista Norte;Tombamento;1;0;1;0;0;0;1
12/01/2012;07:07:00;115;sem vítima;36;BR-116/SP;Pista Norte;Colisão traseira;1;2;0;0;0;0;1
12/01/2012;08:59:00;222;com vítima;61;BR-116/SP;Pista Sul;Colisão traseira;1;2;1;0;0;0;1
12/01/2012;07:52:00;157;sem vítima;109,6;BR-116/SP;Pista Sul;Choque em objeto na pista;1;2;0;0;0;0;1
12/01/2012;00:03:00;2;sem vítima;140;BR-116/SP;Pista Norte;Choque em objeto na pista;1;3;0;0;0;0;1
12/01/2012;15:33:00;494;sem vítima;175,2;BR-116/RJ;Pista Sul;Colisão traseira;1;3;0;0;0;0;1
12/01/2012;14:17:00;447;com vítima;176,8;BR-116/RJ;Pista Norte;Abalroamento longitudinal;1;2;1;0;0;0;1
12/01/2012;02:08:00;33;com vítima;223,15;BR-116/RJ;Pista Norte;Choque Talude;1;0;1;0;0;0;1
12/01/2012;23:37:00;767;sem vítima;223,2;BR-116/RJ;Pista Norte;Choque Talude;1;1;0;0;0;0;1
12/01/2012;12:38:00;375;com vítima;223,9;BR-116/RJ;Pista Norte;Choque Talude;1;0;0;1;0;0;2
12/01/2012;20:07:00;663;sem vítima;224,7;BR-116/SP;Pista Sul;Choque em defensa;1;3;0;0;0;0;1
12/01/2012;10:36:00;307;com vítima;225;BR-116/SP;Pista Sul;Abalroamento longitudinal;1;1;1;0;0;0;1
12/01/2012;09:55:00;271;sem vítima;239,7;BR-116/RJ;Pista Sul;Abalroamento longitudinal;1;2;0;0;0;0;1
12/01/2012;11:11:00;328;sem vítima;276,1;BR-116/RJ;Pista Sul;Choque em barreira New Jersey;1;3;0;0;0;0;1
13/01/2012;22:14:00;788;sem vítima;100,75;BR-116/SP;Pista Norte;Colisão traseira;1;2;0;0;0;0;1
13/01/2012;03:01:00;47;com vítima;205,4;BR-116/SP;Pista Norte;Colisão traseira;1;1;1;0;0;0;1
13/01/2012;15:20:00;492;com vítima;212,2;BR-116/SP;Pista Sul;Colisão traseira;1;1;1;0;0;0;1
13/01/2012;13:24:00;410;com vítima;222,7;BR-116/SP;Pista Norte;Choque em veículo parado na pista;2;2;1;0;0;0;1
13/01/2012;14:41:00;455;sem vítima;223,95;BR-116/RJ;Pista Norte;Tombamento;1;2;0;0;0;0;1
13/01/2012;13:42:00;419;sem vítima;230;BR-116/SP;Pista Norte;Choque em defensa;1;1;0;0;0;0;1
13/01/2012;07:03:00;118;sem vítima;314;BR-116/RJ;Pista Norte;Abalroamento longitudinal;2;2;0;0;0;0;1
14/01/2012;19:54:00;642;sem vítima;38,05;BR-116/SP;Pista Sul;Choque em barreira New Jersey;1;1;0;0;0;0;1
14/01/2012;13:21:00;396;com vítima;106,9;BR-116/SP;Pista Sul;Colisão traseira;1;4;3;0;0;0;1
14/01/2012;10:08:00;290;sem vítima;125;BR-116/SP;Pista Norte;Abalroamento longitudinal;1;2;0;0;0;0;1
14/01/2012;16:22:00;509;sem vítima;239,7;BR-116/RJ;Pista Norte;Abalroamento longitudinal;1;3;0;0;0;0;1
14/01/2012;08:10:00;196;sem vítima;242,2;BR-116/RJ;Pista Sul;Queda de ribanceira;1;1;0;0;0;0;1
14/01/2012;06:52:00;123;sem vítima;258;BR-116/RJ;Pista Norte;Choque em objeto fixo;1;1;0;0;0;0;1
14/01/2012;20:11:00;656;sem vítima;258,6;BR-116/RJ;Pista Sul;Choque em defensa;1;1;0;0;0;0;1
14/01/2012;16:33:00;513;sem vítima;276;BR-116/RJ;Pista Sul;Choque em objeto na pista;1;2;0;0;0;0;1
15/01/2012;20:08:00;564;sem vítima;178,7;BR-116/RJ;Pista Norte;Colisão traseira;1;2;0;0;0;0;1
15/01/2012;01:20:00;26;sem vítima;190,3;BR-116/RJ;Pista Norte;Colisão traseira;2;2;0;0;0;0;1
16/01/2012;10:29:00;296;sem vítima;81;BR-116/SP;Pista Sul;Outros;1;1;0;0;0;0;1
16/01/2012;20:57:00;688;com vítima;151,5;BR-116/SP;Pista Sul;Colisão traseira;2;6;1;0;0;0;1
16/01/2012;20:14:00;655;sem vítima;156;BR-116/SP;Pista Norte;Choque em objeto na pista;1;2;0;0;0;0;1
16/01/2012;19:04:00;604;sem vítima;165,9;BR-116/RJ;Pista Sul;Abalroamento longitudinal;1;2;0;0;0;0;1
16/01/2012;17:07:00;522;com vítima;171,6;BR-116/RJ;Pista Sul;Queda de moto;1;2;0;1;0;0;2
16/01/2012;08:22:00;198;com vítima;201;BR-116/SP;Pista Norte;Atropelamento de pedestre atravessando;1;0;0;0;1;0;2
16/01/2012;21:32:00;708;com vítima;214,49;BR-116/SP;Pista Norte;Engavetamento;1;2;2;0;0;0;1
16/01/2012;15:23:00;464;sem vítima;222;BR-116/SP;Pista Norte;Colisão traseira;1;2;0;0;0;0;1
16/01/2012;01:51:00;34;sem vítima;226,7;BR-116/RJ;Pista Sul;Choque em veículo parado na pista;1;2;0;0;0;0;1
16/01/2012;07:53:00;169;sem vítima;255,2;BR-116/RJ;Pista Sul;Choque em objeto fixo;1;1;0;0;0;0;1
16/01/2012;10:55:00;311;com vítima;286,28;BR-116/RJ;Pista Sul;Abalroamento longitudinal;1;1;0;0;0;1;3
16/01/2012;19:53:00;642;sem vítima;294,73;BR-116/RJ;Pista Norte;Abalroamento longitudinal;1;3;0;0;0;0;1
17/01/2012;16:27:00;522;sem vítima;146,12;BR-116/SP;Pista Sul;Choque em defensa;1;2;0;0;0;0;1
17/01/2012;20:17:00;673;sem vítima;171,9;BR-116/RJ;Pista Sul;Abalroamento longitudinal;1;2;0;0;0;0;1
17/01/2012;17:14:00;552;sem vítima;172,4;BR-116/RJ;Pista Sul;Colisão traseira;1;2;0;0;0;0;1
17/01/2012;18:13:00;585;sem vítima;175,6;BR-116/RJ;Pista Sul;Abalroamento longitudinal;1;2;0;0;0;0;1
17/01/2012;05:55:00;97;sem vítima;229,8;BR-116/SP;Pista Sul;Engavetamento;1;4;0;0;0;0;1
17/01/2012;16:45:00;534;sem vítima;243,5;BR-116/RJ;Pista Sul;Engavetamento;2;5;0;0;0;0;1
17/01/2012;16:17:00;513;sem vítima;243,9;BR-116/RJ;Pista Sul;Choque em barreira New Jersey;2;2;0;0;0;0;1
17/01/2012;05:38:00;94;sem vítima;253;BR-116/RJ;Pista Norte;Choque em objeto na pista;2;2;0;0;0;0;1
17/01/2012;06:05:00;101;sem vítima;278,4;BR-116/RJ;Pista Sul;Choque em barreira New Jersey;1;2;0;0;0;0;1
18/01/2012;06:12:00;94;sem vítima;125,1;BR-116/SP;Pista Sul;Abalroamento longitudinal;1;2;0;0;0;0;1
18/01/2012;01:57:00;37;sem vítima;138,3;BR-116/SP;Pista Norte;Choque em objeto fixo;1;1;0;0;0;0;1
18/01/2012;07:29:00;146;sem vítima;141;BR-116/SP;Pista Sul;Colisão traseira;1;2;0;0;0;0;1
18/01/2012;22:37:00;775;sem vítima;145,9;BR-116/SP;Pista Norte;Colisão traseira;2;2;0;0;0;0;1
18/01/2012;20:42:00;723;sem vítima;147,2;BR-116/SP;Pista Norte;Choque em veículo parado na pista;1;4;0;0;0;0;1
18/01/2012;19:44:00;695;sem vítima;153,95;BR-116/SP;Pista Norte;Tombamento;1;2;0;0;0;0;1
18/01/2012;17:08:00;588;sem vítima;173,4;BR-116/RJ;Pista Sul;Abalroamento longitudinal;1;2;0;0;0;0;1
18/01/2012;16:54:00;576;sem vítima;181,5;BR-116/RJ;Pista Sul;Colisão traseira;1;3;0;0;0;0;1
18/01/2012;15:02:00;507;sem vítima;182,5;BR-116/SP;Pista Norte;Choque em objeto fixo;1;1;0;0;0;0;1
18/01/2012;16:25:00;559;sem vítima;183,2;BR-116/RJ;Pista Norte;Engavetamento;1;3;0;0;0;0;1
18/01/2012;22:08:00;765;sem vítima;207;BR-116/RJ;Pista Norte;Abalroamento longitudinal;1;2;0;0;0;0;1
18/01/2012;14:55:00;498;sem vítima;212,2;BR-116/SP;Pista Norte;Abalroamento longitudinal;2;2;0;0;0;0;1
18/01/2012;06:20:00;96;sem vítima;214,85;BR-116/SP;Pista Sul;Abalroamento longitudinal;1;3;0;0;0;0;1
18/01/2012;19:03:00;668;sem vítima;216,7;BR-116/SP;Pista Norte;Colisão traseira;2;2;0;0;0;0;1
18/01/2012;06:02:00;92;sem vítima;222,9;BR-116/SP;Pista Norte;Abalroamento longitudinal;1;3;0;0;0;0;1
18/01/2012;13:03:00;418;sem vítima;227;BR-116/SP;Pista Norte;Colisão traseira;2;2;0;0;0;0;1
18/01/2012;16:00:00;546;sem vítima;230,9;BR-116/RJ;Pista Sul;Abalroamento longitudinal;1;3;0;0;0;0;1
18/01/2012;10:39:00;325;com vítima;244,55;BR-116/RJ;Pista Norte;Colisão traseira;1;2;1;0;0;1;3
18/01/2012;01:45:00;32;sem vítima;252;BR-116/RJ;Pista Norte;Abalroamento longitudinal;1;2;0;0;0;0;1
19/01/2012;22:59:00;825;sem vítima;52,9;BR-116/SP;Pista Norte;Colisão traseira;1;2;0;0;0;0;1
19/01/2012;18:10:00;648;sem vítima;67,8;BR-116/SP;Pista Sul;Abalroamento longitudinal;1;2;0;0;0;0;1
19/01/2012;15:45:00;545;sem vítima;129;BR-116/SP;Pista Sul;Colisão traseira;2;2;0;0;0;0;1
19/01/2012;04:05:00;63;sem vítima;173,3;BR-116/RJ;Pista Sul;Choque em barreira New Jersey;2;3;0;0;0;0;1
19/01/2012;00:01:00;2;sem vítima;187,8;BR-116/SP;Pista Norte;Choque em objeto fixo;1;1;0;0;0;0;1
19/01/2012;15:45:00;544;sem vítima;188,8;BR-116/RJ;Pista Sul;Colisão traseira;2;2;0;0;0;0;1
19/01/2012;03:40:00;56;sem vítima;195,1;BR-116/SP;Pista Norte;Choque em objeto fixo;1;1;0;0;0;0;1
19/01/2012;19:36:00;709;sem vítima;222,3;BR-116/SP;Pista Norte;Abalroamento longitudinal;1;2;0;0;0;0;1
19/01/2012;17:45:00;630;sem vítima;261,4;BR-116/RJ;Pista Norte;Colisão traseira;1;2;0;0;0;0;1
19/01/2012;19:09:00;691;com vítima;276,65;BR-116/RJ;Pista Norte;Choque Talude;1;0;1;0;0;0;1
20/01/2012;13:44:00;471;sem vítima;77;BR-116/SP;Pista Sul;Outros;1;1;0;0;0;0;1
20/01/2012;19:04:00;705;com vítima;100,15;BR-116/SP;Pista Norte;Choque em objeto na pista;1;1;1;0;0;0;1
20/01/2012;03:50:00;55;sem vítima;121,7;BR-116/SP;Pista Sul;Choque em veículo parado na pista;2;2;0;0;0;0;1
20/01/2012;17:32:00;620;sem vítima;130;BR-116/SP;Pista Sul;Engavetamento;3;4;0;0;0;0;1
20/01/2012;16:33:00;587;sem vítima;168,7;BR-116/RJ;Pista Sul;Abalroamento longitudinal;2;2;0;0;0;0;1
20/01/2012;10:59:00;339;sem vítima;169,9;BR-116/RJ;Pista Sul;Engavetamento;2;4;0;0;0;0;1
20/01/2012;13:44:00;470;sem vítima;172,5;BR-116/RJ;Pista Norte;Abalroamento longitudinal;1;3;0;0;0;0;1
20/01/2012;14:02:00;482;sem vítima;172,6;BR-116/RJ;Pista Sul;Colisão traseira;1;2;0;0;0;0;1
20/01/2012;07:13:00;137;sem vítima;182;BR-116/SP;Pista Norte;Colisão traseira;2;3;0;0;0;0;1
20/01/2012;07:30:00;156;sem vítima;221,6;BR-116/RJ;Pista Sul;Choque em objeto fixo;1;1;0;0;0;0;1
20/01/2012;03:24:00;50;com vítima;223,8;BR-116/RJ;Pista Norte;Tombamento;1;0;2;1;0;0;2
20/01/2012;04:02:00;57;sem vítima;224;BR-116/RJ;Pista Norte;Abalroamento longitudinal;2;2;0;0;0;0;1
20/01/2012;10:10:00;295;com vítima;224,2;BR-116/SP;Pista Sul;Engavetamento;1;28;4;0;0;0;1
20/01/2012;15:04:00;520;sem vítima;227;BR-116/SP;Pista Norte;Abalroamento longitudinal;1;3;0;0;0;0;1
20/01/2012;05:02:00;70;sem vítima;240,1;BR-116/RJ;Pista Norte;Choque em defensa;1;1;0;0;0;0;1
20/01/2012;09:37:00;268;sem vítima;258;BR-116/RJ;Pista Sul;Abalroamento longitudinal;1;2;0;0;0;0;1
21/01/2012;20:45:00;614;sem vítima;146,6;BR-116/SP;Pista Sul;Choque em defensa;1;2;0;0;0;0;1
21/01/2012;13:59:00;394;sem vítima;148,5;BR-116/SP;Pista Norte;Abalroamento longitudinal;2;4;0;0;0;0;1
21/01/2012;01:15:00;26;com vítima;199,3;BR-116/SP;Pista Sul;Choque em barreira New Jersey;1;0;0;1;0;0;2
21/01/2012;13:09:00;366;sem vítima;222,6;BR-116/SP;Pista Norte;Abalroamento longitudinal;1;3;0;0;0;0;1
21/01/2012;13:50:00;387;com vítima;257,95;BR-116/RJ;Pista Norte;Abalroamento longitudinal;1;1;0;1;0;0;2
22/01/2012;16:13:00;391;sem vítima;34,6;BR-116/SP;Pista Norte;Colisão traseira;1;3;0;0;0;0;1
22/01/2012;18:06:00;470;sem vítima;102,5;BR-116/SP;Pista Sul;Engavetamento;1;11;0;0;0;0;1
22/01/2012;21:32:00;616;sem vítima;165,3;BR-116/RJ;Pista Norte;Abalroamento longitudinal;1;2;0;0;0;0;1
22/01/2012;10:42:00;203;sem vítima;177,4;BR-116/RJ;Pista Sul;Abalroamento longitudinal;1;2;0;0;0;0;1
22/01/2012;20:47:00;582;sem vítima;190,6;BR-116/SP;Pista Sul;Colisão traseira;1;3;0;0;0;0;1
22/01/2012;15:14:00;346;com vítima;204,8;BR-116/SP;Pista Norte;Engavetamento;2;14;1;0;0;0;1
22/01/2012;04:15:00;59;com vítima;260,35;BR-116/RJ;Pista Sul;Colisão traseira;1;1;1;0;0;0;1
22/01/2012;22:25:00;642;sem vítima;329,9;BR-116/RJ;Pista Sul;Colisão traseira;1;2;0;0;0;0;1
23/01/2012;08:51:00;222;sem vítima;165;BR-116/RJ;Pista Norte;Choque em defensa;1;1;0;0;0;0;1
23/01/2012;15:29:00;474;sem vítima;172,6;BR-116/SP;Pista Norte;Abalroamento longitudinal;1;2;0;0;0;0;1
23/01/2012;21:04:00;718;sem vítima;196,7;BR-116/SP;Pista Sul;Choque em objeto na pista;1;4;0;0;0;0;1
23/01/2012;11:45:00;349;com vítima;226;BR-116/SP;Pista Norte;Engavetamento;3;10;1;0;0;0;1
24/01/2012;05:52:00;61;sem vítima;4,7;BR-116/SP;Pista Norte;Colisão traseira;2;2;0;0;0;0;1
24/01/2012;09:58:00;267;sem vítima;133;BR-116/SP;Pista Norte;Choque em objeto na pista;1;2;0;0;0;0;1
24/01/2012;11:27:00;317;com vítima;140,2;BR-116/SP;Pista Sul;Abalroamento longitudinal;1;5;1;0;0;0;1
24/01/2012;13:33:00;402;com vítima;176,1;BR-116/RJ;Pista Sul;Abalroamento longitudinal;1;1;1;0;0;0;1
24/01/2012;06:59:00;90;com vítima;185,2;BR-116/RJ;Pista Norte;Atropelamento de pedestre atravessando;1;1;0;0;1;0;2
24/01/2012;18:21:00;610;sem vítima;185,3;BR-116/RJ;Pista Sul;Abalroamento longitudinal;1;2;0;0;0;0;1
24/01/2012;12:21:00;352;sem vítima;187,4;BR-116/SP;Pista Sul;Engavetamento;3;3;0;0;0;0;1
24/01/2012;23:15:00;777;sem vítima;216,9;BR-116/RJ;Pista Norte;Colisão traseira;2;2;0;0;0;0;1
24/01/2012;23:26:00;784;com vítima;220,55;BR-116/RJ;Pista Norte;Tombamento;1;0;1;0;0;0;1
24/01/2012;11:11:00;310;sem vítima;270;BR-116/RJ;Pista Sul;Abalroamento longitudinal;1;2;0;0;0;0;1
24/01/2012;02:49:00;35;sem vítima;295,6;BR-116/RJ;Pista Sul;Choque em defensa;1;1;0;0;0;0;1
25/01/2012;11:39:00;342;sem vítima;86,8;BR-116/SP;Pista Sul;Choque em objeto fixo;1;1;0;0;0;0;1
25/01/2012;16:58:00;533;sem vítima;112,6;BR-116/SP;Pista Sul;Choque em objeto na pista;1;2;0;0;0;0;1
25/01/2012;13:45:00;409;sem vítima;173,8;BR-116/RJ;Pista Sul;Abalroamento longitudinal;1;2;0;0;0;0;1
25/01/2012;19:01:00;644;sem vítima;198;BR-116/RJ;Pista Norte;Outros;1;1;0;0;0;0;1
25/01/2012;09:32:00;246;sem vítima;204;BR-116/SP;Pista Sul;Choque em objeto fixo;1;2;0;0;0;0;1
25/01/2012;18:12:00;602;com vítima;219,8;BR-116/SP;Pista Sul;Engavetamento;1;2;3;0;0;0;1
25/01/2012;04:21:00;72;com vítima;233,4;BR-116/RJ;Pista Norte;Colisão traseira;2;1;1;0;0;0;1
25/01/2012;23:40:00;798;com vítima;331,2;BR-116/RJ;Pista Sul;Engavetamento;3;2;0;0;1;0;2
26/01/2012;14:43:00;477;sem vítima;1,8;BR-116/SP;Pista Sul;Choque em barreira New Jersey;1;3;0;0;0;0;1
26/01/2012;06:15:00;90;com vítima;26,8;BR-116/SP;Pista Norte;Colisão traseira;1;1;1;1;1;0;2
26/01/2012;03:51:00;43;sem vítima;37,5;BR-116/SP;Pista Norte;Atropelamento de animal;2;8;0;0;0;0;1
26/01/2012;15:48:00;518;com vítima;136;BR-116/SP;Pista Norte;Colisão traseira;1;1;1;0;0;0;1
26/01/2012;06:02:00;76;com vítima;152,3;BR-116/SP;Pista Sul;Atropelamento de pedestre atravessando;1;2;0;0;0;1;3
26/01/2012;13:59:00;453;sem vítima;162;BR-116/SP;Pista Sul;Colisão traseira;1;2;0;0;0;0;1
26/01/2012;14:01:00;454;sem vítima;173;BR-116/SP;Pista Norte;Colisão traseira;1;2;0;0;0;0;1
26/01/2012;19:19:00;650;sem vítima;173,4;BR-116/RJ;Pista Sul;Abalroamento longitudinal;1;2;0;0;0;0;1
26/01/2012;16:18:00;543;com vítima;180,45;BR-116/SP;Pista Norte;Tombamento;1;0;1;0;0;0;1
26/01/2012;09:49:00;273;sem vítima;182;BR-116/SP;Pista Norte;Choque em objeto fixo;1;2;0;0;0;0;1
26/01/2012;23:37:00;767;sem vítima;186,2;BR-116/SP;Pista Norte;Choque Talude;2;2;0;0;0;0;1
26/01/2012;07:18:00;130;sem vítima;207;BR-116/SP;Pista Sul;Colisão traseira;2;2;0;0;0;0;1
26/01/2012;14:43:00;476;sem vítima;210;BR-116/SP;Pista Sul;Engavetamento;1;22;0;0;0;0;1
26/01/2012;13:15:00;417;sem vítima;225,05;BR-116/RJ;Pista Norte;Choque Talude;1;1;0;0;0;0;1
26/01/2012;11:43:00;351;sem vítima;230,2;BR-116/SP;Pista Sul;Colisão traseira;2;2;0;0;0;0;1
26/01/2012;19:09:00;647;sem vítima;261,5;BR-116/RJ;Pista Norte;Tombamento;1;1;0;0;0;0;1
26/01/2012;15:16:00;498;sem vítima;274,4;BR-116/RJ;Pista Sul;Choque Talude;1;1;0;0;0;0;1
26/01/2012;09:40:00;265;sem vítima;283,2;BR-116/RJ;Pista Sul;Engavetamento;1;3;0;0;0;0;1
27/01/2012;00:52:00;20;sem vítima;18,4;BR-116/SP;Pista Norte;Choque em objeto na pista;1;1;0;0;0;0;1
27/01/2012;16:05:00;536;sem vítima;70,8;BR-116/SP;Pista Sul;Colisão traseira;1;2;0;0;0;0;1
27/01/2012;12:54:00;426;sem vítima;137;BR-116/SP;Pista Sul;Colisão traseira;2;2;0;0;0;0;1
27/01/2012;08:31:00;223;sem vítima;164,1;BR-116/RJ;Pista Sul;Colisão traseira;1;2;0;0;0;0;1
27/01/2012;23:32:00;783;com vítima;168,6;BR-116/RJ;Pista Sul;Colisão traseira;2;1;1;0;0;0;1
27/01/2012;20:10:00;687;sem vítima;171,5;BR-116/RJ;Pista Sul;Abalroamento longitudinal;1;2;0;0;0;0;1
27/01/2012;17:02:00;578;sem vítima;173,4;BR-116/RJ;Pista Sul;Abalroamento longitudinal;1;2;0;0;0;0;1
27/01/2012;17:19:00;583;sem vítima;174,25;BR-116/SP;Pista Sul;Colisão traseira;1;2;0;0;0;0;1
27/01/2012;16:20:00;544;sem vítima;175,1;BR-116/RJ;Pista Sul;Abalroamento longitudinal;1;2;0;0;0;0;1
27/01/2012;08:09:00;206;sem vítima;219,4;BR-116/SP;Pista Sul;Colisão traseira;1;2;0;0;0;0;1
27/01/2012;18:47:00;643;sem vítima;223,3;BR-116/RJ;Pista Norte;Choque Talude;1;1;0;0;0;0;1
27/01/2012;12:59:00;429;sem vítima;226,1;BR-116/SP;Pista Sul;Colisão traseira;1;2;0;0;0;0;1
27/01/2012;13:52:00;465;com vítima;230,4;BR-116/SP;Pista Sul;Abalroamento longitudinal;1;1;1;0;0;0;1
27/01/2012;18:58:00;650;sem vítima;279,1;BR-116/RJ;Pista Sul;Choque em barreira New Jersey;1;1;0;0;0;0;1
28/01/2012;05:37:00;101;sem vítima;65,9;BR-116/SP;Pista Norte;Choque em barreira New Jersey;1;2;0;0;0;0;1
28/01/2012;01:32:00;33;sem vítima;139,2;BR-116/SP;Pista Sul;Choque em objeto fixo;1;1;0;0;0;0;1
28/01/2012;14:43:00;390;sem vítima;175;BR-116/RJ;Pista Sul;Colisão traseira;2;3;0;0;0;0;1
28/01/2012;05:42:00;105;sem vítima;175,4;BR-116/RJ;Pista Norte;Colisão traseira;1;2;0;0;0;0;1
28/01/2012;08:47:00;215;sem vítima;181,5;BR-116/RJ;Pista Sul;Choque em defensa;1;3;0;0;0;0;1
28/01/2012;18:16:00;490;sem vítima;184;BR-116/RJ;Pista Sul;Colisão traseira;1;2;0;0;0;0;1
28/01/2012;13:15:00;352;com vítima;204;BR-116/SP;Pista Sul;Engavetamento;2;3;2;0;0;0;1
28/01/2012;11:48:00;310;sem vítima;220,3;BR-116/RJ;Pista Sul;Tombamento;1;1;0;0;0;0;1
28/01/2012;00:00:00;1;com vítima;223,4;BR-116/SP;Pista Sul;Choque em objeto fixo;1;4;1;0;0;0;1
28/01/2012;09:31:00;237;com vítima;226,3;BR-116/RJ;Pista Sul;Colisão traseira;1;1;2;0;0;0;1
28/01/2012;16:14:00;429;com vítima;238;BR-116/RJ;Pista Sul;Colisão traseira;1;2;0;1;0;0;2
28/01/2012;21:17:00;591;sem vítima;278,95;BR-116/RJ;Pista Sul;Choque em barreira New Jersey;1;1;0;0;0;0;1
28/01/2012;20:26:00;568;sem vítima;279,2;BR-116/RJ;Pista Sul;Choque em barreira New Jersey;1;1;0;0;0;0;1
28/01/2012;20:55:00;578;sem vítima;279,2;BR-116/RJ;Pista Sul;Colisão traseira;2;2;0;0;0;0;1
28/01/2012;02:11:00;44;sem vítima;312,5;BR-116/RJ;Pista Sul;Choque em objeto fixo;1;1;0;0;0;0;1
28/01/2012;16:35:00;443;sem vítima;323;BR-116/RJ;Pista Norte;Colisão traseira;1;2;0;0;0;0;1
29/01/2012;10:07:00;238;sem vítima;31,4;BR-116/SP;Pista Sul;Abalroamento longitudinal;1;2;0;0;0;0;1
29/01/2012;18:25:00;496;sem vítima;69,6;BR-116/SP;Pista Sul;Colisão traseira;1;2;0;0;0;0;1
29/01/2012;16:31:00;437;sem vítima;183,3;BR-116/RJ;Pista Norte;Choque em barreira New Jersey;1;3;0;0;0;0;1
29/01/2012;23:57:00;655;sem vítima;201,1;BR-116/SP;Pista Sul;Colisão traseira;1;3;0;0;0;0;1
29/01/2012;09:14:00;203;com vítima;265,05;BR-116/RJ;Pista Sul;Tombamento;1;0;0;1;0;0;2
30/01/2012;00:27:00;5;com vítima;35,15;BR-116/SP;Pista Norte;Colisão traseira;2;1;1;0;0;0;1
30/01/2012;18:26:00;601;sem vítima;123,5;BR-116/SP;Pista Sul;Colisão traseira;1;3;0;0;0;0;1
30/01/2012;17:35:00;570;sem vítima;173,3;BR-116/RJ;Pista Sul;Colisão traseira;1;2;0;0;0;0;1
30/01/2012;17:15:00;559;sem vítima;209,6;BR-116/SP;Pista Sul;Engavetamento;1;4;0;0;0;0;1
30/01/2012;16:22:00;526;sem vítima;220,5;BR-116/SP;Pista Norte;Colisão traseira;1;21;0;0;0;0;1
30/01/2012;10:42:00;316;com vítima;221;BR-116/SP;Pista Norte;Engavetamento;1;4;0;1;0;0;2
30/01/2012;10:40:00;315;sem vítima;221,6;BR-116/RJ;Pista Norte;Abalroamento longitudinal;1;2;0;0;0;0;1
30/01/2012;09:37:00;251;sem vítima;223,6;BR-116/SP;Pista Norte;Abalroamento longitudinal;1;2;0;0;0;0;1
30/01/2012;06:18:00;80;sem vítima;228,1;BR-116/SP;Pista Sul;Engavetamento;1;5;0;0;0;0;1
30/01/2012;06:12:00;78;sem vítima;229;BR-116/SP;Pista Sul;Outros;1;1;0;0;0;0;1
30/01/2012;12:17:00;378;sem vítima;231;BR-116/SP;Pista Norte;Abalroamento longitudinal;1;2;0;0;0;0;1
30/01/2012;09:38:00;253;sem vítima;246,9;BR-116/RJ;Pista Sul;Abalroamento longitudinal;1;2;0;0;0;0;1
30/01/2012;15:35:00;491;com vítima;264;BR-116/RJ;Pista Norte;Abalroamento longitudinal;1;2;1;0;0;0;1
31/01/2012;19:31:00;675;com vítima;71;BR-116/SP;Pista Norte;Choque em veículo parado na pista;2;2;1;0;0;0;1
31/01/2012;13:53:00;453;com vítima;115,5;BR-116/SP;Pista Sul;Colisão frontal;1;4;1;0;0;0;1
31/01/2012;12:27:00;416;sem vítima;124,8;BR-116/SP;Pista Sul;Choque em objeto fixo;1;1;0;0;0;0;1
31/01/2012;03:28:00;59;sem vítima;138,3;BR-116/SP;Pista Norte;Choque em objeto fixo;1;1;0;0;0;0;1
31/01/2012;08:51:00;264;com vítima;142,7;BR-116/SP;Pista Norte;Engavetamento;2;3;1;0;0;0;1
31/01/2012;02:48:00;51;sem vítima;158,83;BR-116/SP;Pista Sul;Outros;2;2;0;0;0;0;1
31/01/2012;18:50:00;645;sem vítima;160,8;BR-116/SP;Pista Sul;Abalroamento longitudinal;1;2;0;0;0;0;1
31/01/2012;09:00:00;272;sem vítima;163;BR-116/RJ;Pista Sul;Colisão traseira;1;2;0;0;0;0;1
31/01/2012;18:27:00;624;com vítima;179,35;BR-116/RJ;Pista Norte;Queda de ribanceira;1;0;0;0;1;0;2
31/01/2012;10:15:00;322;sem vítima;211;BR-116/SP;Pista Sul;Abalroamento longitudinal;2;2;0;0;0;0;1
31/01/2012;02:27:00;43;sem vítima;225,1;BR-116/RJ;Pista Norte;Colisão traseira;2;2;0;0;0;0;1
31/01/2012;18:45:00;641;sem vítima;258;BR-116/RJ;Pista Norte;Colisão traseira;1;2;0;0;0;0;1
31/01/2012;19:05:00;656;sem vítima;278,4;BR-116/RJ;Pista Sul;Colisão traseira;1;2;0;0;0;0;1
01/02/2012;08:57:00;233;sem vítima;71,5;BR-116/SP;Pista Norte;Colisão traseira;2;2;0;0;0;0;1
01/02/2012;07:04:00;110;sem vítima;101;BR-116/SP;Pista Norte;Abalroamento longitudinal;1;2;0;0;0;0;1
01/02/2012;07:27:00;142;com vítima;102,8;BR-116/SP;Pista Sul;Engavetamento;1;2;1;0;0;0;1
01/02/2012;14:59:00;473;com vítima;111;BR-116/SP;Pista Norte;Atropelamento de pedestre atravessando;1;1;1;0;0;0;1
01/02/2012;18:21:00;632;com vítima;142,5;BR-116/SP;Pista Sul;Choque em veículo parado na pista;2;2;1;0;0;0;1
01/02/2012;17:49:00;608;com vítima;146,8;BR-116/SP;Pista Norte;Engavetamento;1;3;1;0;0;0;1
01/02/2012;09:07:00;243;com vítima;164,6;BR-116/RJ;Pista Norte;Abalroamento longitudinal;1;1;1;0;0;0;1
01/02/2012;05:37:00;72;sem vítima;167,8;BR-116/SP;Pista Norte;Colisão traseira;2;2;0;0;0;0;1