data;horario;n_da_ocorrencia;tipo_de_ocorrencia;km;trecho;sentido;tipo_de_acidente;caminhao;ilesos;levemente_feridos;moderadamente_feridos;gravemente_feridos;mortos;3
01/02/2012;20:24:00;717;sem vítima;168;BR-116/RJ;Pista Norte;Abalroamento longitudinal;1;3;0;0;0;0;1
01/02/2012;11:18:00;333;sem vítima;174;BR-116/RJ;Pista Norte;Engavetamento;2;5;0;0;0;0;1
01/02/2012;05:33:00;70;sem vítima;211,9;BR-116/SP;Pista Norte;Choque em objeto na pista;1;2;0;0;0;0;1
01/02/2012;06:02:00;79;sem vítima;219,8;BR-116/SP;Pista Norte;Abalroamento longitudinal;1;2;0;0;0;0;1
01/02/2012;04:45:00;50;sem vítima;225,1;BR-116/RJ;Pista Sul;Colisão traseira;2;2;0;0;0;0;1
01/02/2012;11:56:00;358;sem vítima;227,8;BR-116/SP;Pista Norte;Abalroamento longitudinal;1;3;0;0;0;0;1
01/02/2012;04:47:00;51;sem vítima;279,6;BR-116/RJ;Pista Norte;Colisão traseira;1;2;0;0;0;0;1
02/02/2012;02:26:00;36;com vítima;91,4;BR-116/SP;Pista Norte;Colisão traseira;2;1;1;0;0;0;1
02/02/2012;07:49:00;152;sem vítima;137,3;BR-116/SP;Pista Norte;Colisão traseira;1;2;0;0;0;0;1
02/02/2012;21:03:00;702;sem vítima;138,3;BR-116/SP;Pista Sul;Choque em objeto fixo;1;1;0;0;0;0;1
02/02/2012;22:21:00;743;sem vítima;151,5;BR-116/SP;Pista Sul;Abalroamento longitudinal;1;2;0;0;0;0;1
02/02/2012;11:05:00;321;sem vítima;154;BR-116/SP;Pista Sul;Abalroamento longitudinal;1;3;0;0;0;0;1
02/02/2012;09:22:00;239;sem vítima;165,3;BR-116/RJ;Pista Norte;Abalroamento longitudinal;1;2;0;0;0;0;1
02/02/2012;13:06:00;392;com vítima;170;BR-116/RJ;Pista Norte;Abalroamento longitudinal;1;1;2;0;0;0;1
02/02/2012;05:03:00;65;com vítima;171,8;BR-116/RJ;Pista Sul;Abalroamento longitudinal;1;1;5;0;0;0;1
02/02/2012;05:46:00;75;com vítima;177,65;BR-116/RJ;Pista Norte;Choque em veículo parado na pista;3;2;1;0;0;0;1
02/02/2012;08:47:00;208;sem vítima;180;BR-116/RJ;Pista Norte;Engavetamento;1;4;0;0;0;0;1
02/02/2012;15:49:00;499;sem vítima;217,9;BR-116/SP;Pista Sul;Colisão traseira;2;2;0;0;0;0;1
02/02/2012;18:00:00;577;com vítima;221,35;BR-116/SP;Pista Norte;Queda de moto;1;1;0;0;0;1;3
02/02/2012;16:12:00;512;sem vítima;225;BR-116/SP;Pista Norte;Engavetamento;1;3;0;0;0;0;1
02/02/2012;16:48:00;527;sem vítima;225,4;BR-116/RJ;Pista Sul;Colisão traseira;2;2;0;0;0;0;1
02/02/2012;03:06:00;45;sem vítima;225,6;BR-116/SP;Pista Sul;Colisão traseira;1;2;0;0;0;0;1
02/02/2012;05:56:00;82;sem vítima;244,5;BR-116/RJ;Pista Norte;Colisão traseira;2;3;0;0;0;0;1
02/02/2012;17:39:00;559;sem vítima;278,1;BR-116/RJ;Pista Norte;Colisão traseira;1;2;0;0;0;0;1
02/02/2012;12:56:00;387;com vítima;308,6;BR-116/RJ;Pista Norte;Abalroamento longitudinal;1;1;1;0;0;0;1
02/02/2012;08:58:00;220;sem vítima;317,1;BR-116/RJ;Pista Norte;Abalroamento longitudinal;1;2;0;0;0;0;1
03/02/2012;04:57:00;94;sem vítima;0;BR-116/SP;Pista Norte;Outros;1;1;0;0;0;0;1
03/02/2012;12:39:00;442;sem vítima;85,3;BR-116/SP;Pista Sul;Engavetamento;3;4;0;0;0;0;1
03/02/2012;05:17:00;100;sem vítima;92;BR-116/SP;Pista Sul;Choque em objeto fixo;1;1;0;0;0;0;1
03/02/2012;06:56:00;136;sem vítima;127,7;BR-116/SP;Pista Norte;Abalroamento longitudinal;1;3;0;0;0;0;1
03/02/2012;15:57:00;582;com vítima;139,3;BR-116/SP;Pista Sul;Engavetamento;2;4;1;0;0;0;1
03/02/2012;05:58:00;110;sem vítima;139,79;BR-116/SP;Pista Norte;Colisão traseira;1;4;0;0;0;0;1
03/02/2012;21:14:00;825;sem vítima;165,1;BR-116/RJ;Pista Sul;Engavetamento;1;4;0;0;0;0;1
03/02/2012;21:38:00;841;sem vítima;172,9;BR-116/RJ;Pista Sul;Abalroamento longitudinal;1;3;0;0;0;0;1
03/02/2012;05:52:00;107;sem vítima;204;BR-116/SP;Pista Sul;Colisão traseira;1;2;0;0;0;0;1
03/02/2012;13:37:00;481;com vítima;204;BR-116/SP;Pista Norte;Choque em objeto fixo;1;0;0;0;1;0;2
03/02/2012;15:37:00;568;sem vítima;227;BR-116/SP;Pista Norte;Abalroamento longitudinal;1;3;0;0;0;0;1
03/02/2012;09:57:00;313;sem vítima;235,1;BR-116/RJ;Pista Norte;Colisão traseira;1;2;0;0;0;0;1
04/02/2012;08:02:00;194;sem vítima;30;BR-116/SP;Pista Norte;Choque em barreira New Jersey;1;1;0;0;0;0;1
04/02/2012;06:56:00;143;com vítima;207,49;BR-116/RJ;Pista Norte;Outros;2;40;2;2;0;0;2
04/02/2012;01:55:00;42;com vítima;215,4;BR-116/SP;Pista Norte;Colisão traseira;1;1;0;1;0;0;2
04/02/2012;10:53:00;323;sem vítima;219,2;BR-116/SP;Pista Sul;Abalroamento longitudinal;1;3;0;0;0;0;1
04/02/2012;13:37:00;433;sem vítima;221,6;BR-116/SP;Pista Norte;Abalroamento longitudinal;1;7;0;0;0;0;1
04/02/2012;20:59:00;686;sem vítima;226,8;BR-116/RJ;Pista Norte;Abalroamento longitudinal;1;2;0;0;0;0;1
04/02/2012;13:19:00;421;sem vítima;278;BR-116/RJ;Pista Sul;Colisão traseira;1;2;0;0;0;0;1
05/02/2012;18:36:00;527;sem vítima;146,85;BR-116/SP;Pista Sul;Colisão traseira;1;2;0;0;0;0;1
05/02/2012;07:19:00;128;com vítima;227,9;BR-116/RJ;Pista Norte;Tombamento;1;0;1;0;0;0;1
05/02/2012;22:01:00;668;sem vítima;265,7;BR-116/RJ;Pista Norte;Colisão traseira;1;2;0;0;0;0;1
05/02/2012;15:05:00;385;sem vítima;272,95;BR-116/RJ;Pista Norte;Choque em barreira New Jersey;1;1;0;0;0;0;1
05/02/2012;18:12:00;511;sem vítima;308,4;BR-116/RJ;Pista Norte;Abalroamento longitudinal;1;6;0;0;0;0;1
05/02/2012;19:15:00;560;sem vítima;310,7;BR-116/RJ;Pista Norte;Abalroamento longitudinal;1;5;0;0;0;0;1
06/02/2012;19:01:00;638;sem vítima;41,2;BR-116/SP;Pista Sul;Abalroamento longitudinal;1;4;0;0;0;0;1
06/02/2012;09:58:00;281;sem vítima;130,6;BR-116/SP;Pista Sul;Engavetamento;2;3;0;0;0;0;1
06/02/2012;00:20:00;9;sem vítima;135,8;BR-116/SP;Pista Norte;Colisão traseira;2;2;0;0;0;0;1
06/02/2012;09:01:00;239;sem vítima;145,5;BR-116/SP;Pista Sul;Abalroamento longitudinal;1;3;0;0;0;0;1
06/02/2012;23:45:00;835;sem vítima;178,2;BR-116/RJ;Pista Sul;Engavetamento;1;3;0;0;0;0;1
06/02/2012;06:31:00;100;sem vítima;211,2;BR-116/SP;Pista Sul;Tombamento;1;1;0;0;0;0;1
06/02/2012;17:20:00;551;sem vítima;226,3;BR-116/SP;Pista Sul;Abalroamento longitudinal;1;3;0;0;0;0;1
06/02/2012;09:22:00;251;com vítima;264,1;BR-116/RJ;Pista Sul;Capotamento;1;1;1;0;0;0;1
06/02/2012;10:22:00;296;sem vítima;315;BR-116/RJ;Pista Sul;Choque em objeto na pista;1;1;0;0;0;0;1
07/02/2012;06:42:00;119;sem vítima;85,8;BR-116/SP;Pista Norte;Colisão traseira;2;2;0;0;0;0;1
07/02/2012;16:04:00;598;sem vítima;172,2;BR-116/RJ;Pista Sul;Colisão traseira;1;2;0;0;0;0;1
07/02/2012;09:09:00;299;com vítima;172,5;BR-116/SP;Pista Sul;Choque em barreira New Jersey;1;0;0;1;0;0;2
07/02/2012;07:46:00;191;sem vítima;175,1;BR-116/RJ;Pista Norte;Abalroamento longitudinal;1;2;0;0;0;0;1
07/02/2012;08:59:00;280;sem vítima;212;BR-116/SP;Pista Norte;Colisão traseira;1;2;0;0;0;0;1
07/02/2012;16:57:00;650;sem vítima;215,64;BR-116/SP;Pista Sul;Choque em objeto fixo;1;1;0;0;0;0;1
07/02/2012;08:20:00;241;com vítima;217,6;BR-116/SP;Pista Sul;Engavetamento;1;5;1;0;0;0;1
07/02/2012;16:07:00;600;sem vítima;220;BR-116/SP;Pista Sul;Abalroamento longitudinal;1;2;0;0;0;0;1
08/02/2012;07:04:00;108;com vítima;38,7;BR-116/SP;Pista Norte;Choque em objeto fixo;1;0;0;2;0;0;2
08/02/2012;22:55:00;826;sem vítima;53,6;BR-116/SP;Pista Norte;Choque em objeto na pista;1;2;0;0;0;0;1
08/02/2012;19:09:00;691;sem vítima;59,5;BR-116/SP;Pista Sul;Abalroamento longitudinal;1;2;0;0;0;0;1
08/02/2012;14:10:00;454;com vítima;119;BR-116/SP;Pista Norte;Engavetamento;1;2;1;0;0;0;1
08/02/2012;02:52:00;34;com vítima;131,1;BR-116/SP;Pista Norte;Abalroamento longitudinal;2;1;1;0;0;0;1
08/02/2012;06:58:00;99;com vítima;141,2;BR-116/SP;Pista Norte;Abalroamento longitudinal;1;1;3;0;0;0;1
08/02/2012;13:09:00;404;sem vítima;146;BR-116/SP;Pista Norte;Abalroamento longitudinal;1;2;0;0;0;0;1
08/02/2012;20:13:00;734;sem vítima;165,2;BR-116/SP;Pista Norte;Engavetamento;2;5;0;0;0;0;1
08/02/2012;20:10:00;733;sem vítima;165,8;BR-116/RJ;Pista Sul;Engavetamento;1;3;0;0;0;0;1
08/02/2012;18:18:00;657;sem vítima;177,7;BR-116/SP;Pista Sul;Choque em barreira New Jersey;2;2;0;0;0;0;1
08/02/2012;11:22:00;334;sem vítima;178,9;BR-116/RJ;Pista Norte;Abalroamento longitudinal;1;2;0;0;0;0;1
08/02/2012;04:26:00;45;sem vítima;183;BR-116/SP;Pista Sul;Colisão traseira;2;2;0;0;0;0;1
08/02/2012;12:49:00;394;sem vítima;200,4;BR-116/SP;Pista Sul;Engavetamento;1;3;0;0;0;0;1
08/02/2012;10:22:00;294;sem vítima;213;BR-116/SP;Pista Sul;Colisão traseira;2;2;0;0;0;0;1
08/02/2012;21:53:00;788;sem vítima;219,4;BR-116/SP;Pista Norte;Colisão traseira;1;3;0;0;0;0;1
08/02/2012;20:28:00;747;sem vítima;222,15;BR-116/RJ;Pista Norte;Colisão traseira;1;2;0;0;0;0;1
08/02/2012;18:38:00;669;sem vítima;275,7;BR-116/RJ;Pista Norte;Abalroamento longitudinal;1;2;0;0;0;0;1
08/02/2012;21:48:00;783;sem vítima;310,9;BR-116/RJ;Pista Norte;Choque em objeto fixo;2;3;0;0;0;0;1
09/02/2012;15:33:00;520;com vítima;6,1;BR-116/SP;Pista Sul;Colisão traseira;2;1;0;1;0;0;2
09/02/2012;22:29:00;806;sem vítima;11;BR-116/SP;Pista Sul;Choque em barreira New Jersey;1;2;0;0;0;0;1
09/02/2012;18:38:00;647;sem vítima;150,1;BR-116/SP;Pista Sul;Engavetamento;2;6;0;0;0;0;1
09/02/2012;15:22:00;513;sem vítima;153,3;BR-116/SP;Pista Sul;Abalroamento longitudinal;1;2;0;0;0;0;1
09/02/2012;20:23:00;729;sem vítima;153,4;BR-116/SP;Pista Sul;Choque em veículo parado na pista;2;3;0;0;0;0;1
09/02/2012;21:04:00;759;sem vítima;173,7;BR-116/RJ;Pista Sul;Abalroamento longitudinal;1;5;0;0;0;0;1
09/02/2012;20:27:00;734;sem vítima;221,8;BR-116/RJ;Pista Sul;Abalroamento longitudinal;1;2;0;0;0;0;1
09/02/2012;16:05:00;542;com vítima;223,5;BR-116/SP;Pista Norte;Colisão traseira;1;1;1;0;0;0;1
09/02/2012;02:16:00;25;com vítima;223,8;BR-116/RJ;Pista Norte;Choque em barreira New Jersey;2;1;0;0;0;1;3
09/02/2012;10:54:00;346;sem vítima;224,3;BR-116/SP;Pista Norte;Colisão traseira;3;3;0;0;0;0;1
09/02/2012;22:20:00;800;com vítima;228,2;BR-116/RJ;Pista Norte;Choque em barreira New Jersey;1;1;1;0;0;0;1
09/02/2012;22:11:00;796;com vítima;323,6;BR-116/RJ;Pista Sul;Atropelamento de pedestre atravessando;1;1;0;1;0;0;2
10/02/2012;15:16:00;552;com vítima;165,3;BR-116/RJ;Pista Sul;Abalroamento longitudinal;2;2;0;0;0;1;3
10/02/2012;20:01:00;773;sem vítima;169,6;BR-116/RJ;Pista Sul;Abalroamento longitudinal;1;4;0;0;0;0;1
10/02/2012;01:44:00;36;sem vítima;170,25;BR-116/RJ;Pista Sul;Colisão traseira;1;2;0;0;0;0;1
10/02/2012;16:59:00;623;sem vítima;173;BR-116/RJ;Pista Sul;Abalroamento longitudinal;1;4;0;0;0;0;1
10/02/2012;13:14:00;454;sem vítima;173,4;BR-116/RJ;Pista Norte;Colisão traseira;1;2;0;0;0;0;1
10/02/2012;14:46:00;529;com vítima;185,1;BR-116/SP;Pista Norte;Engavetamento;2;9;1;0;0;0;1
10/02/2012;04:48:00;106;sem vítima;217;BR-116/RJ;Pista Norte;Choque em objeto na pista;1;1;0;0;0;0;1
10/02/2012;10:55:00;369;sem vítima;218,6;BR-116/SP;Pista Norte;Colisão traseira;1;3;0;0;0;0;1
10/02/2012;20:44:00;809;sem vítima;219,1;BR-116/RJ;Pista Sul;Colisão traseira;1;2;0;0;0;0;1
10/02/2012;00:47:00;17;sem vítima;222;BR-116/RJ;Pista Norte;Choque em barreira New Jersey;1;1;0;0;0;0;1
10/02/2012;19:24:00;748;sem vítima;222,4;BR-116/SP;Pista Norte;Abalroamento longitudinal;1;3;0;0;0;0;1
10/02/2012;04:14:00;93;sem vítima;238,1;BR-116/RJ;Pista Sul;Choque em barreira New Jersey;1;1;0;0;0;0;1
10/02/2012;18:06:00;689;sem vítima;240,1;BR-116/RJ;Pista Norte;Abalroamento longitudinal;1;3;0;0;0;0;1
10/02/2012;18:11:00;697;sem vítima;244,75;BR-116/RJ;Pista Sul;Choque em barreira New Jersey;1;1;0;0;0;0;1
10/02/2012;20:43:00;806;sem vítima;311;BR-116/RJ;Pista Norte;Colisão traseira;1;2;0;0;0;0;1
11/02/2012;02:27:00;59;sem vítima;23,4;BR-116/SP;Pista Norte;Choque em objeto fixo;1;1;0;0;0;0;1
11/02/2012;14:55:00;452;com vítima;142,7;BR-116/SP;Pista Norte;Colisão traseira;1;1;1;0;0;0;1
11/02/2012;07:03:00;143;sem vítima;187,9;BR-116/SP;Pista Sul;Colisão traseira;1;6;0;0;0;0;1
11/02/2012;07:21:00;160;sem vítima;199,1;BR-116/SP;Pista Sul;Abalroamento longitudinal;1;2;0;0;0;0;1
11/02/2012;09:26:00;250;sem vítima;285,45;BR-116/RJ;Pista Sul;Engavetamento;1;3;0;0;0;0;1
11/02/2012;02:15:00;55;sem vítima;318,9;BR-116/RJ;Pista Norte;Choque em veículo parado na pista;1;4;0;0;0;0;1
12/02/2012;21:51:00;661;sem vítima;4,4;BR-116/SP;Pista Norte;Choque em veículo parado na pista;3;3;0;0;0;0;1
12/02/2012;12:31:00;302;com vítima;60,7;BR-116/SP;Pista Sul;Choque em barreira New Jersey;2;0;4;0;0;0;1
12/02/2012;06:48:00;110;sem vítima;173,7;BR-116/RJ;Pista Sul;Colisão traseira;1;4;0;0;0;0;1
12/02/2012;07:03:00;115;com vítima;173,72;BR-116/RJ;Pista Sul;Choque em veículo parado na pista;1;1;0;1;0;0;2
12/02/2012;16:54:00;462;sem vítima;175;BR-116/RJ;Pista Norte;Abalroamento longitudinal;1;2;0;0;0;0;1
12/02/2012;18:33:00;537;com vítima;175,2;BR-116/RJ;Pista Norte;Choque em veículo parado na pista;2;3;0;1;0;0;2
12/02/2012;06:07:00;99;sem vítima;202,05;BR-116/SP;Pista Norte;Choque em barreira New Jersey;1;3;0;0;0;0;1
12/02/2012;21:08:00;627;sem vítima;208,9;BR-116/RJ;Pista Sul;Queda de ribanceira;1;1;0;0;0;0;1
12/02/2012;08:14:00;165;com vítima;261;BR-116/RJ;Pista Norte;Choque em barreira New Jersey;1;0;0;1;0;0;2
12/02/2012;19:56:00;592;sem vítima;286,62;BR-116/RJ;Pista Sul;Abalroamento longitudinal;1;2;0;0;0;0;1
13/02/2012;04:00:00;56;com vítima;80,93;BR-116/SP;Pista Sul;Tombamento;1;7;1;0;0;0;1
13/02/2012;04:31:00;63;sem vítima;189;BR-116/SP;Pista Sul;Colisão traseira;1;2;0;0;0;0;1
13/02/2012;17:06:00;535;com vítima;224,7;BR-116/SP;Pista Norte;Choque em objeto na pista;1;1;1;0;0;0;1
13/02/2012;18:34:00;605;sem vítima;227,8;BR-116/RJ;Pista Norte;Choque Talude;1;3;0;0;0;0;1
13/02/2012;22:11:00;724;sem vítima;229,3;BR-116/SP;Pista Sul;Choque em veículo parado na pista;1;6;0;0;0;0;1
13/02/2012;17:56:00;575;sem vítima;229,35;BR-116/RJ;Pista Norte;Abalroamento longitudinal;1;3;0;0;0;0;1
13/02/2012;16:37:00;518;com vítima;281,1;BR-116/RJ;Pista Norte;Choque em objeto fixo;1;0;2;0;0;0;1
13/02/2012;13:19:00;411;sem vítima;298;BR-116/RJ;Pista Norte;Abalroamento longitudinal;1;2;0;0;0;0;1
14/02/2012;19:16:00;638;com vítima;60,3;BR-116/SP;Pista Sul;Abalroamento longitudinal;1;5;0;1;0;0;2
14/02/2012;17:27:00;561;sem vítima;107,6;BR-116/SP;Pista Norte;Colisão traseira;2;2;0;0;0;0;1
14/02/2012;19:01:00;624;sem vítima;148,2;BR-116/SP;Pista Norte;Colisão traseira;1;2;0;0;0;0;1
14/02/2012;08:04:00;177;sem vítima;165,8;BR-116/RJ;Pista Norte;Abalroamento longitudinal;1;2;0;0;0;0;1
14/02/2012;04:16:00;61;sem vítima;169,2;BR-116/SP;Pista Norte;Choque em barreira New Jersey;1;1;0;0;0;0;1
14/02/2012;07:07:00;120;sem vítima;310,7;BR-116/RJ;Pista Sul;Choque em objeto na pista;1;1;0;0;0;0;1
15/02/2012;13:48:00;459;com vítima;83,1;BR-116/SP;Pista Norte;Tombamento;1;0;1;0;0;0;1
15/02/2012;11:18:00;373;sem vítima;164;BR-116/SP;Pista Norte;Colisão traseira;2;2;0;0;0;0;1
15/02/2012;09:29:00;287;sem vítima;171,2;BR-116/RJ;Pista Sul;Colisão traseira;2;2;0;0;0;0;1
15/02/2012;20:18:00;734;sem vítima;173;BR-116/RJ;Pista Sul;Abalroamento longitudinal;1;2;0;0;0;0;1
15/02/2012;16:08:00;556;sem vítima;173,5;BR-116/RJ;Pista Sul;Abalroamento longitudinal;1;2;0;0;0;0;1
15/02/2012;10:15:00;328;sem vítima;179,6;BR-116/RJ;Pista Norte;Abalroamento longitudinal;1;2;0;0;0;0;1
15/02/2012;21:55:00;782;sem vítima;192,9;BR-116/RJ;Pista Norte;Abalroamento longitudinal;2;2;0;0;0;0;1
15/02/2012;08:22:00;219;sem vítima;210;BR-116/SP;Pista Norte;Abalroamento longitudinal;1;2;0;0;0;0;1
15/02/2012;05:37:00;87;sem vítima;318,9;BR-116/RJ;Pista Norte;Choque em objeto fixo;1;1;0;0;0;0;1
16/02/2012;06:46:00;124;sem vítima;34,4;BR-116/SP;Pista Norte;Colisão traseira;1;5;0;0;0;0;1
16/02/2012;18:59:00;657;sem vítima;82,8;BR-116/SP;Pista Norte;Choque em veículo parado na pista;2;2;0;0;0;0;1
16/02/2012;16:24:00;552;com vítima;150,9;BR-116/SP;Pista Norte;Choque em defensa;1;1;1;0;0;0;1
16/02/2012;10:10:00;319;sem vítima;156;BR-116/SP;Pista Norte;Choque em objeto na pista;1;1;0;0;0;0;1
16/02/2012;08:07:00;199;sem vítima;160,2;BR-116/SP;Pista Norte;Colisão traseira;2;2;0;0;0;0;1
16/02/2012;22:14:00;764;sem vítima;168,8;BR-116/RJ;Pista Sul;Abalroamento longitudinal;1;2;0;0;0;0;1
16/02/2012;05:32:00;87;sem vítima;170,3;BR-116/RJ;Pista Norte;Abalroamento longitudinal;2;2;0;0;0;0;1
16/02/2012;19:22:00;671;sem vítima;173,8;BR-116/RJ;Pista Sul;Abalroamento longitudinal;1;2;0;0;0;0;1
16/02/2012;13:38:00;453;com vítima;177;BR-116/RJ;Pista Sul;Engavetamento;1;7;1;0;0;0;1
16/02/2012;16:20:00;548;sem vítima;182,5;BR-116/SP;Pista Norte;Colisão traseira;1;12;0;0;0;0;1
16/02/2012;03:53:00;62;com vítima;191,73;BR-116/RJ;Pista Sul;Colisão traseira;1;0;1;0;1;1;3
16/02/2012;19:02:00;659;sem vítima;198,5;BR-116/SP;Pista Norte;Choque em barreira New Jersey;1;1;0;0;0;0;1
16/02/2012;10:45:00;348;sem vítima;204;BR-116/SP;Pista Sul;Colisão traseira;1;2;0;0;0;0;1
16/02/2012;09:25:00;275;sem vítima;224;BR-116/RJ;Pista Norte;Abalroamento longitudinal;2;2;0;0;0;0;1
16/02/2012;18:32:00;642;sem vítima;227,9;BR-116/SP;Pista Norte;Abalroamento longitudinal;1;3;0;0;0;0;1
16/02/2012;02:30:00;40;sem vítima;229,4;BR-116/RJ;Pista Norte;Abalroamento longitudinal;1;2;0;0;0;0;1
16/02/2012;05:48:00;93;sem vítima;234,05;BR-116/RJ;Pista Norte;Colisão traseira;2;4;0;0;0;0;1
17/02/2012;07:20:00;135;sem vítima;44,5;BR-116/SP;Pista Norte;Choque em objeto na pista;1;2;0;0;0;0;1
17/02/2012;07:37:00;159;sem vítima;86,8;BR-116/SP;Pista Sul;Colisão traseira;2;2;0;0;0;0;1
17/02/2012;07:33:00;153;sem vítima;146,8;BR-116/SP;Pista Sul;Abalroamento longitudinal;1;3;0;0;0;0;1
17/02/2012;18:37:00;671;sem vítima;169,6;BR-116/RJ;Pista Sul;Abalroamento longitudinal;1;3;0;0;0;0;1
17/02/2012;08:10:00;183;sem vítima;171;BR-116/RJ;Pista Sul;Engavetamento;1;4;0;0;0;0;1
17/02/2012;14:50:00;467;sem vítima;172,6;BR-116/RJ;Pista Sul;Engavetamento;2;3;0;0;0;0;1
17/02/2012;11:50:00;352;sem vítima;173,4;BR-116/RJ;Pista Sul;Abalroamento longitudinal;1;2;0;0;0;0;1
17/02/2012;12:37:00;381;sem vítima;173,4;BR-116/RJ;Pista Sul;Abalroamento longitudinal;1;2;0;0;0;0;1
17/02/2012;06:07:00;90;sem vítima;175,2;BR-116/RJ;Pista Norte;Abalroamento longitudinal;1;34;0;0;0;0;1
17/02/2012;09:04:00;240;com vítima;178,7;BR-116/SP;Pista Sul;Choque em objeto fixo;1;0;1;0;0;0;1
17/02/2012;18:01:00;630;sem vítima;225,95;BR-116/RJ;Pista Norte;Tombamento;1;1;0;0;0;0;1
17/02/2012;08:40:00;216;sem vítima;228;BR-116/RJ;Pista Sul;Outros;1;1;0;0;0;0;1
17/02/2012;14:00:00;426;com vítima;265,15;BR-116/RJ;Pista Sul;Choque em barreira New Jersey;1;0;0;0;1;0;2
18/02/2012;04:29:00;106;sem vítima;86,8;BR-116/SP;Pista Norte;Engavetamento;1;6;0;0;0;0;1
18/02/2012;11:30:00;354;sem vítima;116,7;BR-116/SP;Pista Norte;Abalroamento longitudinal;1;3;0;0;0;0;1
18/02/2012;10:10:00;301;sem vítima;117,6;BR-116/SP;Pista Norte;Colisão traseira;1;4;0;0;0;0;1
18/02/2012;10:00:00;297;sem vítima;173,4;BR-116/RJ;Pista Sul;Abalroamento longitudinal;1;3;0;0;0;0;1
18/02/2012;03:44:00;89;sem vítima;318;BR-116/RJ;Pista Norte;Colisão traseira;1;3;0;0;0;0;1
19/02/2012;01:09:00;24;sem vítima;30,3;BR-116/SP;Pista Sul;Choque em veículo parado na pista;1;2;0;0;0;0;1
19/02/2012;05:18:00;83;sem vítima;144,7;BR-116/SP;Pista Sul;Choque em veículo parado na pista;1;2;0;0;0;0;1
19/02/2012;10:34:00;233;sem vítima;196;BR-116/RJ;Pista Sul;Abalroamento longitudinal;1;8;0;0;0;0;1
19/02/2012;12:46:00;304;sem vítima;204;BR-116/SP;Pista Norte;Abalroamento longitudinal;1;5;0;0;0;0;1
19/02/2012;14:27:00;348;com vítima;311,3;BR-116/RJ;Pista Sul;Abalroamento longitudinal;1;1;0;1;0;0;2
21/02/2012;22:56:00;585;com vítima;34,3;BR-116/SP;Pista Norte;Colisão traseira;1;1;2;0;0;0;1
21/02/2012;12:48:00;236;com vítima;157,1;BR-116/SP;Pista Norte;Abalroamento longitudinal;1;2;1;0;0;0;1
21/02/2012;00:27:00;6;sem vítima;176,38;BR-116/SP;Pista Norte;Choque em barreira New Jersey;1;1;0;0;0;0;1
22/02/2012;13:33:00;323;sem vítima;50,9;BR-116/SP;Pista Norte;Abalroamento longitudinal;1;2;0;0;0;0;1
22/02/2012;06:01:00;91;sem vítima;59,4;BR-116/SP;Pista Sul;Abalroamento longitudinal;1;6;0;0;0;0;1
22/02/2012;04:46:00;72;com vítima;59,8;BR-116/SP;Pista Sul;Engavetamento;2;2;1;2;0;0;2
22/02/2012;08:57:00;177;com vítima;86,8;BR-116/SP;Pista Norte;Colisão traseira;1;4;1;0;0;0;1
22/02/2012;10:09:00;218;sem vítima;110,4;BR-116/SP;Pista Sul;Choque em defensa;1;1;0;0;0;0;1
22/02/2012;16:52:00;450;sem vítima;210;BR-116/SP;Pista Sul;Colisão traseira;2;2;0;0;0;0;1
22/02/2012;15:51:00;405;sem vítima;213;BR-116/SP;Pista Norte;Colisão traseira;1;2;0;0;0;0;1
22/02/2012;06:50:00;109;sem vítima;218;BR-116/SP;Pista Norte;Abalroamento longitudinal;1;5;0;0;0;0;1
22/02/2012;02:16:00;39;sem vítima;220,3;BR-116/RJ;Pista Sul;Choque em objeto fixo;1;1;0;0;0;0;1
22/02/2012;22:02:00;649;sem vítima;222,4;BR-116/SP;Pista Norte;Abalroamento longitudinal;2;4;0;0;0;0;1
22/02/2012;15:50:00;404;sem vítima;231;BR-116/RJ;Pista Sul;Outros;1;2;0;0;0;0;1
22/02/2012;15:38:00;397;sem vítima;231,15;BR-116/RJ;Pista Sul;Tombamento;1;1;0;0;0;0;1
22/02/2012;12:46:00;296;sem vítima;243;BR-116/RJ;Pista Sul;Colisão traseira;1;2;0;0;0;0;1
22/02/2012;15:19:00;380;com vítima;244,8;BR-116/RJ;Pista Sul;Choque em objeto fixo;1;0;0;1;0;0;2
22/02/2012;16:58:00;457;com vítima;267,8;BR-116/RJ;Pista Sul;Colisão traseira;2;1;1;1;0;0;2
22/02/2012;11:25:00;268;sem vítima;286,6;BR-116/RJ;Pista Norte;Choque em objeto fixo;1;1;0;0;0;0;1
23/02/2012;03:12:00;54;sem vítima;39,7;BR-116/SP;Pista Sul;Choque em objeto na pista;1;1;0;0;0;0;1
23/02/2012;20:31:00;711;com vítima;69;BR-116/SP;Pista Norte;Colisão traseira;1;1;1;0;0;0;1
23/02/2012;09:59:00;285;sem vítima;80;BR-116/SP;Pista Sul;Atropelamento de animal;1;1;0;0;0;0;1
23/02/2012;12:42:00;382;sem vítima;153,3;BR-116/SP;Pista Norte;Choque em barreira New Jersey;1;2;0;0;0;0;1
23/02/2012;14:26:00;443;sem vítima;192;BR-116/SP;Pista Sul;Colisão traseira;2;2;0;0;0;0;1
23/02/2012;14:12:00;428;sem vítima;192,9;BR-116/SP;Pista Sul;Choque em barreira New Jersey;1;1;0;0;0;0;1
23/02/2012;02:46:00;44;sem vítima;306,3;BR-116/RJ;Pista Norte;Colisão traseira;1;2;0;0;0;0;1
24/02/2012;09:14:00;243;sem vítima;138;BR-116/SP;Pista Norte;Colisão traseira;2;2;0;0;0;0;1