data;horario;n_da_ocorrencia;tipo_de_ocorrencia;km;trecho;sentido;tipo_de_acidente;caminhao;ilesos;levemente_feridos;moderadamente_feridos;gravemente_feridos;mortos;3
24/02/2012;10:10:00;282;sem vítima;139;BR-116/SP;Pista Sul;Colisão traseira;2;2;0;0;0;0;1
24/02/2012;07:03:00;111;com vítima;145,7;BR-116/SP;Pista Sul;Abalroamento longitudinal;1;1;2;0;0;0;1
24/02/2012;18:05:00;618;com vítima;177,6;BR-116/SP;Pista Norte;Choque em barreira New Jersey;2;4;1;0;0;0;1
24/02/2012;10:23:00;295;sem vítima;178,5;BR-116/RJ;Pista Sul;Colisão traseira;1;2;0;0;0;0;1
24/02/2012;11:45:00;343;sem vítima;202,2;BR-116/RJ;Pista Sul;Abalroamento longitudinal;1;2;0;0;0;0;1
24/02/2012;10:25:00;297;sem vítima;222,05;BR-116/RJ;Pista Norte;Tombamento;1;1;0;0;0;0;1
24/02/2012;19:11:00;675;sem vítima;226;BR-116/SP;Pista Norte;Engavetamento;1;3;0;0;0;0;1
24/02/2012;18:47:00;652;sem vítima;313,7;BR-116/RJ;Pista Sul;Choque em objeto fixo;1;2;0;0;0;0;1
25/02/2012;18:49:00;534;sem vítima;29,1;BR-116/SP;Pista Sul;Colisão traseira;1;2;0;0;0;0;1
25/02/2012;06:15:00;100;sem vítima;101;BR-116/SP;Pista Norte;Colisão traseira;2;2;0;0;0;0;1
25/02/2012;11:27:00;305;sem vítima;145,9;BR-116/SP;Pista Norte;Colisão traseira;1;3;0;0;0;0;1
25/02/2012;21:23:00;612;com vítima;146,85;BR-116/SP;Pista Sul;Colisão traseira;1;1;0;1;0;0;2
25/02/2012;15:37:00;424;sem vítima;204;BR-116/SP;Pista Norte;Colisão traseira;2;4;0;0;0;0;1
25/02/2012;15:31:00;420;sem vítima;285,3;BR-116/RJ;Pista Norte;Abalroamento longitudinal;1;2;0;0;0;0;1
25/02/2012;11:08:00;287;sem vítima;317;BR-116/RJ;Pista Norte;Choque em objeto na pista;1;2;0;0;0;0;1
26/02/2012;10:49:00;234;sem vítima;218,85;BR-116/SP;Pista Norte;Abalroamento longitudinal;1;6;0;0;0;0;1
26/02/2012;04:52:00;65;sem vítima;282,4;BR-116/RJ;Pista Norte;Abalroamento longitudinal;1;5;0;0;0;0;1
27/02/2012;11:11:00;348;sem vítima;65,7;BR-116/SP;Pista Sul;Abalroamento longitudinal;1;2;0;0;0;0;1
27/02/2012;09:07:00;247;sem vítima;179,1;BR-116/RJ;Pista Norte;Colisão traseira;1;2;0;0;0;0;1
27/02/2012;05:03:00;74;com vítima;193,3;BR-116/RJ;Pista Norte;Colisão traseira;1;50;0;1;0;0;2
27/02/2012;12:39:00;391;sem vítima;218;BR-116/SP;Pista Norte;Abalroamento longitudinal;1;3;0;0;0;0;1
27/02/2012;16:57:00;573;com vítima;223,4;BR-116/RJ;Pista Norte;Tombamento;1;1;0;1;0;0;2
28/02/2012;13:18:00;406;sem vítima;107,3;BR-116/SP;Pista Norte;Colisão traseira;2;3;0;0;0;0;1
28/02/2012;12:35:00;381;sem vítima;115,7;BR-116/SP;Pista Sul;Colisão traseira;1;3;0;0;0;0;1
28/02/2012;08:17:00;200;com vítima;116,2;BR-116/SP;Pista Sul;Atropelamento de pedestre atravessando;1;1;0;1;0;0;2
28/02/2012;02:32:00;31;sem vítima;135;BR-116/SP;Pista Sul;Colisão traseira;1;2;0;0;0;0;1
28/02/2012;12:10:00;368;com vítima;145;BR-116/SP;Pista Norte;Colisão traseira;1;1;1;0;0;0;1
28/02/2012;20:08:00;696;sem vítima;165,5;BR-116/RJ;Pista Sul;Colisão traseira;1;2;0;0;0;0;1
28/02/2012;17:52:00;589;com vítima;171;BR-116/RJ;Pista Norte;Colisão traseira;1;1;1;0;0;0;1
28/02/2012;20:43:00;728;sem vítima;172,5;BR-116/RJ;Pista Sul;Abalroamento longitudinal;1;4;0;0;0;0;1
28/02/2012;16:29:00;535;sem vítima;177,3;BR-116/RJ;Pista Sul;Abalroamento longitudinal;1;2;0;0;0;0;1
28/02/2012;15:10:00;477;com vítima;178,59;BR-116/RJ;Pista Sul;Engavetamento;1;2;1;0;0;0;1
28/02/2012;16:56:00;549;sem vítima;182;BR-116/SP;Pista Norte;Choque em barreira New Jersey;1;1;0;0;0;0;1
28/02/2012;15:55:00;508;sem vítima;208;BR-116/RJ;Pista Norte;Choque em objeto fixo;1;1;0;0;0;0;1
28/02/2012;19:27:00;664;sem vítima;244;BR-116/RJ;Pista Sul;Choque em barreira New Jersey;1;1;0;0;0;0;1
28/02/2012;12:21:00;374;sem vítima;250,1;BR-116/RJ;Pista Norte;Outros;1;1;0;0;0;0;1
29/02/2012;14:48:00;502;sem vítima;23,9;BR-116/SP;Pista Sul;Abalroamento longitudinal;1;2;0;0;0;0;1
29/02/2012;03:37:00;38;com vítima;24,83;BR-116/SP;Pista Norte;Colisão traseira;2;1;1;0;0;0;1
29/02/2012;23:02:00;842;sem vítima;28,8;BR-116/SP;Pista Norte;Choque em objeto fixo;1;1;0;0;0;0;1
29/02/2012;00:48:00;9;sem vítima;30,6;BR-116/SP;Pista Sul;Choque em veículo parado na pista;2;2;0;0;0;0;1
29/02/2012;07:50:00;181;com vítima;197,4;BR-116/SP;Pista Norte;Colisão traseira;1;1;1;0;0;0;1
29/02/2012;13:09:00;433;com vítima;212,5;BR-116/SP;Pista Norte;Engavetamento;2;4;3;0;0;0;1
29/02/2012;19:33:00;720;sem vítima;224;BR-116/RJ;Pista Norte;Abalroamento longitudinal;1;29;0;0;0;0;1
29/02/2012;21:00:00;781;sem vítima;224,4;BR-116/RJ;Pista Norte;Choque Talude;1;1;0;0;0;0;1
29/02/2012;21:19:00;791;sem vítima;317,4;BR-116/RJ;Pista Sul;Abalroamento longitudinal;2;4;0;0;0;0;1
01/03/2012;05:12:00;74;sem vítima;155,9;BR-116/SP;Pista Sul;Colisão traseira;2;3;0;0;0;0;1
01/03/2012;13:18:00;422;sem vítima;163,2;BR-116/RJ;Pista Sul;Abalroamento longitudinal;1;2;0;0;0;0;1
01/03/2012;01:00:00;20;sem vítima;163,7;BR-116/RJ;Pista Norte;Choque em objeto fixo;1;1;0;0;0;0;1
01/03/2012;08:26:00;220;sem vítima;165;BR-116/RJ;Pista Norte;Engavetamento;2;3;0;0;0;0;1
01/03/2012;14:27:00;475;com vítima;168,8;BR-116/SP;Pista Sul;Colisão traseira;2;2;1;0;0;0;1
01/03/2012;08:52:00;249;com vítima;189,8;BR-116/RJ;Pista Sul;Choque em objeto fixo;1;2;0;0;1;0;2
01/03/2012;11:38:00;371;sem vítima;190,2;BR-116/RJ;Pista Norte;Colisão traseira;1;3;0;0;0;0;1
01/03/2012;13:26:00;428;com vítima;190,5;BR-116/RJ;Pista Norte;Tombamento;1;0;1;0;1;0;2
01/03/2012;18:17:00;635;sem vítima;217;BR-116/SP;Pista Norte;Colisão traseira;1;2;0;0;0;0;1
01/03/2012;19:38:00;701;com vítima;221,2;BR-116/SP;Pista Sul;Abalroamento longitudinal;1;1;2;0;0;0;1
01/03/2012;18:43:00;668;sem vítima;224;BR-116/RJ;Pista Norte;Choque Talude;1;1;0;0;0;0;1
01/03/2012;11:05:00;346;sem vítima;229;BR-116/SP;Pista Sul;Abalroamento longitudinal;1;2;0;0;0;0;1
01/03/2012;12:03:00;386;sem vítima;287,65;BR-116/RJ;Pista Sul;Abalroamento longitudinal;1;2;0;0;0;0;1
01/03/2012;07:07:00;151;sem vítima;290,9;BR-116/RJ;Pista Sul;Choque em objeto fixo;1;1;0;0;0;0;1
02/03/2012;13:24:00;438;com vítima;89;BR-116/SP;Pista Norte;Engavetamento;2;2;1;0;0;0;1
02/03/2012;17:30:00;628;sem vítima;139,9;BR-116/SP;Pista Sul;Engavetamento;2;5;0;0;0;0;1
02/03/2012;18:35:00;679;sem vítima;155;BR-116/SP;Pista Sul;Engavetamento;1;3;0;0;0;0;1
02/03/2012;08:29:00;211;sem vítima;162;BR-116/SP;Pista Norte;Colisão traseira;1;2;0;0;0;0;1
02/03/2012;17:07:00;604;sem vítima;173,3;BR-116/RJ;Pista Sul;Colisão traseira;1;2;0;0;0;0;1
02/03/2012;03:22:00;43;com vítima;187,5;BR-116/SP;Pista Norte;Choque Talude;1;0;1;0;0;0;1
02/03/2012;14:30:00;485;sem vítima;225;BR-116/SP;Pista Norte;Engavetamento;2;6;0;0;0;0;1
02/03/2012;15:54:00;550;sem vítima;229,8;BR-116/SP;Pista Sul;Abalroamento longitudinal;1;2;0;0;0;0;1
02/03/2012;15:18:00;524;sem vítima;230;BR-116/SP;Pista Sul;Colisão traseira;1;2;0;0;0;0;1
02/03/2012;04:34:00;57;com vítima;238,63;BR-116/RJ;Pista Norte;Queda de ribanceira;2;1;1;0;0;0;1
03/03/2012;02:43:00;68;sem vítima;27,85;BR-116/SP;Pista Sul;Choque em objeto na pista;1;2;0;0;0;0;1
03/03/2012;13:58:00;412;com vítima;152;BR-116/SP;Pista Norte;Abalroamento longitudinal;1;1;1;0;0;0;1
03/03/2012;15:13:00;445;com vítima;174,8;BR-116/RJ;Pista Norte;Colisão traseira;1;1;1;0;0;0;1
03/03/2012;12:54:00;380;sem vítima;175,1;BR-116/RJ;Pista Norte;Colisão traseira;1;3;0;0;0;0;1
03/03/2012;08:45:00;234;com vítima;178,4;BR-116/RJ;Pista Norte;Colisão traseira;1;1;0;1;0;0;2
03/03/2012;02:11:00;54;com vítima;189;BR-116/RJ;Pista Sul;Choque em barreira New Jersey;1;1;0;1;0;0;2
03/03/2012;03:56:00;86;com vítima;211,2;BR-116/SP;Pista Sul;Colisão traseira;1;2;1;0;0;0;1
03/03/2012;19:20:00;589;com vítima;267,3;BR-116/RJ;Pista Sul;Abalroamento transversal;1;1;1;0;0;0;1
03/03/2012;17:46:00;542;com vítima;268,5;BR-116/RJ;Pista Sul;Choque em barreira New Jersey;1;0;0;1;0;0;2
03/03/2012;18:14:00;549;sem vítima;277;BR-116/RJ;Pista Norte;Outros;1;1;0;0;0;0;1
03/03/2012;16:07:00;483;sem vítima;293,4;BR-116/RJ;Pista Sul;Engavetamento;1;5;0;0;0;0;1
03/03/2012;10:13:00;288;sem vítima;312,7;BR-116/RJ;Pista Norte;Colisão traseira;1;3;0;0;0;0;1
04/03/2012;21:21:00;535;sem vítima;15,2;BR-116/SP;Pista Norte;Abalroamento longitudinal;2;2;0;0;0;0;1
04/03/2012;16:48:00;365;sem vítima;136;BR-116/SP;Pista Sul;Abalroamento longitudinal;1;3;0;0;0;0;1
04/03/2012;01:33:00;19;com vítima;151,9;BR-116/SP;Pista Sul;Choque em barreira New Jersey;1;3;1;1;0;0;2
04/03/2012;19:52:00;487;sem vítima;163,66;BR-116/RJ;Pista Sul;Engavetamento;2;7;0;0;0;0;1
04/03/2012;12:50:00;251;sem vítima;182,7;BR-116/RJ;Pista Norte;Colisão traseira;1;2;0;0;0;0;1
04/03/2012;12:11:00;236;sem vítima;205,2;BR-116/SP;Pista Norte;Choque em objeto na pista;1;5;0;0;0;0;1
04/03/2012;11:23:00;214;sem vítima;207;BR-116/RJ;Pista Norte;Colisão traseira;1;2;0;0;0;0;1
05/03/2012;04:17:00;62;sem vítima;185,6;BR-116/SP;Pista Sul;Choque em objeto fixo;1;1;0;0;0;0;1
05/03/2012;17:09:00;551;sem vítima;227,15;BR-116/SP;Pista Sul;Engavetamento;1;3;0;0;0;0;1
05/03/2012;10:46:00;325;sem vítima;276,5;BR-116/RJ;Pista Sul;Abalroamento longitudinal;1;3;0;0;0;0;1
05/03/2012;06:34:00;115;sem vítima;305,9;BR-116/RJ;Pista Norte;Outros;1;1;0;0;0;0;1
05/03/2012;15:47:00;495;sem vítima;318,9;BR-116/RJ;Pista Norte;Colisão traseira;1;2;0;0;0;0;1
06/03/2012;13:12:00;368;sem vítima;12,3;BR-116/SP;Pista Sul;Abalroamento longitudinal;1;3;0;0;0;0;1
06/03/2012;01:46:00;30;sem vítima;101,7;BR-116/SP;Pista Norte;Choque em veículo parado na pista;2;2;0;0;0;0;1
06/03/2012;14:51:00;430;sem vítima;157,8;BR-116/SP;Pista Sul;Abalroamento longitudinal;1;2;0;0;0;0;1
06/03/2012;11:39:00;327;com vítima;174,05;BR-116/RJ;Pista Norte;Abalroamento longitudinal;1;3;1;0;0;0;1
06/03/2012;17:31:00;537;sem vítima;190,6;BR-116/RJ;Pista Sul;Abalroamento longitudinal;1;2;0;0;0;0;1
06/03/2012;01:55:00;33;sem vítima;207,7;BR-116/SP;Pista Norte;Abalroamento longitudinal;2;3;0;0;0;0;1
06/03/2012;15:57:00;473;com vítima;222,6;BR-116/SP;Pista Norte;Abalroamento longitudinal;1;2;1;0;0;0;1
06/03/2012;18:42:00;603;com vítima;284,95;BR-116/RJ;Pista Sul;Colisão traseira;2;1;1;0;0;0;1
06/03/2012;06:24:00;92;com vítima;304,4;BR-116/RJ;Pista Sul;Tombamento;1;0;0;1;0;0;2
06/03/2012;09:48:00;258;com vítima;306;BR-116/RJ;Pista Norte;Abalroamento longitudinal;1;1;3;0;0;0;1
06/03/2012;07:42:00;160;sem vítima;318,9;BR-116/RJ;Pista Sul;Abalroamento longitudinal;1;2;0;0;0;0;1
07/03/2012;01:58:00;31;com vítima;66,6;BR-116/SP;Pista Sul;Choque em objeto na pista;1;2;2;0;0;0;1
07/03/2012;15:35:00;502;com vítima;123,6;BR-116/SP;Pista Norte;Colisão traseira;1;1;1;0;0;0;1
07/03/2012;18:26:00;607;sem vítima;165,1;BR-116/RJ;Pista Sul;Abalroamento longitudinal;2;2;0;0;0;0;1
07/03/2012;09:59:00;279;sem vítima;223,7;BR-116/RJ;Pista Norte;Abalroamento longitudinal;2;4;0;0;0;0;1
07/03/2012;21:07:00;701;sem vítima;249,8;BR-116/RJ;Pista Sul;Choque em objeto fixo;1;2;0;0;0;0;1
07/03/2012;22:30:00;736;sem vítima;279,6;BR-116/RJ;Pista Sul;Choque em objeto na pista;1;1;0;0;0;0;1
07/03/2012;03:06:00;53;sem vítima;318,5;BR-116/RJ;Pista Norte;Abalroamento longitudinal;2;2;0;0;0;0;1
08/03/2012;12:26:00;368;sem vítima;13,6;BR-116/SP;Pista Sul;Choque em defensa;1;1;0;0;0;0;1
08/03/2012;14:14:00;427;sem vítima;34,1;BR-116/SP;Pista Sul;Colisão traseira;2;2;0;0;0;0;1
08/03/2012;08:00:00;153;com vítima;35,3;BR-116/SP;Pista Sul;Choque em objeto na pista;1;1;1;0;0;0;1
08/03/2012;07:41:00;134;com vítima;127,6;BR-116/SP;Pista Sul;Colisão traseira;2;1;1;0;0;0;1
08/03/2012;21:09:00;699;sem vítima;173,8;BR-116/RJ;Pista Sul;Colisão traseira;1;2;0;0;0;0;1
08/03/2012;04:21:00;46;com vítima;185,2;BR-116/RJ;Pista Norte;Outros;1;1;1;0;0;0;1
08/03/2012;19:19:00;626;sem vítima;188,8;BR-116/RJ;Pista Sul;Choque em barreira New Jersey;1;5;0;0;0;0;1
08/03/2012;12:17:00;360;sem vítima;202,9;BR-116/RJ;Pista Norte;Outros;1;2;0;0;0;0;1
08/03/2012;04:24:00;49;com vítima;212,5;BR-116/SP;Pista Norte;Capotamento;1;1;1;0;0;0;1
08/03/2012;16:08:00;493;com vítima;215;BR-116/SP;Pista Sul;Abalroamento longitudinal;1;11;1;0;0;0;1
08/03/2012;15:34:00;474;sem vítima;215,2;BR-116/SP;Pista Norte;Colisão traseira;1;4;0;0;0;0;1
08/03/2012;04:51:00;52;com vítima;226,5;BR-116/SP;Pista Sul;Choque em veículo parado na pista;1;16;0;2;0;2;3
08/03/2012;17:24:00;543;sem vítima;230,3;BR-116/SP;Pista Norte;Abalroamento longitudinal;1;2;0;0;0;0;1
08/03/2012;15:25:00;470;sem vítima;267;BR-116/RJ;Pista Sul;Outros;2;2;0;0;0;0;1
08/03/2012;15:07:00;462;com vítima;299,6;BR-116/RJ;Pista Sul;Colisão traseira;2;0;3;2;0;0;2
09/03/2012;05:56:00;101;com vítima;128,8;BR-116/SP;Pista Sul;Atropelamento de pedestre caminhando;1;1;0;0;1;0;2
09/03/2012;15:20:00;516;sem vítima;148,5;BR-116/SP;Pista Sul;Abalroamento longitudinal;1;2;0;0;0;0;1
09/03/2012;13:20:00;435;sem vítima;165;BR-116/SP;Pista Sul;Colisão traseira;2;2;0;0;0;0;1
09/03/2012;20:40:00;757;sem vítima;165,5;BR-116/RJ;Pista Sul;Colisão traseira;2;4;0;0;0;0;1
09/03/2012;23:05:00;857;sem vítima;173,4;BR-116/RJ;Pista Sul;Abalroamento longitudinal;1;2;0;0;0;0;1
09/03/2012;13:44:00;452;sem vítima;177,4;BR-116/RJ;Pista Sul;Engavetamento;2;3;0;0;0;0;1
09/03/2012;05:43:00;97;sem vítima;178;BR-116/SP;Pista Sul;Colisão traseira;2;2;0;0;0;0;1
09/03/2012;02:48:00;49;sem vítima;180,5;BR-116/SP;Pista Sul;Choque em objeto na pista;1;1;0;0;0;0;1
09/03/2012;08:43:00;243;sem vítima;190,25;BR-116/SP;Pista Norte;Atropelamento de animal;1;2;0;0;0;0;1
09/03/2012;12:51:00;426;com vítima;193,42;BR-116/RJ;Pista Norte;Abalroamento longitudinal;1;6;1;0;0;0;1
09/03/2012;09:40:00;289;sem vítima;224,36;BR-116/SP;Pista Sul;Abalroamento longitudinal;2;2;0;0;0;0;1
09/03/2012;21:59:00;804;sem vítima;285,2;BR-116/RJ;Pista Sul;Colisão traseira;2;2;0;0;0;0;1
10/03/2012;21:15:00;671;sem vítima;14,65;BR-116/SP;Pista Sul;Choque em objeto fixo;1;2;0;0;0;0;1
10/03/2012;11:35:00;367;sem vítima;178;BR-116/RJ;Pista Sul;Colisão traseira;1;2;0;0;0;0;1
10/03/2012;18:00:00;575;sem vítima;190,4;BR-116/SP;Pista Norte;Choque Talude;1;2;0;0;0;0;1
10/03/2012;13:53:00;436;com vítima;227;BR-116/SP;Pista Sul;Engavetamento;1;4;5;0;0;0;1
10/03/2012;05:25:00;101;sem vítima;228;BR-116/SP;Pista Norte;Choque em veículo parado na pista;1;3;0;0;0;0;1
11/03/2012;10:30:00;228;sem vítima;86,8;BR-116/SP;Pista Norte;Colisão traseira;1;2;0;0;0;0;1
11/03/2012;19:15:00;521;sem vítima;102;BR-116/SP;Pista Norte;Colisão traseira;1;3;0;0;0;0;1
11/03/2012;18:40:00;498;com vítima;123,2;BR-116/SP;Pista Sul;Atropelamento de pedestre caminhando;1;1;0;0;1;0;2
11/03/2012;14:52:00;351;com vítima;177,4;BR-116/SP;Pista Norte;Choque em veículo parado na pista;1;1;1;0;0;0;1
11/03/2012;14:46:00;348;sem vítima;201,5;BR-116/SP;Pista Norte;Abalroamento longitudinal;2;2;0;0;0;0;1
12/03/2012;06:31:00;109;sem vítima;40,1;BR-116/SP;Pista Norte;Abalroamento longitudinal;1;2;0;0;0;0;1
12/03/2012;10:01:00;275;sem vítima;125,6;BR-116/SP;Pista Norte;Choque em barreira New Jersey;1;1;0;0;0;0;1
12/03/2012;07:07:00;135;sem vítima;165,2;BR-116/RJ;Pista Norte;Abalroamento longitudinal;1;2;0;0;0;0;1
12/03/2012;16:07:00;505;sem vítima;167;BR-116/RJ;Pista Norte;Abalroamento transversal;1;3;0;0;0;0;1
12/03/2012;17:00:00;536;sem vítima;170,6;BR-116/RJ;Pista Norte;Abalroamento transversal;1;2;0;0;0;0;1
12/03/2012;13:39:00;401;sem vítima;173,7;BR-116/RJ;Pista Sul;Colisão traseira;1;2;0;0;0;0;1
12/03/2012;01:04:00;23;sem vítima;179;BR-116/SP;Pista Sul;Colisão traseira;2;2;0;0;0;0;1
12/03/2012;23:24:00;760;sem vítima;210,3;BR-116/SP;Pista Norte;Choque em defensa;1;2;0;0;0;0;1
12/03/2012;17:35:00;562;sem vítima;218,7;BR-116/SP;Pista Sul;Engavetamento;1;4;0;0;0;0;1
12/03/2012;11:13:00;315;sem vítima;223;BR-116/SP;Pista Norte;Abalroamento longitudinal;1;2;0;0;0;0;1
12/03/2012;17:00:00;535;sem vítima;226,73;BR-116/SP;Pista Norte;Tombamento;1;1;0;0;0;0;1
12/03/2012;00:03:00;4;sem vítima;333,3;BR-116/RJ;Pista Norte;Colisão traseira;1;2;0;0;0;0;1
13/03/2012;13:39:00;401;sem vítima;70,1;BR-116/SP;Pista Norte;Tombamento;1;1;0;0;0;0;1
13/03/2012;09:13:00;235;sem vítima;165,5;BR-116/RJ;Pista Norte;Outros;2;2;0;0;0;0;1
13/03/2012;10:32:00;287;sem vítima;170,7;BR-116/RJ;Pista Norte;Abalroamento longitudinal;1;2;0;0;0;0;1
13/03/2012;18:08:00;586;sem vítima;173,5;BR-116/RJ;Pista Sul;Abalroamento longitudinal;1;2;0;0;0;0;1
13/03/2012;15:07:00;453;sem vítima;174,6;BR-116/RJ;Pista Norte;Choque em objeto na pista;1;3;0;0;0;0;1
13/03/2012;06:17:00;88;com vítima;190,7;BR-116/SP;Pista Sul;Queda de ribanceira;1;0;1;0;0;0;1
13/03/2012;10:25:00;283;sem vítima;220;BR-116/SP;Pista Norte;Abalroamento longitudinal;1;2;0;0;0;0;1
13/03/2012;09:25:00;248;sem vítima;220,4;BR-116/SP;Pista Norte;Colisão traseira;1;2;0;0;0;0;1
13/03/2012;11:31:00;329;sem vítima;229;BR-116/SP;Pista Sul;Colisão traseira;2;5;0;0;0;0;1
13/03/2012;18:57:00;617;sem vítima;278,95;BR-116/RJ;Pista Sul;Choque em defensa;1;1;0;0;0;0;1
14/03/2012;05:23:00;99;com vítima;1,2;BR-116/SP;Pista Norte;Outros;1;0;1;0;0;0;1
14/03/2012;12:40:00;407;sem vítima;111,95;BR-116/SP;Pista Norte;Tombamento;1;1;0;0;0;0;1
14/03/2012;08:41:00;234;sem vítima;115,7;BR-116/SP;Pista Sul;Choque em objeto fixo;1;1;0;0;0;0;1
14/03/2012;05:19:00;96;com vítima;145,78;BR-116/SP;Pista Norte;Choque em barreira New Jersey;1;0;1;0;0;0;1
14/03/2012;18:31:00;650;sem vítima;146,7;BR-116/SP;Pista Sul;Colisão traseira;1;2;0;0;0;0;1
14/03/2012;18:38:00;660;sem vítima;170,7;BR-116/RJ;Pista Sul;Engavetamento;1;3;0;0;0;0;1
14/03/2012;20:35:00;731;sem vítima;173,3;BR-116/RJ;Pista Sul;Abalroamento longitudinal;1;2;0;0;0;0;1
14/03/2012;20:17:00;716;sem vítima;173,5;BR-116/RJ;Pista Sul;Abalroamento longitudinal;1;2;0;0;0;0;1
14/03/2012;19:47:00;699;sem vítima;174,4;BR-116/RJ;Pista Norte;Abalroamento longitudinal;1;4;0;0;0;0;1
14/03/2012;06:03:00;109;sem vítima;182;BR-116/SP;Pista Norte;Colisão traseira;2;3;0;0;0;0;1
14/03/2012;01:10:00;26;sem vítima;190;BR-116/RJ;Pista Norte;Atropelamento de animal;1;2;0;0;0;0;1
14/03/2012;21:18:00;748;sem vítima;190,5;BR-116/RJ;Pista Sul;Abalroamento longitudinal;1;2;0;0;0;0;1
14/03/2012;15:27:00;504;sem vítima;204;BR-116/SP;Pista Norte;Colisão traseira;2;2;0;0;0;0;1
14/03/2012;11:23:00;364;sem vítima;208,6;BR-116/SP;Pista Norte;Abalroamento longitudinal;1;2;0;0;0;0;1
14/03/2012;09:22:00;267;sem vítima;220;BR-116/SP;Pista Sul;Colisão traseira;1;2;0;0;0;0;1
14/03/2012;13:10:00;422;sem vítima;225,88;BR-116/SP;Pista Sul;Abalroamento longitudinal;1;2;0;0;0;0;1
14/03/2012;11:32:00;365;sem vítima;230;BR-116/SP;Pista Sul;Abalroamento longitudinal;1;6;0;0;0;0;1
14/03/2012;08:57:00;243;sem vítima;272,3;BR-116/RJ;Pista Sul;Colisão traseira;1;2;0;0;0;0;1
14/03/2012;06:31:00;126;sem vítima;278,5;BR-116/RJ;Pista Norte;Abalroamento longitudinal;1;1;0;0;0;0;1
14/03/2012;06:05:00;113;com vítima;278,7;BR-116/RJ;Pista Sul;Choque em barreira New Jersey;1;0;0;2;0;0;2
15/03/2012;15:43:00;585;com vítima;23;BR-116/SP;Pista Norte;Outros;2;1;1;0;0;0;1
15/03/2012;16:21:00;620;com vítima;23,9;BR-116/SP;Pista Norte;Atropelamento de pedestre atravessando;1;1;0;1;0;0;2
15/03/2012;16:19:00;617;sem vítima;117,5;BR-116/SP;Pista Sul;Abalroamento longitudinal;1;2;0;0;0;0;1
15/03/2012;08:48:00;261;sem vítima;147,8;BR-116/SP;Pista Sul;Colisão traseira;1;2;0;0;0;0;1
15/03/2012;02:55:00;54;sem vítima;154,5;BR-116/SP;Pista Sul;Abalroamento longitudinal;1;2;0;0;0;0;1
15/03/2012;19:30:00;756;sem vítima;173,4;BR-116/RJ;Pista Sul;Colisão traseira;1;4;0;0;0;0;1
15/03/2012;17:53:00;696;sem vítima;180,7;BR-116/RJ;Pista Norte;Choque em veículo parado na pista;1;2;0;0;0;0;1
15/03/2012;09:40:00;314;sem vítima;211;BR-116/SP;Pista Sul;Abalroamento longitudinal;1;2;0;0;0;0;1
15/03/2012;22:46:00;873;sem vítima;212,5;BR-116/SP;Pista Norte;Abalroamento longitudinal;1;74;0;0;0;0;1
15/03/2012;23:55:00;893;sem vítima;230,6;BR-116/SP;Pista Sul;Abalroamento longitudinal;2;2;0;0;0;0;1
15/03/2012;20:18:00;785;sem vítima;279;BR-116/RJ;Pista Sul;Colisão traseira;2;2;0;0;0;0;1
15/03/2012;11:32:00;406;sem vítima;290;BR-116/RJ;Pista Norte;Colisão traseira;2;2;0;0;0;0;1
15/03/2012;17:59:00;699;sem vítima;294;BR-116/RJ;Pista Norte;Colisão traseira;1;2;0;0;0;0;1
16/03/2012;00:29:00;9;sem vítima;61,95;BR-116/SP;Pista Norte;Choque em objeto fixo;1;1;0;0;0;0;1
16/03/2012;15:19:00;485;sem vítima;147;BR-116/SP;Pista Norte;Abalroamento longitudinal;1;3;0;0;0;0;1
16/03/2012;07:20:00;155;sem vítima;163,8;BR-116/RJ;Pista Norte;Abalroamento longitudinal;1;2;0;0;0;0;1
16/03/2012;18:55:00;628;com vítima;167,15;BR-116/RJ;Pista Sul;Engavetamento;3;6;0;0;2;0;2
16/03/2012;22:42:00;773;sem vítima;167,9;BR-116/SP;Pista Norte;Choque em objeto na pista;1;2;0;0;0;0;1
16/03/2012;11:46:00;369;com vítima;170,5;BR-116/RJ;Pista Norte;Choque em objeto fixo;1;0;1;0;0;0;1
16/03/2012;13:59:00;435;sem vítima;173,5;BR-116/RJ;Pista Sul;Abalroamento longitudinal;1;2;0;0;0;0;1
16/03/2012;09:20:00;278;sem vítima;180,6;BR-116/RJ;Pista Norte;Abalroamento longitudinal;1;2;0;0;0;0;1
16/03/2012;12:27:00;387;com vítima;199,15;BR-116/SP;Pista Sul;Engavetamento;3;5;1;0;0;0;1
16/03/2012;15:07:00;474;sem vítima;204;BR-116/SP;Pista Sul;Choque em objeto fixo;1;1;0;0;0;0;1
16/03/2012;17:19:00;572;sem vítima;211,3;BR-116/SP;Pista Norte;Abalroamento longitudinal;1;2;0;0;0;0;1
16/03/2012;15:33:00;496;sem vítima;219,4;BR-116/SP;Pista Norte;Abalroamento longitudinal;1;2;0;0;0;0;1
16/03/2012;05:11:00;83;sem vítima;221,08;BR-116/SP;Pista Sul;Choque em barreira New Jersey;1;1;0;0;0;0;1
16/03/2012;03:54:00;59;sem vítima;226,3;BR-116/SP;Pista Norte;Abalroamento longitudinal;2;2;0;0;0;0;1
16/03/2012;10:22:00;312;com vítima;229,18;BR-116/RJ;Pista Sul;Tombamento;1;1;1;0;0;0;1
16/03/2012;22:21:00;764;sem vítima;229,3;BR-116/SP;Pista Sul;Choque em defensa;1;1;0;0;0;0;1
16/03/2012;04:04:00;62;sem vítima;278,8;BR-116/RJ;Pista Sul;Choque em barreira New Jersey;1;1;0;0;0;0;1