data;horario;n_da_ocorrencia;tipo_de_ocorrencia;km;trecho;sentido;tipo_de_acidente;caminhao;ilesos;levemente_feridos;moderadamente_feridos;gravemente_feridos;mortos;3
16/03/2012;14:14:00;444;com vítima;305,58;BR-116/RJ;Pista Sul;Atropelamento de pedestre caminhando;1;1;0;0;1;0;2
16/03/2012;09:00:00;261;sem vítima;316;BR-116/RJ;Pista Sul;Tombamento;1;1;0;0;0;0;1
17/03/2012;08:46:00;199;com vítima;152,7;BR-116/SP;Pista Norte;Engavetamento;1;3;1;0;0;0;1
17/03/2012;08:48:00;200;com vítima;165;BR-116/SP;Pista Norte;Colisão traseira;1;1;1;0;0;0;1
17/03/2012;09:22:00;223;sem vítima;183,3;BR-116/RJ;Pista Sul;Abalroamento longitudinal;1;2;0;0;0;0;1
17/03/2012;05:02:00;98;sem vítima;211;BR-116/SP;Pista Sul;Abalroamento longitudinal;1;3;0;0;0;0;1
17/03/2012;19:06:00;535;sem vítima;222,3;BR-116/SP;Pista Norte;Abalroamento longitudinal;1;5;0;0;0;0;1
17/03/2012;12:37:00;346;sem vítima;229,18;BR-116/RJ;Pista Sul;Choque em barreira New Jersey;1;2;0;0;0;0;1
18/03/2012;16:17:00;380;sem vítima;42,2;BR-116/SP;Pista Norte;Abalroamento longitudinal;1;2;0;0;0;0;1
18/03/2012;20:41:00;542;sem vítima;58;BR-116/SP;Pista Norte;Colisão traseira;1;3;0;0;0;0;1
18/03/2012;08:28:00;161;sem vítima;182;BR-116/SP;Pista Norte;Choque em objeto fixo;1;1;0;0;0;0;1
19/03/2012;04:33:00;69;com vítima;22,3;BR-116/SP;Pista Norte;Colisão traseira;2;10;2;0;0;0;1
19/03/2012;00:50:00;18;sem vítima;34,92;BR-116/SP;Pista Norte;Colisão traseira;2;2;0;0;0;0;1
19/03/2012;19:23:00;623;sem vítima;155,95;BR-116/SP;Pista Sul;Colisão traseira;2;3;0;0;0;0;1
19/03/2012;10:22:00;315;sem vítima;172,2;BR-116/SP;Pista Sul;Outros;1;1;0;0;0;0;1
19/03/2012;18:43:00;606;sem vítima;177,1;BR-116/RJ;Pista Sul;Abalroamento longitudinal;1;2;0;0;0;0;1
19/03/2012;14:28:00;456;sem vítima;191,45;BR-116/RJ;Pista Norte;Abalroamento longitudinal;1;3;0;0;0;0;1
19/03/2012;18:03:00;586;sem vítima;202,4;BR-116/SP;Pista Norte;Choque em veículo parado na pista;1;3;0;0;0;0;1
19/03/2012;10:48:00;333;sem vítima;204,1;BR-116/SP;Pista Sul;Colisão traseira;1;2;0;0;0;0;1
19/03/2012;15:43:00;503;sem vítima;210,2;BR-116/SP;Pista Norte;Abalroamento longitudinal;1;3;0;0;0;0;1
19/03/2012;07:15:00;153;com vítima;211,15;BR-116/SP;Pista Sul;Colisão traseira;1;73;8;0;0;0;1
19/03/2012;13:20:00;418;sem vítima;219,3;BR-116/SP;Pista Norte;Abalroamento longitudinal;1;3;0;0;0;0;1
19/03/2012;11:09:00;347;sem vítima;223,6;BR-116/SP;Pista Sul;Engavetamento;1;5;0;0;0;0;1
19/03/2012;16:10:00;519;sem vítima;229,4;BR-116/SP;Pista Norte;Colisão traseira;1;2;0;0;0;0;1
20/03/2012;11:06:00;308;sem vítima;20,5;BR-116/SP;Pista Sul;Choque em objeto na pista;1;1;0;0;0;0;1
20/03/2012;07:41:00;165;sem vítima;128,3;BR-116/SP;Pista Norte;Abalroamento longitudinal;1;3;0;0;0;0;1
20/03/2012;07:51:00;173;sem vítima;165,4;BR-116/RJ;Pista Norte;Abalroamento longitudinal;1;2;0;0;0;0;1
20/03/2012;06:50:00;127;com vítima;172,6;BR-116/RJ;Pista Norte;Colisão frontal;1;1;2;0;0;0;1
20/03/2012;04:05:00;56;com vítima;173,9;BR-116/SP;Pista Sul;Colisão traseira;2;1;1;0;0;0;1
20/03/2012;16:40:00;503;sem vítima;174,1;BR-116/RJ;Pista Norte;Colisão traseira;1;2;0;0;0;0;1
20/03/2012;14:14:00;403;sem vítima;177,2;BR-116/SP;Pista Norte;Colisão traseira;1;2;0;0;0;0;1
20/03/2012;00:02:00;1;com vítima;182,5;BR-116/SP;Pista Norte;Colisão traseira;2;1;1;0;0;0;1
20/03/2012;06:27:00;110;com vítima;193,42;BR-116/RJ;Pista Norte;Tombamento;1;0;2;0;0;0;1
20/03/2012;07:08:00;141;sem vítima;193,45;BR-116/RJ;Pista Norte;Abalroamento longitudinal;2;2;0;0;0;0;1
20/03/2012;21:03:00;672;sem vítima;205;BR-116/RJ;Pista Sul;Abalroamento longitudinal;2;2;0;0;0;0;1
20/03/2012;10:24:00;270;sem vítima;227,9;BR-116/SP;Pista Sul;Choque em defensa;1;1;0;0;0;0;1
20/03/2012;11:30:00;314;sem vítima;232,2;BR-116/RJ;Pista Sul;Choque em objeto fixo;1;1;0;0;0;0;1
20/03/2012;16:05:00;483;sem vítima;287;BR-116/RJ;Pista Sul;Engavetamento;3;4;0;0;0;0;1
20/03/2012;18:26:00;588;sem vítima;287,4;BR-116/RJ;Pista Sul;Colisão traseira;2;2;0;0;0;0;1
20/03/2012;15:45:00;468;sem vítima;288;BR-116/RJ;Pista Sul;Colisão traseira;2;2;0;0;0;0;1
21/03/2012;13:54:00;424;sem vítima;128;BR-116/SP;Pista Norte;Outros;1;1;0;0;0;0;1
21/03/2012;20:19:00;675;sem vítima;135,3;BR-116/SP;Pista Sul;Abalroamento longitudinal;2;3;0;0;0;0;1
21/03/2012;07:30:00;144;sem vítima;163,4;BR-116/RJ;Pista Norte;Abalroamento longitudinal;1;27;0;0;0;0;1
21/03/2012;17:03:00;528;sem vítima;173,3;BR-116/RJ;Pista Norte;Engavetamento;2;5;0;0;0;0;1
21/03/2012;15:58:00;496;sem vítima;173,5;BR-116/RJ;Pista Sul;Engavetamento;1;3;0;0;0;0;1
21/03/2012;08:17:00;185;sem vítima;173,7;BR-116/RJ;Pista Sul;Abalroamento longitudinal;1;2;0;0;0;0;1
21/03/2012;07:23:00;137;sem vítima;174,87;BR-116/RJ;Pista Sul;Colisão traseira;1;2;0;0;0;0;1
21/03/2012;07:15:00;131;sem vítima;178;BR-116/RJ;Pista Norte;Colisão traseira;1;2;0;0;0;0;1
21/03/2012;17:32:00;549;sem vítima;221,1;BR-116/RJ;Pista Norte;Outros;1;1;0;0;0;0;1
21/03/2012;07:44:00;151;sem vítima;225,4;BR-116/RJ;Pista Norte;Abalroamento longitudinal;2;3;0;0;0;0;1
21/03/2012;13:14:00;401;sem vítima;229,7;BR-116/RJ;Pista Norte;Outros;1;1;0;0;0;0;1
21/03/2012;02:02:00;36;sem vítima;289,2;BR-116/RJ;Pista Norte;Tombamento;1;1;0;0;0;0;1
22/03/2012;17:24:00;610;sem vítima;31,2;BR-116/SP;Pista Sul;Choque em defensa;1;2;0;0;0;0;1
22/03/2012;16:23:00;556;sem vítima;146,2;BR-116/SP;Pista Sul;Colisão traseira;1;2;0;0;0;0;1
22/03/2012;17:33:00;616;sem vítima;169,5;BR-116/RJ;Pista Sul;Colisão traseira;1;3;0;0;0;0;1
22/03/2012;05:44:00;87;sem vítima;189,6;BR-116/SP;Pista Norte;Colisão traseira;2;2;0;0;0;0;1
22/03/2012;07:13:00;146;sem vítima;191,7;BR-116/RJ;Pista Sul;Colisão traseira;1;2;0;0;0;0;1
22/03/2012;16:09:00;549;com vítima;203;BR-116/SP;Pista Norte;Choque em objeto na pista;1;1;1;0;0;0;1
22/03/2012;12:19:00;391;sem vítima;205,4;BR-116/RJ;Pista Sul;Abalroamento longitudinal;1;2;0;0;0;0;1
22/03/2012;10:15:00;302;sem vítima;209;BR-116/SP;Pista Sul;Abalroamento longitudinal;1;2;0;0;0;0;1
22/03/2012;21:37:00;757;sem vítima;211,3;BR-116/RJ;Pista Norte;Choque em objeto na pista;3;4;0;0;0;0;1
22/03/2012;21:16:00;751;sem vítima;222,8;BR-116/RJ;Pista Norte;Choque em objeto fixo;1;1;0;0;0;0;1
22/03/2012;15:56:00;539;sem vítima;223;BR-116/SP;Pista Norte;Abalroamento longitudinal;1;3;0;0;0;0;1
22/03/2012;21:45:00;765;sem vítima;255,2;BR-116/RJ;Pista Norte;Outros;2;6;0;0;0;0;1
22/03/2012;11:49:00;371;sem vítima;272,75;BR-116/RJ;Pista Norte;Outros;1;1;0;0;0;0;1
22/03/2012;18:35:00;662;com vítima;306,17;BR-116/RJ;Pista Norte;Tombamento;1;0;1;0;0;0;1
23/03/2012;22:26:00;814;com vítima;152,3;BR-116/SP;Pista Sul;Choque em veículo parado na pista;2;1;2;0;0;0;1
23/03/2012;16:58:00;623;com vítima;155,8;BR-116/SP;Pista Norte;Engavetamento;1;4;1;0;0;0;1
23/03/2012;16:08:00;578;com vítima;167;BR-116/RJ;Pista Norte;Abalroamento longitudinal;1;1;1;0;0;0;1
23/03/2012;11:23:00;393;sem vítima;171,2;BR-116/RJ;Pista Sul;Colisão traseira;1;2;0;0;0;0;1
23/03/2012;03:31:00;65;sem vítima;173,95;BR-116/RJ;Pista Sul;Choque em veículo parado na pista;1;2;0;0;0;0;1
23/03/2012;14:40:00;506;sem vítima;175;BR-116/RJ;Pista Sul;Abalroamento longitudinal;1;2;0;0;0;0;1
23/03/2012;10:36:00;358;sem vítima;178,6;BR-116/RJ;Pista Norte;Abalroamento longitudinal;1;2;0;0;0;0;1
23/03/2012;08:10:00;211;sem vítima;193;BR-116/SP;Pista Sul;Queda de ribanceira;1;1;0;0;0;0;1
23/03/2012;07:19:00;172;sem vítima;220,1;BR-116/RJ;Pista Norte;Choque em objeto na pista;1;1;0;0;0;0;1
23/03/2012;13:09:00;449;com vítima;220,6;BR-116/SP;Pista Norte;Engavetamento;2;3;1;0;0;0;1
23/03/2012;07:36:00;187;sem vítima;221,6;BR-116/RJ;Pista Norte;Abalroamento longitudinal;2;4;0;0;0;0;1
23/03/2012;10:20:00;338;sem vítima;223,65;BR-116/RJ;Pista Norte;Tombamento;1;1;0;0;0;0;1
23/03/2012;13:01:00;445;sem vítima;224;BR-116/RJ;Pista Norte;Tombamento;1;1;0;0;0;0;1
23/03/2012;14:01:00;477;com vítima;265;BR-116/RJ;Pista Sul;Tombamento;1;3;1;0;0;0;1
23/03/2012;10:21:00;341;sem vítima;290,5;BR-116/RJ;Pista Norte;Outros;1;2;0;0;0;0;1
23/03/2012;03:42:00;68;sem vítima;305,3;BR-116/RJ;Pista Sul;Colisão traseira;2;2;0;0;0;0;1
23/03/2012;22:52:00;831;sem vítima;319,58;BR-116/RJ;Pista Norte;Choque em barreira New Jersey;1;1;0;0;0;0;1
24/03/2012;14:52:00;399;sem vítima;87;BR-116/SP;Pista Norte;Colisão traseira;2;3;0;0;0;0;1
24/03/2012;23:04:00;688;com vítima;159,05;BR-116/SP;Pista Norte;Colisão traseira;1;2;0;1;0;0;2
24/03/2012;10:51:00;273;sem vítima;174,4;BR-116/RJ;Pista Norte;Abalroamento longitudinal;1;2;0;0;0;0;1
24/03/2012;02:59:00;62;sem vítima;185,35;BR-116/RJ;Pista Norte;Colisão traseira;2;2;0;0;0;0;1
24/03/2012;02:07:00;44;com vítima;217,4;BR-116/SP;Pista Norte;Colisão traseira;2;1;0;1;0;0;2
24/03/2012;20:47:00;624;com vítima;221,2;BR-116/RJ;Pista Norte;Choque Talude;1;0;0;1;0;0;2
24/03/2012;22:59:00;683;sem vítima;222,9;BR-116/SP;Pista Sul;Choque em objeto fixo;1;1;0;0;0;0;1
24/03/2012;23:40:00;706;com vítima;227,7;BR-116/SP;Pista Norte;Choque em barreira New Jersey;1;1;2;0;0;0;1
24/03/2012;02:17:00;49;sem vítima;229,9;BR-116/SP;Pista Norte;Choque em veículo parado na pista;1;2;0;0;0;0;1
24/03/2012;04:19:00;76;sem vítima;268,5;BR-116/RJ;Pista Sul;Abalroamento longitudinal;1;3;0;0;0;0;1
24/03/2012;07:46:00;148;sem vítima;275,3;BR-116/RJ;Pista Norte;Choque em defensa;1;3;0;0;0;0;1
24/03/2012;01:23:00;35;sem vítima;300,45;BR-116/RJ;Pista Norte;Outros;2;2;0;0;0;0;1
25/03/2012;11:56:00;268;sem vítima;152,7;BR-116/SP;Pista Sul;Choque em objeto fixo;1;1;0;0;0;0;1
25/03/2012;22:29:00;605;sem vítima;153,7;BR-116/SP;Pista Norte;Choque em objeto fixo;1;1;0;0;0;0;1
25/03/2012;18:41:00;480;sem vítima;174,6;BR-116/RJ;Pista Norte;Abalroamento longitudinal;1;2;0;0;0;0;1
26/03/2012;06:43:00;111;sem vítima;99;BR-116/SP;Pista Sul;Colisão frontal;1;4;0;0;0;0;1
26/03/2012;14:46:00;492;com vítima;111;BR-116/SP;Pista Norte;Atropelamento de pedestre atravessando;1;1;0;1;0;0;2
26/03/2012;22:42:00;779;com vítima;118,4;BR-116/SP;Pista Norte;Tombamento;2;1;1;0;0;0;1
26/03/2012;14:47:00;494;com vítima;144,6;BR-116/SP;Pista Norte;Colisão traseira;1;1;1;1;0;0;2
26/03/2012;16:05:00;537;sem vítima;146;BR-116/SP;Pista Norte;Colisão traseira;2;3;0;0;0;0;1
26/03/2012;19:03:00;667;com vítima;150,4;BR-116/SP;Pista Sul;Engavetamento;1;3;1;1;0;0;2
26/03/2012;09:06:00;246;com vítima;163;BR-116/RJ;Pista Sul;Abalroamento longitudinal;1;1;1;0;0;0;1
26/03/2012;01:15:00;22;sem vítima;182,5;BR-116/SP;Pista Norte;Choque em veículo parado na pista;2;2;0;0;0;0;1
26/03/2012;13:20:00;429;com vítima;198,5;BR-116/RJ;Pista Norte;Choque em defensa;1;0;0;1;0;0;2
26/03/2012;09:12:00;253;sem vítima;210;BR-116/SP;Pista Sul;Colisão traseira;1;2;0;0;0;0;1
26/03/2012;13:36:00;444;sem vítima;211,6;BR-116/SP;Pista Norte;Abalroamento longitudinal;1;3;0;0;0;0;1
26/03/2012;11:18:00;363;sem vítima;230,7;BR-116/SP;Pista Sul;Abalroamento longitudinal;2;2;0;0;0;0;1
26/03/2012;11:56:00;390;sem vítima;233,3;BR-116/RJ;Pista Sul;Abalroamento longitudinal;1;2;0;0;0;0;1
26/03/2012;12:22:00;402;com vítima;254,9;BR-116/RJ;Pista Norte;Outros;1;1;1;0;0;0;1
26/03/2012;10:37:00;329;sem vítima;306,9;BR-116/RJ;Pista Sul;Colisão traseira;1;15;0;0;0;0;1
27/03/2012;18:48:00;689;sem vítima;121;BR-116/SP;Pista Norte;Colisão traseira;2;3;0;0;0;0;1
27/03/2012;08:32:00;221;sem vítima;147,3;BR-116/SP;Pista Sul;Engavetamento;1;3;0;0;0;0;1
27/03/2012;00:55:00;18;sem vítima;150,9;BR-116/SP;Pista Norte;Colisão traseira;1;2;0;0;0;0;1
27/03/2012;10:48:00;343;sem vítima;164,6;BR-116/RJ;Pista Norte;Abalroamento longitudinal;1;2;0;0;0;0;1
27/03/2012;10:59:00;354;com vítima;165;BR-116/RJ;Pista Norte;Colisão traseira;1;1;1;0;0;0;1
27/03/2012;10:49:00;346;sem vítima;182;BR-116/SP;Pista Norte;Colisão traseira;2;3;0;0;0;0;1
27/03/2012;10:26:00;318;com vítima;201;BR-116/SP;Pista Norte;Tombamento;1;0;1;0;0;0;1
27/03/2012;12:27:00;413;sem vítima;225;BR-116/RJ;Pista Norte;Choque em barreira New Jersey;1;1;0;0;0;0;1
27/03/2012;08:32:00;220;sem vítima;236,3;BR-116/RJ;Pista Norte;Abalroamento longitudinal;2;2;0;0;0;0;1
28/03/2012;20:07:00;662;com vítima;12;BR-116/SP;Pista Norte;Abalroamento longitudinal;2;1;1;0;0;0;1
28/03/2012;20:43:00;677;sem vítima;15,3;BR-116/SP;Pista Norte;Abalroamento longitudinal;2;2;0;0;0;0;1
28/03/2012;04:18:00;54;com vítima;38,2;BR-116/SP;Pista Sul;Colisão traseira;2;1;1;0;0;0;1
28/03/2012;02:03:00;28;sem vítima;79,6;BR-116/SP;Pista Norte;Atropelamento de animal;1;1;0;0;0;0;1
28/03/2012;19:24:00;638;com vítima;85,45;BR-116/SP;Pista Norte;Atropelamento de pedestre atravessando;1;1;1;0;0;0;1
28/03/2012;23:18:00;752;com vítima;96,3;BR-116/SP;Pista Norte;Colisão traseira;2;1;0;1;0;0;2
28/03/2012;00:33:00;10;sem vítima;179;BR-116/RJ;Pista Sul;Colisão traseira;1;4;0;0;0;0;1
28/03/2012;04:36:00;60;sem vítima;182,6;BR-116/RJ;Pista Sul;Colisão traseira;1;2;0;0;0;0;1
28/03/2012;21:55:00;726;sem vítima;187,8;BR-116/SP;Pista Norte;Choque em objeto fixo;1;1;0;0;0;0;1
28/03/2012;21:08:00;693;sem vítima;189,6;BR-116/SP;Pista Sul;Colisão traseira;1;2;0;0;0;0;1
28/03/2012;18:47:00;609;sem vítima;213,9;BR-116/SP;Pista Sul;Colisão traseira;1;3;0;0;0;0;1
29/03/2012;15:12:00;454;sem vítima;133,89;BR-116/SP;Pista Norte;Colisão traseira;2;2;0;0;0;0;1
29/03/2012;08:59:00;210;com vítima;164,3;BR-116/RJ;Pista Sul;Engavetamento;1;2;1;0;0;0;1
29/03/2012;13:25:00;381;sem vítima;165,6;BR-116/SP;Pista Sul;Colisão traseira;1;4;0;0;0;0;1
29/03/2012;08:20:00;172;sem vítima;181,2;BR-116/SP;Pista Norte;Choque em objeto fixo;2;2;0;0;0;0;1
29/03/2012;21:57:00;697;sem vítima;207,1;BR-116/RJ;Pista Sul;Colisão traseira;2;2;0;0;0;0;1
29/03/2012;15:51:00;473;sem vítima;222,1;BR-116/SP;Pista Sul;Abalroamento longitudinal;1;4;0;0;0;0;1
29/03/2012;09:28:00;232;sem vítima;223;BR-116/RJ;Pista Norte;Abalroamento longitudinal;3;3;0;0;0;0;1
29/03/2012;09:30:00;234;sem vítima;229,1;BR-116/SP;Pista Sul;Choque em veículo parado na pista;1;3;0;0;0;0;1
29/03/2012;03:39:00;38;sem vítima;237;BR-116/RJ;Pista Norte;Choque em objeto fixo;1;1;0;0;0;0;1
29/03/2012;05:10:00;63;sem vítima;258,6;BR-116/RJ;Pista Norte;Choque Talude;1;1;0;0;0;0;1
29/03/2012;01:08:00;14;sem vítima;270,1;BR-116/RJ;Pista Sul;Choque em barreira New Jersey;1;1;0;0;0;0;1
30/03/2012;22:21:00;831;com vítima;18,05;BR-116/SP;Pista Norte;Colisão traseira;1;25;3;1;0;0;2
30/03/2012;08:22:00;205;sem vítima;86,8;BR-116/SP;Pista Norte;Colisão traseira;1;2;0;0;0;0;1
30/03/2012;12:19:00;405;sem vítima;163,6;BR-116/RJ;Pista Norte;Abalroamento longitudinal;1;3;0;0;0;0;1
30/03/2012;15:55:00;561;sem vítima;170,05;BR-116/RJ;Pista Sul;Abalroamento longitudinal;1;2;0;0;0;0;1
30/03/2012;17:30:00;641;sem vítima;173,6;BR-116/RJ;Pista Sul;Abalroamento longitudinal;1;2;0;0;0;0;1
30/03/2012;06:44:00;105;sem vítima;176,8;BR-116/RJ;Pista Norte;Engavetamento;2;3;0;0;0;0;1
30/03/2012;17:11:00;623;com vítima;219;BR-116/RJ;Pista Norte;Tombamento;1;0;1;0;0;0;1
30/03/2012;12:24:00;409;sem vítima;227,1;BR-116/SP;Pista Norte;Colisão traseira;1;2;0;0;0;0;1
30/03/2012;17:05:00;617;sem vítima;228,7;BR-116/SP;Pista Norte;Colisão traseira;1;2;0;0;0;0;1
30/03/2012;20:58:00;784;sem vítima;273;BR-116/RJ;Pista Norte;Choque em veículo parado na pista;1;2;0;0;0;0;1
30/03/2012;16:19:00;585;sem vítima;277,1;BR-116/RJ;Pista Sul;Abalroamento longitudinal;1;2;0;0;0;0;1
31/03/2012;20:20:00;588;sem vítima;8,9;BR-116/SP;Pista Sul;Abalroamento longitudinal;1;1;0;0;0;0;1
31/03/2012;10:41:00;281;sem vítima;14,5;BR-116/SP;Pista Norte;Tombamento;1;1;0;0;0;0;1
31/03/2012;06:34:00;110;sem vítima;28,1;BR-116/SP;Pista Sul;Choque em barreira New Jersey;1;1;0;0;0;0;1
31/03/2012;18:26:00;522;sem vítima;158;BR-116/SP;Pista Sul;Choque em barreira New Jersey;1;2;0;0;0;0;1
31/03/2012;15:08:00;415;com vítima;165,6;BR-116/RJ;Pista Sul;Abalroamento longitudinal;1;1;1;0;0;0;1
31/03/2012;20:39:00;601;sem vítima;170,5;BR-116/SP;Pista Sul;Choque em objeto na pista;2;3;0;0;0;0;1
31/03/2012;05:59:00;87;sem vítima;222;BR-116/SP;Pista Norte;Colisão traseira;2;2;0;0;0;0;1
31/03/2012;10:04:00;250;sem vítima;222,4;BR-116/RJ;Pista Norte;Outros;1;1;0;0;0;0;1
31/03/2012;04:37:00;74;sem vítima;228;BR-116/SP;Pista Norte;Colisão traseira;1;2;0;0;0;0;1
01/04/2012;19:08:00;471;sem vítima;25;BR-116/SP;Pista Norte;Choque em objeto na pista;1;1;0;0;0;0;1
01/04/2012;03:38:00;56;sem vítima;118,4;BR-116/SP;Pista Norte;Tombamento;1;3;0;0;0;0;1
01/04/2012;06:05:00;89;sem vítima;141,5;BR-116/SP;Pista Norte;Colisão traseira;1;2;0;0;0;0;1
01/04/2012;13:18:00;276;sem vítima;154,2;BR-116/SP;Pista Sul;Abalroamento longitudinal;1;2;0;0;0;0;1
01/04/2012;03:43:00;57;sem vítima;175,2;BR-116/RJ;Pista Sul;Abalroamento longitudinal;1;2;0;0;0;0;1
01/04/2012;03:59:00;58;sem vítima;184;BR-116/RJ;Pista Sul;Choque em veículo parado na pista;2;3;0;0;0;0;1
01/04/2012;22:12:00;566;com vítima;236,8;BR-116/RJ;Pista Norte;Atropelamento de pedestre atravessando;1;2;0;0;0;1;3
02/04/2012;16:15:00;555;sem vítima;34,6;BR-116/SP;Pista Norte;Abalroamento longitudinal;1;2;0;0;0;0;1
02/04/2012;08:23:00;223;sem vítima;86,9;BR-116/SP;Pista Norte;Engavetamento;3;4;0;0;0;0;1
02/04/2012;09:09:00;272;com vítima;145;BR-116/SP;Pista Norte;Choque em veículo parado na pista;1;1;0;1;0;0;2
02/04/2012;11:26:00;388;sem vítima;173,6;BR-116/RJ;Pista Sul;Colisão traseira;1;2;0;0;0;0;1
02/04/2012;07:34:00;176;sem vítima;175,05;BR-116/RJ;Pista Norte;Abalroamento longitudinal;1;2;0;0;0;0;1
02/04/2012;21:17:00;706;sem vítima;179,9;BR-116/RJ;Pista Sul;Abalroamento longitudinal;1;2;0;0;0;0;1
02/04/2012;22:22:00;737;sem vítima;182,5;BR-116/SP;Pista Norte;Colisão traseira;2;2;0;0;0;0;1
02/04/2012;16:29:00;560;sem vítima;204;BR-116/SP;Pista Sul;Choque em veículo parado na pista;1;2;0;0;0;0;1
02/04/2012;03:52:00;53;sem vítima;222,5;BR-116/SP;Pista Norte;Abalroamento longitudinal;1;4;0;0;0;0;1
02/04/2012;11:10:00;375;com vítima;226,5;BR-116/SP;Pista Norte;Colisão traseira;2;4;1;0;0;0;1
02/04/2012;22:26:00;740;sem vítima;229,3;BR-116/SP;Pista Sul;Colisão traseira;2;2;0;0;0;0;1
02/04/2012;04:21:00;57;sem vítima;245,9;BR-116/RJ;Pista Norte;Colisão traseira;1;2;0;0;0;0;1
02/04/2012;19:27:00;666;sem vítima;306;BR-116/RJ;Pista Sul;Choque em barreira New Jersey;1;1;0;0;0;0;1
03/04/2012;14:48:00;518;com vítima;83;BR-116/SP;Pista Sul;Abalroamento transversal;1;2;1;0;0;0;1
03/04/2012;17:22:00;630;com vítima;146,2;BR-116/SP;Pista Norte;Abalroamento longitudinal;1;3;1;0;0;0;1
03/04/2012;19:49:00;738;sem vítima;168,3;BR-116/RJ;Pista Norte;Colisão traseira;1;2;0;0;0;0;1
03/04/2012;15:26:00;544;sem vítima;173,4;BR-116/RJ;Pista Sul;Abalroamento longitudinal;1;2;0;0;0;0;1
03/04/2012;19:37:00;729;sem vítima;185,8;BR-116/RJ;Pista Sul;Colisão traseira;1;2;0;0;0;0;1
03/04/2012;23:03:00;822;sem vítima;186;BR-116/SP;Pista Norte;Colisão traseira;1;3;0;0;0;0;1
03/04/2012;19:14:00;714;sem vítima;217,7;BR-116/SP;Pista Sul;Abalroamento longitudinal;1;2;0;0;0;0;1
03/04/2012;00:09:00;6;sem vítima;219;BR-116/SP;Pista Norte;Choque em veículo parado na pista;1;2;0;0;0;0;1
03/04/2012;14:21:00;505;sem vítima;222;BR-116/SP;Pista Norte;Abalroamento longitudinal;1;3;0;0;0;0;1
03/04/2012;12:11:00;437;sem vítima;223,4;BR-116/RJ;Pista Norte;Choque Talude;1;1;0;0;0;0;1
03/04/2012;09:44:00;322;com vítima;227,5;BR-116/SP;Pista Norte;Tombamento;1;0;3;0;0;0;1
03/04/2012;04:36:00;73;sem vítima;230,85;BR-116/RJ;Pista Norte;Colisão traseira;2;3;0;0;0;0;1
03/04/2012;08:47:00;264;sem vítima;235,7;BR-116/RJ;Pista Norte;Colisão traseira;1;5;0;0;0;0;1
03/04/2012;18:08:00;660;sem vítima;265,8;BR-116/RJ;Pista Sul;Abalroamento longitudinal;2;2;0;0;0;0;1
03/04/2012;15:59:00;563;sem vítima;277,6;BR-116/RJ;Pista Sul;Colisão traseira;1;2;0;0;0;0;1
04/04/2012;19:33:00;715;sem vítima;6;BR-116/SP;Pista Sul;Abalroamento longitudinal;2;2;0;0;0;0;1
04/04/2012;19:51:00;728;sem vítima;150,6;BR-116/SP;Pista Sul;Engavetamento;1;10;0;0;0;0;1
04/04/2012;16:23:00;565;sem vítima;165;BR-116/SP;Pista Norte;Abalroamento longitudinal;1;3;0;0;0;0;1
04/04/2012;10:05:00;322;com vítima;216;BR-116/SP;Pista Sul;Engavetamento;1;3;1;0;0;0;1
04/04/2012;16:12:00;552;sem vítima;227;BR-116/SP;Pista Norte;Abalroamento longitudinal;1;3;0;0;0;0;1
04/04/2012;16:30:00;568;sem vítima;263,3;BR-116/RJ;Pista Norte;Choque em objeto fixo;1;1;0;0;0;0;1
04/04/2012;07:51:00;192;sem vítima;300,15;BR-116/RJ;Pista Norte;Choque em objeto fixo;1;1;0;0;0;0;1
05/04/2012;21:58:00;863;sem vítima;39;BR-116/SP;Pista Norte;Colisão traseira;1;4;0;0;0;0;1
05/04/2012;13:34:00;440;sem vítima;102,8;BR-116/SP;Pista Norte;Colisão traseira;1;4;0;0;0;0;1
05/04/2012;16:54:00;601;sem vítima;138,8;BR-116/SP;Pista Norte;Outros;1;2;0;0;0;0;1
05/04/2012;01:34:00;31;com vítima;142,1;BR-116/SP;Pista Sul;Choque em veículo parado na pista;1;2;2;0;0;0;1
05/04/2012;17:41:00;651;com vítima;159;BR-116/SP;Pista Norte;Choque em objeto fixo;1;1;0;1;0;0;2
05/04/2012;19:58:00;772;sem vítima;167;BR-116/RJ;Pista Sul;Abalroamento longitudinal;1;2;0;0;0;0;1
05/04/2012;16:56:00;604;sem vítima;170;BR-116/RJ;Pista Sul;Abalroamento longitudinal;1;3;0;0;0;0;1
05/04/2012;13:37:00;443;sem vítima;175;BR-116/RJ;Pista Norte;Abalroamento longitudinal;1;2;0;0;0;0;1
05/04/2012;12:40:00;407;com vítima;199,2;BR-116/RJ;Pista Norte;Colisão traseira;2;0;2;0;0;0;1
05/04/2012;16:09:00;567;sem vítima;207;BR-116/RJ;Pista Sul;Choque em objeto fixo;1;1;0;0;0;0;1
05/04/2012;09:17:00;274;com vítima;214,3;BR-116/SP;Pista Sul;Atropelamento de pedestre atravessando;1;1;0;0;1;0;2
05/04/2012;13:25:00;431;sem vítima;219;BR-116/SP;Pista Norte;Colisão traseira;1;2;0;0;0;0;1
05/04/2012;17:54:00;658;sem vítima;228,3;BR-116/SP;Pista Norte;Abalroamento longitudinal;1;4;0;0;0;0;1
05/04/2012;08:43:00;246;sem vítima;238,1;BR-116/RJ;Pista Norte;Abalroamento longitudinal;1;2;0;0;0;0;1
05/04/2012;23:06:00;903;sem vítima;265;BR-116/RJ;Pista Norte;Colisão traseira;1;2;0;0;0;0;1