data;horario;n_da_ocorrencia;tipo_de_ocorrencia;km;trecho;sentido;tipo_de_acidente;caminhao;ilesos;levemente_feridos;moderadamente_feridos;gravemente_feridos;mortos;3
05/04/2012;22:34:00;886;sem vítima;283,85;BR-116/RJ;Pista Sul;Choque em veículo parado na pista;1;7;0;0;0;0;1
06/04/2012;14:43:00;487;sem vítima;220,9;BR-116/SP;Pista Sul;Choque em veículo parado na pista;1;3;0;0;0;0;1
06/04/2012;00:14:00;8;sem vítima;222,4;BR-116/RJ;Pista Norte;Choque em objeto na pista;1;2;0;0;0;0;1
06/04/2012;00:17:00;12;sem vítima;223;BR-116/RJ;Pista Norte;Abalroamento longitudinal;1;2;0;0;0;0;1
06/04/2012;00:16:00;10;sem vítima;228;BR-116/SP;Pista Norte;Colisão traseira;1;3;0;0;0;0;1
07/04/2012;23:31:00;636;sem vítima;158,1;BR-116/SP;Pista Norte;Abalroamento longitudinal;1;10;0;0;0;0;1
08/04/2012;00:35:00;12;com vítima;157,9;BR-116/SP;Pista Sul;Choque em veículo parado na pista;1;4;1;0;0;0;1
08/04/2012;08:43:00;176;com vítima;239,55;BR-116/RJ;Pista Norte;Choque Talude;1;0;1;0;0;0;1
09/04/2012;02:14:00;43;sem vítima;28,1;BR-116/SP;Pista Norte;Choque em objeto na pista;1;3;0;0;0;0;1
09/04/2012;13:02:00;403;com vítima;70,29;BR-116/SP;Pista Sul;Atropelamento de pedestre caminhando;1;1;0;0;0;1;3
09/04/2012;11:51:00;360;sem vítima;165;BR-116/SP;Pista Norte;Choque em veículo parado na pista;2;2;0;0;0;0;1
09/04/2012;13:24:00;423;sem vítima;171;BR-116/RJ;Pista Sul;Colisão traseira;2;2;0;0;0;0;1
09/04/2012;00:43:00;10;sem vítima;180,4;BR-116/RJ;Pista Norte;Colisão traseira;1;2;0;0;0;0;1
09/04/2012;05:16:00;89;sem vítima;251,15;BR-116/RJ;Pista Norte;Choque em barreira New Jersey;2;3;0;0;0;0;1
09/04/2012;16:32:00;535;com vítima;261,6;BR-116/RJ;Pista Sul;Choque em barreira New Jersey;1;1;1;0;0;0;1
09/04/2012;18:49:00;635;com vítima;274;BR-116/RJ;Pista Sul;Abalroamento longitudinal;1;1;2;0;0;0;1
09/04/2012;17:23:00;567;sem vítima;279;BR-116/RJ;Pista Sul;Choque Talude;1;1;0;0;0;0;1
10/04/2012;17:36:00;554;sem vítima;135;BR-116/SP;Pista Sul;Abalroamento longitudinal;1;3;0;0;0;0;1
10/04/2012;08:13:00;186;sem vítima;140,9;BR-116/SP;Pista Norte;Engavetamento;2;6;0;0;0;0;1
10/04/2012;09:08:00;245;sem vítima;161,95;BR-116/SP;Pista Sul;Colisão traseira;2;2;0;0;0;0;1
10/04/2012;11:54:00;349;com vítima;170;BR-116/RJ;Pista Norte;Abalroamento longitudinal;1;2;1;0;0;0;1
10/04/2012;11:26:00;334;sem vítima;171,4;BR-116/RJ;Pista Norte;Abalroamento longitudinal;1;2;0;0;0;0;1
10/04/2012;18:00:00;567;sem vítima;179,5;BR-116/RJ;Pista Norte;Colisão traseira;1;2;0;0;0;0;1
10/04/2012;05:24:00;66;sem vítima;192;BR-116/RJ;Pista Norte;Choque em defensa;1;1;0;0;0;0;1
10/04/2012;08:52:00;227;sem vítima;202;BR-116/SP;Pista Norte;Engavetamento;1;4;0;0;0;0;1
10/04/2012;16:51:00;523;sem vítima;203,6;BR-116/RJ;Pista Sul;Colisão traseira;2;4;0;0;0;0;1
10/04/2012;06:49:00;102;sem vítima;204,8;BR-116/SP;Pista Sul;Choque em veículo parado na pista;1;2;0;0;0;0;1
10/04/2012;13:21:00;384;sem vítima;218,6;BR-116/SP;Pista Norte;Abalroamento longitudinal;1;4;0;0;0;0;1
11/04/2012;23:09:00;785;com vítima;72,2;BR-116/SP;Pista Sul;Colisão traseira;2;11;1;1;0;0;2
11/04/2012;02:47:00;39;sem vítima;84,7;BR-116/SP;Pista Sul;Colisão traseira;1;2;0;0;0;0;1
11/04/2012;08:23:00;223;com vítima;146;BR-116/SP;Pista Sul;Colisão traseira;1;2;1;0;0;0;1
11/04/2012;14:19:00;488;sem vítima;166;BR-116/SP;Pista Sul;Choque em objeto fixo;1;1;0;0;0;0;1
11/04/2012;19:06:00;679;sem vítima;173,35;BR-116/RJ;Pista Sul;Abalroamento longitudinal;1;2;0;0;0;0;1
11/04/2012;18:50:00;673;sem vítima;173,36;BR-116/RJ;Pista Sul;Abalroamento longitudinal;1;2;0;0;0;0;1
11/04/2012;17:32:00;620;sem vítima;173,5;BR-116/RJ;Pista Sul;Abalroamento longitudinal;1;2;0;0;0;0;1
11/04/2012;09:12:00;267;sem vítima;179,05;BR-116/RJ;Pista Norte;Abalroamento longitudinal;1;2;0;0;0;0;1
11/04/2012;08:42:00;242;sem vítima;179,2;BR-116/RJ;Pista Norte;Abalroamento longitudinal;1;2;0;0;0;0;1
11/04/2012;09:52:00;306;sem vítima;179,8;BR-116/RJ;Pista Norte;Abalroamento longitudinal;2;4;0;0;0;0;1
11/04/2012;17:39:00;624;sem vítima;223,9;BR-116/RJ;Pista Norte;Choque em objeto fixo;1;1;0;0;0;0;1
11/04/2012;20:30:00;713;com vítima;227,8;BR-116/SP;Pista Norte;Engavetamento;1;5;1;0;0;0;1
11/04/2012;17:12:00;605;sem vítima;270,18;BR-116/RJ;Pista Sul;Abalroamento longitudinal;1;2;0;0;0;0;1
11/04/2012;14:33:00;494;sem vítima;292,6;BR-116/RJ;Pista Norte;Abalroamento longitudinal;1;2;0;0;0;0;1
12/04/2012;02:06:00;36;sem vítima;98,85;BR-116/SP;Pista Norte;Tombamento;1;1;0;0;0;0;1
12/04/2012;18:01:00;641;sem vítima;115,9;BR-116/SP;Pista Norte;Engavetamento;1;5;0;0;0;0;1
12/04/2012;18:25:00;652;com vítima;137,6;BR-116/SP;Pista Sul;Engavetamento;2;3;1;0;0;0;1
12/04/2012;23:13:00;801;com vítima;141,85;BR-116/SP;Pista Norte;Choque em veículo parado na pista;1;1;1;0;1;1;3
12/04/2012;18:54:00;669;sem vítima;164,3;BR-116/RJ;Pista Sul;Colisão traseira;1;2;0;0;0;0;1
12/04/2012;15:55:00;548;sem vítima;179,6;BR-116/RJ;Pista Norte;Colisão traseira;1;3;0;0;0;0;1
12/04/2012;13:30:00;443;sem vítima;182;BR-116/SP;Pista Norte;Colisão traseira;1;2;0;0;0;0;1
12/04/2012;13:05:00;420;com vítima;187,9;BR-116/RJ;Pista Norte;Abalroamento longitudinal;1;1;1;2;1;0;2
12/04/2012;01:13:00;24;com vítima;244,5;BR-116/RJ;Pista Norte;Colisão traseira;2;1;1;0;0;0;1
13/04/2012;11:00:00;317;sem vítima;164,8;BR-116/RJ;Pista Sul;Colisão traseira;1;17;0;0;0;0;1
13/04/2012;19:57:00;664;sem vítima;219,8;BR-116/SP;Pista Sul;Choque em objeto na pista;1;4;0;0;0;0;1
13/04/2012;06:18:00;94;sem vítima;222,8;BR-116/SP;Pista Norte;Abalroamento longitudinal;1;2;0;0;0;0;1
13/04/2012;17:53:00;586;sem vítima;223,9;BR-116/RJ;Pista Norte;Abalroamento longitudinal;1;2;0;0;0;0;1
13/04/2012;13:19:00;408;sem vítima;241,7;BR-116/RJ;Pista Sul;Abalroamento longitudinal;1;3;0;0;0;0;1
14/04/2012;03:34:00;63;sem vítima;131;BR-116/SP;Pista Norte;Abalroamento longitudinal;1;2;0;0;0;0;1
14/04/2012;06:52:00;114;sem vítima;171,7;BR-116/RJ;Pista Norte;Abalroamento longitudinal;1;2;0;0;0;0;1
14/04/2012;07:32:00;146;sem vítima;205,8;BR-116/SP;Pista Sul;Abalroamento longitudinal;1;2;0;0;0;0;1
14/04/2012;02:57:00;56;com vítima;256,6;BR-116/RJ;Pista Norte;Colisão traseira;2;1;0;0;1;0;2
14/04/2012;04:16:00;70;sem vítima;306;BR-116/RJ;Pista Norte;Abalroamento longitudinal;1;2;0;0;0;0;1
15/04/2012;17:27:00;443;sem vítima;70,6;BR-116/SP;Pista Norte;Engavetamento;1;5;0;0;0;0;1
15/04/2012;18:57:00;492;sem vítima;203;BR-116/SP;Pista Sul;Colisão traseira;1;3;0;0;0;0;1
15/04/2012;20:05:00;539;sem vítima;204,8;BR-116/SP;Pista Sul;Abalroamento longitudinal;1;3;0;0;0;0;1
15/04/2012;11:02:00;245;com vítima;228,8;BR-116/SP;Pista Norte;Atropelamento de pedestre atravessando;1;1;0;1;0;0;2
15/04/2012;23:34:00;616;sem vítima;230,8;BR-116/SP;Pista Norte;Choque em veículo parado na pista;1;2;0;0;0;0;1
16/04/2012;08:56:00;243;com vítima;37,6;BR-116/SP;Pista Sul;Choque em barreira New Jersey;1;0;1;0;0;0;1
16/04/2012;22:10:00;722;com vítima;38,2;BR-116/SP;Pista Sul;Abalroamento longitudinal;2;1;1;0;0;0;1
16/04/2012;12:24:00;376;sem vítima;72;BR-116/SP;Pista Sul;Abalroamento longitudinal;1;2;0;0;0;0;1
16/04/2012;07:15:00;124;sem vítima;168,4;BR-116/RJ;Pista Norte;Colisão traseira;1;74;0;0;0;0;1
16/04/2012;10:03:00;296;sem vítima;175,6;BR-116/RJ;Pista Sul;Choque em barreira New Jersey;1;1;0;0;0;0;1
16/04/2012;14:35:00;455;sem vítima;205,2;BR-116/RJ;Pista Norte;Choque em veículo parado na pista;1;2;0;0;0;0;1
16/04/2012;03:05:00;43;sem vítima;217,2;BR-116/RJ;Pista Norte;Colisão traseira;2;2;0;0;0;0;1
16/04/2012;17:11:00;559;sem vítima;221,8;BR-116/SP;Pista Norte;Abalroamento longitudinal;1;2;0;0;0;0;1
16/04/2012;22:55:00;741;com vítima;296,62;BR-116/RJ;Pista Sul;Choque em defensa;1;0;1;0;0;0;1
17/04/2012;16:58:00;575;sem vítima;40;BR-116/SP;Pista Norte;Colisão traseira;1;2;0;0;0;0;1
17/04/2012;00:44:00;19;sem vítima;65,5;BR-116/SP;Pista Norte;Colisão traseira;2;2;0;0;0;0;1
17/04/2012;06:24:00;99;sem vítima;142,1;BR-116/SP;Pista Sul;Choque em defensa;1;1;0;0;0;0;1
17/04/2012;08:26:00;201;com vítima;160,9;BR-116/SP;Pista Sul;Colisão traseira;1;3;1;0;0;0;1
17/04/2012;08:22:00;195;sem vítima;172,8;BR-116/RJ;Pista Sul;Abalroamento longitudinal;1;2;0;0;0;0;1
17/04/2012;19:48:00;676;sem vítima;173,2;BR-116/RJ;Pista Sul;Abalroamento longitudinal;1;2;0;0;0;0;1
17/04/2012;14:47:00;477;sem vítima;177;BR-116/RJ;Pista Sul;Abalroamento longitudinal;1;2;0;0;0;0;1
17/04/2012;23:31:00;799;sem vítima;223,1;BR-116/RJ;Pista Norte;Tombamento;2;2;0;0;0;0;1
17/04/2012;16:53:00;567;sem vítima;227;BR-116/RJ;Pista Norte;Abalroamento longitudinal;2;2;0;0;0;0;1
17/04/2012;08:50:00;226;sem vítima;230;BR-116/SP;Pista Sul;Abalroamento longitudinal;1;3;0;0;0;0;1
17/04/2012;13:50:00;435;sem vítima;288;BR-116/RJ;Pista Sul;Abalroamento longitudinal;1;2;0;0;0;0;1
17/04/2012;08:45:00;223;com vítima;304,65;BR-116/RJ;Pista Sul;Abalroamento longitudinal;1;1;1;0;0;0;1
17/04/2012;00:55:00;21;sem vítima;316,06;BR-116/RJ;Pista Sul;Colisão traseira;2;2;0;0;0;0;1
17/04/2012;00:58:00;22;sem vítima;316,6;BR-116/RJ;Pista Sul;Choque em veículo parado na pista;1;2;0;0;0;0;1
17/04/2012;07:37:00;151;sem vítima;318,9;BR-116/RJ;Pista Norte;Abalroamento longitudinal;2;2;0;0;0;0;1
18/04/2012;04:00:00;68;sem vítima;35,15;BR-116/SP;Pista Sul;Colisão traseira;1;2;0;0;0;0;1
18/04/2012;14:59:00;443;sem vítima;74,25;BR-116/SP;Pista Norte;Tombamento;1;1;0;0;0;0;1
18/04/2012;11:15:00;345;sem vítima;165,6;BR-116/RJ;Pista Norte;Colisão traseira;1;2;0;0;0;0;1
18/04/2012;18:37:00;600;sem vítima;173,4;BR-116/RJ;Pista Sul;Abalroamento longitudinal;1;3;0;0;0;0;1
18/04/2012;06:24:00;109;sem vítima;173,7;BR-116/RJ;Pista Norte;Abalroamento longitudinal;2;2;0;0;0;0;1
18/04/2012;21:09:00;684;sem vítima;173,7;BR-116/RJ;Pista Sul;Abalroamento longitudinal;1;2;0;0;0;0;1
18/04/2012;20:18:00;664;com vítima;178,8;BR-116/SP;Pista Sul;Tombamento;1;0;0;1;0;0;2
18/04/2012;05:43:00;95;sem vítima;179,6;BR-116/RJ;Pista Norte;Engavetamento;2;4;0;0;0;0;1
18/04/2012;12:24:00;375;com vítima;207,1;BR-116/RJ;Pista Norte;Colisão traseira;1;1;0;1;0;0;2
18/04/2012;17:00:00;519;sem vítima;219;BR-116/RJ;Pista Sul;Outros;1;1;0;0;0;0;1
18/04/2012;16:40:00;508;sem vítima;220,3;BR-116/RJ;Pista Sul;Outros;1;1;0;0;0;0;1
18/04/2012;10:33:00;312;sem vítima;228;BR-116/RJ;Pista Norte;Outros;1;2;0;0;0;0;1
18/04/2012;16:44:00;511;sem vítima;231;BR-116/SP;Pista Norte;Abalroamento longitudinal;1;6;0;0;0;0;1
18/04/2012;23:12:00;750;sem vítima;328,35;BR-116/RJ;Pista Sul;Outros;1;2;0;0;0;0;1
19/04/2012;04:59:00;64;sem vítima;36,5;BR-116/SP;Pista Sul;Choque em objeto fixo;1;1;0;0;0;0;1
19/04/2012;05:02:00;66;com vítima;88,7;BR-116/SP;Pista Norte;Abalroamento longitudinal;1;3;0;2;0;0;2
19/04/2012;12:51:00;418;sem vítima;137;BR-116/SP;Pista Norte;Choque em objeto na pista;1;2;0;0;0;0;1
19/04/2012;08:29:00;224;sem vítima;165;BR-116/SP;Pista Norte;Colisão traseira;2;2;0;0;0;0;1
19/04/2012;07:48:00;171;sem vítima;217,6;BR-116/SP;Pista Norte;Abalroamento longitudinal;1;2;0;0;0;0;1
19/04/2012;12:56:00;421;sem vítima;227;BR-116/SP;Pista Norte;Colisão traseira;2;2;0;0;0;0;1
19/04/2012;06:46:00;105;sem vítima;270,4;BR-116/RJ;Pista Norte;Outros;1;3;0;0;0;0;1
19/04/2012;21:42:00;733;sem vítima;300,4;BR-116/RJ;Pista Norte;Abalroamento longitudinal;1;2;0;0;0;0;1
20/04/2012;22:30:00;897;sem vítima;24,6;BR-116/SP;Pista Sul;Abalroamento longitudinal;2;2;0;0;0;0;1
20/04/2012;01:30:00;30;sem vítima;27,8;BR-116/SP;Pista Sul;Outros;3;3;0;0;0;0;1
20/04/2012;04:31:00;65;sem vítima;53,9;BR-116/SP;Pista Sul;Choque em objeto fixo;1;1;0;0;0;0;1
20/04/2012;16:21:00;611;com vítima;71;BR-116/SP;Pista Sul;Abalroamento longitudinal;1;1;1;0;0;0;1
20/04/2012;18:48:00;726;sem vítima;147,02;BR-116/SP;Pista Norte;Colisão traseira;2;2;0;0;0;0;1
20/04/2012;18:27:00;708;com vítima;155,1;BR-116/SP;Pista Sul;Abalroamento longitudinal;1;2;1;0;0;0;1
20/04/2012;05:57:00;84;sem vítima;165;BR-116/SP;Pista Sul;Colisão traseira;2;2;0;0;0;0;1
20/04/2012;12:37:00;452;sem vítima;165,1;BR-116/RJ;Pista Sul;Colisão traseira;2;3;0;0;0;0;1
20/04/2012;08:03:00;201;sem vítima;165,7;BR-116/RJ;Pista Norte;Abalroamento longitudinal;1;2;0;0;0;0;1
20/04/2012;16:50:00;630;sem vítima;172,8;BR-116/RJ;Pista Sul;Abalroamento longitudinal;1;2;0;0;0;0;1
20/04/2012;11:59:00;424;sem vítima;223,2;BR-116/RJ;Pista Sul;Abalroamento longitudinal;1;4;0;0;0;0;1
20/04/2012;14:39:00;534;sem vítima;226;BR-116/SP;Pista Norte;Colisão traseira;2;3;0;0;0;0;1
20/04/2012;01:23:00;27;sem vítima;253,33;BR-116/RJ;Pista Norte;Colisão traseira;1;2;0;0;0;0;1
21/04/2012;15:40:00;470;sem vítima;15;BR-116/SP;Pista Norte;Engavetamento;1;4;0;0;0;0;1
21/04/2012;15:19:00;454;sem vítima;15,1;BR-116/SP;Pista Sul;Choque em objeto fixo;1;1;0;0;0;0;1
21/04/2012;07:34:00;176;sem vítima;37,9;BR-116/SP;Pista Norte;Choque em barreira New Jersey;1;1;0;0;0;0;1
21/04/2012;09:07:00;238;sem vítima;112,6;BR-116/SP;Pista Norte;Engavetamento;3;5;0;0;0;0;1
21/04/2012;12:59:00;386;sem vítima;165,2;BR-116/SP;Pista Sul;Colisão traseira;1;2;0;0;0;0;1
21/04/2012;07:03:00;157;com vítima;186;BR-116/SP;Pista Norte;Abalroamento longitudinal;1;6;1;0;0;0;1
21/04/2012;21:56:00;630;sem vítima;192,2;BR-116/SP;Pista Norte;Choque em objeto na pista;1;3;0;0;0;0;1
21/04/2012;14:10:00;416;com vítima;263,5;BR-116/RJ;Pista Norte;Choque em barreira New Jersey;1;0;0;2;0;0;2
22/04/2012;03:21:00;51;sem vítima;134,1;BR-116/SP;Pista Sul;Choque em objeto fixo;1;1;0;0;0;0;1
22/04/2012;06:14:00;96;com vítima;197,5;BR-116/SP;Pista Norte;Colisão traseira;1;53;0;0;1;0;2
22/04/2012;07:30:00;133;sem vítima;211,4;BR-116/SP;Pista Sul;Colisão traseira;1;3;0;0;0;0;1
22/04/2012;04:12:00;64;sem vítima;275,95;BR-116/RJ;Pista Norte;Choque em defensa;1;2;0;0;0;0;1
22/04/2012;06:33:00;100;sem vítima;331,2;BR-116/RJ;Pista Sul;Choque em barreira New Jersey;1;5;0;0;0;0;1
23/04/2012;18:33:00;575;sem vítima;53,1;BR-116/SP;Pista Norte;Colisão traseira;2;2;0;0;0;0;1
23/04/2012;03:34:00;47;sem vítima;120,1;BR-116/SP;Pista Norte;Choque em barreira New Jersey;1;1;0;0;0;0;1
23/04/2012;16:23:00;480;sem vítima;185,5;BR-116/RJ;Pista Norte;Outros;1;1;0;0;0;0;1
23/04/2012;09:40:00;221;com vítima;212,5;BR-116/SP;Pista Norte;Choque em barreira New Jersey;1;0;1;0;0;0;1
23/04/2012;10:53:00;267;sem vítima;225;BR-116/SP;Pista Norte;Colisão traseira;1;2;0;0;0;0;1
23/04/2012;12:01:00;309;sem vítima;225;BR-116/SP;Pista Norte;Colisão traseira;1;2;0;0;0;0;1
23/04/2012;02:41:00;38;sem vítima;230;BR-116/SP;Pista Sul;Choque em objeto na pista;1;4;0;0;0;0;1
23/04/2012;18:09:00;556;sem vítima;298;BR-116/RJ;Pista Norte;Abalroamento longitudinal;1;16;0;0;0;0;1
24/04/2012;01:24:00;23;sem vítima;29,9;BR-116/SP;Pista Norte;Colisão traseira;2;2;0;0;0;0;1
24/04/2012;08:27:00;230;sem vítima;181;BR-116/RJ;Pista Norte;Colisão traseira;1;2;0;0;0;0;1
24/04/2012;05:26:00;75;sem vítima;182;BR-116/SP;Pista Norte;Colisão traseira;2;6;0;0;0;0;1
24/04/2012;09:01:00;262;sem vítima;186;BR-116/SP;Pista Norte;Colisão traseira;1;3;0;0;0;0;1
24/04/2012;15:20:00;530;sem vítima;220;BR-116/SP;Pista Norte;Abalroamento longitudinal;2;2;0;0;0;0;1
24/04/2012;11:52:00;409;sem vítima;221;BR-116/SP;Pista Norte;Colisão traseira;1;2;0;0;0;0;1
24/04/2012;23:50:00;819;sem vítima;222,8;BR-116/SP;Pista Norte;Abalroamento longitudinal;1;4;0;0;0;0;1
24/04/2012;11:48:00;405;sem vítima;246;BR-116/RJ;Pista Sul;Abalroamento longitudinal;1;2;0;0;0;0;1
24/04/2012;01:55:00;31;sem vítima;333,5;BR-116/RJ;Pista Sul;Abalroamento transversal;2;2;0;0;0;0;1
25/04/2012;23:53:00;838;sem vítima;27,6;BR-116/SP;Pista Sul;Choque em objeto na pista;2;2;0;0;0;0;1
25/04/2012;02:22:00;42;com vítima;74,56;BR-116/SP;Pista Sul;Choque em barreira New Jersey;1;0;1;0;0;0;1
25/04/2012;20:38:00;740;com vítima;92,75;BR-116/SP;Pista Sul;Atropelamento de animal;1;1;1;0;0;0;1
25/04/2012;15:13:00;533;com vítima;161;BR-116/SP;Pista Sul;Abalroamento longitudinal;1;1;1;0;0;0;1
25/04/2012;10:05:00;312;sem vítima;168,6;BR-116/RJ;Pista Sul;Abalroamento longitudinal;1;2;0;0;0;0;1
25/04/2012;10:05:00;310;sem vítima;204,4;BR-116/SP;Pista Sul;Colisão traseira;2;2;0;0;0;0;1
25/04/2012;11:13:00;379;sem vítima;218;BR-116/SP;Pista Sul;Abalroamento longitudinal;2;4;0;0;0;0;1
25/04/2012;06:32:00;108;com vítima;222,34;BR-116/SP;Pista Sul;Engavetamento;1;3;2;0;0;0;1
25/04/2012;09:42:00;293;sem vítima;229;BR-116/SP;Pista Sul;Abalroamento longitudinal;1;2;0;0;0;0;1
25/04/2012;20:35:00;737;sem vítima;257,722;BR-116/RJ;Pista Sul;Choque em objeto na pista;1;1;0;0;0;0;1
26/04/2012;04:28:00;76;sem vítima;22,3;BR-116/SP;Pista Sul;Choque em objeto fixo;1;1;0;0;0;0;1
26/04/2012;19:57:00;726;sem vítima;111,9;BR-116/SP;Pista Sul;Colisão traseira;2;2;0;0;0;0;1
26/04/2012;17:10:00;624;com vítima;117,85;BR-116/SP;Pista Sul;Engavetamento;4;6;0;0;0;1;3
26/04/2012;08:21:00;241;sem vítima;155;BR-116/SP;Pista Sul;Abalroamento longitudinal;3;5;0;0;0;0;1
26/04/2012;08:21:00;329;sem vítima;155;BR-116/SP;Pista Sul;Colisão traseira;1;2;0;0;0;0;1
26/04/2012;07:43:00;197;com vítima;165,9;BR-116/RJ;Pista Norte;Engavetamento;1;2;2;0;0;0;1
26/04/2012;07:13:00;160;sem vítima;180;BR-116/SP;Pista Sul;Colisão traseira;2;4;0;0;0;0;1
26/04/2012;08:15:00;237;sem vítima;180,8;BR-116/RJ;Pista Norte;Abalroamento longitudinal;1;3;0;0;0;0;1
26/04/2012;22:58:00;812;sem vítima;182,5;BR-116/SP;Pista Norte;Choque em veículo parado na pista;2;2;0;0;0;0;1
26/04/2012;00:30:00;12;sem vítima;204,5;BR-116/SP;Pista Norte;Choque em objeto na pista;1;2;0;0;0;0;1
26/04/2012;16:36:00;590;sem vítima;219,6;BR-116/SP;Pista Sul;Choque em barreira New Jersey;1;1;0;0;0;0;1
26/04/2012;16:47:00;600;sem vítima;224,1;BR-116/SP;Pista Norte;Choque em veículo parado na pista;2;2;0;0;0;0;1
26/04/2012;03:06:00;56;com vítima;231,3;BR-116/SP;Pista Sul;Atropelamento de pedestre caminhando;1;1;0;0;0;1;3
26/04/2012;04:39:00;79;sem vítima;270;BR-116/RJ;Pista Sul;Colisão traseira;2;2;0;0;0;0;1
27/04/2012;06:42:00;129;sem vítima;57,5;BR-116/SP;Pista Norte;Outros;1;1;0;0;0;0;1
27/04/2012;19:58:00;714;sem vítima;134,9;BR-116/SP;Pista Norte;Choque em objeto na pista;1;3;0;0;0;0;1
27/04/2012;09:13:00;272;sem vítima;143,85;BR-116/SP;Pista Sul;Abalroamento longitudinal;1;2;0;0;0;0;1
27/04/2012;12:25:00;397;com vítima;159,7;BR-116/SP;Pista Sul;Engavetamento;4;8;1;0;0;0;1
27/04/2012;06:19:00;113;sem vítima;167,4;BR-116/RJ;Pista Norte;Colisão traseira;1;4;0;0;0;0;1
27/04/2012;08:00:00;200;sem vítima;168,45;BR-116/RJ;Pista Norte;Abalroamento longitudinal;1;2;0;0;0;0;1
27/04/2012;08:19:00;220;sem vítima;169,7;BR-116/RJ;Pista Norte;Colisão traseira;1;2;0;0;0;0;1
27/04/2012;22:30:00;802;sem vítima;182;BR-116/SP;Pista Norte;Choque em veículo parado na pista;1;21;0;0;0;0;1
27/04/2012;09:57:00;297;sem vítima;204;BR-116/SP;Pista Norte;Abalroamento longitudinal;2;4;0;0;0;0;1
27/04/2012;22:24:00;798;com vítima;219,2;BR-116/RJ;Pista Norte;Tombamento;1;0;2;0;0;0;1
27/04/2012;20:42:00;748;sem vítima;220,5;BR-116/RJ;Pista Sul;Abalroamento longitudinal;1;2;0;0;0;0;1
27/04/2012;09:29:00;279;sem vítima;224,9;BR-116/RJ;Pista Norte;Colisão traseira;2;2;0;0;0;0;1
27/04/2012;00:55:00;22;sem vítima;228,9;BR-116/SP;Pista Sul;Choque em barreira New Jersey;1;1;0;0;0;0;1
27/04/2012;16:52:00;593;sem vítima;229,5;BR-116/SP;Pista Sul;Abalroamento longitudinal;1;2;0;0;0;0;1
27/04/2012;01:32:00;34;com vítima;273;BR-116/RJ;Pista Norte;Outros;1;1;2;0;0;0;1
28/04/2012;14:33:00;435;sem vítima;34;BR-116/SP;Pista Norte;Abalroamento longitudinal;1;2;0;0;0;0;1
28/04/2012;16:18:00;514;sem vítima;145,217;BR-116/SP;Pista Norte;Colisão traseira;1;5;0;0;0;0;1
28/04/2012;08:56:00;210;sem vítima;155;BR-116/SP;Pista Sul;Abalroamento longitudinal;1;2;0;0;0;0;1
28/04/2012;17:47:00;573;sem vítima;173,6;BR-116/RJ;Pista Sul;Colisão traseira;1;3;0;0;0;0;1
28/04/2012;11:18:00;320;sem vítima;175;BR-116/RJ;Pista Norte;Abalroamento longitudinal;1;6;0;0;0;0;1
28/04/2012;11:42:00;333;sem vítima;175,2;BR-116/RJ;Pista Norte;Abalroamento longitudinal;1;4;0;0;0;0;1
28/04/2012;11:44:00;334;sem vítima;196,1;BR-116/RJ;Pista Sul;Abalroamento longitudinal;1;2;0;0;0;0;1
29/04/2012;14:00:00;294;sem vítima;182;BR-116/SP;Pista Norte;Colisão traseira;1;6;0;0;0;0;1
29/04/2012;21:57:00;516;com vítima;183,85;BR-116/SP;Pista Sul;Colisão traseira;1;2;2;0;0;0;1
29/04/2012;19:43:00;458;com vítima;187,25;BR-116/SP;Pista Norte;Colisão traseira;1;2;2;1;0;0;2
29/04/2012;19:52:00;461;sem vítima;242;BR-116/RJ;Pista Norte;Choque em veículo parado na pista;2;2;0;0;0;0;1
29/04/2012;12:12:00;245;sem vítima;318,9;BR-116/RJ;Pista Norte;Colisão traseira;1;5;0;0;0;0;1
30/04/2012;18:41:00;506;sem vítima;87,4;BR-116/SP;Pista Sul;Choque em veículo parado na pista;1;6;0;0;0;0;1
30/04/2012;21:23:00;603;sem vítima;163,15;BR-116/RJ;Pista Sul;Abalroamento longitudinal;1;2;0;0;0;0;1
30/04/2012;17:40:00;470;sem vítima;172,5;BR-116/RJ;Pista Sul;Colisão traseira;1;3;0;0;0;0;1
30/04/2012;12:23:00;293;sem vítima;173,1;BR-116/RJ;Pista Sul;Colisão traseira;1;3;0;0;0;0;1
30/04/2012;20:03:00;563;sem vítima;177,2;BR-116/RJ;Pista Norte;Engavetamento;2;7;0;0;0;0;1
30/04/2012;12:47:00;304;sem vítima;187,65;BR-116/SP;Pista Norte;Choque em objeto fixo;1;1;0;0;0;0;1
30/04/2012;05:44:00;60;sem vítima;223,3;BR-116/RJ;Pista Norte;Choque Talude;1;1;0;0;0;0;1
30/04/2012;20:17:00;574;com vítima;224,05;BR-116/RJ;Pista Norte;Tombamento;1;0;1;0;0;0;1
30/04/2012;16:33:00;419;sem vítima;224,5;BR-116/RJ;Pista Sul;Choque em objeto fixo;1;1;0;0;0;0;1
30/04/2012;14:36:00;348;sem vítima;226,3;BR-116/RJ;Pista Norte;Outros;1;1;0;0;0;0;1
30/04/2012;10:04:00;223;sem vítima;229,8;BR-116/SP;Pista Sul;Abalroamento longitudinal;1;4;0;0;0;0;1
30/04/2012;19:19:00;534;sem vítima;235,6;BR-116/RJ;Pista Sul;Colisão traseira;1;3;0;0;0;0;1
30/04/2012;12:50:00;305;com vítima;274,4;BR-116/RJ;Pista Norte;Abalroamento longitudinal;1;1;0;2;0;0;2