data;horario;n_da_ocorrencia;tipo_de_ocorrencia;km;trecho;sentido;tipo_de_acidente;caminhao;ilesos;levemente_feridos;moderadamente_feridos;gravemente_feridos;mortos;3
30/04/2012;15:35:00;382;sem vítima;275;BR-116/RJ;Pista Norte;Abalroamento longitudinal;1;2;0;0;0;0;1
01/05/2012;23:56:00;690;sem vítima;15,1;BR-116/SP;Pista Norte;Choque em objeto fixo;1;1;0;0;0;0;1
01/05/2012;18:18:00;542;com vítima;107,6;BR-116/SP;Pista Norte;Engavetamento;2;3;1;0;0;0;1
01/05/2012;21:35:00;642;com vítima;194,52;BR-116/SP;Pista Sul;Atropelamento de pedestre atravessando;1;1;0;0;0;1;3
01/05/2012;15:54:00;432;sem vítima;197;BR-116/RJ;Pista Sul;Abalroamento longitudinal;1;2;0;0;0;0;1
01/05/2012;12:59:00;329;sem vítima;226,4;BR-116/RJ;Pista Sul;Abalroamento longitudinal;1;2;0;0;0;0;1
01/05/2012;13:41:00;351;com vítima;277,2;BR-116/RJ;Pista Sul;Colisão traseira;1;5;2;0;0;0;1
01/05/2012;12:11:00;304;com vítima;278,4;BR-116/RJ;Pista Sul;Choque em barreira New Jersey;1;0;1;0;0;0;1
02/05/2012;23:24:00;719;com vítima;8,7;BR-116/SP;Pista Norte;Choque em barreira New Jersey;1;1;1;0;0;0;1
02/05/2012;07:29:00;134;com vítima;14;BR-116/SP;Pista Sul;Abalroamento longitudinal;2;1;1;0;0;0;1
02/05/2012;07:59:00;154;com vítima;60,9;BR-116/SP;Pista Sul;Colisão traseira;1;1;1;0;0;0;1
02/05/2012;16:22:00;516;sem vítima;160,7;BR-116/SP;Pista Sul;Outros;1;1;0;0;0;0;1
02/05/2012;17:02:00;538;sem vítima;170,95;BR-116/RJ;Pista Sul;Colisão traseira;1;2;0;0;0;0;1
02/05/2012;10:32:00;289;com vítima;175,4;BR-116/RJ;Pista Sul;Tombamento;2;1;1;0;0;0;1
02/05/2012;08:03:00;160;sem vítima;178,8;BR-116/RJ;Pista Norte;Colisão traseira;1;2;0;0;0;0;1
02/05/2012;17:24:00;550;sem vítima;183,9;BR-116/RJ;Pista Sul;Outros;1;1;0;0;0;0;1
02/05/2012;09:43:00;244;sem vítima;195,3;BR-116/RJ;Pista Norte;Tombamento;1;1;0;0;0;0;1
02/05/2012;04:02:00;54;com vítima;195,8;BR-116/RJ;Pista Norte;Choque em objeto fixo;1;1;2;0;0;0;1
02/05/2012;03:59:00;52;com vítima;237,75;BR-116/RJ;Pista Sul;Choque em barreira New Jersey;1;0;0;1;0;0;2
02/05/2012;06:41:00;101;sem vítima;241;BR-116/RJ;Pista Norte;Colisão traseira;1;3;0;0;0;0;1
02/05/2012;05:16:00;67;sem vítima;265,7;BR-116/RJ;Pista Norte;Abalroamento longitudinal;1;2;0;0;0;0;1
02/05/2012;16:57:00;535;com vítima;298,6;BR-116/RJ;Pista Sul;Engavetamento;2;6;1;0;0;0;1
03/05/2012;02:32:00;33;com vítima;165,5;BR-116/RJ;Pista Norte;Atropelamento de pedestre atravessando;1;2;0;3;0;0;2
03/05/2012;11:14:00;326;sem vítima;166,6;BR-116/RJ;Pista Sul;Choque em barreira New Jersey;1;3;0;0;0;0;1
03/05/2012;19:40:00;636;sem vítima;173,5;BR-116/RJ;Pista Sul;Abalroamento longitudinal;1;2;0;0;0;0;1
03/05/2012;11:09:00;323;sem vítima;205;BR-116/SP;Pista Sul;Abalroamento longitudinal;1;2;0;0;0;0;1
03/05/2012;15:18:00;475;sem vítima;212,5;BR-116/SP;Pista Norte;Colisão traseira;2;4;0;0;0;0;1
03/05/2012;01:16:00;19;sem vítima;330,3;BR-116/RJ;Pista Sul;Abalroamento longitudinal;1;2;0;0;0;0;1
04/05/2012;08:37:00;238;sem vítima;77,7;BR-116/SP;Pista Norte;Engavetamento;1;5;0;0;0;0;1
04/05/2012;04:53:00;87;sem vítima;127,3;BR-116/SP;Pista Norte;Choque em objeto na pista;1;1;0;0;0;0;1
04/05/2012;07:54:00;200;sem vítima;138,1;BR-116/SP;Pista Sul;Outros;1;1;0;0;0;0;1
04/05/2012;17:59:00;603;com vítima;145,9;BR-116/SP;Pista Sul;Engavetamento;3;2;0;1;0;0;2
04/05/2012;19:03:00;648;sem vítima;148;BR-116/SP;Pista Norte;Colisão traseira;2;2;0;0;0;0;1
04/05/2012;08:08:00;210;sem vítima;165,8;BR-116/RJ;Pista Norte;Abalroamento longitudinal;2;2;0;0;0;0;1
04/05/2012;15:48:00;537;sem vítima;173,4;BR-116/RJ;Pista Sul;Abalroamento longitudinal;1;2;0;0;0;0;1
04/05/2012;18:57:00;642;sem vítima;173,4;BR-116/RJ;Pista Sul;Abalroamento longitudinal;1;2;0;0;0;0;1
04/05/2012;15:14:00;521;com vítima;197,63;BR-116/SP;Pista Sul;Choque em barreira New Jersey;2;1;1;0;0;0;1
04/05/2012;17:03:00;582;sem vítima;222,05;BR-116/RJ;Pista Norte;Tombamento;1;1;0;0;0;0;1
04/05/2012;08:10:00;212;sem vítima;227,9;BR-116/RJ;Pista Norte;Choque em objeto fixo;1;1;0;0;0;0;1
04/05/2012;23:51:00;827;sem vítima;241,85;BR-116/RJ;Pista Norte;Atropelamento de animal;1;2;0;0;0;0;1
05/05/2012;06:30:00;114;sem vítima;87;BR-116/SP;Pista Sul;Choque em barreira New Jersey;1;1;0;0;0;0;1
05/05/2012;18:59:00;588;sem vítima;174,6;BR-116/RJ;Pista Norte;Abalroamento longitudinal;1;2;0;0;0;0;1
05/05/2012;02:42:00;46;com vítima;175,9;BR-116/RJ;Pista Norte;Choque em veículo parado na pista;1;1;0;1;0;0;2
05/05/2012;18:16:00;564;com vítima;178,7;BR-116/SP;Pista Sul;Choque em objeto fixo;1;1;1;0;0;0;1
05/05/2012;18:59:00;590;sem vítima;218,3;BR-116/SP;Pista Norte;Abalroamento longitudinal;1;5;0;0;0;0;1
06/05/2012;18:21:00;474;sem vítima;155,5;BR-116/SP;Pista Sul;Engavetamento;1;4;0;0;0;0;1
06/05/2012;04:33:00;58;sem vítima;182,5;BR-116/SP;Pista Norte;Colisão traseira;1;2;0;0;0;0;1
06/05/2012;06:43:00;99;sem vítima;229;BR-116/SP;Pista Norte;Abalroamento longitudinal;1;3;0;0;0;0;1
07/05/2012;12:41:00;366;sem vítima;165;BR-116/RJ;Pista Norte;Colisão traseira;1;4;0;0;0;0;1
07/05/2012;19:54:00;637;sem vítima;173,7;BR-116/RJ;Pista Sul;Abalroamento longitudinal;1;2;0;0;0;0;1
07/05/2012;06:42:00;89;sem vítima;184,9;BR-116/RJ;Pista Norte;Choque em veículo parado na pista;2;2;0;0;0;0;1
07/05/2012;05:42:00;64;sem vítima;208;BR-116/RJ;Pista Norte;Colisão traseira;1;2;0;0;0;0;1
07/05/2012;13:47:00;394;sem vítima;210,5;BR-116/SP;Pista Norte;Abalroamento longitudinal;1;2;0;0;0;0;1
07/05/2012;08:17:00;175;sem vítima;215,8;BR-116/SP;Pista Sul;Abalroamento longitudinal;1;2;0;0;0;0;1
07/05/2012;19:59:00;638;com vítima;225,1;BR-116/SP;Pista Sul;Choque em veículo parado na pista;1;1;0;1;0;0;2
07/05/2012;22:34:00;711;sem vítima;228,9;BR-116/SP;Pista Sul;Choque em veículo parado na pista;1;5;0;0;0;0;1
07/05/2012;09:05:00;219;sem vítima;229;BR-116/SP;Pista Sul;Colisão traseira;3;3;0;0;0;0;1
07/05/2012;12:25:00;357;sem vítima;289,5;BR-116/RJ;Pista Sul;Abalroamento longitudinal;1;2;0;0;0;0;1
08/05/2012;02:03:00;34;sem vítima;23,65;BR-116/SP;Pista Sul;Choque em veículo parado na pista;2;3;0;0;0;0;1
08/05/2012;05:58:00;82;sem vítima;151,9;BR-116/SP;Pista Norte;Choque em objeto fixo;1;1;0;0;0;0;1
08/05/2012;19:55:00;625;sem vítima;173,4;BR-116/RJ;Pista Sul;Abalroamento longitudinal;1;2;0;0;0;0;1
08/05/2012;13:27:00;404;sem vítima;176,75;BR-116/RJ;Pista Norte;Colisão traseira;1;2;0;0;0;0;1
08/05/2012;05:21:00;76;com vítima;180;BR-116/RJ;Pista Norte;Colisão traseira;1;2;2;0;0;0;1
08/05/2012;08:13:00;178;sem vítima;182;BR-116/SP;Pista Norte;Colisão traseira;2;3;0;0;0;0;1
08/05/2012;09:43:00;262;com vítima;219;BR-116/SP;Pista Sul;Colisão traseira;1;1;1;0;0;0;1
08/05/2012;04:52:00;68;com vítima;229,75;BR-116/RJ;Pista Norte;Colisão traseira;3;3;1;0;0;1;3
08/05/2012;07:47:00;155;sem vítima;229,75;BR-116/RJ;Pista Sul;Choque em barreira New Jersey;1;1;0;0;0;0;1
08/05/2012;09:26:00;245;sem vítima;236,8;BR-116/RJ;Pista Norte;Colisão traseira;1;2;0;0;0;0;1
08/05/2012;09:43:00;261;sem vítima;269,3;BR-116/RJ;Pista Norte;Abalroamento longitudinal;1;2;0;0;0;0;1
08/05/2012;13:55:00;422;sem vítima;274,8;BR-116/RJ;Pista Norte;Choque em objeto fixo;1;1;0;0;0;0;1
08/05/2012;02:41:00;43;sem vítima;331,4;BR-116/RJ;Pista Sul;Colisão traseira;1;2;0;0;0;0;1
09/05/2012;23:33:00;782;sem vítima;24,6;BR-116/SP;Pista Norte;Abalroamento longitudinal;2;2;0;0;0;0;1
09/05/2012;19:05:00;657;com vítima;62,3;BR-116/SP;Pista Norte;Colisão traseira;1;1;1;0;0;0;1
09/05/2012;23:25:00;778;sem vítima;93,65;BR-116/SP;Pista Norte;Atropelamento de animal;1;1;0;0;0;0;1
09/05/2012;10:30:00;325;sem vítima;140;BR-116/SP;Pista Sul;Colisão traseira;2;2;0;0;0;0;1
09/05/2012;18:24:00;622;sem vítima;146,9;BR-116/SP;Pista Norte;Abalroamento longitudinal;1;2;0;0;0;0;1
09/05/2012;23:48:00;788;com vítima;158;BR-116/SP;Pista Sul;Tombamento;1;0;1;0;0;0;1
09/05/2012;19:54:00;685;sem vítima;164,9;BR-116/RJ;Pista Sul;Abalroamento longitudinal;1;2;0;0;0;0;1
09/05/2012;18:32:00;634;sem vítima;173,5;BR-116/RJ;Pista Sul;Abalroamento longitudinal;1;2;0;0;0;0;1
09/05/2012;09:30:00;279;sem vítima;204;BR-116/SP;Pista Norte;Choque em objeto na pista;1;1;0;0;0;0;1
09/05/2012;21:53:00;741;com vítima;209,4;BR-116/SP;Pista Sul;Engavetamento;3;3;1;0;0;0;1
09/05/2012;21:42:00;729;sem vítima;211,2;BR-116/SP;Pista Sul;Abalroamento longitudinal;1;2;0;0;0;0;1
09/05/2012;10:52:00;337;sem vítima;219;BR-116/SP;Pista Sul;Abalroamento longitudinal;2;2;0;0;0;0;1
09/05/2012;15:57:00;520;sem vítima;227,5;BR-116/SP;Pista Norte;Abalroamento longitudinal;1;3;0;0;0;0;1
09/05/2012;04:45:00;68;sem vítima;238,8;BR-116/RJ;Pista Norte;Atropelamento de animal;1;1;0;0;0;0;1
10/05/2012;13:04:00;409;sem vítima;88,9;BR-116/SP;Pista Norte;Colisão traseira;1;2;0;0;0;0;1
10/05/2012;08:23:00;204;sem vítima;157;BR-116/SP;Pista Norte;Engavetamento;2;4;0;0;0;0;1
10/05/2012;23:57:00;774;com vítima;192,2;BR-116/SP;Pista Sul;Colisão traseira;2;1;1;0;0;0;1
10/05/2012;02:58:00;46;sem vítima;196,3;BR-116/SP;Pista Norte;Choque em objeto fixo;1;1;0;0;0;0;1
10/05/2012;11:22:00;339;com vítima;211;BR-116/SP;Pista Norte;Colisão traseira;2;1;1;0;0;0;1
10/05/2012;16:27:00;544;sem vítima;215,2;BR-116/SP;Pista Sul;Colisão traseira;1;2;0;0;0;0;1
10/05/2012;00:43:00;6;com vítima;263,3;BR-116/RJ;Pista Sul;Choque em veículo parado na pista;2;1;1;0;0;0;1
11/05/2012;12:00:00;340;com vítima;23,3;BR-116/SP;Pista Sul;Abalroamento longitudinal;1;1;3;0;0;0;1
11/05/2012;16:23:00;502;sem vítima;136,5;BR-116/SP;Pista Sul;Colisão traseira;1;5;0;0;0;0;1
11/05/2012;22:27:00;776;com vítima;142,8;BR-116/SP;Pista Sul;Choque em barreira New Jersey;1;1;0;1;0;0;2
11/05/2012;19:59:00;680;sem vítima;151;BR-116/SP;Pista Sul;Colisão traseira;2;4;0;0;0;0;1
11/05/2012;19:04:00;640;sem vítima;164,3;BR-116/RJ;Pista Sul;Abalroamento longitudinal;1;2;0;0;0;0;1
11/05/2012;20:04:00;683;sem vítima;165,5;BR-116/RJ;Pista Sul;Abalroamento longitudinal;1;3;0;0;0;0;1
11/05/2012;18:24:00;613;sem vítima;166,5;BR-116/RJ;Pista Sul;Abalroamento longitudinal;1;2;0;0;0;0;1
11/05/2012;15:55:00;485;sem vítima;168,9;BR-116/RJ;Pista Sul;Abalroamento longitudinal;1;2;0;0;0;0;1
11/05/2012;19:24:00;652;sem vítima;174,2;BR-116/RJ;Pista Sul;Colisão traseira;1;2;0;0;0;0;1
11/05/2012;12:07:00;343;sem vítima;174,6;BR-116/RJ;Pista Norte;Abalroamento longitudinal;1;2;0;0;0;0;1
11/05/2012;14:00:00;405;sem vítima;179,2;BR-116/RJ;Pista Sul;Choque em barreira New Jersey;1;1;0;0;0;0;1
11/05/2012;02:48:00;37;com vítima;194,4;BR-116/RJ;Pista Sul;Atropelamento de pedestre caminhando;1;1;0;0;0;1;3
11/05/2012;13:47:00;398;sem vítima;211;BR-116/SP;Pista Norte;Abalroamento longitudinal;1;37;0;0;0;0;1
11/05/2012;23:32:00;805;sem vítima;222,34;BR-116/SP;Pista Norte;Abalroamento longitudinal;1;2;0;0;0;0;1
11/05/2012;00:35:00;9;sem vítima;234,8;BR-116/RJ;Pista Norte;Colisão traseira;2;2;0;0;0;0;1
11/05/2012;04:35:00;66;com vítima;239,8;BR-116/RJ;Pista Norte;Queda de ribanceira;1;0;0;0;0;1;3
11/05/2012;08:48:00;210;sem vítima;273,85;BR-116/RJ;Pista Norte;Outros;1;1;0;0;0;0;1
11/05/2012;07:37:00;152;com vítima;276,3;BR-116/RJ;Pista Norte;Colisão traseira;3;2;2;0;1;0;2
12/05/2012;15:34:00;450;sem vítima;22,2;BR-116/SP;Pista Sul;Tombamento;1;1;0;0;0;0;1
12/05/2012;14:14:00;404;sem vítima;49,2;BR-116/SP;Pista Sul;Tombamento;1;1;0;0;0;0;1
12/05/2012;18:04:00;533;com vítima;56,1;BR-116/SP;Pista Sul;Engavetamento;1;5;1;0;0;0;1
12/05/2012;22:37:00;653;sem vítima;165,8;BR-116/RJ;Pista Sul;Outros;1;1;0;0;0;0;1
12/05/2012;02:20:00;55;sem vítima;203,9;BR-116/RJ;Pista Sul;Abalroamento longitudinal;2;2;0;0;0;0;1
12/05/2012;09:47:00;263;sem vítima;225,1;BR-116/SP;Pista Sul;Abalroamento longitudinal;1;2;0;0;0;0;1
12/05/2012;11:40:00;320;sem vítima;266;BR-116/RJ;Pista Norte;Colisão traseira;1;2;0;0;0;0;1
13/05/2012;17:16:00;407;sem vítima;109,5;BR-116/SP;Pista Norte;Colisão traseira;1;2;0;0;0;0;1
13/05/2012;00:59:00;20;com vítima;146,3;BR-116/SP;Pista Sul;Atropelamento de pedestre atravessando;1;2;0;0;0;1;3
13/05/2012;20:46:00;539;sem vítima;151,7;BR-116/SP;Pista Sul;Choque em objeto na pista;1;5;0;0;0;0;1
13/05/2012;21:02:00;546;sem vítima;220,2;BR-116/SP;Pista Norte;Colisão traseira;1;2;0;0;0;0;1
14/05/2012;05:20:00;76;com vítima;12,3;BR-116/SP;Pista Sul;Choque em barreira New Jersey;1;4;1;0;0;0;1
14/05/2012;23:01:00;688;com vítima;97,2;BR-116/SP;Pista Sul;Colisão traseira;1;1;1;0;0;0;1
14/05/2012;16:56:00;501;sem vítima;107,8;BR-116/SP;Pista Sul;Colisão traseira;1;2;0;0;0;0;1
14/05/2012;13:36:00;384;sem vítima;160,7;BR-116/SP;Pista Norte;Choque em barreira New Jersey;1;1;0;0;0;0;1
14/05/2012;20:24:00;625;sem vítima;166;BR-116/RJ;Pista Sul;Abalroamento longitudinal;1;5;0;0;0;0;1
14/05/2012;02:09:00;41;sem vítima;181,8;BR-116/SP;Pista Norte;Choque em defensa;1;1;0;0;0;0;1
14/05/2012;11:11:00;321;sem vítima;190,5;BR-116/SP;Pista Sul;Tombamento;1;1;0;0;0;0;1
14/05/2012;23:02:00;689;sem vítima;211;BR-116/SP;Pista Norte;Colisão traseira;2;3;0;0;0;0;1
14/05/2012;10:22:00;301;sem vítima;213,8;BR-116/SP;Pista Norte;Abalroamento longitudinal;1;2;0;0;0;0;1
14/05/2012;13:33:00;383;sem vítima;219;BR-116/SP;Pista Norte;Colisão traseira;1;2;0;0;0;0;1
14/05/2012;07:10:00;130;sem vítima;220;BR-116/SP;Pista Norte;Abalroamento longitudinal;1;2;0;0;0;0;1
14/05/2012;01:35:00;32;sem vítima;245,1;BR-116/RJ;Pista Sul;Abalroamento longitudinal;1;2;0;0;0;0;1
14/05/2012;16:08:00;475;com vítima;274,8;BR-116/RJ;Pista Norte;Choque em barreira New Jersey;1;1;2;0;0;0;1
14/05/2012;18:06:00;541;sem vítima;278,1;BR-116/RJ;Pista Sul;Choque em barreira New Jersey;1;2;0;0;0;0;1
14/05/2012;13:05:00;365;com vítima;278,65;BR-116/RJ;Pista Sul;Choque em defensa;1;0;1;0;0;0;1
15/05/2012;04:48:00;54;sem vítima;22,4;BR-116/SP;Pista Sul;Choque em objeto fixo;1;1;0;0;0;0;1
15/05/2012;05:25:00;63;com vítima;60,3;BR-116/SP;Pista Norte;Atropelamento de pedestre atravessando;1;1;0;0;0;1;3
15/05/2012;09:58:00;247;sem vítima;168,9;BR-116/RJ;Pista Sul;Abalroamento longitudinal;1;3;0;0;0;0;1
15/05/2012;06:58:00;101;com vítima;168,95;BR-116/SP;Pista Norte;Tombamento;1;1;1;0;0;0;1
15/05/2012;20:35:00;603;sem vítima;174,25;BR-116/SP;Pista Norte;Engavetamento;2;4;0;0;0;0;1
15/05/2012;18:16:00;521;sem vítima;174,6;BR-116/RJ;Pista Sul;Abalroamento longitudinal;1;2;0;0;0;0;1
15/05/2012;14:21:00;383;sem vítima;174,9;BR-116/RJ;Pista Norte;Abalroamento longitudinal;1;3;0;0;0;0;1
15/05/2012;10:35:00;270;sem vítima;205,3;BR-116/SP;Pista Sul;Choque em barreira New Jersey;1;1;0;0;0;0;1
15/05/2012;17:50:00;503;com vítima;239,8;BR-116/RJ;Pista Norte;Tombamento;1;6;2;0;0;0;1
15/05/2012;02:36:00;42;sem vítima;293,16;BR-116/RJ;Pista Norte;Colisão traseira;2;2;0;0;0;0;1
16/05/2012;02:59:00;44;sem vítima;31,4;BR-116/SP;Pista Norte;Choque em veículo parado na pista;2;2;0;0;0;0;1
16/05/2012;17:42:00;520;com vítima;33,9;BR-116/SP;Pista Sul;Choque em barreira New Jersey;1;1;2;0;0;0;1
16/05/2012;11:54:00;323;sem vítima;113,65;BR-116/SP;Pista Norte;Outros;1;1;0;0;0;0;1
16/05/2012;03:04:00;48;sem vítima;165;BR-116/SP;Pista Norte;Colisão traseira;2;2;0;0;0;0;1
16/05/2012;19:31:00;591;sem vítima;166,4;BR-116/RJ;Pista Sul;Abalroamento longitudinal;1;2;0;0;0;0;1
16/05/2012;13:48:00;387;sem vítima;170,7;BR-116/RJ;Pista Sul;Abalroamento longitudinal;1;2;0;0;0;0;1
16/05/2012;16:08:00;467;sem vítima;173,8;BR-116/RJ;Pista Sul;Abalroamento longitudinal;1;2;0;0;0;0;1
16/05/2012;12:07:00;333;com vítima;176,67;BR-116/RJ;Pista Sul;Abalroamento longitudinal;1;2;1;0;0;0;1
16/05/2012;16:53:00;485;sem vítima;185,5;BR-116/RJ;Pista Norte;Engavetamento;1;59;0;0;0;0;1
16/05/2012;15:25:00;444;sem vítima;220;BR-116/RJ;Pista Sul;Tombamento;1;1;0;0;0;0;1
16/05/2012;07:39:00;149;com vítima;302,5;BR-116/RJ;Pista Sul;Atropelamento de pedestre atravessando;1;1;1;0;0;0;1
17/05/2012;05:54:00;75;sem vítima;22;BR-116/SP;Pista Sul;Outros;1;1;0;0;0;0;1
17/05/2012;02:31:00;30;sem vítima;62,1;BR-116/SP;Pista Norte;Choque em objeto fixo;1;2;0;0;0;0;1
17/05/2012;13:37:00;433;sem vítima;86,8;BR-116/SP;Pista Sul;Choque em objeto fixo;1;1;0;0;0;0;1
17/05/2012;23:22:00;782;com vítima;154;BR-116/SP;Pista Norte;Choque em veículo parado na pista;1;2;1;0;0;0;1
17/05/2012;15:40:00;514;sem vítima;165;BR-116/SP;Pista Sul;Colisão traseira;1;2;0;0;0;0;1
17/05/2012;17:40:00;599;sem vítima;180,2;BR-116/RJ;Pista Norte;Colisão traseira;2;2;0;0;0;0;1
17/05/2012;04:47:00;59;sem vítima;192,8;BR-116/RJ;Pista Norte;Abalroamento longitudinal;1;2;0;0;0;0;1
17/05/2012;05:50:00;73;com vítima;192,8;BR-116/RJ;Pista Norte;Colisão traseira;2;1;0;2;0;0;2
17/05/2012;21:25:00;735;sem vítima;220;BR-116/RJ;Pista Sul;Tombamento;1;1;0;0;0;0;1
17/05/2012;08:40:00;208;com vítima;222,6;BR-116/SP;Pista Sul;Queda de moto;1;1;0;0;1;0;2
17/05/2012;06:36:00;98;sem vítima;223,4;BR-116/RJ;Pista Norte;Colisão traseira;2;2;0;0;0;0;1
17/05/2012;23:16:00;780;sem vítima;230,2;BR-116/SP;Pista Sul;Choque em veículo parado na pista;1;2;0;0;0;0;1
17/05/2012;17:54:00;606;sem vítima;268,4;BR-116/RJ;Pista Norte;Colisão traseira;2;2;0;0;0;0;1
18/05/2012;09:36:00;265;sem vítima;34;BR-116/SP;Pista Sul;Abalroamento longitudinal;2;2;0;0;0;0;1
18/05/2012;08:33:00;214;sem vítima;64;BR-116/SP;Pista Sul;Abalroamento longitudinal;1;2;0;0;0;0;1
18/05/2012;08:55:00;232;sem vítima;65,9;BR-116/SP;Pista Norte;Abalroamento longitudinal;1;3;0;0;0;0;1
18/05/2012;07:44:00;166;sem vítima;109,2;BR-116/SP;Pista Norte;Choque em objeto fixo;1;2;0;0;0;0;1
18/05/2012;17:38:00;601;sem vítima;113;BR-116/SP;Pista Sul;Colisão traseira;1;2;0;0;0;0;1
18/05/2012;19:09:00;671;sem vítima;165,8;BR-116/RJ;Pista Sul;Colisão traseira;1;2;0;0;0;0;1
18/05/2012;07:10:00;141;sem vítima;174,5;BR-116/RJ;Pista Norte;Abalroamento longitudinal;1;2;0;0;0;0;1
18/05/2012;10:36:00;315;sem vítima;199;BR-116/SP;Pista Sul;Colisão traseira;2;2;0;0;0;0;1
18/05/2012;01:53:00;37;sem vítima;222,5;BR-116/RJ;Pista Norte;Outros;1;1;0;0;0;0;1
18/05/2012;20:09:00;704;sem vítima;258,6;BR-116/RJ;Pista Sul;Abalroamento longitudinal;1;2;0;0;0;0;1
18/05/2012;05:51:00;95;com vítima;283,75;BR-116/RJ;Pista Sul;Choque em barreira New Jersey;1;2;1;0;0;0;1
18/05/2012;16:28:00;551;sem vítima;290,1;BR-116/RJ;Pista Norte;Engavetamento;1;3;0;0;0;0;1
19/05/2012;09:12:00;188;com vítima;182;BR-116/SP;Pista Norte;Colisão traseira;1;1;2;0;0;0;1
19/05/2012;19:07:00;499;sem vítima;189,8;BR-116/SP;Pista Sul;Abalroamento longitudinal;1;5;0;0;0;0;1
19/05/2012;19:24:00;509;sem vítima;214,5;BR-116/SP;Pista Sul;Abalroamento longitudinal;1;5;0;0;0;0;1
19/05/2012;06:41:00;95;sem vítima;224,9;BR-116/SP;Pista Norte;Abalroamento longitudinal;1;4;0;0;0;0;1
19/05/2012;14:47:00;357;com vítima;225;BR-116/SP;Pista Sul;Choque em veículo parado na pista;1;1;1;0;0;0;1
20/05/2012;07:49:00;139;com vítima;206,2;BR-116/RJ;Pista Sul;Colisão traseira;1;1;1;0;0;0;1
20/05/2012;17:59:00;449;sem vítima;270,2;BR-116/RJ;Pista Norte;Colisão traseira;1;51;0;0;0;0;1
20/05/2012;08:14:00;154;sem vítima;274,8;BR-116/RJ;Pista Norte;Abalroamento longitudinal;1;2;0;0;0;0;1
20/05/2012;23:11:00;587;sem vítima;289,2;BR-116/RJ;Pista Sul;Choque em objeto na pista;1;9;0;0;0;0;1
21/05/2012;14:45:00;436;sem vítima;24,5;BR-116/SP;Pista Sul;Abalroamento longitudinal;2;2;0;0;0;0;1
21/05/2012;01:51:00;31;sem vítima;24,8;BR-116/SP;Pista Norte;Outros;2;2;0;0;0;0;1
21/05/2012;16:36:00;501;sem vítima;53,35;BR-116/SP;Pista Norte;Choque em barreira New Jersey;2;3;0;0;0;0;1
21/05/2012;11:25:00;332;com vítima;59,65;BR-116/SP;Pista Sul;Tombamento;1;0;2;0;0;0;1
21/05/2012;05:38:00;82;sem vítima;120;BR-116/SP;Pista Norte;Abalroamento longitudinal;1;2;0;0;0;0;1
21/05/2012;15:17:00;459;sem vítima;147;BR-116/SP;Pista Norte;Abalroamento longitudinal;2;5;0;0;0;0;1
21/05/2012;17:52:00;541;sem vítima;173,8;BR-116/RJ;Pista Sul;Colisão traseira;1;3;0;0;0;0;1
21/05/2012;13:05:00;385;sem vítima;174,5;BR-116/RJ;Pista Norte;Engavetamento;3;3;0;0;0;0;1
21/05/2012;19:15:00;599;sem vítima;176,75;BR-116/RJ;Pista Sul;Abalroamento longitudinal;1;2;0;0;0;0;1
21/05/2012;04:04:00;55;com vítima;186,9;BR-116/RJ;Pista Sul;Abalroamento longitudinal;1;2;0;1;0;0;2
21/05/2012;18:57:00;591;com vítima;210,02;BR-116/SP;Pista Sul;Engavetamento;1;78;13;0;0;0;1
21/05/2012;05:07:00;70;sem vítima;224,2;BR-116/RJ;Pista Norte;Colisão traseira;2;2;0;0;0;0;1
21/05/2012;04:45:00;66;com vítima;278;BR-116/RJ;Pista Norte;Colisão traseira;1;1;4;0;0;0;1
22/05/2012;03:47:00;45;sem vítima;53;BR-116/SP;Pista Norte;Colisão traseira;3;4;0;0;0;0;1
22/05/2012;16:55:00;512;com vítima;63,5;BR-116/SP;Pista Sul;Choque em barreira New Jersey;1;1;0;1;0;0;2
22/05/2012;14:25:00;413;com vítima;117;BR-116/SP;Pista Norte;Queda de moto;1;1;1;0;0;0;1
22/05/2012;19:58:00;609;sem vítima;171,15;BR-116/RJ;Pista Sul;Engavetamento;2;3;0;0;0;0;1
22/05/2012;18:52:00;576;sem vítima;173,4;BR-116/RJ;Pista Sul;Abalroamento longitudinal;1;2;0;0;0;0;1
22/05/2012;14:53:00;431;sem vítima;174,3;BR-116/RJ;Pista Norte;Colisão traseira;1;2;0;0;0;0;1
22/05/2012;04:57:00;54;sem vítima;192,5;BR-116/SP;Pista Norte;Colisão traseira;2;2;0;0;0;0;1
22/05/2012;13:41:00;391;sem vítima;204;BR-116/SP;Pista Sul;Engavetamento;1;4;0;0;0;0;1
22/05/2012;12:43:00;364;sem vítima;230;BR-116/SP;Pista Sul;Abalroamento longitudinal;1;3;0;0;0;0;1
22/05/2012;06:24:00;81;sem vítima;292;BR-116/RJ;Pista Norte;Colisão traseira;1;2;0;0;0;0;1
23/05/2012;20:19:00;717;sem vítima;27,4;BR-116/SP;Pista Sul;Choque em barreira New Jersey;1;1;0;0;0;0;1
23/05/2012;14:16:00;455;sem vítima;112,1;BR-116/SP;Pista Norte;Engavetamento;2;4;0;0;0;0;1
23/05/2012;19:56:00;696;com vítima;126,9;BR-116/SP;Pista Norte;Engavetamento;3;4;0;2;0;0;2
23/05/2012;18:33:00;629;sem vítima;146;BR-116/SP;Pista Norte;Colisão traseira;1;2;0;0;0;0;1
23/05/2012;07:49:00;174;sem vítima;154,39;BR-116/SP;Pista Norte;Colisão traseira;1;4;0;0;0;0;1
23/05/2012;21:05:00;737;sem vítima;157,9;BR-116/SP;Pista Sul;Choque em objeto na pista;1;1;0;0;0;0;1