data;horario;n_da_ocorrencia;tipo_de_ocorrencia;km;trecho;sentido;tipo_de_acidente;caminhao;ilesos;levemente_feridos;moderadamente_feridos;gravemente_feridos;mortos;3
23/05/2012;09:38:00;276;sem vítima;172,2;BR-116/RJ;Pista Sul;Abalroamento longitudinal;1;2;0;0;0;0;1
23/05/2012;12:55:00;411;sem vítima;173,9;BR-116/RJ;Pista Sul;Colisão traseira;1;2;0;0;0;0;1
23/05/2012;22:12:00;769;com vítima;174,2;BR-116/RJ;Pista Norte;Abalroamento longitudinal;1;2;1;0;0;0;1
23/05/2012;15:48:00;516;sem vítima;174,9;BR-116/RJ;Pista Norte;Abalroamento longitudinal;1;4;0;0;0;0;1
23/05/2012;06:37:00;103;sem vítima;175,3;BR-116/RJ;Pista Sul;Abalroamento longitudinal;1;24;0;0;0;0;1
23/05/2012;20:07:00;709;sem vítima;180;BR-116/RJ;Pista Sul;Abalroamento longitudinal;1;3;0;0;0;0;1
23/05/2012;10:43:00;333;sem vítima;182;BR-116/SP;Pista Norte;Colisão traseira;2;2;0;0;0;0;1
23/05/2012;21:12:00;738;sem vítima;204,5;BR-116/SP;Pista Norte;Abalroamento longitudinal;1;22;0;0;0;0;1
24/05/2012;04:22:00;81;sem vítima;9,4;BR-116/SP;Pista Norte;Atropelamento de animal;1;1;0;0;0;0;1
24/05/2012;22:50:00;789;com vítima;74;BR-116/SP;Pista Sul;Colisão traseira;1;1;1;0;0;0;1
24/05/2012;08:25:00;238;sem vítima;138,6;BR-116/SP;Pista Norte;Colisão traseira;1;2;0;0;0;0;1
24/05/2012;18:41:00;642;sem vítima;139,4;BR-116/SP;Pista Norte;Abalroamento longitudinal;1;5;0;0;0;0;1
24/05/2012;09:43:00;320;sem vítima;169,6;BR-116/RJ;Pista Sul;Colisão traseira;1;3;0;0;0;0;1
24/05/2012;15:46:00;531;sem vítima;178,1;BR-116/RJ;Pista Norte;Choque em objeto na pista;1;1;0;0;0;0;1
24/05/2012;09:00:00;288;sem vítima;180,7;BR-116/RJ;Pista Norte;Tombamento;1;3;0;0;0;0;1
24/05/2012;23:59:00;809;sem vítima;197,25;BR-116/SP;Pista Sul;Colisão traseira;2;3;0;0;0;0;1
24/05/2012;18:01:00;613;sem vítima;211,3;BR-116/SP;Pista Norte;Abalroamento longitudinal;1;2;0;0;0;0;1
24/05/2012;09:55:00;328;sem vítima;213;BR-116/SP;Pista Sul;Abalroamento longitudinal;2;2;0;0;0;0;1
24/05/2012;13:42:00;459;sem vítima;222,3;BR-116/SP;Pista Norte;Abalroamento longitudinal;1;2;0;0;0;0;1
25/05/2012;16:05:00;572;com vítima;98;BR-116/SP;Pista Norte;Choque em veículo parado na pista;1;1;1;0;0;0;1
25/05/2012;03:41:00;66;sem vítima;98,8;BR-116/SP;Pista Sul;Abalroamento longitudinal;2;2;0;0;0;0;1
25/05/2012;17:49:00;636;sem vítima;127;BR-116/SP;Pista Sul;Colisão traseira;2;2;0;0;0;0;1
25/05/2012;11:35:00;389;sem vítima;166,6;BR-116/SP;Pista Sul;Abalroamento longitudinal;2;2;0;0;0;0;1
25/05/2012;20:26:00;746;sem vítima;167;BR-116/RJ;Pista Sul;Choque em veículo parado na pista;2;2;0;0;0;0;1
25/05/2012;21:04:00;762;com vítima;167,4;BR-116/RJ;Pista Sul;Engavetamento;2;2;1;0;0;0;1
25/05/2012;15:21:00;532;sem vítima;172,1;BR-116/RJ;Pista Sul;Engavetamento;1;3;0;0;0;0;1
25/05/2012;15:37:00;543;sem vítima;172,8;BR-116/RJ;Pista Sul;Abalroamento longitudinal;1;3;0;0;0;0;1
25/05/2012;07:37:00;172;sem vítima;174;BR-116/SP;Pista Norte;Colisão traseira;1;4;0;0;0;0;1
25/05/2012;21:12:00;769;com vítima;185;BR-116/RJ;Pista Sul;Queda de moto;1;2;0;1;0;0;2
25/05/2012;16:15:00;575;com vítima;222;BR-116/SP;Pista Norte;Colisão traseira;1;2;1;0;0;0;1
25/05/2012;06:21:00;118;sem vítima;229,5;BR-116/SP;Pista Sul;Choque em defensa;1;1;0;0;0;0;1
25/05/2012;02:38:00;57;com vítima;289,35;BR-116/RJ;Pista Sul;Choque em defensa;1;0;0;1;0;0;2
25/05/2012;21:28:00;781;sem vítima;327,4;BR-116/RJ;Pista Sul;Outros;1;1;0;0;0;0;1
26/05/2012;10:34:00;283;com vítima;12,9;BR-116/SP;Pista Sul;Colisão traseira;1;1;1;0;0;0;1
26/05/2012;04:53:00;88;com vítima;80,12;BR-116/SP;Pista Sul;Colisão traseira;1;1;1;1;1;0;2
26/05/2012;21:55:00;636;sem vítima;86;BR-116/SP;Pista Norte;Abalroamento longitudinal;2;2;0;0;0;0;1
26/05/2012;00:12:00;8;sem vítima;102,1;BR-116/SP;Pista Norte;Abalroamento longitudinal;1;3;0;0;0;0;1
26/05/2012;06:02:00;103;sem vítima;130,1;BR-116/SP;Pista Sul;Colisão traseira;1;2;0;0;0;0;1
26/05/2012;09:22:00;237;com vítima;145,8;BR-116/SP;Pista Sul;Engavetamento;1;4;1;0;0;0;1
26/05/2012;02:01:00;47;sem vítima;180,1;BR-116/RJ;Pista Sul;Engavetamento;1;7;0;0;0;0;1
26/05/2012;05:03:00;91;com vítima;188,95;BR-116/SP;Pista Sul;Colisão traseira;1;3;1;1;0;0;2
26/05/2012;04:42:00;86;sem vítima;223,7;BR-116/RJ;Pista Sul;Choque em objeto fixo;1;1;0;0;0;0;1
26/05/2012;10:19:00;274;com vítima;228;BR-116/SP;Pista Norte;Colisão traseira;1;11;1;0;0;0;1
26/05/2012;01:50:00;39;sem vítima;320,86;BR-116/RJ;Pista Sul;Choque em veículo parado na pista;1;2;0;0;0;0;1
27/05/2012;17:27:00;421;sem vítima;6,8;BR-116/SP;Pista Sul;Abalroamento longitudinal;1;3;0;0;0;0;1
27/05/2012;11:59:00;261;sem vítima;180,8;BR-116/SP;Pista Sul;Choque em objeto fixo;1;1;0;0;0;0;1
27/05/2012;20:18:00;521;sem vítima;208,5;BR-116/RJ;Pista Norte;Engavetamento;2;4;0;0;0;0;1
27/05/2012;12:37:00;277;com vítima;220,3;BR-116/RJ;Pista Sul;Tombamento;1;0;0;0;1;0;2
28/05/2012;07:40:00;157;com vítima;161,2;BR-116/SP;Pista Norte;Engavetamento;1;11;2;0;0;0;1
28/05/2012;07:12:00;129;sem vítima;162,3;BR-116/SP;Pista Norte;Choque em veículo parado na pista;1;2;0;0;0;0;1
28/05/2012;23:37:00;753;sem vítima;194,2;BR-116/SP;Pista Norte;Colisão traseira;2;2;0;0;0;0;1
28/05/2012;20:28:00;670;sem vítima;207,05;BR-116/RJ;Pista Sul;Colisão traseira;2;2;0;0;0;0;1
28/05/2012;19:10:00;616;sem vítima;221,2;BR-116/SP;Pista Norte;Abalroamento longitudinal;1;3;0;0;0;0;1
28/05/2012;10:06:00;269;sem vítima;223,96;BR-116/SP;Pista Norte;Colisão traseira;1;2;0;0;0;0;1
28/05/2012;20:06:00;658;sem vítima;226,9;BR-116/RJ;Pista Norte;Choque Talude;1;1;0;0;0;0;1
28/05/2012;18:13:00;584;sem vítima;275,35;BR-116/RJ;Pista Norte;Abalroamento longitudinal;1;2;0;0;0;0;1
29/05/2012;10:03:00;277;com vítima;110;BR-116/SP;Pista Norte;Atropelamento de pedestre atravessando;1;2;1;0;0;0;1
29/05/2012;10:26:00;293;sem vítima;110,9;BR-116/SP;Pista Norte;Colisão traseira;1;2;0;0;0;0;1
29/05/2012;16:56:00;522;sem vítima;116,2;BR-116/SP;Pista Sul;Choque em barreira New Jersey;1;1;0;0;0;0;1
29/05/2012;07:48:00;165;sem vítima;146,6;BR-116/SP;Pista Norte;Colisão traseira;1;2;0;0;0;0;1
29/05/2012;11:45:00;350;sem vítima;152,4;BR-116/SP;Pista Norte;Choque em objeto na pista;2;3;0;0;0;0;1
29/05/2012;00:02:00;2;sem vítima;158,2;BR-116/SP;Pista Norte;Colisão traseira;1;2;0;0;0;0;1
29/05/2012;06:59:00;121;sem vítima;182;BR-116/SP;Pista Norte;Engavetamento;2;5;0;0;0;0;1
29/05/2012;18:07:00;573;sem vítima;219,8;BR-116/RJ;Pista Sul;Engavetamento;2;3;0;0;0;0;1
29/05/2012;07:20:00;144;com vítima;224,1;BR-116/RJ;Pista Norte;Tombamento;1;0;0;1;0;0;2
29/05/2012;13:52:00;412;sem vítima;273,45;BR-116/RJ;Pista Sul;Outros;1;1;0;0;0;0;1
29/05/2012;12:52:00;378;sem vítima;289,4;BR-116/RJ;Pista Sul;Tombamento;1;1;0;0;0;0;1
29/05/2012;07:01:00;125;com vítima;311,95;BR-116/RJ;Pista Sul;Colisão traseira;1;1;2;0;0;0;1
30/05/2012;08:09:00;193;sem vítima;135,8;BR-116/SP;Pista Sul;Colisão traseira;2;2;0;0;0;0;1
30/05/2012;07:07:00;126;com vítima;146;BR-116/SP;Pista Norte;Colisão traseira;3;1;1;0;1;0;2
30/05/2012;12:55:00;396;sem vítima;146;BR-116/SP;Pista Norte;Colisão traseira;1;5;0;0;0;0;1
30/05/2012;15:49:00;515;sem vítima;146,1;BR-116/SP;Pista Norte;Abalroamento longitudinal;1;2;0;0;0;0;1
30/05/2012;11:59:00;363;sem vítima;182;BR-116/SP;Pista Norte;Choque em objeto fixo;1;1;0;0;0;0;1
30/05/2012;11:33:00;349;sem vítima;184,3;BR-116/RJ;Pista Sul;Abalroamento longitudinal;1;2;0;0;0;0;1
30/05/2012;14:42:00;471;sem vítima;220,4;BR-116/RJ;Pista Sul;Outros;1;1;0;0;0;0;1
30/05/2012;19:46:00;681;sem vítima;265,4;BR-116/RJ;Pista Norte;Abalroamento longitudinal;1;4;0;0;0;0;1
31/05/2012;13:47:00;400;sem vítima;172,2;BR-116/RJ;Pista Sul;Abalroamento longitudinal;1;2;0;0;0;0;1
31/05/2012;11:45:00;323;com vítima;173,1;BR-116/RJ;Pista Sul;Engavetamento;2;2;0;0;2;0;2
31/05/2012;12:21:00;347;sem vítima;182;BR-116/SP;Pista Norte;Colisão traseira;2;5;0;0;0;0;1
31/05/2012;01:54:00;30;com vítima;193,1;BR-116/SP;Pista Norte;Abalroamento longitudinal;1;3;1;0;0;0;1
31/05/2012;04:20:00;53;sem vítima;204;BR-116/SP;Pista Norte;Colisão traseira;2;2;0;0;0;0;1
31/05/2012;06:44:00;88;sem vítima;265;BR-116/RJ;Pista Norte;Colisão traseira;1;2;0;0;0;0;1
01/06/2012;16:15:00;558;com vítima;16;BR-116/SP;Pista Norte;Choque em objeto fixo;1;1;1;0;0;0;1
01/06/2012;00:20:00;6;com vítima;126,9;BR-116/SP;Pista Norte;Colisão traseira;2;1;1;0;0;0;1
01/06/2012;15:50:00;536;sem vítima;137,2;BR-116/SP;Pista Norte;Outros;1;1;0;0;0;0;1
01/06/2012;06:22:00;116;sem vítima;164,9;BR-116/RJ;Pista Norte;Abalroamento longitudinal;1;2;0;0;0;0;1
01/06/2012;08:24:00;215;sem vítima;165;BR-116/SP;Pista Sul;Colisão traseira;1;2;0;0;0;0;1
01/06/2012;19:01:00;680;sem vítima;166,15;BR-116/RJ;Pista Sul;Colisão traseira;1;31;0;0;0;0;1
01/06/2012;05:43:00;102;sem vítima;175;BR-116/RJ;Pista Norte;Abalroamento longitudinal;1;2;0;0;0;0;1
01/06/2012;17:29:00;606;sem vítima;191,05;BR-116/SP;Pista Sul;Choque em barreira New Jersey;1;1;0;0;0;0;1
01/06/2012;20:50:00;773;sem vítima;197,4;BR-116/RJ;Pista Sul;Engavetamento;3;3;0;0;0;0;1
01/06/2012;18:07:00;633;sem vítima;203,7;BR-116/SP;Pista Sul;Choque em objeto fixo;1;1;0;0;0;0;1
01/06/2012;04:29:00;74;sem vítima;207,1;BR-116/SP;Pista Sul;Colisão traseira;1;2;0;0;0;0;1
01/06/2012;16:41:00;576;sem vítima;209,3;BR-116/SP;Pista Norte;Choque em barreira New Jersey;1;1;0;0;0;0;1
01/06/2012;19:52:00;730;sem vítima;223,6;BR-116/RJ;Pista Norte;Abalroamento longitudinal;1;2;0;0;0;0;1
01/06/2012;20:04:00;743;sem vítima;226,3;BR-116/RJ;Pista Norte;Outros;1;1;0;0;0;0;1
01/06/2012;21:07:00;792;sem vítima;290,95;BR-116/RJ;Pista Norte;Choque em barreira New Jersey;1;2;0;0;0;0;1
01/06/2012;10:12:00;315;sem vítima;304,4;BR-116/RJ;Pista Norte;Abalroamento longitudinal;1;33;0;0;0;0;1
01/06/2012;00:05:00;2;sem vítima;324;BR-116/RJ;Pista Sul;Colisão traseira;2;2;0;0;0;0;1
02/06/2012;04:24:00;102;sem vítima;13,6;BR-116/SP;Pista Norte;Abalroamento longitudinal;1;5;0;0;0;0;1
02/06/2012;04:47:00;109;com vítima;166,522;BR-116/RJ;Pista Sul;Abalroamento longitudinal;1;6;1;0;0;0;1
02/06/2012;01:41:00;55;sem vítima;170,5;BR-116/RJ;Pista Sul;Abalroamento longitudinal;1;2;0;0;0;0;1
02/06/2012;23:28:00;715;com vítima;174,1;BR-116/SP;Pista Sul;Choque em barreira New Jersey;1;0;2;0;0;0;1
02/06/2012;05:27:00;123;sem vítima;175,4;BR-116/RJ;Pista Sul;Engavetamento;2;3;0;0;0;0;1
02/06/2012;05:57:00;134;sem vítima;223,2;BR-116/RJ;Pista Norte;Tombamento;1;1;0;0;0;0;1
02/06/2012;09:25:00;261;sem vítima;223,2;BR-116/RJ;Pista Norte;Colisão traseira;2;2;0;0;0;0;1
02/06/2012;15:10:00;461;sem vítima;227,7;BR-116/SP;Pista Norte;Colisão traseira;1;3;0;0;0;0;1
02/06/2012;00:36:00;20;sem vítima;237;BR-116/RJ;Pista Norte;Outros;1;1;0;0;0;0;1
03/06/2012;07:44:00;134;sem vítima;38,6;BR-116/SP;Pista Norte;Tombamento;1;1;0;0;0;0;1
03/06/2012;07:17:00;116;sem vítima;86,9;BR-116/SP;Pista Norte;Abalroamento longitudinal;1;2;0;0;0;0;1
03/06/2012;00:52:00;19;sem vítima;174,1;BR-116/SP;Pista Sul;Outros;1;2;0;0;0;0;1
03/06/2012;19:46:00;537;sem vítima;223,2;BR-116/RJ;Pista Norte;Abalroamento longitudinal;2;2;0;0;0;0;1
04/06/2012;00:17:00;11;com vítima;106,3;BR-116/SP;Pista Sul;Colisão traseira;1;1;1;0;0;0;1
04/06/2012;03:15:00;52;com vítima;126,7;BR-116/SP;Pista Sul;Colisão traseira;1;1;2;2;0;0;2
04/06/2012;08:01:00;184;sem vítima;147;BR-116/SP;Pista Norte;Colisão traseira;1;2;0;0;0;0;1
04/06/2012;08:02:00;187;sem vítima;148,2;BR-116/SP;Pista Norte;Colisão traseira;2;2;0;0;0;0;1
04/06/2012;08:48:00;228;sem vítima;171,2;BR-116/RJ;Pista Sul;Colisão traseira;1;7;0;0;0;0;1
04/06/2012;17:53:00;564;sem vítima;175,5;BR-116/RJ;Pista Sul;Abalroamento longitudinal;1;2;0;0;0;0;1
04/06/2012;16:39:00;527;com vítima;175,6;BR-116/RJ;Pista Sul;Colisão traseira;2;1;1;0;0;0;1
04/06/2012;01:15:00;30;sem vítima;191,4;BR-116/RJ;Pista Norte;Engavetamento;3;3;0;0;0;0;1
04/06/2012;04:37:00;71;com vítima;209,8;BR-116/RJ;Pista Norte;Colisão traseira;1;1;2;0;0;0;1
04/06/2012;22:47:00;735;com vítima;233,9;BR-116/RJ;Pista Norte;Choque em veículo parado na pista;2;1;1;0;0;0;1
04/06/2012;10:57:00;312;sem vítima;318,1;BR-116/RJ;Pista Sul;Choque em objeto na pista;1;3;0;0;0;0;1
05/06/2012;23:18:00;702;sem vítima;99,42;BR-116/SP;Pista Norte;Choque em objeto na pista;1;1;0;0;0;0;1
05/06/2012;23:44:00;713;sem vítima;168;BR-116/SP;Pista Norte;Colisão traseira;2;2;0;0;0;0;1
05/06/2012;17:57:00;530;com vítima;216;BR-116/SP;Pista Norte;Colisão traseira;1;1;1;0;0;0;1
05/06/2012;07:26:00;132;sem vítima;221;BR-116/RJ;Pista Norte;Choque Talude;1;1;0;0;0;0;1
05/06/2012;10:50:00;290;com vítima;226,5;BR-116/SP;Pista Sul;Engavetamento;1;2;1;0;0;0;1
05/06/2012;22:29:00;685;sem vítima;231;BR-116/SP;Pista Norte;Engavetamento;1;5;0;0;0;0;1
05/06/2012;08:10:00;179;sem vítima;293;BR-116/RJ;Pista Norte;Engavetamento;1;3;0;0;0;0;1
05/06/2012;07:42:00;145;sem vítima;301,5;BR-116/RJ;Pista Norte;Abalroamento longitudinal;1;2;0;0;0;0;1
06/06/2012;08:13:00;161;com vítima;24;BR-116/SP;Pista Norte;Abalroamento longitudinal;2;1;1;0;0;0;1
06/06/2012;15:38:00;442;sem vítima;66,8;BR-116/SP;Pista Norte;Abalroamento longitudinal;1;2;0;0;0;0;1
06/06/2012;22:08:00;706;sem vítima;86,95;BR-116/SP;Pista Sul;Colisão traseira;2;2;0;0;0;0;1
06/06/2012;18:25:00;565;com vítima;131,6;BR-116/SP;Pista Sul;Colisão traseira;1;1;1;0;0;0;1
06/06/2012;17:57:00;544;sem vítima;134;BR-116/SP;Pista Sul;Colisão traseira;1;2;0;0;0;0;1
06/06/2012;12:13:00;316;sem vítima;168,4;BR-116/SP;Pista Sul;Abalroamento longitudinal;2;2;0;0;0;0;1
06/06/2012;20:58:00;670;sem vítima;168,4;BR-116/SP;Pista Norte;Abalroamento longitudinal;1;4;0;0;0;0;1
06/06/2012;13:05:00;337;sem vítima;173,4;BR-116/RJ;Pista Sul;Abalroamento longitudinal;1;2;0;0;0;0;1
06/06/2012;12:18:00;320;sem vítima;174;BR-116/RJ;Pista Norte;Colisão traseira;1;2;0;0;0;0;1
06/06/2012;16:57:00;510;sem vítima;175,45;BR-116/RJ;Pista Sul;Colisão traseira;1;3;0;0;0;0;1
06/06/2012;10:30:00;263;sem vítima;175,7;BR-116/RJ;Pista Sul;Engavetamento;1;4;0;0;0;0;1
06/06/2012;22:14:00;710;com vítima;176,4;BR-116/RJ;Pista Sul;Engavetamento;2;2;1;0;0;0;1
06/06/2012;11:09:00;288;sem vítima;176,6;BR-116/RJ;Pista Sul;Abalroamento longitudinal;1;2;0;0;0;0;1
06/06/2012;00:16:00;4;sem vítima;182,18;BR-116/SP;Pista Norte;Abalroamento longitudinal;2;2;0;0;0;0;1
06/06/2012;16:39:00;497;sem vítima;213,2;BR-116/SP;Pista Norte;Colisão traseira;1;2;0;0;0;0;1
06/06/2012;18:22:00;560;sem vítima;215,3;BR-116/SP;Pista Sul;Engavetamento;2;3;0;0;0;0;1
06/06/2012;12:16:00;319;sem vítima;218;BR-116/SP;Pista Sul;Outros;1;1;0;0;0;0;1
06/06/2012;09:49:00;236;sem vítima;228,4;BR-116/RJ;Pista Sul;Choque em barreira New Jersey;1;1;0;0;0;0;1
06/06/2012;08:24:00;169;sem vítima;239,3;BR-116/RJ;Pista Norte;Choque em barreira New Jersey;1;1;0;0;0;0;1
06/06/2012;08:30:00;173;sem vítima;239,3;BR-116/RJ;Pista Norte;Choque em objeto fixo;1;1;0;0;0;0;1
06/06/2012;06:47:00;96;sem vítima;250,95;BR-116/RJ;Pista Norte;Choque em objeto na pista;1;1;0;0;0;0;1
06/06/2012;05:41:00;67;sem vítima;251,6;BR-116/RJ;Pista Norte;Choque em objeto na pista;1;1;0;0;0;0;1
06/06/2012;06:13:00;76;sem vítima;251,6;BR-116/RJ;Pista Norte;Choque em objeto na pista;1;1;0;0;0;0;1
06/06/2012;22:43:00;723;sem vítima;253;BR-116/RJ;Pista Sul;Abalroamento longitudinal;1;2;0;0;0;0;1
06/06/2012;07:49:00;143;com vítima;279;BR-116/RJ;Pista Sul;Abalroamento longitudinal;2;47;2;0;0;0;1
07/06/2012;02:21:00;42;sem vítima;179,8;BR-116/RJ;Pista Norte;Abalroamento longitudinal;1;2;0;0;0;0;1
07/06/2012;20:29:00;597;sem vítima;180,5;BR-116/SP;Pista Norte;Abalroamento longitudinal;2;2;0;0;0;0;1
07/06/2012;06:13:00;102;sem vítima;223,4;BR-116/SP;Pista Sul;Choque em barreira New Jersey;1;1;0;0;0;0;1
07/06/2012;18:26:00;532;sem vítima;310;BR-116/RJ;Pista Sul;Colisão traseira;1;2;0;0;0;0;1
07/06/2012;11:10:00;283;sem vítima;318,9;BR-116/RJ;Pista Sul;Colisão traseira;1;2;0;0;0;0;1
08/06/2012;19:50:00;502;sem vítima;107,68;BR-116/SP;Pista Norte;Abalroamento longitudinal;1;4;0;0;0;0;1
08/06/2012;11:50:00;270;sem vítima;144,9;BR-116/SP;Pista Sul;Colisão traseira;1;3;0;0;0;0;1
08/06/2012;11:25:00;260;sem vítima;165;BR-116/SP;Pista Norte;Choque em objeto fixo;1;1;0;0;0;0;1
08/06/2012;20:50:00;531;com vítima;172,5;BR-116/RJ;Pista Sul;Engavetamento;1;3;1;0;0;0;1
08/06/2012;07:46:00;129;sem vítima;175,1;BR-116/RJ;Pista Norte;Colisão traseira;2;2;0;0;0;0;1
08/06/2012;07:57:00;136;com vítima;175,2;BR-116/RJ;Pista Norte;Abalroamento longitudinal;1;1;1;0;0;0;1
08/06/2012;10:42:00;235;sem vítima;225;BR-116/RJ;Pista Norte;Abalroamento longitudinal;1;2;0;0;0;0;1
08/06/2012;17:53:00;440;sem vítima;239,3;BR-116/RJ;Pista Sul;Queda de ribanceira;1;1;0;0;0;0;1
09/06/2012;02:51:00;57;sem vítima;211;BR-116/SP;Pista Sul;Choque em objeto na pista;1;3;0;0;0;0;1
09/06/2012;07:31:00;120;sem vítima;221,4;BR-116/SP;Pista Sul;Choque em barreira New Jersey;1;1;0;0;0;0;1
09/06/2012;02:03:00;43;com vítima;222,1;BR-116/RJ;Pista Norte;Tombamento;1;0;1;0;0;0;1
09/06/2012;11:03:00;236;sem vítima;227,95;BR-116/RJ;Pista Norte;Choque em barreira New Jersey;1;1;0;0;0;0;1
09/06/2012;05:07:00;78;com vítima;228,4;BR-116/SP;Pista Norte;Colisão traseira;1;6;1;1;0;0;2
09/06/2012;21:40:00;498;com vítima;234,6;BR-116/RJ;Pista Sul;Choque em barreira New Jersey;1;1;0;0;1;0;2
09/06/2012;09:52:00;197;com vítima;235,3;BR-116/RJ;Pista Norte;Choque em defensa;1;0;2;1;0;0;2
09/06/2012;00:02:00;1;sem vítima;272,9;BR-116/RJ;Pista Sul;Choque em barreira New Jersey;1;1;0;0;0;0;1
10/06/2012;18:03:00;424;com vítima;167,4;BR-116/RJ;Pista Sul;Engavetamento;1;5;1;0;0;0;1
10/06/2012;20:34:00;515;sem vítima;168,4;BR-116/RJ;Pista Sul;Colisão traseira;1;2;0;0;0;0;1
10/06/2012;20:44:00;522;sem vítima;168,4;BR-116/RJ;Pista Sul;Abalroamento longitudinal;1;3;0;0;0;0;1
10/06/2012;15:46:00;324;sem vítima;182;BR-116/SP;Pista Norte;Colisão traseira;2;2;0;0;0;0;1
10/06/2012;16:40:00;364;sem vítima;184,7;BR-116/SP;Pista Sul;Choque em objeto fixo;1;1;0;0;0;0;1
11/06/2012;16:26:00;481;sem vítima;89,6;BR-116/SP;Pista Sul;Abalroamento longitudinal;2;3;0;0;0;0;1
11/06/2012;15:47:00;455;sem vítima;101,9;BR-116/SP;Pista Norte;Abalroamento longitudinal;1;3;0;0;0;0;1
11/06/2012;14:28:00;401;sem vítima;131,4;BR-116/SP;Pista Sul;Colisão traseira;2;2;0;0;0;0;1
11/06/2012;02:09:00;37;sem vítima;148;BR-116/SP;Pista Sul;Choque em defensa;2;2;0;0;0;0;1
11/06/2012;14:55:00;419;sem vítima;173,4;BR-116/RJ;Pista Sul;Colisão traseira;1;2;0;0;0;0;1
11/06/2012;14:20:00;396;sem vítima;176,58;BR-116/RJ;Pista Norte;Choque em barreira New Jersey;1;1;0;0;0;0;1
11/06/2012;17:50:00;523;sem vítima;179;BR-116/RJ;Pista Norte;Colisão traseira;1;2;0;0;0;0;1
11/06/2012;11:39:00;305;sem vítima;191,55;BR-116/SP;Pista Norte;Choque em barreira New Jersey;1;2;0;0;0;0;1
11/06/2012;18:03:00;532;sem vítima;201,7;BR-116/RJ;Pista Norte;Atropelamento de animal;1;1;0;0;0;0;1
11/06/2012;09:39:00;235;sem vítima;202,7;BR-116/RJ;Pista Norte;Colisão traseira;1;4;0;0;0;0;1
11/06/2012;22:49:00;675;sem vítima;204,5;BR-116/SP;Pista Norte;Engavetamento;1;5;0;0;0;0;1
11/06/2012;15:45:00;452;sem vítima;207;BR-116/RJ;Pista Sul;Colisão traseira;2;2;0;0;0;0;1
11/06/2012;19:34:00;584;sem vítima;211,5;BR-116/SP;Pista Norte;Abalroamento longitudinal;1;2;0;0;0;0;1
11/06/2012;16:02:00;468;sem vítima;221;BR-116/SP;Pista Sul;Choque em barreira New Jersey;1;1;0;0;0;0;1
11/06/2012;22:29:00;666;sem vítima;225,9;BR-116/SP;Pista Sul;Abalroamento longitudinal;2;2;0;0;0;0;1
11/06/2012;14:10:00;394;sem vítima;328,1;BR-116/RJ;Pista Norte;Choque em objeto fixo;1;1;0;0;0;0;1
12/06/2012;02:45:00;35;com vítima;103,1;BR-116/SP;Pista Norte;Choque em barreira New Jersey;1;0;1;0;0;0;1
12/06/2012;08:03:00;161;com vítima;168,4;BR-116/RJ;Pista Norte;Queda de moto;1;1;1;0;0;0;1
12/06/2012;16:03:00;491;sem vítima;175;BR-116/RJ;Pista Norte;Abalroamento longitudinal;1;2;0;0;0;0;1
12/06/2012;07:36:00;139;sem vítima;216,3;BR-116/SP;Pista Sul;Abalroamento longitudinal;2;3;0;0;0;0;1
12/06/2012;02:34:00;34;com vítima;220,4;BR-116/RJ;Pista Norte;Tombamento;1;0;1;0;0;0;1
12/06/2012;18:56:00;594;sem vítima;223,3;BR-116/SP;Pista Sul;Abalroamento longitudinal;1;2;0;0;0;0;1
12/06/2012;13:25:00;389;com vítima;229,8;BR-116/SP;Pista Sul;Abalroamento longitudinal;1;4;1;0;0;0;1
12/06/2012;07:06:00;118;sem vítima;265,3;BR-116/RJ;Pista Norte;Colisão traseira;1;6;0;0;0;0;1
12/06/2012;20:56:00;687;sem vítima;279,2;BR-116/RJ;Pista Sul;Colisão traseira;2;2;0;0;0;0;1
12/06/2012;17:29:00;537;sem vítima;283,9;BR-116/RJ;Pista Sul;Tombamento;1;4;0;0;0;0;1
13/06/2012;17:43:00;553;sem vítima;164,18;BR-116/SP;Pista Norte;Abalroamento longitudinal;1;2;0;0;0;0;1
13/06/2012;17:54:00;565;sem vítima;166,5;BR-116/RJ;Pista Sul;Abalroamento longitudinal;1;4;0;0;0;0;1
13/06/2012;17:20:00;533;com vítima;184,2;BR-116/RJ;Pista Sul;Abalroamento longitudinal;1;2;1;0;0;0;1
13/06/2012;00:51:00;12;sem vítima;209,95;BR-116/SP;Pista Sul;Choque em veículo parado na pista;1;3;0;0;0;0;1
13/06/2012;19:12:00;629;sem vítima;215,4;BR-116/RJ;Pista Norte;Choque em objeto fixo;1;1;0;0;0;0;1
13/06/2012;06:39:00;106;sem vítima;217;BR-116/SP;Pista Sul;Abalroamento longitudinal;1;3;0;0;0;0;1
13/06/2012;22:05:00;720;sem vítima;220;BR-116/SP;Pista Sul;Abalroamento longitudinal;1;2;0;0;0;0;1
13/06/2012;02:42:00;48;sem vítima;257;BR-116/RJ;Pista Sul;Abalroamento longitudinal;2;2;0;0;0;0;1
13/06/2012;13:01:00;379;sem vítima;281,9;BR-116/RJ;Pista Sul;Engavetamento;3;3;0;0;0;0;1
14/06/2012;18:17:00;660;sem vítima;161;BR-116/SP;Pista Norte;Engavetamento;1;3;0;0;0;0;1
14/06/2012;20:58:00;763;sem vítima;173,6;BR-116/RJ;Pista Sul;Abalroamento longitudinal;1;2;0;0;0;0;1
14/06/2012;12:20:00;418;sem vítima;173,8;BR-116/RJ;Pista Sul;Abalroamento longitudinal;1;2;0;0;0;0;1
14/06/2012;16:59:00;607;sem vítima;175,96;BR-116/RJ;Pista Norte;Abalroamento longitudinal;1;2;0;0;0;0;1