data;horario;n_da_ocorrencia;tipo_de_ocorrencia;km;trecho;sentido;tipo_de_acidente;caminhao;ilesos;levemente_feridos;moderadamente_feridos;gravemente_feridos;mortos;3
14/06/2012;12:41:00;432;sem vítima;204,5;BR-116/SP;Pista Norte;Colisão traseira;2;2;0;0;0;0;1
14/06/2012;15:10:00;527;com vítima;223;BR-116/SP;Pista Norte;Abalroamento longitudinal;1;2;0;0;1;0;2
14/06/2012;06:02:00;106;com vítima;307,77;BR-116/RJ;Pista Sul;Atropelamento de pedestre atravessando;1;1;0;0;0;1;3
15/06/2012;10:26:00;299;sem vítima;101,7;BR-116/SP;Pista Norte;Colisão traseira;1;2;0;0;0;0;1
15/06/2012;15:17:00;454;sem vítima;108,5;BR-116/SP;Pista Norte;Abalroamento longitudinal;1;2;0;0;0;0;1
15/06/2012;21:14:00;708;sem vítima;145,9;BR-116/SP;Pista Norte;Abalroamento longitudinal;1;2;0;0;0;0;1
15/06/2012;08:33:00;192;sem vítima;165,2;BR-116/RJ;Pista Norte;Abalroamento longitudinal;1;2;0;0;0;0;1
15/06/2012;14:40:00;437;sem vítima;168;BR-116/RJ;Pista Sul;Colisão traseira;1;2;0;0;0;0;1
15/06/2012;22:00:00;731;sem vítima;171,7;BR-116/RJ;Pista Sul;Colisão traseira;1;2;0;0;0;0;1
15/06/2012;18:48:00;604;sem vítima;173,35;BR-116/RJ;Pista Sul;Abalroamento longitudinal;1;2;0;0;0;0;1
15/06/2012;06:19:00;80;sem vítima;181,4;BR-116/RJ;Pista Norte;Choque em barreira New Jersey;1;2;0;0;0;0;1
15/06/2012;06:37:00;94;sem vítima;181,4;BR-116/RJ;Pista Norte;Choque em veículo parado na pista;1;2;0;0;0;0;1
15/06/2012;03:06:00;42;sem vítima;196,4;BR-116/SP;Pista Norte;Choque em veículo parado na pista;2;3;0;0;0;0;1
15/06/2012;13:06:00;372;com vítima;227;BR-116/SP;Pista Sul;Abalroamento longitudinal;1;1;1;0;0;0;1
15/06/2012;11:37:00;332;sem vítima;230,2;BR-116/SP;Pista Sul;Engavetamento;1;6;0;0;0;0;1
15/06/2012;23:58:00;805;sem vítima;326,9;BR-116/RJ;Pista Sul;Tombamento;1;1;0;0;0;0;1
15/06/2012;00:28:00;9;com vítima;328,35;BR-116/RJ;Pista Sul;Tombamento;1;0;0;0;0;1;3
16/06/2012;13:35:00;369;sem vítima;27,5;BR-116/SP;Pista Norte;Abalroamento longitudinal;1;3;0;0;0;0;1
16/06/2012;05:24:00;88;com vítima;42,2;BR-116/SP;Pista Norte;Colisão traseira;1;2;1;0;0;0;1
16/06/2012;00:05:00;5;sem vítima;145,5;BR-116/SP;Pista Norte;Choque em objeto na pista;1;4;0;0;0;0;1
16/06/2012;12:15:00;326;sem vítima;163,3;BR-116/RJ;Pista Sul;Colisão traseira;1;2;0;0;0;0;1
16/06/2012;17:16:00;487;sem vítima;212,2;BR-116/SP;Pista Sul;Abalroamento longitudinal;1;5;0;0;0;0;1
16/06/2012;10:56:00;271;sem vítima;219;BR-116/SP;Pista Sul;Tombamento;1;1;0;0;0;0;1
16/06/2012;08:43:00;179;sem vítima;221,3;BR-116/SP;Pista Sul;Abalroamento longitudinal;1;3;0;0;0;0;1
16/06/2012;08:33:00;172;sem vítima;267,4;BR-116/RJ;Pista Sul;Abalroamento longitudinal;1;43;0;0;0;0;1
16/06/2012;15:10:00;417;com vítima;279,4;BR-116/RJ;Pista Sul;Queda de ribanceira;1;0;0;1;0;0;2
17/06/2012;14:10:00;349;sem vítima;182;BR-116/SP;Pista Norte;Choque em objeto fixo;1;1;0;0;0;0;1
17/06/2012;18:18:00;492;com vítima;196,7;BR-116/SP;Pista Norte;Abalroamento longitudinal;1;2;1;0;0;0;1
17/06/2012;19:34:00;537;sem vítima;204,5;BR-116/SP;Pista Sul;Colisão traseira;1;36;0;0;0;0;1
17/06/2012;21:14:00;579;sem vítima;217,6;BR-116/SP;Pista Norte;Abalroamento longitudinal;1;3;0;0;0;0;1
17/06/2012;16:58:00;445;sem vítima;253,3;BR-116/RJ;Pista Norte;Colisão traseira;1;6;0;0;0;0;1
17/06/2012;23:29:00;629;sem vítima;309,02;BR-116/RJ;Pista Norte;Abalroamento longitudinal;1;4;0;0;0;0;1
17/06/2012;19:17:00;528;sem vítima;319;BR-116/RJ;Pista Sul;Abalroamento longitudinal;1;2;0;0;0;0;1
18/06/2012;05:01:00;71;sem vítima;76;BR-116/SP;Pista Norte;Atropelamento de animal;1;1;0;0;0;0;1
18/06/2012;15:13:00;471;sem vítima;86,9;BR-116/SP;Pista Norte;Colisão traseira;1;2;0;0;0;0;1
18/06/2012;20:09:00;665;com vítima;108,2;BR-116/SP;Pista Sul;Choque em veículo parado na pista;1;2;1;0;0;0;1
18/06/2012;22:06:00;734;sem vítima;111,9;BR-116/SP;Pista Sul;Não Def;1;2;0;0;0;0;1
18/06/2012;00:12:00;6;sem vítima;159,4;BR-116/SP;Pista Norte;Colisão traseira;2;2;0;0;0;0;1
18/06/2012;17:45:00;583;sem vítima;167,3;BR-116/RJ;Pista Norte;Abalroamento longitudinal;1;2;0;0;0;0;1
18/06/2012;13:17:00;406;com vítima;173,3;BR-116/RJ;Pista Norte;Colisão traseira;1;1;1;0;0;0;1
18/06/2012;16:02:00;503;sem vítima;180,75;BR-116/RJ;Pista Norte;Choque em objeto na pista;1;3;0;0;0;0;1
18/06/2012;17:08:00;556;sem vítima;216,1;BR-116/SP;Pista Sul;Choque em veículo parado na pista;2;2;0;0;0;0;1
19/06/2012;07:07:00;132;sem vítima;65,2;BR-116/SP;Pista Sul;Outros;1;1;0;0;0;0;1
19/06/2012;02:28:00;35;sem vítima;91,35;BR-116/SP;Pista Norte;Colisão traseira;2;2;0;0;0;0;1
19/06/2012;11:21:00;354;sem vítima;174,4;BR-116/RJ;Pista Norte;Abalroamento longitudinal;1;2;0;0;0;0;1
19/06/2012;06:02:00;91;sem vítima;174,6;BR-116/RJ;Pista Norte;Abalroamento longitudinal;1;3;0;0;0;0;1
19/06/2012;14:28:00;450;com vítima;178,2;BR-116/RJ;Pista Norte;Engavetamento;1;4;1;0;0;0;1
19/06/2012;03:24:00;48;sem vítima;187;BR-116/RJ;Pista Norte;Colisão traseira;2;2;0;0;0;0;1
19/06/2012;19:16:00;612;sem vítima;219;BR-116/SP;Pista Sul;Abalroamento longitudinal;1;5;0;0;0;0;1
19/06/2012;15:24:00;479;sem vítima;227,9;BR-116/RJ;Pista Norte;Engavetamento;3;3;0;0;0;0;1
19/06/2012;06:40:00;110;com vítima;228,3;BR-116/RJ;Pista Sul;Tombamento;1;0;0;0;1;0;2
19/06/2012;23:02:00;706;sem vítima;311,6;BR-116/RJ;Pista Sul;Colisão traseira;2;2;0;0;0;0;1
19/06/2012;09:05:00;234;sem vítima;322,7;BR-116/RJ;Pista Norte;Choque em objeto fixo;1;1;0;0;0;0;1
20/06/2012;10:17:00;274;sem vítima;5,7;BR-116/SP;Pista Sul;Choque em objeto fixo;1;1;0;0;0;0;1
20/06/2012;00:45:00;16;sem vítima;109,5;BR-116/SP;Pista Norte;Colisão traseira;1;2;0;0;0;0;1
20/06/2012;07:30:00;137;sem vítima;127,7;BR-116/SP;Pista Sul;Choque em barreira New Jersey;1;2;0;0;0;0;1
20/06/2012;11:15:00;306;sem vítima;162;BR-116/SP;Pista Norte;Choque em barreira New Jersey;1;1;0;0;0;0;1
20/06/2012;13:02:00;365;sem vítima;164;BR-116/SP;Pista Sul;Choque em defensa;1;1;0;0;0;0;1
20/06/2012;20:30:00;620;sem vítima;167,5;BR-116/RJ;Pista Sul;Colisão traseira;1;2;0;0;0;0;1
20/06/2012;14:19:00;401;sem vítima;171,9;BR-116/RJ;Pista Sul;Colisão traseira;2;2;0;0;0;0;1
20/06/2012;12:23:00;348;sem vítima;172,2;BR-116/RJ;Pista Sul;Choque em barreira New Jersey;1;1;0;0;0;0;1
20/06/2012;18:28:00;549;sem vítima;173,4;BR-116/RJ;Pista Sul;Abalroamento longitudinal;1;2;0;0;0;0;1
20/06/2012;19:53:00;600;sem vítima;202;BR-116/RJ;Pista Norte;Abalroamento longitudinal;2;2;0;0;0;0;1
20/06/2012;10:15:00;270;sem vítima;224,2;BR-116/SP;Pista Norte;Abalroamento longitudinal;1;4;0;0;0;0;1
20/06/2012;18:41:00;556;sem vítima;225,3;BR-116/SP;Pista Norte;Colisão traseira;1;2;0;0;0;0;1
20/06/2012;18:58:00;564;sem vítima;272,1;BR-116/RJ;Pista Norte;Abalroamento longitudinal;1;2;0;0;0;0;1
20/06/2012;03:54:00;53;sem vítima;280,2;BR-116/RJ;Pista Norte;Choque em defensa;1;1;0;0;0;0;1
20/06/2012;14:38:00;412;sem vítima;318,9;BR-116/RJ;Pista Norte;Choque em objeto fixo;1;1;0;0;0;0;1
21/06/2012;20:29:00;665;sem vítima;20,5;BR-116/SP;Pista Norte;Choque em barreira New Jersey;1;1;0;0;0;0;1
21/06/2012;14:44:00;459;sem vítima;93,2;BR-116/SP;Pista Sul;Abalroamento longitudinal;1;1;0;0;0;0;1
21/06/2012;03:28:00;46;com vítima;109,28;BR-116/SP;Pista Sul;Colisão traseira;1;0;0;0;1;1;3
21/06/2012;09:34:00;253;sem vítima;109,7;BR-116/SP;Pista Norte;Colisão traseira;1;3;0;0;0;0;1
21/06/2012;06:27:00;88;sem vítima;130;BR-116/SP;Pista Norte;Colisão traseira;2;2;0;0;0;0;1
21/06/2012;16:04:00;506;sem vítima;173,4;BR-116/RJ;Pista Sul;Abalroamento longitudinal;1;4;0;0;0;0;1
21/06/2012;16:31:00;520;sem vítima;173,4;BR-116/RJ;Pista Sul;Abalroamento longitudinal;1;2;0;0;0;0;1
21/06/2012;10:56:00;317;com vítima;180,95;BR-116/SP;Pista Norte;Capotamento;1;1;0;1;0;0;2
21/06/2012;21:29:00;691;sem vítima;219;BR-116/SP;Pista Norte;Abalroamento longitudinal;1;2;0;0;0;0;1
21/06/2012;17:37:00;555;sem vítima;220,1;BR-116/SP;Pista Norte;Abalroamento longitudinal;1;3;0;0;0;0;1
21/06/2012;22:45:00;722;sem vítima;222,5;BR-116/SP;Pista Norte;Abalroamento longitudinal;1;3;0;0;0;0;1
21/06/2012;07:41:00;146;sem vítima;226,6;BR-116/RJ;Pista Norte;Abalroamento longitudinal;1;2;0;0;0;0;1
21/06/2012;22:09:00;708;sem vítima;278,8;BR-116/RJ;Pista Sul;Choque em defensa;1;1;0;0;0;0;1
21/06/2012;19:32:00;629;sem vítima;297,7;BR-116/RJ;Pista Norte;Choque em objeto na pista;1;1;0;0;0;0;1
21/06/2012;19:59:00;651;com vítima;324;BR-116/RJ;Pista Sul;Tombamento;1;0;1;0;0;0;1
22/06/2012;13:29:00;444;sem vítima;31,1;BR-116/SP;Pista Sul;Colisão traseira;1;2;0;0;0;0;1
22/06/2012;16:34:00;579;sem vítima;147,8;BR-116/SP;Pista Norte;Choque em objeto na pista;1;7;0;0;0;0;1
22/06/2012;16:35:00;582;sem vítima;173,4;BR-116/RJ;Pista Sul;Abalroamento longitudinal;1;2;0;0;0;0;1
22/06/2012;19:46:00;725;sem vítima;175;BR-116/RJ;Pista Norte;Abalroamento longitudinal;1;2;0;0;0;0;1
22/06/2012;07:01:00;132;com vítima;175,4;BR-116/RJ;Pista Sul;Colisão traseira;1;2;2;0;0;0;1
22/06/2012;04:19:00;78;com vítima;188,9;BR-116/RJ;Pista Norte;Colisão traseira;2;1;0;1;0;0;2
22/06/2012;12:14:00;406;sem vítima;226,6;BR-116/RJ;Pista Norte;Choque em objeto fixo;1;1;0;0;0;0;1
22/06/2012;15:43:00;543;sem vítima;229,1;BR-116/SP;Pista Norte;Abalroamento longitudinal;1;2;0;0;0;0;1
22/06/2012;17:18:00;608;sem vítima;265;BR-116/RJ;Pista Norte;Colisão traseira;1;2;0;0;0;0;1
22/06/2012;06:27:00;115;sem vítima;323,5;BR-116/RJ;Pista Norte;Colisão traseira;2;3;0;0;0;0;1
23/06/2012;08:13:00;182;sem vítima;174,9;BR-116/RJ;Pista Norte;Abalroamento longitudinal;1;2;0;0;0;0;1
23/06/2012;10:01:00;258;sem vítima;229,3;BR-116/SP;Pista Sul;Colisão traseira;1;3;0;0;0;0;1
23/06/2012;19:25:00;530;sem vítima;258,6;BR-116/RJ;Pista Norte;Colisão traseira;2;2;0;0;0;0;1
23/06/2012;22:09:00;590;com vítima;297,4;BR-116/RJ;Pista Norte;Colisão traseira;1;1;0;0;1;0;2
24/06/2012;23:16:00;631;sem vítima;4,7;BR-116/SP;Pista Sul;Choque em objeto na pista;1;58;0;0;0;0;1
24/06/2012;18:31:00;490;com vítima;163;BR-116/RJ;Pista Sul;Abalroamento longitudinal;1;1;1;0;0;0;1
24/06/2012;23:08:00;627;sem vítima;318,9;BR-116/RJ;Pista Norte;Colisão traseira;2;2;0;0;0;0;1
25/06/2012;20:14:00;655;sem vítima;22,4;BR-116/SP;Pista Sul;Outros;4;8;0;0;0;0;1
25/06/2012;18:10:00;592;com vítima;82,1;BR-116/SP;Pista Sul;Atropelamento de pedestre atravessando;1;1;0;0;1;0;2
25/06/2012;20:23:00;661;sem vítima;139,55;BR-116/SP;Pista Norte;Choque em objeto na pista;1;23;0;0;0;0;1
25/06/2012;07:57:00;197;sem vítima;147;BR-116/SP;Pista Sul;Abalroamento longitudinal;1;2;0;0;0;0;1
25/06/2012;17:49:00;576;sem vítima;147,3;BR-116/SP;Pista Norte;Abalroamento longitudinal;1;2;0;0;0;0;1
25/06/2012;13:22:00;412;sem vítima;155;BR-116/SP;Pista Norte;Abalroamento longitudinal;1;10;0;0;0;0;1
25/06/2012;13:56:00;433;sem vítima;172,1;BR-116/RJ;Pista Norte;Abalroamento longitudinal;1;2;0;0;0;0;1
25/06/2012;15:19:00;474;sem vítima;175;BR-116/RJ;Pista Norte;Abalroamento longitudinal;1;2;0;0;0;0;1
25/06/2012;17:43:00;571;com vítima;218,08;BR-116/SP;Pista Norte;Atropelamento de pedestre atravessando;1;1;0;1;0;0;2
26/06/2012;22:41:00;746;com vítima;41,9;BR-116/SP;Pista Sul;Colisão traseira;1;5;0;1;0;0;2
26/06/2012;01:21:00;29;sem vítima;97,75;BR-116/SP;Pista Sul;Choque em objeto na pista;2;4;0;0;0;0;1
26/06/2012;08:11:00;203;sem vítima;97,8;BR-116/SP;Pista Sul;Colisão traseira;1;2;0;0;0;0;1
26/06/2012;04:00:00;61;sem vítima;116;BR-116/SP;Pista Sul;Colisão traseira;1;8;0;0;0;0;1
26/06/2012;09:48:00;289;sem vítima;149,5;BR-116/SP;Pista Sul;Engavetamento;2;6;0;0;0;0;1
26/06/2012;10:02:00;299;com vítima;149,75;BR-116/SP;Pista Sul;Engavetamento;3;2;1;0;0;0;1
26/06/2012;00:14:00;9;sem vítima;155,4;BR-116/SP;Pista Norte;Choque em objeto na pista;1;1;0;0;0;0;1
26/06/2012;08:03:00;200;sem vítima;157,2;BR-116/SP;Pista Norte;Engavetamento;2;3;0;0;0;0;1
26/06/2012;08:19:00;210;com vítima;161;BR-116/SP;Pista Sul;Engavetamento;3;1;2;0;0;0;1
26/06/2012;09:25:00;275;sem vítima;165;BR-116/SP;Pista Sul;Colisão traseira;1;2;0;0;0;0;1
26/06/2012;18:20:00;624;sem vítima;172,4;BR-116/RJ;Pista Sul;Abalroamento longitudinal;1;3;0;0;0;0;1
26/06/2012;12:26:00;408;sem vítima;175,7;BR-116/RJ;Pista Sul;Abalroamento longitudinal;1;2;0;0;0;0;1
26/06/2012;15:21:00;523;sem vítima;223,4;BR-116/RJ;Pista Norte;Outros;2;3;0;0;0;0;1
26/06/2012;15:46:00;538;sem vítima;262;BR-116/RJ;Pista Sul;Abalroamento longitudinal;2;2;0;0;0;0;1
26/06/2012;21:00:00;707;sem vítima;318,9;BR-116/RJ;Pista Sul;Colisão traseira;1;2;0;0;0;0;1
26/06/2012;07:08:00;138;sem vítima;333,1;BR-116/RJ;Pista Norte;Choque em barreira New Jersey;1;1;0;0;0;0;1
27/06/2012;09:42:00;286;sem vítima;73,1;BR-116/SP;Pista Norte;Queda de ribanceira;1;1;0;0;0;0;1
27/06/2012;21:53:00;750;sem vítima;113;BR-116/SP;Pista Sul;Choque em objeto fixo;1;1;0;0;0;0;1
27/06/2012;06:54:00;110;sem vítima;152,1;BR-116/SP;Pista Sul;Choque em barreira New Jersey;1;1;0;0;0;0;1
27/06/2012;13:48:00;450;sem vítima;154,2;BR-116/SP;Pista Norte;Abalroamento longitudinal;1;3;0;0;0;0;1
27/06/2012;15:54:00;532;sem vítima;173,5;BR-116/RJ;Pista Sul;Abalroamento longitudinal;1;4;0;0;0;0;1
27/06/2012;11:13:00;353;sem vítima;182;BR-116/SP;Pista Norte;Colisão traseira;1;4;0;0;0;0;1
27/06/2012;01:57:00;34;sem vítima;183,5;BR-116/SP;Pista Sul;Colisão traseira;2;2;0;0;0;0;1
27/06/2012;08:07:00;172;sem vítima;210,3;BR-116/SP;Pista Sul;Abalroamento longitudinal;1;2;0;0;0;0;1
27/06/2012;11:17:00;356;com vítima;223,3;BR-116/RJ;Pista Norte;Colisão traseira;2;1;1;0;0;0;1
27/06/2012;10:05:00;302;sem vítima;230;BR-116/SP;Pista Sul;Abalroamento longitudinal;2;3;0;0;0;0;1
27/06/2012;00:13:00;6;com vítima;296,5;BR-116/RJ;Pista Sul;Colisão traseira;2;1;1;0;0;0;1
28/06/2012;15:24:00;447;sem vítima;96;BR-116/SP;Pista Sul;Colisão traseira;1;6;0;0;0;0;1
28/06/2012;03:28:00;57;sem vítima;114,3;BR-116/SP;Pista Norte;Choque em objeto na pista;1;2;0;0;0;0;1
28/06/2012;08:20:00;181;com vítima;136,75;BR-116/SP;Pista Norte;Choque em barreira New Jersey;1;3;1;0;0;0;1
28/06/2012;19:00:00;579;sem vítima;164,1;BR-116/RJ;Pista Sul;Abalroamento longitudinal;1;2;0;0;0;0;1
28/06/2012;05:22:00;82;com vítima;168,6;BR-116/SP;Pista Sul;Colisão traseira;2;2;1;0;0;0;1
28/06/2012;07:32:00;144;sem vítima;182;BR-116/SP;Pista Norte;Choque em objeto fixo;1;2;0;0;0;0;1
28/06/2012;10:10:00;260;com vítima;198,36;BR-116/RJ;Pista Norte;Colisão traseira;1;1;0;0;0;1;3
28/06/2012;22:49:00;691;sem vítima;204,5;BR-116/SP;Pista Norte;Colisão traseira;2;2;0;0;0;0;1
28/06/2012;11:24:00;308;sem vítima;209,8;BR-116/SP;Pista Sul;Abalroamento longitudinal;1;29;0;0;0;0;1
28/06/2012;05:31:00;84;com vítima;223,3;BR-116/RJ;Pista Norte;Colisão traseira;2;1;0;0;0;1;3
28/06/2012;16:27:00;480;sem vítima;225,1;BR-116/RJ;Pista Sul;Colisão traseira;1;2;0;0;0;0;1
28/06/2012;09:39:00;239;sem vítima;229;BR-116/RJ;Pista Norte;Colisão traseira;1;2;0;0;0;0;1
28/06/2012;07:44:00;154;sem vítima;263;BR-116/RJ;Pista Sul;Choque em defensa;1;1;0;0;0;0;1
28/06/2012;13:59:00;401;com vítima;279,24;BR-116/RJ;Pista Sul;Colisão traseira;2;2;3;0;0;0;1
28/06/2012;09:31:00;233;sem vítima;318,9;BR-116/RJ;Pista Norte;Colisão traseira;1;6;0;0;0;0;1
29/06/2012;13:26:00;480;com vítima;119,3;BR-116/SP;Pista Sul;Colisão traseira;2;2;1;0;0;0;1
29/06/2012;20:40:00;805;com vítima;133,5;BR-116/SP;Pista Norte;Choque em objeto na pista;2;2;0;0;0;1;3
29/06/2012;22:05:00;851;sem vítima;133,5;BR-116/SP;Pista Norte;Abalroamento longitudinal;1;2;0;0;0;0;1
29/06/2012;09:12:00;279;sem vítima;165,6;BR-116/SP;Pista Sul;Abalroamento longitudinal;2;2;0;0;0;0;1
29/06/2012;12:31:00;446;sem vítima;174,8;BR-116/RJ;Pista Sul;Engavetamento;1;4;0;0;0;0;1
29/06/2012;07:24:00;178;sem vítima;175,3;BR-116/RJ;Pista Norte;Colisão traseira;1;2;0;0;0;0;1
29/06/2012;18:34:00;708;sem vítima;204,5;BR-116/SP;Pista Sul;Choque em veículo parado na pista;1;2;0;0;0;0;1
29/06/2012;09:56:00;323;sem vítima;206,4;BR-116/SP;Pista Sul;Colisão traseira;2;2;0;0;0;0;1
29/06/2012;07:47:00;202;com vítima;211,3;BR-116/SP;Pista Norte;Abalroamento longitudinal;1;1;1;0;0;0;1
29/06/2012;07:31:00;181;sem vítima;211,7;BR-116/SP;Pista Sul;Não Def;1;2;0;0;0;0;1
29/06/2012;16:09:00;584;sem vítima;225,6;BR-116/SP;Pista Norte;Colisão traseira;2;2;0;0;0;0;1
29/06/2012;01:13:00;35;sem vítima;230,3;BR-116/SP;Pista Sul;Abalroamento longitudinal;1;4;0;0;0;0;1
29/06/2012;14:16:00;504;sem vítima;247,85;BR-116/RJ;Pista Norte;Choque em barreira New Jersey;1;1;0;0;0;0;1
30/06/2012;00:19:00;9;sem vítima;145,3;BR-116/SP;Pista Norte;Colisão traseira;1;2;0;0;0;0;1
30/06/2012;07:03:00;129;sem vítima;202,1;BR-116/SP;Pista Norte;Colisão traseira;2;5;0;0;0;0;1
30/06/2012;19:42:00;610;sem vítima;206,6;BR-116/SP;Pista Sul;Abalroamento longitudinal;1;28;0;0;0;0;1
30/06/2012;13:41:00;393;com vítima;220,3;BR-116/RJ;Pista Sul;Tombamento;1;0;0;0;0;1;3
30/06/2012;12:56:00;362;sem vítima;255,6;BR-116/RJ;Pista Sul;Colisão traseira;1;2;0;0;0;0;1
30/06/2012;23:28:00;718;com vítima;269,1;BR-116/RJ;Pista Sul;Colisão frontal;1;1;1;0;0;0;1
01/07/2012;17:52:00;449;sem vítima;146,4;BR-116/SP;Pista Norte;Abalroamento longitudinal;1;2;0;0;0;0;1
01/07/2012;14:33:00;344;sem vítima;182,3;BR-116/SP;Pista Norte;Choque em objeto fixo;1;1;0;0;0;0;1
01/07/2012;21:16:00;558;com vítima;245,54;BR-116/RJ;Pista Norte;Colisão traseira;2;1;0;1;0;0;2
01/07/2012;10:26:00;225;sem vítima;270,3;BR-116/RJ;Pista Sul;Abalroamento longitudinal;1;2;0;0;0;0;1
01/07/2012;23:49:00;616;sem vítima;271,6;BR-116/RJ;Pista Sul;Abalroamento longitudinal;1;2;0;0;0;0;1
02/07/2012;05:36:00;48;com vítima;68,8;BR-116/SP;Pista Norte;Colisão traseira;2;1;1;0;0;0;1
02/07/2012;09:47:00;229;sem vítima;103;BR-116/SP;Pista Norte;Abalroamento longitudinal;1;2;0;0;0;0;1
02/07/2012;11:05:00;283;sem vítima;146,7;BR-116/SP;Pista Norte;Abalroamento longitudinal;1;2;0;0;0;0;1
02/07/2012;17:38:00;526;sem vítima;161,2;BR-116/SP;Pista Sul;Colisão traseira;2;2;0;0;0;0;1
02/07/2012;12:30:00;332;com vítima;172,8;BR-116/RJ;Pista Sul;Atropelamento de animal;2;3;1;0;1;0;2
02/07/2012;16:12:00;473;sem vítima;174,9;BR-116/RJ;Pista Norte;Colisão traseira;1;2;0;0;0;0;1
02/07/2012;18:28:00;569;sem vítima;179,8;BR-116/RJ;Pista Norte;Colisão traseira;2;2;0;0;0;0;1
02/07/2012;16:08:00;471;com vítima;180,55;BR-116/RJ;Pista Norte;Engavetamento;1;2;0;1;0;0;2
02/07/2012;17:36:00;524;com vítima;186,59;BR-116/RJ;Pista Sul;Atropelamento de pedestre atravessando;1;1;0;1;0;1;3
02/07/2012;21:56:00;695;sem vítima;230,4;BR-116/SP;Pista Sul;Outros;2;2;0;0;0;0;1
02/07/2012;23:08:00;721;com vítima;290,4;BR-116/RJ;Pista Norte;Atropelamento de pedestre caminhando;1;1;0;0;0;1;3
03/07/2012;15:17:00;468;sem vítima;59,8;BR-116/SP;Pista Norte;Choque em objeto fixo;1;1;0;0;0;0;1
03/07/2012;19:20:00;645;com vítima;95,7;BR-116/SP;Pista Sul;Atropelamento de pedestre atravessando;1;2;1;0;0;1;3
03/07/2012;20:00:00;670;sem vítima;95,7;BR-116/SP;Pista Norte;Outros;1;2;0;0;0;0;1
03/07/2012;14:16:00;436;com vítima;111,3;BR-116/SP;Pista Norte;Abalroamento longitudinal;1;3;1;0;0;0;1
03/07/2012;13:46:00;417;sem vítima;165;BR-116/SP;Pista Norte;Engavetamento;1;5;0;0;0;0;1
03/07/2012;10:22:00;291;sem vítima;168,4;BR-116/RJ;Pista Sul;Abalroamento longitudinal;1;2;0;0;0;0;1
03/07/2012;14:03:00;425;sem vítima;171,3;BR-116/RJ;Pista Norte;Abalroamento longitudinal;1;4;0;0;0;0;1
03/07/2012;09:55:00;277;sem vítima;171,7;BR-116/RJ;Pista Norte;Abalroamento longitudinal;1;2;0;0;0;0;1
03/07/2012;17:45:00;572;sem vítima;175,1;BR-116/RJ;Pista Norte;Abalroamento longitudinal;1;2;0;0;0;0;1
03/07/2012;00:04:00;2;sem vítima;176,8;BR-116/SP;Pista Norte;Colisão traseira;2;3;0;0;0;0;1
03/07/2012;13:52:00;419;sem vítima;177,3;BR-116/RJ;Pista Sul;Colisão traseira;1;2;0;0;0;0;1
03/07/2012;11:53:00;362;sem vítima;179,5;BR-116/RJ;Pista Norte;Abalroamento longitudinal;1;2;0;0;0;0;1
03/07/2012;08:03:00;184;sem vítima;190,2;BR-116/RJ;Pista Norte;Engavetamento;1;13;0;0;0;0;1
03/07/2012;22:34:00;752;sem vítima;201;BR-116/SP;Pista Sul;Colisão traseira;2;3;0;0;0;0;1
03/07/2012;03:40:00;65;com vítima;220,6;BR-116/RJ;Pista Norte;Abalroamento longitudinal;2;1;1;0;0;0;1
03/07/2012;13:31:00;409;sem vítima;225,05;BR-116/RJ;Pista Norte;Choque em barreira New Jersey;1;1;0;0;0;0;1
03/07/2012;09:14:00;244;com vítima;227,4;BR-116/SP;Pista Sul;Choque em barreira New Jersey;1;4;1;0;0;0;1
03/07/2012;05:20:00;94;com vítima;259,1;BR-116/RJ;Pista Norte;Colisão traseira;2;1;0;1;0;0;2
04/07/2012;08:12:00;197;sem vítima;67;BR-116/SP;Pista Norte;Tombamento;1;1;0;0;0;0;1
04/07/2012;15:05:00;495;sem vítima;131;BR-116/SP;Pista Norte;Tombamento;1;1;0;0;0;0;1
04/07/2012;07:16:00;137;com vítima;142,1;BR-116/SP;Pista Norte;Engavetamento;1;34;1;0;0;0;1
04/07/2012;09:34:00;270;sem vítima;145;BR-116/SP;Pista Norte;Engavetamento;2;6;0;0;0;0;1
04/07/2012;06:23:00;100;sem vítima;164,7;BR-116/RJ;Pista Norte;Abalroamento longitudinal;1;2;0;0;0;0;1
04/07/2012;23:28:00;776;sem vítima;165,1;BR-116/SP;Pista Norte;Choque em veículo parado na pista;2;2;0;0;0;0;1
04/07/2012;17:21:00;585;sem vítima;165,71;BR-116/RJ;Pista Sul;Colisão traseira;2;2;0;0;0;0;1
04/07/2012;21:01:00;711;sem vítima;173,4;BR-116/RJ;Pista Sul;Abalroamento longitudinal;1;2;0;0;0;0;1
04/07/2012;18:35:00;639;sem vítima;173,96;BR-116/RJ;Pista Norte;Abalroamento longitudinal;1;2;0;0;0;0;1
04/07/2012;11:20:00;358;com vítima;180,1;BR-116/RJ;Pista Norte;Queda de moto;1;1;1;0;0;0;1
04/07/2012;17:41:00;597;sem vítima;204,5;BR-116/SP;Pista Norte;Colisão traseira;1;2;0;0;0;0;1
04/07/2012;17:49:00;604;sem vítima;272,8;BR-116/RJ;Pista Norte;Abalroamento longitudinal;1;2;0;0;0;0;1
04/07/2012;23:35:00;778;sem vítima;318,9;BR-116/RJ;Pista Norte;Colisão traseira;2;2;0;0;0;0;1
05/07/2012;06:46:00;113;sem vítima;18,2;BR-116/SP;Pista Norte;Abalroamento longitudinal;1;3;0;0;0;0;1
05/07/2012;15:49:00;520;sem vítima;30,5;BR-116/SP;Pista Sul;Outros;1;1;0;0;0;0;1
05/07/2012;02:49:00;46;sem vítima;78,6;BR-116/SP;Pista Norte;Outros;2;2;0;0;0;0;1