data;horario;n_da_ocorrencia;tipo_de_ocorrencia;km;trecho;sentido;tipo_de_acidente;caminhao;ilesos;levemente_feridos;moderadamente_feridos;gravemente_feridos;mortos;3
05/07/2012;08:05:00;197;com vítima;140,1;BR-116/SP;Pista Sul;Colisão traseira;1;2;1;1;0;0;2
05/07/2012;18:52:00;642;sem vítima;156,45;BR-116/SP;Pista Norte;Abalroamento longitudinal;1;2;0;0;0;0;1
05/07/2012;11:39:00;374;sem vítima;165;BR-116/SP;Pista Norte;Colisão traseira;1;6;0;0;0;0;1
05/07/2012;19:21:00;666;sem vítima;165,3;BR-116/SP;Pista Sul;Abalroamento longitudinal;1;3;0;0;0;0;1
05/07/2012;07:14:00;143;sem vítima;183,9;BR-116/RJ;Pista Norte;Choque em defensa;1;3;0;0;0;0;1
05/07/2012;05:55:00;92;com vítima;193,3;BR-116/SP;Pista Sul;Colisão traseira;2;1;1;0;0;0;1
05/07/2012;15:38:00;512;sem vítima;207;BR-116/RJ;Pista Sul;Choque em objeto fixo;1;1;0;0;0;0;1
05/07/2012;13:06:00;419;com vítima;219,6;BR-116/SP;Pista Norte;Abalroamento longitudinal;1;1;2;0;0;0;1
05/07/2012;15:03:00;493;sem vítima;220,3;BR-116/RJ;Pista Sul;Outros;1;1;0;0;0;0;1
05/07/2012;18:17:00;615;sem vítima;269,7;BR-116/RJ;Pista Sul;Choque Talude;1;1;0;0;0;0;1
05/07/2012;01:39:00;29;sem vítima;277,5;BR-116/RJ;Pista Sul;Colisão traseira;2;2;0;0;0;0;1
05/07/2012;15:34:00;509;sem vítima;300,6;BR-116/RJ;Pista Norte;Choque em objeto na pista;1;5;0;0;0;0;1
06/07/2012;13:13:00;418;sem vítima;145,6;BR-116/SP;Pista Sul;Abalroamento longitudinal;2;3;0;0;0;0;1
06/07/2012;09:29:00;256;sem vítima;182;BR-116/SP;Pista Norte;Colisão traseira;1;5;0;0;0;0;1
06/07/2012;22:48:00;784;com vítima;182,5;BR-116/SP;Pista Norte;Choque em veículo parado na pista;1;5;4;2;0;0;2
06/07/2012;22:11:00;769;com vítima;205,4;BR-116/SP;Pista Norte;Colisão traseira;1;1;1;0;0;0;1
06/07/2012;04:38:00;63;com vítima;230,7;BR-116/SP;Pista Sul;Colisão traseira;2;1;1;0;0;0;1
06/07/2012;06:56:00;114;sem vítima;318,9;BR-116/RJ;Pista Norte;Colisão traseira;2;2;0;0;0;0;1
06/07/2012;05:28:00;76;sem vítima;327,5;BR-116/RJ;Pista Norte;Tombamento;1;1;0;0;0;0;1
07/07/2012;22:45:00;702;com vítima;2,48;BR-116/SP;Pista Sul;Choque em objeto fixo;1;0;1;0;0;0;1
07/07/2012;22:01:00;683;com vítima;60,1;BR-116/SP;Pista Norte;Queda de moto;1;1;1;0;0;0;1
07/07/2012;02:51:00;54;sem vítima;67,95;BR-116/SP;Pista Norte;Abalroamento longitudinal;1;6;0;0;0;0;1
07/07/2012;23:10:00;711;sem vítima;214,75;BR-116/SP;Pista Norte;Choque em objeto fixo;1;2;0;0;0;0;1
07/07/2012;07:24:00;136;com vítima;219;BR-116/SP;Pista Norte;Abalroamento longitudinal;1;1;1;0;0;0;1
07/07/2012;08:57:00;195;sem vítima;220,5;BR-116/RJ;Pista Norte;Abalroamento longitudinal;1;3;0;0;0;0;1
07/07/2012;10:08:00;248;sem vítima;318,9;BR-116/RJ;Pista Norte;Colisão traseira;1;2;0;0;0;0;1
08/07/2012;08:00:00;144;com vítima;95,4;BR-116/SP;Pista Norte;Engavetamento;1;8;2;1;0;0;2
08/07/2012;04:35:00;74;sem vítima;124,3;BR-116/SP;Pista Norte;Abalroamento longitudinal;2;2;0;0;0;0;1
08/07/2012;06:21:00;101;sem vítima;183,8;BR-116/SP;Pista Sul;Choque em objeto fixo;1;1;0;0;0;0;1
08/07/2012;14:10:00;305;sem vítima;192,7;BR-116/SP;Pista Norte;Colisão traseira;1;2;0;0;0;0;1
08/07/2012;20:10:00;494;sem vítima;196,75;BR-116/RJ;Pista Norte;Choque em veículo parado na pista;1;4;0;0;0;0;1
09/07/2012;21:45:00;652;sem vítima;5,9;BR-116/SP;Pista Sul;Abalroamento longitudinal;1;3;0;0;0;0;1
09/07/2012;22:41:00;673;sem vítima;56,5;BR-116/SP;Pista Sul;Abalroamento longitudinal;1;2;0;0;0;0;1
09/07/2012;10:34:00;243;sem vítima;65,9;BR-116/SP;Pista Sul;Abalroamento longitudinal;1;4;0;0;0;0;1
09/07/2012;03:11:00;37;sem vítima;164,4;BR-116/RJ;Pista Norte;Engavetamento;3;5;0;0;0;0;1
09/07/2012;17:46:00;518;sem vítima;166,6;BR-116/RJ;Pista Sul;Abalroamento longitudinal;1;2;0;0;0;0;1
09/07/2012;14:23:00;394;sem vítima;173,5;BR-116/RJ;Pista Sul;Abalroamento longitudinal;1;2;0;0;0;0;1
09/07/2012;20:58:00;630;sem vítima;173,5;BR-116/RJ;Pista Sul;Abalroamento longitudinal;1;5;0;0;0;0;1
09/07/2012;07:22:00;123;sem vítima;174,6;BR-116/RJ;Pista Norte;Abalroamento longitudinal;1;2;0;0;0;0;1
09/07/2012;03:48:00;45;com vítima;220,8;BR-116/RJ;Pista Norte;Colisão traseira;2;1;1;0;0;0;1
09/07/2012;12:54:00;340;sem vítima;223,3;BR-116/RJ;Pista Norte;Choque Talude;1;1;0;0;0;0;1
09/07/2012;23:11:00;685;sem vítima;224,6;BR-116/RJ;Pista Sul;Choque em veículo parado na pista;2;2;0;0;0;0;1
09/07/2012;11:39:00;284;com vítima;227,2;BR-116/RJ;Pista Norte;Tombamento;1;0;1;0;0;0;1
09/07/2012;12:03:00;301;com vítima;242,5;BR-116/RJ;Pista Sul;Choque em barreira New Jersey;1;0;1;0;0;0;1
09/07/2012;20:40:00;620;sem vítima;331,8;BR-116/RJ;Pista Sul;Choque em objeto na pista;1;3;0;0;0;0;1
10/07/2012;09:25:00;238;sem vítima;9,5;BR-116/SP;Pista Sul;Colisão traseira;1;48;0;0;0;0;1
10/07/2012;03:59:00;54;com vítima;19,8;BR-116/SP;Pista Sul;Choque em objeto fixo;1;0;0;1;0;0;2
10/07/2012;18:26:00;554;com vítima;62,45;BR-116/SP;Pista Norte;Atropelamento de pedestre caminhando;1;1;0;0;0;1;3
10/07/2012;16:33:00;490;sem vítima;203,5;BR-116/SP;Pista Norte;Choque em objeto na pista;1;1;0;0;0;0;1
10/07/2012;15:50:00;466;com vítima;315,05;BR-116/RJ;Pista Norte;Choque em veículo parado na pista;2;0;3;0;0;0;1
11/07/2012;19:48:00;656;com vítima;13,7;BR-116/SP;Pista Norte;Engavetamento;2;2;0;1;0;0;2
11/07/2012;17:51:00;584;sem vítima;100,8;BR-116/SP;Pista Sul;Abalroamento longitudinal;2;2;0;0;0;0;1
11/07/2012;01:27:00;24;sem vítima;143,2;BR-116/SP;Pista Norte;Choque em objeto na pista;2;7;0;0;0;0;1
11/07/2012;14:20:00;432;sem vítima;165;BR-116/SP;Pista Norte;Choque em barreira New Jersey;1;1;0;0;0;0;1
11/07/2012;06:45:00;88;sem vítima;178,7;BR-116/RJ;Pista Norte;Abalroamento longitudinal;1;2;0;0;0;0;1
11/07/2012;14:29:00;440;sem vítima;198,8;BR-116/RJ;Pista Sul;Abalroamento longitudinal;1;2;0;0;0;0;1
11/07/2012;05:04:00;62;sem vítima;204;BR-116/SP;Pista Sul;Colisão traseira;1;45;0;0;0;0;1
11/07/2012;17:47:00;582;sem vítima;204;BR-116/SP;Pista Norte;Abalroamento longitudinal;2;2;0;0;0;0;1
11/07/2012;07:13:00;106;com vítima;213,2;BR-116/SP;Pista Sul;Colisão traseira;1;2;1;0;0;0;1
11/07/2012;04:13:00;50;com vítima;223,15;BR-116/RJ;Pista Norte;Tombamento;1;0;0;0;1;0;2
11/07/2012;00:38:00;11;sem vítima;227,65;BR-116/SP;Pista Norte;Choque em defensa;1;1;0;0;0;0;1
11/07/2012;18:16:00;601;sem vítima;331,5;BR-116/RJ;Pista Norte;Outros;2;2;0;0;0;0;1
12/07/2012;21:56:00;717;sem vítima;2,9;BR-116/SP;Pista Norte;Colisão traseira;1;3;0;0;0;0;1
12/07/2012;03:26:00;55;sem vítima;38,8;BR-116/SP;Pista Norte;Choque em objeto na pista;3;3;0;0;0;0;1
12/07/2012;14:43:00;447;sem vítima;53,1;BR-116/SP;Pista Norte;Colisão traseira;1;2;0;0;0;0;1
12/07/2012;16:52:00;518;sem vítima;98,9;BR-116/SP;Pista Norte;Colisão traseira;1;5;0;0;0;0;1
12/07/2012;08:58:00;234;com vítima;108,75;BR-116/SP;Pista Norte;Outros;1;0;1;0;0;0;1
12/07/2012;22:54:00;741;sem vítima;173,5;BR-116/RJ;Pista Sul;Colisão traseira;1;2;0;0;0;0;1
12/07/2012;20:45:00;676;sem vítima;174,2;BR-116/RJ;Pista Norte;Choque em barreira New Jersey;2;2;0;0;0;0;1
12/07/2012;06:01:00;95;sem vítima;175;BR-116/RJ;Pista Norte;Abalroamento longitudinal;1;2;0;0;0;0;1
12/07/2012;10:53:00;312;sem vítima;175,9;BR-116/SP;Pista Norte;Choque em barreira New Jersey;1;1;0;0;0;0;1
12/07/2012;14:05:00;421;sem vítima;184;BR-116/SP;Pista Sul;Colisão traseira;2;2;0;0;0;0;1
12/07/2012;09:27:00;256;sem vítima;198,3;BR-116/SP;Pista Norte;Abalroamento longitudinal;1;2;0;0;0;0;1
12/07/2012;03:04:00;48;sem vítima;204;BR-116/SP;Pista Sul;Colisão traseira;2;2;0;0;0;0;1
12/07/2012;08:24:00;200;sem vítima;209,7;BR-116/SP;Pista Sul;Abalroamento longitudinal;1;7;0;0;0;0;1
12/07/2012;23:53:00;761;sem vítima;226,8;BR-116/RJ;Pista Norte;Abalroamento longitudinal;1;2;0;0;0;0;1
12/07/2012;05:46:00;89;com vítima;239,72;BR-116/RJ;Pista Norte;Tombamento;1;0;1;0;0;0;1
12/07/2012;13:53:00;414;sem vítima;241,3;BR-116/RJ;Pista Norte;Colisão traseira;1;2;0;0;0;0;1
12/07/2012;18:25:00;580;sem vítima;252,1;BR-116/RJ;Pista Sul;Tombamento;1;2;0;0;0;0;1
12/07/2012;18:19:00;575;com vítima;328,28;BR-116/RJ;Pista Norte;Tombamento;1;0;2;0;0;0;1
13/07/2012;19:03:00;694;com vítima;146,8;BR-116/SP;Pista Sul;Engavetamento;1;3;1;0;0;0;1
13/07/2012;10:30:00;320;com vítima;164,8;BR-116/RJ;Pista Norte;Engavetamento;1;24;4;1;0;0;2
13/07/2012;16:47:00;602;sem vítima;173,1;BR-116/RJ;Pista Sul;Abalroamento longitudinal;1;2;0;0;0;0;1
13/07/2012;16:11:00;571;sem vítima;173,3;BR-116/RJ;Pista Sul;Abalroamento longitudinal;1;2;0;0;0;0;1
13/07/2012;21:56:00;800;sem vítima;173,9;BR-116/SP;Pista Norte;Abalroamento longitudinal;1;2;0;0;0;0;1
13/07/2012;07:46:00;168;sem vítima;179,9;BR-116/RJ;Pista Norte;Engavetamento;1;5;0;0;0;0;1
13/07/2012;15:02:00;511;com vítima;190,2;BR-116/SP;Pista Norte;Colisão traseira;1;1;1;0;0;0;1
13/07/2012;22:37:00;820;sem vítima;205,4;BR-116/SP;Pista Norte;Abalroamento longitudinal;1;10;0;0;0;0;1
13/07/2012;18:05:00;649;sem vítima;209,2;BR-116/RJ;Pista Sul;Abalroamento longitudinal;1;4;0;0;0;0;1
13/07/2012;06:29:00;116;com vítima;209,95;BR-116/SP;Pista Sul;Engavetamento;2;5;1;1;0;0;2
13/07/2012;07:57:00;182;com vítima;211;BR-116/SP;Pista Sul;Colisão traseira;1;2;0;1;0;0;2
13/07/2012;20:11:00;739;sem vítima;212,3;BR-116/SP;Pista Sul;Colisão traseira;1;3;0;0;0;0;1
13/07/2012;11:19:00;360;sem vítima;221,7;BR-116/SP;Pista Sul;Abalroamento longitudinal;1;3;0;0;0;0;1
13/07/2012;12:01:00;386;sem vítima;221,7;BR-116/SP;Pista Sul;Colisão traseira;1;2;0;0;0;0;1
13/07/2012;10:26:00;316;sem vítima;223;BR-116/SP;Pista Sul;Abalroamento longitudinal;1;2;0;0;0;0;1
13/07/2012;10:01:00;296;sem vítima;228,3;BR-116/RJ;Pista Norte;Engavetamento;2;3;0;0;0;0;1
13/07/2012;03:31:00;59;sem vítima;235,2;BR-116/RJ;Pista Sul;Choque em objeto fixo;1;1;0;0;0;0;1
13/07/2012;13:32:00;440;sem vítima;269,9;BR-116/RJ;Pista Sul;Colisão traseira;2;2;0;0;0;0;1
13/07/2012;06:16:00;108;com vítima;299,9;BR-116/RJ;Pista Norte;Colisão traseira;2;1;1;1;0;1;3
14/07/2012;12:58:00;370;sem vítima;47;BR-116/SP;Pista Norte;Choque em barreira New Jersey;1;1;0;0;0;0;1
14/07/2012;10:08:00;275;sem vítima;109,05;BR-116/SP;Pista Sul;Colisão traseira;1;3;0;0;0;0;1
14/07/2012;09:09:00;228;sem vítima;165;BR-116/SP;Pista Norte;Colisão traseira;1;2;0;0;0;0;1
14/07/2012;02:44:00;49;com vítima;207;BR-116/RJ;Pista Norte;Colisão traseira;2;1;1;0;0;0;1
14/07/2012;16:36:00;511;com vítima;310,7;BR-116/RJ;Pista Norte;Atropelamento de pedestre atravessando;1;5;1;0;0;0;1
14/07/2012;18:07:00;553;sem vítima;321,5;BR-116/RJ;Pista Sul;Abalroamento longitudinal;1;6;0;0;0;0;1
14/07/2012;01:28:00;28;com vítima;326,31;BR-116/RJ;Pista Norte;Colisão traseira;1;1;1;0;0;0;1
15/07/2012;05:50:00;96;sem vítima;45,6;BR-116/SP;Pista Norte;Colisão traseira;1;2;0;0;0;0;1
15/07/2012;19:51:00;552;sem vítima;99,7;BR-116/SP;Pista Sul;Colisão traseira;1;6;0;0;0;0;1
15/07/2012;15:18:00;362;sem vítima;165,6;BR-116/RJ;Pista Sul;Abalroamento longitudinal;1;3;0;0;0;0;1
15/07/2012;03:36:00;60;sem vítima;172,5;BR-116/SP;Pista Sul;Choque em veículo parado na pista;1;3;0;0;0;0;1
15/07/2012;17:44:00;483;sem vítima;175;BR-116/RJ;Pista Norte;Abalroamento longitudinal;1;5;0;0;0;0;1
15/07/2012;18:51:00;518;sem vítima;182,6;BR-116/RJ;Pista Norte;Colisão traseira;1;2;0;0;0;0;1
15/07/2012;23:55:00;658;com vítima;191,52;BR-116/RJ;Pista Norte;Abalroamento longitudinal;2;2;0;1;0;0;2
16/07/2012;14:53:00;400;sem vítima;86,8;BR-116/SP;Pista Sul;Colisão traseira;2;2;0;0;0;0;1
16/07/2012;20:37:00;603;sem vítima;163,5;BR-116/RJ;Pista Sul;Abalroamento longitudinal;1;2;0;0;0;0;1
16/07/2012;11:47:00;314;sem vítima;175;BR-116/RJ;Pista Norte;Abalroamento longitudinal;1;2;0;0;0;0;1
16/07/2012;15:59:00;443;sem vítima;175;BR-116/RJ;Pista Sul;Abalroamento longitudinal;1;2;0;0;0;0;1
16/07/2012;18:37:00;535;sem vítima;182;BR-116/SP;Pista Norte;Choque em veículo parado na pista;2;2;0;0;0;0;1
16/07/2012;05:57:00;73;sem vítima;187;BR-116/SP;Pista Norte;Choque em objeto fixo;1;1;0;0;0;0;1
16/07/2012;08:38:00;171;sem vítima;195,4;BR-116/SP;Pista Sul;Colisão traseira;1;4;0;0;0;0;1
16/07/2012;19:42:00;571;sem vítima;201;BR-116/SP;Pista Norte;Abalroamento longitudinal;1;2;0;0;0;0;1
16/07/2012;16:32:00;466;com vítima;209,3;BR-116/SP;Pista Norte;Abalroamento longitudinal;1;1;1;0;0;0;1
16/07/2012;13:44:00;358;sem vítima;212,8;BR-116/SP;Pista Sul;Choque em objeto na pista;1;2;0;0;0;0;1
16/07/2012;10:37:00;265;sem vítima;215,89;BR-116/SP;Pista Sul;Abalroamento longitudinal;1;2;0;0;0;0;1
16/07/2012;12:12:00;323;sem vítima;217;BR-116/SP;Pista Norte;Abalroamento longitudinal;1;4;0;0;0;0;1
16/07/2012;19:15:00;556;sem vítima;224,4;BR-116/SP;Pista Sul;Abalroamento longitudinal;1;2;0;0;0;0;1
16/07/2012;06:48:00;93;sem vítima;225;BR-116/SP;Pista Norte;Abalroamento longitudinal;1;3;0;0;0;0;1
16/07/2012;22:37:00;655;sem vítima;227,6;BR-116/SP;Pista Norte;Choque em objeto fixo;1;1;0;0;0;0;1
16/07/2012;16:29:00;460;sem vítima;228,4;BR-116/SP;Pista Norte;Abalroamento longitudinal;1;2;0;0;0;0;1
16/07/2012;15:14:00;413;sem vítima;230;BR-116/SP;Pista Sul;Colisão traseira;1;2;0;0;0;0;1
16/07/2012;14:30:00;385;com vítima;230,8;BR-116/SP;Pista Sul;Colisão traseira;1;1;1;0;0;0;1
16/07/2012;22:21:00;642;sem vítima;251,85;BR-116/RJ;Pista Sul;Abalroamento longitudinal;1;32;0;0;0;0;1
17/07/2012;12:43:00;366;sem vítima;97,9;BR-116/SP;Pista Sul;Abalroamento longitudinal;1;2;0;0;0;0;1
17/07/2012;13:18:00;384;com vítima;122,5;BR-116/SP;Pista Norte;Choque em barreira New Jersey;1;3;2;0;0;0;1
17/07/2012;11:14:00;313;sem vítima;166,6;BR-116/SP;Pista Sul;Colisão traseira;2;2;0;0;0;0;1
17/07/2012;14:07:00;418;sem vítima;278,4;BR-116/RJ;Pista Sul;Abalroamento longitudinal;1;2;0;0;0;0;1
18/07/2012;14:54:00;427;com vítima;63,49;BR-116/SP;Pista Sul;Colisão traseira;1;3;9;0;0;0;1
18/07/2012;21:58:00;686;com vítima;76,75;BR-116/SP;Pista Norte;Engavetamento;1;2;1;0;0;0;1
18/07/2012;11:28:00;303;sem vítima;145,7;BR-116/SP;Pista Norte;Abalroamento longitudinal;1;2;0;0;0;0;1
18/07/2012;08:01:00;139;sem vítima;147,05;BR-116/SP;Pista Sul;Abalroamento longitudinal;1;2;0;0;0;0;1
18/07/2012;14:08:00;397;sem vítima;150;BR-116/SP;Pista Norte;Colisão traseira;1;6;0;0;0;0;1
18/07/2012;08:07:00;143;sem vítima;159;BR-116/SP;Pista Norte;Abalroamento longitudinal;1;2;0;0;0;0;1
18/07/2012;06:56:00;94;sem vítima;164,9;BR-116/RJ;Pista Norte;Colisão traseira;1;3;0;0;0;0;1
18/07/2012;17:59:00;539;com vítima;165,1;BR-116/RJ;Pista Sul;Engavetamento;1;3;1;0;0;0;1
18/07/2012;11:06:00;289;sem vítima;173,5;BR-116/RJ;Pista Sul;Abalroamento longitudinal;1;2;0;0;0;0;1
18/07/2012;16:06:00;474;sem vítima;173,5;BR-116/RJ;Pista Sul;Abalroamento longitudinal;1;2;0;0;0;0;1
18/07/2012;14:38:00;414;sem vítima;175,05;BR-116/RJ;Pista Norte;Abalroamento longitudinal;1;3;0;0;0;0;1
18/07/2012;05:59:00;67;sem vítima;175,2;BR-116/RJ;Pista Norte;Abalroamento longitudinal;1;2;0;0;0;0;1
18/07/2012;19:00:00;577;sem vítima;218,6;BR-116/SP;Pista Norte;Colisão traseira;1;2;0;0;0;0;1
18/07/2012;19:07:00;586;sem vítima;223,7;BR-116/SP;Pista Sul;Abalroamento longitudinal;1;2;0;0;0;0;1
18/07/2012;08:59:00;179;sem vítima;227,1;BR-116/RJ;Pista Norte;Abalroamento longitudinal;1;2;0;0;0;0;1
18/07/2012;10:41:00;276;sem vítima;229;BR-116/SP;Pista Sul;Engavetamento;1;5;0;0;0;0;1
18/07/2012;10:22:00;261;sem vítima;316,8;BR-116/RJ;Pista Norte;Colisão traseira;2;2;0;0;0;0;1
19/07/2012;16:41:00;545;sem vítima;22,85;BR-116/SP;Pista Sul;Abalroamento longitudinal;2;2;0;0;0;0;1
19/07/2012;17:13:00;565;sem vítima;112,2;BR-116/SP;Pista Norte;Choque em objeto na pista;1;2;0;0;0;0;1
19/07/2012;14:15:00;448;sem vítima;121,1;BR-116/SP;Pista Norte;Abalroamento longitudinal;2;2;0;0;0;0;1
19/07/2012;06:16:00;87;sem vítima;139,3;BR-116/SP;Pista Norte;Colisão traseira;1;3;0;0;0;0;1
19/07/2012;18:36:00;620;sem vítima;155,1;BR-116/SP;Pista Sul;Abalroamento longitudinal;1;3;0;0;0;0;1
19/07/2012;07:24:00;129;sem vítima;174,3;BR-116/RJ;Pista Norte;Colisão traseira;1;2;0;0;0;0;1
19/07/2012;17:45:00;586;sem vítima;218,2;BR-116/SP;Pista Norte;Colisão traseira;1;2;0;0;0;0;1
19/07/2012;11:47:00;361;sem vítima;220;BR-116/SP;Pista Sul;Abalroamento longitudinal;1;3;0;0;0;0;1
19/07/2012;12:58:00;398;sem vítima;221,9;BR-116/SP;Pista Sul;Colisão traseira;1;2;0;0;0;0;1
19/07/2012;02:28:00;39;sem vítima;258,5;BR-116/RJ;Pista Norte;Colisão traseira;2;2;0;0;0;0;1
20/07/2012;08:16:00;220;sem vítima;86,8;BR-116/SP;Pista Sul;Choque em objeto fixo;1;1;0;0;0;0;1
20/07/2012;07:54:00;185;sem vítima;92,2;BR-116/SP;Pista Sul;Colisão traseira;1;2;0;0;0;0;1
20/07/2012;14:48:00;522;sem vítima;166,5;BR-116/RJ;Pista Sul;Colisão traseira;1;2;0;0;0;0;1
20/07/2012;10:05:00;328;com vítima;208,9;BR-116/SP;Pista Norte;Abalroamento longitudinal;1;1;3;0;0;0;1
20/07/2012;07:13:00;137;com vítima;222;BR-116/SP;Pista Sul;Abalroamento longitudinal;1;3;1;0;0;0;1
20/07/2012;21:42:00;803;sem vítima;227,8;BR-116/SP;Pista Norte;Engavetamento;1;4;0;0;0;0;1
20/07/2012;16:26:00;602;com vítima;288,6;BR-116/RJ;Pista Sul;Choque em barreira New Jersey;1;2;1;0;0;0;1
20/07/2012;10:20:00;343;sem vítima;300,2;BR-116/RJ;Pista Sul;Colisão traseira;1;3;0;0;0;0;1
21/07/2012;08:32:00;168;sem vítima;165;BR-116/SP;Pista Norte;Choque em veículo parado na pista;1;5;0;0;0;0;1
21/07/2012;18:46:00;563;sem vítima;168,9;BR-116/RJ;Pista Sul;Engavetamento;1;14;0;0;0;0;1
21/07/2012;06:54:00;100;sem vítima;182;BR-116/SP;Pista Norte;Colisão traseira;2;2;0;0;0;0;1
21/07/2012;16:06:00;457;sem vítima;191,9;BR-116/RJ;Pista Sul;Abalroamento longitudinal;1;3;0;0;0;0;1
21/07/2012;13:54:00;371;sem vítima;220;BR-116/SP;Pista Norte;Abalroamento longitudinal;1;3;0;0;0;0;1
22/07/2012;10:39:00;232;sem vítima;41;BR-116/SP;Pista Norte;Colisão traseira;1;4;0;0;0;0;1
22/07/2012;12:45:00;293;com vítima;63,5;BR-116/SP;Pista Norte;Engavetamento;2;8;1;0;0;0;1
22/07/2012;05:57:00;90;sem vítima;154;BR-116/SP;Pista Sul;Abalroamento longitudinal;1;2;0;0;0;0;1
22/07/2012;22:32:00;666;sem vítima;204,2;BR-116/SP;Pista Sul;Abalroamento longitudinal;1;2;0;0;0;0;1
22/07/2012;03:36:00;54;sem vítima;214,6;BR-116/SP;Pista Norte;Abalroamento longitudinal;1;3;0;0;0;0;1
23/07/2012;23:41:00;766;sem vítima;150,8;BR-116/SP;Pista Sul;Choque em objeto na pista;1;2;0;0;0;0;1
23/07/2012;16:05:00;512;sem vítima;173;BR-116/SP;Pista Sul;Choque em objeto na pista;1;6;0;0;0;0;1
23/07/2012;07:50:00;144;com vítima;179,5;BR-116/RJ;Pista Norte;Engavetamento;1;8;2;0;0;0;1
23/07/2012;16:32:00;530;sem vítima;200,7;BR-116/RJ;Pista Sul;Abalroamento longitudinal;1;20;0;0;0;0;1
23/07/2012;09:33:00;264;com vítima;204,5;BR-116/SP;Pista Norte;Engavetamento;1;3;1;0;0;0;1
23/07/2012;10:40:00;305;sem vítima;217,4;BR-116/RJ;Pista Norte;Colisão traseira;1;5;0;0;0;0;1
23/07/2012;23:01:00;754;com vítima;305,06;BR-116/RJ;Pista Sul;Abalroamento longitudinal;1;2;1;0;0;0;1
23/07/2012;12:44:00;382;sem vítima;318,9;BR-116/RJ;Pista Sul;Choque em objeto fixo;1;1;0;0;0;0;1
24/07/2012;13:46:00;461;sem vítima;51,2;BR-116/SP;Pista Norte;Abalroamento longitudinal;1;2;0;0;0;0;1
24/07/2012;15:28:00;533;com vítima;61,6;BR-116/SP;Pista Norte;Choque em objeto fixo;1;1;0;1;0;0;2
24/07/2012;16:40:00;585;sem vítima;63,25;BR-116/SP;Pista Norte;Abalroamento longitudinal;3;3;0;0;0;0;1
24/07/2012;10:44:00;341;sem vítima;142;BR-116/SP;Pista Norte;Colisão traseira;1;3;0;0;0;0;1
24/07/2012;04:41:00;74;sem vítima;159;BR-116/SP;Pista Sul;Choque em objeto na pista;1;5;0;0;0;0;1
24/07/2012;22:49:00;796;sem vítima;160,3;BR-116/SP;Pista Sul;Abalroamento longitudinal;2;2;0;0;0;0;1
24/07/2012;16:23:00;572;sem vítima;166,4;BR-116/RJ;Pista Sul;Colisão traseira;1;4;0;0;0;0;1
24/07/2012;15:16:00;528;sem vítima;175;BR-116/RJ;Pista Norte;Abalroamento longitudinal;1;8;0;0;0;0;1
24/07/2012;14:23:00;486;sem vítima;204,8;BR-116/SP;Pista Norte;Colisão traseira;2;2;0;0;0;0;1
24/07/2012;03:33:00;56;com vítima;205,8;BR-116/SP;Pista Norte;Colisão traseira;1;1;0;1;0;0;2
24/07/2012;15:06:00;523;sem vítima;207;BR-116/RJ;Pista Sul;Colisão traseira;1;4;0;0;0;0;1
24/07/2012;16:50:00;589;sem vítima;223,08;BR-116/RJ;Pista Norte;Abalroamento longitudinal;2;2;0;0;0;0;1
24/07/2012;06:49:00;127;sem vítima;297;BR-116/RJ;Pista Sul;Colisão traseira;1;3;0;0;0;0;1
25/07/2012;17:12:00;580;sem vítima;172,5;BR-116/RJ;Pista Sul;Abalroamento longitudinal;1;2;0;0;0;0;1
25/07/2012;11:02:00;342;com vítima;204;BR-116/SP;Pista Sul;Colisão traseira;2;1;1;0;0;0;1
25/07/2012;08:45:00;218;sem vítima;219;BR-116/SP;Pista Norte;Abalroamento longitudinal;1;2;0;0;0;0;1
25/07/2012;06:34:00;103;sem vítima;221,3;BR-116/SP;Pista Sul;Colisão traseira;1;42;0;0;0;0;1
25/07/2012;17:17:00;587;com vítima;258,5;BR-116/RJ;Pista Sul;Colisão traseira;1;1;0;1;0;0;2
26/07/2012;01:12:00;26;sem vítima;34,05;BR-116/SP;Pista Sul;Choque em objeto na pista;1;1;0;0;0;0;1
26/07/2012;09:58:00;301;sem vítima;53;BR-116/SP;Pista Sul;Abalroamento longitudinal;1;4;0;0;0;0;1
26/07/2012;19:47:00;720;sem vítima;90,6;BR-116/SP;Pista Norte;Colisão traseira;2;2;0;0;0;0;1
26/07/2012;21:31:00;783;sem vítima;173,4;BR-116/RJ;Pista Sul;Colisão traseira;1;2;0;0;0;0;1
26/07/2012;16:37:00;581;sem vítima;175,5;BR-116/RJ;Pista Sul;Colisão traseira;1;2;0;0;0;0;1
26/07/2012;18:12:00;642;sem vítima;207;BR-116/SP;Pista Sul;Colisão traseira;1;2;0;0;0;0;1
26/07/2012;15:05:00;508;sem vítima;212,7;BR-116/SP;Pista Sul;Engavetamento;1;11;0;0;0;0;1
26/07/2012;10:53:00;336;sem vítima;217,9;BR-116/SP;Pista Sul;Engavetamento;1;16;0;0;0;0;1
26/07/2012;11:40:00;370;sem vítima;218,7;BR-116/SP;Pista Sul;Abalroamento longitudinal;1;2;0;0;0;0;1
26/07/2012;09:23:00;268;sem vítima;220;BR-116/SP;Pista Norte;Abalroamento longitudinal;1;3;0;0;0;0;1
26/07/2012;09:27:00;270;sem vítima;224;BR-116/RJ;Pista Norte;Abalroamento longitudinal;2;2;0;0;0;0;1
26/07/2012;22:17:00;810;sem vítima;225,5;BR-116/RJ;Pista Sul;Abalroamento longitudinal;1;2;0;0;0;0;1