data;horario;n_da_ocorrencia;tipo_de_ocorrencia;km;trecho;sentido;tipo_de_acidente;caminhao;ilesos;levemente_feridos;moderadamente_feridos;gravemente_feridos;mortos;3
26/07/2012;11:23:00;357;sem vítima;227,2;BR-116/SP;Pista Norte;Abalroamento longitudinal;1;5;0;0;0;0;1
26/07/2012;19:12:00;697;sem vítima;227,6;BR-116/SP;Pista Sul;Abalroamento longitudinal;1;4;0;0;0;0;1
26/07/2012;17:52:00;625;sem vítima;230,7;BR-116/SP;Pista Norte;Engavetamento;1;6;0;0;0;0;1
27/07/2012;23:46:00;862;sem vítima;28,6;BR-116/SP;Pista Norte;Colisão traseira;1;2;0;0;0;0;1
27/07/2012;09:03:00;239;sem vítima;98,8;BR-116/SP;Pista Norte;Abalroamento longitudinal;2;2;0;0;0;0;1
27/07/2012;16:24:00;571;com vítima;114,95;BR-116/SP;Pista Sul;Colisão traseira;2;1;1;0;0;0;1
27/07/2012;08:34:00;218;sem vítima;122,6;BR-116/SP;Pista Norte;Choque em barreira New Jersey;1;1;0;0;0;0;1
27/07/2012;13:06:00;402;sem vítima;136,5;BR-116/SP;Pista Sul;Choque em objeto na pista;1;8;0;0;0;0;1
27/07/2012;05:01:00;83;sem vítima;155,4;BR-116/SP;Pista Norte;Choque em objeto fixo;1;1;0;0;0;0;1
27/07/2012;18:30:00;666;sem vítima;173,1;BR-116/RJ;Pista Sul;Abalroamento longitudinal;1;2;0;0;0;0;1
27/07/2012;05:19:00;90;sem vítima;173,3;BR-116/RJ;Pista Norte;Abalroamento longitudinal;1;2;0;0;0;0;1
27/07/2012;09:38:00;265;sem vítima;197,3;BR-116/RJ;Pista Norte;Colisão traseira;1;4;0;0;0;0;1
27/07/2012;07:38:00;168;com vítima;208,6;BR-116/SP;Pista Sul;Abalroamento longitudinal;1;2;1;0;0;0;1
27/07/2012;14:49:00;498;sem vítima;214;BR-116/SP;Pista Norte;Choque em objeto na pista;1;2;0;0;0;0;1
27/07/2012;04:59:00;82;com vítima;218,75;BR-116/SP;Pista Norte;Capotamento;1;1;0;1;0;0;2
27/07/2012;12:01:00;366;sem vítima;227,5;BR-116/SP;Pista Norte;Colisão traseira;1;4;0;0;0;0;1
27/07/2012;08:08:00;195;com vítima;228,1;BR-116/SP;Pista Sul;Abalroamento longitudinal;1;1;0;0;1;0;2
27/07/2012;15:54:00;546;sem vítima;256,1;BR-116/RJ;Pista Sul;Colisão traseira;2;2;0;0;0;0;1
28/07/2012;14:19:00;441;sem vítima;75,3;BR-116/SP;Pista Norte;Choque em objeto na pista;1;2;0;0;0;0;1
28/07/2012;16:28:00;538;sem vítima;86,9;BR-116/SP;Pista Norte;Colisão traseira;2;2;0;0;0;0;1
28/07/2012;16:05:00;516;com vítima;188,92;BR-116/SP;Pista Sul;Colisão traseira;1;5;1;0;0;0;1
29/07/2012;03:10:00;61;sem vítima;173,4;BR-116/RJ;Pista Norte;Choque em veículo parado na pista;1;2;0;0;0;0;1
30/07/2012;06:11:00;94;com vítima;29,7;BR-116/SP;Pista Norte;Colisão traseira;1;2;1;0;0;0;1
30/07/2012;17:55:00;520;sem vítima;99,2;BR-116/SP;Pista Norte;Colisão traseira;1;2;0;0;0;0;1
30/07/2012;12:16:00;338;com vítima;189,3;BR-116/SP;Pista Norte;Colisão traseira;1;2;1;0;0;0;1
30/07/2012;14:16:00;414;com vítima;200,5;BR-116/RJ;Pista Sul;Colisão traseira;1;1;0;2;0;0;2
30/07/2012;14:14:00;413;com vítima;201,7;BR-116/RJ;Pista Norte;Abalroamento longitudinal;1;1;1;0;0;0;1
30/07/2012;17:56:00;523;sem vítima;209,5;BR-116/SP;Pista Sul;Abalroamento longitudinal;1;2;0;0;0;0;1
30/07/2012;15:10:00;439;sem vítima;210;BR-116/SP;Pista Norte;Colisão traseira;1;3;0;0;0;0;1
30/07/2012;23:23:00;641;com vítima;227,7;BR-116/SP;Pista Norte;Choque em defensa;1;1;1;0;0;0;1
31/07/2012;04:31:00;47;sem vítima;100,55;BR-116/SP;Pista Norte;Colisão traseira;1;2;0;0;0;0;1
31/07/2012;10:57:00;239;sem vítima;176,75;BR-116/RJ;Pista Norte;Colisão traseira;1;3;0;0;0;0;1
31/07/2012;09:43:00;198;com vítima;200,95;BR-116/SP;Pista Sul;Tombamento;1;0;2;1;0;0;2
31/07/2012;20:59:00;486;sem vítima;223;BR-116/SP;Pista Norte;Choque em objeto fixo;1;1;0;0;0;0;1
31/07/2012;11:18:00;249;sem vítima;229,9;BR-116/SP;Pista Sul;Engavetamento;1;13;0;0;0;0;1
31/07/2012;10:44:00;231;com vítima;267;BR-116/RJ;Pista Sul;Atropelamento de pedestre atravessando;1;0;2;0;0;0;1
01/08/2012;09:54:00;296;com vítima;23,2;BR-116/SP;Pista Sul;Abalroamento longitudinal;2;1;1;0;0;0;1
01/08/2012;10:25:00;318;com vítima;37,1;BR-116/SP;Pista Norte;Abalroamento longitudinal;2;1;1;0;0;0;1
01/08/2012;02:06:00;49;sem vítima;87;BR-116/SP;Pista Sul;Colisão traseira;2;2;0;0;0;0;1
01/08/2012;10:03:00;300;sem vítima;110,5;BR-116/SP;Pista Sul;Abalroamento longitudinal;1;3;0;0;0;0;1
01/08/2012;10:19:00;315;com vítima;174,4;BR-116/RJ;Pista Norte;Engavetamento;1;4;1;0;0;0;1
01/08/2012;11:25:00;365;sem vítima;174,9;BR-116/RJ;Pista Norte;Abalroamento longitudinal;1;2;0;0;0;0;1
01/08/2012;12:34:00;423;sem vítima;181,6;BR-116/RJ;Pista Norte;Engavetamento;3;4;0;0;0;0;1
01/08/2012;06:45:00;138;sem vítima;197;BR-116/SP;Pista Norte;Tombamento;1;2;0;0;0;0;1
01/08/2012;13:35:00;459;sem vítima;204;BR-116/SP;Pista Sul;Colisão traseira;1;2;0;0;0;0;1
01/08/2012;01:38:00;35;com vítima;222,6;BR-116/RJ;Pista Norte;Tombamento;1;0;0;0;1;0;2
01/08/2012;09:08:00;252;sem vítima;230,1;BR-116/RJ;Pista Norte;Colisão traseira;1;4;0;0;0;0;1
01/08/2012;13:41:00;463;sem vítima;269,2;BR-116/RJ;Pista Sul;Colisão traseira;1;2;0;0;0;0;1
01/08/2012;07:30:00;178;sem vítima;275,2;BR-116/RJ;Pista Norte;Abalroamento longitudinal;2;2;0;0;0;0;1
01/08/2012;08:07:00;211;sem vítima;275,8;BR-116/RJ;Pista Norte;Colisão traseira;1;2;0;0;0;0;1
01/08/2012;05:57:00;108;sem vítima;277,4;BR-116/RJ;Pista Sul;Abalroamento longitudinal;2;2;0;0;0;0;1
01/08/2012;11:08:00;357;sem vítima;290;BR-116/RJ;Pista Norte;Abalroamento longitudinal;1;2;0;0;0;0;1
01/08/2012;12:57:00;437;sem vítima;293;BR-116/RJ;Pista Norte;Abalroamento longitudinal;1;3;0;0;0;0;1
01/08/2012;14:51:00;503;sem vítima;306,1;BR-116/RJ;Pista Norte;Abalroamento longitudinal;1;2;0;0;0;0;1
01/08/2012;16:46:00;581;sem vítima;318,9;BR-116/RJ;Pista Sul;Engavetamento;1;3;0;0;0;0;1
02/08/2012;23:38:00;859;sem vítima;21,25;BR-116/SP;Pista Sul;Choque em veículo parado na pista;2;3;0;0;0;0;1
02/08/2012;19:06:00;688;sem vítima;166,18;BR-116/RJ;Pista Sul;Abalroamento longitudinal;1;2;0;0;0;0;1
02/08/2012;08:46:00;236;com vítima;168,3;BR-116/RJ;Pista Sul;Abalroamento longitudinal;1;1;1;0;0;0;1
02/08/2012;11:54:00;387;sem vítima;173,5;BR-116/RJ;Pista Sul;Abalroamento longitudinal;1;2;0;0;0;0;1
02/08/2012;16:10:00;570;sem vítima;174,5;BR-116/RJ;Pista Sul;Outros;1;1;0;0;0;0;1
02/08/2012;20:32:00;759;sem vítima;177,6;BR-116/RJ;Pista Sul;Abalroamento longitudinal;1;2;0;0;0;0;1
02/08/2012;00:14:00;11;com vítima;177,87;BR-116/RJ;Pista Sul;Atropelamento de pedestre atravessando;1;1;0;0;0;1;3
02/08/2012;08:28:00;212;sem vítima;184,05;BR-116/RJ;Pista Norte;Abalroamento longitudinal;1;2;0;0;0;0;1
02/08/2012;22:57:00;840;sem vítima;198,7;BR-116/SP;Pista Norte;Abalroamento longitudinal;1;2;0;0;0;0;1
02/08/2012;04:33:00;73;sem vítima;204,5;BR-116/SP;Pista Sul;Colisão traseira;2;4;0;0;0;0;1
02/08/2012;06:33:00;112;sem vítima;211,65;BR-116/SP;Pista Sul;Colisão traseira;2;5;0;0;0;0;1
02/08/2012;05:54:00;95;sem vítima;216,9;BR-116/SP;Pista Sul;Abalroamento longitudinal;1;2;0;0;0;0;1
02/08/2012;08:07:00;188;sem vítima;217,7;BR-116/SP;Pista Norte;Abalroamento longitudinal;1;2;0;0;0;0;1
02/08/2012;15:54:00;562;sem vítima;220,4;BR-116/RJ;Pista Norte;Tombamento;1;1;0;0;0;0;1
02/08/2012;00:58:00;21;com vítima;225,35;BR-116/RJ;Pista Norte;Colisão traseira;2;1;0;1;0;0;2
02/08/2012;14:29:00;496;com vítima;234;BR-116/RJ;Pista Norte;Colisão traseira;2;1;1;0;0;0;1
02/08/2012;06:14:00;101;sem vítima;244,7;BR-116/RJ;Pista Norte;Colisão traseira;2;2;0;0;0;0;1
02/08/2012;15:42:00;549;sem vítima;281;BR-116/RJ;Pista Sul;Abalroamento longitudinal;2;2;0;0;0;0;1
02/08/2012;04:17:00;67;com vítima;294,78;BR-116/RJ;Pista Norte;Colisão traseira;1;1;1;0;0;0;1
03/08/2012;23:57:00;870;com vítima;27,75;BR-116/SP;Pista Norte;Tombamento;1;0;1;0;0;0;1
03/08/2012;09:01:00;288;sem vítima;118;BR-116/SP;Pista Sul;Choque em objeto na pista;2;2;0;0;0;0;1
03/08/2012;18:28:00;685;sem vítima;161;BR-116/SP;Pista Norte;Abalroamento longitudinal;1;4;0;0;0;0;1
03/08/2012;16:23:00;606;sem vítima;165,3;BR-116/RJ;Pista Sul;Engavetamento;2;4;0;0;0;0;1
03/08/2012;12:02:00;431;sem vítima;167;BR-116/SP;Pista Sul;Colisão traseira;2;3;0;0;0;0;1
03/08/2012;21:56:00;808;sem vítima;169,4;BR-116/RJ;Pista Sul;Abalroamento longitudinal;1;2;0;0;0;0;1
03/08/2012;07:28:00;172;sem vítima;175,3;BR-116/RJ;Pista Norte;Colisão traseira;1;2;0;0;0;0;1
03/08/2012;15:10:00;555;sem vítima;200,5;BR-116/SP;Pista Sul;Abalroamento longitudinal;1;4;0;0;0;0;1
03/08/2012;06:27:00;121;com vítima;207;BR-116/RJ;Pista Norte;Colisão traseira;1;39;1;0;0;0;1
03/08/2012;12:18:00;444;com vítima;225,6;BR-116/RJ;Pista Sul;Tombamento;1;0;0;1;0;0;2
03/08/2012;06:37:00;126;sem vítima;228;BR-116/RJ;Pista Sul;Abalroamento longitudinal;2;2;0;0;0;0;1
03/08/2012;11:25:00;410;sem vítima;231;BR-116/SP;Pista Sul;Colisão traseira;2;2;0;0;0;0;1
03/08/2012;09:11:00;298;sem vítima;269;BR-116/RJ;Pista Sul;Tombamento;1;1;0;0;0;0;1
03/08/2012;15:44:00;581;com vítima;290,4;BR-116/RJ;Pista Norte;Atropelamento de animal;1;1;2;0;0;0;1
03/08/2012;12:44:00;460;sem vítima;294,8;BR-116/RJ;Pista Norte;Abalroamento longitudinal;1;3;0;0;0;0;1
03/08/2012;09:49:00;331;com vítima;294,95;BR-116/RJ;Pista Norte;Colisão traseira;1;2;1;0;0;0;1
04/08/2012;18:32:00;556;sem vítima;127;BR-116/SP;Pista Sul;Abalroamento longitudinal;1;2;0;0;0;0;1
04/08/2012;21:47:00;647;sem vítima;151,5;BR-116/SP;Pista Sul;Colisão traseira;2;2;0;0;0;0;1
04/08/2012;07:30:00;119;com vítima;165;BR-116/SP;Pista Sul;Colisão traseira;1;1;1;0;0;0;1
04/08/2012;14:16:00;390;sem vítima;172,5;BR-116/RJ;Pista Sul;Abalroamento longitudinal;1;2;0;0;0;0;1
04/08/2012;09:24:00;210;com vítima;176,5;BR-116/RJ;Pista Norte;Colisão traseira;1;1;4;0;0;0;1
04/08/2012;06:57:00;105;com vítima;176,65;BR-116/RJ;Pista Norte;Choque em veículo parado na pista;1;1;1;0;0;0;1
04/08/2012;10:46:00;271;sem vítima;178,59;BR-116/RJ;Pista Sul;Abalroamento longitudinal;1;2;0;0;0;0;1
04/08/2012;16:38:00;464;sem vítima;196,4;BR-116/SP;Pista Norte;Abalroamento longitudinal;1;2;0;0;0;0;1
04/08/2012;10:07:00;239;sem vítima;208;BR-116/RJ;Pista Norte;Choque em objeto fixo;1;1;0;0;0;0;1
04/08/2012;16:27:00;458;sem vítima;216,7;BR-116/SP;Pista Sul;Tombamento;1;1;0;0;0;0;1
04/08/2012;05:22:00;69;sem vítima;220,4;BR-116/SP;Pista Norte;Colisão traseira;1;2;0;0;0;0;1
04/08/2012;02:57:00;40;sem vítima;259,4;BR-116/RJ;Pista Norte;Choque em objeto fixo;1;1;0;0;0;0;1
04/08/2012;07:59:00;140;sem vítima;316,8;BR-116/RJ;Pista Norte;Colisão traseira;1;2;0;0;0;0;1
05/08/2012;21:08:00;527;sem vítima;74,4;BR-116/SP;Pista Norte;Tombamento;1;1;0;0;0;0;1
05/08/2012;18:26:00;441;sem vítima;204;BR-116/SP;Pista Sul;Abalroamento longitudinal;1;6;0;0;0;0;1
05/08/2012;04:18:00;46;sem vítima;207,1;BR-116/RJ;Pista Sul;Tombamento;1;2;0;0;0;0;1
05/08/2012;22:24:00;556;sem vítima;216,05;BR-116/RJ;Pista Norte;Tombamento;1;1;0;0;0;0;1
05/08/2012;16:02:00;364;sem vítima;220;BR-116/RJ;Pista Sul;Choque em objeto fixo;1;1;0;0;0;0;1
05/08/2012;22:15:00;553;sem vítima;220,75;BR-116/RJ;Pista Norte;Outros;2;2;0;0;0;0;1
05/08/2012;14:44:00;321;sem vítima;224;BR-116/RJ;Pista Norte;Choque Talude;1;1;0;0;0;0;1
06/08/2012;02:03:00;48;sem vítima;35,7;BR-116/SP;Pista Sul;Atropelamento de animal;1;1;0;0;0;0;1
06/08/2012;18:58:00;657;com vítima;64,6;BR-116/SP;Pista Norte;Abalroamento longitudinal;1;4;1;1;0;0;2
06/08/2012;19:00:00;658;sem vítima;110,45;BR-116/SP;Pista Norte;Abalroamento longitudinal;1;2;0;0;0;0;1
06/08/2012;11:01:00;356;sem vítima;123,5;BR-116/SP;Pista Sul;Choque em veículo parado na pista;1;5;0;0;0;0;1
06/08/2012;08:53:00;244;com vítima;135,1;BR-116/SP;Pista Sul;Colisão traseira;2;1;1;0;0;0;1
06/08/2012;07:58:00;192;com vítima;140,1;BR-116/SP;Pista Sul;Abalroamento longitudinal;1;1;0;1;0;0;2
06/08/2012;09:51:00;299;sem vítima;146,9;BR-116/SP;Pista Sul;Abalroamento longitudinal;1;2;0;0;0;0;1
06/08/2012;06:18:00;110;sem vítima;149,49;BR-116/SP;Pista Sul;Colisão traseira;2;2;0;0;0;0;1
06/08/2012;16:13:00;544;sem vítima;172,8;BR-116/RJ;Pista Sul;Engavetamento;2;3;0;0;0;0;1
06/08/2012;11:15:00;363;sem vítima;174,3;BR-116/RJ;Pista Norte;Abalroamento longitudinal;1;25;0;0;0;0;1
06/08/2012;15:25:00;511;sem vítima;179,7;BR-116/RJ;Pista Norte;Colisão traseira;1;4;0;0;0;0;1
06/08/2012;09:45:00;292;sem vítima;185,75;BR-116/RJ;Pista Norte;Colisão traseira;1;2;0;0;0;0;1
06/08/2012;10:12:00;317;sem vítima;185,75;BR-116/RJ;Pista Norte;Abalroamento longitudinal;1;2;0;0;0;0;1
06/08/2012;13:18:00;447;com vítima;225,3;BR-116/SP;Pista Sul;Colisão traseira;1;3;1;0;0;0;1
06/08/2012;10:10:00;316;sem vítima;318,9;BR-116/RJ;Pista Norte;Colisão traseira;1;2;0;0;0;0;1
07/08/2012;16:37:00;515;sem vítima;64;BR-116/SP;Pista Sul;Choque em veículo parado na pista;1;2;0;0;0;0;1
07/08/2012;21:01:00;672;sem vítima;78,9;BR-116/SP;Pista Sul;Colisão traseira;1;3;0;0;0;0;1
07/08/2012;05:22:00;78;com vítima;96,98;BR-116/SP;Pista Norte;Tombamento;1;0;1;0;0;0;1
07/08/2012;22:38:00;716;sem vítima;165;BR-116/SP;Pista Sul;Colisão traseira;2;2;0;0;0;0;1
07/08/2012;17:13:00;532;sem vítima;167;BR-116/RJ;Pista Sul;Colisão traseira;1;2;0;0;0;0;1
07/08/2012;19:31:00;614;sem vítima;174,8;BR-116/RJ;Pista Sul;Abalroamento longitudinal;1;2;0;0;0;0;1
07/08/2012;15:01:00;456;sem vítima;178,1;BR-116/RJ;Pista Sul;Engavetamento;1;3;0;0;0;0;1
07/08/2012;02:59:00;47;sem vítima;183;BR-116/SP;Pista Sul;Colisão traseira;2;2;0;0;0;0;1
07/08/2012;22:09:00;709;sem vítima;212,3;BR-116/SP;Pista Sul;Abalroamento longitudinal;4;6;0;0;0;0;1
07/08/2012;13:25:00;409;sem vítima;216;BR-116/SP;Pista Sul;Abalroamento longitudinal;1;2;0;0;0;0;1
07/08/2012;21:20:00;685;sem vítima;227,4;BR-116/SP;Pista Norte;Engavetamento;1;7;0;0;0;0;1
07/08/2012;18:32:00;583;sem vítima;265;BR-116/RJ;Pista Norte;Choque em objeto na pista;2;3;0;0;0;0;1
07/08/2012;11:48:00;343;com vítima;281,52;BR-116/RJ;Pista Sul;Engavetamento;1;1;8;0;0;0;1
07/08/2012;18:40:00;590;sem vítima;304,75;BR-116/RJ;Pista Sul;Abalroamento longitudinal;1;2;0;0;0;0;1
08/08/2012;11:57:00;347;sem vítima;34;BR-116/SP;Pista Norte;Outros;1;1;0;0;0;0;1
08/08/2012;18:46:00;600;sem vítima;58,9;BR-116/SP;Pista Norte;Choque em objeto na pista;1;2;0;0;0;0;1
08/08/2012;14:51:00;436;com vítima;106,9;BR-116/SP;Pista Norte;Colisão traseira;1;2;1;0;0;0;1
08/08/2012;05:22:00;87;com vítima;131,75;BR-116/SP;Pista Sul;Colisão traseira;1;1;2;0;0;0;1
08/08/2012;20:30:00;677;sem vítima;155;BR-116/SP;Pista Sul;Abalroamento longitudinal;1;3;0;0;0;0;1
08/08/2012;22:35:00;740;com vítima;174,2;BR-116/SP;Pista Norte;Colisão traseira;2;1;1;0;0;0;1
08/08/2012;04:42:00;77;com vítima;192,6;BR-116/SP;Pista Norte;Colisão traseira;1;1;1;0;0;0;1
08/08/2012;13:11:00;382;com vítima;216,5;BR-116/SP;Pista Sul;Abalroamento longitudinal;1;1;1;0;0;0;1
08/08/2012;18:44:00;596;com vítima;220;BR-116/SP;Pista Norte;Colisão traseira;2;3;1;0;0;0;1
08/08/2012;23:50:00;774;sem vítima;227,7;BR-116/SP;Pista Sul;Colisão traseira;1;2;0;0;0;0;1
08/08/2012;11:41:00;331;sem vítima;239,2;BR-116/RJ;Pista Sul;Colisão traseira;2;2;0;0;0;0;1
08/08/2012;14:58:00;442;sem vítima;270;BR-116/RJ;Pista Norte;Abalroamento longitudinal;1;2;0;0;0;0;1
08/08/2012;13:26:00;395;com vítima;280,4;BR-116/RJ;Pista Sul;Engavetamento;1;2;2;0;0;0;1
09/08/2012;08:09:00;174;com vítima;144,3;BR-116/SP;Pista Sul;Engavetamento;2;3;1;0;0;0;1
09/08/2012;13:46:00;429;sem vítima;172,05;BR-116/SP;Pista Sul;Outros;1;1;0;0;0;0;1
09/08/2012;14:35:00;458;sem vítima;173,45;BR-116/RJ;Pista Sul;Colisão traseira;1;2;0;0;0;0;1
09/08/2012;16:33:00;534;com vítima;174,6;BR-116/RJ;Pista Norte;Abalroamento longitudinal;1;1;1;0;0;0;1
09/08/2012;13:10:00;415;sem vítima;202,6;BR-116/RJ;Pista Norte;Abalroamento longitudinal;2;2;0;0;0;0;1
09/08/2012;16:24:00;527;com vítima;215,3;BR-116/SP;Pista Sul;Abalroamento longitudinal;1;2;3;0;0;0;1
09/08/2012;22:58:00;770;sem vítima;220,8;BR-116/RJ;Pista Sul;Tombamento;1;1;0;0;0;0;1
09/08/2012;06:42:00;99;com vítima;225,7;BR-116/SP;Pista Sul;Abalroamento longitudinal;1;2;1;0;0;0;1
09/08/2012;22:00:00;736;com vítima;259,5;BR-116/RJ;Pista Norte;Colisão traseira;2;1;0;1;0;0;2
10/08/2012;06:16:00;94;sem vítima;31,15;BR-116/SP;Pista Norte;Choque em defensa;1;1;0;0;0;0;1
10/08/2012;10:11:00;319;sem vítima;115;BR-116/SP;Pista Sul;Outros;1;2;0;0;0;0;1
10/08/2012;11:41:00;380;sem vítima;149;BR-116/SP;Pista Sul;Choque em barreira New Jersey;1;1;0;0;0;0;1
10/08/2012;11:32:00;374;sem vítima;149,05;BR-116/SP;Pista Sul;Engavetamento;1;4;0;0;0;0;1
10/08/2012;09:25:00;272;sem vítima;168,3;BR-116/RJ;Pista Sul;Abalroamento longitudinal;1;4;0;0;0;0;1
10/08/2012;19:05:00;678;sem vítima;170,5;BR-116/RJ;Pista Sul;Colisão traseira;1;2;0;0;0;0;1
10/08/2012;10:52:00;345;sem vítima;199,3;BR-116/SP;Pista Sul;Abalroamento longitudinal;1;2;0;0;0;0;1
10/08/2012;20:19:00;734;com vítima;208,2;BR-116/RJ;Pista Norte;Abalroamento longitudinal;2;2;2;0;0;0;1
10/08/2012;08:31:00;219;sem vítima;211;BR-116/SP;Pista Sul;Colisão traseira;2;3;0;0;0;0;1
10/08/2012;12:30:00;406;sem vítima;211,4;BR-116/SP;Pista Norte;Choque em barreira New Jersey;1;2;0;0;0;0;1
10/08/2012;04:57:00;69;sem vítima;221,8;BR-116/SP;Pista Norte;Colisão traseira;1;6;0;0;0;0;1
10/08/2012;16:06:00;554;sem vítima;222,4;BR-116/SP;Pista Norte;Abalroamento longitudinal;1;3;0;0;0;0;1
10/08/2012;07:06:00;132;sem vítima;227,85;BR-116/RJ;Pista Norte;Abalroamento longitudinal;1;2;0;0;0;0;1
10/08/2012;04:25:00;66;sem vítima;250,8;BR-116/RJ;Pista Norte;Choque em objeto na pista;2;2;0;0;0;0;1
10/08/2012;17:33:00;609;com vítima;269;BR-116/RJ;Pista Norte;Choque em barreira New Jersey;1;0;3;0;0;0;1
10/08/2012;13:44:00;450;sem vítima;270,4;BR-116/RJ;Pista Norte;Colisão traseira;1;2;0;0;0;0;1
11/08/2012;14:47:00;427;sem vítima;3,6;BR-116/SP;Pista Sul;Choque em objeto na pista;1;1;0;0;0;0;1
11/08/2012;11:34:00;338;sem vítima;113;BR-116/SP;Pista Sul;Choque em barreira New Jersey;1;2;0;0;0;0;1
11/08/2012;22:07:00;669;com vítima;129,65;BR-116/SP;Pista Norte;Queda de moto;1;1;0;1;1;0;2
11/08/2012;14:22:00;411;sem vítima;147,5;BR-116/SP;Pista Sul;Engavetamento;2;4;0;0;0;0;1
11/08/2012;06:36:00;106;sem vítima;148,9;BR-116/SP;Pista Sul;Abalroamento longitudinal;1;4;0;0;0;0;1
11/08/2012;10:52:00;317;sem vítima;173,4;BR-116/RJ;Pista Sul;Abalroamento longitudinal;1;4;0;0;0;0;1
11/08/2012;10:40:00;305;sem vítima;174,95;BR-116/RJ;Pista Norte;Abalroamento longitudinal;1;3;0;0;0;0;1
11/08/2012;04:50:00;78;com vítima;177,05;BR-116/RJ;Pista Norte;Abalroamento transversal;1;1;1;1;0;0;2
11/08/2012;05:30:00;86;sem vítima;182;BR-116/SP;Pista Norte;Colisão traseira;1;4;0;0;0;0;1
11/08/2012;08:51:00;199;sem vítima;182;BR-116/SP;Pista Norte;Outros;1;1;0;0;0;0;1
11/08/2012;10:24:00;293;sem vítima;204,5;BR-116/SP;Pista Sul;Colisão traseira;1;4;0;0;0;0;1
11/08/2012;13:15:00;380;sem vítima;227,6;BR-116/SP;Pista Norte;Tombamento;1;1;0;0;0;0;1
11/08/2012;11:20:00;334;sem vítima;229,4;BR-116/SP;Pista Sul;Choque em objeto fixo;1;2;0;0;0;0;1
11/08/2012;05:32:00;87;com vítima;306,95;BR-116/RJ;Pista Norte;Colisão traseira;1;4;1;0;0;0;1
11/08/2012;17:10:00;506;sem vítima;318,9;BR-116/RJ;Pista Norte;Choque em veículo parado na pista;1;4;0;0;0;0;1
12/08/2012;19:08:00;521;sem vítima;179,8;BR-116/RJ;Pista Norte;Abalroamento longitudinal;1;2;0;0;0;0;1
12/08/2012;04:15:00;57;com vítima;210,9;BR-116/SP;Pista Norte;Colisão traseira;1;1;1;0;0;0;1
13/08/2012;07:58:00;195;com vítima;81,4;BR-116/SP;Pista Norte;Colisão traseira;2;1;0;0;0;1;3
13/08/2012;04:22:00;79;sem vítima;97,7;BR-116/SP;Pista Sul;Abalroamento longitudinal;1;2;0;0;0;0;1
13/08/2012;17:15:00;568;sem vítima;173,5;BR-116/RJ;Pista Sul;Abalroamento longitudinal;1;2;0;0;0;0;1
13/08/2012;12:28:00;399;com vítima;178,95;BR-116/RJ;Pista Sul;Capotamento;1;1;1;0;0;0;1
13/08/2012;12:45:00;409;com vítima;188,4;BR-116/RJ;Pista Norte;Colisão traseira;1;1;1;0;0;0;1
13/08/2012;23:49:00;752;sem vítima;207;BR-116/RJ;Pista Norte;Outros;1;1;0;0;0;0;1
13/08/2012;14:33:00;470;sem vítima;213,7;BR-116/SP;Pista Sul;Abalroamento longitudinal;1;3;0;0;0;0;1
13/08/2012;10:48:00;327;sem vítima;229,8;BR-116/SP;Pista Sul;Engavetamento;1;6;0;0;0;0;1
13/08/2012;16:46:00;547;sem vítima;234,7;BR-116/RJ;Pista Norte;Colisão traseira;1;2;0;0;0;0;1
13/08/2012;14:57:00;481;com vítima;240,3;BR-116/RJ;Pista Norte;Tombamento;1;0;1;0;0;0;1
13/08/2012;14:32:00;468;sem vítima;255,05;BR-116/RJ;Pista Sul;Tombamento;1;1;0;0;0;0;1
14/08/2012;21:44:00;748;sem vítima;23,85;BR-116/SP;Pista Sul;Abalroamento longitudinal;1;5;0;0;0;0;1
14/08/2012;20:01:00;702;sem vítima;113,7;BR-116/SP;Pista Sul;Choque em barreira New Jersey;1;3;0;0;0;0;1
14/08/2012;01:40:00;19;sem vítima;184,1;BR-116/RJ;Pista Norte;Abalroamento longitudinal;1;2;0;0;0;0;1
14/08/2012;21:19:00;737;sem vítima;189;BR-116/SP;Pista Sul;Choque em objeto na pista;1;1;0;0;0;0;1
14/08/2012;16:21:00;562;sem vítima;220,3;BR-116/RJ;Pista Sul;Tombamento;1;1;0;0;0;0;1
14/08/2012;12:48:00;407;sem vítima;230,4;BR-116/SP;Pista Sul;Colisão traseira;1;4;0;0;0;0;1
14/08/2012;16:00:00;552;sem vítima;232,2;BR-116/RJ;Pista Norte;Abalroamento longitudinal;1;4;0;0;0;0;1
14/08/2012;16:50:00;582;sem vítima;292,5;BR-116/RJ;Pista Sul;Abalroamento longitudinal;1;2;0;0;0;0;1
15/08/2012;02:06:00;31;sem vítima;33,1;BR-116/SP;Pista Norte;Choque em objeto fixo;1;1;0;0;0;0;1
15/08/2012;05:51:00;79;com vítima;165,3;BR-116/RJ;Pista Norte;Choque em veículo parado na pista;1;1;1;0;0;0;1
15/08/2012;10:17:00;294;sem vítima;166,8;BR-116/RJ;Pista Sul;Colisão traseira;1;2;0;0;0;0;1
15/08/2012;16:23:00;531;sem vítima;182;BR-116/SP;Pista Norte;Colisão traseira;2;2;0;0;0;0;1
15/08/2012;18:07:00;611;sem vítima;196,3;BR-116/RJ;Pista Norte;Abalroamento longitudinal;1;3;0;0;0;0;1
15/08/2012;02:39:00;40;sem vítima;209,3;BR-116/SP;Pista Sul;Colisão traseira;1;2;0;0;0;0;1
15/08/2012;07:44:00;148;com vítima;220,45;BR-116/RJ;Pista Norte;Tombamento;1;0;1;0;0;0;1
15/08/2012;17:06:00;559;sem vítima;226,4;BR-116/RJ;Pista Norte;Abalroamento longitudinal;1;36;0;0;0;0;1
15/08/2012;11:26:00;338;sem vítima;227,65;BR-116/SP;Pista Norte;Abalroamento longitudinal;1;2;0;0;0;0;1