data;horario;n_da_ocorrencia;tipo_de_ocorrencia;km;trecho;sentido;tipo_de_acidente;caminhao;ilesos;levemente_feridos;moderadamente_feridos;gravemente_feridos;mortos;3
15/08/2012;09:47:00;268;sem vítima;230,3;BR-116/SP;Pista Sul;Engavetamento;1;8;0;0;0;0;1
15/08/2012;15:20:00;483;sem vítima;283,7;BR-116/RJ;Pista Norte;Choque em objeto fixo;1;3;0;0;0;0;1
15/08/2012;15:48:00;504;sem vítima;288,8;BR-116/RJ;Pista Norte;Abalroamento longitudinal;1;2;0;0;0;0;1
16/08/2012;20:20:00;715;sem vítima;12,9;BR-116/SP;Pista Sul;Engavetamento;2;3;0;0;0;0;1
16/08/2012;16:08:00;542;sem vítima;33,8;BR-116/SP;Pista Sul;Outros;1;1;0;0;0;0;1
16/08/2012;00:37:00;16;sem vítima;86,95;BR-116/SP;Pista Norte;Choque em veículo parado na pista;2;2;0;0;0;0;1
16/08/2012;23:50:00;814;sem vítima;145,4;BR-116/SP;Pista Norte;Colisão traseira;1;2;0;0;0;0;1
16/08/2012;16:08:00;541;sem vítima;167,45;BR-116/RJ;Pista Sul;Abalroamento longitudinal;1;2;0;0;0;0;1
16/08/2012;15:38:00;517;com vítima;167,8;BR-116/RJ;Pista Sul;Colisão traseira;1;1;1;0;0;0;1
16/08/2012;00:08:00;6;com vítima;168,2;BR-116/SP;Pista Sul;Choque em barreira New Jersey;1;0;1;0;0;0;1
16/08/2012;16:26:00;561;sem vítima;172,4;BR-116/RJ;Pista Sul;Engavetamento;1;37;0;0;0;0;1
16/08/2012;21:05:00;736;sem vítima;173,55;BR-116/RJ;Pista Sul;Abalroamento longitudinal;1;2;0;0;0;0;1
16/08/2012;15:35:00;514;sem vítima;177,44;BR-116/RJ;Pista Sul;Engavetamento;3;4;0;0;0;0;1
16/08/2012;22:47:00;788;com vítima;183,4;BR-116/RJ;Pista Sul;Colisão traseira;1;2;0;3;0;0;2
16/08/2012;04:47:00;73;sem vítima;212,8;BR-116/RJ;Pista Norte;Abalroamento longitudinal;1;2;0;0;0;0;1
16/08/2012;15:39:00;518;com vítima;242;BR-116/RJ;Pista Sul;Colisão traseira;1;1;1;0;0;0;1
17/08/2012;07:03:00;138;com vítima;70,6;BR-116/SP;Pista Sul;Colisão traseira;1;3;1;0;0;0;1
17/08/2012;06:49:00;128;com vítima;99,1;BR-116/SP;Pista Sul;Abalroamento longitudinal;2;1;1;0;0;0;1
17/08/2012;16:50:00;575;sem vítima;138,8;BR-116/SP;Pista Norte;Choque em objeto na pista;1;2;0;0;0;0;1
17/08/2012;09:19:00;272;sem vítima;146,6;BR-116/SP;Pista Sul;Colisão traseira;1;2;0;0;0;0;1
17/08/2012;19:41:00;702;sem vítima;164,1;BR-116/RJ;Pista Sul;Colisão traseira;1;2;0;0;0;0;1
17/08/2012;20:31:00;734;sem vítima;171,5;BR-116/RJ;Pista Sul;Abalroamento longitudinal;1;2;0;0;0;0;1
17/08/2012;07:31:00;164;sem vítima;177;BR-116/RJ;Pista Norte;Colisão traseira;2;2;0;0;0;0;1
17/08/2012;01:54:00;37;com vítima;178,4;BR-116/RJ;Pista Norte;Colisão traseira;1;1;2;0;0;0;1
17/08/2012;08:31:00;223;sem vítima;179,5;BR-116/SP;Pista Sul;Outros;1;1;0;0;0;0;1
17/08/2012;06:14:00;101;sem vítima;187,2;BR-116/SP;Pista Norte;Colisão traseira;2;2;0;0;0;0;1
17/08/2012;16:37:00;565;com vítima;203,65;BR-116/SP;Pista Sul;Colisão traseira;1;2;0;1;0;0;2
17/08/2012;11:05:00;355;com vítima;269,9;BR-116/RJ;Pista Norte;Outros;2;3;1;0;0;0;1
17/08/2012;04:47:00;67;sem vítima;276,3;BR-116/RJ;Pista Norte;Abalroamento longitudinal;1;2;0;0;0;0;1
17/08/2012;15:32:00;524;sem vítima;282,79;BR-116/RJ;Pista Norte;Colisão traseira;1;2;0;0;0;0;1
17/08/2012;14:13:00;470;sem vítima;285,75;BR-116/RJ;Pista Sul;Abalroamento longitudinal;1;2;0;0;0;0;1
17/08/2012;07:44:00;176;com vítima;330,05;BR-116/RJ;Pista Norte;Colisão traseira;2;1;0;1;1;1;3
18/08/2012;08:59:00;232;com vítima;69,45;BR-116/SP;Pista Norte;Abalroamento longitudinal;1;4;1;0;0;0;1
18/08/2012;08:47:00;223;sem vítima;86,8;BR-116/SP;Pista Sul;Choque em objeto fixo;1;1;0;0;0;0;1
18/08/2012;01:22:00;34;sem vítima;139,7;BR-116/SP;Pista Norte;Colisão traseira;1;2;0;0;0;0;1
18/08/2012;03:18:00;60;sem vítima;169;BR-116/RJ;Pista Norte;Colisão traseira;1;2;0;0;0;0;1
18/08/2012;08:04:00;183;sem vítima;211,7;BR-116/SP;Pista Sul;Abalroamento longitudinal;1;5;0;0;0;0;1
18/08/2012;16:20:00;505;sem vítima;214,7;BR-116/SP;Pista Norte;Engavetamento;1;12;0;0;0;0;1
18/08/2012;14:33:00;428;sem vítima;217,5;BR-116/RJ;Pista Sul;Choque em barreira New Jersey;1;1;0;0;0;0;1
18/08/2012;06:38:00;122;sem vítima;273;BR-116/RJ;Pista Sul;Outros;1;1;0;0;0;0;1
19/08/2012;14:04:00;320;sem vítima;195;BR-116/RJ;Pista Norte;Colisão traseira;1;2;0;0;0;0;1
19/08/2012;19:55:00;555;sem vítima;208;BR-116/RJ;Pista Norte;Choque em objeto fixo;1;1;0;0;0;0;1
19/08/2012;13:06:00;288;sem vítima;222,65;BR-116/RJ;Pista Norte;Colisão traseira;2;2;0;0;0;0;1
19/08/2012;09:09:00;170;com vítima;269,7;BR-116/RJ;Pista Norte;Tombamento;1;0;1;0;0;0;1
20/08/2012;20:50:00;707;sem vítima;96,8;BR-116/SP;Pista Sul;Choque em objeto na pista;1;9;0;0;0;0;1
20/08/2012;22:49:00;756;sem vítima;163,3;BR-116/RJ;Pista Sul;Colisão traseira;1;7;0;0;0;0;1
20/08/2012;17:21:00;562;sem vítima;165,2;BR-116/RJ;Pista Sul;Engavetamento;1;5;0;0;0;0;1
20/08/2012;12:11:00;361;sem vítima;171,2;BR-116/RJ;Pista Sul;Colisão traseira;1;3;0;0;0;0;1
20/08/2012;10:39:00;306;sem vítima;175,4;BR-116/RJ;Pista Sul;Choque em barreira New Jersey;1;2;0;0;0;0;1
20/08/2012;16:39:00;531;com vítima;204;BR-116/SP;Pista Sul;Colisão traseira;1;30;1;0;0;0;1
20/08/2012;07:35:00;141;sem vítima;205,4;BR-116/SP;Pista Sul;Engavetamento;2;41;0;0;0;0;1
20/08/2012;08:54:00;216;sem vítima;209,7;BR-116/SP;Pista Sul;Abalroamento longitudinal;1;5;0;0;0;0;1
20/08/2012;11:28:00;343;com vítima;225;BR-116/SP;Pista Sul;Abalroamento longitudinal;1;3;1;0;0;0;1
20/08/2012;15:37:00;483;sem vítima;228;BR-116/SP;Pista Norte;Abalroamento longitudinal;1;3;0;0;0;0;1
20/08/2012;10:15:00;288;com vítima;242,4;BR-116/RJ;Pista Norte;Atropelamento de pedestre atravessando;1;1;0;0;0;1;3
20/08/2012;11:18:00;333;sem vítima;242,55;BR-116/RJ;Pista Norte;Colisão traseira;1;2;0;0;0;0;1
21/08/2012;12:51:00;413;sem vítima;85;BR-116/SP;Pista Norte;Outros;1;1;0;0;0;0;1
21/08/2012;09:03:00;243;sem vítima;132,4;BR-116/SP;Pista Sul;Colisão traseira;2;2;0;0;0;0;1
21/08/2012;08:36:00;220;sem vítima;140,6;BR-116/SP;Pista Sul;Abalroamento longitudinal;2;2;0;0;0;0;1
21/08/2012;10:59:00;335;com vítima;158,75;BR-116/SP;Pista Sul;Tombamento;1;0;1;0;0;0;1
21/08/2012;17:33:00;608;sem vítima;173,5;BR-116/RJ;Pista Sul;Abalroamento longitudinal;1;2;0;0;0;0;1
21/08/2012;15:20:00;518;sem vítima;175;BR-116/RJ;Pista Sul;Colisão traseira;1;2;0;0;0;0;1
21/08/2012;15:49:00;538;sem vítima;175;BR-116/RJ;Pista Norte;Abalroamento longitudinal;1;2;0;0;0;0;1
21/08/2012;14:46:00;490;com vítima;199,5;BR-116/RJ;Pista Sul;Choque em veículo parado na pista;2;1;0;0;0;1;3
21/08/2012;15:21:00;520;sem vítima;202,4;BR-116/SP;Pista Norte;Abalroamento longitudinal;2;2;0;0;0;0;1
21/08/2012;15:32:00;527;com vítima;216,7;BR-116/SP;Pista Sul;Choque em barreira New Jersey;1;3;1;0;0;0;1
21/08/2012;12:23:00;397;com vítima;225,1;BR-116/SP;Pista Sul;Engavetamento;2;2;1;0;0;0;1
21/08/2012;07:21:00;147;sem vítima;275,4;BR-116/RJ;Pista Sul;Colisão traseira;1;2;0;0;0;0;1
22/08/2012;01:48:00;24;sem vítima;57,5;BR-116/SP;Pista Norte;Colisão traseira;1;4;0;0;0;0;1
22/08/2012;00:24:00;4;sem vítima;94,7;BR-116/SP;Pista Sul;Outros;1;1;0;0;0;0;1
22/08/2012;11:37:00;354;sem vítima;114,4;BR-116/SP;Pista Sul;Colisão traseira;2;2;0;0;0;0;1
22/08/2012;07:03:00;110;sem vítima;134,8;BR-116/SP;Pista Sul;Abalroamento longitudinal;1;2;0;0;0;0;1
22/08/2012;03:51:00;45;sem vítima;175,5;BR-116/RJ;Pista Norte;Abalroamento longitudinal;1;3;0;0;0;0;1
22/08/2012;10:23:00;301;sem vítima;225,7;BR-116/RJ;Pista Norte;Tombamento;1;1;0;0;0;0;1
22/08/2012;11:22:00;341;sem vítima;225,75;BR-116/RJ;Pista Norte;Choque em barreira New Jersey;1;1;0;0;0;0;1
22/08/2012;01:30:00;18;com vítima;261,03;BR-116/RJ;Pista Norte;Colisão traseira;2;1;1;0;0;0;1
22/08/2012;05:50:00;74;sem vítima;264,8;BR-116/RJ;Pista Norte;Colisão traseira;1;2;0;0;0;0;1
22/08/2012;16:31:00;543;com vítima;275,7;BR-116/RJ;Pista Norte;Tombamento;1;0;0;0;1;0;2
22/08/2012;06:16:00;84;com vítima;280,9;BR-116/RJ;Pista Sul;Queda de ribanceira;1;0;0;1;0;0;2
23/08/2012;03:09:00;58;sem vítima;4,6;BR-116/SP;Pista Sul;Choque em objeto na pista;1;1;0;0;0;0;1
23/08/2012;18:35:00;606;sem vítima;114;BR-116/SP;Pista Sul;Engavetamento;3;3;0;0;0;0;1
23/08/2012;07:12:00;138;com vítima;116,2;BR-116/SP;Pista Sul;Atropelamento de pedestre atravessando;1;1;0;1;0;0;2
23/08/2012;15:16:00;471;com vítima;126,8;BR-116/SP;Pista Sul;Colisão traseira;1;2;4;0;0;0;1
23/08/2012;10:52:00;325;sem vítima;149;BR-116/SP;Pista Sul;Colisão traseira;2;4;0;0;0;0;1
23/08/2012;09:37:00;274;sem vítima;168,6;BR-116/RJ;Pista Sul;Abalroamento longitudinal;1;2;0;0;0;0;1
23/08/2012;12:44:00;389;sem vítima;173,5;BR-116/RJ;Pista Sul;Colisão traseira;1;2;0;0;0;0;1
23/08/2012;13:36:00;407;sem vítima;173,5;BR-116/SP;Pista Norte;Capotamento;1;3;0;0;0;0;1
23/08/2012;11:29:00;349;sem vítima;175,1;BR-116/RJ;Pista Norte;Colisão traseira;1;2;0;0;0;0;1
23/08/2012;16:44:00;532;com vítima;205,6;BR-116/RJ;Pista Norte;Tombamento;1;0;0;1;0;0;2
23/08/2012;13:53:00;415;sem vítima;214;BR-116/SP;Pista Norte;Choque em barreira New Jersey;1;3;0;0;0;0;1
23/08/2012;09:09:00;251;sem vítima;223,4;BR-116/RJ;Pista Norte;Colisão traseira;2;2;0;0;0;0;1
23/08/2012;20:49:00;695;com vítima;230,4;BR-116/RJ;Pista Sul;Colisão traseira;3;2;1;2;0;0;2
23/08/2012;05:13:00;88;com vítima;297,5;BR-116/RJ;Pista Norte;Colisão traseira;2;1;0;0;0;1;3
23/08/2012;21:40:00;718;sem vítima;302,5;BR-116/RJ;Pista Sul;Abalroamento longitudinal;1;2;0;0;0;0;1
24/08/2012;16:17:00;548;sem vítima;25,5;BR-116/SP;Pista Sul;Colisão traseira;1;2;0;0;0;0;1
24/08/2012;14:10:00;449;sem vítima;62,5;BR-116/SP;Pista Sul;Engavetamento;1;5;0;0;0;0;1
24/08/2012;08:03:00;173;sem vítima;147,8;BR-116/SP;Pista Norte;Colisão traseira;1;2;0;0;0;0;1
24/08/2012;15:16:00;504;sem vítima;162,6;BR-116/SP;Pista Norte;Outros;1;1;0;0;0;0;1
24/08/2012;14:54:00;482;sem vítima;168,8;BR-116/SP;Pista Sul;Colisão traseira;2;3;0;0;0;0;1
24/08/2012;16:25:00;554;sem vítima;172,7;BR-116/RJ;Pista Sul;Abalroamento longitudinal;1;2;0;0;0;0;1
24/08/2012;23:14:00;782;sem vítima;175,4;BR-116/RJ;Pista Sul;Abalroamento longitudinal;1;3;0;0;0;0;1
24/08/2012;01:22:00;25;sem vítima;192,3;BR-116/RJ;Pista Sul;Colisão traseira;1;2;0;0;0;0;1
24/08/2012;03:47:00;45;sem vítima;230,5;BR-116/SP;Pista Sul;Colisão traseira;1;3;0;0;0;0;1
24/08/2012;01:37:00;28;com vítima;277,5;BR-116/RJ;Pista Norte;Capotamento;1;1;2;0;0;0;1
24/08/2012;10:06:00;285;sem vítima;283,4;BR-116/RJ;Pista Norte;Colisão traseira;2;2;0;0;0;0;1
24/08/2012;05:45:00;73;sem vítima;290,4;BR-116/RJ;Pista Norte;Choque em objeto na pista;1;2;0;0;0;0;1
24/08/2012;08:18:00;185;sem vítima;301,4;BR-116/RJ;Pista Sul;Colisão traseira;2;2;0;0;0;0;1
25/08/2012;06:08:00;104;sem vítima;78,3;BR-116/SP;Pista Sul;Colisão traseira;1;2;0;0;0;0;1
25/08/2012;00:58:00;22;sem vítima;94,3;BR-116/SP;Pista Sul;Abalroamento longitudinal;2;4;0;0;0;0;1
25/08/2012;22:51:00;677;sem vítima;163,9;BR-116/RJ;Pista Norte;Colisão traseira;2;2;0;0;0;0;1
25/08/2012;15:38:00;449;sem vítima;172,8;BR-116/RJ;Pista Norte;Colisão traseira;1;5;0;0;0;0;1
25/08/2012;12:53:00;347;sem vítima;175;BR-116/RJ;Pista Norte;Abalroamento longitudinal;1;2;0;0;0;0;1
25/08/2012;14:20:00;394;sem vítima;175;BR-116/RJ;Pista Norte;Engavetamento;2;5;0;0;0;0;1
25/08/2012;16:46:00;489;com vítima;206,85;BR-116/SP;Pista Sul;Colisão traseira;2;2;0;2;0;0;2
25/08/2012;02:47:00;57;sem vítima;209;BR-116/SP;Pista Norte;Colisão traseira;1;3;0;0;0;0;1
25/08/2012;06:33:00;121;com vítima;222,45;BR-116/RJ;Pista Norte;Tombamento;1;0;1;0;0;0;1
25/08/2012;20:21:00;605;sem vítima;229,3;BR-116/SP;Pista Sul;Abalroamento longitudinal;1;3;0;0;0;0;1
25/08/2012;15:35:00;445;sem vítima;229,6;BR-116/SP;Pista Norte;Abalroamento longitudinal;1;2;0;0;0;0;1
25/08/2012;23:24:00;688;sem vítima;230,8;BR-116/SP;Pista Norte;Abalroamento longitudinal;1;4;0;0;0;0;1
26/08/2012;09:32:00;203;sem vítima;66,65;BR-116/SP;Pista Sul;Abalroamento longitudinal;1;2;0;0;0;0;1
26/08/2012;20:50:00;619;sem vítima;86,95;BR-116/SP;Pista Norte;Colisão traseira;2;2;0;0;0;0;1
26/08/2012;09:46:00;213;sem vítima;111,7;BR-116/SP;Pista Sul;Choque em barreira New Jersey;2;7;0;0;0;0;1
26/08/2012;04:07:00;62;sem vítima;137,8;BR-116/SP;Pista Norte;Choque em veículo parado na pista;1;56;0;0;0;0;1
26/08/2012;22:56:00;674;sem vítima;205,1;BR-116/SP;Pista Sul;Abalroamento longitudinal;1;4;0;0;0;0;1
26/08/2012;21:33:00;639;com vítima;265,55;BR-116/RJ;Pista Norte;Colisão traseira;1;1;0;0;1;0;2
26/08/2012;19:36:00;571;sem vítima;274;BR-116/RJ;Pista Norte;Abalroamento longitudinal;1;3;0;0;0;0;1
26/08/2012;15:04:00;389;sem vítima;310,05;BR-116/RJ;Pista Sul;Abalroamento longitudinal;1;31;0;0;0;0;1
27/08/2012;06:07:00;76;sem vítima;140;BR-116/SP;Pista Norte;Engavetamento;1;3;0;0;0;0;1
27/08/2012;20:14:00;691;sem vítima;173,35;BR-116/RJ;Pista Sul;Abalroamento longitudinal;1;2;0;0;0;0;1
27/08/2012;15:44:00;523;sem vítima;174,9;BR-116/RJ;Pista Sul;Colisão traseira;1;2;0;0;0;0;1
27/08/2012;06:28:00;90;sem vítima;185,05;BR-116/RJ;Pista Norte;Engavetamento;1;40;0;0;0;0;1
27/08/2012;06:52:00;109;com vítima;185,05;BR-116/RJ;Pista Norte;Choque em veículo parado na pista;2;2;0;1;0;0;2
27/08/2012;02:57:00;41;sem vítima;299,05;BR-116/RJ;Pista Norte;Colisão traseira;2;2;0;0;0;0;1
27/08/2012;04:14:00;48;sem vítima;303;BR-116/RJ;Pista Norte;Colisão traseira;2;3;0;0;0;0;1
27/08/2012;22:11:00;736;com vítima;317;BR-116/RJ;Pista Sul;Colisão frontal;1;1;0;0;1;0;2
28/08/2012;20:50:00;647;sem vítima;86,8;BR-116/SP;Pista Sul;Outros;2;2;0;0;0;0;1
28/08/2012;01:52:00;10;sem vítima;106,45;BR-116/SP;Pista Norte;Colisão traseira;1;17;0;0;0;0;1
28/08/2012;15:18:00;467;sem vítima;113;BR-116/SP;Pista Norte;Abalroamento longitudinal;2;2;0;0;0;0;1
28/08/2012;05:47:00;68;sem vítima;119;BR-116/SP;Pista Norte;Choque em defensa;1;1;0;0;0;0;1
28/08/2012;07:49:00;155;sem vítima;168,3;BR-116/RJ;Pista Sul;Abalroamento longitudinal;1;2;0;0;0;0;1
28/08/2012;09:45:00;278;sem vítima;168,3;BR-116/RJ;Pista Sul;Abalroamento longitudinal;1;2;0;0;0;0;1
28/08/2012;19:23:00;605;sem vítima;173,4;BR-116/RJ;Pista Sul;Abalroamento longitudinal;1;3;0;0;0;0;1
28/08/2012;18:30:00;575;sem vítima;181,6;BR-116/RJ;Pista Sul;Colisão frontal;1;2;0;0;0;0;1
28/08/2012;08:57:00;228;sem vítima;210,2;BR-116/SP;Pista Sul;Colisão traseira;1;2;0;0;0;0;1
28/08/2012;11:30:00;358;com vítima;216,15;BR-116/SP;Pista Sul;Engavetamento;2;41;2;0;0;0;1
28/08/2012;17:03:00;519;sem vítima;223;BR-116/RJ;Pista Norte;Choque Talude;1;1;0;0;0;0;1
28/08/2012;12:33:00;388;sem vítima;223,8;BR-116/RJ;Pista Norte;Tombamento;1;2;0;0;0;0;1
28/08/2012;03:06:00;35;sem vítima;225,7;BR-116/RJ;Pista Norte;Choque Talude;1;1;0;0;0;0;1
28/08/2012;18:02:00;560;com vítima;228;BR-116/SP;Pista Norte;Colisão traseira;1;0;0;2;0;0;2
28/08/2012;18:18:00;566;sem vítima;228,6;BR-116/SP;Pista Norte;Engavetamento;1;15;0;0;0;0;1
28/08/2012;00:53:00;4;sem vítima;251;BR-116/RJ;Pista Sul;Choque em objeto na pista;2;2;0;0;0;0;1
28/08/2012;20:40:00;644;sem vítima;266,2;BR-116/RJ;Pista Sul;Choque em barreira New Jersey;1;3;0;0;0;0;1
28/08/2012;16:30:00;500;com vítima;272,7;BR-116/RJ;Pista Sul;Choque em barreira New Jersey;1;0;0;1;0;0;2
28/08/2012;01:50:00;8;com vítima;332,15;BR-116/RJ;Pista Norte;Engavetamento;3;2;0;1;0;0;2
29/08/2012;21:05:00;737;sem vítima;30,2;BR-116/SP;Pista Sul;Colisão traseira;2;2;0;0;0;0;1
29/08/2012;01:32:00;21;com vítima;58,85;BR-116/SP;Pista Sul;Colisão traseira;2;1;0;1;1;0;2
29/08/2012;14:20:00;477;sem vítima;155;BR-116/SP;Pista Sul;Abalroamento longitudinal;2;34;0;0;0;0;1
29/08/2012;07:01:00;119;com vítima;156,8;BR-116/SP;Pista Sul;Atropelamento de pedestre atravessando;1;1;0;1;0;0;2
29/08/2012;00:15:00;6;sem vítima;165;BR-116/SP;Pista Sul;Choque em veículo parado na pista;1;2;0;0;0;0;1
29/08/2012;05:52:00;74;sem vítima;168,4;BR-116/RJ;Pista Norte;Engavetamento;1;4;0;0;0;0;1
29/08/2012;05:53:00;75;sem vítima;172;BR-116/SP;Pista Sul;Colisão traseira;2;2;0;0;0;0;1
29/08/2012;09:53:00;293;com vítima;172,3;BR-116/RJ;Pista Sul;Engavetamento;1;5;1;0;0;0;1
29/08/2012;19:30:00;685;sem vítima;177,3;BR-116/RJ;Pista Sul;Abalroamento longitudinal;1;2;0;0;0;0;1
30/08/2012;05:01:00;76;sem vítima;63,1;BR-116/SP;Pista Sul;Colisão traseira;2;4;0;0;0;0;1
30/08/2012;22:03:00;743;sem vítima;86,9;BR-116/SP;Pista Norte;Choque em objeto na pista;1;6;0;0;0;0;1
30/08/2012;01:08:00;17;com vítima;96,25;BR-116/SP;Pista Norte;Atropelamento de pedestre atravessando;2;2;0;0;0;1;3
30/08/2012;08:56:00;254;com vítima;137,5;BR-116/SP;Pista Norte;Tombamento;1;0;1;0;0;0;1
30/08/2012;02:31:00;39;sem vítima;168,4;BR-116/SP;Pista Sul;Outros;2;2;0;0;0;0;1
30/08/2012;16:08:00;526;sem vítima;171,2;BR-116/RJ;Pista Norte;Colisão traseira;1;2;0;0;0;0;1
30/08/2012;08:23:00;221;sem vítima;180,2;BR-116/RJ;Pista Norte;Colisão traseira;1;4;0;0;0;0;1
30/08/2012;12:33:00;382;com vítima;222;BR-116/SP;Pista Norte;Engavetamento;1;3;2;0;0;0;1
30/08/2012;15:25:00;496;sem vítima;225,5;BR-116/SP;Pista Norte;Abalroamento longitudinal;1;3;0;0;0;0;1
30/08/2012;12:20:00;374;sem vítima;231;BR-116/SP;Pista Sul;Colisão traseira;1;2;0;0;0;0;1
30/08/2012;12:41:00;387;sem vítima;265,4;BR-116/RJ;Pista Norte;Colisão traseira;1;2;0;0;0;0;1
30/08/2012;15:42:00;508;sem vítima;296;BR-116/RJ;Pista Sul;Colisão traseira;1;2;0;0;0;0;1
30/08/2012;08:28:00;229;sem vítima;297,15;BR-116/RJ;Pista Sul;Outros;1;1;0;0;0;0;1
31/08/2012;02:31:00;55;sem vítima;72,3;BR-116/SP;Pista Norte;Choque em veículo parado na pista;2;2;0;0;0;0;1
31/08/2012;05:35:00;103;com vítima;81,55;BR-116/SP;Pista Sul;Colisão traseira;2;7;3;0;0;0;1
31/08/2012;20:33:00;734;com vítima;86;BR-116/SP;Pista Sul;Queda de moto;1;1;0;1;0;0;2
31/08/2012;15:37:00;522;sem vítima;139,9;BR-116/SP;Pista Sul;Abalroamento longitudinal;1;2;0;0;0;0;1
31/08/2012;18:42:00;656;sem vítima;142,5;BR-116/SP;Pista Sul;Colisão traseira;1;2;0;0;0;0;1
31/08/2012;18:21:00;644;sem vítima;147,3;BR-116/SP;Pista Norte;Colisão traseira;2;3;0;0;0;0;1
31/08/2012;22:41:00;806;com vítima;172;BR-116/RJ;Pista Norte;Choque em barreira New Jersey;1;1;1;0;0;0;1
31/08/2012;23:06:00;814;sem vítima;173,4;BR-116/RJ;Pista Sul;Abalroamento longitudinal;1;2;0;0;0;0;1
31/08/2012;21:01:00;755;sem vítima;173,5;BR-116/RJ;Pista Sul;Abalroamento longitudinal;1;2;0;0;0;0;1
31/08/2012;10:10:00;317;sem vítima;186;BR-116/SP;Pista Norte;Colisão traseira;1;2;0;0;0;0;1
31/08/2012;09:46:00;295;sem vítima;218,8;BR-116/SP;Pista Norte;Colisão traseira;1;5;0;0;0;0;1
31/08/2012;23:06:00;815;com vítima;226,9;BR-116/SP;Pista Norte;Colisão traseira;2;1;0;1;0;0;2
31/08/2012;08:26:00;240;sem vítima;226,9;BR-116/RJ;Pista Norte;Abalroamento longitudinal;2;3;0;0;0;0;1
31/08/2012;14:17:00;472;sem vítima;227,5;BR-116/SP;Pista Norte;Colisão traseira;1;2;0;0;0;0;1
31/08/2012;22:37:00;803;com vítima;227,8;BR-116/SP;Pista Sul;Colisão traseira;1;2;0;1;0;0;2
31/08/2012;13:56:00;462;com vítima;271,6;BR-116/RJ;Pista Sul;Colisão traseira;1;1;1;0;0;0;1
31/08/2012;12:50:00;420;sem vítima;305;BR-116/RJ;Pista Norte;Abalroamento longitudinal;1;2;0;0;0;0;1
01/09/2012;12:27:00;337;sem vítima;29,38;BR-116/SP;Pista Norte;Choque em barreira New Jersey;1;1;0;0;0;0;1
01/09/2012;01:10:00;25;sem vítima;52,95;BR-116/SP;Pista Sul;Choque em veículo parado na pista;2;2;0;0;0;0;1
01/09/2012;01:16:00;26;com vítima;121,95;BR-116/SP;Pista Sul;Engavetamento;3;2;0;0;1;0;2
01/09/2012;06:46:00;122;sem vítima;151,7;BR-116/SP;Pista Sul;Choque em objeto fixo;1;1;0;0;0;0;1
01/09/2012;04:20:00;73;com vítima;165,2;BR-116/RJ;Pista Sul;Atropelamento de pedestre atravessando;1;1;0;0;1;0;2
01/09/2012;11:48:00;313;sem vítima;173,4;BR-116/RJ;Pista Sul;Colisão traseira;1;2;0;0;0;0;1
01/09/2012;05:44:00;88;sem vítima;195,6;BR-116/SP;Pista Sul;Colisão traseira;2;3;0;0;0;0;1
01/09/2012;09:39:00;237;sem vítima;201,65;BR-116/SP;Pista Norte;Abalroamento longitudinal;1;2;0;0;0;0;1
01/09/2012;11:54:00;318;sem vítima;227,7;BR-116/SP;Pista Norte;Abalroamento longitudinal;1;3;0;0;0;0;1
02/09/2012;23:02:00;579;sem vítima;163,8;BR-116/RJ;Pista Sul;Abalroamento longitudinal;1;2;0;0;0;0;1
02/09/2012;22:50:00;571;com vítima;187,8;BR-116/RJ;Pista Norte;Colisão traseira;1;5;1;0;0;0;1
02/09/2012;10:33:00;203;sem vítima;211,7;BR-116/SP;Pista Norte;Colisão traseira;2;2;0;0;0;0;1
02/09/2012;21:52:00;556;sem vítima;302,5;BR-116/RJ;Pista Norte;Abalroamento longitudinal;1;5;0;0;0;0;1
03/09/2012;07:52:00;153;sem vítima;34;BR-116/SP;Pista Sul;Choque em objeto fixo;1;1;0;0;0;0;1
03/09/2012;09:32:00;238;sem vítima;101,5;BR-116/SP;Pista Norte;Colisão traseira;1;6;0;0;0;0;1
03/09/2012;07:56:00;157;sem vítima;111,4;BR-116/SP;Pista Sul;Engavetamento;1;4;0;0;0;0;1
03/09/2012;08:39:00;196;sem vítima;113,2;BR-116/SP;Pista Sul;Engavetamento;1;4;0;0;0;0;1
03/09/2012;05:48:00;75;com vítima;117,1;BR-116/SP;Pista Sul;Colisão traseira;2;1;0;0;0;1;3
03/09/2012;23:50:00;763;sem vítima;146,34;BR-116/SP;Pista Norte;Choque em objeto fixo;1;1;0;0;0;0;1
03/09/2012;09:56:00;251;sem vítima;168,42;BR-116/RJ;Pista Sul;Abalroamento longitudinal;1;2;0;0;0;0;1
03/09/2012;08:02:00;162;sem vítima;187,8;BR-116/RJ;Pista Sul;Choque em objeto na pista;1;4;0;0;0;0;1
03/09/2012;06:58:00;107;sem vítima;209,8;BR-116/SP;Pista Sul;Colisão traseira;1;3;0;0;0;0;1
03/09/2012;01:14:00;17;sem vítima;318;BR-116/RJ;Pista Norte;Colisão traseira;1;2;0;0;0;0;1
04/09/2012;07:40:00;184;sem vítima;167;BR-116/SP;Pista Norte;Colisão traseira;1;2;0;0;0;0;1
04/09/2012;04:15:00;72;com vítima;167,23;BR-116/RJ;Pista Norte;Choque em veículo parado na pista;1;5;1;0;0;0;1
04/09/2012;18:42:00;623;sem vítima;173,3;BR-116/RJ;Pista Sul;Abalroamento longitudinal;1;2;0;0;0;0;1
04/09/2012;18:17:00;606;sem vítima;173,4;BR-116/RJ;Pista Sul;Abalroamento longitudinal;1;4;0;0;0;0;1
04/09/2012;19:22:00;643;sem vítima;173,6;BR-116/RJ;Pista Sul;Abalroamento longitudinal;1;2;0;0;0;0;1
04/09/2012;02:14:00;43;sem vítima;204,5;BR-116/SP;Pista Norte;Choque em objeto fixo;1;1;0;0;0;0;1
04/09/2012;14:43:00;472;sem vítima;219;BR-116/SP;Pista Sul;Colisão traseira;1;2;0;0;0;0;1