data;horario;n_da_ocorrencia;tipo_de_ocorrencia;km;trecho;sentido;tipo_de_acidente;caminhao;ilesos;levemente_feridos;moderadamente_feridos;gravemente_feridos;mortos;3
18/10/2012;18:54:00;638;com vítima;68,75;BR-116/SP;Pista Sul;Atropelamento de pedestre atravessando;1;1;0;0;0;1;3
18/10/2012;20:06:00;670;com vítima;109,25;BR-116/SP;Pista Norte;Engavetamento;2;4;1;0;0;0;1
18/10/2012;21:43:00;717;sem vítima;109,25;BR-116/SP;Pista Norte;Abalroamento longitudinal;1;2;0;0;0;0;1
18/10/2012;02:40:00;31;sem vítima;119,5;BR-116/SP;Pista Norte;Choque em objeto na pista;1;1;0;0;0;0;1
18/10/2012;22:50:00;744;sem vítima;169,6;BR-116/RJ;Pista Sul;Abalroamento longitudinal;1;2;0;0;0;0;1
18/10/2012;06:55:00;107;com vítima;174,65;BR-116/RJ;Pista Norte;Abalroamento longitudinal;1;1;0;1;0;0;2
18/10/2012;11:36:00;323;sem vítima;175;BR-116/RJ;Pista Norte;Abalroamento longitudinal;1;2;0;0;0;0;1
18/10/2012;14:38:00;450;sem vítima;175;BR-116/RJ;Pista Norte;Abalroamento longitudinal;1;2;0;0;0;0;1
18/10/2012;01:47:00;24;com vítima;200,2;BR-116/SP;Pista Norte;Colisão traseira;2;1;1;0;0;0;1
18/10/2012;19:03:00;644;com vítima;221,8;BR-116/SP;Pista Sul;Abalroamento longitudinal;1;2;1;0;0;0;1
18/10/2012;15:31:00;485;sem vítima;222,8;BR-116/RJ;Pista Sul;Abalroamento longitudinal;1;2;0;0;0;0;1
18/10/2012;08:32:00;199;com vítima;225,8;BR-116/RJ;Pista Norte;Tombamento;1;0;1;0;0;0;1
18/10/2012;08:44:00;211;sem vítima;274,3;BR-116/RJ;Pista Norte;Abalroamento longitudinal;1;3;0;0;0;0;1
19/10/2012;04:08:00;55;sem vítima;70,8;BR-116/SP;Pista Sul;Choque em defensa;1;1;0;0;0;0;1
19/10/2012;05:20:00;75;sem vítima;107,3;BR-116/SP;Pista Sul;Colisão traseira;1;2;0;0;0;0;1
19/10/2012;18:17:00;635;sem vítima;165,5;BR-116/SP;Pista Sul;Colisão traseira;1;2;0;0;0;0;1
19/10/2012;14:24:00;485;com vítima;179,4;BR-116/RJ;Pista Norte;Choque em objeto na pista;1;1;1;0;0;0;1
19/10/2012;20:40:00;724;sem vítima;182,5;BR-116/SP;Pista Norte;Colisão traseira;2;2;0;0;0;0;1
19/10/2012;13:48:00;458;sem vítima;195,8;BR-116/SP;Pista Sul;Colisão traseira;2;2;0;0;0;0;1
19/10/2012;10:35:00;341;sem vítima;201,1;BR-116/RJ;Pista Norte;Choque em defensa;1;3;0;0;0;0;1
19/10/2012;22:18:00;801;sem vítima;221,5;BR-116/SP;Pista Sul;Abalroamento longitudinal;1;3;0;0;0;0;1
19/10/2012;22:10:00;794;com vítima;221,65;BR-116/SP;Pista Sul;Engavetamento;2;2;1;0;0;0;1
19/10/2012;20:46:00;729;sem vítima;222,5;BR-116/SP;Pista Norte;Abalroamento longitudinal;1;4;0;0;0;0;1
19/10/2012;05:10:00;70;sem vítima;222,8;BR-116/RJ;Pista Norte;Engavetamento;2;5;0;0;0;0;1
19/10/2012;06:56:00;125;sem vítima;226;BR-116/RJ;Pista Norte;Abalroamento longitudinal;2;5;0;0;0;0;1
19/10/2012;16:22:00;561;sem vítima;228,3;BR-116/SP;Pista Norte;Colisão traseira;1;2;0;0;0;0;1
19/10/2012;22:36:00;813;sem vítima;228,3;BR-116/RJ;Pista Sul;Engavetamento;2;5;0;0;0;0;1
19/10/2012;04:58:00;62;sem vítima;230,5;BR-116/RJ;Pista Norte;Choque em barreira New Jersey;1;1;0;0;0;0;1
19/10/2012;10:48:00;351;sem vítima;256;BR-116/RJ;Pista Sul;Abalroamento longitudinal;2;2;0;0;0;0;1
19/10/2012;02:04:00;34;com vítima;286,8;BR-116/RJ;Pista Norte;Choque em veículo parado na pista;2;0;2;0;0;0;1
19/10/2012;21:56:00;781;sem vítima;310,25;BR-116/RJ;Pista Norte;Abalroamento longitudinal;1;2;0;0;0;0;1
20/10/2012;02:27:00;52;sem vítima;41,95;BR-116/SP;Pista Sul;Colisão traseira;2;2;0;0;0;0;1
20/10/2012;19:37:00;624;sem vítima;149,5;BR-116/SP;Pista Sul;Abalroamento longitudinal;2;4;0;0;0;0;1
20/10/2012;15:49:00;494;sem vítima;155;BR-116/SP;Pista Sul;Choque em objeto na pista;1;3;0;0;0;0;1
20/10/2012;06:17:00;116;sem vítima;165,2;BR-116/SP;Pista Norte;Colisão traseira;1;2;0;0;0;0;1
20/10/2012;12:21:00;359;com vítima;169;BR-116/RJ;Pista Sul;Abalroamento longitudinal;1;1;1;0;0;0;1
20/10/2012;04:12:00;77;com vítima;183,4;BR-116/SP;Pista Sul;Colisão traseira;1;16;14;2;0;1;3
20/10/2012;12:57:00;382;sem vítima;196,6;BR-116/RJ;Pista Sul;Abalroamento longitudinal;1;2;0;0;0;0;1
20/10/2012;12:34:00;367;sem vítima;197,2;BR-116/RJ;Pista Sul;Abalroamento longitudinal;1;3;0;0;0;0;1
20/10/2012;11:53:00;344;sem vítima;197,25;BR-116/RJ;Pista Norte;Abalroamento longitudinal;1;2;0;0;0;0;1
20/10/2012;05:29:00;94;sem vítima;225,46;BR-116/SP;Pista Sul;Colisão traseira;1;2;0;0;0;0;1
20/10/2012;14:49:00;448;sem vítima;227,7;BR-116/SP;Pista Norte;Abalroamento longitudinal;1;3;0;0;0;0;1
20/10/2012;02:13:00;48;sem vítima;278;BR-116/RJ;Pista Norte;Colisão traseira;1;2;0;0;0;0;1
21/10/2012;23:08:00;730;sem vítima;112,3;BR-116/SP;Pista Sul;Abalroamento longitudinal;1;4;0;0;0;0;1
21/10/2012;18:25:00;567;sem vítima;206,7;BR-116/SP;Pista Sul;Engavetamento;1;7;0;0;0;0;1
21/10/2012;06:44:00;108;sem vítima;210;BR-116/RJ;Pista Norte;Colisão traseira;1;2;0;0;0;0;1
21/10/2012;08:41:00;173;sem vítima;211,7;BR-116/SP;Pista Norte;Abalroamento transversal;1;2;0;0;0;0;1
21/10/2012;22:55:00;724;sem vítima;223,2;BR-116/RJ;Pista Norte;Abalroamento longitudinal;2;2;0;0;0;0;1
21/10/2012;15:46:00;438;sem vítima;266;BR-116/RJ;Pista Sul;Colisão traseira;1;3;0;0;0;0;1
21/10/2012;01:57:00;17;com vítima;266,05;BR-116/RJ;Pista Sul;Choque em barreira New Jersey;1;39;2;0;0;0;1
21/10/2012;20:40:00;656;sem vítima;318,9;BR-116/RJ;Pista Norte;Engavetamento;1;4;0;0;0;0;1
22/10/2012;18:26:00;652;com vítima;22,5;BR-116/SP;Pista Sul;Atropelamento de pedestre atravessando;1;1;1;0;0;0;1
22/10/2012;09:30:00;260;sem vítima;116;BR-116/SP;Pista Sul;Choque em objeto na pista;1;1;0;0;0;0;1
22/10/2012;11:55:00;368;com vítima;171,9;BR-116/RJ;Pista Sul;Colisão traseira;1;1;0;1;0;0;2
22/10/2012;21:25:00;747;sem vítima;173,4;BR-116/RJ;Pista Sul;Abalroamento longitudinal;1;5;0;0;0;0;1
22/10/2012;08:53:00;230;sem vítima;173,5;BR-116/RJ;Pista Sul;Colisão traseira;1;2;0;0;0;0;1
22/10/2012;05:03:00;80;sem vítima;180,4;BR-116/RJ;Pista Norte;Choque em barreira New Jersey;2;5;0;0;0;0;1
22/10/2012;05:32:00;88;sem vítima;180,4;BR-116/RJ;Pista Norte;Abalroamento longitudinal;1;2;0;0;0;0;1
22/10/2012;17:41:00;619;sem vítima;182;BR-116/SP;Pista Norte;Colisão traseira;1;15;0;0;0;0;1
22/10/2012;23:47:00;814;sem vítima;182;BR-116/SP;Pista Norte;Colisão traseira;1;3;0;0;0;0;1
22/10/2012;15:06:00;500;sem vítima;211;BR-116/SP;Pista Norte;Abalroamento longitudinal;1;2;0;0;0;0;1
22/10/2012;11:42:00;358;sem vítima;216;BR-116/SP;Pista Sul;Choque Talude;1;1;0;0;0;0;1
22/10/2012;16:16:00;560;sem vítima;219,8;BR-116/SP;Pista Norte;Colisão traseira;1;3;0;0;0;0;1
22/10/2012;05:19:00;85;sem vítima;222;BR-116/RJ;Pista Norte;Outros;1;1;0;0;0;0;1
22/10/2012;19:08:00;677;sem vítima;223,15;BR-116/RJ;Pista Norte;Choque Talude;1;1;0;0;0;0;1
22/10/2012;07:27:00;154;com vítima;239,49;BR-116/RJ;Pista Norte;Choque Talude;1;0;0;0;1;0;2
22/10/2012;00:29:00;9;sem vítima;243,3;BR-116/RJ;Pista Norte;Colisão traseira;2;2;0;0;0;0;1
22/10/2012;22:39:00;792;sem vítima;256,75;BR-116/RJ;Pista Sul;Colisão traseira;1;3;0;0;0;0;1
23/10/2012;05:44:00;97;sem vítima;51;BR-116/SP;Pista Norte;Colisão traseira;2;4;0;0;0;0;1
23/10/2012;10:20:00;351;com vítima;68,9;BR-116/SP;Pista Sul;Abalroamento longitudinal;1;1;1;0;0;0;1
23/10/2012;11:34:00;401;sem vítima;151,4;BR-116/SP;Pista Sul;Engavetamento;1;7;0;0;0;0;1
23/10/2012;18:20:00;651;sem vítima;160,29;BR-116/SP;Pista Sul;Abalroamento longitudinal;1;4;0;0;0;0;1
23/10/2012;10:02:00;335;sem vítima;161,2;BR-116/SP;Pista Sul;Colisão traseira;1;4;0;0;0;0;1
23/10/2012;14:48:00;512;sem vítima;169,5;BR-116/RJ;Pista Sul;Colisão traseira;1;2;0;0;0;0;1
23/10/2012;05:25:00;92;com vítima;174,1;BR-116/RJ;Pista Norte;Engavetamento;2;3;1;0;0;0;1
23/10/2012;10:08:00;346;sem vítima;222,2;BR-116/RJ;Pista Norte;Engavetamento;3;3;0;0;0;0;1
23/10/2012;10:33:00;366;sem vítima;223,1;BR-116/RJ;Pista Norte;Colisão traseira;1;3;0;0;0;0;1
23/10/2012;07:22:00;166;sem vítima;227,6;BR-116/RJ;Pista Norte;Abalroamento longitudinal;1;2;0;0;0;0;1
23/10/2012;15:33:00;539;sem vítima;252;BR-116/RJ;Pista Sul;Outros;1;2;0;0;0;0;1
23/10/2012;15:39:00;542;sem vítima;252;BR-116/RJ;Pista Sul;Abalroamento longitudinal;1;2;0;0;0;0;1
23/10/2012;04:22:00;72;com vítima;292,7;BR-116/RJ;Pista Norte;Colisão traseira;1;2;1;0;0;0;1
24/10/2012;17:03:00;627;sem vítima;27,6;BR-116/SP;Pista Sul;Choque em veículo parado na pista;2;2;0;0;0;0;1
24/10/2012;05:29:00;70;sem vítima;163;BR-116/RJ;Pista Norte;Engavetamento;1;3;0;0;0;0;1
24/10/2012;21:19:00;796;sem vítima;168,2;BR-116/RJ;Pista Sul;Abalroamento longitudinal;1;2;0;0;0;0;1
24/10/2012;22:07:00;815;sem vítima;170;BR-116/RJ;Pista Norte;Abalroamento longitudinal;1;2;0;0;0;0;1
24/10/2012;18:35:00;691;sem vítima;172,2;BR-116/RJ;Pista Sul;Abalroamento longitudinal;1;2;0;0;0;0;1
24/10/2012;12:59:00;438;sem vítima;174;BR-116/RJ;Pista Sul;Abalroamento longitudinal;1;2;0;0;0;0;1
24/10/2012;23:22:00;856;sem vítima;174,1;BR-116/RJ;Pista Norte;Abalroamento longitudinal;1;5;0;0;0;0;1
24/10/2012;13:55:00;483;sem vítima;175,9;BR-116/RJ;Pista Sul;Abalroamento longitudinal;1;4;0;0;0;0;1
24/10/2012;02:19:00;28;sem vítima;191,5;BR-116/SP;Pista Norte;Outros;1;1;0;0;0;0;1
24/10/2012;03:29:00;40;com vítima;192,3;BR-116/SP;Pista Norte;Colisão traseira;2;1;1;0;0;0;1
24/10/2012;07:22:00;133;sem vítima;260,1;BR-116/RJ;Pista Sul;Colisão traseira;2;2;0;0;0;0;1
24/10/2012;22:16:00;818;sem vítima;266,5;BR-116/RJ;Pista Sul;Colisão traseira;1;2;0;0;0;0;1
24/10/2012;02:20:00;29;sem vítima;325,1;BR-116/RJ;Pista Norte;Colisão traseira;2;2;0;0;0;0;1
25/10/2012;12:53:00;443;sem vítima;93;BR-116/SP;Pista Norte;Tombamento;1;3;0;0;0;0;1
25/10/2012;01:16:00;28;sem vítima;127,8;BR-116/SP;Pista Sul;Choque em veículo parado na pista;2;2;0;0;0;0;1
25/10/2012;14:48:00;509;sem vítima;134,1;BR-116/SP;Pista Sul;Colisão traseira;2;2;0;0;0;0;1
25/10/2012;16:54:00;603;sem vítima;139,7;BR-116/SP;Pista Sul;Colisão traseira;2;3;0;0;0;0;1
25/10/2012;07:10:00;162;sem vítima;142,3;BR-116/SP;Pista Norte;Colisão traseira;1;11;0;0;0;0;1
25/10/2012;13:53:00;476;sem vítima;173,5;BR-116/RJ;Pista Sul;Colisão traseira;1;2;0;0;0;0;1
25/10/2012;11:52:00;404;sem vítima;175;BR-116/RJ;Pista Sul;Colisão traseira;1;2;0;0;0;0;1
25/10/2012;15:19:00;530;sem vítima;176,2;BR-116/SP;Pista Norte;Choque em objeto fixo;1;1;0;0;0;0;1
25/10/2012;11:41:00;395;com vítima;179;BR-116/SP;Pista Sul;Choque em objeto fixo;1;0;1;0;0;0;1
25/10/2012;17:12:00;617;com vítima;188,7;BR-116/SP;Pista Sul;Engavetamento;1;1;0;0;1;0;2
25/10/2012;09:39:00;307;sem vítima;223,7;BR-116/RJ;Pista Norte;Tombamento;1;1;0;0;0;0;1
25/10/2012;19:51:00;735;sem vítima;227,5;BR-116/RJ;Pista Sul;Outros;2;2;0;0;0;0;1
25/10/2012;18:29:00;663;sem vítima;293,5;BR-116/RJ;Pista Sul;Choque em objeto na pista;1;3;0;0;0;0;1
25/10/2012;07:13:00;165;sem vítima;309;BR-116/RJ;Pista Sul;Colisão traseira;2;2;0;0;0;0;1
25/10/2012;11:00:00;376;sem vítima;318,9;BR-116/RJ;Pista Norte;Colisão traseira;2;2;0;0;0;0;1
25/10/2012;00:15:00;8;com vítima;329,98;BR-116/RJ;Pista Sul;Atropelamento de pedestre atravessando;1;2;0;0;1;0;2
26/10/2012;20:36:00;792;sem vítima;66;BR-116/SP;Pista Sul;Choque em objeto na pista;1;1;0;0;0;0;1
26/10/2012;01:45:00;39;com vítima;66,5;BR-116/SP;Pista Sul;Choque em veículo parado na pista;1;2;1;0;0;0;1
26/10/2012;17:55:00;677;com vítima;108,6;BR-116/SP;Pista Sul;Engavetamento;1;5;2;0;0;0;1
26/10/2012;18:05:00;683;sem vítima;164,5;BR-116/RJ;Pista Sul;Colisão traseira;1;51;0;0;0;0;1
26/10/2012;16:44:00;627;sem vítima;166,1;BR-116/RJ;Pista Sul;Abalroamento longitudinal;1;2;0;0;0;0;1
26/10/2012;19:57:00;755;sem vítima;170,7;BR-116/RJ;Pista Norte;Engavetamento;1;3;0;0;0;0;1
26/10/2012;11:29:00;406;sem vítima;175,05;BR-116/RJ;Pista Norte;Abalroamento longitudinal;1;2;0;0;0;0;1
26/10/2012;06:37:00;140;sem vítima;190,4;BR-116/RJ;Pista Sul;Outros;1;1;0;0;0;0;1
26/10/2012;16:04:00;598;com vítima;198,3;BR-116/RJ;Pista Sul;Tombamento;1;0;0;1;0;0;2
26/10/2012;03:55:00;72;com vítima;202;BR-116/SP;Pista Norte;Colisão traseira;1;3;1;0;0;0;1
26/10/2012;22:31:00;862;sem vítima;204;BR-116/SP;Pista Norte;Colisão traseira;1;2;0;0;0;0;1
26/10/2012;08:24:00;251;com vítima;212,8;BR-116/SP;Pista Sul;Abalroamento longitudinal;1;1;0;1;0;0;2
26/10/2012;06:16:00;127;sem vítima;221,1;BR-116/SP;Pista Norte;Colisão traseira;1;41;0;0;0;0;1
26/10/2012;09:43:00;326;com vítima;228,95;BR-116/RJ;Pista Sul;Choque em objeto fixo;1;0;1;0;0;0;1
26/10/2012;12:53:00;459;sem vítima;266,45;BR-116/RJ;Pista Sul;Choque em barreira New Jersey;3;3;0;0;0;0;1
27/10/2012;02:41:00;35;com vítima;30,6;BR-116/SP;Pista Sul;Colisão traseira;1;4;0;1;0;0;2
27/10/2012;04:11:00;57;com vítima;70,1;BR-116/SP;Pista Norte;Choque em barreira New Jersey;1;0;0;1;0;0;2
27/10/2012;10:06:00;236;sem vítima;86,95;BR-116/SP;Pista Norte;Colisão traseira;1;2;0;0;0;0;1
27/10/2012;14:42:00;396;sem vítima;86,95;BR-116/SP;Pista Sul;Colisão traseira;1;4;0;0;0;0;1
27/10/2012;01:55:00;28;com vítima;132,7;BR-116/SP;Pista Sul;Colisão traseira;1;3;0;2;0;0;2
27/10/2012;08:58:00;200;sem vítima;170,5;BR-116/RJ;Pista Norte;Abalroamento longitudinal;1;2;0;0;0;0;1
27/10/2012;06:39:00;103;sem vítima;175,3;BR-116/RJ;Pista Sul;Choque em barreira New Jersey;1;2;0;0;0;0;1
27/10/2012;11:40:00;297;sem vítima;175,71;BR-116/RJ;Pista Norte;Abalroamento longitudinal;1;2;0;0;0;0;1
27/10/2012;04:41:00;64;com vítima;176,3;BR-116/RJ;Pista Sul;Choque em barreira New Jersey;1;1;1;0;0;0;1
27/10/2012;17:22:00;500;com vítima;221,9;BR-116/SP;Pista Sul;Abalroamento longitudinal;1;1;1;0;0;0;1
27/10/2012;04:16:00;59;com vítima;228,6;BR-116/SP;Pista Norte;Choque em defensa;1;1;3;0;0;0;1
27/10/2012;05:17:00;76;sem vítima;273,38;BR-116/RJ;Pista Sul;Outros;1;3;0;0;0;0;1
28/10/2012;04:10:00;76;sem vítima;7,15;BR-116/SP;Pista Norte;Choque em barreira New Jersey;1;1;0;0;0;0;1
28/10/2012;16:53:00;439;com vítima;104,6;BR-116/SP;Pista Norte;Colisão traseira;2;1;0;0;1;0;2
28/10/2012;02:27:00;58;sem vítima;125;BR-116/SP;Pista Norte;Abalroamento longitudinal;1;3;0;0;0;0;1
28/10/2012;19:19:00;542;sem vítima;135,3;BR-116/SP;Pista Norte;Outros;1;1;0;0;0;0;1
28/10/2012;15:52:00;392;sem vítima;170,2;BR-116/SP;Pista Sul;Choque em objeto na pista;2;2;0;0;0;0;1
28/10/2012;02:42:00;61;sem vítima;175,9;BR-116/SP;Pista Norte;Colisão traseira;2;2;0;0;0;0;1
28/10/2012;10:21:00;199;sem vítima;204,2;BR-116/SP;Pista Norte;Abalroamento longitudinal;1;2;0;0;0;0;1
28/10/2012;20:02:00;568;sem vítima;213;BR-116/SP;Pista Norte;Choque em veículo parado na pista;1;2;0;0;0;0;1
28/10/2012;17:14:00;456;com vítima;220,4;BR-116/SP;Pista Norte;Choque em veículo parado na pista;1;2;1;0;0;0;1
29/10/2012;03:06:00;54;com vítima;45,1;BR-116/SP;Pista Norte;Colisão traseira;2;1;2;0;0;0;1
29/10/2012;01:56:00;40;sem vítima;165,2;BR-116/SP;Pista Norte;Colisão traseira;2;2;0;0;0;0;1
29/10/2012;19:38:00;737;sem vítima;170,8;BR-116/RJ;Pista Sul;Engavetamento;1;6;0;0;0;0;1
29/10/2012;18:05:00;677;sem vítima;175,8;BR-116/RJ;Pista Sul;Abalroamento longitudinal;1;2;0;0;0;0;1
29/10/2012;17:38:00;656;sem vítima;178,1;BR-116/RJ;Pista Norte;Colisão traseira;1;2;0;0;0;0;1
29/10/2012;07:41:00;206;com vítima;182;BR-116/SP;Pista Norte;Colisão traseira;1;2;1;0;0;0;1
29/10/2012;11:47:00;411;sem vítima;185,1;BR-116/SP;Pista Norte;Colisão traseira;1;2;0;0;0;0;1
29/10/2012;16:17:00;590;com vítima;194,5;BR-116/SP;Pista Sul;Choque em barreira New Jersey;1;0;1;0;0;0;1
29/10/2012;07:54:00;220;sem vítima;209,7;BR-116/SP;Pista Sul;Colisão traseira;1;3;0;0;0;0;1
29/10/2012;16:25:00;597;com vítima;210,1;BR-116/SP;Pista Sul;Engavetamento;3;8;1;0;0;0;1
29/10/2012;07:44:00;210;sem vítima;219;BR-116/SP;Pista Sul;Colisão traseira;1;2;0;0;0;0;1
29/10/2012;06:46:00;143;sem vítima;224,65;BR-116/SP;Pista Sul;Abalroamento longitudinal;1;2;0;0;0;0;1
29/10/2012;02:36:00;50;sem vítima;254,9;BR-116/RJ;Pista Norte;Colisão traseira;2;2;0;0;0;0;1
29/10/2012;15:21:00;550;sem vítima;269,2;BR-116/RJ;Pista Sul;Engavetamento;3;3;0;0;0;0;1
29/10/2012;20:10:00;756;sem vítima;271,7;BR-116/RJ;Pista Sul;Abalroamento longitudinal;1;2;0;0;0;0;1
29/10/2012;15:32:00;563;com vítima;277,7;BR-116/RJ;Pista Sul;Choque em objeto fixo;1;0;0;0;1;0;2
29/10/2012;19:01:00;716;sem vítima;310,7;BR-116/RJ;Pista Sul;Outros;1;3;0;0;0;0;1
30/10/2012;03:32:00;58;sem vítima;24,8;BR-116/SP;Pista Norte;Abalroamento longitudinal;1;2;0;0;0;0;1
30/10/2012;22:47:00;822;sem vítima;37,95;BR-116/SP;Pista Sul;Choque em veículo parado na pista;2;2;0;0;0;0;1
30/10/2012;23:10:00;833;sem vítima;38,1;BR-116/SP;Pista Sul;Choque em veículo parado na pista;1;4;0;0;0;0;1
30/10/2012;17:30:00;623;sem vítima;45,1;BR-116/SP;Pista Norte;Outros;2;3;0;0;0;0;1
30/10/2012;22:51:00;824;sem vítima;116,15;BR-116/SP;Pista Norte;Engavetamento;2;4;0;0;0;0;1
30/10/2012;13:15:00;437;com vítima;133,2;BR-116/SP;Pista Norte;Engavetamento;3;8;1;0;0;0;1
30/10/2012;22:22:00;808;com vítima;163,1;BR-116/RJ;Pista Norte;Engavetamento;1;3;1;0;0;0;1
30/10/2012;17:24:00;618;sem vítima;165,2;BR-116/RJ;Pista Sul;Colisão traseira;1;2;0;0;0;0;1
30/10/2012;03:43:00;64;sem vítima;172,75;BR-116/RJ;Pista Norte;Colisão traseira;1;3;0;0;0;0;1
30/10/2012;13:52:00;469;sem vítima;173,5;BR-116/RJ;Pista Sul;Abalroamento longitudinal;1;3;0;0;0;0;1
30/10/2012;07:00:00;131;sem vítima;175;BR-116/RJ;Pista Sul;Colisão traseira;1;2;0;0;0;0;1
30/10/2012;18:23:00;663;sem vítima;175,3;BR-116/RJ;Pista Norte;Abalroamento longitudinal;1;2;0;0;0;0;1
30/10/2012;03:18:00;55;com vítima;209,8;BR-116/RJ;Pista Norte;Colisão traseira;2;0;0;2;0;0;2
30/10/2012;04:02:00;73;com vítima;247,25;BR-116/RJ;Pista Norte;Colisão traseira;2;1;0;1;0;0;2
30/10/2012;13:41:00;459;sem vítima;277,55;BR-116/RJ;Pista Sul;Colisão traseira;1;2;0;0;0;0;1
30/10/2012;22:00:00;797;sem vítima;297,7;BR-116/RJ;Pista Norte;Abalroamento longitudinal;2;2;0;0;0;0;1
30/10/2012;14:30:00;496;com vítima;318,9;BR-116/RJ;Pista Sul;Colisão traseira;1;3;1;0;0;0;1
31/10/2012;12:38:00;457;com vítima;117,4;BR-116/SP;Pista Norte;Engavetamento;2;5;2;0;0;0;1
31/10/2012;00:45:00;9;com vítima;117,9;BR-116/SP;Pista Norte;Engavetamento;3;2;1;0;0;0;1
31/10/2012;00:55:00;14;sem vítima;119,35;BR-116/SP;Pista Norte;Colisão traseira;5;7;0;0;0;0;1
31/10/2012;19:50:00;756;com vítima;145,8;BR-116/SP;Pista Sul;Abalroamento longitudinal;1;2;1;0;0;0;1
31/10/2012;05:56:00;98;com vítima;155;BR-116/SP;Pista Sul;Colisão traseira;1;1;0;0;1;0;2
31/10/2012;06:31:00;115;sem vítima;160,15;BR-116/SP;Pista Sul;Abalroamento longitudinal;1;3;0;0;0;0;1
31/10/2012;23:57:00;873;sem vítima;162,55;BR-116/SP;Pista Norte;Colisão traseira;2;3;0;0;0;0;1
31/10/2012;17:07:00;643;sem vítima;167;BR-116/RJ;Pista Norte;Colisão traseira;1;2;0;0;0;0;1
31/10/2012;16:01:00;599;sem vítima;173,8;BR-116/RJ;Pista Sul;Colisão traseira;1;3;0;0;0;0;1
31/10/2012;02:28:00;39;com vítima;199,6;BR-116/SP;Pista Sul;Colisão traseira;2;1;0;1;0;0;2
31/10/2012;10:47:00;372;sem vítima;220,4;BR-116/RJ;Pista Norte;Tombamento;1;1;0;0;0;0;1
31/10/2012;18:01:00;679;sem vítima;222,3;BR-116/RJ;Pista Norte;Choque em objeto fixo;1;2;0;0;0;0;1
31/10/2012;11:02:00;384;sem vítima;224,5;BR-116/SP;Pista Sul;Colisão traseira;1;2;0;0;0;0;1
31/10/2012;19:04:00;731;sem vítima;226;BR-116/RJ;Pista Sul;Colisão traseira;1;2;0;0;0;0;1
31/10/2012;09:17:00;290;sem vítima;229;BR-116/SP;Pista Sul;Abalroamento longitudinal;1;3;0;0;0;0;1
31/10/2012;02:04:00;32;com vítima;230,45;BR-116/RJ;Pista Norte;Queda de ribanceira;1;0;0;2;0;0;2
31/10/2012;17:09:00;646;com vítima;267,3;BR-116/RJ;Pista Sul;Outros;1;0;0;1;0;0;2
31/10/2012;22:17:00;838;sem vítima;290;BR-116/RJ;Pista Norte;Choque em objeto na pista;1;1;0;0;0;0;1
31/10/2012;23:25:00;864;sem vítima;290;BR-116/RJ;Pista Norte;Choque em objeto na pista;1;2;0;0;0;0;1
01/11/2012;17:41:00;657;sem vítima;14,5;BR-116/SP;Pista Sul;Choque em barreira New Jersey;1;2;0;0;0;0;1
01/11/2012;09:32:00;312;sem vítima;70;BR-116/SP;Pista Sul;Colisão traseira;2;2;0;0;0;0;1
01/11/2012;21:59:00;809;sem vítima;112,1;BR-116/SP;Pista Norte;Abalroamento longitudinal;1;5;0;0;0;0;1
01/11/2012;00:10:00;6;com vítima;160,8;BR-116/SP;Pista Norte;Abalroamento longitudinal;1;1;1;0;0;0;1
01/11/2012;06:31:00;142;sem vítima;164,4;BR-116/RJ;Pista Norte;Engavetamento;1;3;0;0;0;0;1
01/11/2012;05:25:00;106;sem vítima;169,3;BR-116/SP;Pista Norte;Colisão traseira;1;2;0;0;0;0;1
01/11/2012;17:52:00;666;sem vítima;173,3;BR-116/RJ;Pista Sul;Colisão traseira;1;3;0;0;0;0;1
01/11/2012;18:53:00;708;sem vítima;175,5;BR-116/RJ;Pista Sul;Abalroamento longitudinal;1;2;0;0;0;0;1
01/11/2012;15:06:00;539;sem vítima;178,4;BR-116/RJ;Pista Norte;Outros;1;1;0;0;0;0;1
01/11/2012;20:25:00;768;com vítima;178,9;BR-116/RJ;Pista Norte;Queda de moto;1;1;0;0;1;0;2
01/11/2012;10:10:00;339;com vítima;182,7;BR-116/RJ;Pista Sul;Colisão traseira;1;1;0;0;1;0;2
01/11/2012;07:45:00;223;sem vítima;209,8;BR-116/SP;Pista Sul;Abalroamento longitudinal;1;2;0;0;0;0;1
01/11/2012;08:00:00;232;com vítima;221,7;BR-116/SP;Pista Sul;Abalroamento longitudinal;1;2;1;0;0;0;1
01/11/2012;01:41:00;32;sem vítima;222,6;BR-116/RJ;Pista Norte;Outros;1;1;0;0;0;0;1
01/11/2012;04:06:00;81;sem vítima;223,6;BR-116/RJ;Pista Norte;Tombamento;1;1;0;0;0;0;1
02/11/2012;23:37:00;646;com vítima;27,8;BR-116/SP;Pista Norte;Choque em defensa;1;0;0;0;1;0;2
02/11/2012;06:46:00;130;sem vítima;151,4;BR-116/SP;Pista Sul;Colisão traseira;1;5;0;0;0;0;1
02/11/2012;12:49:00;341;sem vítima;174,1;BR-116/RJ;Pista Sul;Abalroamento longitudinal;1;7;0;0;0;0;1
02/11/2012;07:21:00;160;sem vítima;176,4;BR-116/RJ;Pista Sul;Abalroamento longitudinal;1;23;0;0;0;0;1
02/11/2012;00:43:00;23;sem vítima;290;BR-116/RJ;Pista Sul;Colisão traseira;1;7;0;0;0;0;1
03/11/2012;20:23:00;527;com vítima;220,9;BR-116/SP;Pista Norte;Abalroamento longitudinal;1;45;0;1;0;0;2
03/11/2012;18:40:00;475;sem vítima;226,4;BR-116/RJ;Pista Sul;Tombamento;1;1;0;0;0;0;1
03/11/2012;22:18:00;570;sem vítima;268,2;BR-116/RJ;Pista Sul;Engavetamento;2;3;0;0;0;0;1
03/11/2012;19:06:00;492;sem vítima;299,25;BR-116/RJ;Pista Sul;Abalroamento longitudinal;1;5;0;0;0;0;1