data;horario;n_da_ocorrencia;tipo_de_ocorrencia;km;trecho;sentido;tipo_de_acidente;caminhao;ilesos;levemente_feridos;moderadamente_feridos;gravemente_feridos;mortos;3
04/11/2012;17:08:00;448;sem vítima;64,9;BR-116/SP;Pista Norte;Abalroamento longitudinal;1;6;0;0;0;0;1
04/11/2012;18:52:00;529;sem vítima;86,95;BR-116/SP;Pista Norte;Abalroamento longitudinal;1;5;0;0;0;0;1
04/11/2012;18:02:00;491;com vítima;272,55;BR-116/RJ;Pista Norte;Abalroamento longitudinal;1;3;1;0;0;0;1
04/11/2012;14:51:00;353;com vítima;327;BR-116/RJ;Pista Norte;Colisão traseira;1;5;1;0;0;0;1
05/11/2012;22:03:00;722;sem vítima;172,2;BR-116/RJ;Pista Sul;Abalroamento longitudinal;1;3;0;0;0;0;1
05/11/2012;16:13:00;531;sem vítima;174,8;BR-116/RJ;Pista Norte;Abalroamento longitudinal;1;2;0;0;0;0;1
05/11/2012;20:17:00;674;com vítima;197,7;BR-116/SP;Pista Sul;Abalroamento transversal;1;1;1;0;0;0;1
05/11/2012;21:35:00;709;sem vítima;199,15;BR-116/SP;Pista Sul;Colisão traseira;1;3;0;0;0;0;1
05/11/2012;16:21:00;543;sem vítima;204,1;BR-116/RJ;Pista Sul;Choque em veículo parado na pista;1;2;0;0;0;0;1
05/11/2012;23:05:00;747;sem vítima;227,5;BR-116/SP;Pista Sul;Choque em defensa;1;1;0;0;0;0;1
05/11/2012;12:54:00;399;sem vítima;247,3;BR-116/RJ;Pista Sul;Colisão traseira;2;2;0;0;0;0;1
06/11/2012;08:04:00;195;sem vítima;51,2;BR-116/SP;Pista Norte;Abalroamento longitudinal;1;2;0;0;0;0;1
06/11/2012;13:05:00;408;sem vítima;53,8;BR-116/SP;Pista Norte;Abalroamento longitudinal;1;2;0;0;0;0;1
06/11/2012;18:53:00;637;sem vítima;165,1;BR-116/SP;Pista Sul;Colisão traseira;1;3;0;0;0;0;1
06/11/2012;21:15:00;708;sem vítima;165,3;BR-116/RJ;Pista Sul;Engavetamento;2;6;0;0;0;0;1
06/11/2012;18:00:00;594;com vítima;169,5;BR-116/RJ;Pista Norte;Colisão traseira;1;1;0;1;0;0;2
06/11/2012;20:54:00;697;sem vítima;171,8;BR-116/RJ;Pista Sul;Abalroamento longitudinal;1;2;0;0;0;0;1
06/11/2012;05:31:00;72;sem vítima;182,5;BR-116/SP;Pista Norte;Colisão traseira;2;3;0;0;0;0;1
06/11/2012;22:26:00;738;com vítima;219,3;BR-116/SP;Pista Norte;Abalroamento longitudinal;1;1;1;0;0;0;1
06/11/2012;02:11:00;35;com vítima;224,2;BR-116/RJ;Pista Norte;Tombamento;1;0;0;1;0;0;2
06/11/2012;17:39:00;579;com vítima;227,4;BR-116/SP;Pista Norte;Abalroamento longitudinal;1;1;1;0;0;0;1
06/11/2012;10:33:00;318;sem vítima;229,1;BR-116/SP;Pista Sul;Abalroamento longitudinal;1;2;0;0;0;0;1
06/11/2012;10:18:00;308;sem vítima;252,5;BR-116/RJ;Pista Norte;Abalroamento longitudinal;2;2;0;0;0;0;1
06/11/2012;07:34:00;151;sem vítima;271,7;BR-116/RJ;Pista Sul;Colisão traseira;2;2;0;0;0;0;1
07/11/2012;02:36:00;45;sem vítima;18,2;BR-116/SP;Pista Norte;Outros;1;1;0;0;0;0;1
07/11/2012;13:27:00;451;sem vítima;73,6;BR-116/SP;Pista Sul;Colisão traseira;1;2;0;0;0;0;1
07/11/2012;17:07:00;610;sem vítima;156,9;BR-116/SP;Pista Sul;Abalroamento longitudinal;1;2;0;0;0;0;1
07/11/2012;06:57:00;131;sem vítima;160,7;BR-116/SP;Pista Sul;Choque em objeto na pista;1;2;0;0;0;0;1
07/11/2012;15:25:00;543;sem vítima;166,3;BR-116/RJ;Pista Sul;Colisão traseira;1;3;0;0;0;0;1
07/11/2012;17:02:00;604;sem vítima;172,4;BR-116/RJ;Pista Sul;Abalroamento longitudinal;1;4;0;0;0;0;1
07/11/2012;19:47:00;717;sem vítima;173,4;BR-116/RJ;Pista Sul;Abalroamento longitudinal;1;3;0;0;0;0;1
07/11/2012;16:21:00;580;com vítima;186,1;BR-116/SP;Pista Sul;Choque em objeto fixo;1;2;1;0;0;0;1
07/11/2012;22:48:00;796;sem vítima;189,75;BR-116/RJ;Pista Sul;Colisão traseira;2;2;0;0;0;0;1
07/11/2012;00:44:00;13;sem vítima;206,3;BR-116/SP;Pista Sul;Abalroamento longitudinal;1;2;0;0;0;0;1
07/11/2012;14:32:00;499;sem vítima;210,4;BR-116/SP;Pista Sul;Abalroamento longitudinal;1;2;0;0;0;0;1
07/11/2012;09:13:00;269;sem vítima;222,9;BR-116/SP;Pista Sul;Abalroamento longitudinal;1;2;0;0;0;0;1
07/11/2012;17:49:00;636;sem vítima;227,9;BR-116/SP;Pista Norte;Abalroamento longitudinal;1;3;0;0;0;0;1
07/11/2012;03:23:00;57;sem vítima;246,72;BR-116/RJ;Pista Norte;Colisão traseira;1;2;0;0;0;0;1
07/11/2012;05:32:00;85;sem vítima;268,5;BR-116/RJ;Pista Norte;Abalroamento longitudinal;2;2;0;0;0;0;1
07/11/2012;23:33:00;816;sem vítima;306,35;BR-116/RJ;Pista Sul;Choque em barreira New Jersey;1;1;0;0;0;0;1
07/11/2012;02:50:00;49;sem vítima;319,75;BR-116/RJ;Pista Norte;Atropelamento de animal;1;1;0;0;0;0;1
08/11/2012;17:06:00;649;sem vítima;72,7;BR-116/SP;Pista Norte;Colisão traseira;2;3;0;0;0;0;1
08/11/2012;17:22:00;665;sem vítima;125,6;BR-116/SP;Pista Norte;Colisão traseira;1;2;0;0;0;0;1
08/11/2012;18:29:00;716;com vítima;173,1;BR-116/SP;Pista Sul;Colisão traseira;1;1;1;0;0;0;1
08/11/2012;19:00:00;737;sem vítima;173,8;BR-116/RJ;Pista Sul;Abalroamento longitudinal;1;5;0;0;0;0;1
08/11/2012;22:35:00;881;com vítima;173,86;BR-116/SP;Pista Sul;Colisão traseira;2;1;0;0;0;1;3
08/11/2012;08:28:00;251;sem vítima;180,6;BR-116/RJ;Pista Norte;Engavetamento;2;4;0;0;0;0;1
08/11/2012;19:08:00;743;sem vítima;191,05;BR-116/SP;Pista Sul;Outros;1;1;0;0;0;0;1
08/11/2012;13:34:00;490;sem vítima;207;BR-116/RJ;Pista Sul;Colisão traseira;1;5;0;0;0;0;1
08/11/2012;19:07:00;741;sem vítima;209,2;BR-116/RJ;Pista Sul;Choque em objeto fixo;1;1;0;0;0;0;1
08/11/2012;06:24:00;121;sem vítima;214,7;BR-116/SP;Pista Sul;Engavetamento;1;4;0;0;0;0;1
08/11/2012;08:26:00;250;sem vítima;254,4;BR-116/RJ;Pista Norte;Abalroamento longitudinal;2;2;0;0;0;0;1
08/11/2012;20:36:00;803;sem vítima;267,8;BR-116/RJ;Pista Sul;Abalroamento longitudinal;1;2;0;0;0;0;1
08/11/2012;06:52:00;144;sem vítima;300,1;BR-116/RJ;Pista Sul;Colisão traseira;2;2;0;0;0;0;1
09/11/2012;23:26:00;812;sem vítima;28,2;BR-116/SP;Pista Sul;Queda de ribanceira;1;1;0;0;0;0;1
09/11/2012;00:03:00;4;sem vítima;32,1;BR-116/SP;Pista Norte;Colisão traseira;2;2;0;0;0;0;1
09/11/2012;13:42:00;472;sem vítima;107,3;BR-116/SP;Pista Norte;Abalroamento longitudinal;1;2;0;0;0;0;1
09/11/2012;18:33:00;660;sem vítima;107,3;BR-116/SP;Pista Norte;Abalroamento longitudinal;1;2;0;0;0;0;1
09/11/2012;16:57:00;596;sem vítima;129;BR-116/SP;Pista Sul;Colisão traseira;2;2;0;0;0;0;1
09/11/2012;11:50:00;406;sem vítima;173;BR-116/RJ;Pista Norte;Abalroamento longitudinal;1;2;0;0;0;0;1
09/11/2012;12:21:00;423;sem vítima;173,3;BR-116/RJ;Pista Sul;Abalroamento longitudinal;1;2;0;0;0;0;1
09/11/2012;08:19:00;252;sem vítima;189,2;BR-116/RJ;Pista Sul;Colisão traseira;1;21;0;0;0;0;1
09/11/2012;06:15:00;133;sem vítima;228,2;BR-116/SP;Pista Norte;Colisão traseira;2;18;0;0;0;0;1
09/11/2012;00:15:00;10;sem vítima;228,4;BR-116/RJ;Pista Norte;Colisão traseira;1;2;0;0;0;0;1
09/11/2012;08:59:00;287;sem vítima;230,9;BR-116/RJ;Pista Norte;Colisão traseira;1;2;0;0;0;0;1
09/11/2012;12:45:00;441;sem vítima;231,1;BR-116/SP;Pista Sul;Colisão traseira;2;3;0;0;0;0;1
09/11/2012;17:54:00;636;sem vítima;314,6;BR-116/RJ;Pista Sul;Abalroamento longitudinal;1;2;0;0;0;0;1
10/11/2012;10:36:00;275;com vítima;33,8;BR-116/SP;Pista Sul;Capotamento;1;1;1;0;0;0;1
10/11/2012;07:55:00;164;sem vítima;66;BR-116/SP;Pista Sul;Choque em objeto fixo;1;1;0;0;0;0;1
10/11/2012;17:45:00;538;sem vítima;169,6;BR-116/RJ;Pista Sul;Colisão traseira;1;8;0;0;0;0;1
10/11/2012;12:08:00;340;com vítima;174,8;BR-116/RJ;Pista Sul;Engavetamento;1;4;2;0;0;0;1
10/11/2012;00:19:00;4;sem vítima;178,8;BR-116/SP;Pista Sul;Choque em objeto na pista;2;7;0;0;0;0;1
10/11/2012;17:06:00;510;sem vítima;209;BR-116/SP;Pista Sul;Outros;1;1;0;0;0;0;1
10/11/2012;05:44:00;87;sem vítima;220,8;BR-116/SP;Pista Sul;Colisão traseira;1;2;0;0;0;0;1
10/11/2012;12:26:00;352;sem vítima;227;BR-116/SP;Pista Norte;Abalroamento longitudinal;1;3;0;0;0;0;1
10/11/2012;21:02:00;633;sem vítima;264,65;BR-116/RJ;Pista Sul;Outros;1;1;0;0;0;0;1
10/11/2012;03:41:00;68;com vítima;298,51;BR-116/RJ;Pista Sul;Atropelamento de pedestre caminhando;1;1;0;0;0;1;3
11/11/2012;10:39:00;235;sem vítima;45,9;BR-116/SP;Pista Sul;Colisão traseira;2;2;0;0;0;0;1
11/11/2012;20:45:00;638;sem vítima;120,9;BR-116/SP;Pista Sul;Choque em objeto na pista;1;1;0;0;0;0;1
11/11/2012;06:02:00;90;sem vítima;224,6;BR-116/RJ;Pista Norte;Choque Talude;1;1;0;0;0;0;1
12/11/2012;23:01:00;772;com vítima;22,95;BR-116/SP;Pista Sul;Engavetamento;2;10;3;2;0;0;2
12/11/2012;22:54:00;766;com vítima;46,49;BR-116/SP;Pista Sul;Colisão traseira;2;1;0;1;0;0;2
12/11/2012;09:11:00;271;sem vítima;86,9;BR-116/SP;Pista Sul;Colisão traseira;1;5;0;0;0;0;1
12/11/2012;19:25:00;667;sem vítima;173,3;BR-116/RJ;Pista Sul;Engavetamento;1;3;0;0;0;0;1
12/11/2012;21:25:00;728;com vítima;173,3;BR-116/RJ;Pista Sul;Colisão traseira;1;1;1;0;0;0;1
12/11/2012;14:59:00;507;sem vítima;174,3;BR-116/RJ;Pista Norte;Colisão traseira;1;3;0;0;0;0;1
12/11/2012;17:48:00;614;sem vítima;175,1;BR-116/RJ;Pista Sul;Abalroamento longitudinal;1;3;0;0;0;0;1
12/11/2012;21:13:00;721;sem vítima;208,1;BR-116/SP;Pista Norte;Abalroamento longitudinal;2;2;0;0;0;0;1
12/11/2012;22:42:00;759;sem vítima;222,8;BR-116/SP;Pista Norte;Abalroamento longitudinal;1;5;0;0;0;0;1
12/11/2012;15:50:00;544;sem vítima;266,4;BR-116/RJ;Pista Sul;Choque em barreira New Jersey;1;1;0;0;0;0;1
12/11/2012;20:21:00;702;com vítima;267,7;BR-116/RJ;Pista Sul;Choque em veículo parado na pista;1;1;2;1;0;0;2
12/11/2012;02:08:00;40;sem vítima;272,95;BR-116/RJ;Pista Norte;Outros;1;1;0;0;0;0;1
12/11/2012;08:00:00;208;com vítima;297,9;BR-116/RJ;Pista Sul;Colisão traseira;1;2;0;3;0;0;2
13/11/2012;08:16:00;191;sem vítima;65;BR-116/SP;Pista Sul;Colisão traseira;2;2;0;0;0;0;1
13/11/2012;14:12:00;407;sem vítima;161;BR-116/SP;Pista Sul;Abalroamento longitudinal;1;4;0;0;0;0;1
13/11/2012;06:30:00;112;sem vítima;168;BR-116/RJ;Pista Norte;Colisão traseira;1;2;0;0;0;0;1
13/11/2012;15:56:00;475;sem vítima;172,4;BR-116/RJ;Pista Norte;Colisão traseira;2;4;0;0;0;0;1
13/11/2012;18:40:00;594;sem vítima;173,5;BR-116/RJ;Pista Sul;Abalroamento longitudinal;1;2;0;0;0;0;1
13/11/2012;05:19:00;87;sem vítima;179,1;BR-116/RJ;Pista Norte;Engavetamento;1;9;0;0;0;0;1
13/11/2012;03:48:00;68;com vítima;183,3;BR-116/SP;Pista Sul;Colisão traseira;1;1;2;0;0;0;1
13/11/2012;07:50:00;168;sem vítima;191,2;BR-116/SP;Pista Sul;Choque em barreira New Jersey;1;1;0;0;0;0;1
13/11/2012;11:47:00;322;sem vítima;222,6;BR-116/SP;Pista Norte;Abalroamento longitudinal;1;2;0;0;0;0;1
13/11/2012;17:17:00;532;sem vítima;227,6;BR-116/RJ;Pista Norte;Abalroamento longitudinal;1;3;0;0;0;0;1
13/11/2012;13:39:00;386;sem vítima;227,95;BR-116/RJ;Pista Norte;Choque em barreira New Jersey;1;2;0;0;0;0;1
13/11/2012;14:45:00;429;sem vítima;227,95;BR-116/RJ;Pista Norte;Choque Talude;1;1;0;0;0;0;1
13/11/2012;17:35:00;551;sem vítima;230,7;BR-116/SP;Pista Norte;Colisão traseira;1;2;0;0;0;0;1
13/11/2012;02:37:00;44;sem vítima;265,15;BR-116/RJ;Pista Norte;Choque em barreira New Jersey;1;1;0;0;0;0;1
13/11/2012;18:27:00;586;sem vítima;282,3;BR-116/RJ;Pista Norte;Choque Talude;1;2;0;0;0;0;1
13/11/2012;18:48:00;597;sem vítima;285,5;BR-116/RJ;Pista Sul;Choque em defensa;1;1;0;0;0;0;1
13/11/2012;06:00:00;101;com vítima;293,15;BR-116/RJ;Pista Norte;Colisão traseira;2;1;1;0;0;0;1
14/11/2012;10:51:00;327;sem vítima;21,5;BR-116/SP;Pista Sul;Outros;1;1;0;0;0;0;1
14/11/2012;08:27:00;184;com vítima;37,4;BR-116/SP;Pista Norte;Colisão traseira;1;1;1;0;0;0;1
14/11/2012;02:47:00;33;sem vítima;37,8;BR-116/SP;Pista Norte;Capotamento;1;1;0;0;0;0;1
14/11/2012;22:01:00;722;sem vítima;118,8;BR-116/SP;Pista Sul;Abalroamento longitudinal;1;3;0;0;0;0;1
14/11/2012;14:09:00;441;sem vítima;119;BR-116/SP;Pista Sul;Colisão traseira;2;2;0;0;0;0;1
14/11/2012;14:00:00;438;com vítima;120;BR-116/SP;Pista Norte;Tombamento;1;0;1;0;0;0;1
14/11/2012;17:10:00;553;com vítima;152,6;BR-116/SP;Pista Sul;Abalroamento longitudinal;1;1;0;0;0;1;3
14/11/2012;07:29:00;126;sem vítima;154,9;BR-116/SP;Pista Sul;Abalroamento longitudinal;1;3;0;0;0;0;1
14/11/2012;18:37:00;611;sem vítima;173,45;BR-116/RJ;Pista Sul;Abalroamento longitudinal;1;2;0;0;0;0;1
14/11/2012;14:16:00;445;sem vítima;173,8;BR-116/RJ;Pista Sul;Abalroamento longitudinal;1;2;0;0;0;0;1
14/11/2012;06:00:00;76;sem vítima;175;BR-116/RJ;Pista Norte;Abalroamento longitudinal;1;2;0;0;0;0;1
14/11/2012;16:30:00;536;sem vítima;175,1;BR-116/RJ;Pista Norte;Colisão traseira;1;2;0;0;0;0;1
14/11/2012;10:46:00;324;com vítima;176,2;BR-116/RJ;Pista Norte;Engavetamento;1;2;1;1;0;0;2
14/11/2012;16:03:00;518;sem vítima;176,2;BR-116/RJ;Pista Sul;Colisão traseira;2;2;0;0;0;0;1
14/11/2012;00:05:00;2;sem vítima;207;BR-116/RJ;Pista Sul;Choque em objeto na pista;2;2;0;0;0;0;1
14/11/2012;07:38:00;132;sem vítima;211,1;BR-116/SP;Pista Norte;Abalroamento transversal;1;3;0;0;0;0;1
14/11/2012;06:29:00;89;sem vítima;224,1;BR-116/RJ;Pista Norte;Choque em objeto fixo;1;1;0;0;0;0;1
14/11/2012;00:21:00;6;com vítima;225,9;BR-116/SP;Pista Sul;Colisão traseira;2;3;2;0;0;0;1
14/11/2012;05:47:00;73;sem vítima;230;BR-116/SP;Pista Norte;Abalroamento longitudinal;1;2;0;0;0;0;1
14/11/2012;10:10:00;293;sem vítima;260,35;BR-116/RJ;Pista Sul;Outros;1;2;0;0;0;0;1
14/11/2012;23:33:00;754;sem vítima;280,2;BR-116/RJ;Pista Sul;Outros;1;1;0;0;0;0;1
14/11/2012;17:27:00;561;sem vítima;318,03;BR-116/RJ;Pista Norte;Choque em veículo parado na pista;1;2;0;0;0;0;1
15/11/2012;06:54:00;120;sem vítima;43,8;BR-116/SP;Pista Sul;Choque em objeto fixo;1;1;0;0;0;0;1
15/11/2012;22:03:00;607;sem vítima;56,3;BR-116/SP;Pista Norte;Atropelamento de animal;1;2;0;0;0;0;1
15/11/2012;09:48:00;227;com vítima;69,8;BR-116/SP;Pista Sul;Engavetamento;1;4;3;0;0;0;1
15/11/2012;02:38:00;46;com vítima;88,4;BR-116/SP;Pista Sul;Queda de ribanceira;1;0;2;0;0;0;1
15/11/2012;07:45:00;162;sem vítima;118,8;BR-116/SP;Pista Norte;Engavetamento;1;41;0;0;0;0;1
15/11/2012;07:37:00;156;sem vítima;173,7;BR-116/SP;Pista Norte;Colisão traseira;1;2;0;0;0;0;1
15/11/2012;11:41:00;294;sem vítima;207,1;BR-116/RJ;Pista Norte;Engavetamento;1;7;0;0;0;0;1
15/11/2012;06:07:00;89;com vítima;273,95;BR-116/RJ;Pista Norte;Colisão traseira;1;18;8;0;0;0;1
15/11/2012;18:36:00;528;sem vítima;290,1;BR-116/RJ;Pista Norte;Outros;1;1;0;0;0;0;1
15/11/2012;02:37:00;45;sem vítima;317,9;BR-116/RJ;Pista Sul;Atropelamento de animal;2;6;0;0;0;0;1
15/11/2012;09:19:00;212;sem vítima;318,9;BR-116/RJ;Pista Sul;Colisão traseira;1;2;0;0;0;0;1
15/11/2012;22:41:00;622;sem vítima;328,45;BR-116/RJ;Pista Sul;Outros;1;1;0;0;0;0;1
16/11/2012;10:22:00;273;sem vítima;23,6;BR-116/SP;Pista Norte;Colisão traseira;1;22;0;0;0;0;1
16/11/2012;02:13:00;40;com vítima;155,8;BR-116/SP;Pista Norte;Abalroamento longitudinal;1;10;5;0;0;0;1
16/11/2012;20:12:00;661;sem vítima;166,4;BR-116/RJ;Pista Sul;Colisão traseira;1;2;0;0;0;0;1
16/11/2012;17:43:00;550;sem vítima;173,5;BR-116/RJ;Pista Sul;Abalroamento longitudinal;1;2;0;0;0;0;1
16/11/2012;20:56:00;678;sem vítima;175,5;BR-116/RJ;Pista Sul;Abalroamento longitudinal;1;2;0;0;0;0;1
16/11/2012;11:42:00;334;sem vítima;178,8;BR-116/RJ;Pista Sul;Abalroamento longitudinal;1;2;0;0;0;0;1
16/11/2012;05:41:00;88;sem vítima;212,8;BR-116/RJ;Pista Norte;Colisão traseira;1;4;0;0;0;0;1
16/11/2012;12:41:00;361;sem vítima;222,1;BR-116/SP;Pista Sul;Abalroamento longitudinal;1;6;0;0;0;0;1
16/11/2012;04:38:00;63;sem vítima;224,45;BR-116/RJ;Pista Norte;Colisão traseira;2;2;0;0;0;0;1
16/11/2012;16:11:00;484;sem vítima;288,67;BR-116/RJ;Pista Sul;Outros;1;1;0;0;0;0;1
17/11/2012;03:56:00;62;sem vítima;132,17;BR-116/SP;Pista Norte;Colisão traseira;2;2;0;0;0;0;1
17/11/2012;12:01:00;318;com vítima;172,7;BR-116/RJ;Pista Sul;Colisão traseira;1;3;3;0;0;0;1
17/11/2012;03:07:00;54;com vítima;188,78;BR-116/RJ;Pista Norte;Colisão traseira;1;2;0;0;0;1;3
17/11/2012;17:25:00;507;sem vítima;211,95;BR-116/SP;Pista Sul;Choque em veículo parado na pista;1;5;0;0;0;0;1
17/11/2012;14:07:00;391;com vítima;230;BR-116/RJ;Pista Sul;Choque em barreira New Jersey;1;1;0;1;0;0;2
18/11/2012;18:37:00;519;sem vítima;224,1;BR-116/RJ;Pista Norte;Abalroamento longitudinal;1;4;0;0;0;0;1
19/11/2012;20:43:00;695;com vítima;44,9;BR-116/SP;Pista Sul;Colisão traseira;1;0;1;4;0;1;3
19/11/2012;22:32:00;740;com vítima;155,1;BR-116/SP;Pista Norte;Abalroamento longitudinal;1;1;1;0;0;0;1
19/11/2012;15:31:00;499;sem vítima;165;BR-116/RJ;Pista Sul;Colisão traseira;2;2;0;0;0;0;1
19/11/2012;02:32:00;47;sem vítima;165,2;BR-116/SP;Pista Sul;Colisão traseira;1;7;0;0;0;0;1
19/11/2012;07:49:00;177;sem vítima;169,5;BR-116/RJ;Pista Sul;Colisão traseira;1;13;0;0;0;0;1
19/11/2012;16:35:00;542;sem vítima;174,8;BR-116/RJ;Pista Sul;Abalroamento longitudinal;1;2;0;0;0;0;1
19/11/2012;15:44:00;508;com vítima;185,6;BR-116/RJ;Pista Sul;Choque em barreira New Jersey;2;1;1;0;0;0;1
19/11/2012;16:03:00;525;sem vítima;185,7;BR-116/RJ;Pista Sul;Abalroamento longitudinal;1;2;0;0;0;0;1
19/11/2012;05:43:00;97;com vítima;218,8;BR-116/SP;Pista Sul;Choque em objeto na pista;1;1;1;0;0;0;1
19/11/2012;16:09:00;530;sem vítima;221,4;BR-116/SP;Pista Norte;Colisão traseira;2;2;0;0;0;0;1
19/11/2012;16:58:00;560;com vítima;224,3;BR-116/RJ;Pista Norte;Choque Talude;1;0;1;0;0;0;1
19/11/2012;15:02:00;473;com vítima;246,4;BR-116/RJ;Pista Norte;Choque Talude;1;0;1;2;0;0;2
19/11/2012;13:23:00;408;sem vítima;270,9;BR-116/RJ;Pista Norte;Abalroamento longitudinal;1;5;0;0;0;0;1
20/11/2012;22:01:00;686;sem vítima;7,1;BR-116/SP;Pista Sul;Choque em objeto na pista;4;4;0;0;0;0;1
20/11/2012;07:07:00;113;sem vítima;11,5;BR-116/SP;Pista Sul;Colisão traseira;1;2;0;0;0;0;1
20/11/2012;03:13:00;47;sem vítima;43,1;BR-116/SP;Pista Norte;Choque em barreira New Jersey;1;2;0;0;0;0;1
20/11/2012;09:20:00;208;sem vítima;135,4;BR-116/SP;Pista Norte;Colisão traseira;2;3;0;0;0;0;1
20/11/2012;22:56:00;705;sem vítima;145,2;BR-116/SP;Pista Norte;Abalroamento longitudinal;1;2;0;0;0;0;1
20/11/2012;19:05:00;589;sem vítima;166,1;BR-116/RJ;Pista Sul;Abalroamento longitudinal;1;2;0;0;0;0;1
20/11/2012;07:38:00;137;sem vítima;182;BR-116/SP;Pista Norte;Colisão traseira;1;4;0;0;0;0;1
20/11/2012;16:38:00;491;sem vítima;218,14;BR-116/RJ;Pista Norte;Tombamento;1;1;0;0;0;0;1
20/11/2012;11:00:00;269;com vítima;220,35;BR-116/RJ;Pista Sul;Outros;1;0;1;0;0;0;1
20/11/2012;07:13:00;121;sem vítima;222,7;BR-116/RJ;Pista Norte;Colisão traseira;1;2;0;0;0;0;1
20/11/2012;03:08:00;44;com vítima;226,4;BR-116/SP;Pista Sul;Choque em veículo parado na pista;1;3;2;0;0;0;1
20/11/2012;09:59:00;227;sem vítima;227,2;BR-116/RJ;Pista Norte;Choque em barreira New Jersey;1;1;0;0;0;0;1
20/11/2012;10:49:00;261;sem vítima;235,2;BR-116/RJ;Pista Norte;Engavetamento;3;3;0;0;0;0;1
20/11/2012;03:30:00;49;sem vítima;288,6;BR-116/RJ;Pista Sul;Choque em objeto na pista;1;1;0;0;0;0;1
21/11/2012;09:58:00;293;sem vítima;17;BR-116/SP;Pista Sul;Outros;1;1;0;0;0;0;1
21/11/2012;09:34:00;272;sem vítima;45,9;BR-116/SP;Pista Sul;Abalroamento longitudinal;1;1;0;0;0;0;1
21/11/2012;16:50:00;569;com vítima;110,15;BR-116/SP;Pista Sul;Abalroamento longitudinal;1;3;0;1;0;0;2
21/11/2012;14:38:00;470;sem vítima;173,5;BR-116/RJ;Pista Sul;Colisão traseira;1;2;0;0;0;0;1
21/11/2012;23:28:00;827;sem vítima;174,8;BR-116/RJ;Pista Norte;Engavetamento;1;8;0;0;0;0;1
21/11/2012;03:12:00;32;sem vítima;198,1;BR-116/RJ;Pista Sul;Queda de ribanceira;1;1;0;0;0;0;1
21/11/2012;14:28:00;463;sem vítima;222;BR-116/SP;Pista Sul;Colisão traseira;1;2;0;0;0;0;1
21/11/2012;16:20:00;553;sem vítima;227,6;BR-116/SP;Pista Norte;Abalroamento longitudinal;1;2;0;0;0;0;1
21/11/2012;17:39:00;604;sem vítima;228,8;BR-116/SP;Pista Norte;Engavetamento;1;4;0;0;0;0;1
22/11/2012;17:48:00;634;com vítima;133,8;BR-116/SP;Pista Sul;Engavetamento;3;2;1;0;0;0;1
22/11/2012;18:36:00;679;sem vítima;164,1;BR-116/RJ;Pista Norte;Abalroamento longitudinal;1;69;0;0;0;0;1
22/11/2012;04:19:00;64;com vítima;168,7;BR-116/RJ;Pista Norte;Choque em objeto na pista;1;1;1;0;0;0;1
22/11/2012;04:33:00;68;sem vítima;179,8;BR-116/RJ;Pista Norte;Choque Talude;1;1;0;0;0;0;1
22/11/2012;07:23:00;156;com vítima;206,8;BR-116/SP;Pista Sul;Abalroamento longitudinal;1;3;0;1;0;0;2
22/11/2012;17:21:00;605;sem vítima;225,9;BR-116/SP;Pista Norte;Colisão traseira;1;2;0;0;0;0;1
22/11/2012;13:47:00;460;sem vítima;226,1;BR-116/RJ;Pista Norte;Colisão traseira;2;2;0;0;0;0;1
23/11/2012;12:40:00;434;sem vítima;5;BR-116/SP;Pista Sul;Colisão frontal;1;2;0;0;0;0;1
23/11/2012;15:03:00;532;sem vítima;111,95;BR-116/SP;Pista Norte;Colisão traseira;2;2;0;0;0;0;1
23/11/2012;17:00:00;638;sem vítima;144,8;BR-116/SP;Pista Norte;Colisão traseira;2;2;0;0;0;0;1
23/11/2012;07:29:00;180;sem vítima;157,9;BR-116/SP;Pista Sul;Choque em barreira New Jersey;1;1;0;0;0;0;1
23/11/2012;15:56:00;575;sem vítima;165,6;BR-116/RJ;Pista Sul;Abalroamento longitudinal;1;2;0;0;0;0;1
23/11/2012;15:46:00;565;sem vítima;165,8;BR-116/RJ;Pista Sul;Colisão traseira;1;3;0;0;0;0;1
23/11/2012;12:31:00;425;com vítima;174,8;BR-116/SP;Pista Sul;Abalroamento longitudinal;1;2;1;0;0;0;1
23/11/2012;15:52:00;569;sem vítima;178,1;BR-116/RJ;Pista Sul;Colisão traseira;2;2;0;0;0;0;1
23/11/2012;19:30:00;791;sem vítima;190,98;BR-116/RJ;Pista Sul;Abalroamento longitudinal;1;2;0;0;0;0;1
23/11/2012;00:01:00;1;sem vítima;197,8;BR-116/SP;Pista Sul;Abalroamento longitudinal;1;2;0;0;0;0;1
23/11/2012;22:52:00;924;sem vítima;216,1;BR-116/SP;Pista Sul;Abalroamento longitudinal;1;3;0;0;0;0;1
23/11/2012;22:14:00;898;com vítima;217,6;BR-116/SP;Pista Sul;Choque em veículo parado na pista;1;6;3;0;0;1;3
23/11/2012;22:19:00;903;com vítima;266,1;BR-116/RJ;Pista Norte;Choque em objeto na pista;1;3;1;0;0;0;1
24/11/2012;09:48:00;281;sem vítima;145,1;BR-116/SP;Pista Norte;Engavetamento;1;7;0;0;0;0;1
24/11/2012;14:33:00;472;sem vítima;149;BR-116/SP;Pista Norte;Colisão traseira;1;4;0;0;0;0;1
24/11/2012;09:41:00;278;com vítima;172,7;BR-116/SP;Pista Sul;Colisão traseira;1;2;1;0;0;0;1
24/11/2012;14:27:00;464;sem vítima;173;BR-116/RJ;Pista Sul;Abalroamento longitudinal;1;2;0;0;0;0;1
24/11/2012;06:59:00;152;com vítima;203,7;BR-116/RJ;Pista Sul;Abalroamento longitudinal;2;3;0;3;0;1;3
24/11/2012;05:57:00;109;sem vítima;204;BR-116/SP;Pista Norte;Colisão traseira;1;2;0;0;0;0;1