data;horario;n_da_ocorrencia;tipo_de_ocorrencia;km;trecho;sentido;tipo_de_acidente;caminhao;ilesos;levemente_feridos;moderadamente_feridos;gravemente_feridos;mortos;3
24/11/2012;20:10:00;657;sem vítima;204;BR-116/SP;Pista Sul;Choque em objeto fixo;1;3;0;0;0;0;1
24/11/2012;22:53:00;731;sem vítima;227,2;BR-116/RJ;Pista Norte;Outros;1;1;0;0;0;0;1
24/11/2012;02:13:00;59;sem vítima;258,5;BR-116/RJ;Pista Sul;Colisão traseira;2;2;0;0;0;0;1
24/11/2012;14:57:00;482;com vítima;277,1;BR-116/RJ;Pista Norte;Colisão traseira;1;1;4;0;0;0;1
24/11/2012;13:55:00;447;sem vítima;310,5;BR-116/RJ;Pista Sul;Abalroamento longitudinal;2;3;0;0;0;0;1
25/11/2012;08:39:00;159;com vítima;102,4;BR-116/SP;Pista Norte;Queda de moto;2;5;4;2;0;0;2
25/11/2012;05:05:00;65;sem vítima;142,9;BR-116/SP;Pista Sul;Engavetamento;1;6;0;0;0;0;1
25/11/2012;18:35:00;452;sem vítima;224,3;BR-116/RJ;Pista Norte;Engavetamento;1;53;0;0;0;0;1
25/11/2012;20:32:00;523;sem vítima;254,75;BR-116/RJ;Pista Norte;Abalroamento longitudinal;1;2;0;0;0;0;1
25/11/2012;07:34:00;132;com vítima;307,1;BR-116/RJ;Pista Sul;Choque em barreira New Jersey;1;2;1;0;0;0;1
26/11/2012;04:32:00;56;sem vítima;38,5;BR-116/SP;Pista Norte;Tombamento;1;1;0;0;0;0;1
26/11/2012;16:42:00;536;sem vítima;165,1;BR-116/RJ;Pista Norte;Abalroamento longitudinal;1;2;0;0;0;0;1
26/11/2012;16:25:00;531;sem vítima;165,3;BR-116/RJ;Pista Norte;Colisão traseira;1;2;0;0;0;0;1
26/11/2012;10:47:00;309;sem vítima;165,4;BR-116/RJ;Pista Sul;Colisão traseira;1;3;0;0;0;0;1
26/11/2012;17:57:00;588;sem vítima;168,4;BR-116/RJ;Pista Sul;Engavetamento;1;8;0;0;0;0;1
26/11/2012;14:33:00;466;sem vítima;175,2;BR-116/RJ;Pista Norte;Abalroamento longitudinal;1;2;0;0;0;0;1
26/11/2012;15:48:00;508;sem vítima;180,15;BR-116/RJ;Pista Sul;Abalroamento longitudinal;1;2;0;0;0;0;1
26/11/2012;08:38:00;202;com vítima;213,5;BR-116/SP;Pista Sul;Abalroamento longitudinal;1;2;1;0;0;0;1
26/11/2012;11:36:00;345;sem vítima;225,5;BR-116/SP;Pista Norte;Colisão traseira;1;2;0;0;0;0;1
26/11/2012;15:42:00;505;sem vítima;230,25;BR-116/RJ;Pista Norte;Tombamento;1;1;0;0;0;0;1
26/11/2012;08:47:00;214;sem vítima;251,2;BR-116/RJ;Pista Sul;Colisão frontal;1;2;0;0;0;0;1
26/11/2012;02:30:00;33;sem vítima;301,1;BR-116/RJ;Pista Norte;Colisão traseira;1;2;0;0;0;0;1
27/11/2012;13:28:00;499;sem vítima;58,6;BR-116/SP;Pista Norte;Outros;1;1;0;0;0;0;1
27/11/2012;22:18:00;845;com vítima;140,1;BR-116/SP;Pista Norte;Atropelamento de pedestre atravessando;1;1;0;0;0;1;3
27/11/2012;20:00:00;774;sem vítima;171,2;BR-116/RJ;Pista Sul;Abalroamento longitudinal;1;2;0;0;0;0;1
27/11/2012;21:33:00;824;sem vítima;173,4;BR-116/RJ;Pista Sul;Abalroamento longitudinal;1;2;0;0;0;0;1
27/11/2012;18:59:00;733;com vítima;174,95;BR-116/RJ;Pista Sul;Colisão traseira;1;1;1;0;0;0;1
27/11/2012;08:07:00;219;com vítima;180,5;BR-116/RJ;Pista Norte;Colisão traseira;1;2;1;0;0;0;1
27/11/2012;08:35:00;242;sem vítima;221;BR-116/RJ;Pista Norte;Colisão traseira;1;2;0;0;0;0;1
27/11/2012;11:05:00;398;sem vítima;221,7;BR-116/RJ;Pista Norte;Abalroamento longitudinal;2;3;0;0;0;0;1
27/11/2012;15:24:00;572;sem vítima;226;BR-116/SP;Pista Norte;Colisão traseira;1;3;0;0;0;0;1
27/11/2012;15:21:00;570;sem vítima;246,9;BR-116/RJ;Pista Norte;Abalroamento longitudinal;1;2;0;0;0;0;1
27/11/2012;13:33:00;505;sem vítima;270,15;BR-116/RJ;Pista Norte;Choque Talude;1;1;0;0;0;0;1
28/11/2012;08:34:00;247;sem vítima;87;BR-116/SP;Pista Sul;Abalroamento longitudinal;1;5;0;0;0;0;1
28/11/2012;01:27:00;26;sem vítima;131,8;BR-116/SP;Pista Norte;Colisão traseira;2;2;0;0;0;0;1
28/11/2012;14:06:00;522;com vítima;132,5;BR-116/SP;Pista Sul;Atropelamento de pedestre atravessando;1;1;0;1;0;0;2
28/11/2012;12:49:00;470;sem vítima;143,3;BR-116/SP;Pista Norte;Abalroamento longitudinal;1;4;0;0;0;0;1
28/11/2012;06:11:00;102;sem vítima;175;BR-116/RJ;Pista Norte;Colisão traseira;2;6;0;0;0;0;1
28/11/2012;16:19:00;623;sem vítima;175,2;BR-116/RJ;Pista Sul;Abalroamento longitudinal;2;3;0;0;0;0;1
28/11/2012;16:30:00;629;sem vítima;175,2;BR-116/RJ;Pista Sul;Abalroamento longitudinal;1;2;0;0;0;0;1
28/11/2012;00:05:00;2;sem vítima;207;BR-116/RJ;Pista Sul;Choque em objeto fixo;1;1;0;0;0;0;1
28/11/2012;08:32:00;243;sem vítima;209,8;BR-116/SP;Pista Sul;Abalroamento longitudinal;1;2;0;0;0;0;1
28/11/2012;12:27:00;459;sem vítima;224,05;BR-116/RJ;Pista Norte;Tombamento;1;1;0;0;0;0;1
28/11/2012;18:06:00;689;sem vítima;226,3;BR-116/SP;Pista Norte;Abalroamento longitudinal;2;2;0;0;0;0;1
28/11/2012;21:06:00;789;sem vítima;230,8;BR-116/SP;Pista Norte;Colisão traseira;1;2;0;0;0;0;1
28/11/2012;18:30:00;712;sem vítima;333,1;BR-116/RJ;Pista Norte;Choque em objeto na pista;1;3;0;0;0;0;1
29/11/2012;15:33:00;535;com vítima;119,8;BR-116/SP;Pista Norte;Colisão traseira;1;1;1;0;0;0;1
29/11/2012;14:39:00;501;sem vítima;137,3;BR-116/SP;Pista Sul;Colisão traseira;1;4;0;0;0;0;1
29/11/2012;07:15:00;156;sem vítima;143,7;BR-116/SP;Pista Sul;Choque em objeto na pista;1;4;0;0;0;0;1
29/11/2012;06:56:00;139;sem vítima;164;BR-116/RJ;Pista Norte;Abalroamento longitudinal;1;2;0;0;0;0;1
29/11/2012;07:09:00;153;sem vítima;165;BR-116/SP;Pista Norte;Colisão traseira;1;3;0;0;0;0;1
29/11/2012;10:30:00;332;sem vítima;169,9;BR-116/RJ;Pista Sul;Colisão traseira;1;2;0;0;0;0;1
29/11/2012;13:12:00;446;sem vítima;173;BR-116/RJ;Pista Sul;Colisão traseira;1;2;0;0;0;0;1
29/11/2012;15:50:00;551;sem vítima;175;BR-116/RJ;Pista Norte;Abalroamento longitudinal;1;2;0;0;0;0;1
29/11/2012;04:48:00;82;sem vítima;186,5;BR-116/RJ;Pista Norte;Engavetamento;1;4;0;0;0;0;1
29/11/2012;13:30:00;458;sem vítima;190,6;BR-116/RJ;Pista Norte;Outros;1;2;0;0;0;0;1
29/11/2012;16:28:00;577;sem vítima;194,15;BR-116/RJ;Pista Sul;Abalroamento longitudinal;1;3;0;0;0;0;1
29/11/2012;01:37:00;41;sem vítima;205,8;BR-116/SP;Pista Norte;Colisão traseira;2;2;0;0;0;0;1
29/11/2012;12:43:00;427;com vítima;225,46;BR-116/SP;Pista Norte;Queda de moto;1;1;1;0;0;0;1
29/11/2012;00:10:00;6;sem vítima;259;BR-116/RJ;Pista Norte;Abalroamento longitudinal;1;13;0;0;0;0;1
29/11/2012;19:11:00;700;com vítima;323,45;BR-116/RJ;Pista Norte;Atropelamento de pedestre atravessando;1;41;1;0;0;0;1
30/11/2012;17:53:00;708;com vítima;19,9;BR-116/SP;Pista Norte;Colisão traseira;1;1;2;0;0;0;1
30/11/2012;12:13:00;440;sem vítima;27,8;BR-116/SP;Pista Norte;Choque em defensa;1;1;0;0;0;0;1
30/11/2012;11:51:00;427;sem vítima;158,1;BR-116/SP;Pista Sul;Colisão traseira;2;2;0;0;0;0;1
30/11/2012;21:31:00;881;sem vítima;173,15;BR-116/RJ;Pista Sul;Abalroamento longitudinal;1;5;0;0;0;0;1
30/11/2012;12:01:00;434;sem vítima;175,1;BR-116/RJ;Pista Norte;Abalroamento longitudinal;1;3;0;0;0;0;1
30/11/2012;20:13:00;821;sem vítima;175,1;BR-116/RJ;Pista Sul;Abalroamento longitudinal;1;2;0;0;0;0;1
30/11/2012;11:18:00;408;sem vítima;175,2;BR-116/RJ;Pista Norte;Abalroamento longitudinal;1;3;0;0;0;0;1
30/11/2012;01:52:00;29;com vítima;186,8;BR-116/RJ;Pista Norte;Abalroamento longitudinal;1;1;1;0;0;0;1
30/11/2012;03:10:00;53;com vítima;204;BR-116/SP;Pista Sul;Choque em veículo parado na pista;1;1;2;0;0;0;1
30/11/2012;07:36:00;172;sem vítima;204,5;BR-116/SP;Pista Sul;Colisão traseira;1;2;0;0;0;0;1
30/11/2012;19:47:00;806;sem vítima;207,1;BR-116/RJ;Pista Norte;Colisão traseira;1;27;0;0;0;0;1
30/11/2012;09:54:00;327;sem vítima;219,4;BR-116/RJ;Pista Norte;Tombamento;1;2;0;0;0;0;1
30/11/2012;06:06:00;98;sem vítima;224,1;BR-116/RJ;Pista Norte;Abalroamento longitudinal;2;2;0;0;0;0;1
30/11/2012;17:49:00;702;sem vítima;229,6;BR-116/RJ;Pista Norte;Outros;1;1;0;0;0;0;1
30/11/2012;22:53:00;923;sem vítima;265,7;BR-116/RJ;Pista Norte;Colisão traseira;1;2;0;0;0;0;1
30/11/2012;16:58:00;657;com vítima;276,95;BR-116/RJ;Pista Sul;Outros;1;0;1;0;0;0;1
30/11/2012;09:11:00;284;sem vítima;299,2;BR-116/RJ;Pista Norte;Colisão traseira;2;2;0;0;0;0;1
30/11/2012;13:55:00;510;com vítima;314,5;BR-116/RJ;Pista Sul;Engavetamento;2;23;4;0;0;0;1
01/12/2012;00:45:00;13;sem vítima;230,9;BR-116/SP;Pista Norte;Colisão traseira;1;2;0;0;0;0;1
01/12/2012;03:32:00;58;com vítima;219,68;BR-116/SP;Pista Norte;Atropelamento de pedestre caminhando;1;2;0;0;0;1;3
01/12/2012;07:35:00;163;sem vítima;176,5;BR-116/RJ;Pista Norte;Abalroamento longitudinal;1;4;0;0;0;0;1
01/12/2012;13:30:00;433;sem vítima;174,6;BR-116/RJ;Pista Sul;Abalroamento longitudinal;1;6;0;0;0;0;1
01/12/2012;17:10:00;593;sem vítima;175,6;BR-116/RJ;Pista Sul;Abalroamento longitudinal;1;2;0;0;0;0;1
01/12/2012;18:04:00;628;sem vítima;155,2;BR-116/SP;Pista Norte;Tombamento;1;1;0;0;0;0;1
01/12/2012;18:54:00;667;com vítima;22,15;BR-116/SP;Pista Sul;Choque em barreira New Jersey;1;0;1;0;0;0;1
01/12/2012;23:51:00;841;sem vítima;178,9;BR-116/RJ;Pista Norte;Abalroamento longitudinal;1;2;0;0;0;0;1
02/12/2012;16:26:00;456;sem vítima;104,6;BR-116/SP;Pista Sul;Abalroamento longitudinal;1;3;0;0;0;0;1
02/12/2012;20:59:00;639;sem vítima;8,85;BR-116/SP;Pista Sul;Colisão traseira;1;2;0;0;0;0;1
02/12/2012;23:20:00;725;com vítima;200,7;BR-116/RJ;Pista Sul;Abalroamento longitudinal;1;5;1;0;0;0;1
03/12/2012;06:01:00;111;sem vítima;250,5;BR-116/RJ;Pista Norte;Abalroamento longitudinal;1;2;0;0;0;0;1
03/12/2012;09:10:00;262;sem vítima;89,99;BR-116/SP;Pista Sul;Colisão traseira;2;2;0;0;0;0;1
03/12/2012;16:42:00;544;sem vítima;183,6;BR-116/RJ;Pista Sul;Colisão traseira;1;2;0;0;0;0;1
03/12/2012;18:24:00;611;sem vítima;147;BR-116/SP;Pista Norte;Colisão traseira;2;3;0;0;0;0;1
03/12/2012;18:30:00;615;sem vítima;175;BR-116/RJ;Pista Norte;Abalroamento longitudinal;1;2;0;0;0;0;1
03/12/2012;18:45:00;620;sem vítima;227,4;BR-116/RJ;Pista Norte;Outros;1;2;0;0;0;0;1
04/12/2012;06:18:00;99;com vítima;162,35;BR-116/SP;Pista Sul;Abalroamento longitudinal;1;3;1;0;0;0;1
04/12/2012;06:47:00;119;sem vítima;204;BR-116/SP;Pista Norte;Choque em objeto fixo;1;1;0;0;0;0;1
04/12/2012;07:15:00;142;sem vítima;146,5;BR-116/SP;Pista Norte;Abalroamento longitudinal;1;2;0;0;0;0;1
04/12/2012;07:59:00;179;sem vítima;146,5;BR-116/SP;Pista Norte;Abalroamento longitudinal;1;2;0;0;0;0;1
04/12/2012;09:40:00;294;sem vítima;180,4;BR-116/RJ;Pista Norte;Colisão traseira;2;2;0;0;0;0;1
04/12/2012;10:56:00;371;sem vítima;175,1;BR-116/RJ;Pista Norte;Colisão traseira;1;3;0;0;0;0;1
04/12/2012;12:55:00;445;sem vítima;183,4;BR-116/RJ;Pista Norte;Abalroamento longitudinal;1;3;0;0;0;0;1
04/12/2012;13:33:00;467;sem vítima;174,9;BR-116/RJ;Pista Norte;Engavetamento;1;3;0;0;0;0;1
04/12/2012;16:43:00;594;sem vítima;177,1;BR-116/RJ;Pista Norte;Colisão traseira;1;2;0;0;0;0;1
04/12/2012;16:58:00;599;sem vítima;146,6;BR-116/SP;Pista Norte;Engavetamento;1;7;0;0;0;0;1
04/12/2012;18:06:00;642;com vítima;296,65;BR-116/RJ;Pista Sul;Colisão traseira;2;1;1;0;0;0;1
04/12/2012;18:32:00;661;com vítima;317,3;BR-116/RJ;Pista Sul;Tombamento;1;0;2;0;0;0;1
04/12/2012;18:57:00;675;sem vítima;277;BR-116/RJ;Pista Norte;Choque em barreira New Jersey;1;5;0;0;0;0;1
04/12/2012;20:36:00;745;com vítima;265,65;BR-116/RJ;Pista Sul;Colisão traseira;2;1;0;1;0;0;2
05/12/2012;01:26:00;22;sem vítima;111,85;BR-116/SP;Pista Norte;Colisão traseira;2;2;0;0;0;0;1
05/12/2012;04:00:00;71;sem vítima;138,4;BR-116/SP;Pista Norte;Atropelamento de animal;1;1;0;0;0;0;1
05/12/2012;14:22:00;500;sem vítima;142,4;BR-116/SP;Pista Norte;Engavetamento;1;5;0;0;0;0;1
05/12/2012;14:32:00;511;sem vítima;229,1;BR-116/SP;Pista Norte;Abalroamento longitudinal;1;2;0;0;0;0;1
05/12/2012;14:54:00;523;sem vítima;228,8;BR-116/SP;Pista Norte;Colisão traseira;1;2;0;0;0;0;1
05/12/2012;15:10:00;537;sem vítima;43,1;BR-116/SP;Pista Sul;Engavetamento;1;4;0;0;0;0;1
05/12/2012;16:54:00;626;sem vítima;280,28;BR-116/RJ;Pista Norte;Colisão traseira;1;2;0;0;0;0;1
05/12/2012;18:20:00;688;com vítima;198,2;BR-116/SP;Pista Sul;Colisão traseira;2;1;0;1;0;0;2
05/12/2012;19:39:00;747;sem vítima;179,9;BR-116/RJ;Pista Norte;Abalroamento longitudinal;1;2;0;0;0;0;1
05/12/2012;21:27:00;839;sem vítima;178,8;BR-116/RJ;Pista Sul;Abalroamento longitudinal;1;2;0;0;0;0;1
05/12/2012;22:43:00;873;sem vítima;68,55;BR-116/SP;Pista Sul;Colisão traseira;2;3;0;0;0;0;1
06/12/2012;08:58:00;279;sem vítima;155,9;BR-116/SP;Pista Sul;Abalroamento longitudinal;1;1;0;0;0;0;1
06/12/2012;10:00:00;340;com vítima;178,3;BR-116/SP;Pista Sul;Colisão traseira;1;1;1;0;0;0;1
06/12/2012;10:03:00;342;com vítima;113,7;BR-116/SP;Pista Sul;Tombamento;1;0;2;0;0;0;1
06/12/2012;06:21:00;140;sem vítima;165,2;BR-116/SP;Pista Sul;Colisão traseira;1;4;0;0;0;0;1
06/12/2012;07:56:00;225;sem vítima;209;BR-116/SP;Pista Sul;Abalroamento longitudinal;1;1;0;0;0;0;1
06/12/2012;08:04:00;231;sem vítima;234,35;BR-116/RJ;Pista Sul;Choque em objeto na pista;1;2;0;0;0;0;1
06/12/2012;08:31:00;259;com vítima;117,8;BR-116/SP;Pista Norte;Colisão traseira;1;7;5;2;0;0;2
06/12/2012;11:11:00;395;com vítima;219,8;BR-116/SP;Pista Sul;Colisão traseira;1;1;1;0;0;0;1
06/12/2012;11:33:00;411;sem vítima;181,7;BR-116/RJ;Pista Norte;Colisão traseira;2;5;0;0;0;0;1
06/12/2012;12:10:00;432;sem vítima;36;BR-116/SP;Pista Sul;Colisão traseira;1;1;0;0;0;0;1
06/12/2012;12:15:00;437;sem vítima;133,6;BR-116/SP;Pista Norte;Colisão traseira;2;2;0;0;0;0;1
06/12/2012;14:10:00;528;sem vítima;167;BR-116/SP;Pista Norte;Abalroamento longitudinal;2;2;0;0;0;0;1
06/12/2012;14:27:00;537;sem vítima;175,7;BR-116/RJ;Pista Norte;Colisão traseira;1;2;0;0;0;0;1
06/12/2012;14:37:00;548;sem vítima;148,2;BR-116/SP;Pista Sul;Abalroamento longitudinal;1;2;0;0;0;0;1
06/12/2012;14:42:00;550;sem vítima;10;BR-116/SP;Pista Sul;Abalroamento longitudinal;2;2;0;0;0;0;1
06/12/2012;16:34:00;646;com vítima;24,75;BR-116/SP;Pista Sul;Choque Talude;1;0;1;0;0;0;1
06/12/2012;17:50:00;716;sem vítima;299,5;BR-116/RJ;Pista Norte;Colisão traseira;2;2;0;0;0;0;1
06/12/2012;19:31:00;805;sem vítima;173,5;BR-116/RJ;Pista Sul;Abalroamento longitudinal;1;8;0;0;0;0;1
06/12/2012;19:34:00;808;sem vítima;226,55;BR-116/SP;Pista Sul;Colisão traseira;1;2;0;0;0;0;1
06/12/2012;20:14:00;829;com vítima;172,8;BR-116/RJ;Pista Sul;Colisão traseira;1;1;7;2;0;0;2
06/12/2012;21:54:00;890;sem vítima;18,2;BR-116/SP;Pista Norte;Colisão traseira;2;2;0;0;0;0;1
06/12/2012;23:07:00;940;com vítima;68,4;BR-116/SP;Pista Norte;Choque em barreira New Jersey;1;0;1;0;0;0;1
06/12/2012;23:15:00;945;sem vítima;161,2;BR-116/SP;Pista Sul;Colisão traseira;2;3;0;0;0;0;1
06/12/2012;23:25:00;948;sem vítima;86,9;BR-116/SP;Pista Norte;Colisão traseira;2;2;0;0;0;0;1
07/12/2012;07:10:00;180;sem vítima;142,25;BR-116/SP;Pista Norte;Colisão traseira;1;3;0;0;0;0;1
07/12/2012;04:13:00;100;com vítima;145;BR-116/SP;Pista Sul;Colisão traseira;2;2;1;0;0;0;1
07/12/2012;04:22:00;101;com vítima;64,2;BR-116/SP;Pista Sul;Abalroamento longitudinal;1;2;1;0;0;0;1
07/12/2012;04:27:00;102;sem vítima;3,75;BR-116/SP;Pista Norte;Outros;1;1;0;0;0;0;1
07/12/2012;06:02:00;138;com vítima;270,05;BR-116/RJ;Pista Norte;Abalroamento longitudinal;1;1;1;0;0;0;1
07/12/2012;07:37:00;212;sem vítima;192,1;BR-116/RJ;Pista Norte;Abalroamento longitudinal;1;23;0;0;0;0;1
07/12/2012;09:02:00;301;sem vítima;239,6;BR-116/RJ;Pista Norte;Engavetamento;3;3;0;0;0;0;1
07/12/2012;10:38:00;400;com vítima;273,9;BR-116/RJ;Pista Norte;Choque em barreira New Jersey;1;0;1;0;0;0;1
07/12/2012;11:15:00;427;sem vítima;230;BR-116/SP;Pista Sul;Abalroamento longitudinal;1;3;0;0;0;0;1
07/12/2012;11:20:00;433;sem vítima;219,05;BR-116/RJ;Pista Norte;Colisão traseira;1;6;0;0;0;0;1
07/12/2012;15:16:00;616;sem vítima;222;BR-116/RJ;Pista Sul;Colisão traseira;2;2;0;0;0;0;1
07/12/2012;15:32:00;627;sem vítima;270,1;BR-116/RJ;Pista Sul;Colisão traseira;1;3;0;0;0;0;1
07/12/2012;16:04:00;654;sem vítima;116;BR-116/SP;Pista Norte;Abalroamento longitudinal;1;2;0;0;0;0;1
07/12/2012;18:56:00;812;sem vítima;222,4;BR-116/SP;Pista Norte;Engavetamento;1;5;0;0;0;0;1
07/12/2012;19:30:00;842;com vítima;302,55;BR-116/RJ;Pista Norte;Atropelamento de pedestre atravessando;1;1;0;0;0;1;3
07/12/2012;20:12:00;874;sem vítima;175;BR-116/RJ;Pista Norte;Colisão traseira;1;2;0;0;0;0;1
07/12/2012;20:38:00;893;sem vítima;104,5;BR-116/SP;Pista Norte;Colisão traseira;1;3;0;0;0;0;1
07/12/2012;21:10:00;913;sem vítima;17;BR-116/SP;Pista Sul;Abalroamento longitudinal;2;2;0;0;0;0;1
07/12/2012;21:44:00;940;sem vítima;225,5;BR-116/SP;Pista Norte;Abalroamento longitudinal;1;2;0;0;0;0;1
08/12/2012;00:29:00;16;sem vítima;235,6;BR-116/RJ;Pista Norte;Colisão traseira;1;2;0;0;0;0;1
08/12/2012;04:44:00;93;sem vítima;248,3;BR-116/RJ;Pista Norte;Abalroamento longitudinal;1;3;0;0;0;0;1
08/12/2012;06:34:00;137;com vítima;290;BR-116/RJ;Pista Norte;Abalroamento longitudinal;1;1;1;0;0;0;1
08/12/2012;08:31:00;242;sem vítima;119,6;BR-116/SP;Pista Norte;Colisão traseira;1;4;0;0;0;0;1
08/12/2012;09:10:00;276;com vítima;230,9;BR-116/SP;Pista Norte;Abalroamento longitudinal;1;1;1;0;0;0;1
08/12/2012;09:49:00;309;sem vítima;274,25;BR-116/RJ;Pista Sul;Abalroamento longitudinal;2;2;0;0;0;0;1
08/12/2012;11:00:00;361;sem vítima;180;BR-116/SP;Pista Sul;Colisão traseira;1;2;0;0;0;0;1
08/12/2012;11:25:00;375;com vítima;166,8;BR-116/RJ;Pista Norte;Abalroamento longitudinal;1;3;0;2;0;0;2
08/12/2012;11:49:00;386;sem vítima;140,35;BR-116/SP;Pista Sul;Abalroamento longitudinal;1;3;0;0;0;0;1
08/12/2012;13:42:00;468;sem vítima;181;BR-116/RJ;Pista Norte;Engavetamento;1;3;0;0;0;0;1
08/12/2012;13:43:00;471;sem vítima;182;BR-116/SP;Pista Norte;Choque em veículo parado na pista;1;5;0;0;0;0;1
08/12/2012;14:59:00;527;sem vítima;220,45;BR-116/RJ;Pista Norte;Tombamento;1;1;0;0;0;0;1
08/12/2012;15:26:00;544;sem vítima;177,3;BR-116/SP;Pista Norte;Colisão traseira;1;3;0;0;0;0;1
08/12/2012;16:19:00;573;sem vítima;109;BR-116/SP;Pista Sul;Abalroamento longitudinal;2;2;0;0;0;0;1
08/12/2012;18:38:00;661;sem vítima;222,6;BR-116/RJ;Pista Norte;Tombamento;1;1;0;0;0;0;1
08/12/2012;19:58:00;721;sem vítima;181;BR-116/SP;Pista Sul;Abalroamento longitudinal;2;3;0;0;0;0;1
09/12/2012;08:10:00;172;sem vítima;204;BR-116/RJ;Pista Sul;Colisão traseira;2;2;0;0;0;0;1
09/12/2012;13:37:00;337;com vítima;227,2;BR-116/RJ;Pista Norte;Tombamento;1;0;1;0;0;0;1
09/12/2012;23:08:00;676;com vítima;293,1;BR-116/RJ;Pista Norte;Colisão traseira;2;1;0;2;0;0;2
10/12/2012;21:20:00;778;sem vítima;128,4;BR-116/SP;Pista Sul;Abalroamento longitudinal;2;2;0;0;0;0;1
10/12/2012;22:21:00;827;sem vítima;148,8;BR-116/SP;Pista Sul;Colisão traseira;2;3;0;0;0;0;1
10/12/2012;05:00:00;63;com vítima;224,05;BR-116/RJ;Pista Norte;Tombamento;1;0;1;1;0;0;2
10/12/2012;06:11:00;97;sem vítima;174,1;BR-116/RJ;Pista Norte;Colisão traseira;1;15;0;0;0;0;1
10/12/2012;06:14:00;98;sem vítima;314,2;BR-116/RJ;Pista Norte;Choque em objeto na pista;1;2;0;0;0;0;1
10/12/2012;07:35:00;165;com vítima;181,1;BR-116/RJ;Pista Norte;Engavetamento;1;4;2;0;0;0;1
10/12/2012;08:12:00;211;com vítima;69,5;BR-116/SP;Pista Sul;Abalroamento longitudinal;1;2;1;0;0;0;1
10/12/2012;08:23:00;221;sem vítima;215,7;BR-116/SP;Pista Sul;Abalroamento longitudinal;1;2;0;0;0;0;1
10/12/2012;09:23:00;273;sem vítima;198,9;BR-116/SP;Pista Sul;Colisão traseira;2;3;0;0;0;0;1
10/12/2012;09:46:00;289;sem vítima;181,9;BR-116/RJ;Pista Norte;Abalroamento longitudinal;1;2;0;0;0;0;1
10/12/2012;10:04:00;306;sem vítima;165,3;BR-116/SP;Pista Sul;Colisão traseira;1;4;0;0;0;0;1
10/12/2012;13:55:00;461;sem vítima;178,7;BR-116/RJ;Pista Norte;Colisão traseira;1;2;0;0;0;0;1
10/12/2012;14:52:00;505;sem vítima;200,4;BR-116/SP;Pista Sul;Outros;1;2;0;0;0;0;1
10/12/2012;16:40:00;581;sem vítima;227,4;BR-116/RJ;Pista Sul;Abalroamento longitudinal;1;4;0;0;0;0;1
10/12/2012;16:57:00;592;com vítima;121,5;BR-116/SP;Pista Sul;Tombamento;1;0;2;0;0;0;1
10/12/2012;20:27:00;761;sem vítima;217,25;BR-116/RJ;Pista Sul;Choque em objeto fixo;1;1;0;0;0;0;1
10/12/2012;20:40:00;764;sem vítima;165,6;BR-116/RJ;Pista Sul;Colisão traseira;1;10;0;0;0;0;1
10/12/2012;23:59:00;873;sem vítima;218,35;BR-116/SP;Pista Sul;Choque em barreira New Jersey;1;1;0;0;0;0;1
11/12/2012;06:44:00;144;sem vítima;165,5;BR-116/RJ;Pista Norte;Engavetamento;2;3;0;0;0;0;1
11/12/2012;10:05:00;340;com vítima;172,6;BR-116/RJ;Pista Norte;Colisão traseira;1;1;0;1;0;0;2
11/12/2012;10:54:00;376;com vítima;229,9;BR-116/SP;Pista Sul;Colisão traseira;2;1;2;0;0;0;1
11/12/2012;12:55:00;470;sem vítima;300,6;BR-116/RJ;Pista Norte;Choque em objeto na pista;2;2;0;0;0;0;1
11/12/2012;13:08:00;477;sem vítima;203,8;BR-116/RJ;Pista Sul;Colisão traseira;1;3;0;0;0;0;1
11/12/2012;14:36:00;529;sem vítima;181,3;BR-116/SP;Pista Sul;Abalroamento longitudinal;2;4;0;0;0;0;1
11/12/2012;15:29:00;563;com vítima;193,45;BR-116/SP;Pista Sul;Choque Talude;1;1;2;0;0;0;1
11/12/2012;16:05:00;595;sem vítima;224,65;BR-116/RJ;Pista Norte;Abalroamento longitudinal;2;3;0;0;0;0;1
11/12/2012;16:39:00;619;sem vítima;96,2;BR-116/SP;Pista Sul;Outros;1;1;0;0;0;0;1
11/12/2012;17:52:00;685;sem vítima;165,25;BR-116/RJ;Pista Sul;Colisão traseira;1;2;0;0;0;0;1
11/12/2012;18:21:00;718;sem vítima;175,3;BR-116/RJ;Pista Norte;Abalroamento longitudinal;1;2;0;0;0;0;1
11/12/2012;18:37:00;734;sem vítima;118,9;BR-116/SP;Pista Sul;Colisão traseira;1;2;0;0;0;0;1
11/12/2012;19:19:00;762;com vítima;165,1;BR-116/RJ;Pista Sul;Abalroamento longitudinal;1;2;0;1;0;0;2
11/12/2012;20:40:00;826;sem vítima;209,1;BR-116/RJ;Pista Sul;Outros;1;1;0;0;0;0;1
11/12/2012;23:48:00;912;com vítima;183,8;BR-116/RJ;Pista Norte;Choque em barreira New Jersey;1;35;5;0;0;0;1
12/12/2012;04:22:00;98;com vítima;60,85;BR-116/SP;Pista Sul;Colisão traseira;1;1;1;0;0;0;1
12/12/2012;05:31:00;114;sem vítima;249;BR-116/RJ;Pista Sul;Colisão traseira;2;2;0;0;0;0;1
12/12/2012;06:44:00;149;sem vítima;292;BR-116/RJ;Pista Sul;Colisão traseira;1;22;0;0;0;0;1
12/12/2012;06:53:00;156;sem vítima;155;BR-116/SP;Pista Norte;Choque em veículo parado na pista;2;3;0;0;0;0;1
12/12/2012;08:41:00;260;com vítima;62,4;BR-116/SP;Pista Norte;Tombamento;1;0;1;0;0;0;1