data;horario;n_da_ocorrencia;tipo_de_ocorrencia;km;trecho;sentido;tipo_de_acidente;caminhao;ilesos;levemente_feridos;moderadamente_feridos;gravemente_feridos;mortos;3
12/12/2012;09:08:00;280;sem vítima;228,3;BR-116/RJ;Pista Sul;Outros;1;1;0;0;0;0;1
12/12/2012;11:09:00;375;sem vítima;172,65;BR-116/RJ;Pista Norte;Abalroamento longitudinal;1;2;0;0;0;0;1
12/12/2012;11:12:00;379;sem vítima;65,55;BR-116/SP;Pista Sul;Choque em defensa;1;1;0;0;0;0;1
12/12/2012;13:17:00;457;com vítima;238;BR-116/RJ;Pista Sul;Colisão traseira;2;1;1;0;0;0;1
12/12/2012;13:36:00;468;sem vítima;114,1;BR-116/SP;Pista Norte;Colisão traseira;1;2;0;0;0;0;1
12/12/2012;13:38:00;471;sem vítima;165;BR-116/SP;Pista Norte;Choque em veículo parado na pista;2;4;0;0;0;0;1
12/12/2012;15:07:00;524;sem vítima;311;BR-116/RJ;Pista Norte;Tombamento;1;1;0;0;0;0;1
12/12/2012;15:13:00;527;sem vítima;173,8;BR-116/RJ;Pista Sul;Abalroamento longitudinal;1;2;0;0;0;0;1
12/12/2012;15:30:00;542;sem vítima;192,3;BR-116/RJ;Pista Norte;Choque em veículo parado na pista;1;2;0;0;0;0;1
12/12/2012;20:13:00;744;sem vítima;173,7;BR-116/RJ;Pista Sul;Abalroamento longitudinal;1;2;0;0;0;0;1
13/12/2012;09:04:00;245;com vítima;174,8;BR-116/RJ;Pista Norte;Abalroamento longitudinal;1;3;2;0;0;0;1
13/12/2012;09:37:00;274;sem vítima;69,3;BR-116/SP;Pista Sul;Colisão traseira;2;2;0;0;0;0;1
13/12/2012;12:41:00;420;sem vítima;229,7;BR-116/SP;Pista Norte;Colisão traseira;1;2;0;0;0;0;1
13/12/2012;00:47:00;21;com vítima;153,9;BR-116/SP;Pista Sul;Colisão traseira;1;1;1;0;0;0;1
13/12/2012;04:15:00;69;com vítima;180,2;BR-116/RJ;Pista Norte;Atropelamento de pedestre atravessando;1;1;0;0;0;3;3
13/12/2012;07:47:00;163;sem vítima;64,2;BR-116/SP;Pista Norte;Colisão traseira;2;2;0;0;0;0;1
13/12/2012;08:48:00;233;sem vítima;126,3;BR-116/SP;Pista Norte;Choque em barreira New Jersey;1;1;0;0;0;0;1
13/12/2012;08:48:00;234;sem vítima;204;BR-116/SP;Pista Sul;Abalroamento longitudinal;1;3;0;0;0;0;1
13/12/2012;13:05:00;435;com vítima;175,8;BR-116/RJ;Pista Norte;Colisão traseira;1;1;2;0;0;0;1
13/12/2012;13:35:00;459;sem vítima;86,95;BR-116/SP;Pista Norte;Colisão traseira;2;3;0;0;0;0;1
13/12/2012;15:08:00;532;com vítima;211,1;BR-116/SP;Pista Norte;Colisão traseira;1;1;1;0;0;0;1
13/12/2012;15:22:00;541;sem vítima;225,83;BR-116/RJ;Pista Norte;Colisão traseira;1;2;0;0;0;0;1
13/12/2012;15:37:00;552;sem vítima;228;BR-116/RJ;Pista Norte;Choque em objeto fixo;1;1;0;0;0;0;1
13/12/2012;16:00:00;571;sem vítima;193,3;BR-116/SP;Pista Sul;Abalroamento longitudinal;1;2;0;0;0;0;1
13/12/2012;16:11:00;580;sem vítima;304;BR-116/RJ;Pista Sul;Abalroamento longitudinal;1;2;0;0;0;0;1
13/12/2012;16:12:00;581;sem vítima;0,9;BR-116/SP;Pista Norte;Outros;1;1;0;0;0;0;1
13/12/2012;17:44:00;656;sem vítima;220,1;BR-116/RJ;Pista Sul;Choque em objeto fixo;1;1;0;0;0;0;1
13/12/2012;18:28:00;691;sem vítima;173,8;BR-116/RJ;Pista Sul;Abalroamento longitudinal;1;4;0;0;0;0;1
13/12/2012;18:56:00;722;sem vítima;212,8;BR-116/SP;Pista Sul;Engavetamento;1;5;0;0;0;0;1
13/12/2012;19:43:00;758;sem vítima;35,5;BR-116/SP;Pista Sul;Choque em objeto na pista;1;1;0;0;0;0;1
13/12/2012;20:18:00;783;sem vítima;27,3;BR-116/SP;Pista Norte;Abalroamento longitudinal;1;2;0;0;0;0;1
13/12/2012;20:37:00;794;com vítima;206,4;BR-116/SP;Pista Norte;Abalroamento longitudinal;1;3;1;0;0;0;1
13/12/2012;22:36:00;857;sem vítima;219,6;BR-116/SP;Pista Norte;Abalroamento longitudinal;1;3;0;0;0;0;1
13/12/2012;23:59:00;892;sem vítima;223,05;BR-116/SP;Pista Norte;Choque em objeto fixo;1;1;0;0;0;0;1
14/12/2012;01:31:00;37;com vítima;28,8;BR-116/SP;Pista Norte;Engavetamento;2;2;0;0;1;0;2
14/12/2012;02:06:00;54;com vítima;198,45;BR-116/RJ;Pista Sul;Capotamento;2;49;3;0;0;0;1
14/12/2012;03:45:00;89;sem vítima;264,9;BR-116/RJ;Pista Norte;Outros;4;5;0;0;0;0;1
14/12/2012;03:55:00;119;com vítima;265,08;BR-116/RJ;Pista Norte;Colisão traseira;2;1;0;1;0;0;2
14/12/2012;10:46:00;383;sem vítima;181,4;BR-116/RJ;Pista Norte;Abalroamento longitudinal;3;3;0;0;0;0;1
14/12/2012;11:24:00;411;sem vítima;226,3;BR-116/RJ;Pista Sul;Tombamento;1;1;0;0;0;0;1
14/12/2012;13:32:00;484;com vítima;169,4;BR-116/RJ;Pista Sul;Engavetamento;1;3;1;0;0;0;1
14/12/2012;14:02:00;503;sem vítima;191,5;BR-116/SP;Pista Norte;Tombamento;1;2;0;0;0;0;1
14/12/2012;15:00:00;550;sem vítima;172,3;BR-116/RJ;Pista Norte;Colisão traseira;1;2;0;0;0;0;1
14/12/2012;15:08:00;559;sem vítima;209;BR-116/SP;Pista Norte;Colisão traseira;1;2;0;0;0;0;1
14/12/2012;15:30:00;569;sem vítima;183;BR-116/RJ;Pista Norte;Tombamento;1;1;0;0;0;0;1
14/12/2012;15:42:00;579;sem vítima;170;BR-116/RJ;Pista Sul;Colisão traseira;1;2;0;0;0;0;1
14/12/2012;16:43:00;619;sem vítima;202,8;BR-116/SP;Pista Norte;Abalroamento longitudinal;1;2;0;0;0;0;1
14/12/2012;17:06:00;631;sem vítima;181,68;BR-116/RJ;Pista Sul;Colisão traseira;2;2;0;0;0;0;1
14/12/2012;17:22:00;645;sem vítima;133,2;BR-116/SP;Pista Sul;Engavetamento;1;11;0;0;0;0;1
14/12/2012;19:17:00;740;sem vítima;177,5;BR-116/SP;Pista Sul;Choque em objeto fixo;1;3;0;0;0;0;1
14/12/2012;21:23:00;826;sem vítima;171,6;BR-116/RJ;Pista Norte;Abalroamento longitudinal;1;2;0;0;0;0;1
15/12/2012;04:24:00;94;sem vítima;73,7;BR-116/SP;Pista Sul;Abalroamento longitudinal;1;4;0;0;0;0;1
15/12/2012;05:21:00;111;sem vítima;147,7;BR-116/SP;Pista Sul;Choque em objeto fixo;1;1;0;0;0;0;1
15/12/2012;06:58:00;161;sem vítima;206,7;BR-116/SP;Pista Norte;Tombamento;1;1;0;0;0;0;1
15/12/2012;15:16:00;494;sem vítima;172,6;BR-116/RJ;Pista Norte;Abalroamento longitudinal;1;2;0;0;0;0;1
15/12/2012;15:50:00;513;com vítima;69,4;BR-116/SP;Pista Norte;Colisão traseira;2;1;2;0;0;0;1
15/12/2012;16:08:00;527;com vítima;24,6;BR-116/SP;Pista Norte;Colisão traseira;1;1;1;1;0;0;2
15/12/2012;20:04:00;698;sem vítima;239,1;BR-116/RJ;Pista Sul;Colisão traseira;2;2;0;0;0;0;1
15/12/2012;21:30:00;745;com vítima;177,8;BR-116/SP;Pista Sul;Choque em barreira New Jersey;1;0;1;0;0;0;1
15/12/2012;22:48:00;786;sem vítima;179,2;BR-116/SP;Pista Sul;Choque em objeto fixo;1;1;0;0;0;0;1
16/12/2012;10:47:00;299;sem vítima;211;BR-116/SP;Pista Norte;Abalroamento longitudinal;1;7;0;0;0;0;1
16/12/2012;11:22:00;316;sem vítima;208,05;BR-116/SP;Pista Norte;Abalroamento longitudinal;1;2;0;0;0;0;1
16/12/2012;13:55:00;400;sem vítima;18,6;BR-116/SP;Pista Norte;Choque em objeto na pista;1;3;0;0;0;0;1
16/12/2012;16:18:00;480;sem vítima;154,8;BR-116/SP;Pista Norte;Choque em objeto fixo;1;1;0;0;0;0;1
16/12/2012;16:48:00;501;sem vítima;195,25;BR-116/SP;Pista Norte;Engavetamento;1;3;0;0;0;0;1
16/12/2012;18:01:00;537;sem vítima;180,2;BR-116/RJ;Pista Norte;Engavetamento;2;13;0;0;0;0;1
16/12/2012;18:11:00;545;sem vítima;228,7;BR-116/RJ;Pista Sul;Outros;2;2;0;0;0;0;1
17/12/2012;00:49:00;19;sem vítima;71,9;BR-116/SP;Pista Sul;Abalroamento longitudinal;2;2;0;0;0;0;1
17/12/2012;02:54:00;63;sem vítima;165;BR-116/SP;Pista Sul;Colisão traseira;1;3;0;0;0;0;1
17/12/2012;03:21:00;70;sem vítima;178,9;BR-116/SP;Pista Sul;Choque em objeto fixo;1;1;0;0;0;0;1
17/12/2012;07:07:00;164;sem vítima;146;BR-116/SP;Pista Sul;Colisão traseira;1;47;0;0;0;0;1
17/12/2012;07:39:00;197;sem vítima;174,6;BR-116/RJ;Pista Norte;Colisão traseira;1;2;0;0;0;0;1
17/12/2012;10:44:00;355;sem vítima;224;BR-116/RJ;Pista Norte;Choque Talude;1;1;0;0;0;0;1
17/12/2012;10:53:00;366;sem vítima;172,4;BR-116/RJ;Pista Sul;Colisão traseira;1;2;0;0;0;0;1
17/12/2012;11:13:00;383;sem vítima;182;BR-116/SP;Pista Norte;Choque em objeto fixo;1;1;0;0;0;0;1
17/12/2012;12:01:00;430;com vítima;163,6;BR-116/RJ;Pista Sul;Abalroamento longitudinal;1;1;2;0;0;0;1
17/12/2012;12:07:00;436;sem vítima;175;BR-116/RJ;Pista Sul;Abalroamento longitudinal;1;3;0;0;0;0;1
17/12/2012;13:57:00;495;sem vítima;223,5;BR-116/SP;Pista Sul;Abalroamento longitudinal;1;2;0;0;0;0;1
17/12/2012;15:02:00;544;sem vítima;104,7;BR-116/SP;Pista Sul;Colisão traseira;2;2;0;0;0;0;1
17/12/2012;16:00:00;587;sem vítima;155,7;BR-116/SP;Pista Sul;Abalroamento longitudinal;1;2;0;0;0;0;1
17/12/2012;16:25:00;599;com vítima;214,6;BR-116/SP;Pista Norte;Tombamento;1;1;2;0;0;0;1
17/12/2012;19:22:00;726;sem vítima;172,2;BR-116/RJ;Pista Norte;Abalroamento longitudinal;2;3;0;0;0;0;1
17/12/2012;21:13:00;782;sem vítima;179;BR-116/SP;Pista Sul;Choque em objeto fixo;1;1;0;0;0;0;1
17/12/2012;22:14:00;817;com vítima;331,2;BR-116/RJ;Pista Sul;Colisão traseira;2;1;1;0;0;0;1
17/12/2012;22:51:00;836;sem vítima;172,2;BR-116/RJ;Pista Norte;Colisão traseira;1;2;0;0;0;0;1
17/12/2012;22:55:00;839;sem vítima;194,3;BR-116/RJ;Pista Norte;Choque em objeto na pista;1;3;0;0;0;0;1
18/12/2012;01:50:00;44;sem vítima;298,6;BR-116/RJ;Pista Sul;Colisão traseira;2;2;0;0;0;0;1
18/12/2012;05:37:00;107;sem vítima;37,65;BR-116/SP;Pista Norte;Outros;1;1;0;0;0;0;1
18/12/2012;08:31:00;234;com vítima;223,6;BR-116/RJ;Pista Norte;Tombamento;1;1;1;2;0;0;2
18/12/2012;11:00:00;339;com vítima;59,65;BR-116/SP;Pista Sul;Colisão traseira;1;2;0;0;0;1;3
18/12/2012;11:59:00;380;sem vítima;159;BR-116/SP;Pista Sul;Choque em objeto na pista;2;2;0;0;0;0;1
18/12/2012;13:33:00;449;sem vítima;184,85;BR-116/RJ;Pista Norte;Abalroamento longitudinal;1;2;0;0;0;0;1
18/12/2012;13:52:00;467;sem vítima;20,15;BR-116/SP;Pista Sul;Abalroamento longitudinal;1;2;0;0;0;0;1
18/12/2012;14:54:00;497;sem vítima;217;BR-116/RJ;Pista Norte;Engavetamento;3;3;0;0;0;0;1
18/12/2012;14:56:00;500;sem vítima;265,79;BR-116/RJ;Pista Norte;Abalroamento longitudinal;1;2;0;0;0;0;1
18/12/2012;15:23:00;523;sem vítima;223,85;BR-116/RJ;Pista Norte;Choque em barreira New Jersey;1;1;0;0;0;0;1
18/12/2012;16:05:00;561;sem vítima;23,9;BR-116/SP;Pista Norte;Tombamento;1;1;0;0;0;0;1
18/12/2012;17:35:00;627;sem vítima;182;BR-116/SP;Pista Norte;Colisão traseira;1;4;0;0;0;0;1
18/12/2012;20:18:00;728;sem vítima;225,5;BR-116/SP;Pista Norte;Choque em veículo parado na pista;1;5;0;0;0;0;1
18/12/2012;21:42:00;761;sem vítima;212;BR-116/SP;Pista Sul;Abalroamento longitudinal;1;7;0;0;0;0;1
18/12/2012;22:52:00;798;sem vítima;182;BR-116/SP;Pista Norte;Abalroamento longitudinal;1;2;0;0;0;0;1
19/12/2012;01:20:00;16;sem vítima;62;BR-116/SP;Pista Norte;Choque em objeto na pista;1;1;0;0;0;0;1
19/12/2012;01:43:00;19;sem vítima;261,25;BR-116/RJ;Pista Norte;Colisão traseira;2;2;0;0;0;0;1
19/12/2012;03:40:00;48;com vítima;212,1;BR-116/SP;Pista Norte;Colisão traseira;2;1;2;0;0;0;1
19/12/2012;05:50:00;86;sem vítima;179,8;BR-116/RJ;Pista Norte;Colisão traseira;1;3;0;0;0;0;1
19/12/2012;06:28:00;101;sem vítima;196,55;BR-116/RJ;Pista Norte;Choque em defensa;1;1;0;0;0;0;1
19/12/2012;06:47:00;110;com vítima;165,2;BR-116/SP;Pista Norte;Colisão traseira;1;1;1;0;0;0;1
19/12/2012;08:22:00;206;sem vítima;73,4;BR-116/SP;Pista Norte;Abalroamento longitudinal;1;5;0;0;0;0;1
19/12/2012;11:59:00;390;sem vítima;220,7;BR-116/RJ;Pista Norte;Choque Talude;1;1;0;0;0;0;1
19/12/2012;12:14:00;400;com vítima;220,4;BR-116/RJ;Pista Norte;Tombamento;1;0;1;0;0;0;1
19/12/2012;12:26:00;404;sem vítima;220,45;BR-116/RJ;Pista Norte;Colisão traseira;2;2;0;0;0;0;1
19/12/2012;13:54:00;465;sem vítima;191,7;BR-116/SP;Pista Norte;Choque em objeto fixo;1;1;0;0;0;0;1
19/12/2012;15:05:00;518;com vítima;178,2;BR-116/RJ;Pista Sul;Engavetamento;1;2;2;0;0;0;1
19/12/2012;15:19:00;529;com vítima;264,7;BR-116/RJ;Pista Norte;Tombamento;1;0;1;0;0;0;1
19/12/2012;15:35:00;541;com vítima;102,05;BR-116/SP;Pista Norte;Colisão traseira;2;1;0;1;0;0;2
19/12/2012;15:44:00;545;sem vítima;102,4;BR-116/SP;Pista Sul;Engavetamento;1;3;0;0;0;0;1
19/12/2012;16:39:00;577;sem vítima;70,2;BR-116/SP;Pista Sul;Outros;1;1;0;0;0;0;1
19/12/2012;18:06:00;640;sem vítima;210,3;BR-116/SP;Pista Norte;Abalroamento longitudinal;1;2;0;0;0;0;1
19/12/2012;18:57:00;674;sem vítima;204,5;BR-116/SP;Pista Norte;Colisão traseira;1;2;0;0;0;0;1
19/12/2012;20:58:00;764;sem vítima;175;BR-116/RJ;Pista Norte;Abalroamento longitudinal;1;5;0;0;0;0;1
19/12/2012;21:40:00;787;sem vítima;217,1;BR-116/RJ;Pista Sul;Colisão traseira;1;51;0;0;0;0;1
19/12/2012;21:56:00;800;sem vítima;269,1;BR-116/RJ;Pista Sul;Abalroamento longitudinal;2;3;0;0;0;0;1
19/12/2012;22:36:00;818;sem vítima;268,3;BR-116/RJ;Pista Sul;Colisão traseira;1;2;0;0;0;0;1
19/12/2012;23:03:00;836;sem vítima;119,1;BR-116/SP;Pista Sul;Choque em objeto fixo;1;3;0;0;0;0;1
19/12/2012;23:59:00;858;com vítima;322,15;BR-116/RJ;Pista Sul;Colisão traseira;2;1;1;0;0;0;1
20/12/2012;01:07:00;25;sem vítima;92,75;BR-116/SP;Pista Norte;Abalroamento longitudinal;1;2;0;0;0;0;1
20/12/2012;05:56:00;112;sem vítima;168,7;BR-116/RJ;Pista Norte;Abalroamento longitudinal;1;4;0;0;0;0;1
20/12/2012;06:32:00;145;sem vítima;245,3;BR-116/RJ;Pista Norte;Colisão traseira;1;41;0;0;0;0;1
20/12/2012;07:39:00;204;sem vítima;166,3;BR-116/RJ;Pista Norte;Colisão traseira;1;3;0;0;0;0;1
20/12/2012;07:50:00;219;com vítima;167;BR-116/SP;Pista Norte;Colisão frontal;1;1;0;1;0;0;2
20/12/2012;08:03:00;229;sem vítima;146,6;BR-116/SP;Pista Sul;Colisão traseira;1;3;0;0;0;0;1
20/12/2012;08:30:00;263;com vítima;78;BR-116/SP;Pista Sul;Choque em barreira New Jersey;1;0;1;0;0;0;1
20/12/2012;09:25:00;319;com vítima;267,2;BR-116/RJ;Pista Sul;Engavetamento;2;2;1;0;0;0;1
20/12/2012;11:37:00;444;sem vítima;227;BR-116/SP;Pista Sul;Colisão traseira;2;2;0;0;0;0;1
20/12/2012;12:08:00;469;sem vítima;213;BR-116/SP;Pista Sul;Engavetamento;1;4;0;0;0;0;1
20/12/2012;13:02:00;502;sem vítima;179,5;BR-116/RJ;Pista Sul;Engavetamento;2;6;0;0;0;0;1
20/12/2012;13:20:00;520;sem vítima;221,9;BR-116/SP;Pista Sul;Colisão traseira;1;4;0;0;0;0;1
20/12/2012;14:25:00;582;sem vítima;271,3;BR-116/RJ;Pista Sul;Colisão traseira;1;2;0;0;0;0;1
20/12/2012;14:41:00;595;sem vítima;176;BR-116/SP;Pista Norte;Colisão traseira;1;45;0;0;0;0;1
20/12/2012;15:51:00;656;sem vítima;175;BR-116/RJ;Pista Norte;Colisão traseira;1;2;0;0;0;0;1
20/12/2012;17:03:00;715;sem vítima;222,25;BR-116/SP;Pista Norte;Abalroamento longitudinal;1;2;0;0;0;0;1
20/12/2012;18:17:00;793;sem vítima;296,4;BR-116/RJ;Pista Sul;Engavetamento;2;3;0;0;0;0;1
20/12/2012;18:27:00;800;sem vítima;266,5;BR-116/RJ;Pista Norte;Engavetamento;3;3;0;0;0;0;1
20/12/2012;18:33:00;806;sem vítima;165,3;BR-116/SP;Pista Norte;Choque em objeto fixo;1;1;0;0;0;0;1
20/12/2012;19:42:00;876;sem vítima;148,3;BR-116/SP;Pista Norte;Colisão traseira;2;3;0;0;0;0;1
20/12/2012;21:51:00;969;sem vítima;22,4;BR-116/SP;Pista Norte;Abalroamento longitudinal;1;2;0;0;0;0;1
20/12/2012;22:16:00;981;sem vítima;124,6;BR-116/SP;Pista Norte;Colisão traseira;2;2;0;0;0;0;1
20/12/2012;22:17:00;982;sem vítima;23,5;BR-116/SP;Pista Norte;Colisão traseira;1;3;0;0;0;0;1
20/12/2012;22:20:00;983;com vítima;229,9;BR-116/SP;Pista Sul;Colisão traseira;2;3;1;0;0;0;1
20/12/2012;23:49:00;1022;sem vítima;71,4;BR-116/SP;Pista Sul;Outros;1;1;0;0;0;0;1
21/12/2012;11:13:00;444;sem vítima;211,3;BR-116/SP;Pista Sul;Colisão traseira;1;2;0;0;0;0;1
21/12/2012;11:25:00;457;sem vítima;179,4;BR-116/RJ;Pista Norte;Abalroamento longitudinal;1;2;0;0;0;0;1
21/12/2012;00:35:00;24;sem vítima;204,4;BR-116/SP;Pista Norte;Colisão traseira;2;4;0;0;0;0;1
21/12/2012;02:05:00;61;sem vítima;131,3;BR-116/SP;Pista Sul;Colisão traseira;2;2;0;0;0;0;1
21/12/2012;02:27:00;71;sem vítima;120,25;BR-116/SP;Pista Norte;Queda de ribanceira;1;1;0;0;0;0;1
21/12/2012;02:39:00;79;sem vítima;262,3;BR-116/RJ;Pista Norte;Colisão traseira;1;2;0;0;0;0;1
21/12/2012;03:22:00;90;com vítima;264,8;BR-116/RJ;Pista Norte;Colisão traseira;2;1;1;0;0;0;1
21/12/2012;06:48:00;183;sem vítima;120,6;BR-116/SP;Pista Norte;Colisão traseira;1;6;0;0;0;0;1
21/12/2012;07:54:00;245;sem vítima;166,8;BR-116/RJ;Pista Norte;Engavetamento;1;4;0;0;0;0;1
21/12/2012;08:16:00;279;sem vítima;166,7;BR-116/RJ;Pista Norte;Abalroamento longitudinal;1;4;0;0;0;0;1
21/12/2012;08:24:00;288;sem vítima;22,3;BR-116/SP;Pista Sul;Outros;1;1;0;0;0;0;1
21/12/2012;09:18:00;346;com vítima;183,8;BR-116/RJ;Pista Sul;Colisão traseira;1;3;1;0;0;0;1
21/12/2012;09:24:00;355;com vítima;146;BR-116/SP;Pista Norte;Abalroamento longitudinal;1;1;0;1;0;0;2
21/12/2012;09:27:00;356;com vítima;238,6;BR-116/RJ;Pista Norte;Engavetamento;1;6;1;0;0;0;1
21/12/2012;10:51:00;422;sem vítima;178,9;BR-116/RJ;Pista Norte;Outros;1;2;0;0;0;0;1
21/12/2012;15:00:00;632;sem vítima;265,8;BR-116/RJ;Pista Norte;Abalroamento longitudinal;1;2;0;0;0;0;1
21/12/2012;15:49:00;674;sem vítima;119,1;BR-116/SP;Pista Sul;Colisão traseira;1;2;0;0;0;0;1
21/12/2012;17:30:00;768;sem vítima;274,1;BR-116/RJ;Pista Sul;Outros;1;1;0;0;0;0;1
21/12/2012;20:37:00;942;sem vítima;220,2;BR-116/SP;Pista Norte;Choque em veículo parado na pista;2;2;0;0;0;0;1
21/12/2012;21:41:00;989;sem vítima;168,4;BR-116/RJ;Pista Norte;Colisão traseira;1;4;0;0;0;0;1
21/12/2012;23:50:00;1074;sem vítima;202,1;BR-116/SP;Pista Norte;Abalroamento longitudinal;1;2;0;0;0;0;1
22/12/2012;00:02:00;2;com vítima;62,3;BR-116/SP;Pista Norte;Colisão traseira;1;1;3;0;0;0;1
22/12/2012;01:23:00;34;sem vítima;191,7;BR-116/RJ;Pista Norte;Abalroamento longitudinal;1;6;0;0;0;0;1
22/12/2012;04:26:00;87;com vítima;8,85;BR-116/SP;Pista Sul;Atropelamento de pedestre caminhando;1;1;0;0;0;1;3
22/12/2012;05:31:00;107;sem vítima;227,2;BR-116/RJ;Pista Norte;Choque em objeto fixo;1;1;0;0;0;0;1
22/12/2012;06:32:00;141;sem vítima;39;BR-116/SP;Pista Norte;Choque em objeto na pista;1;1;0;0;0;0;1
22/12/2012;07:41:00;210;sem vítima;174,8;BR-116/RJ;Pista Norte;Abalroamento longitudinal;1;2;0;0;0;0;1
22/12/2012;08:37:00;258;sem vítima;223,2;BR-116/SP;Pista Sul;Abalroamento longitudinal;1;4;0;0;0;0;1
22/12/2012;10:19:00;321;sem vítima;138,9;BR-116/SP;Pista Sul;Colisão traseira;1;2;0;0;0;0;1
22/12/2012;10:24:00;325;sem vítima;138;BR-116/SP;Pista Norte;Colisão traseira;1;3;0;0;0;0;1
22/12/2012;14:00:00;501;sem vítima;125,4;BR-116/SP;Pista Sul;Colisão traseira;1;2;0;0;0;0;1
22/12/2012;14:05:00;508;sem vítima;212,2;BR-116/SP;Pista Sul;Abalroamento transversal;1;3;0;0;0;0;1
23/12/2012;15:52:00;421;sem vítima;225;BR-116/SP;Pista Norte;Colisão traseira;1;6;0;0;0;0;1
23/12/2012;05:15:00;78;sem vítima;198,3;BR-116/RJ;Pista Norte;Colisão traseira;2;2;0;0;0;0;1
23/12/2012;06:52:00;110;sem vítima;177;BR-116/RJ;Pista Norte;Abalroamento longitudinal;1;2;0;0;0;0;1
25/12/2012;09:03:00;153;sem vítima;200,5;BR-116/RJ;Pista Norte;Abalroamento longitudinal;2;3;0;0;0;0;1
25/12/2012;14:21:00;312;sem vítima;192,1;BR-116/RJ;Pista Norte;Abalroamento longitudinal;1;2;0;0;0;0;1
26/12/2012;00:55:00;24;sem vítima;228,8;BR-116/RJ;Pista Norte;Outros;1;1;0;0;0;0;1
26/12/2012;03:16:00;61;com vítima;265,58;BR-116/RJ;Pista Norte;Colisão traseira;2;1;3;0;0;0;1
26/12/2012;04:48:00;86;com vítima;231,4;BR-116/SP;Pista Sul;Abalroamento longitudinal;1;2;2;0;0;0;1
26/12/2012;10:36:00;290;sem vítima;225,4;BR-116/SP;Pista Sul;Colisão traseira;2;2;0;0;0;0;1
26/12/2012;12:39:00;376;sem vítima;313,49;BR-116/RJ;Pista Sul;Capotamento;1;3;0;0;0;0;1
26/12/2012;13:14:00;406;sem vítima;182,2;BR-116/RJ;Pista Sul;Colisão traseira;1;2;0;0;0;0;1
26/12/2012;14:57:00;485;sem vítima;225,55;BR-116/RJ;Pista Norte;Choque Talude;1;3;0;0;0;0;1
26/12/2012;15:01:00;487;sem vítima;165;BR-116/SP;Pista Sul;Colisão traseira;1;3;0;0;0;0;1
27/12/2012;02:53:00;51;com vítima;257,1;BR-116/RJ;Pista Norte;Engavetamento;3;3;1;0;0;0;1
27/12/2012;04:06:00;71;com vítima;114,55;BR-116/SP;Pista Norte;Colisão traseira;3;2;0;0;1;0;2
27/12/2012;06:41:00;116;sem vítima;114,7;BR-116/SP;Pista Norte;Abalroamento longitudinal;2;2;0;0;0;0;1
27/12/2012;07:14:00;142;sem vítima;175;BR-116/RJ;Pista Norte;Abalroamento longitudinal;1;3;0;0;0;0;1
27/12/2012;08:35:00;219;com vítima;190,6;BR-116/RJ;Pista Sul;Colisão traseira;1;4;2;0;0;0;1
27/12/2012;09:01:00;239;sem vítima;187,8;BR-116/RJ;Pista Sul;Colisão traseira;1;2;0;0;0;0;1
27/12/2012;09:30:00;271;sem vítima;175,4;BR-116/RJ;Pista Sul;Colisão traseira;1;2;0;0;0;0;1
27/12/2012;10:39:00;337;sem vítima;167;BR-116/SP;Pista Norte;Colisão traseira;1;47;0;0;0;0;1
27/12/2012;12:10:00;396;sem vítima;224,1;BR-116/RJ;Pista Norte;Colisão traseira;1;2;0;0;0;0;1
27/12/2012;13:06:00;430;sem vítima;115,8;BR-116/SP;Pista Norte;Engavetamento;1;41;0;0;0;0;1
27/12/2012;13:15:00;436;sem vítima;117;BR-116/SP;Pista Norte;Colisão traseira;2;2;0;0;0;0;1
27/12/2012;14:05:00;466;com vítima;144,5;BR-116/SP;Pista Norte;Queda de moto;1;2;1;0;0;0;1
27/12/2012;15:06:00;514;sem vítima;135,1;BR-116/SP;Pista Norte;Colisão traseira;1;3;0;0;0;0;1
27/12/2012;16:44:00;575;sem vítima;170,4;BR-116/SP;Pista Sul;Engavetamento;2;3;0;0;0;0;1
27/12/2012;18:50:00;647;sem vítima;115,9;BR-116/SP;Pista Sul;Abalroamento longitudinal;1;2;0;0;0;0;1
27/12/2012;19:31:00;677;sem vítima;165,6;BR-116/SP;Pista Norte;Engavetamento;3;3;0;0;0;0;1
27/12/2012;21:15:00;729;sem vítima;292,55;BR-116/RJ;Pista Sul;Colisão traseira;1;6;0;0;0;0;1
28/12/2012;08:31:00;219;sem vítima;117,3;BR-116/SP;Pista Norte;Colisão traseira;1;6;0;0;0;0;1
28/12/2012;09:48:00;278;sem vítima;86,7;BR-116/SP;Pista Norte;Abalroamento longitudinal;1;3;0;0;0;0;1
28/12/2012;12:41:00;393;sem vítima;175;BR-116/RJ;Pista Norte;Abalroamento longitudinal;1;2;0;0;0;0;1
28/12/2012;13:56:00;444;sem vítima;34,7;BR-116/SP;Pista Norte;Colisão traseira;1;2;0;0;0;0;1
28/12/2012;14:29:00;462;com vítima;199,8;BR-116/SP;Pista Sul;Colisão traseira;2;14;2;0;0;0;1
28/12/2012;15:27:00;500;com vítima;230,8;BR-116/SP;Pista Sul;Abalroamento longitudinal;1;3;0;1;0;0;2
28/12/2012;19:40:00;709;sem vítima;97,8;BR-116/SP;Pista Sul;Abalroamento longitudinal;1;5;0;0;0;0;1
29/12/2012;02:00:00;51;sem vítima;220,8;BR-116/RJ;Pista Norte;Outros;1;1;0;0;0;0;1
29/12/2012;09:47:00;259;sem vítima;224,1;BR-116/RJ;Pista Norte;Outros;1;1;0;0;0;0;1
29/12/2012;14:37:00;441;sem vítima;202,3;BR-116/SP;Pista Norte;Tombamento;1;1;0;0;0;0;1
29/12/2012;21:59:00;705;sem vítima;311,7;BR-116/RJ;Pista Norte;Abalroamento longitudinal;1;7;0;0;0;0;1
30/12/2012;09:59:00;199;com vítima;182,3;BR-116/SP;Pista Norte;Colisão traseira;1;41;1;0;0;0;1