data;horario;n_da_ocorrencia;tipo_de_ocorrencia;km;trecho;sentido;tipo_de_acidente;caminhao;ilesos;levemente_feridos;moderadamente_feridos;gravemente_feridos;mortos;3
30/12/2012;15:10:00;333;sem vítima;266,1;BR-116/RJ;Pista Norte;Abalroamento longitudinal;1;2;0;0;0;0;1
31/12/2012;18:06:00;359;sem vítima;312,7;BR-116/RJ;Pista Norte;Choque em objeto fixo;1;3;0;0;0;0;1
01/01/2013;17:08:00;442;sem vítima;312,2;BR-116/RJ;Pista Norte;Choque em barreira New Jersey;1;3;0;0;0;0;1
02/01/2013;17:36:00;516;sem vítima;127,28;BR-116/SP;Pista Sul;Tombamento;1;1;0;0;0;0;1
02/01/2013;13:10:00;356;sem vítima;167,7;BR-116/RJ;Pista Norte;Colisão traseira;1;3;0;0;0;0;1
02/01/2013;10:48:00;283;sem vítima;175,1;BR-116/RJ;Pista Sul;Abalroamento longitudinal;1;2;0;0;0;0;1
02/01/2013;19:35:00;601;sem vítima;175,5;BR-116/RJ;Pista Sul;Abalroamento longitudinal;1;2;0;0;0;0;1
02/01/2013;12:37:00;338;sem vítima;175,6;BR-116/RJ;Pista Sul;Colisão traseira;1;3;0;0;0;0;1
02/01/2013;16:33:00;483;sem vítima;176,8;BR-116/RJ;Pista Sul;Não Def;1;1;0;0;0;0;1
02/01/2013;15:21:00;431;sem vítima;209,1;BR-116/SP;Pista Sul;Colisão traseira;1;2;0;0;0;0;1
02/01/2013;23:08:00;698;sem vítima;231,4;BR-116/SP;Pista Norte;Colisão traseira;1;6;0;0;0;0;1
02/01/2013;07:37:00;129;sem vítima;292,5;BR-116/RJ;Pista Sul;Tombamento;1;1;0;0;0;0;1
02/01/2013;15:48:00;449;sem vítima;314,3;BR-116/RJ;Pista Sul;Abalroamento longitudinal;1;2;0;0;0;0;1
03/01/2013;14:42:00;486;sem vítima;26,5;BR-116/SP;Pista Norte;Abalroamento longitudinal;1;5;0;0;0;0;1
03/01/2013;17:37:00;613;com vítima;65,2;BR-116/SP;Pista Sul;Colisão traseira;1;3;3;0;0;0;1
03/01/2013;02:17:00;55;sem vítima;67,3;BR-116/SP;Pista Norte;Atropelamento de animal;2;3;0;0;0;0;1
03/01/2013;19:25:00;676;com vítima;102,4;BR-116/SP;Pista Sul;Engavetamento;2;10;2;0;0;0;1
03/01/2013;19:51:00;696;sem vítima;104,75;BR-116/SP;Pista Sul;Abalroamento longitudinal;1;4;0;0;0;0;1
03/01/2013;20:16:00;706;com vítima;112,1;BR-116/SP;Pista Norte;Abalroamento longitudinal;1;2;1;0;0;0;1
03/01/2013;11:59:00;383;com vítima;147,15;BR-116/SP;Pista Norte;Abalroamento longitudinal;1;1;1;0;0;0;1
03/01/2013;15:20:00;515;sem vítima;166,5;BR-116/RJ;Pista Norte;Abalroamento longitudinal;2;2;0;0;0;0;1
03/01/2013;01:09:00;31;sem vítima;168,05;BR-116/SP;Pista Norte;Choque em barreira New Jersey;1;1;0;0;0;0;1
03/01/2013;00:42:00;18;sem vítima;214,4;BR-116/RJ;Pista Norte;Choque em barreira New Jersey;1;1;0;0;0;0;1
03/01/2013;14:30:00;475;sem vítima;217;BR-116/SP;Pista Norte;Não Def;1;1;0;0;0;0;1
03/01/2013;04:01:00;83;sem vítima;222,25;BR-116/RJ;Pista Norte;Colisão traseira;2;2;0;0;0;0;1
03/01/2013;05:25:00;99;sem vítima;223,3;BR-116/SP;Pista Sul;Abalroamento longitudinal;1;2;0;0;0;0;1
03/01/2013;04:27:00;88;sem vítima;223,4;BR-116/SP;Pista Sul;Choque em barreira New Jersey;1;2;0;0;0;0;1
03/01/2013;17:25:00;603;sem vítima;227,9;BR-116/RJ;Pista Norte;Choque em barreira New Jersey;1;1;0;0;0;0;1
03/01/2013;20:48:00;727;sem vítima;255;BR-116/RJ;Pista Sul;Choque em objeto fixo;1;1;0;0;0;0;1
03/01/2013;12:48:00;403;sem vítima;263,25;BR-116/RJ;Pista Sul;Colisão traseira;1;2;0;0;0;0;1
03/01/2013;12:42:00;399;com vítima;263,35;BR-116/RJ;Pista Sul;Colisão traseira;1;1;0;1;0;0;2
04/01/2013;00:01:00;2;com vítima;85,75;BR-116/SP;Pista Sul;Colisão traseira;1;22;7;0;0;0;1
04/01/2013;06:39:00;103;sem vítima;95,7;BR-116/SP;Pista Norte;Colisão traseira;1;2;0;0;0;0;1
04/01/2013;04:11:00;48;sem vítima;220,4;BR-116/RJ;Pista Norte;Abalroamento longitudinal;1;2;0;0;0;0;1
04/01/2013;14:07:00;447;com vítima;223,2;BR-116/RJ;Pista Norte;Engavetamento;2;13;0;2;0;0;2
04/01/2013;13:26:00;433;sem vítima;227,9;BR-116/RJ;Pista Norte;Choque Talude;1;1;0;0;0;0;1
04/01/2013;09:33:00;258;sem vítima;267,8;BR-116/RJ;Pista Norte;Abalroamento longitudinal;2;2;0;0;0;0;1
05/01/2013;08:53:00;185;sem vítima;170,3;BR-116/RJ;Pista Norte;Abalroamento longitudinal;1;32;0;0;0;0;1
05/01/2013;16:14:00;455;com vítima;172,2;BR-116/SP;Pista Norte;Engavetamento;1;4;1;0;0;0;1
05/01/2013;10:37:00;277;sem vítima;301,8;BR-116/RJ;Pista Sul;Colisão traseira;1;41;0;0;0;0;1
06/01/2013;01:10:00;16;sem vítima;164,9;BR-116/RJ;Pista Norte;Choque em defensa;1;1;0;0;0;0;1
06/01/2013;17:12:00;432;sem vítima;319,8;BR-116/RJ;Pista Sul;Abalroamento longitudinal;1;2;0;0;0;0;1
07/01/2013;11:28:00;302;sem vítima;100,75;BR-116/SP;Pista Norte;Abalroamento longitudinal;2;2;0;0;0;0;1
07/01/2013;08:13:00;173;sem vítima;124,35;BR-116/SP;Pista Norte;Colisão traseira;1;2;0;0;0;0;1
07/01/2013;13:44:00;368;sem vítima;146;BR-116/SP;Pista Sul;Choque em objeto fixo;1;2;0;0;0;0;1
07/01/2013;08:03:00;165;sem vítima;179;BR-116/RJ;Pista Sul;Colisão traseira;1;14;0;0;0;0;1
07/01/2013;03:21:00;44;com vítima;190,5;BR-116/SP;Pista Sul;Choque em defensa;2;3;0;0;1;0;2
07/01/2013;16:38:00;478;com vítima;272,05;BR-116/RJ;Pista Norte;Colisão traseira;1;2;1;0;0;0;1
08/01/2013;16:30:00;510;sem vítima;62,45;BR-116/SP;Pista Norte;Colisão traseira;1;2;0;0;0;0;1
08/01/2013;03:27:00;55;sem vítima;101,1;BR-116/SP;Pista Sul;Choque em veículo parado na pista;1;2;0;0;0;0;1
08/01/2013;18:56:00;619;sem vítima;168,2;BR-116/RJ;Pista Norte;Abalroamento longitudinal;1;5;0;0;0;0;1
08/01/2013;14:52:00;443;com vítima;177,5;BR-116/RJ;Pista Sul;Abalroamento longitudinal;1;1;1;0;0;0;1
08/01/2013;08:13:00;194;sem vítima;180,7;BR-116/RJ;Pista Norte;Abalroamento longitudinal;1;2;0;0;0;0;1
08/01/2013;14:42:00;434;com vítima;212,3;BR-116/SP;Pista Norte;Tombamento;1;0;2;0;0;0;1
08/01/2013;13:04:00;392;sem vítima;216,35;BR-116/SP;Pista Sul;Colisão traseira;1;2;0;0;0;0;1
09/01/2013;17:35:00;630;com vítima;37,9;BR-116/SP;Pista Norte;Choque em veículo parado na pista;2;4;0;0;0;1;3
09/01/2013;08:27:00;206;sem vítima;64;BR-116/SP;Pista Sul;Não Def;1;1;0;0;0;0;1
09/01/2013;12:47:00;427;sem vítima;166,1;BR-116/RJ;Pista Sul;Colisão traseira;1;2;0;0;0;0;1
09/01/2013;17:48:00;642;sem vítima;169;BR-116/SP;Pista Norte;Não Def;1;1;0;0;0;0;1
09/01/2013;15:45:00;546;sem vítima;202;BR-116/SP;Pista Norte;Abalroamento transversal;1;41;0;0;0;0;1
09/01/2013;09:37:00;289;sem vítima;209,6;BR-116/SP;Pista Sul;Abalroamento longitudinal;1;2;0;0;0;0;1
09/01/2013;18:51:00;676;sem vítima;221,2;BR-116/RJ;Pista Sul;Tombamento;1;1;0;0;0;0;1
09/01/2013;17:19:00;623;sem vítima;228,2;BR-116/SP;Pista Norte;Choque em defensa;1;1;0;0;0;0;1
09/01/2013;17:12:00;620;sem vítima;238,1;BR-116/RJ;Pista Norte;Choque em objeto fixo;1;1;0;0;0;0;1
09/01/2013;16:07:00;567;sem vítima;256,5;BR-116/RJ;Pista Norte;Colisão traseira;1;2;0;0;0;0;1
09/01/2013;21:07:00;737;com vítima;285,5;BR-116/RJ;Pista Sul;Choque em barreira New Jersey;2;17;11;0;0;2;3
10/01/2013;06:04:00;79;sem vítima;15;BR-116/SP;Pista Sul;Choque Talude;1;1;0;0;0;0;1
10/01/2013;10:02:00;245;sem vítima;39;BR-116/SP;Pista Norte;Choque em barreira New Jersey;1;2;0;0;0;0;1
10/01/2013;11:13:00;296;sem vítima;86,95;BR-116/SP;Pista Sul;Engavetamento;1;4;0;0;0;0;1
10/01/2013;15:45:00;445;sem vítima;137,03;BR-116/SP;Pista Sul;Colisão traseira;1;4;0;0;0;0;1
10/01/2013;15:39:00;440;sem vítima;139;BR-116/SP;Pista Sul;Colisão traseira;1;8;0;0;0;0;1
10/01/2013;12:32:00;329;sem vítima;166,7;BR-116/RJ;Pista Sul;Engavetamento;1;3;0;0;0;0;1
10/01/2013;15:44:00;444;sem vítima;175,7;BR-116/RJ;Pista Sul;Outros;1;2;0;0;0;0;1
10/01/2013;11:49:00;306;sem vítima;180,8;BR-116/RJ;Pista Sul;Colisão traseira;1;2;0;0;0;0;1
10/01/2013;11:20:00;299;sem vítima;184,9;BR-116/RJ;Pista Sul;Colisão traseira;2;2;0;0;0;0;1
10/01/2013;18:16:00;544;sem vítima;189,2;BR-116/SP;Pista Sul;Choque em barreira New Jersey;1;1;0;0;0;0;1
10/01/2013;21:31:00;661;sem vítima;195,4;BR-116/SP;Pista Sul;Colisão traseira;1;2;0;0;0;0;1
10/01/2013;13:48:00;373;sem vítima;204,2;BR-116/SP;Pista Sul;Abalroamento longitudinal;1;2;0;0;0;0;1
10/01/2013;11:11:00;291;com vítima;205,75;BR-116/SP;Pista Sul;Choque em barreira New Jersey;1;1;1;0;0;0;1
10/01/2013;06:21:00;91;sem vítima;210;BR-116/SP;Pista Sul;Não Def;1;1;0;0;0;0;1
10/01/2013;10:47:00;280;sem vítima;210;BR-116/SP;Pista Sul;Abalroamento longitudinal;1;3;0;0;0;0;1
10/01/2013;06:41:00;105;sem vítima;212,5;BR-116/SP;Pista Sul;Engavetamento;1;10;0;0;0;0;1
10/01/2013;20:31:00;636;sem vítima;224,65;BR-116/RJ;Pista Sul;Abalroamento longitudinal;1;2;0;0;0;0;1
10/01/2013;15:38:00;438;sem vítima;227,2;BR-116/RJ;Pista Sul;Tombamento;1;2;0;0;0;0;1
10/01/2013;07:57:00;144;sem vítima;228,23;BR-116/RJ;Pista Norte;Tombamento;1;1;0;0;0;0;1
10/01/2013;08:51:00;189;sem vítima;229;BR-116/RJ;Pista Norte;Abalroamento longitudinal;1;2;0;0;0;0;1
10/01/2013;08:12:00;159;sem vítima;229,05;BR-116/RJ;Pista Norte;Colisão traseira;1;2;0;0;0;0;1
10/01/2013;18:54:00;583;sem vítima;239,005;BR-116/RJ;Pista Norte;Tombamento;1;1;0;0;0;0;1
10/01/2013;19:24:00;607;sem vítima;251,9;BR-116/RJ;Pista Sul;Colisão traseira;1;2;0;0;0;0;1
10/01/2013;20:58:00;647;com vítima;266,1;BR-116/RJ;Pista Sul;Colisão traseira;2;2;0;1;0;0;2
10/01/2013;08:24:00;167;sem vítima;288,6;BR-116/RJ;Pista Sul;Outros;1;1;0;0;0;0;1
11/01/2013;03:24:00;66;sem vítima;144,55;BR-116/SP;Pista Sul;Choque em barreira New Jersey;1;1;0;0;0;0;1
11/01/2013;18:33:00;613;sem vítima;173,7;BR-116/RJ;Pista Sul;Colisão traseira;1;2;0;0;0;0;1
11/01/2013;12:03:00;372;sem vítima;173,95;BR-116/RJ;Pista Sul;Tombamento;1;1;0;0;0;0;1
11/01/2013;07:42:00;200;sem vítima;208,9;BR-116/RJ;Pista Norte;Colisão traseira;1;5;0;0;0;0;1
11/01/2013;15:02:00;474;sem vítima;227,2;BR-116/RJ;Pista Norte;Outros;1;1;0;0;0;0;1
11/01/2013;17:24:00;563;com vítima;230,25;BR-116/RJ;Pista Norte;Engavetamento;1;3;0;1;0;0;2
11/01/2013;17:42:00;575;com vítima;230,25;BR-116/RJ;Pista Norte;Colisão traseira;2;3;0;1;0;0;2
11/01/2013;12:40:00;397;sem vítima;265;BR-116/RJ;Pista Sul;Colisão traseira;2;2;0;0;0;0;1
11/01/2013;06:12:00;114;sem vítima;267,3;BR-116/RJ;Pista Sul;Colisão traseira;2;2;0;0;0;0;1
11/01/2013;01:38:00;29;sem vítima;305;BR-116/RJ;Pista Sul;Não Def;1;1;0;0;0;0;1
11/01/2013;17:53:00;584;sem vítima;318,9;BR-116/RJ;Pista Sul;Colisão traseira;1;2;0;0;0;0;1
12/01/2013;05:57:00;92;sem vítima;45,8;BR-116/SP;Pista Norte;Colisão traseira;1;2;0;0;0;0;1
12/01/2013;13:08:00;297;sem vítima;116,2;BR-116/SP;Pista Sul;Choque em veículo parado na pista;2;2;0;0;0;0;1
12/01/2013;01:22:00;27;sem vítima;130,95;BR-116/SP;Pista Sul;Colisão traseira;2;2;0;0;0;0;1
12/01/2013;17:03:00;415;sem vítima;165,3;BR-116/SP;Pista Sul;Colisão traseira;1;2;0;0;0;0;1
12/01/2013;22:57:00;591;com vítima;307,9;BR-116/RJ;Pista Sul;Colisão traseira;1;1;1;0;0;0;1
13/01/2013;21:41:00;535;sem vítima;38,35;BR-116/SP;Pista Sul;Outros;1;1;0;0;0;0;1
13/01/2013;09:19:00;155;sem vítima;138,8;BR-116/SP;Pista Sul;Colisão traseira;1;2;0;0;0;0;1
13/01/2013;09:12:00;150;com vítima;161,05;BR-116/SP;Pista Norte;Colisão frontal;1;1;0;1;0;0;2
13/01/2013;22:58:00;590;sem vítima;224;BR-116/RJ;Pista Norte;Não Def;1;1;0;0;0;0;1
13/01/2013;19:21:00;469;sem vítima;239,95;BR-116/RJ;Pista Norte;Choque em barreira New Jersey;1;1;0;0;0;0;1
14/01/2013;15:53:00;539;sem vítima;126,8;BR-116/SP;Pista Norte;Não Def;1;2;0;0;0;0;1
14/01/2013;21:17:00;726;sem vítima;176,2;BR-116/RJ;Pista Sul;Abalroamento longitudinal;1;2;0;0;0;0;1
14/01/2013;13:16:00;434;sem vítima;183;BR-116/RJ;Pista Norte;Não Def;1;2;0;0;0;0;1
14/01/2013;17:29:00;603;sem vítima;219,5;BR-116/RJ;Pista Sul;Choque em defensa;1;1;0;0;0;0;1
14/01/2013;05:34:00;64;com vítima;222,3;BR-116/RJ;Pista Norte;Tombamento;1;0;1;0;0;0;1
14/01/2013;12:18:00;399;sem vítima;223;BR-116/RJ;Pista Norte;Não Def;1;1;0;0;0;0;1
14/01/2013;07:00:00;106;sem vítima;227,2;BR-116/RJ;Pista Norte;Choque em barreira New Jersey;1;1;0;0;0;0;1
14/01/2013;15:40:00;529;sem vítima;230;BR-116/RJ;Pista Sul;Outros;1;2;0;0;0;0;1
14/01/2013;12:59:00;425;sem vítima;272,35;BR-116/RJ;Pista Sul;Outros;2;2;0;0;0;0;1
15/01/2013;07:22:00;134;sem vítima;23,35;BR-116/SP;Pista Norte;Outros;1;1;0;0;0;0;1
15/01/2013;08:01:00;166;sem vítima;160,9;BR-116/SP;Pista Norte;Queda de ribanceira;1;1;0;0;0;0;1
15/01/2013;10:20:00;281;sem vítima;187,9;BR-116/SP;Pista Norte;Colisão frontal;1;2;0;0;0;0;1
15/01/2013;18:11:00;583;sem vítima;215,2;BR-116/SP;Pista Sul;Colisão traseira;1;2;0;0;0;0;1
15/01/2013;11:42:00;340;sem vítima;230,2;BR-116/SP;Pista Sul;Abalroamento longitudinal;1;2;0;0;0;0;1
15/01/2013;17:41:00;562;sem vítima;252;BR-116/RJ;Pista Norte;Colisão traseira;1;4;0;0;0;0;1
15/01/2013;14:18:00;436;sem vítima;266,9;BR-116/RJ;Pista Norte;Choque em objeto fixo;1;1;0;0;0;0;1
16/01/2013;01:26:00;26;com vítima;11,4;BR-116/SP;Pista Sul;Queda de ribanceira;2;1;0;1;0;0;2
16/01/2013;00:43:00;11;com vítima;47;BR-116/SP;Pista Norte;Colisão traseira;2;0;1;1;0;0;2
16/01/2013;12:55:00;409;com vítima;98,1;BR-116/SP;Pista Sul;Queda de ribanceira;1;2;1;0;0;0;1
16/01/2013;15:30:00;505;com vítima;116,65;BR-116/SP;Pista Norte;Engavetamento;1;7;1;0;0;0;1
16/01/2013;08:22:00;203;com vítima;165,2;BR-116/SP;Pista Norte;Colisão traseira;1;1;2;0;0;0;1
16/01/2013;23:49:00;792;sem vítima;178,45;BR-116/RJ;Pista Norte;Abalroamento longitudinal;1;6;0;0;0;0;1
16/01/2013;05:00:00;62;sem vítima;207,2;BR-116/SP;Pista Norte;Abalroamento longitudinal;1;2;0;0;0;0;1
16/01/2013;15:07:00;486;sem vítima;220,1;BR-116/RJ;Pista Sul;Colisão traseira;1;2;0;0;0;0;1
16/01/2013;13:53:00;442;com vítima;222,15;BR-116/RJ;Pista Norte;Tombamento;1;0;0;1;0;0;2
16/01/2013;17:42:00;589;sem vítima;226,6;BR-116/SP;Pista Norte;Colisão traseira;1;2;0;0;0;0;1
16/01/2013;10:01:00;298;sem vítima;227,8;BR-116/SP;Pista Sul;Engavetamento;1;4;0;0;0;0;1
17/01/2013;08:17:00;200;sem vítima;87,9;BR-116/SP;Pista Sul;Colisão traseira;1;2;0;0;0;0;1
17/01/2013;16:36:00;565;sem vítima;103,2;BR-116/SP;Pista Norte;Choque em veículo parado na pista;1;2;0;0;0;0;1
17/01/2013;23:25:00;810;sem vítima;134,1;BR-116/SP;Pista Sul;Colisão traseira;1;3;0;0;0;0;1
17/01/2013;17:23:00;593;com vítima;160,5;BR-116/SP;Pista Norte;Engavetamento;1;3;1;0;0;0;1
17/01/2013;07:44:00;173;sem vítima;185,5;BR-116/RJ;Pista Sul;Abalroamento longitudinal;1;3;0;0;0;0;1
17/01/2013;17:35:00;600;sem vítima;202;BR-116/SP;Pista Sul;Abalroamento longitudinal;1;2;0;0;0;0;1
17/01/2013;15:47:00;526;sem vítima;208;BR-116/RJ;Pista Norte;Choque em objeto fixo;1;1;0;0;0;0;1
17/01/2013;04:09:00;51;com vítima;208,2;BR-116/RJ;Pista Norte;Choque em defensa;1;0;1;0;0;0;1
17/01/2013;01:27:00;23;sem vítima;224,4;BR-116/RJ;Pista Norte;Choque Talude;1;1;0;0;0;0;1
17/01/2013;12:09:00;378;sem vítima;225,8;BR-116/RJ;Pista Norte;Colisão traseira;1;1;0;0;0;0;1
17/01/2013;09:13:00;247;sem vítima;230,6;BR-116/SP;Pista Sul;Engavetamento;2;9;0;0;0;0;1
17/01/2013;22:38:00;792;sem vítima;274,9;BR-116/RJ;Pista Norte;Colisão traseira;2;4;0;0;0;0;1
17/01/2013;21:40:00;764;sem vítima;275,4;BR-116/RJ;Pista Sul;Engavetamento;2;3;0;0;0;0;1
17/01/2013;14:51:00;480;sem vítima;300,6;BR-116/RJ;Pista Norte;Choque em objeto fixo;1;1;0;0;0;0;1
17/01/2013;01:50:00;28;sem vítima;318,9;BR-116/RJ;Pista Norte;Outros;1;1;0;0;0;0;1
17/01/2013;08:44:00;224;com vítima;323,4;BR-116/RJ;Pista Norte;Abalroamento longitudinal;1;3;0;1;0;0;2
18/01/2013;16:55:00;630;sem vítima;32,9;BR-116/SP;Pista Sul;Choque em barreira New Jersey;1;1;0;0;0;0;1
18/01/2013;03:58:00;68;sem vítima;45,4;BR-116/SP;Pista Norte;Colisão traseira;2;2;0;0;0;0;1
18/01/2013;14:17:00;503;sem vítima;105;BR-116/SP;Pista Norte;Colisão traseira;1;4;0;0;0;0;1
18/01/2013;12:22:00;427;sem vítima;163,7;BR-116/RJ;Pista Norte;Não Def;1;2;0;0;0;0;1
18/01/2013;03:48:00;67;sem vítima;167,2;BR-116/RJ;Pista Norte;Colisão traseira;1;5;0;0;0;0;1
18/01/2013;09:49:00;310;sem vítima;168;BR-116/SP;Pista Sul;Abalroamento longitudinal;2;2;0;0;0;0;1
18/01/2013;16:41:00;620;sem vítima;171,2;BR-116/RJ;Pista Norte;Abalroamento longitudinal;1;3;0;0;0;0;1
18/01/2013;12:28:00;432;sem vítima;171,3;BR-116/RJ;Pista Norte;Não Def;1;2;0;0;0;0;1
18/01/2013;15:06:00;537;sem vítima;175;BR-116/RJ;Pista Sul;Não Def;1;2;0;0;0;0;1
18/01/2013;06:34:00;118;sem vítima;209,8;BR-116/SP;Pista Sul;Abalroamento longitudinal;1;2;0;0;0;0;1
18/01/2013;11:38:00;402;sem vítima;211,5;BR-116/SP;Pista Norte;Abalroamento longitudinal;1;3;0;0;0;0;1
18/01/2013;22:57:00;853;com vítima;229,63;BR-116/RJ;Pista Sul;Tombamento;1;0;0;1;0;0;2
18/01/2013;19:12:00;726;sem vítima;272,6;BR-116/RJ;Pista Sul;Abalroamento longitudinal;1;2;0;0;0;0;1
18/01/2013;17:41:00;661;sem vítima;274,08;BR-116/RJ;Pista Sul;Engavetamento;1;3;0;0;0;0;1
18/01/2013;11:29:00;394;com vítima;286,35;BR-116/RJ;Pista Sul;Outros;1;0;1;0;0;0;1
18/01/2013;05:41:00;93;sem vítima;287;BR-116/RJ;Pista Sul;Colisão traseira;2;4;0;0;0;0;1
19/01/2013;11:46:00;324;sem vítima;16,7;BR-116/SP;Pista Sul;Abalroamento longitudinal;1;2;0;0;0;0;1
19/01/2013;15:37:00;453;sem vítima;26;BR-116/SP;Pista Sul;Engavetamento;2;3;0;0;0;0;1
19/01/2013;11:18:00;306;sem vítima;125,6;BR-116/SP;Pista Sul;Abalroamento longitudinal;2;4;0;0;0;0;1
19/01/2013;04:46:00;72;com vítima;213;BR-116/SP;Pista Sul;Colisão traseira;1;5;1;0;0;0;1
19/01/2013;23:33:00;683;sem vítima;226,3;BR-116/RJ;Pista Norte;Choque Talude;1;3;0;0;0;0;1
19/01/2013;14:39:00;408;sem vítima;285,6;BR-116/RJ;Pista Sul;Outros;1;1;0;0;0;0;1
19/01/2013;08:18:00;180;sem vítima;292,51;BR-116/RJ;Pista Sul;Outros;1;1;0;0;0;0;1
20/01/2013;02:37:00;37;com vítima;181,68;BR-116/RJ;Pista Norte;Engavetamento;1;2;2;0;0;0;1
20/01/2013;17:06:00;404;sem vítima;192,4;BR-116/SP;Pista Sul;Choque em objeto fixo;1;1;0;0;0;0;1
20/01/2013;14:13:00;300;sem vítima;230;BR-116/SP;Pista Norte;Colisão traseira;1;3;0;0;0;0;1
20/01/2013;20:53:00;545;sem vítima;324,1;BR-116/RJ;Pista Norte;Abalroamento longitudinal;1;2;0;0;0;0;1
21/01/2013;20:22:00;705;sem vítima;88;BR-116/SP;Pista Sul;Choque em objeto fixo;1;1;0;0;0;0;1
21/01/2013;00:08:00;5;sem vítima;107,8;BR-116/SP;Pista Norte;Colisão traseira;1;6;0;0;0;0;1
21/01/2013;04:24:00;63;com vítima;142,9;BR-116/SP;Pista Norte;Colisão traseira;2;1;0;0;1;0;2
21/01/2013;16:17:00;520;sem vítima;173,6;BR-116/RJ;Pista Norte;Colisão traseira;1;2;0;0;0;0;1
21/01/2013;14:23:00;449;sem vítima;174,9;BR-116/RJ;Pista Norte;Colisão traseira;1;4;0;0;0;0;1
21/01/2013;06:47:00;110;sem vítima;200,87;BR-116/RJ;Pista Sul;Colisão traseira;1;2;0;0;0;0;1
21/01/2013;13:08:00;407;sem vítima;207;BR-116/RJ;Pista Sul;Colisão traseira;2;2;0;0;0;0;1
21/01/2013;06:50:00;114;sem vítima;221;BR-116/RJ;Pista Norte;Abalroamento longitudinal;1;2;0;0;0;0;1
21/01/2013;12:14:00;365;sem vítima;222,9;BR-116/RJ;Pista Norte;Colisão traseira;2;2;0;0;0;0;1
21/01/2013;09:26:00;238;sem vítima;225,1;BR-116/RJ;Pista Norte;Choque em barreira New Jersey;1;1;0;0;0;0;1
21/01/2013;17:32:00;568;sem vítima;225,1;BR-116/SP;Pista Sul;Colisão traseira;1;3;0;0;0;0;1
21/01/2013;22:10:00;760;sem vítima;230,2;BR-116/SP;Pista Sul;Abalroamento longitudinal;2;2;0;0;0;0;1
21/01/2013;13:30:00;419;sem vítima;239;BR-116/RJ;Pista Norte;Outros;1;1;0;0;0;0;1
22/01/2013;05:16:00;77;sem vítima;22,75;BR-116/SP;Pista Norte;Colisão traseira;2;5;0;0;0;0;1
22/01/2013;19:48:00;694;sem vítima;77,5;BR-116/SP;Pista Sul;Abalroamento longitudinal;1;2;0;0;0;0;1
22/01/2013;01:54:00;37;com vítima;108,9;BR-116/SP;Pista Sul;Abalroamento longitudinal;1;4;2;0;0;0;1
22/01/2013;03:25:00;55;sem vítima;129,15;BR-116/SP;Pista Sul;Colisão traseira;2;2;0;0;0;0;1
22/01/2013;18:04:00;608;sem vítima;142,7;BR-116/SP;Pista Norte;Engavetamento;1;11;0;0;0;0;1
22/01/2013;18:56:00;642;sem vítima;155;BR-116/SP;Pista Norte;Não Def;1;2;0;0;0;0;1
22/01/2013;16:47:00;553;com vítima;163;BR-116/RJ;Pista Norte;Abalroamento longitudinal;1;25;1;0;0;0;1
22/01/2013;16:09:00;528;sem vítima;173,9;BR-116/RJ;Pista Sul;Colisão traseira;1;21;0;0;0;0;1
22/01/2013;03:48:00;59;sem vítima;207;BR-116/RJ;Pista Norte;Choque em barreira New Jersey;1;1;0;0;0;0;1
22/01/2013;07:40:00;153;sem vítima;224,5;BR-116/SP;Pista Sul;Abalroamento longitudinal;1;2;0;0;0;0;1
22/01/2013;19:00:00;643;sem vítima;227;BR-116/RJ;Pista Sul;Abalroamento longitudinal;1;2;0;0;0;0;1
22/01/2013;08:20:00;216;com vítima;229,75;BR-116/RJ;Pista Norte;Colisão traseira;1;2;2;0;0;0;1
22/01/2013;07:09:00;131;sem vítima;312,35;BR-116/RJ;Pista Sul;Abalroamento longitudinal;1;4;0;0;0;0;1
23/01/2013;15:44:00;493;com vítima;7;BR-116/SP;Pista Norte;Engavetamento;2;31;0;0;0;1;3
23/01/2013;17:30:00;565;com vítima;63,5;BR-116/SP;Pista Sul;Choque em veículo parado na pista;1;2;0;0;0;1;3
23/01/2013;14:56:00;469;sem vítima;171,6;BR-116/RJ;Pista Norte;Abalroamento longitudinal;1;2;0;0;0;0;1
23/01/2013;14:16:00;440;sem vítima;172;BR-116/RJ;Pista Norte;Não Def;1;1;0;0;0;0;1
23/01/2013;19:56:00;679;com vítima;210,4;BR-116/SP;Pista Sul;Abalroamento longitudinal;1;1;3;0;0;0;1
23/01/2013;05:38:00;88;com vítima;222;BR-116/SP;Pista Norte;Choque em barreira New Jersey;1;1;0;1;0;0;2
23/01/2013;14:36:00;457;sem vítima;225;BR-116/SP;Pista Norte;Colisão traseira;2;3;0;0;0;0;1
23/01/2013;10:21:00;295;sem vítima;275,5;BR-116/RJ;Pista Sul;Engavetamento;1;7;0;0;0;0;1
24/01/2013;07:52:00;181;sem vítima;145,4;BR-116/SP;Pista Norte;Colisão traseira;1;2;0;0;0;0;1
24/01/2013;20:48:00;761;sem vítima;171,9;BR-116/SP;Pista Sul;Atropelamento de animal;1;1;0;0;0;0;1
24/01/2013;15:53:00;555;com vítima;180,2;BR-116/SP;Pista Sul;Colisão traseira;1;2;1;0;0;0;1
24/01/2013;02:16:00;36;com vítima;183,6;BR-116/SP;Pista Sul;Colisão traseira;2;2;0;1;0;0;2
24/01/2013;11:00:00;344;sem vítima;187;BR-116/RJ;Pista Sul;Não Def;1;2;0;0;0;0;1
24/01/2013;21:24:00;778;sem vítima;220,3;BR-116/RJ;Pista Sul;Outros;1;1;0;0;0;0;1
24/01/2013;21:57:00;804;sem vítima;222,9;BR-116/SP;Pista Norte;Abalroamento longitudinal;1;5;0;0;0;0;1
24/01/2013;19:04:00;695;sem vítima;227,8;BR-116/SP;Pista Norte;Abalroamento longitudinal;1;4;0;0;0;0;1
24/01/2013;10:27:00;314;sem vítima;230,2;BR-116/SP;Pista Sul;Colisão traseira;2;2;0;0;0;0;1
24/01/2013;04:07:00;65;com vítima;245,5;BR-116/RJ;Pista Norte;Colisão traseira;1;1;1;0;0;0;1