data;horario;n_da_ocorrencia;tipo_de_ocorrencia;km;trecho;sentido;tipo_de_acidente;caminhao;ilesos;levemente_feridos;moderadamente_feridos;gravemente_feridos;mortos;3
24/01/2013;14:00:00;475;sem vítima;258,3;BR-116/RJ;Pista Sul;Colisão traseira;1;4;0;0;0;0;1
24/01/2013;18:28:00;672;sem vítima;269,4;BR-116/RJ;Pista Norte;Abalroamento longitudinal;1;2;0;0;0;0;1
25/01/2013;21:44:00;808;sem vítima;45,7;BR-116/SP;Pista Sul;Abalroamento longitudinal;1;2;0;0;0;0;1
25/01/2013;00:33:00;10;sem vítima;121,16;BR-116/SP;Pista Norte;Não Def;1;1;0;0;0;0;1
25/01/2013;11:08:00;335;sem vítima;134,9;BR-116/SP;Pista Sul;Colisão traseira;1;4;0;0;0;0;1
25/01/2013;14:59:00;491;sem vítima;140,6;BR-116/SP;Pista Sul;Colisão traseira;1;6;0;0;0;0;1
25/01/2013;14:59:00;492;sem vítima;143,5;BR-116/SP;Pista Norte;Engavetamento;1;5;0;0;0;0;1
25/01/2013;14:05:00;443;com vítima;147,1;BR-116/SP;Pista Sul;Abalroamento longitudinal;2;2;1;0;0;0;1
25/01/2013;15:35:00;530;sem vítima;166,2;BR-116/SP;Pista Sul;Não Def;1;1;0;0;0;0;1
25/01/2013;14:12:00;454;com vítima;175,5;BR-116/SP;Pista Sul;Colisão traseira;1;1;0;3;0;0;2
25/01/2013;20:24:00;757;sem vítima;176,6;BR-116/RJ;Pista Sul;Colisão traseira;1;3;0;0;0;0;1
25/01/2013;03:45:00;53;com vítima;178,6;BR-116/RJ;Pista Norte;Engavetamento;2;2;0;1;0;0;2
25/01/2013;07:03:00;121;sem vítima;183,3;BR-116/RJ;Pista Norte;Colisão traseira;1;2;0;0;0;0;1
25/01/2013;15:10:00;505;sem vítima;200,8;BR-116/RJ;Pista Sul;Abalroamento longitudinal;1;2;0;0;0;0;1
25/01/2013;05:29:00;71;com vítima;223,2;BR-116/RJ;Pista Norte;Queda de ribanceira;1;0;1;0;0;0;1
25/01/2013;08:04:00;171;sem vítima;272,8;BR-116/RJ;Pista Norte;Abalroamento longitudinal;1;2;0;0;0;0;1
26/01/2013;14:50:00;444;sem vítima;139,5;BR-116/SP;Pista Norte;Choque em objeto fixo;1;2;0;0;0;0;1
26/01/2013;03:37:00;74;com vítima;147;BR-116/SP;Pista Sul;Colisão traseira;1;1;1;0;0;0;1
26/01/2013;06:34:00;132;sem vítima;189,55;BR-116/SP;Pista Norte;Choque em objeto fixo;1;1;0;0;0;0;1
26/01/2013;16:06:00;494;sem vítima;216,65;BR-116/SP;Pista Norte;Outros;1;2;0;0;0;0;1
26/01/2013;23:13:00;724;sem vítima;229,5;BR-116/SP;Pista Norte;Colisão traseira;1;2;0;0;0;0;1
26/01/2013;01:50:00;43;sem vítima;261,35;BR-116/RJ;Pista Norte;Colisão traseira;1;2;0;0;0;0;1
26/01/2013;09:12:00;263;com vítima;262;BR-116/RJ;Pista Sul;Queda de ribanceira;1;0;1;0;0;0;1
26/01/2013;11:42:00;362;sem vítima;262,1;BR-116/RJ;Pista Sul;Colisão traseira;2;2;0;0;0;0;1
26/01/2013;00:42:00;18;com vítima;294,55;BR-116/RJ;Pista Sul;Atropelamento de pedestre caminhando;1;1;0;0;0;1;3
27/01/2013;14:22:00;348;sem vítima;87;BR-116/SP;Pista Norte;Não Def;1;2;0;0;0;0;1
27/01/2013;12:57:00;311;sem vítima;112,3;BR-116/SP;Pista Norte;Colisão traseira;1;5;0;0;0;0;1
27/01/2013;10:35:00;241;com vítima;145,05;BR-116/SP;Pista Sul;Abalroamento longitudinal;1;1;0;0;0;1;3
27/01/2013;22:11:00;611;sem vítima;166;BR-116/SP;Pista Sul;Abalroamento longitudinal;1;5;0;0;0;0;1
27/01/2013;18:44:00;487;sem vítima;229,6;BR-116/RJ;Pista Norte;Outros;1;1;0;0;0;0;1
27/01/2013;22:24:00;619;sem vítima;237,8;BR-116/RJ;Pista Norte;Choque em barreira New Jersey;1;5;0;0;0;0;1
27/01/2013;12:33:00;301;sem vítima;306,5;BR-116/RJ;Pista Norte;Choque em barreira New Jersey;1;5;0;0;0;0;1
28/01/2013;12:44:00;377;sem vítima;164,1;BR-116/RJ;Pista Sul;Engavetamento;1;7;0;0;0;0;1
28/01/2013;18:31:00;612;com vítima;182,1;BR-116/SP;Pista Norte;Choque em veículo parado na pista;2;2;1;0;0;0;1
28/01/2013;13:45:00;419;sem vítima;224,75;BR-116/SP;Pista Sul;Abalroamento longitudinal;2;5;0;0;0;0;1
29/01/2013;18:13:00;488;sem vítima;86,9;BR-116/SP;Pista Sul;Choque em objeto fixo;1;1;0;0;0;0;1
29/01/2013;08:26:00;169;com vítima;112;BR-116/SP;Pista Sul;Abalroamento longitudinal;1;1;1;0;0;0;1
29/01/2013;23:44:00;650;sem vítima;128,7;BR-116/SP;Pista Sul;Não Def;1;2;0;0;0;0;1
29/01/2013;09:55:00;234;sem vítima;139;BR-116/SP;Pista Sul;Não Def;1;1;0;0;0;0;1
29/01/2013;17:54:00;480;sem vítima;152,8;BR-116/SP;Pista Sul;Colisão traseira;1;6;0;0;0;0;1
29/01/2013;20:29:00;573;sem vítima;161;BR-116/SP;Pista Sul;Não Def;1;2;0;0;0;0;1
29/01/2013;07:52:00;134;sem vítima;163,8;BR-116/RJ;Pista Norte;Abalroamento longitudinal;1;2;0;0;0;0;1
29/01/2013;21:06:00;591;sem vítima;263;BR-116/RJ;Pista Sul;Não Def;1;1;0;0;0;0;1
29/01/2013;17:11:00;461;sem vítima;297,7;BR-116/RJ;Pista Norte;Colisão traseira;1;2;0;0;0;0;1
30/01/2013;18:15:00;628;sem vítima;47;BR-116/SP;Pista Sul;Não Def;2;2;0;0;0;0;1
30/01/2013;09:44:00;290;sem vítima;48;BR-116/SP;Pista Sul;Abalroamento longitudinal;2;2;0;0;0;0;1
30/01/2013;13:26:00;433;sem vítima;86,9;BR-116/SP;Pista Sul;Colisão traseira;2;2;0;0;0;0;1
30/01/2013;13:11:00;418;sem vítima;125,3;BR-116/SP;Pista Sul;Abalroamento longitudinal;1;2;0;0;0;0;1
30/01/2013;16:04:00;542;sem vítima;206;BR-116/SP;Pista Norte;Não Def;1;1;0;0;0;0;1
30/01/2013;15:00:00;499;com vítima;207,1;BR-116/RJ;Pista Norte;Colisão traseira;2;2;1;0;0;0;1
30/01/2013;20:12:00;711;sem vítima;238,85;BR-116/RJ;Pista Sul;Outros;1;1;0;0;0;0;1
30/01/2013;21:17:00;742;sem vítima;276,4;BR-116/RJ;Pista Sul;Abalroamento longitudinal;1;4;0;0;0;0;1
31/01/2013;15:37:00;535;sem vítima;112;BR-116/SP;Pista Norte;Não Def;1;2;0;0;0;0;1
31/01/2013;22:59:00;827;sem vítima;129;BR-116/SP;Pista Norte;Choque Talude;1;1;0;0;0;0;1
31/01/2013;18:11:00;629;sem vítima;146,4;BR-116/SP;Pista Sul;Choque em barreira New Jersey;1;1;0;0;0;0;1
31/01/2013;18:40:00;658;sem vítima;180,1;BR-116/SP;Pista Norte;Outros;1;1;0;0;0;0;1
31/01/2013;13:23:00;446;com vítima;198,3;BR-116/SP;Pista Sul;Colisão traseira;1;1;1;0;0;0;1
31/01/2013;10:41:00;345;sem vítima;218;BR-116/RJ;Pista Norte;Colisão traseira;2;2;0;0;0;0;1
31/01/2013;19:23:00;700;sem vítima;225,5;BR-116/SP;Pista Norte;Engavetamento;1;4;0;0;0;0;1
31/01/2013;05:33:00;90;com vítima;226,98;BR-116/SP;Pista Norte;Atropelamento de pedestre atravessando;1;0;0;0;0;1;3
31/01/2013;14:52:00;500;sem vítima;272;BR-116/RJ;Pista Sul;Colisão traseira;2;2;0;0;0;0;1
31/01/2013;17:03:00;592;sem vítima;288,55;BR-116/RJ;Pista Sul;Engavetamento;1;5;0;0;0;0;1
31/01/2013;18:58:00;681;sem vítima;293,15;BR-116/RJ;Pista Sul;Colisão traseira;1;2;0;0;0;0;1
01/02/2013;06:21:00;143;sem vítima;200,05;BR-116/RJ;Pista Sul;Colisão traseira;1;2;0;0;0;0;1
01/02/2013;07:44:00;217;sem vítima;164,2;BR-116/RJ;Pista Norte;Abalroamento longitudinal;1;2;0;0;0;0;1
01/02/2013;08:19:00;255;sem vítima;277,4;BR-116/RJ;Pista Sul;Abalroamento longitudinal;1;2;0;0;0;0;1
01/02/2013;08:47:00;291;com vítima;227;BR-116/SP;Pista Sul;Colisão traseira;1;1;1;0;0;0;1
01/02/2013;09:49:00;346;sem vítima;225,2;BR-116/SP;Pista Sul;Colisão traseira;2;2;0;0;0;0;1
01/02/2013;12:57:00;464;sem vítima;222;BR-116/RJ;Pista Norte;Choque Talude;1;1;0;0;0;0;1
01/02/2013;14:46:00;538;com vítima;168,5;BR-116/RJ;Pista Sul;Colisão traseira;1;2;1;0;0;0;1
01/02/2013;15:59:00;592;sem vítima;318,1;BR-116/RJ;Pista Sul;Colisão traseira;1;2;0;0;0;0;1
01/02/2013;16:25:00;606;sem vítima;172,4;BR-116/SP;Pista Norte;Tombamento;1;2;0;0;0;0;1
01/02/2013;16:56:00;632;sem vítima;220,3;BR-116/SP;Pista Sul;Colisão traseira;1;2;0;0;0;0;1
02/02/2013;04:25:00;76;com vítima;226,1;BR-116/SP;Pista Norte;Engavetamento;1;3;1;0;0;0;1
02/02/2013;04:27:00;78;sem vítima;4,7;BR-116/SP;Pista Sul;Choque em objeto na pista;1;2;0;0;0;0;1
02/02/2013;06:37:00;118;sem vítima;118;BR-116/SP;Pista Sul;Abalroamento longitudinal;1;2;0;0;0;0;1
02/02/2013;08:33:00;206;sem vítima;149,6;BR-116/SP;Pista Norte;Colisão traseira;1;3;0;0;0;0;1
02/02/2013;08:51:00;221;sem vítima;198,4;BR-116/SP;Pista Sul;Outros;1;1;0;0;0;0;1
02/02/2013;15:14:00;459;sem vítima;86,9;BR-116/SP;Pista Sul;Choque em objeto fixo;1;1;0;0;0;0;1
03/02/2013;00:00:00;1;com vítima;137,61;BR-116/SP;Pista Sul;Queda de moto;1;6;1;0;0;1;3
03/02/2013;00:36:00;12;sem vítima;115,2;BR-116/SP;Pista Norte;Colisão traseira;1;2;0;0;0;0;1
03/02/2013;11:54:00;272;com vítima;274,9;BR-116/RJ;Pista Norte;Queda de ribanceira;1;0;1;0;0;0;1
03/02/2013;14:31:00;342;com vítima;198,45;BR-116/SP;Pista Norte;Colisão traseira;1;1;0;0;1;0;2
03/02/2013;22:02:00;569;sem vítima;224,1;BR-116/RJ;Pista Norte;Choque Talude;1;1;0;0;0;0;1
04/02/2013;07:08:00;120;com vítima;26,5;BR-116/SP;Pista Norte;Colisão traseira;2;3;0;2;0;0;2
04/02/2013;13:12:00;362;com vítima;219,1;BR-116/RJ;Pista Norte;Tombamento;1;0;1;0;0;0;1
04/02/2013;14:00:00;394;sem vítima;213,15;BR-116/SP;Pista Sul;Colisão traseira;2;3;0;0;0;0;1
04/02/2013;15:03:00;424;sem vítima;165,2;BR-116/RJ;Pista Norte;Engavetamento;2;4;0;0;0;0;1
04/02/2013;15:43:00;456;sem vítima;180,89;BR-116/RJ;Pista Sul;Colisão traseira;1;3;0;0;0;0;1
04/02/2013;17:14:00;505;sem vítima;233,9;BR-116/RJ;Pista Sul;Abalroamento longitudinal;2;2;0;0;0;0;1
04/02/2013;21:14:00;653;com vítima;86,95;BR-116/SP;Pista Sul;Choque em veículo parado na pista;3;2;0;0;0;1;3
04/02/2013;21:25:00;659;sem vítima;175,5;BR-116/RJ;Pista Sul;Engavetamento;1;3;0;0;0;0;1
04/02/2013;23:07:00;704;sem vítima;221,8;BR-116/RJ;Pista Norte;Abalroamento longitudinal;1;2;0;0;0;0;1
04/02/2013;23:39:00;717;sem vítima;222,9;BR-116/RJ;Pista Sul;Colisão traseira;2;2;0;0;0;0;1
06/02/2013;01:15:00;24;sem vítima;127,8;BR-116/SP;Pista Sul;Colisão traseira;1;2;0;0;0;0;1
06/02/2013;06:26:00;109;sem vítima;266,8;BR-116/RJ;Pista Sul;Outros;2;3;0;0;0;0;1
06/02/2013;06:30:00;113;sem vítima;168,9;BR-116/RJ;Pista Norte;Engavetamento;1;51;0;0;0;0;1
06/02/2013;08:48:00;233;sem vítima;182;BR-116/SP;Pista Norte;Colisão traseira;1;2;0;0;0;0;1
06/02/2013;09:45:00;290;com vítima;223,1;BR-116/RJ;Pista Norte;Tombamento;1;0;1;0;0;0;1
06/02/2013;12:22:00;391;sem vítima;37,8;BR-116/SP;Pista Norte;Choque em objeto fixo;1;1;0;0;0;0;1
06/02/2013;14:18:00;455;sem vítima;179,4;BR-116/RJ;Pista Norte;Abalroamento longitudinal;1;2;0;0;0;0;1
06/02/2013;16:35:00;551;com vítima;223,5;BR-116/SP;Pista Norte;Abalroamento longitudinal;1;1;0;1;0;0;2
06/02/2013;18:15:00;614;com vítima;107,7;BR-116/SP;Pista Norte;Colisão traseira;2;1;0;0;0;1;3
07/02/2013;12:09:00;426;sem vítima;222,5;BR-116/SP;Pista Sul;Colisão traseira;1;4;0;0;0;0;1
07/02/2013;12:52:00;455;com vítima;207,5;BR-116/SP;Pista Norte;Colisão traseira;1;1;2;0;0;0;1
07/02/2013;14:23:00;491;sem vítima;202,6;BR-116/SP;Pista Norte;Abalroamento longitudinal;1;2;0;0;0;0;1
07/02/2013;02:17:00;42;com vítima;12,08;BR-116/SP;Pista Sul;Tombamento;1;0;1;1;0;0;2
07/02/2013;03:28:00;66;sem vítima;147,5;BR-116/SP;Pista Sul;Abalroamento longitudinal;1;3;0;0;0;0;1
07/02/2013;03:41:00;73;sem vítima;258,6;BR-116/RJ;Pista Sul;Outros;1;1;0;0;0;0;1
07/02/2013;04:29:00;90;com vítima;183,5;BR-116/SP;Pista Sul;Colisão traseira;2;1;0;0;1;0;2
07/02/2013;05:22:00;113;com vítima;89,7;BR-116/SP;Pista Sul;Choque em barreira New Jersey;1;0;1;0;0;0;1
07/02/2013;06:31:00;148;com vítima;293;BR-116/RJ;Pista Norte;Abalroamento longitudinal;1;1;1;0;0;0;1
07/02/2013;06:46:00;160;sem vítima;205;BR-116/SP;Pista Sul;Abalroamento longitudinal;1;6;0;0;0;0;1
07/02/2013;07:20:00;183;com vítima;29,6;BR-116/SP;Pista Sul;Colisão traseira;1;1;0;0;1;0;2
07/02/2013;08:32:00;257;sem vítima;207,1;BR-116/RJ;Pista Sul;Colisão traseira;1;3;0;0;0;0;1
07/02/2013;09:05:00;288;sem vítima;229;BR-116/RJ;Pista Norte;Colisão traseira;1;2;0;0;0;0;1
07/02/2013;09:42:00;322;sem vítima;86,9;BR-116/SP;Pista Norte;Engavetamento;1;8;0;0;0;0;1
07/02/2013;11:56:00;417;sem vítima;326,3;BR-116/RJ;Pista Norte;Colisão traseira;1;3;0;0;0;0;1
07/02/2013;14:59:00;519;com vítima;89,3;BR-116/SP;Pista Norte;Colisão traseira;1;1;1;0;0;0;1
07/02/2013;16:17:00;573;sem vítima;139;BR-116/SP;Pista Sul;Outros;1;1;0;0;0;0;1
07/02/2013;20:35:00;752;sem vítima;289,9;BR-116/RJ;Pista Norte;Choque em veículo parado na pista;2;2;0;0;0;0;1
07/02/2013;22:35:00;807;sem vítima;196,6;BR-116/SP;Pista Sul;Choque em objeto fixo;1;1;0;0;0;0;1
08/02/2013;01:35:00;30;sem vítima;221,5;BR-116/RJ;Pista Norte;Abalroamento longitudinal;1;2;0;0;0;0;1
08/02/2013;05:35:00;97;com vítima;183,9;BR-116/RJ;Pista Norte;Engavetamento;2;2;1;0;0;0;1
08/02/2013;05:48:00;107;com vítima;167,4;BR-116/RJ;Pista Norte;Abalroamento longitudinal;1;1;1;0;0;0;1
08/02/2013;06:05:00;112;sem vítima;164,1;BR-116/SP;Pista Norte;Choque em objeto fixo;1;1;0;0;0;0;1
08/02/2013;13:35:00;437;sem vítima;267;BR-116/RJ;Pista Sul;Queda de ribanceira;1;2;0;0;0;0;1
08/02/2013;16:46:00;586;sem vítima;38,3;BR-116/SP;Pista Norte;Choque em objeto na pista;2;2;0;0;0;0;1
08/02/2013;17:40:00;633;sem vítima;289,4;BR-116/RJ;Pista Norte;Engavetamento;1;12;0;0;0;0;1
08/02/2013;17:49:00;643;sem vítima;234,9;BR-116/RJ;Pista Norte;Outros;1;2;0;0;0;0;1
09/02/2013;02:14:00;66;sem vítima;139,1;BR-116/SP;Pista Norte;Atropelamento de animal;1;1;0;0;0;0;1
09/02/2013;07:04:00;176;sem vítima;231,4;BR-116/SP;Pista Norte;Abalroamento longitudinal;1;5;0;0;0;0;1
09/02/2013;07:48:00;228;sem vítima;223,4;BR-116/RJ;Pista Sul;Engavetamento;2;4;0;0;0;0;1
09/02/2013;07:52:00;231;sem vítima;211,7;BR-116/SP;Pista Sul;Abalroamento longitudinal;1;4;0;0;0;0;1
09/02/2013;08:14:00;255;sem vítima;18,6;BR-116/SP;Pista Norte;Abalroamento longitudinal;1;2;0;0;0;0;1
09/02/2013;09:40:00;315;sem vítima;95,4;BR-116/SP;Pista Norte;Engavetamento;1;7;0;0;0;0;1
09/02/2013;10:56:00;378;sem vítima;185,9;BR-116/RJ;Pista Sul;Colisão traseira;1;2;0;0;0;0;1
09/02/2013;12:31:00;449;sem vítima;261;BR-116/RJ;Pista Norte;Outros;1;1;0;0;0;0;1
09/02/2013;12:42:00;458;sem vítima;261;BR-116/RJ;Pista Norte;Colisão traseira;1;2;0;0;0;0;1
09/02/2013;13:42:00;497;com vítima;116,2;BR-116/SP;Pista Sul;Atropelamento de pedestre caminhando;1;1;0;0;1;0;2
09/02/2013;18:50:00;704;sem vítima;240,6;BR-116/RJ;Pista Sul;Choque em defensa;1;1;0;0;0;0;1
09/02/2013;22:25:00;808;sem vítima;207,1;BR-116/RJ;Pista Norte;Colisão traseira;1;4;0;0;0;0;1
10/02/2013;00:25:00;8;sem vítima;161;BR-116/SP;Pista Sul;Choque em objeto na pista;1;2;0;0;0;0;1
10/02/2013;05:11:00;91;com vítima;199;BR-116/SP;Pista Sul;Colisão traseira;1;6;1;0;0;0;1
10/02/2013;05:20:00;97;sem vítima;144,85;BR-116/SP;Pista Sul;Colisão traseira;1;2;0;0;0;0;1
10/02/2013;19:53:00;531;sem vítima;223,2;BR-116/RJ;Pista Norte;Choque Talude;1;1;0;0;0;0;1
10/02/2013;20:14:00;540;sem vítima;54,7;BR-116/SP;Pista Norte;Choque em objeto fixo;1;1;0;0;0;0;1
11/02/2013;13:38:00;307;sem vítima;115,3;BR-116/SP;Pista Norte;Colisão traseira;2;2;0;0;0;0;1
12/02/2013;06:17:00;61;sem vítima;131,85;BR-116/SP;Pista Sul;Colisão traseira;2;2;0;0;0;0;1
12/02/2013;15:08:00;330;sem vítima;298;BR-116/RJ;Pista Norte;Choque em objeto fixo;1;1;0;0;0;0;1
12/02/2013;17:49:00;445;sem vítima;318,1;BR-116/RJ;Pista Norte;Choque em objeto fixo;1;2;0;0;0;0;1
12/02/2013;22:23:00;617;sem vítima;11,2;BR-116/SP;Pista Sul;Choque em objeto na pista;2;3;0;0;0;0;1
13/02/2013;11:03:00;280;sem vítima;165,6;BR-116/SP;Pista Norte;Colisão traseira;1;2;0;0;0;0;1
13/02/2013;06:17:00;97;sem vítima;153;BR-116/SP;Pista Norte;Capotamento;1;2;0;0;0;0;1
13/02/2013;07:51:00;153;sem vítima;171,1;BR-116/RJ;Pista Sul;Colisão traseira;1;2;0;0;0;0;1
13/02/2013;09:42:00;229;com vítima;214,5;BR-116/RJ;Pista Norte;Queda de ribanceira;1;0;0;1;0;0;2
13/02/2013;14:54:00;441;com vítima;174,2;BR-116/SP;Pista Norte;Colisão traseira;1;1;1;0;0;0;1
13/02/2013;17:36:00;567;sem vítima;112,7;BR-116/SP;Pista Sul;Engavetamento;1;7;0;0;0;0;1
13/02/2013;18:09:00;587;com vítima;191,8;BR-116/SP;Pista Sul;Queda de ribanceira;1;1;2;0;0;0;1
13/02/2013;19:19:00;641;sem vítima;148,5;BR-116/SP;Pista Sul;Colisão traseira;1;29;0;0;0;0;1
14/02/2013;00:26:00;14;sem vítima;321,1;BR-116/RJ;Pista Norte;Choque em barreira New Jersey;1;2;0;0;0;0;1
14/02/2013;01:40:00;33;sem vítima;81,3;BR-116/SP;Pista Norte;Colisão traseira;2;2;0;0;0;0;1
14/02/2013;01:56:00;38;com vítima;26,3;BR-116/SP;Pista Norte;Colisão traseira;2;1;1;0;0;0;1
14/02/2013;04:29:00;75;sem vítima;225,8;BR-116/SP;Pista Norte;Abalroamento longitudinal;1;7;0;0;0;0;1
14/02/2013;06:42:00;113;sem vítima;212,4;BR-116/SP;Pista Sul;Colisão traseira;1;2;0;0;0;0;1
14/02/2013;09:57:00;324;sem vítima;190,9;BR-116/RJ;Pista Norte;Abalroamento longitudinal;2;2;0;0;0;0;1
14/02/2013;12:03:00;415;sem vítima;277,3;BR-116/RJ;Pista Sul;Abalroamento longitudinal;1;2;0;0;0;0;1
14/02/2013;12:20:00;427;com vítima;187,5;BR-116/SP;Pista Sul;Tombamento;1;0;2;0;0;0;1
14/02/2013;17:11:00;583;sem vítima;185,5;BR-116/SP;Pista Sul;Colisão traseira;1;2;0;0;0;0;1
14/02/2013;23:06:00;838;com vítima;210,65;BR-116/SP;Pista Norte;Colisão traseira;1;0;1;0;0;0;1
15/02/2013;00:37:00;16;sem vítima;134,7;BR-116/SP;Pista Norte;Colisão traseira;1;2;0;0;0;0;1
15/02/2013;05:23:00;68;sem vítima;159;BR-116/SP;Pista Sul;Abalroamento longitudinal;1;2;0;0;0;0;1
15/02/2013;11:12:00;373;sem vítima;147,3;BR-116/SP;Pista Sul;Abalroamento longitudinal;1;2;0;0;0;0;1
15/02/2013;13:54:00;463;sem vítima;22;BR-116/SP;Pista Sul;Choque em objeto fixo;1;1;0;0;0;0;1
15/02/2013;15:53:00;559;com vítima;146,6;BR-116/SP;Pista Norte;Abalroamento longitudinal;1;1;0;1;0;0;2
15/02/2013;16:04:00;575;sem vítima;204;BR-116/SP;Pista Sul;Choque em veículo parado na pista;1;4;0;0;0;0;1
15/02/2013;16:17:00;587;sem vítima;200,3;BR-116/RJ;Pista Sul;Abalroamento longitudinal;1;3;0;0;0;0;1
15/02/2013;17:21:00;634;sem vítima;47,4;BR-116/SP;Pista Norte;Queda de ribanceira;1;1;0;0;0;0;1
15/02/2013;18:14:00;672;sem vítima;37,75;BR-116/SP;Pista Norte;Choque em barreira New Jersey;1;1;0;0;0;0;1
15/02/2013;21:30:00;801;sem vítima;332,8;BR-116/RJ;Pista Sul;Capotamento;1;2;0;0;0;0;1
16/02/2013;01:03:00;20;sem vítima;277,1;BR-116/RJ;Pista Sul;Colisão traseira;2;2;0;0;0;0;1
16/02/2013;07:37:00;137;sem vítima;221,5;BR-116/SP;Pista Sul;Abalroamento longitudinal;1;5;0;0;0;0;1
16/02/2013;08:20:00;157;com vítima;182,3;BR-116/SP;Pista Norte;Colisão traseira;1;1;2;0;0;0;1
16/02/2013;12:16:00;305;sem vítima;299,85;BR-116/RJ;Pista Norte;Abalroamento longitudinal;1;2;0;0;0;0;1
16/02/2013;17:21:00;469;com vítima;216,65;BR-116/SP;Pista Sul;Choque em veículo parado na pista;1;1;0;0;0;1;3
17/02/2013;19:05:00;513;sem vítima;265,2;BR-116/RJ;Pista Sul;Tombamento;1;1;0;0;0;0;1
17/02/2013;13:53:00;321;sem vítima;239,6;BR-116/RJ;Pista Norte;Tombamento;1;1;0;0;0;0;1
18/02/2013;05:47:00;100;com vítima;179,2;BR-116/RJ;Pista Norte;Engavetamento;1;2;0;1;0;0;2
18/02/2013;06:56:00;137;sem vítima;145,5;BR-116/SP;Pista Norte;Abalroamento longitudinal;1;27;0;0;0;0;1
18/02/2013;06:58:00;139;sem vítima;182,3;BR-116/RJ;Pista Norte;Colisão traseira;2;2;0;0;0;0;1
18/02/2013;07:41:00;176;sem vítima;166,3;BR-116/RJ;Pista Norte;Engavetamento;1;4;0;0;0;0;1
18/02/2013;07:55:00;185;sem vítima;179,2;BR-116/RJ;Pista Sul;Choque em barreira New Jersey;1;3;0;0;0;0;1
18/02/2013;10:47:00;352;sem vítima;165;BR-116/SP;Pista Sul;Colisão traseira;2;2;0;0;0;0;1
18/02/2013;12:17:00;397;sem vítima;209,8;BR-116/SP;Pista Sul;Colisão traseira;2;2;0;0;0;0;1
18/02/2013;17:39:00;628;sem vítima;148,6;BR-116/SP;Pista Sul;Abalroamento longitudinal;1;2;0;0;0;0;1
18/02/2013;18:11:00;645;sem vítima;208,65;BR-116/SP;Pista Sul;Abalroamento longitudinal;1;3;0;0;0;0;1
18/02/2013;22:12:00;791;sem vítima;207,1;BR-116/SP;Pista Sul;Colisão traseira;1;2;0;0;0;0;1
18/02/2013;22:16:00;795;sem vítima;16,8;BR-116/SP;Pista Sul;Abalroamento longitudinal;1;2;0;0;0;0;1
19/02/2013;18:01:00;611;sem vítima;182;BR-116/SP;Pista Norte;Colisão traseira;2;2;0;0;0;0;1
19/02/2013;00:47:00;18;sem vítima;225,6;BR-116/SP;Pista Sul;Colisão traseira;2;2;0;0;0;0;1
19/02/2013;08:00:00;190;sem vítima;163,4;BR-116/RJ;Pista Norte;Engavetamento;2;7;0;0;0;0;1
19/02/2013;08:06:00;195;com vítima;220,3;BR-116/RJ;Pista Sul;Tombamento;1;0;1;0;0;0;1
19/02/2013;12:29:00;403;sem vítima;221,5;BR-116/SP;Pista Sul;Abalroamento longitudinal;1;2;0;0;0;0;1
19/02/2013;12:42:00;409;com vítima;182,3;BR-116/SP;Pista Norte;Colisão traseira;1;2;1;0;0;0;1
19/02/2013;16:17:00;544;sem vítima;145;BR-116/SP;Pista Norte;Choque em veículo parado na pista;2;2;0;0;0;0;1
19/02/2013;16:18:00;545;com vítima;304,6;BR-116/RJ;Pista Sul;Abalroamento longitudinal;1;2;1;0;0;0;1
19/02/2013;19:32:00;669;sem vítima;222,65;BR-116/RJ;Pista Norte;Choque Talude;1;1;0;0;0;0;1
19/02/2013;22:39:00;757;sem vítima;231,1;BR-116/SP;Pista Sul;Colisão traseira;1;3;0;0;0;0;1
20/02/2013;06:41:00;113;com vítima;164,1;BR-116/RJ;Pista Norte;Abalroamento longitudinal;1;3;0;1;0;0;2
20/02/2013;06:42:00;114;sem vítima;77;BR-116/SP;Pista Norte;Outros;1;1;0;0;0;0;1
20/02/2013;15:38:00;511;sem vítima;171,6;BR-116/RJ;Pista Norte;Outros;1;2;0;0;0;0;1
20/02/2013;17:50:00;593;sem vítima;214,4;BR-116/SP;Pista Sul;Colisão traseira;1;3;0;0;0;0;1
20/02/2013;20:54:00;696;sem vítima;210,2;BR-116/SP;Pista Sul;Abalroamento longitudinal;1;2;0;0;0;0;1
20/02/2013;22:13:00;728;com vítima;108,4;BR-116/SP;Pista Norte;Colisão traseira;1;2;1;3;0;0;2
20/02/2013;22:19:00;732;sem vítima;219,5;BR-116/SP;Pista Norte;Engavetamento;1;5;0;0;0;0;1
20/02/2013;22:23:00;733;sem vítima;109;BR-116/SP;Pista Norte;Engavetamento;3;4;0;0;0;0;1
20/02/2013;23:58:00;773;sem vítima;224,5;BR-116/RJ;Pista Norte;Choque em objeto fixo;1;1;0;0;0;0;1
21/02/2013;05:28:00;56;sem vítima;243,8;BR-116/RJ;Pista Norte;Abalroamento longitudinal;2;2;0;0;0;0;1
21/02/2013;07:43:00;139;sem vítima;130,15;BR-116/SP;Pista Norte;Abalroamento longitudinal;1;2;0;0;0;0;1
21/02/2013;08:21:00;186;sem vítima;303,2;BR-116/RJ;Pista Norte;Engavetamento;1;3;0;0;0;0;1
21/02/2013;08:46:00;220;sem vítima;69;BR-116/SP;Pista Norte;Colisão traseira;2;2;0;0;0;0;1
21/02/2013;16:32:00;551;sem vítima;311;BR-116/RJ;Pista Norte;Outros;1;1;0;0;0;0;1
21/02/2013;18:51:00;668;sem vítima;139,9;BR-116/SP;Pista Norte;Engavetamento;1;3;0;0;0;0;1
22/02/2013;05:36:00;76;sem vítima;219,3;BR-116/SP;Pista Norte;Colisão traseira;1;2;0;0;0;0;1
22/02/2013;10:21:00;329;sem vítima;157,85;BR-116/SP;Pista Sul;Outros;1;1;0;0;0;0;1
22/02/2013;11:14:00;374;sem vítima;147,9;BR-116/SP;Pista Sul;Abalroamento longitudinal;1;2;0;0;0;0;1