data;horario;n_da_ocorrencia;tipo_de_ocorrencia;km;trecho;sentido;tipo_de_acidente;caminhao;ilesos;levemente_feridos;moderadamente_feridos;gravemente_feridos;mortos;3
22/02/2013;11:36:00;390;sem vítima;182;BR-116/SP;Pista Norte;Outros;1;1;0;0;0;0;1
22/02/2013;14:33:00;516;sem vítima;214,6;BR-116/RJ;Pista Sul;Outros;1;1;0;0;0;0;1
22/02/2013;14:59:00;528;sem vítima;182;BR-116/RJ;Pista Sul;Choque em objeto fixo;1;1;0;0;0;0;1
22/02/2013;16:15:00;584;sem vítima;165;BR-116/SP;Pista Norte;Choque em veículo parado na pista;2;4;0;0;0;0;1
22/02/2013;16:54:00;618;sem vítima;205,3;BR-116/SP;Pista Norte;Abalroamento longitudinal;1;2;0;0;0;0;1
22/02/2013;22:05:00;833;sem vítima;214;BR-116/SP;Pista Sul;Abalroamento longitudinal;1;2;0;0;0;0;1
22/02/2013;22:05:00;835;sem vítima;3,7;BR-116/SP;Pista Sul;Choque em objeto fixo;1;1;0;0;0;0;1
23/02/2013;00:28:00;12;sem vítima;324,7;BR-116/RJ;Pista Norte;Abalroamento longitudinal;1;2;0;0;0;0;1
23/02/2013;07:29:00;164;sem vítima;220,5;BR-116/RJ;Pista Norte;Capotamento;1;1;0;0;0;0;1
23/02/2013;09:14:00;240;com vítima;302,5;BR-116/RJ;Pista Sul;Engavetamento;2;8;1;0;0;0;1
23/02/2013;12:12:00;352;sem vítima;226,1;BR-116/SP;Pista Sul;Abalroamento longitudinal;1;2;0;0;0;0;1
23/02/2013;13:13:00;393;sem vítima;165;BR-116/SP;Pista Norte;Colisão traseira;1;4;0;0;0;0;1
23/02/2013;14:26:00;431;com vítima;175,05;BR-116/RJ;Pista Sul;Abalroamento longitudinal;1;1;1;0;0;0;1
23/02/2013;15:24:00;457;sem vítima;56,5;BR-116/SP;Pista Norte;Choque em objeto fixo;1;1;0;0;0;0;1
23/02/2013;18:52:00;578;com vítima;300,8;BR-116/RJ;Pista Sul;Atropelamento de pedestre atravessando;1;1;1;0;0;0;1
23/02/2013;19:29:00;601;com vítima;186,25;BR-116/SP;Pista Sul;Atropelamento de pedestre caminhando;1;1;0;0;1;0;2
24/02/2013;22:41:00;647;sem vítima;112,1;BR-116/SP;Pista Norte;Engavetamento;1;8;0;0;0;0;1
25/02/2013;08:33:00;199;sem vítima;139,65;BR-116/SP;Pista Sul;Abalroamento longitudinal;1;5;0;0;0;0;1
25/02/2013;11:02:00;307;sem vítima;169;BR-116/RJ;Pista Sul;Engavetamento;1;9;0;0;0;0;1
25/02/2013;12:03:00;348;sem vítima;220;BR-116/RJ;Pista Sul;Colisão traseira;1;2;0;0;0;0;1
25/02/2013;15:50:00;485;com vítima;205,6;BR-116/RJ;Pista Sul;Tombamento;1;0;1;0;0;0;1
25/02/2013;17:53:00;575;com vítima;173,7;BR-116/RJ;Pista Norte;Colisão traseira;1;45;2;0;0;0;1
25/02/2013;19:56:00;667;sem vítima;257,9;BR-116/RJ;Pista Sul;Choque em barreira New Jersey;1;1;0;0;0;0;1
25/02/2013;20:25:00;683;sem vítima;34,4;BR-116/SP;Pista Norte;Abalroamento longitudinal;1;2;0;0;0;0;1
25/02/2013;21:06:00;705;sem vítima;165,5;BR-116/RJ;Pista Norte;Abalroamento longitudinal;1;2;0;0;0;0;1
25/02/2013;23:51:00;776;sem vítima;219,3;BR-116/SP;Pista Norte;Abalroamento longitudinal;1;3;0;0;0;0;1
26/02/2013;04:06:00;51;com vítima;219,3;BR-116/RJ;Pista Norte;Tombamento;1;0;0;1;0;0;2
26/02/2013;07:57:00;178;com vítima;147,4;BR-116/SP;Pista Sul;Abalroamento longitudinal;1;1;1;0;0;0;1
26/02/2013;10:11:00;294;sem vítima;225;BR-116/SP;Pista Sul;Colisão traseira;1;2;0;0;0;0;1
26/02/2013;11:38:00;356;sem vítima;117;BR-116/SP;Pista Sul;Colisão traseira;1;2;0;0;0;0;1
26/02/2013;12:07:00;371;com vítima;328,4;BR-116/RJ;Pista Sul;Choque em objeto fixo;1;0;1;0;0;0;1
26/02/2013;14:36:00;447;sem vítima;71,9;BR-116/SP;Pista Norte;Choque em objeto fixo;1;1;0;0;0;0;1
26/02/2013;14:45:00;454;com vítima;65,2;BR-116/SP;Pista Norte;Engavetamento;2;8;2;0;0;0;1
26/02/2013;14:53:00;459;sem vítima;66,3;BR-116/SP;Pista Norte;Choque em barreira New Jersey;1;1;0;0;0;0;1
26/02/2013;15:32:00;489;com vítima;263,2;BR-116/RJ;Pista Sul;Tombamento;2;4;1;0;0;0;1
26/02/2013;15:49:00;500;com vítima;263,1;BR-116/RJ;Pista Sul;Colisão traseira;2;1;1;0;0;0;1
26/02/2013;16:39:00;535;sem vítima;200,4;BR-116/RJ;Pista Sul;Abalroamento longitudinal;1;2;0;0;0;0;1
26/02/2013;17:55:00;575;sem vítima;158,9;BR-116/SP;Pista Norte;Abalroamento longitudinal;1;3;0;0;0;0;1
26/02/2013;18:32:00;597;sem vítima;299,1;BR-116/RJ;Pista Sul;Colisão traseira;2;3;0;0;0;0;1
26/02/2013;19:26:00;636;sem vítima;172,5;BR-116/RJ;Pista Norte;Colisão traseira;1;2;0;0;0;0;1
26/02/2013;20:30:00;672;com vítima;35,9;BR-116/SP;Pista Sul;Colisão traseira;1;3;1;2;0;0;2
26/02/2013;21:51:00;714;sem vítima;214,2;BR-116/SP;Pista Norte;Colisão traseira;1;4;0;0;0;0;1
26/02/2013;22:30:00;722;sem vítima;198,9;BR-116/SP;Pista Sul;Colisão traseira;1;2;0;0;0;0;1
27/02/2013;00:25:00;13;sem vítima;228,2;BR-116/RJ;Pista Norte;Tombamento;1;1;0;0;0;0;1
27/02/2013;01:27:00;31;com vítima;136,4;BR-116/SP;Pista Norte;Colisão traseira;2;1;0;1;0;0;2
27/02/2013;02:20:00;40;sem vítima;38,55;BR-116/SP;Pista Norte;Choque em objeto fixo;1;1;0;0;0;0;1
27/02/2013;05:26:00;86;sem vítima;217;BR-116/RJ;Pista Sul;Choque em objeto na pista;1;1;0;0;0;0;1
27/02/2013;06:34:00;130;sem vítima;164,1;BR-116/RJ;Pista Norte;Abalroamento longitudinal;1;2;0;0;0;0;1
27/02/2013;08:45:00;258;sem vítima;170,4;BR-116/RJ;Pista Norte;Colisão traseira;1;2;0;0;0;0;1
27/02/2013;08:55:00;270;sem vítima;226,4;BR-116/SP;Pista Sul;Outros;1;2;0;0;0;0;1
27/02/2013;11:29:00;404;sem vítima;211;BR-116/SP;Pista Sul;Abalroamento longitudinal;1;3;0;0;0;0;1
27/02/2013;12:43:00;446;com vítima;293,1;BR-116/RJ;Pista Norte;Queda de moto;1;1;1;0;0;0;1
27/02/2013;17:30:00;633;sem vítima;227,2;BR-116/RJ;Pista Norte;Choque em barreira New Jersey;1;1;0;0;0;0;1
27/02/2013;18:08:00;655;sem vítima;135,8;BR-116/SP;Pista Sul;Colisão traseira;2;2;0;0;0;0;1
27/02/2013;20:44:00;732;sem vítima;156;BR-116/SP;Pista Sul;Choque em veículo parado na pista;1;2;0;0;0;0;1
28/02/2013;00:34:00;10;com vítima;192,9;BR-116/SP;Pista Norte;Colisão traseira;2;1;2;0;0;0;1
28/02/2013;03:42:00;60;com vítima;201,9;BR-116/SP;Pista Norte;Colisão traseira;1;1;0;0;0;1;3
28/02/2013;04:38:00;70;com vítima;189,15;BR-116/SP;Pista Sul;Colisão traseira;2;1;1;0;0;0;1
28/02/2013;06:32:00;119;com vítima;229,65;BR-116/RJ;Pista Norte;Tombamento;1;0;1;0;0;0;1
28/02/2013;08:37:00;224;sem vítima;165;BR-116/SP;Pista Sul;Colisão traseira;1;10;0;0;0;0;1
28/02/2013;10:42:00;325;sem vítima;210,8;BR-116/SP;Pista Norte;Engavetamento;1;5;0;0;0;0;1
28/02/2013;14:37:00;441;com vítima;220,6;BR-116/SP;Pista Norte;Abalroamento longitudinal;1;1;1;0;0;0;1
28/02/2013;15:05:00;462;com vítima;175,8;BR-116/SP;Pista Sul;Tombamento;1;0;1;0;0;0;1
28/02/2013;17:49:00;558;sem vítima;208,5;BR-116/RJ;Pista Norte;Choque em objeto fixo;1;1;0;0;0;0;1
28/02/2013;17:52:00;561;sem vítima;264,9;BR-116/RJ;Pista Norte;Abalroamento longitudinal;1;2;0;0;0;0;1
01/03/2013;19:27:00;647;sem vítima;2,2;BR-116/SP;Pista Sul;Abalroamento longitudinal;2;2;0;0;0;0;1
01/03/2013;17:55:00;583;sem vítima;34,6;BR-116/SP;Pista Sul;Engavetamento;1;10;0;0;0;0;1
01/03/2013;08:25:00;231;sem vítima;109,9;BR-116/SP;Pista Sul;Abalroamento longitudinal;1;2;0;0;0;0;1
01/03/2013;17:24:00;559;com vítima;155,5;BR-116/SP;Pista Sul;Engavetamento;1;4;1;0;0;0;1
01/03/2013;23:08:00;779;sem vítima;181,6;BR-116/SP;Pista Norte;Colisão traseira;2;2;0;0;0;0;1
01/03/2013;04:08:00;63;sem vítima;192,1;BR-116/RJ;Pista Norte;Colisão traseira;1;2;0;0;0;0;1
01/03/2013;23:57:00;805;com vítima;195,2;BR-116/SP;Pista Norte;Abalroamento longitudinal;1;1;2;0;0;0;1
01/03/2013;18:00:00;585;com vítima;214,2;BR-116/SP;Pista Sul;Abalroamento longitudinal;1;3;1;0;0;1;3
01/03/2013;11:41:00;370;sem vítima;221,7;BR-116/SP;Pista Norte;Abalroamento longitudinal;1;2;0;0;0;0;1
01/03/2013;14:18:00;460;sem vítima;223,8;BR-116/RJ;Pista Norte;Tombamento;1;1;0;0;0;0;1
01/03/2013;15:05:00;480;sem vítima;267,4;BR-116/RJ;Pista Sul;Engavetamento;3;3;0;0;0;0;1
01/03/2013;18:53:00;618;sem vítima;318,9;BR-116/RJ;Pista Norte;Choque em veículo parado na pista;2;2;0;0;0;0;1
01/03/2013;16:21:00;524;sem vítima;328,2;BR-116/RJ;Pista Norte;Choque em barreira New Jersey;1;1;0;0;0;0;1
02/03/2013;04:50:00;69;sem vítima;129,1;BR-116/SP;Pista Sul;Abalroamento longitudinal;1;2;0;0;0;0;1
02/03/2013;11:20:00;301;sem vítima;202,95;BR-116/RJ;Pista Sul;Abalroamento longitudinal;1;2;0;0;0;0;1
02/03/2013;17:07:00;497;sem vítima;206,45;BR-116/SP;Pista Sul;Abalroamento longitudinal;1;2;0;0;0;0;1
02/03/2013;10:06:00;256;com vítima;211,8;BR-116/SP;Pista Sul;Colisão traseira;1;5;1;0;0;0;1
02/03/2013;06:27:00;99;sem vítima;217,8;BR-116/SP;Pista Norte;Abalroamento longitudinal;1;4;0;0;0;0;1
02/03/2013;14:56:00;429;sem vítima;227,2;BR-116/RJ;Pista Norte;Tombamento;1;1;0;0;0;0;1
02/03/2013;09:21:00;219;com vítima;229,7;BR-116/RJ;Pista Norte;Engavetamento;1;3;2;0;0;0;1
03/03/2013;19:23:00;531;sem vítima;27,95;BR-116/SP;Pista Norte;Outros;1;1;0;0;0;0;1
03/03/2013;17:27:00;445;sem vítima;325,2;BR-116/RJ;Pista Norte;Outros;1;1;0;0;0;0;1
04/03/2013;18:24:00;637;sem vítima;43,7;BR-116/SP;Pista Sul;Abalroamento longitudinal;1;2;0;0;0;0;1
04/03/2013;06:49:00;123;sem vítima;58,6;BR-116/SP;Pista Sul;Abalroamento longitudinal;1;2;0;0;0;0;1
04/03/2013;19:05:00;665;sem vítima;149,8;BR-116/SP;Pista Sul;Colisão traseira;1;7;0;0;0;0;1
04/03/2013;17:14:00;572;sem vítima;165,9;BR-116/RJ;Pista Sul;Abalroamento longitudinal;1;6;0;0;0;0;1
04/03/2013;15:38:00;501;sem vítima;182;BR-116/SP;Pista Norte;Colisão traseira;2;4;0;0;0;0;1
04/03/2013;15:58:00;512;sem vítima;187,05;BR-116/SP;Pista Sul;Choque em objeto fixo;1;2;0;0;0;0;1
04/03/2013;16:00:00;514;sem vítima;201,4;BR-116/RJ;Pista Norte;Outros;1;2;0;0;0;0;1
04/03/2013;17:48:00;604;com vítima;208,9;BR-116/RJ;Pista Norte;Abalroamento longitudinal;1;1;1;0;0;0;1
04/03/2013;20:47:00;736;com vítima;239,6;BR-116/RJ;Pista Norte;Tombamento;1;0;0;1;0;0;2
04/03/2013;20:34:00;728;com vítima;302,05;BR-116/RJ;Pista Sul;Colisão traseira;2;2;1;0;0;0;1
04/03/2013;22:58:00;791;com vítima;332,9;BR-116/RJ;Pista Norte;Colisão traseira;1;1;2;0;0;0;1
05/03/2013;07:38:00;178;com vítima;51;BR-116/SP;Pista Sul;Colisão traseira;1;1;0;1;0;0;2
05/03/2013;15:44:00;543;sem vítima;102,5;BR-116/SP;Pista Sul;Abalroamento longitudinal;1;3;0;0;0;0;1
05/03/2013;13:18:00;447;sem vítima;154,55;BR-116/SP;Pista Norte;Abalroamento longitudinal;2;4;0;0;0;0;1
05/03/2013;22:02:00;776;sem vítima;162;BR-116/SP;Pista Sul;Colisão traseira;3;3;0;0;0;0;1
05/03/2013;21:29:00;769;sem vítima;165,5;BR-116/SP;Pista Sul;Choque em objeto na pista;1;2;0;0;0;0;1
05/03/2013;06:31:00;117;com vítima;166,1;BR-116/RJ;Pista Norte;Engavetamento;3;4;1;1;0;0;2
05/03/2013;15:21:00;522;sem vítima;178,3;BR-116/RJ;Pista Sul;Colisão traseira;1;2;0;0;0;0;1
05/03/2013;18:34:00;669;sem vítima;202,8;BR-116/SP;Pista Sul;Choque em objeto fixo;1;2;0;0;0;0;1
05/03/2013;16:46:00;590;sem vítima;310,1;BR-116/RJ;Pista Norte;Colisão traseira;1;3;0;0;0;0;1
05/03/2013;12:59:00;435;sem vítima;314,48;BR-116/RJ;Pista Sul;Abalroamento longitudinal;2;2;0;0;0;0;1
06/03/2013;20:28:00;761;sem vítima;125,5;BR-116/SP;Pista Norte;Colisão traseira;1;2;0;0;0;0;1
06/03/2013;00:01:00;2;sem vítima;177,6;BR-116/RJ;Pista Sul;Colisão traseira;1;3;0;0;0;0;1
06/03/2013;21:19:00;784;sem vítima;210,5;BR-116/SP;Pista Sul;Colisão traseira;2;2;0;0;0;0;1
06/03/2013;23:57:00;854;sem vítima;214,1;BR-116/SP;Pista Sul;Abalroamento longitudinal;2;3;0;0;0;0;1
06/03/2013;06:38:00;133;sem vítima;219,9;BR-116/SP;Pista Sul;Colisão traseira;1;3;0;0;0;0;1
06/03/2013;13:20:00;469;sem vítima;286,65;BR-116/RJ;Pista Sul;Choque em barreira New Jersey;1;1;0;0;0;0;1
07/03/2013;19:31:00;662;sem vítima;6,6;BR-116/SP;Pista Norte;Outros;1;1;0;0;0;0;1
07/03/2013;15:01:00;491;sem vítima;115,4;BR-116/SP;Pista Norte;Colisão traseira;2;2;0;0;0;0;1
07/03/2013;08:07:00;225;sem vítima;164,8;BR-116/RJ;Pista Norte;Engavetamento;1;43;0;0;0;0;1
07/03/2013;15:37:00;514;sem vítima;183;BR-116/RJ;Pista Norte;Engavetamento;1;3;0;0;0;0;1
07/03/2013;02:33:00;45;sem vítima;197,7;BR-116/SP;Pista Sul;Outros;1;2;0;0;0;0;1
07/03/2013;15:17:00;499;sem vítima;214,8;BR-116/SP;Pista Norte;Outros;1;1;0;0;0;0;1
07/03/2013;01:12:00;23;sem vítima;218,3;BR-116/RJ;Pista Sul;Colisão traseira;2;2;0;0;0;0;1
07/03/2013;21:41:00;733;sem vítima;222,3;BR-116/RJ;Pista Norte;Tombamento;1;1;0;0;0;0;1
07/03/2013;10:10:00;342;sem vítima;228,6;BR-116/SP;Pista Sul;Colisão traseira;1;3;0;0;0;0;1
07/03/2013;14:45:00;477;sem vítima;248,39;BR-116/RJ;Pista Sul;Abalroamento longitudinal;1;2;0;0;0;0;1
07/03/2013;16:04:00;536;com vítima;324,65;BR-116/RJ;Pista Norte;Outros;1;0;1;0;0;0;1
08/03/2013;00:30:00;10;com vítima;24,3;BR-116/SP;Pista Norte;Engavetamento;4;2;0;1;0;1;3
08/03/2013;17:38:00;630;sem vítima;24,4;BR-116/SP;Pista Norte;Colisão traseira;1;2;0;0;0;0;1
08/03/2013;03:45:00;59;com vítima;28,6;BR-116/SP;Pista Norte;Colisão traseira;2;1;1;0;0;0;1
08/03/2013;16:23:00;567;sem vítima;42,9;BR-116/SP;Pista Norte;Outros;1;1;0;0;0;0;1
08/03/2013;03:17:00;57;sem vítima;122,1;BR-116/SP;Pista Sul;Colisão traseira;2;2;0;0;0;0;1
08/03/2013;02:56:00;52;sem vítima;125,7;BR-116/SP;Pista Norte;Colisão traseira;1;4;0;0;0;0;1
08/03/2013;00:09:00;1;sem vítima;154,3;BR-116/SP;Pista Sul;Colisão traseira;2;2;0;0;0;0;1
08/03/2013;07:28:00;156;com vítima;165,8;BR-116/RJ;Pista Norte;Engavetamento;1;65;1;0;0;0;1
08/03/2013;21:24:00;782;sem vítima;177,1;BR-116/RJ;Pista Norte;Colisão traseira;1;2;0;0;0;0;1
08/03/2013;15:54:00;545;sem vítima;178,68;BR-116/RJ;Pista Norte;Abalroamento longitudinal;1;16;0;0;0;0;1
08/03/2013;11:03:00;360;sem vítima;180,1;BR-116/RJ;Pista Norte;Abalroamento longitudinal;1;2;0;0;0;0;1
08/03/2013;09:59:00;313;sem vítima;183,2;BR-116/RJ;Pista Norte;Colisão traseira;1;2;0;0;0;0;1
08/03/2013;18:08:00;657;sem vítima;191,3;BR-116/SP;Pista Sul;Tombamento;1;1;0;0;0;0;1
08/03/2013;16:06:00;553;sem vítima;207;BR-116/RJ;Pista Sul;Colisão traseira;2;2;0;0;0;0;1
08/03/2013;12:48:00;422;sem vítima;215,5;BR-116/SP;Pista Sul;Abalroamento longitudinal;1;2;0;0;0;0;1
08/03/2013;02:48:00;51;com vítima;219,6;BR-116/SP;Pista Sul;Colisão traseira;1;2;1;0;0;0;1
08/03/2013;02:36:00;49;com vítima;219,7;BR-116/SP;Pista Sul;Engavetamento;4;6;0;0;1;0;2
08/03/2013;02:00:00;46;com vítima;220,8;BR-116/SP;Pista Sul;Choque em veículo parado na pista;3;0;1;1;0;1;3
08/03/2013;22:13:00;816;sem vítima;226,8;BR-116/SP;Pista Sul;Choque em objeto na pista;1;5;0;0;0;0;1
08/03/2013;11:27:00;379;com vítima;227;BR-116/SP;Pista Norte;Tombamento;1;0;1;0;0;0;1
08/03/2013;05:29:00;82;sem vítima;227,8;BR-116/RJ;Pista Norte;Abalroamento longitudinal;1;2;0;0;0;0;1
08/03/2013;17:06:00;595;sem vítima;286,4;BR-116/RJ;Pista Norte;Abalroamento longitudinal;1;2;0;0;0;0;1
08/03/2013;17:25:00;620;sem vítima;316;BR-116/RJ;Pista Norte;Colisão traseira;1;2;0;0;0;0;1
08/03/2013;09:39:00;291;sem vítima;318,9;BR-116/RJ;Pista Norte;Choque em objeto fixo;1;1;0;0;0;0;1
09/03/2013;17:05:00;520;sem vítima;87,5;BR-116/SP;Pista Norte;Colisão traseira;1;5;0;0;0;0;1
09/03/2013;16:29:00;489;com vítima;174,7;BR-116/RJ;Pista Sul;Choque em barreira New Jersey;3;8;1;1;0;0;2
09/03/2013;15:42:00;464;sem vítima;179,8;BR-116/RJ;Pista Norte;Choque em defensa;1;3;0;0;0;0;1
09/03/2013;12:40:00;353;sem vítima;224,1;BR-116/RJ;Pista Norte;Abalroamento longitudinal;2;2;0;0;0;0;1
09/03/2013;02:53:00;59;sem vítima;245;BR-116/RJ;Pista Norte;Tombamento;1;1;0;0;0;0;1
10/03/2013;00:56:00;20;com vítima;54,75;BR-116/SP;Pista Sul;Choque em barreira New Jersey;1;1;3;1;1;0;2
10/03/2013;06:39:00;117;sem vítima;146,6;BR-116/SP;Pista Sul;Abalroamento longitudinal;1;2;0;0;0;0;1
10/03/2013;16:14:00;436;sem vítima;211,8;BR-116/SP;Pista Sul;Abalroamento longitudinal;1;2;0;0;0;0;1
10/03/2013;14:37:00;371;sem vítima;246,9;BR-116/RJ;Pista Norte;Engavetamento;1;3;0;0;0;0;1
10/03/2013;20:32:00;613;sem vítima;286,55;BR-116/RJ;Pista Norte;Abalroamento longitudinal;1;7;0;0;0;0;1
11/03/2013;17:21:00;588;sem vítima;140,1;BR-116/SP;Pista Norte;Colisão traseira;2;2;0;0;0;0;1
11/03/2013;18:07:00;619;sem vítima;142,6;BR-116/SP;Pista Norte;Abalroamento longitudinal;1;4;0;0;0;0;1
11/03/2013;15:37:00;510;sem vítima;179,8;BR-116/RJ;Pista Norte;Abalroamento longitudinal;1;2;0;0;0;0;1
11/03/2013;01:53:00;31;sem vítima;214,5;BR-116/SP;Pista Sul;Engavetamento;2;8;0;0;0;0;1
11/03/2013;12:25:00;389;com vítima;217,5;BR-116/SP;Pista Norte;Atropelamento de pedestre atravessando;1;0;0;0;1;0;2
11/03/2013;13:05:00;413;sem vítima;228,4;BR-116/RJ;Pista Sul;Colisão traseira;1;3;0;0;0;0;1
11/03/2013;19:18:00;667;sem vítima;231,1;BR-116/SP;Pista Sul;Abalroamento longitudinal;1;3;0;0;0;0;1
11/03/2013;05:00:00;76;sem vítima;244,4;BR-116/RJ;Pista Norte;Colisão traseira;1;30;0;0;0;0;1
12/03/2013;14:13:00;504;sem vítima;22,6;BR-116/SP;Pista Norte;Colisão traseira;2;2;0;0;0;0;1
12/03/2013;23:16:00;839;com vítima;87,9;BR-116/SP;Pista Sul;Colisão traseira;1;14;2;0;0;0;1
12/03/2013;04:34:00;66;sem vítima;103,55;BR-116/SP;Pista Norte;Choque em objeto na pista;1;10;0;0;0;0;1
12/03/2013;08:26:00;230;sem vítima;181,7;BR-116/RJ;Pista Sul;Colisão traseira;1;2;0;0;0;0;1
12/03/2013;17:39:00;645;com vítima;185,1;BR-116/RJ;Pista Sul;Engavetamento;1;6;1;0;0;0;1
12/03/2013;10:52:00;364;com vítima;210,5;BR-116/SP;Pista Norte;Engavetamento;3;2;1;0;0;0;1
12/03/2013;10:43:00;356;sem vítima;226,6;BR-116/RJ;Pista Norte;Colisão traseira;2;2;0;0;0;0;1
12/03/2013;12:27:00;433;sem vítima;274,25;BR-116/RJ;Pista Norte;Colisão traseira;1;2;0;0;0;0;1
13/03/2013;14:46:00;494;com vítima;37,7;BR-116/SP;Pista Norte;Choque em barreira New Jersey;1;1;1;0;0;0;1
13/03/2013;19:08:00;657;sem vítima;173,59;BR-116/RJ;Pista Sul;Choque em objeto fixo;1;1;0;0;0;0;1
13/03/2013;19:32:00;674;sem vítima;176,3;BR-116/RJ;Pista Sul;Abalroamento longitudinal;1;2;0;0;0;0;1
13/03/2013;06:56:00;137;com vítima;180,25;BR-116/RJ;Pista Norte;Colisão traseira;2;1;0;0;1;0;2
13/03/2013;11:17:00;356;sem vítima;184;BR-116/SP;Pista Norte;Choque em objeto fixo;1;2;0;0;0;0;1
13/03/2013;20:17:00;701;sem vítima;194,1;BR-116/SP;Pista Sul;Abalroamento longitudinal;1;4;0;0;0;0;1
13/03/2013;05:13:00;83;sem vítima;214,5;BR-116/RJ;Pista Norte;Tombamento;1;1;0;0;0;0;1
13/03/2013;15:44:00;529;com vítima;229,7;BR-116/RJ;Pista Norte;Abalroamento longitudinal;2;0;2;0;0;0;1
13/03/2013;18:15:00;618;sem vítima;247,75;BR-116/RJ;Pista Sul;Choque em defensa;1;1;0;0;0;0;1
13/03/2013;16:01:00;539;sem vítima;255,25;BR-116/RJ;Pista Sul;Colisão traseira;2;2;0;0;0;0;1
14/03/2013;06:30:00;126;com vítima;0,9;BR-116/SP;Pista Norte;Colisão traseira;2;1;0;1;0;0;2
14/03/2013;19:41:00;715;com vítima;67,2;BR-116/SP;Pista Norte;Abalroamento longitudinal;1;1;1;0;0;0;1
14/03/2013;08:22:00;232;sem vítima;132;BR-116/SP;Pista Sul;Colisão traseira;1;2;0;0;0;0;1
14/03/2013;02:59:00;53;com vítima;132,95;BR-116/SP;Pista Norte;Colisão traseira;2;1;1;0;0;0;1
14/03/2013;04:27:00;79;sem vítima;201,2;BR-116/SP;Pista Sul;Abalroamento longitudinal;1;3;0;0;0;0;1
14/03/2013;19:37:00;713;sem vítima;226,15;BR-116/RJ;Pista Sul;Choque em veículo parado na pista;1;2;0;0;0;0;1
14/03/2013;04:33:00;83;com vítima;243,4;BR-116/RJ;Pista Norte;Colisão traseira;2;0;0;2;0;0;2
14/03/2013;09:53:00;309;com vítima;245;BR-116/RJ;Pista Norte;Tombamento;1;0;1;0;0;0;1
14/03/2013;02:31:00;46;sem vítima;272,8;BR-116/RJ;Pista Norte;Outros;1;1;0;0;0;0;1
15/03/2013;17:37:00;645;com vítima;118,2;BR-116/SP;Pista Sul;Colisão traseira;1;1;1;0;0;0;1
15/03/2013;03:30:00;48;sem vítima;165,2;BR-116/SP;Pista Sul;Colisão traseira;2;2;0;0;0;0;1
15/03/2013;15:13:00;520;sem vítima;170,1;BR-116/SP;Pista Sul;Outros;2;2;0;0;0;0;1
15/03/2013;16:57:00;604;com vítima;191,8;BR-116/SP;Pista Norte;Tombamento;1;0;1;0;0;0;1
15/03/2013;04:57:00;67;com vítima;202,1;BR-116/SP;Pista Norte;Colisão traseira;1;1;2;0;0;0;1
15/03/2013;16:37:00;587;sem vítima;204;BR-116/SP;Pista Norte;Colisão traseira;1;3;0;0;0;0;1
15/03/2013;05:29:00;73;sem vítima;206,1;BR-116/RJ;Pista Norte;Colisão traseira;1;32;0;0;0;0;1
15/03/2013;19:42:00;722;sem vítima;207,1;BR-116/RJ;Pista Norte;Abalroamento longitudinal;1;3;0;0;0;0;1
15/03/2013;05:17:00;70;sem vítima;216,7;BR-116/SP;Pista Norte;Abalroamento longitudinal;1;2;0;0;0;0;1
15/03/2013;13:54:00;471;sem vítima;220,5;BR-116/SP;Pista Norte;Colisão traseira;1;3;0;0;0;0;1
15/03/2013;08:08:00;184;sem vítima;223,36;BR-116/SP;Pista Sul;Abalroamento longitudinal;1;2;0;0;0;0;1
15/03/2013;10:30:00;342;sem vítima;230,7;BR-116/SP;Pista Sul;Engavetamento;1;6;0;0;0;0;1
16/03/2013;06:48:00;132;sem vítima;107,58;BR-116/SP;Pista Norte;Choque em defensa;1;1;0;0;0;0;1
16/03/2013;16:53:00;480;sem vítima;114,2;BR-116/SP;Pista Norte;Colisão traseira;1;3;0;0;0;0;1
16/03/2013;22:20:00;637;sem vítima;126,2;BR-116/SP;Pista Norte;Engavetamento;1;7;0;0;0;0;1
17/03/2013;01:20:00;25;sem vítima;169,1;BR-116/RJ;Pista Sul;Abalroamento longitudinal;1;6;0;0;0;0;1
17/03/2013;12:00:00;278;sem vítima;182,3;BR-116/SP;Pista Norte;Outros;1;4;0;0;0;0;1
17/03/2013;16:24:00;420;sem vítima;227,6;BR-116/SP;Pista Norte;Engavetamento;1;8;0;0;0;0;1
18/03/2013;15:16:00;518;sem vítima;83;BR-116/SP;Pista Norte;Choque em objeto fixo;1;1;0;0;0;0;1
18/03/2013;14:42:00;494;sem vítima;165,3;BR-116/SP;Pista Sul;Colisão traseira;2;2;0;0;0;0;1
19/03/2013;19:55:00;633;sem vítima;43,8;BR-116/SP;Pista Norte;Atropelamento de animal;2;3;0;0;0;0;1
19/03/2013;18:01:00;562;sem vítima;72,5;BR-116/SP;Pista Norte;Abalroamento longitudinal;1;2;0;0;0;0;1
19/03/2013;04:12:00;69;sem vítima;73,25;BR-116/SP;Pista Norte;Tombamento;1;1;0;0;0;0;1
19/03/2013;14:25:00;451;sem vítima;224,7;BR-116/RJ;Pista Sul;Abalroamento longitudinal;1;2;0;0;0;0;1
19/03/2013;01:57:00;38;sem vítima;227,2;BR-116/RJ;Pista Norte;Choque em objeto fixo;2;2;0;0;0;0;1
19/03/2013;02:40:00;49;com vítima;244,45;BR-116/RJ;Pista Norte;Colisão traseira;2;1;1;0;0;0;1
19/03/2013;08:32:00;227;com vítima;298,45;BR-116/RJ;Pista Norte;Tombamento;1;3;0;1;0;0;2
19/03/2013;21:13:00;675;com vítima;318,9;BR-116/RJ;Pista Norte;Colisão traseira;1;2;1;0;0;0;1
20/03/2013;17:49:00;570;sem vítima;123,5;BR-116/SP;Pista Norte;Colisão traseira;1;3;0;0;0;0;1