data;horario;n_da_ocorrencia;tipo_de_ocorrencia;km;trecho;sentido;tipo_de_acidente;caminhao;ilesos;levemente_feridos;moderadamente_feridos;gravemente_feridos;mortos;3
20/03/2013;17:40:00;563;sem vítima;154,9;BR-116/SP;Pista Sul;Outros;1;1;0;0;0;0;1
20/03/2013;12:02:00;369;sem vítima;156;BR-116/SP;Pista Norte;Abalroamento longitudinal;1;4;0;0;0;0;1
20/03/2013;14:15:00;441;sem vítima;161,5;BR-116/SP;Pista Sul;Outros;1;1;0;0;0;0;1
20/03/2013;08:25:00;206;com vítima;180,25;BR-116/RJ;Pista Norte;Abalroamento longitudinal;2;2;1;0;0;0;1
20/03/2013;15:28:00;486;sem vítima;207,5;BR-116/RJ;Pista Sul;Abalroamento longitudinal;1;2;0;0;0;0;1
20/03/2013;12:04:00;371;sem vítima;212,1;BR-116/SP;Pista Norte;Abalroamento longitudinal;1;4;0;0;0;0;1
20/03/2013;19:28:00;635;sem vítima;227,05;BR-116/SP;Pista Norte;Abalroamento longitudinal;1;2;0;0;0;0;1
20/03/2013;14:26:00;448;sem vítima;227,15;BR-116/SP;Pista Sul;Engavetamento;1;6;0;0;0;0;1
20/03/2013;20:58:00;699;sem vítima;267,4;BR-116/RJ;Pista Norte;Abalroamento longitudinal;2;2;0;0;0;0;1
20/03/2013;11:41:00;356;sem vítima;292;BR-116/RJ;Pista Norte;Colisão traseira;1;2;0;0;0;0;1
20/03/2013;18:34:00;598;sem vítima;299,3;BR-116/RJ;Pista Sul;Abalroamento longitudinal;1;2;0;0;0;0;1
21/03/2013;12:08:00;388;sem vítima;62,3;BR-116/SP;Pista Norte;Tombamento;1;1;0;0;0;0;1
21/03/2013;08:16:00;195;sem vítima;142,6;BR-116/SP;Pista Sul;Engavetamento;1;3;0;0;0;0;1
21/03/2013;11:34:00;364;com vítima;144,7;BR-116/SP;Pista Sul;Colisão traseira;1;23;1;0;0;0;1
21/03/2013;10:24:00;310;sem vítima;150,3;BR-116/SP;Pista Norte;Choque em veículo parado na pista;1;3;0;0;0;0;1
21/03/2013;07:19:00;142;sem vítima;157,5;BR-116/SP;Pista Norte;Abalroamento longitudinal;2;2;0;0;0;0;1
21/03/2013;04:15:00;74;sem vítima;163,1;BR-116/RJ;Pista Norte;Abalroamento longitudinal;2;2;0;0;0;0;1
21/03/2013;12:24:00;396;sem vítima;165;BR-116/SP;Pista Norte;Choque em objeto na pista;1;1;0;0;0;0;1
21/03/2013;10:39:00;321;com vítima;178,2;BR-116/SP;Pista Sul;Engavetamento;3;2;1;1;0;0;2
21/03/2013;14:47:00;462;sem vítima;183,1;BR-116/RJ;Pista Sul;Colisão traseira;1;2;0;0;0;0;1
21/03/2013;14:31:00;457;com vítima;208,9;BR-116/RJ;Pista Norte;Colisão traseira;1;1;1;0;0;0;1
21/03/2013;18:03:00;595;sem vítima;211,1;BR-116/RJ;Pista Norte;Choque em barreira New Jersey;1;1;0;0;0;0;1
21/03/2013;21:00:00;674;sem vítima;224,2;BR-116/RJ;Pista Norte;Outros;1;1;0;0;0;0;1
21/03/2013;10:47:00;328;com vítima;258,6;BR-116/RJ;Pista Norte;Abalroamento transversal;1;1;1;0;0;0;1
21/03/2013;13:41:00;435;sem vítima;279,4;BR-116/RJ;Pista Norte;Colisão traseira;1;2;0;0;0;0;1
21/03/2013;12:27:00;398;com vítima;320,9;BR-116/RJ;Pista Norte;Choque em barreira New Jersey;1;1;1;0;0;0;1
22/03/2013;14:16:00;442;sem vítima;23,7;BR-116/SP;Pista Norte;Choque Talude;1;1;0;0;0;0;1
22/03/2013;07:12:00;135;com vítima;145,25;BR-116/SP;Pista Sul;Abalroamento longitudinal;1;2;1;0;0;0;1
22/03/2013;16:27:00;550;sem vítima;147,9;BR-116/SP;Pista Norte;Engavetamento;1;8;0;0;0;0;1
22/03/2013;03:17:00;51;sem vítima;164,9;BR-116/SP;Pista Sul;Abalroamento longitudinal;1;3;0;0;0;0;1
22/03/2013;01:48:00;29;sem vítima;222,1;BR-116/RJ;Pista Norte;Tombamento;1;1;0;0;0;0;1
22/03/2013;08:08:00;201;sem vítima;226,7;BR-116/SP;Pista Norte;Colisão traseira;1;2;0;0;0;0;1
22/03/2013;13:57:00;429;com vítima;270;BR-116/RJ;Pista Sul;Engavetamento;1;2;1;0;0;0;1
22/03/2013;03:00:00;48;sem vítima;331,35;BR-116/RJ;Pista Norte;Tombamento;1;1;0;0;0;0;1
23/03/2013;10:59:00;313;com vítima;53,2;BR-116/SP;Pista Sul;Colisão traseira;1;1;2;0;0;0;1
23/03/2013;12:33:00;361;sem vítima;171;BR-116/RJ;Pista Sul;Choque em barreira New Jersey;1;1;0;0;0;0;1
23/03/2013;02:55:00;47;com vítima;194,8;BR-116/RJ;Pista Norte;Colisão traseira;2;0;2;0;0;0;1
24/03/2013;08:50:00;188;sem vítima;86,9;BR-116/SP;Pista Sul;Colisão traseira;1;5;0;0;0;0;1
24/03/2013;05:29:00;90;com vítima;86,95;BR-116/SP;Pista Sul;Choque em objeto fixo;1;1;1;0;0;0;1
24/03/2013;06:23:00;102;sem vítima;199,1;BR-116/RJ;Pista Sul;Abalroamento longitudinal;1;4;0;0;0;0;1
24/03/2013;19:22:00;535;sem vítima;221,05;BR-116/SP;Pista Sul;Abalroamento longitudinal;1;2;0;0;0;0;1
25/03/2013;02:34:00;39;sem vítima;1,05;BR-116/SP;Pista Sul;Choque em objeto fixo;1;2;0;0;0;0;1
25/03/2013;23:20:00;748;com vítima;24,05;BR-116/SP;Pista Norte;Colisão traseira;1;1;0;1;1;0;2
25/03/2013;11:00:00;354;com vítima;145,9;BR-116/SP;Pista Sul;Engavetamento;2;4;1;0;0;0;1
25/03/2013;14:24:00;457;sem vítima;149,8;BR-116/SP;Pista Sul;Choque em barreira New Jersey;1;1;0;0;0;0;1
25/03/2013;14:41:00;469;sem vítima;211;BR-116/SP;Pista Sul;Abalroamento longitudinal;1;3;0;0;0;0;1
25/03/2013;10:09:00;312;sem vítima;211,4;BR-116/SP;Pista Norte;Abalroamento longitudinal;1;5;0;0;0;0;1
25/03/2013;10:47:00;344;sem vítima;216,6;BR-116/SP;Pista Norte;Abalroamento longitudinal;2;2;0;0;0;0;1
25/03/2013;14:24:00;458;com vítima;219,15;BR-116/SP;Pista Norte;Outros;1;1;1;0;0;0;1
25/03/2013;19:09:00;628;sem vítima;223,1;BR-116/SP;Pista Norte;Colisão traseira;1;3;0;0;0;0;1
25/03/2013;08:06:00;193;sem vítima;236,1;BR-116/RJ;Pista Norte;Abalroamento longitudinal;1;2;0;0;0;0;1
25/03/2013;14:34:00;465;sem vítima;269,3;BR-116/RJ;Pista Sul;Colisão traseira;1;2;0;0;0;0;1
26/03/2013;13:48:00;400;sem vítima;68,75;BR-116/SP;Pista Sul;Choque em barreira New Jersey;1;2;0;0;0;0;1
26/03/2013;22:32:00;678;sem vítima;90,6;BR-116/SP;Pista Sul;Choque em objeto na pista;1;1;0;0;0;0;1
26/03/2013;21:59:00;662;sem vítima;103,3;BR-116/SP;Pista Sul;Choque em objeto na pista;1;1;0;0;0;0;1
26/03/2013;17:18:00;541;sem vítima;107,6;BR-116/SP;Pista Norte;Colisão traseira;2;2;0;0;0;0;1
26/03/2013;00:07:00;3;sem vítima;138,5;BR-116/SP;Pista Norte;Atropelamento de animal;1;1;0;0;0;0;1
26/03/2013;02:42:00;33;sem vítima;163,1;BR-116/SP;Pista Norte;Choque em defensa;1;3;0;0;0;0;1
26/03/2013;21:00:00;644;sem vítima;166,8;BR-116/SP;Pista Sul;Engavetamento;3;3;0;0;0;0;1
26/03/2013;16:09:00;495;sem vítima;200,3;BR-116/SP;Pista Sul;Colisão traseira;1;2;0;0;0;0;1
26/03/2013;18:19:00;569;sem vítima;227;BR-116/RJ;Pista Sul;Choque em objeto na pista;2;2;0;0;0;0;1
26/03/2013;04:05:00;52;sem vítima;248,3;BR-116/RJ;Pista Norte;Tombamento;1;2;0;0;0;0;1
26/03/2013;08:16:00;184;sem vítima;292,1;BR-116/RJ;Pista Sul;Colisão traseira;1;2;0;0;0;0;1
27/03/2013;09:41:00;260;sem vítima;23,5;BR-116/SP;Pista Norte;Choque Talude;1;1;0;0;0;0;1
27/03/2013;05:44:00;77;com vítima;52,2;BR-116/SP;Pista Sul;Abalroamento longitudinal;1;13;3;0;0;0;1
27/03/2013;17:34:00;575;sem vítima;66,6;BR-116/SP;Pista Norte;Abalroamento longitudinal;1;2;0;0;0;0;1
27/03/2013;19:01:00;628;sem vítima;140,1;BR-116/SP;Pista Sul;Colisão traseira;1;2;0;0;0;0;1
27/03/2013;09:54:00;272;sem vítima;165;BR-116/SP;Pista Sul;Colisão traseira;2;2;0;0;0;0;1
27/03/2013;08:06:00;178;sem vítima;165,4;BR-116/RJ;Pista Norte;Choque em defensa;1;1;0;0;0;0;1
27/03/2013;19:44:00;661;sem vítima;174,9;BR-116/RJ;Pista Sul;Abalroamento longitudinal;1;2;0;0;0;0;1
27/03/2013;05:53:00;79;sem vítima;175,2;BR-116/RJ;Pista Sul;Choque em barreira New Jersey;1;1;0;0;0;0;1
27/03/2013;12:16:00;355;sem vítima;190,4;BR-116/SP;Pista Norte;Tombamento;1;1;0;0;0;0;1
27/03/2013;10:51:00;306;sem vítima;208,8;BR-116/RJ;Pista Sul;Colisão traseira;1;4;0;0;0;0;1
27/03/2013;11:56:00;344;sem vítima;219,3;BR-116/RJ;Pista Norte;Outros;1;1;0;0;0;0;1
27/03/2013;15:13:00;473;sem vítima;255,2;BR-116/RJ;Pista Norte;Choque em barreira New Jersey;1;2;0;0;0;0;1
27/03/2013;15:33:00;493;sem vítima;267,8;BR-116/RJ;Pista Sul;Engavetamento;1;3;0;0;0;0;1
27/03/2013;13:59:00;424;sem vítima;274,6;BR-116/RJ;Pista Sul;Choque em barreira New Jersey;1;1;0;0;0;0;1
27/03/2013;19:14:00;641;com vítima;314,5;BR-116/RJ;Pista Sul;Colisão traseira;1;2;1;0;0;0;1
28/03/2013;19:47:00;758;com vítima;44,6;BR-116/SP;Pista Norte;Colisão traseira;1;4;1;0;0;0;1
28/03/2013;20:43:00;797;sem vítima;45,8;BR-116/SP;Pista Sul;Outros;1;2;0;0;0;0;1
28/03/2013;15:55:00;561;sem vítima;101;BR-116/SP;Pista Sul;Choque em objeto na pista;1;3;0;0;0;0;1
28/03/2013;15:13:00;525;sem vítima;143,8;BR-116/SP;Pista Sul;Engavetamento;1;6;0;0;0;0;1
28/03/2013;11:52:00;388;com vítima;145,2;BR-116/SP;Pista Sul;Colisão traseira;1;1;1;0;0;0;1
28/03/2013;18:40:00;692;sem vítima;155,4;BR-116/SP;Pista Sul;Colisão traseira;2;5;0;0;0;0;1
28/03/2013;19:58:00;762;sem vítima;163,4;BR-116/SP;Pista Sul;Colisão traseira;2;4;0;0;0;0;1
28/03/2013;02:05:00;34;sem vítima;165,5;BR-116/SP;Pista Norte;Colisão traseira;1;3;0;0;0;0;1
28/03/2013;22:29:00;864;sem vítima;174,7;BR-116/SP;Pista Sul;Choque em barreira New Jersey;2;2;0;0;0;0;1
28/03/2013;18:12:00;669;sem vítima;175,52;BR-116/RJ;Pista Sul;Outros;1;1;0;0;0;0;1
28/03/2013;14:07:00;469;sem vítima;180,7;BR-116/RJ;Pista Norte;Outros;1;1;0;0;0;0;1
28/03/2013;07:26:00;176;sem vítima;185,4;BR-116/RJ;Pista Norte;Abalroamento longitudinal;1;2;0;0;0;0;1
28/03/2013;13:57:00;464;sem vítima;207,1;BR-116/SP;Pista Norte;Colisão traseira;1;41;0;0;0;0;1
28/03/2013;09:21:00;285;com vítima;220,4;BR-116/SP;Pista Sul;Abalroamento longitudinal;1;1;1;0;0;0;1
28/03/2013;07:36:00;185;sem vítima;224,1;BR-116/SP;Pista Sul;Colisão traseira;1;2;0;0;0;0;1
29/03/2013;12:34:00;355;sem vítima;45,2;BR-116/SP;Pista Norte;Colisão traseira;2;2;0;0;0;0;1
29/03/2013;10:13:00;274;sem vítima;51,2;BR-116/SP;Pista Norte;Colisão traseira;1;6;0;0;0;0;1
29/03/2013;07:28:00;170;sem vítima;65,45;BR-116/SP;Pista Norte;Choque em objeto fixo;1;1;0;0;0;0;1
29/03/2013;00:45:00;30;com vítima;69,9;BR-116/SP;Pista Sul;Tombamento;1;1;1;0;0;0;1
29/03/2013;06:50:00;148;sem vítima;93;BR-116/SP;Pista Norte;Abalroamento longitudinal;1;2;0;0;0;0;1
29/03/2013;10:37:00;286;sem vítima;182;BR-116/SP;Pista Norte;Colisão traseira;1;3;0;0;0;0;1
30/03/2013;20:40:00;511;sem vítima;125,4;BR-116/SP;Pista Norte;Colisão traseira;2;2;0;0;0;0;1
30/03/2013;14:51:00;326;sem vítima;165;BR-116/SP;Pista Norte;Outros;1;5;0;0;0;0;1
30/03/2013;17:47:00;427;sem vítima;178,1;BR-116/RJ;Pista Norte;Colisão traseira;1;9;0;0;0;0;1
30/03/2013;21:28:00;524;sem vítima;178,7;BR-116/RJ;Pista Norte;Colisão traseira;1;2;0;0;0;0;1
30/03/2013;06:41:00;88;com vítima;229,8;BR-116/RJ;Pista Norte;Tombamento;1;0;0;1;0;0;2
30/03/2013;01:11:00;13;sem vítima;249;BR-116/RJ;Pista Norte;Abalroamento longitudinal;1;2;0;0;0;0;1
31/03/2013;18:39:00;510;sem vítima;241,2;BR-116/RJ;Pista Norte;Atropelamento de animal;1;1;0;0;0;0;1
31/03/2013;14:48:00;325;sem vítima;263,75;BR-116/RJ;Pista Sul;Choque em defensa;1;1;0;0;0;0;1
31/03/2013;22:47:00;646;sem vítima;272;BR-116/RJ;Pista Sul;Abalroamento longitudinal;1;3;0;0;0;0;1
01/04/2013;15:44:00;525;com vítima;23,7;BR-116/SP;Pista Sul;Colisão traseira;2;1;0;1;0;0;2
01/04/2013;23:40:00;799;sem vítima;149,85;BR-116/SP;Pista Norte;Choque em veículo parado na pista;2;2;0;0;0;0;1
01/04/2013;08:04:00;206;sem vítima;152,4;BR-116/SP;Pista Sul;Abalroamento longitudinal;1;3;0;0;0;0;1
01/04/2013;08:49:00;247;sem vítima;164,1;BR-116/RJ;Pista Norte;Engavetamento;2;10;0;0;0;0;1
01/04/2013;11:46:00;367;sem vítima;190,6;BR-116/RJ;Pista Sul;Colisão traseira;2;2;0;0;0;0;1
01/04/2013;22:01:00;768;com vítima;203,1;BR-116/RJ;Pista Sul;Outros;1;1;0;1;0;0;2
01/04/2013;22:02:00;770;sem vítima;327,75;BR-116/RJ;Pista Sul;Colisão traseira;1;2;0;0;0;0;1
02/04/2013;02:59:00;41;sem vítima;0,7000000000000001;BR-116/SP;Pista Norte;Abalroamento longitudinal;2;2;0;0;0;0;1
02/04/2013;18:41:00;627;com vítima;51,3;BR-116/SP;Pista Sul;Abalroamento longitudinal;1;2;1;0;0;0;1
02/04/2013;05:25:00;73;com vítima;165,4;BR-116/RJ;Pista Norte;Engavetamento;1;3;0;3;1;0;2
02/04/2013;15:27:00;507;sem vítima;178,7;BR-116/SP;Pista Sul;Tombamento;1;2;0;0;0;0;1
02/04/2013;12:00:00;384;sem vítima;190,3;BR-116/RJ;Pista Sul;Choque em barreira New Jersey;1;1;0;0;0;0;1
02/04/2013;06:26:00;105;com vítima;193,5;BR-116/RJ;Pista Sul;Engavetamento;1;3;1;0;0;0;1
02/04/2013;17:28:00;585;sem vítima;208,2;BR-116/SP;Pista Norte;Abalroamento longitudinal;1;2;0;0;0;0;1
02/04/2013;12:31:00;398;sem vítima;208,8;BR-116/SP;Pista Sul;Colisão traseira;1;4;0;0;0;0;1
02/04/2013;11:12:00;354;sem vítima;214,8;BR-116/SP;Pista Sul;Colisão traseira;2;2;0;0;0;0;1
02/04/2013;20:12:00;698;sem vítima;224,4;BR-116/RJ;Pista Norte;Abalroamento longitudinal;2;2;0;0;0;0;1
02/04/2013;09:36:00;280;com vítima;227,3;BR-116/SP;Pista Sul;Engavetamento;3;6;2;0;0;0;1
03/04/2013;10:28:00;319;sem vítima;42,7;BR-116/SP;Pista Norte;Abalroamento longitudinal;2;2;0;0;0;0;1
03/04/2013;12:49:00;391;sem vítima;165,9;BR-116/RJ;Pista Sul;Abalroamento longitudinal;2;2;0;0;0;0;1
03/04/2013;21:10:00;687;sem vítima;170,6;BR-116/RJ;Pista Sul;Abalroamento longitudinal;1;3;0;0;0;0;1
03/04/2013;10:17:00;304;sem vítima;185,3;BR-116/RJ;Pista Norte;Choque em barreira New Jersey;2;2;0;0;0;0;1
03/04/2013;14:43:00;449;com vítima;227,5;BR-116/SP;Pista Norte;Atropelamento de pedestre atravessando;1;2;1;0;0;0;1
03/04/2013;10:53:00;334;sem vítima;274,6;BR-116/RJ;Pista Sul;Engavetamento;2;3;0;0;0;0;1
04/04/2013;22:41:00;745;sem vítima;85,75;BR-116/SP;Pista Norte;Engavetamento;3;3;0;0;0;0;1
04/04/2013;08:57:00;245;sem vítima;106,1;BR-116/SP;Pista Sul;Choque em objeto fixo;1;1;0;0;0;0;1
04/04/2013;07:51:00;185;com vítima;107,6;BR-116/SP;Pista Norte;Engavetamento;3;3;2;0;0;0;1
04/04/2013;17:35:00;574;sem vítima;137,6;BR-116/SP;Pista Sul;Engavetamento;3;6;0;0;0;0;1
04/04/2013;17:35:00;575;com vítima;148,2;BR-116/SP;Pista Norte;Engavetamento;1;2;1;0;0;0;1
04/04/2013;09:35:00;266;sem vítima;165;BR-116/SP;Pista Sul;Colisão traseira;1;2;0;0;0;0;1
04/04/2013;20:42:00;693;sem vítima;174,7;BR-116/RJ;Pista Norte;Choque em barreira New Jersey;1;2;0;0;0;0;1
04/04/2013;17:41:00;582;sem vítima;176,1;BR-116/RJ;Pista Sul;Abalroamento longitudinal;1;2;0;0;0;0;1
04/04/2013;05:55:00;82;sem vítima;176,9;BR-116/RJ;Pista Norte;Abalroamento longitudinal;1;2;0;0;0;0;1
04/04/2013;08:45:00;242;sem vítima;190,5;BR-116/RJ;Pista Sul;Choque em defensa;1;1;0;0;0;0;1
04/04/2013;08:17:00;213;sem vítima;211,1;BR-116/SP;Pista Sul;Colisão traseira;1;3;0;0;0;0;1
04/04/2013;15:33:00;495;com vítima;213;BR-116/SP;Pista Norte;Engavetamento;2;6;1;0;0;0;1
04/04/2013;02:41:00;31;com vítima;223,2;BR-116/RJ;Pista Norte;Colisão traseira;2;1;0;0;1;0;2
05/04/2013;17:59:00;540;com vítima;137,96;BR-116/SP;Pista Sul;Abalroamento longitudinal;2;2;0;1;0;0;2
05/04/2013;13:00:00;353;sem vítima;163,8;BR-116/RJ;Pista Norte;Colisão traseira;2;3;0;0;0;0;1
05/04/2013;19:37:00;620;sem vítima;176,1;BR-116/RJ;Pista Sul;Abalroamento longitudinal;1;3;0;0;0;0;1
05/04/2013;15:47:00;451;com vítima;204;BR-116/SP;Pista Sul;Engavetamento;3;2;1;0;0;0;1
05/04/2013;15:24:00;437;sem vítima;209,6;BR-116/RJ;Pista Sul;Colisão traseira;1;4;0;0;0;0;1
05/04/2013;09:21:00;234;sem vítima;216,1;BR-116/SP;Pista Norte;Abalroamento longitudinal;1;4;0;0;0;0;1
05/04/2013;19:39:00;622;sem vítima;224,4;BR-116/SP;Pista Norte;Colisão traseira;2;3;0;0;0;0;1
05/04/2013;09:14:00;229;sem vítima;227,6;BR-116/SP;Pista Sul;Abalroamento longitudinal;1;2;0;0;0;0;1
05/04/2013;14:43:00;420;sem vítima;263,4;BR-116/RJ;Pista Sul;Choque em barreira New Jersey;1;1;0;0;0;0;1
05/04/2013;07:52:00;156;com vítima;278,5;BR-116/RJ;Pista Norte;Choque Talude;1;0;1;0;0;0;1
05/04/2013;12:20:00;334;sem vítima;278,8;BR-116/RJ;Pista Norte;Choque em defensa;1;3;0;0;0;0;1
05/04/2013;05:22:00;74;sem vítima;283,7;BR-116/RJ;Pista Norte;Abalroamento longitudinal;2;2;0;0;0;0;1
05/04/2013;07:25:00;129;com vítima;318,9;BR-116/RJ;Pista Norte;Colisão traseira;1;3;0;1;0;0;2
06/04/2013;20:41:00;617;com vítima;6;BR-116/SP;Pista Sul;Colisão traseira;1;2;3;0;0;0;1
06/04/2013;11:03:00;289;com vítima;187;BR-116/RJ;Pista Sul;Abalroamento longitudinal;1;2;1;0;0;0;1
06/04/2013;10:21:00;267;sem vítima;211,8;BR-116/SP;Pista Norte;Abalroamento longitudinal;1;2;0;0;0;0;1
07/04/2013;11:36:00;258;com vítima;27,9;BR-116/SP;Pista Sul;Choque em barreira New Jersey;1;0;0;1;0;0;2
07/04/2013;06:59:00;107;sem vítima;81,1;BR-116/SP;Pista Sul;Abalroamento longitudinal;1;2;0;0;0;0;1
07/04/2013;15:04:00;359;sem vítima;319,2;BR-116/RJ;Pista Norte;Choque em objeto na pista;1;5;0;0;0;0;1
08/04/2013;15:30:00;472;sem vítima;185,2;BR-116/RJ;Pista Norte;Engavetamento;1;4;0;0;0;0;1
08/04/2013;16:34:00;512;sem vítima;227,25;BR-116/RJ;Pista Norte;Choque em barreira New Jersey;1;3;0;0;0;0;1
08/04/2013;16:35:00;513;sem vítima;227,95;BR-116/RJ;Pista Norte;Choque em objeto fixo;1;3;0;0;0;0;1
08/04/2013;02:25:00;37;sem vítima;274,2;BR-116/RJ;Pista Norte;Colisão traseira;1;3;0;0;0;0;1
08/04/2013;17:13:00;533;com vítima;278,8;BR-116/RJ;Pista Norte;Tombamento;1;0;3;0;0;0;1
08/04/2013;16:59:00;524;com vítima;293,1;BR-116/RJ;Pista Norte;Tombamento;1;0;1;0;0;0;1
08/04/2013;06:05:00;89;sem vítima;318,9;BR-116/RJ;Pista Sul;Outros;1;1;0;0;0;0;1
09/04/2013;15:02:00;465;com vítima;29,3;BR-116/SP;Pista Sul;Colisão traseira;1;2;0;0;1;0;2
09/04/2013;12:43:00;380;com vítima;115,05;BR-116/SP;Pista Norte;Colisão traseira;1;2;1;1;0;0;2
09/04/2013;07:10:00;119;sem vítima;182,2;BR-116/SP;Pista Norte;Choque em veículo parado na pista;1;3;0;0;0;0;1
09/04/2013;10:15:00;289;sem vítima;226,6;BR-116/RJ;Pista Norte;Choque em objeto fixo;1;1;0;0;0;0;1
09/04/2013;00:49:00;10;sem vítima;258,05;BR-116/RJ;Pista Norte;Colisão traseira;2;2;0;0;0;0;1
09/04/2013;20:13:00;638;sem vítima;274,4;BR-116/RJ;Pista Norte;Outros;1;2;0;0;0;0;1
10/04/2013;05:03:00;60;sem vítima;144,5;BR-116/SP;Pista Norte;Colisão traseira;1;2;0;0;0;0;1
10/04/2013;07:11:00;126;sem vítima;154,4;BR-116/SP;Pista Sul;Colisão traseira;1;4;0;0;0;0;1
10/04/2013;11:05:00;338;sem vítima;157,5;BR-116/SP;Pista Sul;Outros;1;1;0;0;0;0;1
10/04/2013;13:15:00;404;sem vítima;165;BR-116/SP;Pista Sul;Abalroamento longitudinal;2;2;0;0;0;0;1
10/04/2013;06:35:00;94;sem vítima;165,3;BR-116/RJ;Pista Norte;Colisão traseira;1;2;0;0;0;0;1
10/04/2013;03:01:00;38;com vítima;172,1;BR-116/SP;Pista Sul;Colisão traseira;2;0;2;0;0;0;1
10/04/2013;00:05:00;1;sem vítima;221,4;BR-116/RJ;Pista Norte;Choque Talude;1;3;0;0;0;0;1
10/04/2013;11:33:00;355;sem vítima;225,3;BR-116/SP;Pista Sul;Choque em barreira New Jersey;1;1;0;0;0;0;1
10/04/2013;14:28:00;470;sem vítima;275,4;BR-116/RJ;Pista Norte;Outros;1;1;0;0;0;0;1
10/04/2013;03:29:00;42;sem vítima;278;BR-116/RJ;Pista Norte;Colisão traseira;1;3;0;0;0;0;1
11/04/2013;16:17:00;566;sem vítima;77,4;BR-116/SP;Pista Norte;Engavetamento;1;3;0;0;0;0;1
11/04/2013;22:06:00;779;com vítima;136,7;BR-116/SP;Pista Sul;Abalroamento longitudinal;2;1;1;0;0;0;1
11/04/2013;07:38:00;174;com vítima;138,7;BR-116/SP;Pista Norte;Colisão traseira;1;4;1;0;0;0;1
11/04/2013;06:39:00;122;sem vítima;153,4;BR-116/SP;Pista Sul;Outros;1;2;0;0;0;0;1
11/04/2013;05:29:00;80;sem vítima;155,1;BR-116/SP;Pista Norte;Choque em objeto na pista;1;1;0;0;0;0;1
11/04/2013;15:00:00;510;sem vítima;165;BR-116/SP;Pista Norte;Colisão traseira;1;2;0;0;0;0;1
11/04/2013;17:59:00;645;sem vítima;171,2;BR-116/RJ;Pista Sul;Abalroamento longitudinal;1;2;0;0;0;0;1
11/04/2013;13:09:00;424;sem vítima;179,8;BR-116/RJ;Pista Norte;Colisão traseira;2;4;0;0;0;0;1
11/04/2013;01:57:00;34;com vítima;192,2;BR-116/SP;Pista Sul;Colisão traseira;1;1;1;0;0;0;1
11/04/2013;11:34:00;365;sem vítima;195,4;BR-116/RJ;Pista Norte;Abalroamento longitudinal;1;2;0;0;0;0;1
11/04/2013;01:47:00;31;sem vítima;200,6;BR-116/SP;Pista Sul;Colisão traseira;1;2;0;0;0;0;1
11/04/2013;22:54:00;798;sem vítima;204,5;BR-116/SP;Pista Norte;Colisão traseira;2;2;0;0;0;0;1
11/04/2013;05:29:00;79;com vítima;244,5;BR-116/RJ;Pista Norte;Colisão traseira;2;1;1;0;0;0;1
11/04/2013;02:35:00;38;sem vítima;273,87;BR-116/RJ;Pista Sul;Choque em barreira New Jersey;1;1;0;0;0;0;1
11/04/2013;03:23:00;46;sem vítima;296,2;BR-116/RJ;Pista Norte;Abalroamento longitudinal;2;2;0;0;0;0;1
11/04/2013;20:16:00;719;sem vítima;316,7;BR-116/RJ;Pista Sul;Outros;1;2;0;0;0;0;1
12/04/2013;03:44:00;61;com vítima;42,95;BR-116/SP;Pista Norte;Colisão traseira;1;1;2;0;0;0;1
12/04/2013;17:38:00;591;sem vítima;115,8;BR-116/SP;Pista Norte;Colisão traseira;1;2;0;0;0;0;1
12/04/2013;09:51:00;305;sem vítima;143,4;BR-116/SP;Pista Sul;Abalroamento longitudinal;1;3;0;0;0;0;1
12/04/2013;05:45:00;95;sem vítima;160,9;BR-116/SP;Pista Norte;Colisão traseira;1;2;0;0;0;0;1
12/04/2013;21:20:00;754;sem vítima;173,05;BR-116/RJ;Pista Sul;Colisão traseira;1;5;0;0;0;0;1
12/04/2013;23:43:00;815;sem vítima;176,1;BR-116/RJ;Pista Sul;Abalroamento longitudinal;1;3;0;0;0;0;1
12/04/2013;17:58:00;606;sem vítima;220,3;BR-116/SP;Pista Sul;Abalroamento longitudinal;1;37;0;0;0;0;1
12/04/2013;06:55:00;142;com vítima;223,2;BR-116/SP;Pista Norte;Abalroamento longitudinal;2;3;0;1;0;0;2
12/04/2013;17:50:00;599;sem vítima;223,9;BR-116/RJ;Pista Norte;Abalroamento longitudinal;2;2;0;0;0;0;1
13/04/2013;18:04:00;464;sem vítima;126,1;BR-116/SP;Pista Norte;Abalroamento longitudinal;1;3;0;0;0;0;1
13/04/2013;06:24:00;89;com vítima;132,8;BR-116/SP;Pista Sul;Choque em objeto fixo;1;0;1;0;0;0;1
13/04/2013;11:07:00;252;sem vítima;161,5;BR-116/SP;Pista Norte;Colisão traseira;1;2;0;0;0;0;1
13/04/2013;01:23:00;25;sem vítima;168,8;BR-116/SP;Pista Sul;Colisão traseira;2;2;0;0;0;0;1
13/04/2013;14:52:00;357;sem vítima;182;BR-116/SP;Pista Norte;Choque em objeto fixo;1;1;0;0;0;0;1
13/04/2013;11:14:00;253;sem vítima;202,3;BR-116/SP;Pista Sul;Colisão traseira;2;8;0;0;0;0;1
13/04/2013;10:16:00;225;sem vítima;202,6;BR-116/SP;Pista Sul;Choque em barreira New Jersey;1;1;0;0;0;0;1
13/04/2013;02:22:00;43;com vítima;209,6;BR-116/SP;Pista Sul;Abalroamento longitudinal;1;1;2;0;0;0;1
13/04/2013;14:34:00;348;com vítima;223;BR-116/SP;Pista Sul;Colisão traseira;2;2;1;0;0;0;1
13/04/2013;04:56:00;71;sem vítima;225,05;BR-116/SP;Pista Sul;Choque em barreira New Jersey;1;13;0;0;0;0;1
13/04/2013;12:54:00;299;sem vítima;293,55;BR-116/RJ;Pista Norte;Abalroamento longitudinal;1;5;0;0;0;0;1