data;horario;n_da_ocorrencia;tipo_de_ocorrencia;km;trecho;sentido;tipo_de_acidente;caminhao;ilesos;levemente_feridos;moderadamente_feridos;gravemente_feridos;mortos;3
14/04/2013;19:20:00;451;sem vítima;146,6;BR-116/SP;Pista Norte;Abalroamento longitudinal;1;5;0;0;0;0;1
14/04/2013;10:53:00;213;com vítima;177,6;BR-116/RJ;Pista Norte;Choque em defensa;1;0;1;0;0;0;1
14/04/2013;17:43:00;390;sem vítima;220,3;BR-116/RJ;Pista Sul;Outros;1;1;0;0;0;0;1
14/04/2013;08:16:00;125;sem vítima;221,43;BR-116/RJ;Pista Sul;Choque em objeto fixo;1;1;0;0;0;0;1
14/04/2013;10:39:00;207;sem vítima;226,4;BR-116/RJ;Pista Sul;Colisão traseira;1;3;0;0;0;0;1
14/04/2013;18:20:00;415;com vítima;289,1;BR-116/RJ;Pista Sul;Colisão traseira;1;3;1;0;0;0;1
14/04/2013;06:08:00;75;com vítima;293,3;BR-116/RJ;Pista Sul;Capotamento;1;0;1;1;0;0;2
15/04/2013;04:15:00;33;com vítima;27,65;BR-116/SP;Pista Sul;Choque em objeto fixo;1;0;1;0;0;0;1
15/04/2013;18:16:00;577;sem vítima;125,1;BR-116/SP;Pista Norte;Engavetamento;1;5;0;0;0;0;1
15/04/2013;12:00:00;343;sem vítima;144,7;BR-116/SP;Pista Sul;Colisão traseira;1;4;0;0;0;0;1
15/04/2013;10:48:00;310;com vítima;211,2;BR-116/SP;Pista Norte;Choque em barreira New Jersey;1;0;1;0;0;0;1
15/04/2013;20:19:00;652;com vítima;220,2;BR-116/SP;Pista Norte;Colisão traseira;1;3;1;0;0;0;1
15/04/2013;02:12:00;14;sem vítima;222,1;BR-116/RJ;Pista Norte;Outros;1;1;0;0;0;0;1
15/04/2013;19:54:00;638;com vítima;230,15;BR-116/SP;Pista Sul;Atropelamento de pedestre caminhando;1;0;1;0;0;1;3
15/04/2013;06:38:00;86;sem vítima;276;BR-116/RJ;Pista Norte;Colisão traseira;1;2;0;0;0;0;1
16/04/2013;11:48:00;335;com vítima;24,7;BR-116/SP;Pista Sul;Colisão traseira;1;1;1;0;0;0;1
16/04/2013;16:22:00;496;sem vítima;64,5;BR-116/SP;Pista Norte;Colisão traseira;1;9;0;0;0;0;1
16/04/2013;06:49:00;118;sem vítima;66;BR-116/SP;Pista Sul;Abalroamento longitudinal;1;3;0;0;0;0;1
16/04/2013;02:38:00;40;sem vítima;72,7;BR-116/SP;Pista Norte;Abalroamento longitudinal;1;3;0;0;0;0;1
16/04/2013;16:20:00;494;sem vítima;165,2;BR-116/RJ;Pista Sul;Colisão traseira;1;33;0;0;0;0;1
16/04/2013;23:35:00;726;sem vítima;182,3;BR-116/SP;Pista Norte;Colisão traseira;2;2;0;0;0;0;1
16/04/2013;18:16:00;571;sem vítima;210,2;BR-116/RJ;Pista Sul;Colisão traseira;2;2;0;0;0;0;1
16/04/2013;15:37:00;464;sem vítima;221,32;BR-116/RJ;Pista Norte;Outros;1;1;0;0;0;0;1
16/04/2013;10:09:00;279;sem vítima;222,2;BR-116/SP;Pista Sul;Colisão traseira;1;3;0;0;0;0;1
16/04/2013;16:32:00;503;sem vítima;222,3;BR-116/RJ;Pista Norte;Colisão traseira;2;2;0;0;0;0;1
16/04/2013;14:59:00;450;sem vítima;230,8;BR-116/SP;Pista Norte;Tombamento;1;1;0;0;0;0;1
16/04/2013;13:31:00;396;com vítima;302,43;BR-116/RJ;Pista Sul;Abalroamento longitudinal;1;1;1;0;0;0;1
17/04/2013;10:42:00;313;sem vítima;22,35;BR-116/SP;Pista Norte;Engavetamento;3;3;0;0;0;0;1
17/04/2013;10:29:00;305;com vítima;22,4;BR-116/SP;Pista Sul;Tombamento;1;0;0;0;1;0;2
17/04/2013;06:19:00;92;com vítima;147,65;BR-116/SP;Pista Sul;Tombamento;1;1;1;0;0;0;1
17/04/2013;12:32:00;379;sem vítima;154;BR-116/SP;Pista Sul;Abalroamento longitudinal;1;2;0;0;0;0;1
17/04/2013;06:48:00;115;sem vítima;158,7;BR-116/SP;Pista Sul;Abalroamento longitudinal;1;2;0;0;0;0;1
17/04/2013;08:40:00;224;sem vítima;167,6;BR-116/RJ;Pista Norte;Engavetamento;1;3;0;0;0;0;1
17/04/2013;04:00:00;57;sem vítima;170,5;BR-116/RJ;Pista Norte;Colisão traseira;1;5;0;0;0;0;1
17/04/2013;20:02:00;638;sem vítima;182;BR-116/SP;Pista Norte;Choque em objeto fixo;1;1;0;0;0;0;1
17/04/2013;13:52:00;437;sem vítima;224,2;BR-116/SP;Pista Norte;Colisão traseira;1;5;0;0;0;0;1
17/04/2013;19:21:00;622;com vítima;224,2;BR-116/SP;Pista Norte;Atropelamento de pedestre caminhando;1;2;0;1;0;0;2
17/04/2013;07:22:00;150;sem vítima;225,83;BR-116/RJ;Pista Norte;Abalroamento longitudinal;2;2;0;0;0;0;1
17/04/2013;10:27:00;303;sem vítima;230,8;BR-116/SP;Pista Sul;Colisão traseira;1;2;0;0;0;0;1
18/04/2013;23:27:00;725;com vítima;8,55;BR-116/SP;Pista Norte;Choque em veículo parado na pista;1;1;18;0;0;0;1
18/04/2013;22:39:00;702;com vítima;25,15;BR-116/SP;Pista Sul;Colisão traseira;2;1;0;1;0;0;2
18/04/2013;16:00:00;495;sem vítima;59,3;BR-116/SP;Pista Sul;Abalroamento longitudinal;1;6;0;0;0;0;1
18/04/2013;19:07:00;613;sem vítima;65,65;BR-116/SP;Pista Norte;Abalroamento longitudinal;1;2;0;0;0;0;1
18/04/2013;13:35:00;404;sem vítima;66,69;BR-116/SP;Pista Norte;Outros;1;3;0;0;0;0;1
18/04/2013;13:00:00;387;sem vítima;101,6;BR-116/SP;Pista Sul;Abalroamento longitudinal;2;2;0;0;0;0;1
18/04/2013;10:24:00;303;sem vítima;133,8;BR-116/SP;Pista Sul;Abalroamento longitudinal;1;4;0;0;0;0;1
18/04/2013;06:11:00;96;sem vítima;205,95;BR-116/RJ;Pista Sul;Colisão traseira;1;2;0;0;0;0;1
18/04/2013;23:34:00;729;com vítima;208,7;BR-116/RJ;Pista Sul;Colisão traseira;2;1;0;1;0;0;2
18/04/2013;15:46:00;484;sem vítima;272,35;BR-116/RJ;Pista Sul;Abalroamento longitudinal;2;2;0;0;0;0;1
18/04/2013;15:17:00;467;com vítima;273,3;BR-116/RJ;Pista Sul;Choque Talude;1;0;1;0;0;0;1
18/04/2013;14:16:00;427;sem vítima;292,6;BR-116/RJ;Pista Sul;Abalroamento longitudinal;1;2;0;0;0;0;1
19/04/2013;12:45:00;416;sem vítima;104,4;BR-116/SP;Pista Sul;Choque em objeto na pista;1;2;0;0;0;0;1
19/04/2013;16:41:00;569;com vítima;149,3;BR-116/SP;Pista Sul;Abalroamento longitudinal;1;2;0;0;1;0;2
19/04/2013;06:02:00;104;sem vítima;155,4;BR-116/SP;Pista Sul;Abalroamento longitudinal;1;2;0;0;0;0;1
19/04/2013;17:32:00;614;sem vítima;165,6;BR-116/RJ;Pista Sul;Abalroamento longitudinal;1;3;0;0;0;0;1
19/04/2013;05:07:00;86;sem vítima;170,9;BR-116/RJ;Pista Norte;Choque em barreira New Jersey;1;1;0;0;0;0;1
19/04/2013;19:58:00;720;sem vítima;174,5;BR-116/RJ;Pista Sul;Colisão traseira;1;5;0;0;0;0;1
19/04/2013;09:23:00;283;sem vítima;179,7;BR-116/RJ;Pista Norte;Colisão traseira;1;2;0;0;0;0;1
19/04/2013;23:35:00;843;sem vítima;220,3;BR-116/RJ;Pista Sul;Tombamento;1;1;0;0;0;0;1
19/04/2013;18:04:00;636;sem vítima;223,3;BR-116/SP;Pista Sul;Abalroamento longitudinal;1;6;0;0;0;0;1
19/04/2013;08:02:00;213;sem vítima;276,15;BR-116/RJ;Pista Sul;Colisão traseira;2;2;0;0;0;0;1
20/04/2013;06:46:00;120;sem vítima;50,9;BR-116/SP;Pista Norte;Abalroamento longitudinal;1;2;0;0;0;0;1
20/04/2013;09:41:00;251;sem vítima;80;BR-116/SP;Pista Norte;Engavetamento;1;7;0;0;0;0;1
20/04/2013;03:14:00;62;sem vítima;81,95;BR-116/SP;Pista Sul;Colisão traseira;1;39;0;0;0;0;1
20/04/2013;08:01:00;180;sem vítima;86,9;BR-116/SP;Pista Sul;Choque em veículo parado na pista;1;2;0;0;0;0;1
20/04/2013;01:59:00;39;sem vítima;103,95;BR-116/SP;Pista Sul;Choque em veículo parado na pista;2;2;0;0;0;0;1
20/04/2013;03:17:00;63;sem vítima;127,56;BR-116/SP;Pista Sul;Abalroamento longitudinal;1;3;0;0;0;0;1
20/04/2013;04:55:00;86;com vítima;157,5;BR-116/SP;Pista Norte;Choque em veículo parado na pista;1;1;2;0;0;0;1
20/04/2013;14:06:00;407;sem vítima;187;BR-116/RJ;Pista Sul;Engavetamento;1;7;0;0;0;0;1
20/04/2013;03:50:00;71;sem vítima;226,4;BR-116/RJ;Pista Norte;Choque em objeto fixo;1;1;0;0;0;0;1
20/04/2013;07:46:00;166;com vítima;243,6;BR-116/RJ;Pista Norte;Colisão traseira;1;1;0;2;0;0;2
21/04/2013;15:34:00;356;sem vítima;158,83;BR-116/SP;Pista Sul;Abalroamento longitudinal;1;58;0;0;0;0;1
21/04/2013;14:54:00;328;sem vítima;165,2;BR-116/SP;Pista Norte;Colisão traseira;3;3;0;0;0;0;1
21/04/2013;04:19:00;73;sem vítima;165,6;BR-116/RJ;Pista Sul;Colisão traseira;1;2;0;0;0;0;1
21/04/2013;18:32:00;449;sem vítima;188,9;BR-116/RJ;Pista Sul;Abalroamento longitudinal;1;2;0;0;0;0;1
22/04/2013;05:45:00;75;sem vítima;165;BR-116/RJ;Pista Norte;Colisão traseira;2;3;0;0;0;0;1
22/04/2013;19:15:00;599;sem vítima;176,1;BR-116/RJ;Pista Sul;Abalroamento longitudinal;1;3;0;0;0;0;1
22/04/2013;19:53:00;626;sem vítima;176,1;BR-116/RJ;Pista Sul;Abalroamento longitudinal;1;61;0;0;0;0;1
22/04/2013;17:43:00;554;sem vítima;200,2;BR-116/SP;Pista Norte;Choque em objeto na pista;1;3;0;0;0;0;1
22/04/2013;21:38:00;688;com vítima;212,7;BR-116/SP;Pista Sul;Abalroamento longitudinal;1;2;1;0;0;0;1
22/04/2013;17:45:00;555;sem vítima;213,9;BR-116/SP;Pista Sul;Abalroamento longitudinal;1;3;0;0;0;0;1
22/04/2013;18:07:00;569;sem vítima;220,3;BR-116/SP;Pista Norte;Abalroamento longitudinal;1;4;0;0;0;0;1
22/04/2013;20:19:00;642;sem vítima;220,3;BR-116/SP;Pista Norte;Abalroamento longitudinal;1;2;0;0;0;0;1
23/04/2013;13:34:00;375;sem vítima;16,05;BR-116/SP;Pista Norte;Choque em barreira New Jersey;1;1;0;0;0;0;1
23/04/2013;17:37:00;538;sem vítima;34,35;BR-116/SP;Pista Sul;Abalroamento longitudinal;1;3;0;0;0;0;1
23/04/2013;21:59:00;659;com vítima;107,5;BR-116/SP;Pista Norte;Colisão traseira;1;2;1;0;0;0;1
23/04/2013;15:29:00;449;com vítima;117,3;BR-116/SP;Pista Norte;Colisão traseira;1;6;1;0;0;0;1
23/04/2013;20:53:00;634;sem vítima;130;BR-116/SP;Pista Sul;Abalroamento longitudinal;1;2;0;0;0;0;1
23/04/2013;22:27:00;667;sem vítima;139,7;BR-116/SP;Pista Sul;Choque em objeto na pista;2;2;0;0;0;0;1
23/04/2013;07:05:00;131;com vítima;168,4;BR-116/RJ;Pista Norte;Colisão traseira;1;3;1;0;0;0;1
23/04/2013;14:51:00;423;sem vítima;202;BR-116/RJ;Pista Sul;Colisão traseira;1;2;0;0;0;0;1
23/04/2013;07:27:00;148;sem vítima;206,7;BR-116/SP;Pista Sul;Colisão traseira;1;7;0;0;0;0;1
23/04/2013;08:35:00;199;com vítima;210,7;BR-116/SP;Pista Norte;Queda de moto;1;2;0;0;0;1;3
23/04/2013;06:54:00;121;sem vítima;226,75;BR-116/RJ;Pista Norte;Choque Talude;1;1;0;0;0;0;1
23/04/2013;23:43:00;691;sem vítima;230;BR-116/SP;Pista Norte;Abalroamento longitudinal;1;3;0;0;0;0;1
23/04/2013;08:13:00;187;sem vítima;275,5;BR-116/RJ;Pista Sul;Engavetamento;1;5;0;0;0;0;1
23/04/2013;06:27:00;95;sem vítima;279,05;BR-116/RJ;Pista Sul;Abalroamento longitudinal;1;2;0;0;0;0;1
24/04/2013;07:15:00;129;sem vítima;166,1;BR-116/RJ;Pista Norte;Colisão traseira;1;6;0;0;0;0;1
24/04/2013;14:43:00;498;com vítima;179,1;BR-116/RJ;Pista Norte;Colisão traseira;1;1;1;0;0;0;1
24/04/2013;15:24:00;531;sem vítima;219,2;BR-116/SP;Pista Norte;Abalroamento longitudinal;1;2;0;0;0;0;1
24/04/2013;07:16:00;132;sem vítima;226,1;BR-116/RJ;Pista Norte;Choque em objeto fixo;1;1;0;0;0;0;1
24/04/2013;13:41:00;440;sem vítima;228,9;BR-116/SP;Pista Norte;Abalroamento longitudinal;2;7;0;0;0;0;1
24/04/2013;08:47:00;234;sem vítima;296,6;BR-116/RJ;Pista Norte;Tombamento;1;1;0;0;0;0;1
24/04/2013;14:29:00;487;sem vítima;325;BR-116/RJ;Pista Sul;Abalroamento longitudinal;1;5;0;0;0;0;1
25/04/2013;01:02:00;19;sem vítima;164,3;BR-116/SP;Pista Sul;Choque em objeto na pista;1;1;0;0;0;0;1
25/04/2013;07:40:00;164;sem vítima;167,1;BR-116/SP;Pista Norte;Choque em objeto fixo;1;1;0;0;0;0;1
25/04/2013;22:10:00;722;com vítima;222,8;BR-116/SP;Pista Norte;Não Def;1;5;1;0;0;0;1
25/04/2013;22:23:00;728;sem vítima;229,3;BR-116/SP;Pista Sul;Abalroamento longitudinal;1;3;0;0;0;0;1
25/04/2013;11:39:00;351;com vítima;236,85;BR-116/RJ;Pista Norte;Atropelamento de pedestre atravessando;1;1;0;1;0;0;2
25/04/2013;18:31:00;595;sem vítima;250,55;BR-116/RJ;Pista Norte;Abalroamento longitudinal;1;2;0;0;0;0;1
25/04/2013;14:58:00;456;sem vítima;277,4;BR-116/RJ;Pista Sul;Engavetamento;1;12;0;0;0;0;1
25/04/2013;18:47:00;609;com vítima;307,53;BR-116/RJ;Pista Sul;Atropelamento de pedestre atravessando;1;1;0;1;0;0;2
26/04/2013;12:39:00;419;sem vítima;133;BR-116/SP;Pista Sul;Outros;2;2;0;0;0;0;1
26/04/2013;16:49:00;595;com vítima;140,3;BR-116/SP;Pista Sul;Capotamento;1;3;1;1;0;0;2
26/04/2013;01:16:00;21;sem vítima;171,3;BR-116/RJ;Pista Norte;Abalroamento longitudinal;1;2;0;0;0;0;1
26/04/2013;22:11:00;788;sem vítima;176,3;BR-116/RJ;Pista Sul;Abalroamento longitudinal;1;2;0;0;0;0;1
26/04/2013;11:44:00;386;sem vítima;181,1;BR-116/RJ;Pista Sul;Abalroamento longitudinal;1;5;0;0;0;0;1
26/04/2013;01:46:00;31;com vítima;212,4;BR-116/SP;Pista Norte;Colisão traseira;2;1;1;0;0;0;1
26/04/2013;17:36:00;637;sem vítima;218,8;BR-116/SP;Pista Sul;Engavetamento;1;3;0;0;0;0;1
26/04/2013;11:21:00;371;sem vítima;315,95;BR-116/RJ;Pista Norte;Abalroamento longitudinal;1;2;0;0;0;0;1
26/04/2013;10:10:00;321;sem vítima;328,5;BR-116/RJ;Pista Sul;Outros;1;1;0;0;0;0;1
27/04/2013;15:14:00;406;sem vítima;176;BR-116/SP;Pista Norte;Colisão traseira;1;5;0;0;0;0;1
27/04/2013;07:20:00;122;sem vítima;213,1;BR-116/SP;Pista Sul;Choque em objeto fixo;1;1;0;0;0;0;1
27/04/2013;04:07:00;60;sem vítima;223;BR-116/SP;Pista Norte;Colisão traseira;1;3;0;0;0;0;1
28/04/2013;20:08:00;528;com vítima;93,6;BR-116/SP;Pista Norte;Colisão traseira;2;5;1;0;0;0;1
28/04/2013;16:33:00;393;sem vítima;220,77;BR-116/RJ;Pista Norte;Abalroamento longitudinal;1;4;0;0;0;0;1
28/04/2013;02:39:00;53;sem vítima;266,8;BR-116/RJ;Pista Sul;Colisão traseira;2;2;0;0;0;0;1
29/04/2013;15:43:00;481;com vítima;142,5;BR-116/SP;Pista Norte;Engavetamento;3;3;0;4;0;2;3
29/04/2013;20:48:00;664;sem vítima;151,3;BR-116/SP;Pista Norte;Colisão traseira;2;2;0;0;0;0;1
29/04/2013;12:07:00;352;sem vítima;165,6;BR-116/SP;Pista Norte;Abalroamento longitudinal;2;2;0;0;0;0;1
29/04/2013;05:39:00;75;com vítima;178,8;BR-116/RJ;Pista Norte;Engavetamento;2;7;1;0;0;0;1
29/04/2013;15:38:00;479;sem vítima;182;BR-116/SP;Pista Norte;Colisão traseira;2;2;0;0;0;0;1
29/04/2013;23:20:00;731;com vítima;220,7;BR-116/SP;Pista Norte;Abalroamento longitudinal;1;1;0;1;0;0;2
29/04/2013;09:17:00;245;sem vítima;241,15;BR-116/RJ;Pista Sul;Choque em barreira New Jersey;1;2;0;0;0;0;1
29/04/2013;14:21:00;432;sem vítima;333;BR-116/RJ;Pista Norte;Abalroamento longitudinal;1;3;0;0;0;0;1
30/04/2013;08:12:00;197;sem vítima;107,8;BR-116/SP;Pista Norte;Colisão traseira;2;2;0;0;0;0;1
30/04/2013;22:32:00;769;sem vítima;125,4;BR-116/SP;Pista Norte;Choque em objeto na pista;1;3;0;0;0;0;1
30/04/2013;14:57:00;498;sem vítima;152;BR-116/SP;Pista Sul;Engavetamento;1;3;0;0;0;0;1
30/04/2013;05:28:00;83;sem vítima;164,8;BR-116/RJ;Pista Norte;Colisão traseira;1;4;0;0;0;0;1
30/04/2013;12:13:00;385;sem vítima;178,8;BR-116/RJ;Pista Norte;Colisão traseira;1;31;0;0;0;0;1
30/04/2013;20:42:00;720;com vítima;179,8;BR-116/RJ;Pista Norte;Abalroamento longitudinal;1;1;1;0;0;0;1
30/04/2013;05:36:00;86;sem vítima;190;BR-116/RJ;Pista Norte;Abalroamento longitudinal;2;2;0;0;0;0;1
30/04/2013;01:59:00;31;com vítima;198;BR-116/RJ;Pista Norte;Colisão traseira;2;0;1;0;0;1;3
30/04/2013;04:21:00;67;sem vítima;205,1;BR-116/RJ;Pista Norte;Colisão traseira;2;2;0;0;0;0;1
30/04/2013;05:59:00;92;sem vítima;206;BR-116/SP;Pista Sul;Abalroamento longitudinal;2;2;0;0;0;0;1
30/04/2013;08:44:00;235;sem vítima;211;BR-116/SP;Pista Sul;Colisão traseira;1;2;0;0;0;0;1
30/04/2013;09:08:00;255;sem vítima;214,7;BR-116/SP;Pista Norte;Colisão traseira;1;22;0;0;0;0;1
30/04/2013;11:32:00;369;sem vítima;222,3;BR-116/SP;Pista Norte;Colisão traseira;1;2;0;0;0;0;1
30/04/2013;17:24:00;596;sem vítima;223,3;BR-116/RJ;Pista Norte;Choque Talude;1;1;0;0;0;0;1
30/04/2013;23:03:00;778;sem vítima;232,45;BR-116/RJ;Pista Sul;Choque em objeto na pista;2;2;0;0;0;0;1
30/04/2013;22:20:00;766;sem vítima;264,3;BR-116/RJ;Pista Norte;Choque em veículo parado na pista;1;2;0;0;0;0;1
30/04/2013;17:20:00;593;sem vítima;287,5;BR-116/RJ;Pista Norte;Outros;1;1;0;0;0;0;1
30/04/2013;14:40:00;491;sem vítima;318,9;BR-116/RJ;Pista Sul;Colisão traseira;1;2;0;0;0;0;1
01/05/2013;02:46:00;51;sem vítima;114,2;BR-116/SP;Pista Norte;Choque em veículo parado na pista;1;2;0;0;0;0;1
01/05/2013;01:18:00;28;sem vítima;187;BR-116/RJ;Pista Norte;Colisão traseira;1;3;0;0;0;0;1
02/05/2013;22:32:00;701;sem vítima;30,32;BR-116/SP;Pista Sul;Colisão traseira;2;2;0;0;0;0;1
02/05/2013;08:44:00;229;sem vítima;165;BR-116/SP;Pista Sul;Colisão traseira;1;3;0;0;0;0;1
02/05/2013;19:43:00;622;sem vítima;174,9;BR-116/RJ;Pista Sul;Abalroamento longitudinal;1;2;0;0;0;0;1
02/05/2013;19:11:00;605;com vítima;175,05;BR-116/RJ;Pista Sul;Colisão traseira;1;7;10;0;0;0;1
02/05/2013;09:33:00;261;com vítima;181,45;BR-116/RJ;Pista Norte;Engavetamento;1;1;2;0;0;0;1
02/05/2013;04:18:00;64;com vítima;212,7;BR-116/SP;Pista Norte;Choque em objeto na pista;3;4;1;0;0;0;1
02/05/2013;04:30:00;66;sem vítima;212,7;BR-116/SP;Pista Sul;Choque em barreira New Jersey;1;1;0;0;0;0;1
02/05/2013;09:19:00;255;sem vítima;215;BR-116/SP;Pista Sul;Colisão traseira;2;3;0;0;0;0;1
02/05/2013;12:30:00;379;com vítima;225,3;BR-116/SP;Pista Norte;Engavetamento;1;3;0;4;0;0;2
02/05/2013;19:06:00;603;com vítima;228,9;BR-116/SP;Pista Norte;Queda de moto;1;2;1;0;0;0;1
02/05/2013;15:45:00;484;sem vítima;296,4;BR-116/RJ;Pista Norte;Engavetamento;1;3;0;0;0;0;1
03/05/2013;11:43:00;360;com vítima;36,5;BR-116/SP;Pista Sul;Abalroamento longitudinal;1;1;0;1;0;0;2
03/05/2013;14:23:00;461;com vítima;107,6;BR-116/SP;Pista Norte;Engavetamento;2;2;0;1;0;0;2
03/05/2013;14:33:00;467;sem vítima;108,8;BR-116/SP;Pista Norte;Colisão traseira;1;2;0;0;0;0;1
03/05/2013;19:25:00;673;sem vítima;164,2;BR-116/RJ;Pista Norte;Abalroamento longitudinal;1;2;0;0;0;0;1
03/05/2013;06:49:00;115;sem vítima;165;BR-116/SP;Pista Norte;Colisão traseira;1;2;0;0;0;0;1
03/05/2013;14:19:00;459;sem vítima;168,2;BR-116/RJ;Pista Norte;Choque em barreira New Jersey;1;3;0;0;0;0;1
03/05/2013;03:45:00;53;sem vítima;182;BR-116/SP;Pista Norte;Colisão traseira;1;2;0;0;0;0;1
03/05/2013;20:26:00;712;sem vítima;182,4;BR-116/RJ;Pista Sul;Choque em veículo parado na pista;1;2;0;0;0;0;1
03/05/2013;11:19:00;350;sem vítima;208,7;BR-116/SP;Pista Norte;Outros;1;1;0;0;0;0;1
03/05/2013;06:02:00;92;com vítima;219,7;BR-116/SP;Pista Norte;Abalroamento longitudinal;1;2;1;0;0;0;1
03/05/2013;20:20:00;707;sem vítima;276,5;BR-116/RJ;Pista Sul;Abalroamento longitudinal;2;3;0;0;0;0;1
03/05/2013;00:00:00;1;com vítima;284,9;BR-116/RJ;Pista Sul;Colisão traseira;2;1;1;0;0;0;1
03/05/2013;14:13:00;453;sem vítima;295,6;BR-116/RJ;Pista Sul;Colisão traseira;1;3;0;0;0;0;1
04/05/2013;06:47:00;104;sem vítima;165;BR-116/SP;Pista Sul;Tombamento;1;1;0;0;0;0;1
04/05/2013;06:24:00;92;sem vítima;211,7;BR-116/SP;Pista Norte;Abalroamento longitudinal;1;2;0;0;0;0;1
04/05/2013;10:30:00;263;com vítima;219;BR-116/RJ;Pista Norte;Tombamento;1;0;1;0;0;0;1
04/05/2013;15:18:00;439;sem vítima;219;BR-116/RJ;Pista Norte;Tombamento;1;1;0;0;0;0;1
04/05/2013;09:45:00;225;sem vítima;220,25;BR-116/RJ;Pista Sul;Outros;1;1;0;0;0;0;1
04/05/2013;07:15:00;123;sem vítima;229,2;BR-116/SP;Pista Sul;Abalroamento longitudinal;1;2;0;0;0;0;1
04/05/2013;02:45:00;43;com vítima;230;BR-116/SP;Pista Sul;Abalroamento longitudinal;2;8;1;0;0;0;1
04/05/2013;12:19:00;317;sem vítima;270,1;BR-116/RJ;Pista Sul;Colisão traseira;1;3;0;0;0;0;1
04/05/2013;10:44:00;272;sem vítima;276,25;BR-116/RJ;Pista Sul;Abalroamento longitudinal;1;2;0;0;0;0;1
05/05/2013;20:25:00;558;sem vítima;30,05;BR-116/SP;Pista Norte;Choque em objeto fixo;1;1;0;0;0;0;1
05/05/2013;11:52:00;267;sem vítima;45,7;BR-116/SP;Pista Sul;Colisão traseira;2;2;0;0;0;0;1
05/05/2013;06:03:00;90;com vítima;85,95;BR-116/SP;Pista Norte;Colisão traseira;1;3;2;1;0;0;2
05/05/2013;15:10:00;376;sem vítima;87,5;BR-116/SP;Pista Sul;Engavetamento;2;3;0;0;0;0;1
05/05/2013;13:18:00;306;sem vítima;257,6;BR-116/RJ;Pista Sul;Colisão traseira;1;2;0;0;0;0;1
06/05/2013;06:23:00;94;sem vítima;38,6;BR-116/SP;Pista Norte;Choque em objeto fixo;1;2;0;0;0;0;1
06/05/2013;20:03:00;607;sem vítima;145,68;BR-116/SP;Pista Norte;Abalroamento longitudinal;1;2;0;0;0;0;1
06/05/2013;18:28:00;559;sem vítima;146,2;BR-116/SP;Pista Norte;Colisão traseira;1;2;0;0;0;0;1
06/05/2013;08:29:00;204;com vítima;162,1;BR-116/SP;Pista Norte;Colisão traseira;1;2;1;0;0;0;1
06/05/2013;18:26:00;558;sem vítima;165,2;BR-116/SP;Pista Sul;Colisão traseira;1;2;0;0;0;0;1
06/05/2013;20:25:00;617;sem vítima;176,2;BR-116/RJ;Pista Sul;Abalroamento longitudinal;1;2;0;0;0;0;1
06/05/2013;00:55:00;18;sem vítima;179,1;BR-116/RJ;Pista Norte;Abalroamento longitudinal;1;2;0;0;0;0;1
06/05/2013;22:53:00;684;sem vítima;182,5;BR-116/SP;Pista Norte;Colisão traseira;1;2;0;0;0;0;1
06/05/2013;07:50:00;171;sem vítima;210,1;BR-116/SP;Pista Sul;Colisão traseira;1;2;0;0;0;0;1
06/05/2013;09:36:00;248;sem vítima;223,2;BR-116/RJ;Pista Norte;Outros;1;1;0;0;0;0;1
06/05/2013;20:04:00;609;sem vítima;227;BR-116/SP;Pista Norte;Colisão traseira;1;3;0;0;0;0;1
06/05/2013;11:25:00;315;sem vítima;230,3;BR-116/RJ;Pista Norte;Colisão traseira;1;2;0;0;0;0;1
06/05/2013;05:59:00;86;com vítima;321;BR-116/RJ;Pista Norte;Capotamento;1;0;1;0;0;0;1
07/05/2013;13:44:00;397;sem vítima;51,7;BR-116/SP;Pista Sul;Abalroamento longitudinal;1;4;0;0;0;0;1
07/05/2013;16:25:00;480;sem vítima;98,5;BR-116/SP;Pista Norte;Tombamento;1;3;0;0;0;0;1
07/05/2013;13:20:00;383;com vítima;169,75;BR-116/RJ;Pista Norte;Choque em objeto na pista;1;2;1;0;0;0;1
07/05/2013;08:29:00;198;com vítima;172,2;BR-116/SP;Pista Sul;Abalroamento longitudinal;1;1;2;0;0;0;1
07/05/2013;09:40:00;258;sem vítima;182;BR-116/SP;Pista Norte;Outros;1;2;0;0;0;0;1
07/05/2013;11:51:00;336;sem vítima;202,6;BR-116/RJ;Pista Sul;Colisão traseira;1;3;0;0;0;0;1
07/05/2013;19:42:00;600;sem vítima;204;BR-116/SP;Pista Sul;Outros;1;1;0;0;0;0;1
07/05/2013;14:06:00;408;sem vítima;223,1;BR-116/RJ;Pista Norte;Tombamento;1;1;0;0;0;0;1
07/05/2013;12:38:00;357;com vítima;274,1;BR-116/RJ;Pista Sul;Abalroamento longitudinal;1;1;1;0;0;0;1
08/05/2013;03:02:00;36;sem vítima;32,98;BR-116/SP;Pista Norte;Choque em barreira New Jersey;1;1;0;0;0;0;1
08/05/2013;03:27:00;43;sem vítima;32,98;BR-116/SP;Pista Sul;Choque em objeto na pista;1;1;0;0;0;0;1
08/05/2013;06:04:00;77;sem vítima;125,8;BR-116/SP;Pista Sul;Colisão traseira;1;2;0;0;0;0;1
08/05/2013;07:26:00;138;com vítima;139,1;BR-116/SP;Pista Sul;Engavetamento;1;3;1;0;0;0;1
08/05/2013;09:32:00;253;sem vítima;139,6;BR-116/SP;Pista Sul;Colisão traseira;1;2;0;0;0;0;1
08/05/2013;07:47:00;164;sem vítima;145,2;BR-116/SP;Pista Norte;Abalroamento longitudinal;1;3;0;0;0;0;1
08/05/2013;08:54:00;223;sem vítima;157,1;BR-116/SP;Pista Sul;Colisão traseira;1;2;0;0;0;0;1