data;horario;n_da_ocorrencia;tipo_de_ocorrencia;km;trecho;sentido;tipo_de_acidente;caminhao;ilesos;levemente_feridos;moderadamente_feridos;gravemente_feridos;mortos;3
08/05/2013;07:18:00;131;sem vítima;157,3;BR-116/SP;Pista Norte;Abalroamento longitudinal;1;2;0;0;0;0;1
08/05/2013;03:18:00;41;sem vítima;167,9;BR-116/RJ;Pista Norte;Colisão traseira;2;2;0;0;0;0;1
08/05/2013;05:35:00;70;com vítima;178,3;BR-116/RJ;Pista Norte;Engavetamento;1;4;1;0;0;0;1
08/05/2013;16:25:00;502;sem vítima;199,8;BR-116/SP;Pista Sul;Abalroamento longitudinal;1;2;0;0;0;0;1
08/05/2013;15:30:00;471;sem vítima;219;BR-116/RJ;Pista Norte;Outros;1;1;0;0;0;0;1
08/05/2013;07:17:00;130;com vítima;229,71;BR-116/RJ;Pista Norte;Choque em barreira New Jersey;1;0;1;0;0;0;1
08/05/2013;17:00:00;522;sem vítima;269,8;BR-116/RJ;Pista Sul;Abalroamento longitudinal;1;2;0;0;0;0;1
09/05/2013;19:20:00;679;sem vítima;68;BR-116/SP;Pista Norte;Abalroamento longitudinal;1;2;0;0;0;0;1
09/05/2013;19:02:00;664;sem vítima;101,1;BR-116/SP;Pista Norte;Engavetamento;1;3;0;0;0;0;1
09/05/2013;07:54:00;181;sem vítima;107,4;BR-116/SP;Pista Norte;Colisão traseira;2;2;0;0;0;0;1
09/05/2013;12:16:00;401;sem vítima;173,35;BR-116/RJ;Pista Norte;Choque em objeto fixo;1;1;0;0;0;0;1
09/05/2013;08:52:00;251;com vítima;179,6;BR-116/RJ;Pista Norte;Abalroamento longitudinal;1;1;1;0;0;0;1
09/05/2013;15:39:00;512;sem vítima;181,1;BR-116/RJ;Pista Norte;Engavetamento;1;3;0;0;0;0;1
09/05/2013;11:15:00;355;sem vítima;204,5;BR-116/SP;Pista Sul;Colisão traseira;1;2;0;0;0;0;1
09/05/2013;11:51:00;381;com vítima;223,65;BR-116/RJ;Pista Norte;Tombamento;1;0;0;1;0;0;2
09/05/2013;17:03:00;566;sem vítima;226,55;BR-116/RJ;Pista Norte;Outros;1;2;0;0;0;0;1
09/05/2013;22:42:00;766;sem vítima;230,6;BR-116/SP;Pista Sul;Choque em barreira New Jersey;1;1;0;0;0;0;1
09/05/2013;05:11:00;76;sem vítima;310;BR-116/RJ;Pista Norte;Colisão traseira;1;2;0;0;0;0;1
10/05/2013;22:59:00;795;sem vítima;65,5;BR-116/SP;Pista Sul;Abalroamento longitudinal;2;2;0;0;0;0;1
10/05/2013;12:54:00;392;sem vítima;152;BR-116/SP;Pista Sul;Abalroamento longitudinal;1;2;0;0;0;0;1
10/05/2013;20:26:00;714;sem vítima;153,9;BR-116/SP;Pista Sul;Abalroamento longitudinal;1;4;0;0;0;0;1
10/05/2013;01:03:00;13;sem vítima;182,5;BR-116/SP;Pista Norte;Colisão traseira;2;3;0;0;0;0;1
10/05/2013;13:43:00;414;com vítima;182,6;BR-116/RJ;Pista Sul;Choque em objeto fixo;1;0;1;0;0;0;1
10/05/2013;18:26:00;620;sem vítima;185,42;BR-116/RJ;Pista Norte;Colisão traseira;1;2;0;0;0;0;1
10/05/2013;04:59:00;66;sem vítima;195,7;BR-116/RJ;Pista Sul;Queda de ribanceira;1;1;0;0;0;0;1
10/05/2013;09:21:00;261;sem vítima;207,1;BR-116/RJ;Pista Norte;Colisão traseira;1;2;0;0;0;0;1
10/05/2013;15:09:00;461;sem vítima;225,8;BR-116/RJ;Pista Sul;Choque em objeto na pista;1;4;0;0;0;0;1
10/05/2013;19:44:00;687;sem vítima;226,5;BR-116/SP;Pista Sul;Abalroamento longitudinal;1;2;0;0;0;0;1
10/05/2013;10:52:00;324;sem vítima;230,22;BR-116/SP;Pista Sul;Abalroamento longitudinal;1;4;0;0;0;0;1
10/05/2013;13:46:00;415;sem vítima;272,5;BR-116/RJ;Pista Norte;Abalroamento longitudinal;1;2;0;0;0;0;1
11/05/2013;10:52:00;294;sem vítima;165;BR-116/SP;Pista Sul;Colisão traseira;2;2;0;0;0;0;1
11/05/2013;00:26:00;9;sem vítima;166,3;BR-116/SP;Pista Norte;Choque em objeto fixo;1;1;0;0;0;0;1
11/05/2013;09:50:00;246;sem vítima;175,4;BR-116/RJ;Pista Sul;Abalroamento longitudinal;1;2;0;0;0;0;1
11/05/2013;03:44:00;62;sem vítima;259,1;BR-116/RJ;Pista Norte;Colisão traseira;2;3;0;0;0;0;1
12/05/2013;18:38:00;460;com vítima;29;BR-116/SP;Pista Norte;Abalroamento longitudinal;1;1;1;0;0;0;1
13/05/2013;13:47:00;398;sem vítima;121,3;BR-116/SP;Pista Sul;Choque em objeto na pista;1;3;0;0;0;0;1
13/05/2013;18:19:00;585;sem vítima;137,7;BR-116/SP;Pista Sul;Abalroamento longitudinal;1;2;0;0;0;0;1
13/05/2013;19:07:00;621;sem vítima;150;BR-116/SP;Pista Sul;Colisão traseira;1;3;0;0;0;0;1
13/05/2013;15:32:00;466;com vítima;166,4;BR-116/RJ;Pista Sul;Engavetamento;2;1;2;0;0;0;1
13/05/2013;19:26:00;636;sem vítima;265,8;BR-116/RJ;Pista Norte;Choque em objeto na pista;2;2;0;0;0;0;1
13/05/2013;08:35:00;183;sem vítima;307,6;BR-116/RJ;Pista Sul;Abalroamento longitudinal;1;4;0;0;0;0;1
13/05/2013;08:02:00;154;sem vítima;318,9;BR-116/RJ;Pista Norte;Colisão traseira;1;3;0;0;0;0;1
14/05/2013;19:00:00;631;sem vítima;37,9;BR-116/SP;Pista Sul;Colisão traseira;1;3;0;0;0;0;1
14/05/2013;17:35:00;575;sem vítima;51;BR-116/SP;Pista Norte;Outros;1;1;0;0;0;0;1
14/05/2013;17:04:00;556;sem vítima;68;BR-116/SP;Pista Sul;Abalroamento longitudinal;1;5;0;0;0;0;1
14/05/2013;17:19:00;566;com vítima;175,6;BR-116/SP;Pista Norte;Engavetamento;1;4;1;0;0;0;1
14/05/2013;07:39:00;154;sem vítima;203,32;BR-116/SP;Pista Sul;Choque em veículo parado na pista;1;2;0;0;0;0;1
14/05/2013;18:49:00;618;sem vítima;218,6;BR-116/SP;Pista Norte;Abalroamento longitudinal;1;4;0;0;0;0;1
14/05/2013;08:01:00;173;sem vítima;225,7;BR-116/SP;Pista Norte;Abalroamento longitudinal;2;5;0;0;0;0;1
14/05/2013;10:21:00;301;sem vítima;248,7;BR-116/RJ;Pista Sul;Choque em defensa;1;1;0;0;0;0;1
14/05/2013;07:58:00;169;sem vítima;305,1;BR-116/RJ;Pista Norte;Abalroamento longitudinal;2;3;0;0;0;0;1
15/05/2013;14:09:00;453;sem vítima;74,5;BR-116/SP;Pista Sul;Abalroamento longitudinal;1;2;0;0;0;0;1
15/05/2013;17:57:00;627;sem vítima;109,1;BR-116/SP;Pista Norte;Engavetamento;3;3;0;0;0;0;1
15/05/2013;18:26:00;650;sem vítima;176;BR-116/RJ;Pista Sul;Abalroamento longitudinal;1;3;0;0;0;0;1
15/05/2013;18:20:00;643;sem vítima;176,3;BR-116/RJ;Pista Sul;Abalroamento longitudinal;1;2;0;0;0;0;1
15/05/2013;12:33:00;392;sem vítima;177;BR-116/RJ;Pista Sul;Abalroamento longitudinal;2;15;0;0;0;0;1
15/05/2013;18:59:00;670;sem vítima;178,4;BR-116/RJ;Pista Norte;Abalroamento longitudinal;1;3;0;0;0;0;1
15/05/2013;18:57:00;669;sem vítima;212,6;BR-116/SP;Pista Sul;Abalroamento longitudinal;1;2;0;0;0;0;1
15/05/2013;14:13:00;457;sem vítima;213,4;BR-116/SP;Pista Sul;Choque em objeto na pista;1;3;0;0;0;0;1
15/05/2013;07:23:00;132;sem vítima;217,3;BR-116/SP;Pista Norte;Colisão traseira;1;4;0;0;0;0;1
15/05/2013;10:30:00;308;com vítima;290;BR-116/RJ;Pista Sul;Choque em barreira New Jersey;1;1;2;0;0;0;1
16/05/2013;13:51:00;467;sem vítima;102,8;BR-116/SP;Pista Norte;Choque em objeto fixo;1;1;0;0;0;0;1
16/05/2013;16:10:00;564;sem vítima;122,3;BR-116/SP;Pista Sul;Abalroamento longitudinal;1;2;0;0;0;0;1
16/05/2013;22:33:00;774;sem vítima;151,4;BR-116/SP;Pista Norte;Tombamento;1;1;0;0;0;0;1
16/05/2013;05:05:00;79;com vítima;171,7;BR-116/SP;Pista Sul;Colisão traseira;1;1;1;1;0;0;2
16/05/2013;16:47:00;582;sem vítima;218,5;BR-116/RJ;Pista Sul;Outros;2;2;0;0;0;0;1
16/05/2013;13:17:00;437;sem vítima;220,3;BR-116/RJ;Pista Sul;Tombamento;1;1;0;0;0;0;1
16/05/2013;14:44:00;502;com vítima;226,7;BR-116/RJ;Pista Norte;Tombamento;1;0;1;1;0;0;2
16/05/2013;21:27:00;748;sem vítima;249,08;BR-116/RJ;Pista Norte;Outros;1;1;0;0;0;0;1
16/05/2013;07:38:00;160;sem vítima;252,4;BR-116/RJ;Pista Norte;Choque em barreira New Jersey;2;3;0;0;0;0;1
17/05/2013;23:08:00;747;sem vítima;33,8;BR-116/SP;Pista Norte;Colisão traseira;2;2;0;0;0;0;1
17/05/2013;03:42:00;50;com vítima;164,1;BR-116/RJ;Pista Norte;Engavetamento;2;3;1;0;0;0;1
17/05/2013;13:35:00;417;sem vítima;164,8;BR-116/RJ;Pista Norte;Colisão traseira;1;2;0;0;0;0;1
17/05/2013;08:57:00;235;sem vítima;181,9;BR-116/RJ;Pista Norte;Engavetamento;1;5;0;0;0;0;1
17/05/2013;22:49:00;743;com vítima;198,6;BR-116/RJ;Pista Sul;Abalroamento longitudinal;1;1;1;0;0;0;1
17/05/2013;09:39:00;258;sem vítima;220,3;BR-116/RJ;Pista Sul;Tombamento;1;1;0;0;0;0;1
17/05/2013;09:13:00;244;sem vítima;228,1;BR-116/SP;Pista Norte;Choque em barreira New Jersey;1;2;0;0;0;0;1
17/05/2013;20:30:00;681;sem vítima;260;BR-116/RJ;Pista Sul;Choque em objeto na pista;1;2;0;0;0;0;1
17/05/2013;15:04:00;477;sem vítima;278,5;BR-116/RJ;Pista Norte;Choque em barreira New Jersey;1;1;0;0;0;0;1
17/05/2013;20:21:00;675;sem vítima;315,3;BR-116/RJ;Pista Sul;Abalroamento longitudinal;1;2;0;0;0;0;1
17/05/2013;08:42:00;223;com vítima;321;BR-116/RJ;Pista Norte;Tombamento;2;5;1;1;0;0;2
17/05/2013;10:53:00;322;sem vítima;322;BR-116/RJ;Pista Norte;Colisão traseira;1;2;0;0;0;0;1
17/05/2013;09:08:00;242;sem vítima;324,7;BR-116/RJ;Pista Norte;Choque em defensa;1;1;0;0;0;0;1
17/05/2013;01:39:00;32;sem vítima;324,9;BR-116/RJ;Pista Norte;Choque em defensa;1;1;0;0;0;0;1
18/05/2013;15:40:00;430;sem vítima;31,1;BR-116/SP;Pista Sul;Colisão traseira;1;2;0;0;0;0;1
18/05/2013;07:41:00;144;com vítima;220,3;BR-116/RJ;Pista Sul;Abalroamento longitudinal;2;2;2;0;0;1;3
19/05/2013;14:18:00;304;sem vítima;226,5;BR-116/RJ;Pista Norte;Abalroamento longitudinal;1;5;0;0;0;0;1
20/05/2013;15:15:00;456;sem vítima;165;BR-116/RJ;Pista Sul;Colisão traseira;1;53;0;0;0;0;1
20/05/2013;14:32:00;436;sem vítima;212,4;BR-116/SP;Pista Sul;Colisão traseira;2;4;0;0;0;0;1
20/05/2013;14:07:00;418;sem vítima;243;BR-116/RJ;Pista Sul;Outros;1;2;0;0;0;0;1
21/05/2013;13:07:00;425;com vítima;97,8;BR-116/SP;Pista Sul;Choque Talude;1;0;2;0;0;0;1
21/05/2013;14:59:00;488;sem vítima;146;BR-116/SP;Pista Norte;Abalroamento longitudinal;1;2;0;0;0;0;1
21/05/2013;15:12:00;496;sem vítima;147;BR-116/SP;Pista Norte;Colisão traseira;1;2;0;0;0;0;1
21/05/2013;09:28:00;278;sem vítima;165,1;BR-116/RJ;Pista Sul;Engavetamento;1;3;0;0;0;0;1
21/05/2013;19:12:00;646;sem vítima;165,9;BR-116/RJ;Pista Sul;Abalroamento longitudinal;1;2;0;0;0;0;1
21/05/2013;06:23:00;107;sem vítima;169,3;BR-116/RJ;Pista Sul;Colisão traseira;1;3;0;0;0;0;1
21/05/2013;18:08:00;608;sem vítima;176;BR-116/RJ;Pista Sul;Abalroamento longitudinal;1;2;0;0;0;0;1
21/05/2013;10:35:00;327;sem vítima;179;BR-116/SP;Pista Norte;Colisão traseira;1;2;0;0;0;0;1
21/05/2013;13:44:00;447;sem vítima;223,3;BR-116/RJ;Pista Sul;Outros;1;1;0;0;0;0;1
21/05/2013;13:39:00;442;sem vítima;230;BR-116/SP;Pista Norte;Abalroamento longitudinal;2;2;0;0;0;0;1
21/05/2013;09:30:00;279;sem vítima;267;BR-116/RJ;Pista Norte;Colisão traseira;1;2;0;0;0;0;1
21/05/2013;11:24:00;366;sem vítima;274;BR-116/RJ;Pista Sul;Abalroamento longitudinal;1;32;0;0;0;0;1
22/05/2013;01:47:00;30;sem vítima;43,05;BR-116/SP;Pista Norte;Choque em defensa;1;2;0;0;0;0;1
22/05/2013;14:33:00;472;sem vítima;165,2;BR-116/SP;Pista Sul;Colisão traseira;2;2;0;0;0;0;1
22/05/2013;06:19:00;92;sem vítima;171,4;BR-116/RJ;Pista Norte;Choque em barreira New Jersey;1;1;0;0;0;0;1
22/05/2013;13:59:00;450;sem vítima;186,1;BR-116/RJ;Pista Sul;Engavetamento;1;4;0;0;0;0;1
22/05/2013;21:16:00;720;sem vítima;222,8;BR-116/RJ;Pista Sul;Choque em objeto fixo;1;1;0;0;0;0;1
22/05/2013;21:10:00;719;sem vítima;224,6;BR-116/RJ;Pista Norte;Choque Talude;1;1;0;0;0;0;1
22/05/2013;09:49:00;288;com vítima;269,3;BR-116/RJ;Pista Norte;Tombamento;1;0;1;0;0;0;1
22/05/2013;17:24:00;589;sem vítima;297,1;BR-116/RJ;Pista Sul;Abalroamento longitudinal;1;2;0;0;0;0;1
22/05/2013;17:46:00;601;com vítima;313,9;BR-116/RJ;Pista Sul;Engavetamento;1;3;1;0;0;0;1
23/05/2013;19:56:00;638;com vítima;100,8;BR-116/SP;Pista Norte;Abalroamento longitudinal;1;2;0;1;0;0;2
23/05/2013;06:44:00;133;sem vítima;109,5;BR-116/SP;Pista Norte;Engavetamento;2;4;0;0;0;0;1
23/05/2013;07:04:00;151;sem vítima;109,7;BR-116/SP;Pista Norte;Abalroamento longitudinal;1;4;0;0;0;0;1
23/05/2013;07:02:00;148;sem vítima;144,9;BR-116/SP;Pista Norte;Abalroamento longitudinal;1;2;0;0;0;0;1
23/05/2013;10:50:00;355;sem vítima;165,2;BR-116/SP;Pista Sul;Choque em objeto na pista;1;1;0;0;0;0;1
23/05/2013;23:34:00;750;sem vítima;196,6;BR-116/RJ;Pista Sul;Choque em objeto na pista;2;4;0;0;0;0;1
23/05/2013;11:30:00;377;sem vítima;202,6;BR-116/RJ;Pista Norte;Choque em objeto na pista;2;2;0;0;0;0;1
23/05/2013;11:02:00;361;sem vítima;204,5;BR-116/SP;Pista Norte;Choque em objeto fixo;2;2;0;0;0;0;1
23/05/2013;05:59:00;105;sem vítima;219,75;BR-116/RJ;Pista Norte;Choque em objeto fixo;1;1;0;0;0;0;1
23/05/2013;22:01:00;707;com vítima;228;BR-116/RJ;Pista Norte;Abalroamento longitudinal;1;0;2;1;0;0;2
23/05/2013;22:10:00;713;sem vítima;230,5;BR-116/SP;Pista Sul;Colisão traseira;2;2;0;0;0;0;1
23/05/2013;04:53:00;84;com vítima;232,1;BR-116/RJ;Pista Norte;Engavetamento;2;2;1;0;0;0;1
24/05/2013;04:59:00;72;sem vítima;2,75;BR-116/SP;Pista Sul;Choque em barreira New Jersey;1;1;0;0;0;0;1
24/05/2013;23:12:00;754;sem vítima;32;BR-116/SP;Pista Sul;Choque em objeto na pista;1;1;0;0;0;0;1
24/05/2013;23:32:00;765;sem vítima;32;BR-116/SP;Pista Sul;Choque em veículo parado na pista;2;2;0;0;0;0;1
24/05/2013;18:45:00;610;sem vítima;156,9;BR-116/SP;Pista Norte;Engavetamento;1;9;0;0;0;0;1
24/05/2013;08:34:00;217;sem vítima;157,1;BR-116/SP;Pista Norte;Colisão traseira;1;3;0;0;0;0;1
24/05/2013;19:48:00;659;sem vítima;164,5;BR-116/SP;Pista Norte;Colisão traseira;1;2;0;0;0;0;1
24/05/2013;06:49:00;123;sem vítima;164,8;BR-116/RJ;Pista Norte;Colisão traseira;1;2;0;0;0;0;1
24/05/2013;21:04:00;697;sem vítima;168,35;BR-116/SP;Pista Sul;Choque em veículo parado na pista;1;7;0;0;0;0;1
24/05/2013;10:51:00;317;sem vítima;169;BR-116/SP;Pista Norte;Abalroamento longitudinal;1;2;0;0;0;0;1
24/05/2013;13:52:00;414;com vítima;195,5;BR-116/SP;Pista Sul;Colisão traseira;1;1;1;2;0;1;3
24/05/2013;09:32:00;267;sem vítima;204;BR-116/SP;Pista Sul;Colisão traseira;1;2;0;0;0;0;1
24/05/2013;15:19:00;464;com vítima;212,9;BR-116/RJ;Pista Sul;Atropelamento de pedestre caminhando;1;1;0;0;0;1;3
24/05/2013;00:59:00;18;sem vítima;223,5;BR-116/SP;Pista Norte;Tombamento;1;1;0;0;0;0;1
24/05/2013;09:26:00;260;sem vítima;230,9;BR-116/SP;Pista Norte;Abalroamento longitudinal;1;2;0;0;0;0;1
24/05/2013;05:27:00;85;com vítima;278,1;BR-116/RJ;Pista Norte;Colisão traseira;2;1;1;0;0;0;1
24/05/2013;10:48:00;315;sem vítima;285;BR-116/RJ;Pista Norte;Abalroamento longitudinal;1;2;0;0;0;0;1
24/05/2013;12:17:00;366;com vítima;287,5;BR-116/RJ;Pista Norte;Choque em objeto fixo;2;1;0;0;2;0;2
24/05/2013;18:29:00;596;sem vítima;296,8;BR-116/RJ;Pista Sul;Colisão traseira;1;4;0;0;0;0;1
24/05/2013;06:13:00;98;sem vítima;298,1;BR-116/RJ;Pista Norte;Abalroamento longitudinal;1;3;0;0;0;0;1
25/05/2013;14:17:00;387;sem vítima;207,1;BR-116/RJ;Pista Sul;Colisão traseira;1;45;0;0;0;0;1
25/05/2013;21:33:00;617;com vítima;270,02;BR-116/RJ;Pista Sul;Choque em veículo parado na pista;1;1;3;0;0;0;1
26/05/2013;16:01:00;344;com vítima;188,9;BR-116/SP;Pista Sul;Abalroamento longitudinal;1;45;2;0;0;0;1
26/05/2013;17:59:00;406;sem vítima;207;BR-116/RJ;Pista Norte;Engavetamento;2;3;0;0;0;0;1
27/05/2013;04:37:00;60;sem vítima;109,8;BR-116/SP;Pista Norte;Colisão traseira;2;4;0;0;0;0;1
27/05/2013;19:52:00;593;com vítima;154,3;BR-116/SP;Pista Sul;Choque em objeto na pista;1;2;1;0;0;0;1
27/05/2013;12:20:00;344;sem vítima;157;BR-116/SP;Pista Sul;Abalroamento longitudinal;1;3;0;0;0;0;1
27/05/2013;08:02:00;164;sem vítima;162,2;BR-116/SP;Pista Sul;Abalroamento longitudinal;1;4;0;0;0;0;1
27/05/2013;15:11:00;434;sem vítima;204,9;BR-116/SP;Pista Norte;Abalroamento longitudinal;1;2;0;0;0;0;1
27/05/2013;18:39:00;551;sem vítima;211,1;BR-116/SP;Pista Norte;Abalroamento longitudinal;1;36;0;0;0;0;1
27/05/2013;12:40:00;358;sem vítima;216,4;BR-116/SP;Pista Sul;Engavetamento;1;5;0;0;0;0;1
27/05/2013;14:42:00;421;com vítima;253,2;BR-116/RJ;Pista Norte;Colisão traseira;1;1;1;0;0;0;1
27/05/2013;17:49:00;523;sem vítima;265,1;BR-116/RJ;Pista Sul;Colisão traseira;1;3;0;0;0;0;1
27/05/2013;08:49:00;214;sem vítima;270,6;BR-116/RJ;Pista Norte;Abalroamento longitudinal;1;2;0;0;0;0;1
28/05/2013;20:46:00;620;com vítima;75,55;BR-116/SP;Pista Sul;Colisão traseira;2;1;1;0;0;0;1
28/05/2013;20:47:00;621;sem vítima;75,55;BR-116/SP;Pista Sul;Abalroamento longitudinal;2;2;0;0;0;0;1
28/05/2013;08:08:00;169;sem vítima;154,4;BR-116/SP;Pista Sul;Abalroamento longitudinal;1;2;0;0;0;0;1
28/05/2013;18:57:00;548;sem vítima;161,9;BR-116/SP;Pista Norte;Abalroamento longitudinal;2;2;0;0;0;0;1
28/05/2013;03:49:00;48;sem vítima;173,8;BR-116/SP;Pista Norte;Outros;1;1;0;0;0;0;1
28/05/2013;10:50:00;298;sem vítima;182;BR-116/SP;Pista Norte;Colisão traseira;2;2;0;0;0;0;1
28/05/2013;17:37:00;496;sem vítima;199,8;BR-116/SP;Pista Sul;Abalroamento longitudinal;1;2;0;0;0;0;1
28/05/2013;21:45:00;641;sem vítima;210,1;BR-116/SP;Pista Norte;Abalroamento longitudinal;1;2;0;0;0;0;1
28/05/2013;13:12:00;357;sem vítima;211,6;BR-116/SP;Pista Sul;Colisão traseira;1;2;0;0;0;0;1
28/05/2013;22:00:00;649;sem vítima;211,7;BR-116/SP;Pista Sul;Abalroamento longitudinal;1;2;0;0;0;0;1
28/05/2013;13:47:00;376;sem vítima;214,4;BR-116/SP;Pista Sul;Engavetamento;1;3;0;0;0;0;1
28/05/2013;10:09:00;272;sem vítima;223,05;BR-116/RJ;Pista Norte;Tombamento;1;2;0;0;0;0;1
28/05/2013;18:55:00;547;sem vítima;239;BR-116/RJ;Pista Sul;Abalroamento longitudinal;1;2;0;0;0;0;1
28/05/2013;01:45:00;27;sem vítima;259,1;BR-116/RJ;Pista Sul;Colisão traseira;2;2;0;0;0;0;1
29/05/2013;00:32:00;8;com vítima;69,15;BR-116/SP;Pista Norte;Colisão traseira;2;0;0;2;0;0;2
29/05/2013;00:39:00;10;com vítima;69,3;BR-116/SP;Pista Norte;Engavetamento;4;2;2;0;0;0;1
29/05/2013;17:15:00;545;sem vítima;113,9;BR-116/SP;Pista Norte;Colisão traseira;2;2;0;0;0;0;1
29/05/2013;19:42:00;646;sem vítima;145,5;BR-116/SP;Pista Sul;Abalroamento longitudinal;1;4;0;0;0;0;1
29/05/2013;18:32:00;605;sem vítima;146,3;BR-116/SP;Pista Sul;Engavetamento;1;3;0;0;0;0;1
29/05/2013;20:13:00;670;sem vítima;174,05;BR-116/RJ;Pista Sul;Colisão traseira;1;3;0;0;0;0;1
29/05/2013;19:02:00;631;sem vítima;176,2;BR-116/RJ;Pista Sul;Abalroamento longitudinal;1;2;0;0;0;0;1
29/05/2013;10:28:00;298;sem vítima;177,6;BR-116/RJ;Pista Sul;Abalroamento longitudinal;1;2;0;0;0;0;1
29/05/2013;10:17:00;292;com vítima;182;BR-116/RJ;Pista Norte;Atropelamento de pedestre atravessando;1;1;0;1;0;0;2
29/05/2013;17:17:00;547;sem vítima;204;BR-116/SP;Pista Sul;Choque em objeto fixo;1;1;0;0;0;0;1
29/05/2013;07:31:00;142;sem vítima;214,8;BR-116/SP;Pista Sul;Abalroamento longitudinal;2;5;0;0;0;0;1
29/05/2013;07:29:00;140;sem vítima;220,6;BR-116/SP;Pista Norte;Abalroamento longitudinal;2;2;0;0;0;0;1
29/05/2013;06:00:00;81;sem vítima;222,1;BR-116/RJ;Pista Norte;Outros;1;1;0;0;0;0;1
29/05/2013;06:48:00;111;sem vítima;222,2;BR-116/RJ;Pista Norte;Engavetamento;2;8;0;0;0;0;1
29/05/2013;23:48:00;765;sem vítima;222,5;BR-116/SP;Pista Norte;Abalroamento longitudinal;1;5;0;0;0;0;1
29/05/2013;16:18:00;515;com vítima;223,1;BR-116/RJ;Pista Norte;Tombamento;1;0;0;2;0;0;2
29/05/2013;09:56:00;276;sem vítima;225,4;BR-116/SP;Pista Sul;Abalroamento longitudinal;1;7;0;0;0;0;1
29/05/2013;21:01:00;704;sem vítima;229,9;BR-116/RJ;Pista Norte;Choque em objeto fixo;1;1;0;0;0;0;1
29/05/2013;06:33:00;103;sem vítima;235,95;BR-116/RJ;Pista Norte;Choque em barreira New Jersey;1;1;0;0;0;0;1
29/05/2013;02:28:00;36;com vítima;244,6;BR-116/RJ;Pista Norte;Colisão traseira;1;0;4;2;0;0;2
29/05/2013;23:51:00;766;com vítima;297,67;BR-116/RJ;Pista Norte;Capotamento;1;1;0;1;0;0;2
29/05/2013;01:13:00;20;sem vítima;299,85;BR-116/RJ;Pista Norte;Atropelamento de animal;1;5;0;0;0;0;1
29/05/2013;17:34:00;558;sem vítima;317,3;BR-116/RJ;Pista Sul;Abalroamento longitudinal;1;6;0;0;0;0;1
30/05/2013;01:27:00;32;sem vítima;100,65;BR-116/SP;Pista Norte;Colisão traseira;2;2;0;0;0;0;1
30/05/2013;07:00:00;133;sem vítima;180;BR-116/SP;Pista Norte;Abalroamento longitudinal;2;2;0;0;0;0;1
30/05/2013;05:12:00;84;com vítima;191,35;BR-116/RJ;Pista Norte;Colisão traseira;1;2;2;2;0;0;2
30/05/2013;07:34:00;153;sem vítima;192,7;BR-116/SP;Pista Norte;Choque em objeto fixo;1;1;0;0;0;0;1
30/05/2013;06:31:00;112;com vítima;202,5;BR-116/SP;Pista Norte;Colisão traseira;2;1;2;0;0;0;1
31/05/2013;20:20:00;576;sem vítima;85,4;BR-116/SP;Pista Sul;Colisão traseira;2;2;0;0;0;0;1
31/05/2013;19:17:00;535;com vítima;85,7;BR-116/SP;Pista Sul;Colisão frontal;1;1;0;0;0;1;3
31/05/2013;12:04:00;300;sem vítima;98;BR-116/SP;Pista Norte;Abalroamento longitudinal;1;5;0;0;0;0;1
31/05/2013;05:36:00;58;com vítima;150,1;BR-116/SP;Pista Norte;Colisão traseira;2;2;0;0;1;0;2
31/05/2013;04:19:00;44;sem vítima;151;BR-116/SP;Pista Sul;Choque em objeto na pista;1;1;0;0;0;0;1
31/05/2013;17:24:00;477;sem vítima;159,8;BR-116/SP;Pista Norte;Abalroamento longitudinal;1;3;0;0;0;0;1
31/05/2013;14:53:00;379;sem vítima;176;BR-116/RJ;Pista Sul;Colisão traseira;1;2;0;0;0;0;1
31/05/2013;14:30:00;368;sem vítima;176,3;BR-116/RJ;Pista Sul;Abalroamento longitudinal;1;4;0;0;0;0;1
31/05/2013;00:38:00;9;com vítima;176,8;BR-116/RJ;Pista Sul;Choque em barreira New Jersey;1;0;0;1;0;0;2
31/05/2013;16:58:00;466;sem vítima;210,55;BR-116/SP;Pista Sul;Abalroamento longitudinal;1;5;0;0;0;0;1
31/05/2013;12:40:00;318;sem vítima;227,7;BR-116/RJ;Pista Norte;Colisão traseira;1;5;0;0;0;0;1
31/05/2013;10:07:00;243;sem vítima;227,8;BR-116/SP;Pista Sul;Abalroamento longitudinal;1;3;0;0;0;0;1
31/05/2013;23:52:00;683;sem vítima;256,5;BR-116/RJ;Pista Norte;Abalroamento longitudinal;2;2;0;0;0;0;1
31/05/2013;01:03:00;13;sem vítima;289,3;BR-116/RJ;Pista Norte;Choque em objeto na pista;1;1;0;0;0;0;1
01/06/2013;09:30:00;203;com vítima;165,2;BR-116/SP;Pista Norte;Engavetamento;3;2;1;0;0;0;1
01/06/2013;00:58:00;19;sem vítima;203,3;BR-116/SP;Pista Sul;Choque em objeto na pista;1;3;0;0;0;0;1
01/06/2013;08:53:00;180;sem vítima;208;BR-116/RJ;Pista Sul;Colisão traseira;1;2;0;0;0;0;1
01/06/2013;06:00:00;96;com vítima;226,8;BR-116/RJ;Pista Sul;Choque Talude;1;0;1;0;0;0;1
02/06/2013;22:39:00;657;sem vítima;38,1;BR-116/SP;Pista Sul;Choque em objeto na pista;1;1;0;0;0;0;1
02/06/2013;04:04:00;56;com vítima;154,25;BR-116/SP;Pista Sul;Abalroamento longitudinal;1;1;0;0;1;0;2
02/06/2013;16:38:00;459;sem vítima;167,12;BR-116/SP;Pista Norte;Outros;1;2;0;0;0;0;1
02/06/2013;11:45:00;255;sem vítima;182,1;BR-116/SP;Pista Norte;Abalroamento longitudinal;1;2;0;0;0;0;1
02/06/2013;21:41:00;639;sem vítima;223,4;BR-116/RJ;Pista Norte;Choque Talude;2;2;0;0;0;0;1