data;horario;n_da_ocorrencia;tipo_de_ocorrencia;km;trecho;sentido;tipo_de_acidente;caminhao;ilesos;levemente_feridos;moderadamente_feridos;gravemente_feridos;mortos;3
02/06/2013;23:23:00;671;com vítima;318,9;BR-116/RJ;Pista Norte;Colisão traseira;1;2;1;0;0;0;1
03/06/2013;22:12:00;632;sem vítima;73;BR-116/SP;Pista Sul;Abalroamento longitudinal;2;2;0;0;0;0;1
03/06/2013;07:36:00;137;sem vítima;109,8;BR-116/SP;Pista Sul;Outros;1;3;0;0;0;0;1
03/06/2013;02:06:00;29;sem vítima;147,4;BR-116/SP;Pista Sul;Colisão traseira;1;2;0;0;0;0;1
03/06/2013;01:28:00;22;com vítima;147,8;BR-116/SP;Pista Norte;Colisão traseira;1;1;2;0;0;0;1
03/06/2013;18:26:00;524;com vítima;165,1;BR-116/RJ;Pista Sul;Colisão traseira;1;0;1;0;0;0;1
03/06/2013;17:47:00;509;sem vítima;181,1;BR-116/RJ;Pista Norte;Colisão traseira;1;3;0;0;0;0;1
03/06/2013;05:17:00;65;com vítima;205,5;BR-116/SP;Pista Sul;Choque em objeto fixo;1;1;0;0;1;0;2
03/06/2013;12:08:00;332;sem vítima;208;BR-116/SP;Pista Norte;Queda de Carga;1;1;0;0;0;0;1
03/06/2013;13:08:00;355;sem vítima;275,4;BR-116/RJ;Pista Norte;Choque em barreira New Jersey;1;3;0;0;0;0;1
04/06/2013;00:20:00;8;sem vítima;57,4;BR-116/SP;Pista Norte;Abalroamento longitudinal;2;3;0;0;0;0;1
04/06/2013;15:31:00;448;com vítima;147,6;BR-116/SP;Pista Sul;Colisão traseira;1;1;1;0;0;0;1
04/06/2013;07:07:00;110;sem vítima;165,5;BR-116/SP;Pista Sul;Abalroamento longitudinal;2;3;0;0;0;0;1
04/06/2013;05:52:00;65;sem vítima;179,9;BR-116/RJ;Pista Norte;Colisão traseira;2;2;0;0;0;0;1
04/06/2013;00:31:00;11;com vítima;219,2;BR-116/SP;Pista Norte;Engavetamento;2;2;1;0;0;0;1
04/06/2013;06:57:00;99;com vítima;219,3;BR-116/RJ;Pista Norte;Tombamento;1;0;0;1;0;0;2
04/06/2013;06:16:00;75;sem vítima;227,19;BR-116/RJ;Pista Norte;Tombamento;1;1;0;0;0;0;1
04/06/2013;15:15:00;443;sem vítima;227,7;BR-116/RJ;Pista Sul;Abalroamento longitudinal;1;2;0;0;0;0;1
04/06/2013;13:31:00;392;com vítima;274;BR-116/RJ;Pista Sul;Engavetamento;1;2;1;0;0;0;1
04/06/2013;21:41:00;644;sem vítima;310,7;BR-116/RJ;Pista Sul;Abalroamento longitudinal;1;4;0;0;0;0;1
05/06/2013;16:07:00;487;sem vítima;30,8;BR-116/SP;Pista Sul;Abalroamento longitudinal;2;4;0;0;0;0;1
05/06/2013;08:20:00;194;sem vítima;51,25;BR-116/SP;Pista Sul;Abalroamento longitudinal;1;2;0;0;0;0;1
05/06/2013;01:21:00;18;sem vítima;77,9;BR-116/SP;Pista Norte;Atropelamento de animal;1;1;0;0;0;0;1
05/06/2013;09:01:00;239;sem vítima;87,1;BR-116/SP;Pista Sul;Abalroamento longitudinal;2;3;0;0;0;0;1
05/06/2013;08:11:00;178;sem vítima;117,4;BR-116/SP;Pista Norte;Choque em objeto na pista;1;3;0;0;0;0;1
05/06/2013;22:12:00;702;sem vítima;168,55;BR-116/RJ;Pista Norte;Colisão traseira;1;2;0;0;0;0;1
05/06/2013;15:58:00;481;sem vítima;176,2;BR-116/RJ;Pista Sul;Abalroamento longitudinal;1;2;0;0;0;0;1
05/06/2013;08:16:00;189;com vítima;180,6;BR-116/RJ;Pista Norte;Abalroamento longitudinal;2;2;0;1;0;1;3
05/06/2013;09:16:00;247;sem vítima;181,1;BR-116/RJ;Pista Norte;Engavetamento;2;3;0;0;0;0;1
05/06/2013;15:09:00;452;com vítima;183,2;BR-116/RJ;Pista Norte;Abalroamento longitudinal;1;1;1;0;0;0;1
05/06/2013;22:33:00;714;sem vítima;184,5;BR-116/RJ;Pista Sul;Abalroamento longitudinal;1;6;0;0;0;0;1
05/06/2013;09:20:00;252;com vítima;185,1;BR-116/RJ;Pista Norte;Abalroamento longitudinal;1;1;0;0;1;0;2
05/06/2013;10:01:00;285;sem vítima;210,3;BR-116/SP;Pista Sul;Colisão traseira;2;2;0;0;0;0;1
05/06/2013;14:23:00;426;com vítima;303,05;BR-116/RJ;Pista Sul;Colisão traseira;1;1;1;0;0;0;1
06/06/2013;17:01:00;550;com vítima;65,8;BR-116/SP;Pista Sul;Colisão traseira;2;1;1;1;0;0;2
06/06/2013;09:35:00;279;sem vítima;86,9;BR-116/SP;Pista Norte;Abalroamento longitudinal;1;3;0;0;0;0;1
06/06/2013;12:23:00;378;sem vítima;165,5;BR-116/SP;Pista Sul;Abalroamento longitudinal;2;2;0;0;0;0;1
06/06/2013;15:45:00;499;sem vítima;166,7;BR-116/RJ;Pista Sul;Colisão traseira;1;3;0;0;0;0;1
06/06/2013;14:09:00;448;sem vítima;168;BR-116/SP;Pista Sul;Colisão traseira;2;2;0;0;0;0;1
06/06/2013;19:16:00;643;sem vítima;171;BR-116/SP;Pista Norte;Abalroamento longitudinal;2;2;0;0;0;0;1
06/06/2013;06:50:00;110;sem vítima;223,05;BR-116/RJ;Pista Norte;Choque Talude;1;1;0;0;0;0;1
06/06/2013;07:49:00;170;com vítima;224,1;BR-116/SP;Pista Sul;Queda de moto;1;1;1;0;0;0;1
06/06/2013;13:19:00;417;com vítima;226,5;BR-116/SP;Pista Norte;Engavetamento;3;3;1;1;0;0;2
06/06/2013;23:00:00;737;sem vítima;227;BR-116/SP;Pista Sul;Abalroamento longitudinal;1;2;0;0;0;0;1
06/06/2013;06:39:00;101;sem vítima;229,7;BR-116/SP;Pista Sul;Abalroamento longitudinal;1;2;0;0;0;0;1
06/06/2013;12:17:00;370;sem vítima;236,9;BR-116/RJ;Pista Norte;Abalroamento longitudinal;2;2;0;0;0;0;1
06/06/2013;07:39:00;154;sem vítima;257;BR-116/RJ;Pista Norte;Abalroamento longitudinal;1;2;0;0;0;0;1
06/06/2013;10:21:00;319;sem vítima;273,4;BR-116/RJ;Pista Sul;Choque Talude;1;1;0;0;0;0;1
06/06/2013;20:51:00;684;sem vítima;284,9;BR-116/RJ;Pista Sul;Choque em objeto na pista;1;1;0;0;0;0;1
06/06/2013;22:00:00;716;com vítima;316,05;BR-116/RJ;Pista Sul;Choque em objeto na pista;2;35;3;0;0;0;1
07/06/2013;15:50:00;522;com vítima;107,97;BR-116/SP;Pista Sul;Colisão traseira;1;1;1;0;0;0;1
07/06/2013;16:16:00;539;sem vítima;110,7;BR-116/SP;Pista Norte;Colisão traseira;2;5;0;0;0;0;1
07/06/2013;22:51:00;781;sem vítima;115,6;BR-116/SP;Pista Sul;Choque em objeto na pista;1;2;0;0;0;0;1
07/06/2013;19:02:00;662;sem vítima;154;BR-116/SP;Pista Sul;Colisão traseira;1;4;0;0;0;0;1
07/06/2013;01:55:00;42;com vítima;196,9;BR-116/RJ;Pista Norte;Choque em objeto na pista;1;1;2;0;0;0;1
07/06/2013;10:50:00;326;sem vítima;210;BR-116/SP;Pista Sul;Colisão traseira;2;2;0;0;0;0;1
07/06/2013;00:50:00;16;sem vítima;215,1;BR-116/RJ;Pista Sul;Atropelamento de animal;1;1;0;0;0;0;1
07/06/2013;20:07:00;701;sem vítima;220;BR-116/SP;Pista Norte;Abalroamento longitudinal;1;2;0;0;0;0;1
07/06/2013;10:16:00;299;sem vítima;222;BR-116/SP;Pista Norte;Abalroamento longitudinal;1;2;0;0;0;0;1
07/06/2013;15:12:00;499;sem vítima;255,05;BR-116/RJ;Pista Sul;Outros;1;1;0;0;0;0;1
07/06/2013;08:22:00;205;sem vítima;281,1;BR-116/RJ;Pista Norte;Abalroamento longitudinal;1;2;0;0;0;0;1
08/06/2013;13:07:00;332;com vítima;24;BR-116/SP;Pista Norte;Colisão traseira;1;4;2;0;0;0;1
08/06/2013;01:01:00;20;sem vítima;67,6;BR-116/SP;Pista Norte;Colisão traseira;2;2;0;0;0;0;1
08/06/2013;16:23:00;441;sem vítima;109,4;BR-116/SP;Pista Norte;Abalroamento longitudinal;1;2;0;0;0;0;1
08/06/2013;04:07:00;68;sem vítima;126;BR-116/SP;Pista Norte;Abalroamento longitudinal;1;4;0;0;0;0;1
08/06/2013;06:53:00;112;sem vítima;134,4;BR-116/SP;Pista Norte;Colisão traseira;1;5;0;0;0;0;1
08/06/2013;07:29:00;127;com vítima;135,1;BR-116/SP;Pista Norte;Colisão traseira;1;1;0;0;0;1;3
08/06/2013;05:12:00;87;sem vítima;143,5;BR-116/SP;Pista Norte;Colisão traseira;1;6;0;0;0;0;1
08/06/2013;08:17:00;160;sem vítima;204;BR-116/SP;Pista Sul;Colisão traseira;1;40;0;0;0;0;1
08/06/2013;06:13:00;95;com vítima;215,3;BR-116/SP;Pista Norte;Choque em veículo parado na pista;1;3;11;0;0;0;1
08/06/2013;09:43:00;207;sem vítima;223,3;BR-116/RJ;Pista Norte;Choque Talude;1;1;0;0;0;0;1
08/06/2013;11:44:00;286;sem vítima;277,5;BR-116/RJ;Pista Norte;Abalroamento longitudinal;1;2;0;0;0;0;1
08/06/2013;20:52:00;575;sem vítima;314,7;BR-116/RJ;Pista Sul;Choque em objeto na pista;1;4;0;0;0;0;1
09/06/2013;19:41:00;543;sem vítima;96;BR-116/SP;Pista Norte;Atropelamento de animal;2;2;0;0;0;0;1
09/06/2013;16:31:00;430;com vítima;103,3;BR-116/SP;Pista Sul;Colisão traseira;1;5;2;0;0;0;1
09/06/2013;14:12:00;352;sem vítima;165;BR-116/SP;Pista Norte;Colisão traseira;1;4;0;0;0;0;1
09/06/2013;12:10:00;295;com vítima;180;BR-116/SP;Pista Sul;Colisão traseira;1;2;1;0;0;0;1
09/06/2013;21:33:00;582;sem vítima;182,7;BR-116/RJ;Pista Norte;Abalroamento longitudinal;1;2;0;0;0;0;1
10/06/2013;03:43:00;46;com vítima;32,7;BR-116/SP;Pista Sul;Colisão traseira;2;41;1;1;0;1;3
10/06/2013;21:50:00;758;sem vítima;51,25;BR-116/SP;Pista Sul;Choque em barreira New Jersey;1;2;0;0;0;0;1
10/06/2013;17:37:00;554;sem vítima;86,95;BR-116/SP;Pista Norte;Choque em objeto fixo;1;1;0;0;0;0;1
10/06/2013;15:42:00;474;sem vítima;107,6;BR-116/SP;Pista Norte;Abalroamento longitudinal;2;2;0;0;0;0;1
10/06/2013;06:44:00;106;sem vítima;158,7;BR-116/SP;Pista Norte;Engavetamento;2;27;0;0;0;0;1
10/06/2013;05:20:00;67;com vítima;169,4;BR-116/SP;Pista Norte;Colisão traseira;1;1;0;2;0;0;2
10/06/2013;21:07:00;722;com vítima;175,4;BR-116/RJ;Pista Sul;Colisão traseira;1;1;2;0;0;0;1
10/06/2013;13:51:00;398;com vítima;181,1;BR-116/SP;Pista Norte;Colisão traseira;2;1;1;1;0;0;2
10/06/2013;08:10:00;174;sem vítima;186,3;BR-116/RJ;Pista Norte;Abalroamento longitudinal;1;36;0;0;0;0;1
10/06/2013;14:53:00;436;sem vítima;187,4;BR-116/SP;Pista Sul;Abalroamento longitudinal;2;2;0;0;0;0;1
10/06/2013;22:35:00;795;sem vítima;190,5;BR-116/RJ;Pista Sul;Colisão frontal;1;2;0;0;0;0;1
10/06/2013;19:08:00;623;sem vítima;194,3;BR-116/RJ;Pista Sul;Choque em objeto na pista;1;3;0;0;0;0;1
10/06/2013;14:54:00;437;sem vítima;230,7;BR-116/SP;Pista Sul;Engavetamento;1;2;0;0;0;0;1
10/06/2013;17:40:00;558;sem vítima;242,95;BR-116/RJ;Pista Sul;Choque em barreira New Jersey;2;3;0;0;0;0;1
10/06/2013;07:10:00;121;sem vítima;251,5;BR-116/RJ;Pista Norte;Colisão traseira;2;2;0;0;0;0;1
10/06/2013;07:00:00;114;sem vítima;279;BR-116/RJ;Pista Sul;Queda de Carga;1;1;0;0;0;0;1
11/06/2013;18:26:00;552;sem vítima;115,85;BR-116/SP;Pista Norte;Colisão traseira;1;2;0;0;0;0;1
11/06/2013;18:22:00;550;sem vítima;133,4;BR-116/SP;Pista Sul;Colisão traseira;1;5;0;0;0;0;1
11/06/2013;00:15:00;5;com vítima;152,2;BR-116/SP;Pista Sul;Atropelamento de pedestre caminhando;1;1;0;0;0;1;3
11/06/2013;16:18:00;462;sem vítima;166,6;BR-116/RJ;Pista Sul;Colisão traseira;1;4;0;0;0;0;1
11/06/2013;16:13:00;461;sem vítima;168;BR-116/RJ;Pista Sul;Engavetamento;1;3;0;0;0;0;1
11/06/2013;18:42:00;561;sem vítima;180,5;BR-116/RJ;Pista Norte;Colisão traseira;1;4;0;0;0;0;1
11/06/2013;22:37:00;692;sem vítima;216,8;BR-116/SP;Pista Norte;Colisão traseira;2;2;0;0;0;0;1
11/06/2013;12:13:00;326;sem vítima;229,4;BR-116/SP;Pista Sul;Colisão traseira;1;2;0;0;0;0;1
11/06/2013;22:20:00;687;sem vítima;229,95;BR-116/SP;Pista Sul;Choque em barreira New Jersey;1;1;0;0;0;0;1
11/06/2013;04:37:00;55;sem vítima;255,5;BR-116/RJ;Pista Norte;Choque em barreira New Jersey;1;2;0;0;0;0;1
12/06/2013;01:26:00;31;sem vítima;22,35;BR-116/SP;Pista Sul;Choque em objeto fixo;1;2;0;0;0;0;1
12/06/2013;09:57:00;285;sem vítima;70,4;BR-116/SP;Pista Norte;Outros;1;2;0;0;0;0;1
12/06/2013;12:28:00;381;com vítima;91,7;BR-116/SP;Pista Sul;Colisão traseira;1;1;0;0;1;0;2
12/06/2013;01:42:00;37;sem vítima;99,05;BR-116/SP;Pista Sul;Colisão traseira;1;2;0;0;0;0;1
12/06/2013;05:55:00;88;com vítima;110,7;BR-116/SP;Pista Norte;Tombamento;1;0;1;0;0;0;1
12/06/2013;18:29:00;595;sem vítima;148,3;BR-116/SP;Pista Norte;Colisão traseira;1;5;0;0;0;0;1
12/06/2013;03:49:00;63;sem vítima;149,1;BR-116/SP;Pista Norte;Choque em defensa;1;1;0;0;0;0;1
12/06/2013;02:14:00;43;sem vítima;169;BR-116/SP;Pista Sul;Colisão traseira;2;2;0;0;0;0;1
12/06/2013;13:16:00;404;sem vítima;172,8;BR-116/RJ;Pista Norte;Abalroamento longitudinal;2;3;0;0;0;0;1
12/06/2013;05:52:00;86;sem vítima;173,2;BR-116/RJ;Pista Norte;Abalroamento longitudinal;1;2;0;0;0;0;1
12/06/2013;19:26:00;630;com vítima;176,2;BR-116/RJ;Pista Sul;Abalroamento longitudinal;1;1;0;1;0;0;2
12/06/2013;15:45:00;493;sem vítima;180,3;BR-116/RJ;Pista Norte;Abalroamento longitudinal;1;2;0;0;0;0;1
12/06/2013;12:54:00;395;sem vítima;189,9;BR-116/RJ;Pista Sul;Choque em defensa;1;3;0;0;0;0;1
12/06/2013;18:34:00;600;sem vítima;216;BR-116/SP;Pista Sul;Abalroamento longitudinal;1;2;0;0;0;0;1
12/06/2013;12:30:00;382;sem vítima;219,2;BR-116/SP;Pista Norte;Choque em objeto fixo;1;5;0;0;0;0;1
12/06/2013;01:11:00;27;sem vítima;247,3;BR-116/RJ;Pista Sul;Choque em objeto na pista;1;1;0;0;0;0;1
12/06/2013;20:57:00;671;sem vítima;293,5;BR-116/RJ;Pista Norte;Queda de ribanceira;1;3;0;0;0;0;1
13/06/2013;03:55:00;57;sem vítima;33,1;BR-116/SP;Pista Sul;Choque em objeto na pista;1;1;0;0;0;0;1
13/06/2013;06:39:00;96;com vítima;164,1;BR-116/RJ;Pista Norte;Colisão traseira;1;1;1;0;0;0;1
13/06/2013;14:21:00;439;sem vítima;165;BR-116/SP;Pista Sul;Choque em objeto fixo;1;1;0;0;0;0;1
13/06/2013;15:21:00;468;sem vítima;165;BR-116/SP;Pista Sul;Abalroamento longitudinal;2;2;0;0;0;0;1
13/06/2013;20:51:00;664;sem vítima;204;BR-116/RJ;Pista Sul;Abalroamento longitudinal;1;2;0;0;0;0;1
13/06/2013;22:25:00;716;com vítima;216;BR-116/SP;Pista Sul;Choque em veículo parado na pista;2;1;2;1;0;0;2
13/06/2013;07:21:00;132;sem vítima;222,7;BR-116/RJ;Pista Norte;Choque em barreira New Jersey;1;1;0;0;0;0;1
13/06/2013;11:02:00;328;sem vítima;223,5;BR-116/SP;Pista Sul;Colisão traseira;2;2;0;0;0;0;1
13/06/2013;14:36:00;445;sem vítima;229,7;BR-116/SP;Pista Norte;Colisão traseira;1;3;0;0;0;0;1
13/06/2013;18:10:00;562;sem vítima;230,6;BR-116/SP;Pista Norte;Colisão traseira;1;2;0;0;0;0;1
13/06/2013;20:31:00;649;sem vítima;248,8;BR-116/RJ;Pista Sul;Choque em objeto na pista;1;2;0;0;0;0;1
13/06/2013;10:21:00;299;sem vítima;277,5;BR-116/RJ;Pista Sul;Colisão traseira;1;2;0;0;0;0;1
13/06/2013;13:11:00;395;sem vítima;296,3;BR-116/RJ;Pista Sul;Abalroamento longitudinal;1;2;0;0;0;0;1
14/06/2013;04:40:00;77;sem vítima;46,3;BR-116/SP;Pista Norte;Colisão traseira;1;2;0;0;0;0;1
14/06/2013;23:15:00;821;sem vítima;123,5;BR-116/SP;Pista Norte;Colisão traseira;2;2;0;0;0;0;1
14/06/2013;10:46:00;342;sem vítima;142,3;BR-116/SP;Pista Sul;Colisão traseira;2;2;0;0;0;0;1
14/06/2013;07:44:00;167;sem vítima;146,8;BR-116/SP;Pista Sul;Abalroamento longitudinal;1;3;0;0;0;0;1
14/06/2013;00:43:00;23;sem vítima;161,1;BR-116/SP;Pista Sul;Abalroamento longitudinal;1;2;0;0;0;0;1
14/06/2013;12:58:00;429;sem vítima;164;BR-116/RJ;Pista Norte;Abalroamento longitudinal;1;2;0;0;0;0;1
14/06/2013;15:09:00;500;sem vítima;167,7;BR-116/RJ;Pista Sul;Choque em objeto na pista;1;1;0;0;0;0;1
14/06/2013;10:51:00;347;sem vítima;175,4;BR-116/RJ;Pista Sul;Abalroamento longitudinal;1;2;0;0;0;0;1
14/06/2013;16:04:00;541;com vítima;276,9;BR-116/RJ;Pista Sul;Engavetamento;1;2;2;0;0;0;1
15/06/2013;01:08:00;18;sem vítima;38,5;BR-116/SP;Pista Norte;Choque em barreira New Jersey;1;1;0;0;0;0;1
15/06/2013;04:27:00;74;sem vítima;166,5;BR-116/RJ;Pista Sul;Abalroamento longitudinal;1;2;0;0;0;0;1
15/06/2013;19:16:00;509;sem vítima;176,3;BR-116/RJ;Pista Sul;Capotamento;1;5;0;0;0;0;1
15/06/2013;01:04:00;17;sem vítima;200,1;BR-116/RJ;Pista Sul;Choque em barreira New Jersey;1;2;0;0;0;0;1
15/06/2013;07:26:00;144;sem vítima;212,5;BR-116/SP;Pista Sul;Tombamento;1;2;0;0;0;0;1
15/06/2013;17:30:00;459;sem vítima;214,083;BR-116/SP;Pista Norte;Colisão traseira;1;2;0;0;0;0;1
15/06/2013;19:46:00;527;sem vítima;214,6;BR-116/RJ;Pista Sul;Queda de Carga;1;6;0;0;0;0;1
15/06/2013;09:48:00;236;sem vítima;218,8;BR-116/SP;Pista Sul;Abalroamento longitudinal;1;3;0;0;0;0;1
15/06/2013;10:55:00;265;sem vítima;228,7;BR-116/SP;Pista Norte;Abalroamento longitudinal;1;3;0;0;0;0;1
16/06/2013;15:32:00;376;sem vítima;152,7;BR-116/SP;Pista Sul;Colisão traseira;1;5;0;0;0;0;1
16/06/2013;15:43:00;385;sem vítima;155;BR-116/SP;Pista Sul;Abalroamento longitudinal;1;43;0;0;0;0;1
16/06/2013;16:11:00;402;sem vítima;155;BR-116/SP;Pista Sul;Colisão traseira;1;2;0;0;0;0;1
16/06/2013;14:51:00;357;sem vítima;165,1;BR-116/RJ;Pista Norte;Abalroamento longitudinal;1;6;0;0;0;0;1
16/06/2013;23:45:00;646;sem vítima;165,3;BR-116/SP;Pista Sul;Colisão traseira;1;2;0;0;0;0;1
16/06/2013;10:44:00;232;sem vítima;178,6;BR-116/SP;Pista Sul;Colisão traseira;1;2;0;0;0;0;1
16/06/2013;05:19:00;74;sem vítima;187,4;BR-116/SP;Pista Norte;Choque em objeto fixo;1;1;0;0;0;0;1
17/06/2013;17:51:00;536;com vítima;150,85;BR-116/SP;Pista Norte;Colisão traseira;2;0;1;1;0;0;2
17/06/2013;14:32:00;426;sem vítima;157,8;BR-116/SP;Pista Norte;Colisão traseira;1;3;0;0;0;0;1
17/06/2013;21:11:00;631;sem vítima;160,6;BR-116/SP;Pista Sul;Tombamento;1;1;0;0;0;0;1
17/06/2013;08:51:00;213;sem vítima;165,2;BR-116/RJ;Pista Sul;Colisão traseira;1;2;0;0;0;0;1
17/06/2013;06:12:00;91;com vítima;203,8;BR-116/SP;Pista Sul;Engavetamento;1;36;1;0;0;0;1
17/06/2013;20:31:00;613;sem vítima;225,7;BR-116/SP;Pista Sul;Choque em barreira New Jersey;1;2;0;0;0;0;1
17/06/2013;17:03:00;500;sem vítima;310,8;BR-116/RJ;Pista Sul;Engavetamento;1;5;0;0;0;0;1
18/06/2013;20:38:00;633;sem vítima;51,4;BR-116/SP;Pista Norte;Abalroamento longitudinal;1;2;0;0;0;0;1
18/06/2013;20:50:00;641;com vítima;53,75;BR-116/SP;Pista Norte;Colisão traseira;2;1;1;0;0;0;1
18/06/2013;18:28:00;549;sem vítima;108,7;BR-116/SP;Pista Norte;Colisão traseira;1;5;0;0;0;0;1
18/06/2013;20:30:00;627;sem vítima;176,3;BR-116/RJ;Pista Sul;Engavetamento;1;3;0;0;0;0;1
18/06/2013;10:22:00;273;com vítima;223,65;BR-116/RJ;Pista Norte;Colisão traseira;2;1;1;0;0;0;1
18/06/2013;14:17:00;408;sem vítima;228;BR-116/SP;Pista Sul;Abalroamento longitudinal;1;3;0;0;0;0;1
18/06/2013;13:32:00;375;com vítima;284,3;BR-116/RJ;Pista Sul;Capotamento;2;4;1;0;0;0;1
19/06/2013;10:38:00;305;sem vítima;83,8;BR-116/SP;Pista Norte;Colisão traseira;1;2;0;0;0;0;1
19/06/2013;00:43:00;11;sem vítima;83,9;BR-116/SP;Pista Norte;Abalroamento longitudinal;1;2;0;0;0;0;1
19/06/2013;05:37:00;82;com vítima;104,3;BR-116/SP;Pista Norte;Queda de moto;1;1;1;0;0;0;1
19/06/2013;20:06:00;635;com vítima;169,5;BR-116/RJ;Pista Sul;Abalroamento longitudinal;1;9;4;0;0;0;1
19/06/2013;09:19:00;257;sem vítima;180,7;BR-116/RJ;Pista Norte;Colisão traseira;2;2;0;0;0;0;1
19/06/2013;09:25:00;261;com vítima;220,5;BR-116/SP;Pista Sul;Engavetamento;2;2;1;0;0;0;1
19/06/2013;02:54:00;44;sem vítima;222,75;BR-116/RJ;Pista Sul;Colisão traseira;1;2;0;0;0;0;1
20/06/2013;06:48:00;128;com vítima;34,3;BR-116/SP;Pista Norte;Colisão traseira;2;1;1;0;0;0;1
20/06/2013;17:30:00;544;sem vítima;108,8;BR-116/SP;Pista Norte;Engavetamento;2;39;0;0;0;0;1
20/06/2013;18:05:00;558;sem vítima;108,8;BR-116/SP;Pista Norte;Colisão traseira;1;2;0;0;0;0;1
20/06/2013;07:03:00;138;sem vítima;137,6;BR-116/SP;Pista Sul;Abalroamento longitudinal;1;3;0;0;0;0;1
20/06/2013;07:07:00;144;com vítima;140,2;BR-116/SP;Pista Norte;Colisão traseira;1;7;0;1;0;0;2
20/06/2013;23:54:00;710;sem vítima;159,1;BR-116/SP;Pista Norte;Colisão traseira;1;3;0;0;0;0;1
20/06/2013;11:54:00;349;sem vítima;163,4;BR-116/RJ;Pista Sul;Abalroamento longitudinal;1;3;0;0;0;0;1
20/06/2013;09:23:00;259;sem vítima;180,1;BR-116/RJ;Pista Norte;Colisão traseira;1;5;0;0;0;0;1
20/06/2013;04:34:00;73;sem vítima;182;BR-116/RJ;Pista Norte;Queda de Carga;1;1;0;0;0;0;1
20/06/2013;15:20:00;457;sem vítima;208;BR-116/SP;Pista Sul;Colisão traseira;1;2;0;0;0;0;1
21/06/2013;06:55:00;154;sem vítima;73,2;BR-116/SP;Pista Norte;Tombamento;1;2;0;0;0;0;1
21/06/2013;09:47:00;320;sem vítima;138,2;BR-116/SP;Pista Norte;Colisão traseira;1;3;0;0;0;0;1
21/06/2013;09:06:00;283;sem vítima;164,2;BR-116/RJ;Pista Norte;Colisão traseira;1;29;0;0;0;0;1
21/06/2013;11:58:00;404;com vítima;175,8;BR-116/RJ;Pista Sul;Engavetamento;1;5;0;1;0;0;2
21/06/2013;06:14:00;128;sem vítima;214,6;BR-116/SP;Pista Sul;Abalroamento longitudinal;1;3;0;0;0;0;1
21/06/2013;16:14:00;556;sem vítima;225,6;BR-116/RJ;Pista Sul;Abalroamento longitudinal;1;2;0;0;0;0;1
21/06/2013;23:39:00;774;com vítima;264,6;BR-116/RJ;Pista Norte;Colisão traseira;2;1;1;0;0;0;1
21/06/2013;16:11:00;551;sem vítima;318,9;BR-116/RJ;Pista Sul;Colisão traseira;1;4;0;0;0;0;1
22/06/2013;20:17:00;628;com vítima;14,85;BR-116/SP;Pista Sul;Choque Talude;1;0;1;0;0;0;1
22/06/2013;12:31:00;393;sem vítima;111,5;BR-116/SP;Pista Sul;Abalroamento longitudinal;1;3;0;0;0;0;1
22/06/2013;23:40:00;701;com vítima;134;BR-116/SP;Pista Sul;Choque em veículo parado na pista;1;2;1;0;0;0;1
22/06/2013;01:05:00;31;sem vítima;174,1;BR-116/SP;Pista Norte;Colisão traseira;1;40;0;0;0;0;1
22/06/2013;22:39:00;679;sem vítima;182,1;BR-116/RJ;Pista Sul;Abalroamento longitudinal;1;2;0;0;0;0;1
22/06/2013;00:16:00;9;com vítima;205,8;BR-116/SP;Pista Norte;Colisão traseira;1;1;0;0;0;1;3
22/06/2013;10:44:00;328;com vítima;331,9;BR-116/RJ;Pista Sul;Colisão traseira;1;1;0;0;0;1;3
23/06/2013;11:15:00;253;com vítima;110,45;BR-116/SP;Pista Norte;Colisão traseira;1;1;0;0;1;0;2
23/06/2013;23:27:00;553;com vítima;181,6;BR-116/RJ;Pista Sul;Queda de moto;1;2;0;0;0;1;3
23/06/2013;10:38:00;235;sem vítima;205,4;BR-116/SP;Pista Norte;Outros;1;1;0;0;0;0;1
23/06/2013;03:54:00;77;sem vítima;222,6;BR-116/SP;Pista Norte;Abalroamento longitudinal;1;2;0;0;0;0;1
23/06/2013;06:53:00;119;sem vítima;314,4;BR-116/RJ;Pista Sul;Queda de ribanceira;1;2;0;0;0;0;1
24/06/2013;08:52:00;218;sem vítima;151,3;BR-116/SP;Pista Norte;Choque em veículo parado na pista;1;2;0;0;0;0;1
24/06/2013;09:21:00;240;sem vítima;165,7;BR-116/RJ;Pista Sul;Abalroamento longitudinal;1;4;0;0;0;0;1
24/06/2013;12:02:00;353;sem vítima;169,3;BR-116/RJ;Pista Sul;Engavetamento;1;6;0;0;0;0;1
24/06/2013;11:44:00;346;sem vítima;176,5;BR-116/RJ;Pista Sul;Abalroamento longitudinal;1;2;0;0;0;0;1
24/06/2013;06:42:00;113;sem vítima;185,9;BR-116/RJ;Pista Norte;Colisão traseira;1;2;0;0;0;0;1
24/06/2013;17:28:00;530;sem vítima;204,5;BR-116/SP;Pista Norte;Colisão traseira;1;2;0;0;0;0;1
24/06/2013;17:54:00;548;sem vítima;204,5;BR-116/SP;Pista Sul;Choque em objeto fixo;1;1;0;0;0;0;1
24/06/2013;16:22:00;490;sem vítima;224;BR-116/SP;Pista Norte;Colisão traseira;1;2;0;0;0;0;1
24/06/2013;15:13:00;449;sem vítima;224,2;BR-116/RJ;Pista Norte;Choque Talude;1;1;0;0;0;0;1
24/06/2013;08:34:00;203;sem vítima;225,9;BR-116/SP;Pista Sul;Engavetamento;2;4;0;0;0;0;1
24/06/2013;18:33:00;569;sem vítima;231,3;BR-116/RJ;Pista Norte;Choque em objeto fixo;1;1;0;0;0;0;1
24/06/2013;02:35:00;25;sem vítima;251,9;BR-116/RJ;Pista Norte;Abalroamento longitudinal;2;2;0;0;0;0;1
25/06/2013;16:44:00;503;sem vítima;139,5;BR-116/SP;Pista Sul;Engavetamento;1;8;0;0;0;0;1