data;horario;n_da_ocorrencia;tipo_de_ocorrencia;km;trecho;sentido;tipo_de_acidente;caminhao;ilesos;levemente_feridos;moderadamente_feridos;gravemente_feridos;mortos;3
25/06/2013;15:39:00;473;sem vítima;164,5;BR-116/SP;Pista Sul;Queda de ribanceira;1;1;0;0;0;0;1
25/06/2013;05:49:00;82;sem vítima;179,3;BR-116/SP;Pista Norte;Choque em objeto fixo;1;1;0;0;0;0;1
25/06/2013;13:51:00;415;com vítima;190,95;BR-116/SP;Pista Sul;Choque em barreira New Jersey;1;1;1;0;1;0;2
25/06/2013;18:26:00;558;sem vítima;193;BR-116/SP;Pista Sul;Colisão traseira;1;2;0;0;0;0;1
25/06/2013;18:49:00;576;sem vítima;219,1;BR-116/SP;Pista Sul;Colisão traseira;1;3;0;0;0;0;1
25/06/2013;00:17:00;4;sem vítima;268,9;BR-116/RJ;Pista Norte;Colisão traseira;2;2;0;0;0;0;1
26/06/2013;01:55:00;34;sem vítima;38,3;BR-116/SP;Pista Norte;Choque em objeto na pista;1;1;0;0;0;0;1
26/06/2013;04:15:00;61;sem vítima;152,8;BR-116/SP;Pista Sul;Choque em barreira New Jersey;1;1;0;0;0;0;1
26/06/2013;07:25:00;134;sem vítima;164;BR-116/RJ;Pista Norte;Abalroamento longitudinal;1;2;0;0;0;0;1
26/06/2013;07:48:00;160;com vítima;164,5;BR-116/RJ;Pista Norte;Abalroamento longitudinal;1;4;0;0;0;1;3
26/06/2013;08:40:00;208;sem vítima;165;BR-116/SP;Pista Sul;Engavetamento;1;8;0;0;0;0;1
26/06/2013;11:45:00;318;sem vítima;165;BR-116/SP;Pista Norte;Colisão traseira;2;2;0;0;0;0;1
26/06/2013;12:11:00;330;sem vítima;206,4;BR-116/SP;Pista Sul;Queda de ribanceira;1;1;0;0;0;0;1
26/06/2013;23:26:00;689;sem vítima;213,9;BR-116/SP;Pista Sul;Abalroamento longitudinal;1;2;0;0;0;0;1
26/06/2013;09:51:00;262;sem vítima;216,3;BR-116/SP;Pista Sul;Colisão traseira;1;4;0;0;0;0;1
26/06/2013;04:58:00;74;com vítima;253,1;BR-116/RJ;Pista Sul;Capotamento;1;1;1;0;0;0;1
26/06/2013;15:06:00;446;sem vítima;272,2;BR-116/RJ;Pista Norte;Abalroamento longitudinal;1;2;0;0;0;0;1
26/06/2013;07:02:00;123;com vítima;290,25;BR-116/RJ;Pista Norte;Choque em objeto fixo;1;3;0;0;1;0;2
26/06/2013;09:38:00;252;sem vítima;299;BR-116/RJ;Pista Sul;Abalroamento longitudinal;2;2;0;0;0;0;1
26/06/2013;20:08:00;614;sem vítima;311;BR-116/RJ;Pista Norte;Choque em barreira New Jersey;1;1;0;0;0;0;1
27/06/2013;16:00:00;484;sem vítima;75;BR-116/SP;Pista Norte;Colisão traseira;2;3;0;0;0;0;1
27/06/2013;20:08:00;632;sem vítima;94,8;BR-116/SP;Pista Sul;Colisão traseira;2;2;0;0;0;0;1
27/06/2013;17:32:00;535;sem vítima;114,5;BR-116/SP;Pista Norte;Colisão traseira;1;2;0;0;0;0;1
27/06/2013;01:08:00;28;sem vítima;119,5;BR-116/SP;Pista Norte;Engavetamento;1;12;0;0;0;0;1
27/06/2013;00:27:00;11;com vítima;119,6;BR-116/SP;Pista Norte;Colisão traseira;2;1;0;0;1;0;2
27/06/2013;03:36:00;65;sem vítima;127;BR-116/SP;Pista Norte;Colisão traseira;2;2;0;0;0;0;1
27/06/2013;03:07:00;56;com vítima;132,3;BR-116/SP;Pista Norte;Colisão traseira;2;2;1;0;0;0;1
27/06/2013;03:31:00;64;sem vítima;132,3;BR-116/SP;Pista Norte;Abalroamento longitudinal;1;5;0;0;0;0;1
27/06/2013;08:23:00;212;sem vítima;139,7;BR-116/SP;Pista Norte;Abalroamento longitudinal;1;2;0;0;0;0;1
27/06/2013;07:14:00;142;sem vítima;162;BR-116/SP;Pista Sul;Colisão traseira;2;2;0;0;0;0;1
27/06/2013;18:32:00;574;sem vítima;165,9;BR-116/RJ;Pista Sul;Abalroamento longitudinal;1;4;0;0;0;0;1
27/06/2013;12:09:00;355;com vítima;184,6;BR-116/RJ;Pista Norte;Atropelamento de pedestre atravessando;1;1;0;0;0;1;3
27/06/2013;10:49:00;315;com vítima;282,3;BR-116/RJ;Pista Norte;Colisão traseira;1;0;1;1;0;0;2
27/06/2013;17:52:00;548;sem vítima;297,2;BR-116/RJ;Pista Norte;Choque em objeto na pista;1;2;0;0;0;0;1
27/06/2013;11:15:00;332;sem vítima;323,5;BR-116/RJ;Pista Norte;Colisão traseira;1;2;0;0;0;0;1
28/06/2013;02:29:00;27;sem vítima;105,2;BR-116/SP;Pista Norte;Engavetamento;3;3;0;0;0;0;1
28/06/2013;14:57:00;426;sem vítima;137,7;BR-116/SP;Pista Sul;Colisão traseira;1;3;0;0;0;0;1
28/06/2013;14:07:00;388;sem vítima;167;BR-116/SP;Pista Norte;Choque em objeto fixo;1;2;0;0;0;0;1
28/06/2013;04:58:00;48;sem vítima;167,3;BR-116/RJ;Pista Norte;Abalroamento longitudinal;1;2;0;0;0;0;1
28/06/2013;12:55:00;347;sem vítima;175,8;BR-116/RJ;Pista Sul;Abalroamento longitudinal;1;2;0;0;0;0;1
28/06/2013;15:05:00;435;sem vítima;175,9;BR-116/RJ;Pista Sul;Abalroamento longitudinal;1;4;0;0;0;0;1
28/06/2013;03:19:00;32;sem vítima;199,6;BR-116/RJ;Pista Sul;Choque em defensa;1;1;0;0;0;0;1
28/06/2013;12:55:00;348;sem vítima;276;BR-116/RJ;Pista Norte;Choque em objeto na pista;1;2;0;0;0;0;1
28/06/2013;10:31:00;277;com vítima;322,85;BR-116/RJ;Pista Norte;Colisão traseira;1;4;1;0;0;0;1
29/06/2013;02:06:00;38;sem vítima;66,1;BR-116/SP;Pista Norte;Choque em objeto na pista;2;2;0;0;0;0;1
29/06/2013;14:30:00;412;sem vítima;145,3;BR-116/SP;Pista Norte;Abalroamento longitudinal;1;3;0;0;0;0;1
29/06/2013;08:03:00;177;sem vítima;165,2;BR-116/SP;Pista Sul;Abalroamento longitudinal;1;4;0;0;0;0;1
29/06/2013;15:17:00;449;sem vítima;168;BR-116/RJ;Pista Sul;Engavetamento;1;4;0;0;0;0;1
29/06/2013;10:38:00;288;sem vítima;182,2;BR-116/SP;Pista Norte;Abalroamento longitudinal;1;2;0;0;0;0;1
29/06/2013;13:58:00;388;sem vítima;213,9;BR-116/SP;Pista Sul;Colisão traseira;1;4;0;0;0;0;1
29/06/2013;06:17:00;100;sem vítima;266,8;BR-116/RJ;Pista Sul;Choque em objeto na pista;1;1;0;0;0;0;1
29/06/2013;00:24:00;6;sem vítima;267,95;BR-116/RJ;Pista Norte;Colisão traseira;2;2;0;0;0;0;1
30/06/2013;14:31:00;321;sem vítima;28,3;BR-116/SP;Pista Norte;Atropelamento de animal;1;1;0;0;0;0;1
30/06/2013;23:06:00;566;sem vítima;141,45;BR-116/SP;Pista Norte;Colisão traseira;2;3;0;0;0;0;1
30/06/2013;20:02:00;495;sem vítima;156;BR-116/SP;Pista Norte;Abalroamento longitudinal;1;6;0;0;0;0;1
30/06/2013;03:12:00;51;com vítima;163;BR-116/RJ;Pista Norte;Colisão traseira;1;1;0;1;0;0;2
30/06/2013;19:56:00;494;sem vítima;211,05;BR-116/SP;Pista Sul;Choque em veículo parado na pista;1;3;0;0;0;0;1
30/06/2013;04:14:00;75;sem vítima;217,78;BR-116/SP;Pista Sul;Choque em defensa;1;1;0;0;0;0;1
01/07/2013;15:20:00;418;sem vítima;97,5;BR-116/SP;Pista Sul;Outros;1;1;0;0;0;0;1
01/07/2013;13:22:00;361;com vítima;112,5;BR-116/SP;Pista Sul;Choque em barreira New Jersey;1;0;1;0;0;0;1
01/07/2013;06:22:00;99;sem vítima;153,8;BR-116/SP;Pista Sul;Outros;1;1;0;0;0;0;1
01/07/2013;10:53:00;297;sem vítima;209;BR-116/SP;Pista Norte;Abalroamento longitudinal;1;2;0;0;0;0;1
01/07/2013;09:49:00;260;sem vítima;212,7;BR-116/SP;Pista Norte;Colisão traseira;2;2;0;0;0;0;1
01/07/2013;06:21:00;97;sem vítima;223,1;BR-116/RJ;Pista Norte;Choque Talude;1;1;0;0;0;0;1
01/07/2013;22:43:00;627;com vítima;226,3;BR-116/RJ;Pista Norte;Choque Talude;1;0;1;0;0;0;1
01/07/2013;21:11:00;597;com vítima;227,6;BR-116/RJ;Pista Norte;Choque em barreira New Jersey;1;0;0;1;0;0;2
01/07/2013;19:59:00;568;sem vítima;278,3;BR-116/RJ;Pista Norte;Outros;1;2;0;0;0;0;1
01/07/2013;02:18:00;34;sem vítima;297,3;BR-116/RJ;Pista Norte;Choque em objeto na pista;1;6;0;0;0;0;1
02/07/2013;11:29:00;295;sem vítima;94,8;BR-116/SP;Pista Sul;Colisão traseira;2;2;0;0;0;0;1
02/07/2013;13:03:00;346;sem vítima;165;BR-116/SP;Pista Norte;Engavetamento;1;5;0;0;0;0;1
02/07/2013;18:08:00;536;sem vítima;180;BR-116/RJ;Pista Sul;Abalroamento longitudinal;1;3;0;0;0;0;1
02/07/2013;15:50:00;448;sem vítima;202,7;BR-116/SP;Pista Norte;Choque em objeto na pista;1;5;0;0;0;0;1
02/07/2013;13:55:00;379;sem vítima;204,8;BR-116/RJ;Pista Norte;Colisão traseira;1;2;0;0;0;0;1
02/07/2013;15:13:00;421;sem vítima;217,3;BR-116/SP;Pista Norte;Abalroamento longitudinal;1;2;0;0;0;0;1
02/07/2013;08:31:00;172;sem vítima;217,5;BR-116/RJ;Pista Norte;Colisão traseira;1;3;0;0;0;0;1
02/07/2013;19:03:00;577;sem vítima;220,6;BR-116/RJ;Pista Sul;Abalroamento longitudinal;1;2;0;0;0;0;1
02/07/2013;15:47:00;442;sem vítima;222,8;BR-116/RJ;Pista Norte;Colisão traseira;2;3;0;0;0;0;1
02/07/2013;16:42:00;482;sem vítima;227,2;BR-116/RJ;Pista Norte;Choque em objeto fixo;1;1;0;0;0;0;1
02/07/2013;11:04:00;282;sem vítima;227,6;BR-116/RJ;Pista Norte;Colisão traseira;1;2;0;0;0;0;1
02/07/2013;15:15:00;423;sem vítima;245,52;BR-116/RJ;Pista Norte;Colisão traseira;1;2;0;0;0;0;1
02/07/2013;12:23:00;319;sem vítima;257,5;BR-116/RJ;Pista Sul;Choque em objeto na pista;1;3;0;0;0;0;1
03/07/2013;01:44:00;23;com vítima;37,6;BR-116/SP;Pista Sul;Tombamento;1;0;1;0;0;0;1
03/07/2013;06:17:00;90;com vítima;83;BR-116/SP;Pista Norte;Colisão traseira;1;1;1;0;0;0;1
03/07/2013;19:22:00;627;sem vítima;163,9;BR-116/RJ;Pista Sul;Colisão traseira;1;5;0;0;0;0;1
03/07/2013;22:57:00;742;sem vítima;195,5;BR-116/RJ;Pista Norte;Colisão traseira;1;2;0;0;0;0;1
03/07/2013;13:51:00;413;sem vítima;219,6;BR-116/RJ;Pista Sul;Choque em objeto fixo;1;1;0;0;0;0;1
03/07/2013;19:04:00;607;com vítima;220,8;BR-116/RJ;Pista Norte;Abalroamento longitudinal;1;1;0;1;0;0;2
03/07/2013;22:30:00;728;sem vítima;320,2;BR-116/RJ;Pista Norte;Abalroamento longitudinal;2;2;0;0;0;0;1
04/07/2013;03:13:00;47;sem vítima;0,8;BR-116/SP;Pista Norte;Choque em objeto fixo;1;1;0;0;0;0;1
04/07/2013;03:31:00;56;sem vítima;86,1;BR-116/SP;Pista Norte;Colisão traseira;2;2;0;0;0;0;1
04/07/2013;16:19:00;509;sem vítima;86,9;BR-116/SP;Pista Sul;Colisão traseira;1;2;0;0;0;0;1
04/07/2013;20:31:00;671;sem vítima;166,1;BR-116/RJ;Pista Sul;Abalroamento longitudinal;1;2;0;0;0;0;1
04/07/2013;19:00:00;619;com vítima;219,9;BR-116/SP;Pista Sul;Colisão traseira;1;3;2;0;0;0;1
04/07/2013;14:47:00;442;sem vítima;220;BR-116/SP;Pista Sul;Abalroamento longitudinal;1;3;0;0;0;0;1
04/07/2013;03:30:00;53;sem vítima;239,47;BR-116/RJ;Pista Norte;Choque Talude;2;2;0;0;0;0;1
04/07/2013;09:00:00;235;sem vítima;304,6;BR-116/RJ;Pista Sul;Colisão traseira;1;6;0;0;0;0;1
04/07/2013;04:02:00;63;com vítima;324,1;BR-116/RJ;Pista Sul;Colisão traseira;2;1;1;0;0;0;1
04/07/2013;03:31:00;54;sem vítima;332,1;BR-116/RJ;Pista Norte;Queda de ribanceira;1;1;0;0;0;0;1
05/07/2013;09:19:00;260;com vítima;108,2;BR-116/SP;Pista Norte;Colisão traseira;1;1;0;1;0;0;2
05/07/2013;07:50:00;182;sem vítima;144,4;BR-116/SP;Pista Norte;Engavetamento;1;6;0;0;0;0;1
05/07/2013;14:06:00;425;sem vítima;148,33;BR-116/SP;Pista Sul;Colisão traseira;2;3;0;0;0;0;1
05/07/2013;03:45:00;60;sem vítima;149,7;BR-116/SP;Pista Sul;Abalroamento longitudinal;2;2;0;0;0;0;1
05/07/2013;23:51:00;785;sem vítima;165,2;BR-116/SP;Pista Sul;Colisão traseira;2;2;0;0;0;0;1
05/07/2013;13:45:00;412;sem vítima;194,5;BR-116/RJ;Pista Norte;Abalroamento longitudinal;1;5;0;0;0;0;1
05/07/2013;02:11:00;42;sem vítima;212,3;BR-116/SP;Pista Sul;Atropelamento de animal;1;1;0;0;0;0;1
05/07/2013;13:40:00;407;sem vítima;222;BR-116/SP;Pista Sul;Abalroamento longitudinal;1;2;0;0;0;0;1
05/07/2013;11:38:00;352;sem vítima;272,4;BR-116/RJ;Pista Sul;Outros;1;1;0;0;0;0;1
05/07/2013;11:19:00;343;sem vítima;273;BR-116/RJ;Pista Sul;Outros;1;1;0;0;0;0;1
06/07/2013;17:30:00;508;sem vítima;175;BR-116/RJ;Pista Sul;Abalroamento longitudinal;1;2;0;0;0;0;1
06/07/2013;13:49:00;357;sem vítima;181,3;BR-116/RJ;Pista Norte;Colisão traseira;1;2;0;0;0;0;1
06/07/2013;14:52:00;402;sem vítima;198,3;BR-116/RJ;Pista Norte;Abalroamento longitudinal;1;2;0;0;0;0;1
06/07/2013;03:57:00;65;sem vítima;223,5;BR-116/SP;Pista Norte;Choque em veículo parado na pista;1;8;0;0;0;0;1
06/07/2013;05:28:00;88;sem vítima;228,3;BR-116/RJ;Pista Sul;Queda de Carga;3;3;0;0;0;0;1
06/07/2013;17:05:00;491;sem vítima;230,4;BR-116/SP;Pista Norte;Abalroamento longitudinal;1;5;0;0;0;0;1
06/07/2013;07:10:00;114;com vítima;277,6;BR-116/RJ;Pista Sul;Choque em barreira New Jersey;1;0;1;0;0;0;1
07/07/2013;18:17:00;522;com vítima;51,2;BR-116/SP;Pista Norte;Abalroamento longitudinal;1;1;0;1;0;0;2
07/07/2013;11:34:00;292;sem vítima;86,9;BR-116/SP;Pista Norte;Abalroamento longitudinal;1;5;0;0;0;0;1
07/07/2013;17:51:00;506;sem vítima;184,7;BR-116/RJ;Pista Norte;Colisão traseira;1;2;0;0;0;0;1
07/07/2013;15:31:00;417;sem vítima;193,7;BR-116/SP;Pista Norte;Choque em objeto na pista;1;2;0;0;0;0;1
07/07/2013;16:04:00;444;sem vítima;262,95;BR-116/RJ;Pista Norte;Abalroamento longitudinal;1;5;0;0;0;0;1
07/07/2013;12:02:00;303;sem vítima;290;BR-116/RJ;Pista Sul;Abalroamento longitudinal;1;2;0;0;0;0;1
08/07/2013;01:05:00;14;sem vítima;13;BR-116/SP;Pista Norte;Colisão traseira;1;2;0;0;0;0;1
08/07/2013;15:46:00;448;sem vítima;154,7;BR-116/SP;Pista Norte;Abalroamento longitudinal;1;2;0;0;0;0;1
08/07/2013;10:17:00;273;sem vítima;165,1;BR-116/RJ;Pista Norte;Engavetamento;1;10;0;0;0;0;1
08/07/2013;02:35:00;31;sem vítima;174,5;BR-116/SP;Pista Norte;Choque em barreira New Jersey;1;2;0;0;0;0;1
08/07/2013;19:15:00;588;sem vítima;176,7;BR-116/RJ;Pista Sul;Abalroamento longitudinal;1;2;0;0;0;0;1
08/07/2013;09:18:00;214;sem vítima;180,8;BR-116/SP;Pista Sul;Colisão traseira;1;2;0;0;0;0;1
08/07/2013;05:57:00;73;sem vítima;193,6;BR-116/SP;Pista Norte;Abalroamento longitudinal;1;2;0;0;0;0;1
08/07/2013;20:46:00;627;com vítima;212,27;BR-116/SP;Pista Sul;Choque em objeto fixo;1;0;1;0;0;0;1
08/07/2013;14:01:00;389;sem vítima;277,05;BR-116/RJ;Pista Sul;Choque em objeto fixo;1;2;0;0;0;0;1
08/07/2013;19:18:00;589;sem vítima;296,7;BR-116/RJ;Pista Sul;Colisão traseira;1;4;0;0;0;0;1
08/07/2013;06:23:00;83;sem vítima;299,2;BR-116/RJ;Pista Norte;Colisão traseira;2;2;0;0;0;0;1
09/07/2013;09:07:00;175;sem vítima;33,3;BR-116/SP;Pista Sul;Choque em defensa;1;1;0;0;0;0;1
09/07/2013;21:37:00;553;sem vítima;104,3;BR-116/SP;Pista Sul;Abalroamento longitudinal;1;3;0;0;0;0;1
09/07/2013;18:54:00;476;sem vítima;112,6;BR-116/SP;Pista Sul;Engavetamento;1;5;0;0;0;0;1
09/07/2013;16:18:00;386;sem vítima;179,1;BR-116/RJ;Pista Norte;Abalroamento longitudinal;1;4;0;0;0;0;1
09/07/2013;07:17:00;115;sem vítima;182,6;BR-116/RJ;Pista Norte;Colisão traseira;1;2;0;0;0;0;1
09/07/2013;14:14:00;320;sem vítima;185;BR-116/RJ;Pista Norte;Abalroamento longitudinal;1;3;0;0;0;0;1
09/07/2013;16:51:00;404;com vítima;214,78;BR-116/SP;Pista Norte;Colisão traseira;1;2;2;0;0;0;1
09/07/2013;22:53:00;586;sem vítima;216,7;BR-116/SP;Pista Sul;Abalroamento longitudinal;1;3;0;0;0;0;1
09/07/2013;08:10:00;145;sem vítima;224,55;BR-116/RJ;Pista Norte;Tombamento;1;1;0;0;0;0;1
09/07/2013;16:06:00;375;sem vítima;271;BR-116/RJ;Pista Norte;Abalroamento longitudinal;1;2;0;0;0;0;1
10/07/2013;13:15:00;353;sem vítima;18;BR-116/SP;Pista Sul;Abalroamento longitudinal;2;2;0;0;0;0;1
10/07/2013;18:44:00;537;sem vítima;166,2;BR-116/RJ;Pista Sul;Abalroamento longitudinal;1;2;0;0;0;0;1
10/07/2013;04:34:00;51;sem vítima;181,5;BR-116/RJ;Pista Norte;Colisão traseira;1;2;0;0;0;0;1
10/07/2013;11:36:00;304;com vítima;212,8;BR-116/SP;Pista Sul;Engavetamento;1;2;1;0;0;0;1
10/07/2013;18:32:00;524;sem vítima;217,1;BR-116/SP;Pista Norte;Abalroamento longitudinal;1;2;0;0;0;0;1
10/07/2013;13:26:00;358;sem vítima;227;BR-116/SP;Pista Sul;Engavetamento;1;4;0;0;0;0;1
11/07/2013;14:11:00;358;sem vítima;89,1;BR-116/SP;Pista Norte;Abalroamento longitudinal;2;2;0;0;0;0;1
11/07/2013;16:11:00;424;sem vítima;176,5;BR-116/RJ;Pista Sul;Colisão traseira;1;2;0;0;0;0;1
11/07/2013;17:27:00;456;sem vítima;178,2;BR-116/RJ;Pista Norte;Abalroamento longitudinal;1;2;0;0;0;0;1
11/07/2013;13:47:00;343;sem vítima;181,4;BR-116/RJ;Pista Norte;Colisão traseira;1;2;0;0;0;0;1
11/07/2013;11:05:00;270;sem vítima;207,3;BR-116/RJ;Pista Sul;Colisão traseira;1;2;0;0;0;0;1
11/07/2013;20:42:00;547;com vítima;212,15;BR-116/RJ;Pista Norte;Engavetamento;1;8;2;1;0;0;2
11/07/2013;20:43:00;548;com vítima;224,6;BR-116/SP;Pista Sul;Abalroamento longitudinal;1;1;1;0;0;0;1
12/07/2013;08:11:00;181;sem vítima;124,5;BR-116/SP;Pista Norte;Colisão traseira;1;2;0;0;0;0;1
12/07/2013;06:05:00;78;com vítima;130,6;BR-116/SP;Pista Norte;Colisão traseira;1;1;2;0;0;0;1
12/07/2013;17:18:00;574;sem vítima;158,2;BR-116/SP;Pista Sul;Abalroamento longitudinal;1;2;0;0;0;0;1
12/07/2013;10:13:00;286;sem vítima;164,9;BR-116/RJ;Pista Norte;Colisão traseira;1;2;0;0;0;0;1
12/07/2013;19:06:00;632;sem vítima;224,8;BR-116/RJ;Pista Sul;Choque em veículo parado na pista;2;2;0;0;0;0;1
12/07/2013;17:09:00;563;sem vítima;269,9;BR-116/RJ;Pista Sul;Abalroamento longitudinal;1;3;0;0;0;0;1
12/07/2013;16:03:00;511;sem vítima;292,85;BR-116/RJ;Pista Sul;Abalroamento longitudinal;1;3;0;0;0;0;1
13/07/2013;09:30:00;237;com vítima;111,2;BR-116/SP;Pista Norte;Colisão traseira;1;2;0;0;0;2;3
13/07/2013;05:07:00;78;sem vítima;153,98;BR-116/SP;Pista Norte;Tombamento;1;1;0;0;0;0;1
13/07/2013;11:59:00;312;sem vítima;156,162;BR-116/SP;Pista Sul;Abalroamento longitudinal;1;2;0;0;0;0;1
13/07/2013;13:24:00;348;sem vítima;176,5;BR-116/RJ;Pista Sul;Abalroamento longitudinal;1;2;0;0;0;0;1
13/07/2013;09:07:00;211;sem vítima;215,8;BR-116/SP;Pista Sul;Abalroamento longitudinal;1;2;0;0;0;0;1
13/07/2013;09:16:00;224;sem vítima;222;BR-116/RJ;Pista Norte;Engavetamento;2;3;0;0;0;0;1
13/07/2013;10:06:00;255;sem vítima;222,7;BR-116/RJ;Pista Norte;Colisão traseira;2;2;0;0;0;0;1
13/07/2013;16:30:00;456;sem vítima;227,2;BR-116/SP;Pista Sul;Abalroamento longitudinal;1;4;0;0;0;0;1
13/07/2013;13:39:00;360;sem vítima;288,2;BR-116/RJ;Pista Sul;Abalroamento longitudinal;1;3;0;0;0;0;1
14/07/2013;14:22:00;327;sem vítima;153,6;BR-116/SP;Pista Sul;Abalroamento longitudinal;1;2;0;0;0;0;1
14/07/2013;18:50:00;518;com vítima;168,05;BR-116/SP;Pista Sul;Choque em veículo parado na pista;1;5;5;0;0;0;1
14/07/2013;20:09:00;574;sem vítima;179;BR-116/RJ;Pista Norte;Abalroamento longitudinal;1;3;0;0;0;0;1
14/07/2013;21:09:00;609;sem vítima;182;BR-116/RJ;Pista Norte;Choque em veículo parado na pista;1;3;0;0;0;0;1
14/07/2013;15:40:00;381;sem vítima;249,6;BR-116/RJ;Pista Sul;Choque em objeto fixo;1;2;0;0;0;0;1
14/07/2013;21:36:00;624;sem vítima;255,8;BR-116/RJ;Pista Norte;Colisão traseira;1;2;0;0;0;0;1
14/07/2013;07:36:00;130;com vítima;257,15;BR-116/RJ;Pista Norte;Colisão traseira;1;1;0;3;2;0;2
15/07/2013;07:25:00;133;sem vítima;11,3;BR-116/SP;Pista Norte;Abalroamento longitudinal;1;2;0;0;0;0;1
15/07/2013;11:25:00;306;sem vítima;168,3;BR-116/RJ;Pista Norte;Abalroamento longitudinal;1;2;0;0;0;0;1
15/07/2013;20:17:00;624;sem vítima;207;BR-116/RJ;Pista Norte;Abalroamento longitudinal;1;6;0;0;0;0;1
15/07/2013;15:01:00;438;sem vítima;219,3;BR-116/SP;Pista Norte;Tombamento;1;2;0;0;0;0;1
15/07/2013;17:13:00;519;sem vítima;228,1;BR-116/SP;Pista Norte;Abalroamento longitudinal;1;2;0;0;0;0;1
15/07/2013;19:41:00;603;sem vítima;251;BR-116/RJ;Pista Sul;Choque em objeto fixo;1;1;0;0;0;0;1
16/07/2013;08:04:00;159;sem vítima;27,95;BR-116/SP;Pista Sul;Queda de Carga;1;4;0;0;0;0;1
16/07/2013;19:35:00;575;com vítima;70,3;BR-116/SP;Pista Sul;Atropelamento de pedestre atravessando;1;1;1;0;0;0;1
16/07/2013;11:20:00;302;sem vítima;86,9;BR-116/SP;Pista Sul;Colisão traseira;1;7;0;0;0;0;1
16/07/2013;19:13:00;560;com vítima;139,6;BR-116/SP;Pista Sul;Engavetamento;3;16;2;1;0;0;2
16/07/2013;21:06:00;629;com vítima;164,1;BR-116/RJ;Pista Sul;Abalroamento longitudinal;1;1;1;0;0;0;1
16/07/2013;00:52:00;17;com vítima;183,44;BR-116/RJ;Pista Norte;Engavetamento;1;2;0;1;0;1;3
16/07/2013;00:45:00;14;sem vítima;219,3;BR-116/RJ;Pista Norte;Tombamento;1;1;0;0;0;0;1
16/07/2013;16:07:00;453;com vítima;229,1;BR-116/SP;Pista Sul;Abalroamento longitudinal;1;1;1;0;0;0;1
16/07/2013;09:57:00;253;sem vítima;275,38;BR-116/RJ;Pista Norte;Choque em barreira New Jersey;1;2;0;0;0;0;1
16/07/2013;06:31:00;105;sem vítima;286,69;BR-116/RJ;Pista Sul;Choque em barreira New Jersey;1;1;0;0;0;0;1
17/07/2013;18:33:00;590;sem vítima;145,2;BR-116/SP;Pista Norte;Abalroamento longitudinal;1;2;0;0;0;0;1
17/07/2013;08:06:00;184;com vítima;182;BR-116/SP;Pista Norte;Colisão traseira;2;1;1;0;0;0;1
17/07/2013;14:22:00;418;sem vítima;225,15;BR-116/SP;Pista Norte;Choque em barreira New Jersey;1;2;0;0;0;0;1
17/07/2013;02:06:00;31;sem vítima;225,8;BR-116/RJ;Pista Norte;Capotamento;1;1;0;0;0;0;1
17/07/2013;17:23:00;549;sem vítima;229,2;BR-116/SP;Pista Norte;Abalroamento longitudinal;1;2;0;0;0;0;1
17/07/2013;07:12:00;126;sem vítima;230;BR-116/SP;Pista Sul;Choque em objeto na pista;1;1;0;0;0;0;1
17/07/2013;17:08:00;535;sem vítima;291,08;BR-116/RJ;Pista Sul;Outros;1;3;0;0;0;0;1
17/07/2013;05:18:00;69;sem vítima;294,63;BR-116/RJ;Pista Sul;Choque em defensa;1;1;0;0;0;0;1
17/07/2013;09:15:00;250;sem vítima;319;BR-116/RJ;Pista Norte;Choque em barreira New Jersey;1;1;0;0;0;0;1
18/07/2013;01:19:00;24;sem vítima;7,1;BR-116/SP;Pista Sul;Choque em objeto na pista;1;1;0;0;0;0;1
18/07/2013;05:07:00;75;sem vítima;167,4;BR-116/RJ;Pista Norte;Colisão traseira;1;2;0;0;0;0;1
18/07/2013;06:34:00;108;com vítima;175,3;BR-116/RJ;Pista Sul;Colisão traseira;1;2;3;0;0;0;1
18/07/2013;17:31:00;583;sem vítima;177,5;BR-116/RJ;Pista Sul;Engavetamento;1;3;0;0;0;0;1
18/07/2013;14:50:00;461;sem vítima;182,1;BR-116/SP;Pista Norte;Engavetamento;3;4;0;0;0;0;1
18/07/2013;12:04:00;354;sem vítima;190,6;BR-116/SP;Pista Norte;Abalroamento longitudinal;1;2;0;0;0;0;1
18/07/2013;18:11:00;603;com vítima;192,3;BR-116/RJ;Pista Sul;Choque em defensa;1;1;1;0;0;0;1
18/07/2013;08:28:00;179;sem vítima;216;BR-116/SP;Pista Sul;Colisão traseira;1;4;0;0;0;0;1
18/07/2013;16:45:00;548;sem vítima;221,1;BR-116/SP;Pista Norte;Abalroamento longitudinal;2;2;0;0;0;0;1
18/07/2013;10:36:00;300;sem vítima;229,7;BR-116/RJ;Pista Norte;Engavetamento;2;5;0;0;0;0;1
18/07/2013;10:43:00;303;sem vítima;230;BR-116/RJ;Pista Norte;Abalroamento longitudinal;1;2;0;0;0;0;1
18/07/2013;05:02:00;74;sem vítima;306,6;BR-116/RJ;Pista Norte;Colisão traseira;1;2;0;0;0;0;1
19/07/2013;17:28:00;625;com vítima;100,5;BR-116/SP;Pista Sul;Engavetamento;1;2;4;0;0;0;1
19/07/2013;09:15:00;246;sem vítima;177;BR-116/RJ;Pista Sul;Outros;1;1;0;0;0;0;1
19/07/2013;04:39:00;88;sem vítima;180,05;BR-116/RJ;Pista Norte;Colisão traseira;2;2;0;0;0;0;1
19/07/2013;05:21:00;101;sem vítima;180,1;BR-116/RJ;Pista Norte;Abalroamento longitudinal;1;2;0;0;0;0;1
19/07/2013;05:01:00;94;sem vítima;194,3;BR-116/RJ;Pista Norte;Choque em objeto na pista;1;1;0;0;0;0;1