data;horario;n_da_ocorrencia;tipo_de_ocorrencia;km;trecho;sentido;tipo_de_acidente;caminhao;ilesos;levemente_feridos;moderadamente_feridos;gravemente_feridos;mortos;3
19/07/2013;11:01:00;341;sem vítima;204;BR-116/SP;Pista Sul;Colisão traseira;1;2;0;0;0;0;1
19/07/2013;13:55:00;458;sem vítima;207;BR-116/RJ;Pista Sul;Colisão traseira;2;3;0;0;0;0;1
19/07/2013;14:32:00;479;sem vítima;208,8;BR-116/SP;Pista Norte;Abalroamento longitudinal;1;2;0;0;0;0;1
19/07/2013;23:37:00;855;sem vítima;211,8;BR-116/SP;Pista Sul;Choque em veículo parado na pista;1;3;0;0;0;0;1
19/07/2013;11:38:00;370;sem vítima;216,8;BR-116/RJ;Pista Sul;Colisão traseira;1;3;0;0;0;0;1
19/07/2013;07:15:00;156;sem vítima;219,2;BR-116/RJ;Pista Norte;Abalroamento longitudinal;1;39;0;0;0;0;1
19/07/2013;07:06:00;149;com vítima;222,5;BR-116/SP;Pista Norte;Abalroamento longitudinal;1;1;1;0;0;0;1
19/07/2013;14:49:00;492;sem vítima;224,6;BR-116/RJ;Pista Sul;Abalroamento longitudinal;2;2;0;0;0;0;1
19/07/2013;14:20:00;473;sem vítima;235;BR-116/RJ;Pista Norte;Abalroamento longitudinal;2;3;0;0;0;0;1
19/07/2013;17:09:00;605;com vítima;265,1;BR-116/RJ;Pista Sul;Atropelamento de pedestre atravessando;1;1;0;0;1;0;2
19/07/2013;20:04:00;741;com vítima;269,4;BR-116/RJ;Pista Sul;Choque em barreira New Jersey;1;1;1;0;0;0;1
19/07/2013;08:30:00;218;sem vítima;311,3;BR-116/RJ;Pista Norte;Choque em objeto na pista;2;2;0;0;0;0;1
20/07/2013;01:45:00;49;sem vítima;52;BR-116/SP;Pista Sul;Outros;2;2;0;0;0;0;1
20/07/2013;04:47:00;97;com vítima;172,4;BR-116/RJ;Pista Norte;Colisão traseira;2;0;3;0;0;1;3
20/07/2013;12:59:00;388;sem vítima;204;BR-116/SP;Pista Sul;Engavetamento;1;3;0;0;0;0;1
20/07/2013;23:38:00;770;com vítima;231,3;BR-116/SP;Pista Norte;Choque em defensa;1;0;2;0;0;0;1
20/07/2013;05:13:00;106;sem vítima;255,4;BR-116/RJ;Pista Norte;Choque em barreira New Jersey;1;1;0;0;0;0;1
20/07/2013;08:01:00;190;sem vítima;301,8;BR-116/RJ;Pista Sul;Colisão traseira;2;2;0;0;0;0;1
20/07/2013;23:07:00;755;sem vítima;311;BR-116/RJ;Pista Norte;Abalroamento longitudinal;1;3;0;0;0;0;1
20/07/2013;11:36:00;333;sem vítima;328,3;BR-116/RJ;Pista Norte;Abalroamento longitudinal;1;4;0;0;0;0;1
21/07/2013;08:03:00;143;sem vítima;168,9;BR-116/RJ;Pista Norte;Colisão traseira;1;2;0;0;0;0;1
21/07/2013;23:23:00;720;com vítima;189,72;BR-116/RJ;Pista Sul;Choque em defensa;1;7;1;0;0;0;1
21/07/2013;05:51:00;81;sem vítima;223,15;BR-116/RJ;Pista Norte;Choque Talude;1;1;0;0;0;0;1
22/07/2013;07:23:00;136;com vítima;135,7;BR-116/SP;Pista Norte;Queda de moto;1;3;1;0;0;0;1
22/07/2013;07:52:00;162;sem vítima;138,2;BR-116/SP;Pista Norte;Colisão traseira;1;5;0;0;0;0;1
22/07/2013;16:20:00;518;sem vítima;139;BR-116/SP;Pista Sul;Colisão traseira;1;2;0;0;0;0;1
22/07/2013;11:00:00;309;sem vítima;155,5;BR-116/SP;Pista Sul;Abalroamento longitudinal;1;6;0;0;0;0;1
22/07/2013;11:06:00;316;sem vítima;210;BR-116/SP;Pista Sul;Colisão traseira;1;2;0;0;0;0;1
22/07/2013;14:37:00;442;sem vítima;223,3;BR-116/SP;Pista Norte;Abalroamento longitudinal;1;4;0;0;0;0;1
22/07/2013;21:44:00;718;sem vítima;241,5;BR-116/RJ;Pista Norte;Choque em objeto na pista;1;1;0;0;0;0;1
23/07/2013;16:16:00;486;com vítima;121,5;BR-116/SP;Pista Norte;Colisão traseira;1;45;1;0;0;0;1
23/07/2013;17:04:00;517;com vítima;127,1;BR-116/SP;Pista Norte;Colisão traseira;1;2;1;0;0;0;1
23/07/2013;00:23:00;10;com vítima;127,4;BR-116/SP;Pista Norte;Colisão traseira;2;1;0;1;0;0;2
23/07/2013;13:04:00;350;sem vítima;133,8;BR-116/SP;Pista Norte;Colisão traseira;1;2;0;0;0;0;1
23/07/2013;20:41:00;665;sem vítima;143,3;BR-116/SP;Pista Norte;Abalroamento longitudinal;1;2;0;0;0;0;1
23/07/2013;14:58:00;423;sem vítima;146,4;BR-116/SP;Pista Norte;Abalroamento longitudinal;1;2;0;0;0;0;1
23/07/2013;18:00:00;550;sem vítima;176,3;BR-116/RJ;Pista Sul;Colisão traseira;1;2;0;0;0;0;1
23/07/2013;10:26:00;250;sem vítima;178;BR-116/SP;Pista Sul;Choque em veículo parado na pista;1;2;0;0;0;0;1
23/07/2013;07:10:00;119;sem vítima;182,3;BR-116/SP;Pista Norte;Choque em objeto fixo;1;1;0;0;0;0;1
23/07/2013;04:42:00;69;sem vítima;191,9;BR-116/SP;Pista Norte;Tombamento;1;1;0;0;0;0;1
23/07/2013;07:10:00;118;com vítima;199,6;BR-116/SP;Pista Norte;Tombamento;1;4;1;0;0;0;1
23/07/2013;07:22:00;133;sem vítima;209,8;BR-116/SP;Pista Sul;Abalroamento longitudinal;1;2;0;0;0;0;1
23/07/2013;18:45:00;587;sem vítima;224,5;BR-116/SP;Pista Sul;Abalroamento longitudinal;1;2;0;0;0;0;1
23/07/2013;11:07:00;283;sem vítima;285,56;BR-116/RJ;Pista Sul;Choque em barreira New Jersey;1;1;0;0;0;0;1
23/07/2013;08:33:00;182;com vítima;318,9;BR-116/RJ;Pista Norte;Colisão traseira;2;1;0;1;0;0;2
24/07/2013;15:44:00;503;sem vítima;39,4;BR-116/SP;Pista Norte;Choque em barreira New Jersey;2;4;0;0;0;0;1
24/07/2013;16:42:00;544;sem vítima;62,4;BR-116/SP;Pista Norte;Colisão traseira;1;2;0;0;0;0;1
24/07/2013;13:14:00;406;com vítima;97,1;BR-116/SP;Pista Sul;Colisão traseira;1;1;1;0;0;0;1
24/07/2013;09:09:00;251;sem vítima;146,5;BR-116/SP;Pista Sul;Colisão traseira;1;3;0;0;0;0;1
24/07/2013;10:55:00;341;com vítima;163,8;BR-116/SP;Pista Sul;Engavetamento;2;9;0;1;0;0;2
24/07/2013;15:35:00;500;sem vítima;166;BR-116/SP;Pista Norte;Colisão traseira;1;2;0;0;0;0;1
24/07/2013;09:23:00;262;sem vítima;167,1;BR-116/RJ;Pista Norte;Choque em objeto fixo;1;1;0;0;0;0;1
24/07/2013;23:26:00;763;sem vítima;203;BR-116/SP;Pista Norte;Colisão traseira;1;2;0;0;0;0;1
24/07/2013;13:25:00;411;sem vítima;226;BR-116/RJ;Pista Norte;Choque Talude;1;2;0;0;0;0;1
24/07/2013;14:21:00;446;sem vítima;285,4;BR-116/RJ;Pista Sul;Colisão traseira;1;2;0;0;0;0;1
24/07/2013;14:06:00;434;sem vítima;315,2;BR-116/RJ;Pista Sul;Outros;1;2;0;0;0;0;1
24/07/2013;22:40:00;746;sem vítima;318,9;BR-116/RJ;Pista Sul;Choque em veículo parado na pista;2;3;0;0;0;0;1
24/07/2013;07:17:00;149;sem vítima;323,5;BR-116/RJ;Pista Norte;Colisão traseira;1;2;0;0;0;0;1
25/07/2013;00:39:00;11;sem vítima;87;BR-116/SP;Pista Norte;Colisão traseira;1;2;0;0;0;0;1
25/07/2013;03:44:00;56;sem vítima;180;BR-116/SP;Pista Sul;Colisão traseira;2;4;0;0;0;0;1
25/07/2013;05:35:00;78;com vítima;182,3;BR-116/SP;Pista Norte;Colisão traseira;1;2;2;1;0;0;2
25/07/2013;00:39:00;10;sem vítima;188,6;BR-116/RJ;Pista Norte;Choque em defensa;1;3;0;0;0;0;1
25/07/2013;03:55:00;60;sem vítima;190;BR-116/SP;Pista Norte;Choque em objeto fixo;1;1;0;0;0;0;1
25/07/2013;07:46:00;149;sem vítima;192,1;BR-116/SP;Pista Sul;Choque em objeto na pista;1;2;0;0;0;0;1
25/07/2013;17:03:00;490;sem vítima;207;BR-116/RJ;Pista Sul;Abalroamento longitudinal;1;5;0;0;0;0;1
25/07/2013;20:27:00;646;sem vítima;211;BR-116/SP;Pista Norte;Choque em objeto fixo;1;1;0;0;0;0;1
25/07/2013;16:06:00;461;sem vítima;213,3;BR-116/SP;Pista Sul;Abalroamento longitudinal;1;3;0;0;0;0;1
25/07/2013;11:26:00;303;sem vítima;220,3;BR-116/RJ;Pista Sul;Queda de Carga;1;1;0;0;0;0;1
25/07/2013;12:57:00;352;com vítima;235,85;BR-116/RJ;Pista Sul;Abalroamento longitudinal;2;4;1;0;0;0;1
25/07/2013;21:12:00;669;sem vítima;239,5;BR-116/RJ;Pista Norte;Choque em objeto na pista;1;2;0;0;0;0;1
25/07/2013;06:59:00;116;sem vítima;302,1;BR-116/RJ;Pista Sul;Abalroamento longitudinal;1;2;0;0;0;0;1
26/07/2013;21:44:00;736;sem vítima;69,9;BR-116/SP;Pista Norte;Colisão traseira;1;2;0;0;0;0;1
26/07/2013;20:29:00;681;sem vítima;86,9;BR-116/SP;Pista Sul;Abalroamento longitudinal;1;23;0;0;0;0;1
26/07/2013;17:00:00;539;sem vítima;100,2;BR-116/SP;Pista Norte;Colisão traseira;1;2;0;0;0;0;1
26/07/2013;01:41:00;22;sem vítima;103,2;BR-116/SP;Pista Norte;Choque em objeto na pista;1;50;0;0;0;0;1
26/07/2013;17:42:00;570;com vítima;134,32;BR-116/SP;Pista Sul;Engavetamento;2;4;2;1;0;0;2
26/07/2013;19:59:00;667;com vítima;138,9;BR-116/SP;Pista Norte;Engavetamento;2;5;2;0;0;0;1
26/07/2013;06:12:00;81;sem vítima;166,2;BR-116/RJ;Pista Sul;Choque em objeto fixo;1;1;0;0;0;0;1
26/07/2013;11:18:00;311;com vítima;182,2;BR-116/RJ;Pista Norte;Abalroamento longitudinal;1;1;0;1;0;0;2
26/07/2013;06:15:00;83;com vítima;189,9;BR-116/RJ;Pista Sul;Choque em veículo parado na pista;1;1;0;1;0;0;2
26/07/2013;12:40:00;371;sem vítima;218,6;BR-116/SP;Pista Sul;Abalroamento longitudinal;1;2;0;0;0;0;1
26/07/2013;17:33:00;565;sem vítima;226,2;BR-116/SP;Pista Norte;Abalroamento longitudinal;1;4;0;0;0;0;1
26/07/2013;10:25:00;270;sem vítima;231;BR-116/SP;Pista Sul;Abalroamento longitudinal;1;2;0;0;0;0;1
26/07/2013;19:36:00;658;sem vítima;284,78;BR-116/RJ;Pista Sul;Abalroamento longitudinal;1;3;0;0;0;0;1
26/07/2013;20:37:00;686;com vítima;293,5;BR-116/RJ;Pista Sul;Colisão traseira;1;1;1;0;0;0;1
26/07/2013;18:31:00;596;sem vítima;304,4;BR-116/RJ;Pista Norte;Abalroamento longitudinal;1;5;0;0;0;0;1
27/07/2013;08:39:00;194;sem vítima;32,3;BR-116/SP;Pista Sul;Choque em objeto fixo;1;1;0;0;0;0;1
27/07/2013;13:11:00;354;sem vítima;176,67;BR-116/RJ;Pista Sul;Abalroamento longitudinal;1;4;0;0;0;0;1
27/07/2013;14:20:00;386;sem vítima;226,7;BR-116/SP;Pista Sul;Abalroamento longitudinal;1;2;0;0;0;0;1
27/07/2013;01:25:00;31;sem vítima;230,7;BR-116/SP;Pista Norte;Colisão traseira;1;2;0;0;0;0;1
28/07/2013;18:36:00;535;com vítima;123,2;BR-116/SP;Pista Sul;Engavetamento;1;5;3;0;0;0;1
28/07/2013;23:02:00;699;sem vítima;204,1;BR-116/SP;Pista Norte;Abalroamento longitudinal;1;2;0;0;0;0;1
28/07/2013;22:22:00;675;sem vítima;244,8;BR-116/RJ;Pista Norte;Colisão traseira;1;2;0;0;0;0;1
28/07/2013;07:36:00;127;sem vítima;296,6;BR-116/RJ;Pista Sul;Colisão traseira;1;5;0;0;0;0;1
29/07/2013;14:01:00;450;sem vítima;34;BR-116/SP;Pista Norte;Tombamento;1;1;0;0;0;0;1
29/07/2013;16:37:00;554;sem vítima;69;BR-116/SP;Pista Norte;Abalroamento longitudinal;2;2;0;0;0;0;1
29/07/2013;15:57:00;525;sem vítima;153,4;BR-116/SP;Pista Norte;Choque em objeto na pista;2;2;0;0;0;0;1
29/07/2013;01:31:00;31;com vítima;175,8;BR-116/SP;Pista Sul;Colisão traseira;1;22;10;0;0;0;1
29/07/2013;15:10:00;497;sem vítima;205,8;BR-116/SP;Pista Sul;Choque em objeto fixo;1;1;0;0;0;0;1
29/07/2013;23:32:00;806;sem vítima;217;BR-116/SP;Pista Sul;Queda de Carga;1;1;0;0;0;0;1
29/07/2013;15:03:00;490;sem vítima;239,15;BR-116/RJ;Pista Sul;Colisão traseira;2;2;0;0;0;0;1
29/07/2013;16:52:00;570;sem vítima;285;BR-116/RJ;Pista Sul;Abalroamento longitudinal;2;2;0;0;0;0;1
30/07/2013;13:42:00;411;sem vítima;32,3;BR-116/SP;Pista Norte;Choque em barreira New Jersey;1;5;0;0;0;0;1
30/07/2013;10:39:00;300;sem vítima;133;BR-116/SP;Pista Sul;Colisão traseira;1;3;0;0;0;0;1
30/07/2013;18:34:00;606;sem vítima;134,4;BR-116/SP;Pista Sul;Abalroamento longitudinal;1;2;0;0;0;0;1
30/07/2013;08:34:00;198;sem vítima;139,1;BR-116/SP;Pista Sul;Colisão traseira;1;3;0;0;0;0;1
30/07/2013;18:19:00;596;sem vítima;155;BR-116/SP;Pista Sul;Engavetamento;1;8;0;0;0;0;1
30/07/2013;15:30:00;482;sem vítima;212,5;BR-116/SP;Pista Sul;Colisão traseira;2;3;0;0;0;0;1
30/07/2013;11:19:00;328;com vítima;218,5;BR-116/SP;Pista Norte;Colisão traseira;2;2;1;0;0;0;1
30/07/2013;09:40:00;245;sem vítima;222,2;BR-116/SP;Pista Norte;Colisão traseira;1;3;0;0;0;0;1
30/07/2013;03:43:00;43;com vítima;295,7;BR-116/RJ;Pista Norte;Colisão traseira;1;2;3;0;0;0;1
31/07/2013;15:10:00;497;sem vítima;36,6;BR-116/SP;Pista Norte;Choque em objeto na pista;2;2;0;0;0;0;1
31/07/2013;20:57:00;714;sem vítima;110,9;BR-116/SP;Pista Norte;Abalroamento longitudinal;1;4;0;0;0;0;1
31/07/2013;14:15:00;457;sem vítima;119,6;BR-116/SP;Pista Norte;Colisão traseira;2;2;0;0;0;0;1
31/07/2013;09:04:00;233;sem vítima;146,2;BR-116/SP;Pista Sul;Abalroamento longitudinal;1;4;0;0;0;0;1
31/07/2013;20:40:00;702;sem vítima;165,2;BR-116/SP;Pista Norte;Abalroamento longitudinal;1;3;0;0;0;0;1
31/07/2013;05:07:00;69;sem vítima;178;BR-116/RJ;Pista Norte;Choque em objeto na pista;1;3;0;0;0;0;1
31/07/2013;23:17:00;786;sem vítima;182,6;BR-116/SP;Pista Norte;Choque em veículo parado na pista;1;2;0;0;0;0;1
31/07/2013;17:27:00;581;sem vítima;188,9;BR-116/RJ;Pista Sul;Abalroamento longitudinal;1;41;0;0;0;0;1
31/07/2013;20:46:00;704;com vítima;199,65;BR-116/RJ;Pista Norte;Choque em objeto na pista;2;3;1;0;0;0;1
31/07/2013;07:35:00;143;com vítima;206,1;BR-116/SP;Pista Sul;Engavetamento;1;5;1;0;0;0;1
31/07/2013;07:13:00;128;sem vítima;209,3;BR-116/SP;Pista Sul;Abalroamento longitudinal;1;4;0;0;0;0;1
31/07/2013;10:23:00;306;sem vítima;219,7;BR-116/SP;Pista Sul;Choque em objeto na pista;1;1;0;0;0;0;1
01/08/2013;09:28:00;249;sem vítima;65,55;BR-116/SP;Pista Sul;Abalroamento longitudinal;1;2;0;0;0;0;1
01/08/2013;07:38:00;147;sem vítima;133;BR-116/SP;Pista Norte;Abalroamento longitudinal;2;2;0;0;0;0;1
01/08/2013;12:28:00;369;sem vítima;139,45;BR-116/SP;Pista Norte;Abalroamento longitudinal;1;4;0;0;0;0;1
01/08/2013;15:55:00;501;sem vítima;163,9;BR-116/RJ;Pista Norte;Abalroamento longitudinal;2;2;0;0;0;0;1
01/08/2013;18:52:00;630;sem vítima;165,8;BR-116/RJ;Pista Sul;Abalroamento longitudinal;1;43;0;0;0;0;1
01/08/2013;15:35:00;492;sem vítima;168,5;BR-116/RJ;Pista Norte;Abalroamento longitudinal;1;3;0;0;0;0;1
01/08/2013;18:30:00;609;sem vítima;185,4;BR-116/SP;Pista Norte;Choque em objeto na pista;1;6;0;0;0;0;1
01/08/2013;14:07:00;433;sem vítima;201,2;BR-116/SP;Pista Norte;Tombamento;1;1;0;0;0;0;1
01/08/2013;00:38:00;17;sem vítima;204,5;BR-116/SP;Pista Sul;Choque em veículo parado na pista;1;71;0;0;0;0;1
01/08/2013;11:12:00;323;sem vítima;220,3;BR-116/RJ;Pista Sul;Tombamento;1;1;0;0;0;0;1
01/08/2013;07:50:00;157;sem vítima;228;BR-116/SP;Pista Sul;Abalroamento longitudinal;1;2;0;0;0;0;1
01/08/2013;09:38:00;256;sem vítima;230,5;BR-116/RJ;Pista Norte;Engavetamento;2;4;0;0;0;0;1
01/08/2013;12:09:00;360;com vítima;277,8;BR-116/RJ;Pista Sul;Engavetamento;1;48;1;0;0;0;1
02/08/2013;04:12:00;51;sem vítima;0,2;BR-116/SP;Pista Norte;Abalroamento longitudinal;1;17;0;0;0;0;1
02/08/2013;02:20:00;34;sem vítima;22,4;BR-116/SP;Pista Sul;Tombamento;1;1;0;0;0;0;1
02/08/2013;00:21:00;9;sem vítima;36,66;BR-116/SP;Pista Sul;Tombamento;1;1;0;0;0;0;1
02/08/2013;08:18:00;180;sem vítima;105,9;BR-116/SP;Pista Sul;Colisão traseira;1;2;0;0;0;0;1
02/08/2013;15:54:00;476;sem vítima;129,2;BR-116/SP;Pista Sul;Abalroamento longitudinal;1;3;0;0;0;0;1
02/08/2013;09:53:00;247;sem vítima;134,7;BR-116/SP;Pista Sul;Colisão traseira;1;3;0;0;0;0;1
02/08/2013;07:23:00;133;sem vítima;154;BR-116/SP;Pista Sul;Abalroamento longitudinal;1;3;0;0;0;0;1
02/08/2013;13:29:00;382;sem vítima;163,75;BR-116/SP;Pista Norte;Queda de Carga;1;1;0;0;0;0;1
02/08/2013;15:45:00;471;sem vítima;201,8;BR-116/RJ;Pista Sul;Colisão traseira;1;3;0;0;0;0;1
02/08/2013;07:30:00;136;sem vítima;205;BR-116/SP;Pista Norte;Choque em objeto na pista;1;1;0;0;0;0;1
02/08/2013;19:46:00;621;com vítima;242,19;BR-116/RJ;Pista Norte;Colisão traseira;2;2;1;0;0;0;1
02/08/2013;11:49:00;312;sem vítima;310,9;BR-116/RJ;Pista Sul;Choque em veículo parado na pista;1;2;0;0;0;0;1
03/08/2013;07:27:00;151;sem vítima;29,97;BR-116/SP;Pista Sul;Colisão traseira;1;3;0;0;0;0;1
03/08/2013;10:16:00;258;sem vítima;134,2;BR-116/SP;Pista Norte;Engavetamento;1;7;0;0;0;0;1
03/08/2013;08:24:00;186;com vítima;174,5;BR-116/RJ;Pista Norte;Abalroamento longitudinal;1;1;1;0;0;0;1
03/08/2013;13:11:00;367;sem vítima;176,2;BR-116/RJ;Pista Sul;Abalroamento longitudinal;1;5;0;0;0;0;1
03/08/2013;08:02:00;173;sem vítima;212;BR-116/SP;Pista Sul;Engavetamento;1;4;0;0;0;0;1
03/08/2013;01:33:00;25;sem vítima;228,4;BR-116/RJ;Pista Norte;Colisão traseira;1;2;0;0;0;0;1
03/08/2013;12:40:00;350;sem vítima;291,9;BR-116/RJ;Pista Sul;Abalroamento longitudinal;1;5;0;0;0;0;1
04/08/2013;16:34:00;414;com vítima;18,4;BR-116/SP;Pista Norte;Colisão traseira;1;1;2;1;0;0;2
04/08/2013;01:09:00;18;sem vítima;47,75;BR-116/SP;Pista Norte;Atropelamento de pedestre caminhando;1;2;0;0;0;0;1
04/08/2013;14:31:00;335;sem vítima;86,95;BR-116/SP;Pista Sul;Colisão traseira;1;3;0;0;0;0;1
05/08/2013;02:59:00;42;sem vítima;176;BR-116/RJ;Pista Sul;Abalroamento longitudinal;1;2;0;0;0;0;1
05/08/2013;00:15:00;7;sem vítima;219,3;BR-116/RJ;Pista Norte;Tombamento;1;1;0;0;0;0;1
05/08/2013;07:24:00;150;sem vítima;224,6;BR-116/RJ;Pista Norte;Choque em barreira New Jersey;1;3;0;0;0;0;1
05/08/2013;06:47:00;123;com vítima;229,3;BR-116/RJ;Pista Sul;Abalroamento longitudinal;1;1;1;0;0;0;1
05/08/2013;18:34:00;576;com vítima;265,9;BR-116/RJ;Pista Norte;Choque em barreira New Jersey;1;13;3;0;0;0;1
05/08/2013;18:35:00;579;com vítima;265,9;BR-116/RJ;Pista Sul;Choque em barreira New Jersey;2;1;0;0;1;0;2
05/08/2013;23:39:00;693;com vítima;271,75;BR-116/RJ;Pista Sul;Colisão traseira;1;3;4;0;0;0;1
06/08/2013;05:23:00;82;sem vítima;119,2;BR-116/SP;Pista Sul;Abalroamento longitudinal;1;2;0;0;0;0;1
06/08/2013;12:56:00;421;com vítima;146,8;BR-116/SP;Pista Sul;Choque em barreira New Jersey;1;1;2;0;0;0;1
06/08/2013;06:36:00;118;sem vítima;153;BR-116/SP;Pista Norte;Engavetamento;2;4;0;0;0;0;1
06/08/2013;07:27:00;155;sem vítima;156,7;BR-116/SP;Pista Norte;Engavetamento;1;4;0;0;0;0;1
06/08/2013;05:47:00;94;sem vítima;164,8;BR-116/RJ;Pista Norte;Colisão traseira;1;2;0;0;0;0;1
06/08/2013;14:27:00;472;sem vítima;165;BR-116/SP;Pista Norte;Colisão traseira;2;2;0;0;0;0;1
06/08/2013;15:18:00;509;sem vítima;176,3;BR-116/RJ;Pista Sul;Engavetamento;2;6;0;0;0;0;1
06/08/2013;02:54:00;53;com vítima;219,6;BR-116/RJ;Pista Norte;Tombamento;1;0;1;0;0;0;1
06/08/2013;10:59:00;347;com vítima;220,3;BR-116/RJ;Pista Sul;Queda de Carga;1;1;2;0;0;0;1
06/08/2013;10:16:00;313;sem vítima;221,2;BR-116/RJ;Pista Norte;Abalroamento longitudinal;1;2;0;0;0;0;1
06/08/2013;06:02:00;99;com vítima;252,3;BR-116/RJ;Pista Norte;Tombamento;2;1;0;1;0;0;2
06/08/2013;01:54:00;39;sem vítima;269,9;BR-116/RJ;Pista Sul;Colisão traseira;2;2;0;0;0;0;1
06/08/2013;19:02:00;660;sem vítima;329,8;BR-116/RJ;Pista Sul;Queda de Carga;1;1;0;0;0;0;1
07/08/2013;04:47:00;69;sem vítima;42,9;BR-116/SP;Pista Norte;Queda de ribanceira;1;1;0;0;0;0;1
07/08/2013;18:21:00;590;sem vítima;152,4;BR-116/SP;Pista Norte;Abalroamento longitudinal;1;2;0;0;0;0;1
07/08/2013;19:28:00;639;com vítima;163,7;BR-116/RJ;Pista Sul;Abalroamento longitudinal;1;1;1;0;0;0;1
07/08/2013;19:37:00;643;sem vítima;163,7;BR-116/RJ;Pista Sul;Abalroamento longitudinal;1;4;0;0;0;0;1
07/08/2013;07:59:00;167;sem vítima;204;BR-116/SP;Pista Sul;Choque em objeto fixo;1;1;0;0;0;0;1
07/08/2013;21:16:00;683;sem vítima;219,3;BR-116/SP;Pista Norte;Abalroamento longitudinal;1;2;0;0;0;0;1
07/08/2013;11:20:00;344;sem vítima;223,2;BR-116/RJ;Pista Norte;Choque em defensa;1;1;0;0;0;0;1
07/08/2013;22:38:00;719;sem vítima;261,5;BR-116/RJ;Pista Norte;Abalroamento longitudinal;2;2;0;0;0;0;1
07/08/2013;05:20:00;79;sem vítima;275,9;BR-116/RJ;Pista Norte;Atropelamento de animal;1;2;0;0;0;0;1
07/08/2013;17:25:00;541;sem vítima;311,8;BR-116/RJ;Pista Sul;Queda de Carga;1;1;0;0;0;0;1
08/08/2013;16:50:00;532;sem vítima;64,8;BR-116/SP;Pista Norte;Abalroamento longitudinal;2;2;0;0;0;0;1
08/08/2013;03:51:00;58;sem vítima;113;BR-116/SP;Pista Norte;Engavetamento;1;9;0;0;0;0;1
08/08/2013;17:35:00;562;sem vítima;142,3;BR-116/SP;Pista Norte;Colisão traseira;1;2;0;0;0;0;1
08/08/2013;16:25:00;517;com vítima;165;BR-116/RJ;Pista Sul;Engavetamento;3;4;2;0;0;0;1
08/08/2013;05:59:00;89;sem vítima;188,4;BR-116/RJ;Pista Norte;Abalroamento longitudinal;1;51;0;0;0;0;1
08/08/2013;13:50:00;411;sem vítima;208;BR-116/RJ;Pista Sul;Choque em objeto fixo;1;1;0;0;0;0;1
08/08/2013;09:17:00;241;com vítima;218,4;BR-116/SP;Pista Norte;Abalroamento longitudinal;1;0;2;0;0;0;1
08/08/2013;07:06:00;129;sem vítima;229,55;BR-116/RJ;Pista Norte;Tombamento;1;1;0;0;0;0;1
08/08/2013;11:23:00;317;sem vítima;235,5;BR-116/RJ;Pista Norte;Colisão traseira;1;2;0;0;0;0;1
08/08/2013;18:43:00;620;com vítima;236,35;BR-116/RJ;Pista Sul;Abalroamento longitudinal;1;2;0;1;0;0;2
08/08/2013;08:58:00;225;com vítima;274;BR-116/RJ;Pista Norte;Abalroamento longitudinal;1;2;1;0;0;0;1
08/08/2013;14:53:00;459;sem vítima;278,5;BR-116/RJ;Pista Norte;Abalroamento longitudinal;1;2;0;0;0;0;1
09/08/2013;00:47:00;16;sem vítima;67,4;BR-116/SP;Pista Norte;Outros;1;1;0;0;0;0;1
09/08/2013;08:53:00;248;com vítima;109,8;BR-116/SP;Pista Sul;Colisão traseira;2;1;1;0;0;0;1
09/08/2013;21:35:00;786;sem vítima;146,1;BR-116/SP;Pista Norte;Abalroamento longitudinal;1;2;0;0;0;0;1
09/08/2013;19:56:00;725;sem vítima;146,6;BR-116/SP;Pista Norte;Engavetamento;2;5;0;0;0;0;1
09/08/2013;09:54:00;304;com vítima;147,2;BR-116/SP;Pista Sul;Choque em veículo parado na pista;1;1;1;0;0;0;1
09/08/2013;15:05:00;500;sem vítima;158,7;BR-116/SP;Pista Sul;Colisão frontal;1;2;0;0;0;0;1
09/08/2013;21:12:00;773;sem vítima;171,6;BR-116/RJ;Pista Sul;Abalroamento longitudinal;1;2;0;0;0;0;1
09/08/2013;21:44:00;793;sem vítima;175,6;BR-116/RJ;Pista Sul;Abalroamento longitudinal;1;39;0;0;0;0;1
09/08/2013;18:44:00;673;sem vítima;186,2;BR-116/RJ;Pista Sul;Abalroamento longitudinal;1;2;0;0;0;0;1
09/08/2013;16:22:00;560;sem vítima;224,5;BR-116/SP;Pista Sul;Abalroamento longitudinal;1;4;0;0;0;0;1
09/08/2013;22:14:00;814;sem vítima;230,45;BR-116/SP;Pista Sul;Engavetamento;3;3;0;0;0;0;1
09/08/2013;22:05:00;804;sem vítima;265,3;BR-116/RJ;Pista Norte;Abalroamento longitudinal;1;3;0;0;0;0;1
10/08/2013;10:32:00;261;sem vítima;73,3;BR-116/SP;Pista Norte;Abalroamento longitudinal;1;5;0;0;0;0;1
10/08/2013;10:22:00;257;com vítima;102;BR-116/SP;Pista Norte;Colisão traseira;1;3;2;0;0;0;1
10/08/2013;08:49:00;198;sem vítima;134,7;BR-116/SP;Pista Norte;Choque em objeto fixo;1;1;0;0;0;0;1
10/08/2013;12:01:00;327;sem vítima;165,9;BR-116/RJ;Pista Sul;Engavetamento;2;4;0;0;0;0;1
10/08/2013;12:18:00;336;sem vítima;181,3;BR-116/RJ;Pista Norte;Abalroamento longitudinal;1;2;0;0;0;0;1
10/08/2013;14:19:00;408;com vítima;190,25;BR-116/RJ;Pista Sul;Colisão traseira;1;50;1;0;0;0;1
10/08/2013;21:33:00;682;sem vítima;208,8;BR-116/RJ;Pista Norte;Colisão traseira;1;3;0;0;0;0;1
10/08/2013;12:40:00;352;sem vítima;213,1;BR-116/RJ;Pista Norte;Abalroamento longitudinal;1;2;0;0;0;0;1