data;horario;n_da_ocorrencia;tipo_de_ocorrencia;km;trecho;sentido;tipo_de_acidente;caminhao;ilesos;levemente_feridos;moderadamente_feridos;gravemente_feridos;mortos;3
11/08/2013;17:47:00;481;sem vítima;31,3;BR-116/SP;Pista Norte;Abalroamento longitudinal;1;4;0;0;0;0;1
11/08/2013;18:29:00;508;sem vítima;186,9;BR-116/RJ;Pista Norte;Colisão traseira;2;2;0;0;0;0;1
11/08/2013;13:12:00;323;sem vítima;257,1;BR-116/RJ;Pista Sul;Abalroamento longitudinal;1;2;0;0;0;0;1
12/08/2013;22:57:00;662;sem vítima;6,9;BR-116/SP;Pista Sul;Tombamento;1;1;0;0;0;0;1
12/08/2013;23:12:00;668;sem vítima;6,9;BR-116/SP;Pista Norte;Engavetamento;3;4;0;0;0;0;1
12/08/2013;22:49:00;658;sem vítima;153,9;BR-116/SP;Pista Norte;Queda de Carga;1;1;0;0;0;0;1
12/08/2013;17:11:00;478;sem vítima;165,8;BR-116/RJ;Pista Sul;Abalroamento longitudinal;1;3;0;0;0;0;1
12/08/2013;14:16:00;374;sem vítima;173,9;BR-116/SP;Pista Sul;Colisão traseira;2;2;0;0;0;0;1
12/08/2013;19:19:00;550;sem vítima;180,9;BR-116/RJ;Pista Norte;Abalroamento longitudinal;1;3;0;0;0;0;1
12/08/2013;17:58:00;509;sem vítima;186;BR-116/SP;Pista Sul;Tombamento;1;1;0;0;0;0;1
12/08/2013;06:42:00;86;sem vítima;211,1;BR-116/SP;Pista Sul;Abalroamento longitudinal;1;2;0;0;0;0;1
12/08/2013;22:23:00;647;sem vítima;220;BR-116/SP;Pista Norte;Abalroamento transversal;1;3;0;0;0;0;1
12/08/2013;00:40:00;12;com vítima;224,35;BR-116/SP;Pista Norte;Colisão traseira;1;1;1;0;0;0;1
12/08/2013;16:29:00;455;sem vítima;224,5;BR-116/RJ;Pista Norte;Colisão traseira;2;2;0;0;0;0;1
12/08/2013;00:23:00;7;sem vítima;263,4;BR-116/RJ;Pista Norte;Queda de Carga;1;1;0;0;0;0;1
13/08/2013;18:39:00;573;com vítima;107,9;BR-116/SP;Pista Sul;Colisão traseira;1;1;0;1;0;0;2
13/08/2013;00:22:00;11;sem vítima;129,4;BR-116/SP;Pista Norte;Colisão traseira;2;2;0;0;0;0;1
13/08/2013;12:35:00;339;sem vítima;132;BR-116/SP;Pista Sul;Colisão traseira;1;3;0;0;0;0;1
13/08/2013;13:21:00;370;com vítima;178;BR-116/RJ;Pista Sul;Abalroamento longitudinal;1;2;1;0;0;0;1
13/08/2013;10:19:00;264;sem vítima;182;BR-116/SP;Pista Norte;Colisão traseira;1;4;0;0;0;0;1
13/08/2013;15:49:00;472;sem vítima;187,8;BR-116/SP;Pista Norte;Abalroamento longitudinal;2;2;0;0;0;0;1
13/08/2013;14:42:00;439;com vítima;201,35;BR-116/SP;Pista Norte;Abalroamento longitudinal;1;1;0;0;2;0;2
13/08/2013;10:02:00;248;sem vítima;208;BR-116/RJ;Pista Norte;Outros;1;3;0;0;0;0;1
13/08/2013;17:33:00;532;com vítima;231,2;BR-116/SP;Pista Norte;Colisão traseira;1;1;1;0;0;0;1
13/08/2013;08:19:00;171;sem vítima;242,7;BR-116/RJ;Pista Norte;Abalroamento longitudinal;1;2;0;0;0;0;1
13/08/2013;07:30:00;132;com vítima;300,2;BR-116/RJ;Pista Norte;Colisão traseira;2;1;1;0;0;0;1
13/08/2013;11:40:00;320;sem vítima;318,9;BR-116/RJ;Pista Norte;Colisão traseira;1;21;0;0;0;0;1
14/08/2013;23:38:00;736;sem vítima;47,1;BR-116/SP;Pista Sul;Choque em objeto na pista;1;1;0;0;0;0;1
14/08/2013;05:46:00;76;sem vítima;81,5;BR-116/SP;Pista Norte;Colisão traseira;1;3;0;0;0;0;1
14/08/2013;23:28:00;731;sem vítima;86,95;BR-116/SP;Pista Norte;Colisão traseira;1;2;0;0;0;0;1
14/08/2013;16:24:00;503;sem vítima;145,5;BR-116/SP;Pista Sul;Abalroamento longitudinal;1;2;0;0;0;0;1
14/08/2013;17:09:00;527;sem vítima;180,3;BR-116/RJ;Pista Norte;Abalroamento longitudinal;1;2;0;0;0;0;1
14/08/2013;14:42:00;436;sem vítima;211;BR-116/SP;Pista Sul;Abalroamento longitudinal;1;2;0;0;0;0;1
14/08/2013;12:54:00;377;sem vítima;230,8;BR-116/SP;Pista Norte;Engavetamento;1;7;0;0;0;0;1
14/08/2013;17:16:00;532;sem vítima;247;BR-116/RJ;Pista Sul;Choque em barreira New Jersey;1;1;0;0;0;0;1
15/08/2013;20:46:00;681;sem vítima;11,5;BR-116/SP;Pista Norte;Colisão frontal;1;3;0;0;0;0;1
15/08/2013;23:47:00;773;com vítima;112,6;BR-116/SP;Pista Norte;Engavetamento;1;3;1;0;0;0;1
15/08/2013;07:44:00;156;sem vítima;138,8;BR-116/SP;Pista Sul;Engavetamento;1;3;0;0;0;0;1
15/08/2013;17:17:00;561;sem vítima;163,5;BR-116/RJ;Pista Sul;Abalroamento longitudinal;1;2;0;0;0;0;1
15/08/2013;09:15:00;237;sem vítima;165,2;BR-116/SP;Pista Norte;Colisão traseira;2;2;0;0;0;0;1
15/08/2013;05:02:00;68;sem vítima;192;BR-116/RJ;Pista Norte;Choque em objeto fixo;1;1;0;0;0;0;1
15/08/2013;04:23:00;64;sem vítima;321,2;BR-116/RJ;Pista Norte;Tombamento;1;3;0;0;0;0;1
16/08/2013;18:22:00;642;com vítima;108,85;BR-116/SP;Pista Norte;Engavetamento;1;1;1;1;0;0;2
16/08/2013;12:28:00;414;sem vítima;121,3;BR-116/SP;Pista Sul;Choque em objeto na pista;1;3;0;0;0;0;1
16/08/2013;17:43:00;618;sem vítima;176,1;BR-116/RJ;Pista Sul;Abalroamento longitudinal;1;2;0;0;0;0;1
16/08/2013;16:21:00;564;sem vítima;176,8;BR-116/RJ;Pista Sul;Abalroamento longitudinal;1;2;0;0;0;0;1
16/08/2013;04:58:00;81;sem vítima;177;BR-116/RJ;Pista Norte;Abalroamento longitudinal;2;2;0;0;0;0;1
16/08/2013;11:21:00;367;sem vítima;218,5;BR-116/RJ;Pista Norte;Colisão traseira;1;2;0;0;0;0;1
16/08/2013;02:52:00;51;com vítima;223,15;BR-116/RJ;Pista Sul;Colisão traseira;2;1;0;1;0;0;2
17/08/2013;01:40:00;27;com vítima;186,3;BR-116/SP;Pista Sul;Colisão traseira;1;1;0;0;1;0;2
17/08/2013;08:52:00;205;sem vítima;196,4;BR-116/RJ;Pista Norte;Colisão traseira;1;2;0;0;0;0;1
17/08/2013;14:25:00;386;sem vítima;204;BR-116/SP;Pista Sul;Colisão traseira;2;2;0;0;0;0;1
17/08/2013;14:27:00;387;sem vítima;204;BR-116/SP;Pista Norte;Colisão traseira;2;2;0;0;0;0;1
17/08/2013;15:56:00;436;sem vítima;216;BR-116/SP;Pista Sul;Engavetamento;1;4;0;0;0;0;1
17/08/2013;16:20:00;449;sem vítima;221,8;BR-116/SP;Pista Sul;Abalroamento longitudinal;1;2;0;0;0;0;1
18/08/2013;19:30:00;501;com vítima;187,6;BR-116/RJ;Pista Norte;Engavetamento;1;7;0;1;0;0;2
18/08/2013;21:43:00;548;sem vítima;190,2;BR-116/RJ;Pista Norte;Colisão traseira;2;2;0;0;0;0;1
18/08/2013;12:32:00;269;sem vítima;206,8;BR-116/SP;Pista Sul;Abalroamento longitudinal;1;2;0;0;0;0;1
18/08/2013;17:00:00;417;sem vítima;228,1;BR-116/RJ;Pista Sul;Engavetamento;1;12;0;0;0;0;1
18/08/2013;20:23:00;521;sem vítima;317,8;BR-116/RJ;Pista Norte;Choque em veículo parado na pista;2;3;0;0;0;0;1
19/08/2013;19:34:00;628;com vítima;110,1;BR-116/SP;Pista Norte;Abalroamento longitudinal;1;1;3;0;0;0;1
19/08/2013;00:17:00;7;com vítima;154,2;BR-116/SP;Pista Sul;Abalroamento longitudinal;1;1;0;1;0;0;2
19/08/2013;04:54:00;68;com vítima;164,1;BR-116/RJ;Pista Norte;Abalroamento longitudinal;1;1;1;0;0;0;1
19/08/2013;18:59:00;607;sem vítima;182,3;BR-116/SP;Pista Norte;Colisão traseira;2;2;0;0;0;0;1
19/08/2013;06:01:00;90;sem vítima;204,5;BR-116/SP;Pista Sul;Abalroamento longitudinal;1;4;0;0;0;0;1
19/08/2013;15:09:00;473;com vítima;212,1;BR-116/SP;Pista Sul;Engavetamento;3;34;1;0;0;0;1
19/08/2013;09:34:00;255;com vítima;212,5;BR-116/SP;Pista Sul;Colisão traseira;2;2;0;0;1;0;2
19/08/2013;13:30:00;394;sem vítima;220;BR-116/SP;Pista Norte;Choque em barreira New Jersey;1;1;0;0;0;0;1
20/08/2013;12:11:00;344;com vítima;121,5;BR-116/SP;Pista Sul;Choque em barreira New Jersey;1;0;1;0;0;0;1
20/08/2013;05:22:00;63;sem vítima;140,4;BR-116/SP;Pista Norte;Abalroamento longitudinal;1;3;0;0;0;0;1
20/08/2013;07:18:00;124;sem vítima;156,2;BR-116/SP;Pista Norte;Colisão traseira;2;2;0;0;0;0;1
20/08/2013;18:52:00;580;sem vítima;157,3;BR-116/SP;Pista Sul;Abalroamento longitudinal;2;2;0;0;0;0;1
20/08/2013;19:15:00;601;sem vítima;175,8;BR-116/SP;Pista Norte;Colisão traseira;1;2;0;0;0;0;1
20/08/2013;13:54:00;390;sem vítima;204,5;BR-116/SP;Pista Norte;Colisão traseira;1;3;0;0;0;0;1
20/08/2013;13:49:00;387;com vítima;206,3;BR-116/RJ;Pista Norte;Choque em objeto fixo;1;0;0;1;0;0;2
20/08/2013;14:18:00;401;sem vítima;207,1;BR-116/RJ;Pista Sul;Colisão traseira;2;2;0;0;0;0;1
20/08/2013;03:56:00;44;sem vítima;267,2;BR-116/RJ;Pista Norte;Outros;1;2;0;0;0;0;1
21/08/2013;02:30:00;36;sem vítima;67,1;BR-116/SP;Pista Norte;Atropelamento de animal;1;1;0;0;0;0;1
21/08/2013;08:49:00;230;com vítima;110,9;BR-116/SP;Pista Norte;Colisão traseira;1;1;1;0;0;0;1
21/08/2013;19:00:00;621;sem vítima;153,7;BR-116/SP;Pista Sul;Abalroamento longitudinal;1;2;0;0;0;0;1
21/08/2013;20:14:00;665;sem vítima;187;BR-116/SP;Pista Sul;Atropelamento de animal;1;1;0;0;0;0;1
21/08/2013;23:49:00;757;com vítima;218,6;BR-116/SP;Pista Norte;Choque em veículo parado na pista;1;1;4;1;0;0;2
21/08/2013;18:29:00;605;sem vítima;226,88;BR-116/SP;Pista Norte;Colisão traseira;1;4;0;0;0;0;1
21/08/2013;11:54:00;359;com vítima;229;BR-116/SP;Pista Norte;Colisão traseira;1;6;1;0;0;0;1
21/08/2013;22:26:00;726;com vítima;229,8;BR-116/SP;Pista Sul;Colisão traseira;1;1;0;0;0;1;3
21/08/2013;12:02:00;364;sem vítima;230;BR-116/SP;Pista Sul;Colisão traseira;1;2;0;0;0;0;1
21/08/2013;08:42:00;225;sem vítima;281,8;BR-116/RJ;Pista Sul;Colisão traseira;1;2;0;0;0;0;1
22/08/2013;00:27:00;9;sem vítima;62,6;BR-116/SP;Pista Norte;Abalroamento longitudinal;2;2;0;0;0;0;1
22/08/2013;15:00:00;476;sem vítima;86,95;BR-116/SP;Pista Norte;Colisão traseira;2;2;0;0;0;0;1
22/08/2013;12:59:00;404;sem vítima;88;BR-116/SP;Pista Norte;Abalroamento longitudinal;1;2;0;0;0;0;1
22/08/2013;02:33:00;38;sem vítima;179,6;BR-116/RJ;Pista Sul;Choque em barreira New Jersey;1;2;0;0;0;0;1
22/08/2013;13:16:00;411;sem vítima;183;BR-116/RJ;Pista Norte;Colisão traseira;1;3;0;0;0;0;1
22/08/2013;17:05:00;570;com vítima;184;BR-116/RJ;Pista Norte;Colisão traseira;1;3;1;0;0;0;1
22/08/2013;07:25:00;145;sem vítima;205,2;BR-116/SP;Pista Sul;Abalroamento longitudinal;1;2;0;0;0;0;1
22/08/2013;07:52:00;172;sem vítima;208;BR-116/SP;Pista Sul;Colisão traseira;1;5;0;0;0;0;1
22/08/2013;05:55:00;83;sem vítima;210,9;BR-116/SP;Pista Sul;Engavetamento;1;6;0;0;0;0;1
22/08/2013;16:54:00;562;sem vítima;270;BR-116/RJ;Pista Norte;Choque em veículo parado na pista;1;3;0;0;0;0;1
22/08/2013;06:39:00;109;sem vítima;285;BR-116/RJ;Pista Sul;Abalroamento longitudinal;2;2;0;0;0;0;1
22/08/2013;04:51:00;70;com vítima;292,05;BR-116/RJ;Pista Sul;Colisão traseira;2;0;3;0;0;0;1
22/08/2013;18:21:00;618;sem vítima;293,3;BR-116/RJ;Pista Sul;Engavetamento;2;6;0;0;0;0;1
22/08/2013;05:56:00;84;sem vítima;299,6;BR-116/RJ;Pista Norte;Choque em objeto fixo;1;1;0;0;0;0;1
22/08/2013;16:47:00;558;sem vítima;302;BR-116/RJ;Pista Sul;Abalroamento longitudinal;1;2;0;0;0;0;1
23/08/2013;02:50:00;47;sem vítima;46,75;BR-116/SP;Pista Sul;Colisão traseira;2;2;0;0;0;0;1
23/08/2013;10:13:00;271;sem vítima;165,2;BR-116/SP;Pista Norte;Colisão traseira;1;2;0;0;0;0;1
23/08/2013;12:02:00;344;sem vítima;173,6;BR-116/RJ;Pista Sul;Abalroamento longitudinal;1;2;0;0;0;0;1
23/08/2013;15:24:00;461;sem vítima;176,3;BR-116/RJ;Pista Sul;Abalroamento longitudinal;1;4;0;0;0;0;1
23/08/2013;07:24:00;148;sem vítima;192,4;BR-116/RJ;Pista Norte;Abalroamento longitudinal;1;3;0;0;0;0;1
23/08/2013;13:28:00;388;sem vítima;207;BR-116/RJ;Pista Sul;Abalroamento longitudinal;1;4;0;0;0;0;1
23/08/2013;06:29:00;107;com vítima;216,2;BR-116/SP;Pista Sul;Queda de moto;1;1;0;2;0;0;2
23/08/2013;20:24:00;659;sem vítima;223,2;BR-116/RJ;Pista Norte;Choque Talude;1;1;0;0;0;0;1
23/08/2013;21:49:00;701;sem vítima;223,9;BR-116/RJ;Pista Norte;Colisão traseira;1;3;0;0;0;0;1
23/08/2013;23:49:00;752;sem vítima;228,3;BR-116/SP;Pista Sul;Engavetamento;3;3;0;0;0;0;1
23/08/2013;08:37:00;201;sem vítima;235,5;BR-116/RJ;Pista Norte;Abalroamento longitudinal;2;2;0;0;0;0;1
23/08/2013;04:08:00;65;sem vítima;324,2;BR-116/RJ;Pista Sul;Atropelamento de animal;1;1;0;0;0;0;1
24/08/2013;03:56:00;72;com vítima;30,9;BR-116/SP;Pista Sul;Engavetamento;3;2;1;0;0;0;1
24/08/2013;10:41:00;264;sem vítima;68,8;BR-116/SP;Pista Sul;Colisão traseira;1;4;0;0;0;0;1
24/08/2013;08:11:00;174;sem vítima;183,4;BR-116/RJ;Pista Sul;Abalroamento longitudinal;1;4;0;0;0;0;1
24/08/2013;13:55:00;362;sem vítima;191,4;BR-116/RJ;Pista Sul;Abalroamento longitudinal;1;2;0;0;0;0;1
24/08/2013;13:44:00;356;sem vítima;214,9;BR-116/RJ;Pista Sul;Colisão traseira;2;2;0;0;0;0;1
24/08/2013;00:58:00;20;sem vítima;221,8;BR-116/RJ;Pista Sul;Choque em veículo parado na pista;1;145;0;0;0;0;1
24/08/2013;14:03:00;366;com vítima;230,8;BR-116/SP;Pista Sul;Queda de moto;1;2;1;0;0;0;1
24/08/2013;23:51:00;661;com vítima;263,3;BR-116/RJ;Pista Norte;Tombamento;1;0;1;0;0;0;1
25/08/2013;15:10:00;370;sem vítima;75,56;BR-116/SP;Pista Sul;Colisão traseira;1;2;0;0;0;0;1
25/08/2013;20:20:00;605;com vítima;156,25;BR-116/SP;Pista Norte;Engavetamento;2;2;3;0;0;0;1
25/08/2013;11:40:00;253;sem vítima;165,2;BR-116/SP;Pista Sul;Choque em objeto fixo;1;1;0;0;0;0;1
26/08/2013;08:43:00;194;sem vítima;34,1;BR-116/SP;Pista Norte;Colisão traseira;1;3;0;0;0;0;1
26/08/2013;09:02:00;216;com vítima;52;BR-116/SP;Pista Sul;Abalroamento longitudinal;1;2;1;0;0;0;1
26/08/2013;10:46:00;286;com vítima;162,3;BR-116/SP;Pista Norte;Colisão traseira;1;29;1;0;0;0;1
26/08/2013;07:42:00;147;sem vítima;186,6;BR-116/RJ;Pista Norte;Colisão traseira;1;2;0;0;0;0;1
26/08/2013;02:44:00;38;com vítima;186,85;BR-116/RJ;Pista Norte;Colisão traseira;2;1;1;1;0;0;2
26/08/2013;11:04:00;297;sem vítima;189,7;BR-116/RJ;Pista Sul;Abalroamento longitudinal;2;2;0;0;0;0;1
26/08/2013;05:11:00;62;sem vítima;217,1;BR-116/SP;Pista Norte;Colisão traseira;1;2;0;0;0;0;1
26/08/2013;15:00:00;427;com vítima;222,9;BR-116/SP;Pista Norte;Abalroamento longitudinal;2;1;1;0;0;0;1
26/08/2013;04:43:00;58;sem vítima;223,05;BR-116/RJ;Pista Norte;Choque Talude;1;1;0;0;0;0;1
26/08/2013;19:52:00;603;sem vítima;224,9;BR-116/RJ;Pista Norte;Choque Talude;1;1;0;0;0;0;1
26/08/2013;07:31:00;140;com vítima;226,88;BR-116/SP;Pista Norte;Tombamento;1;0;1;0;0;0;1
26/08/2013;10:47:00;288;sem vítima;275,5;BR-116/RJ;Pista Sul;Queda de Carga;1;1;0;0;0;0;1
26/08/2013;16:09:00;477;sem vítima;290;BR-116/RJ;Pista Norte;Abalroamento longitudinal;1;3;0;0;0;0;1
27/08/2013;08:05:00;179;com vítima;67;BR-116/SP;Pista Sul;Tombamento;1;0;1;0;0;0;1
27/08/2013;02:09:00;37;sem vítima;67,45;BR-116/SP;Pista Norte;Atropelamento de animal;1;1;0;0;0;0;1
27/08/2013;07:44:00;162;sem vítima;159,9;BR-116/SP;Pista Sul;Engavetamento;1;9;0;0;0;0;1
27/08/2013;12:28:00;360;sem vítima;160,3;BR-116/SP;Pista Sul;Engavetamento;3;3;0;0;0;0;1
27/08/2013;19:35:00;619;sem vítima;166,8;BR-116/RJ;Pista Sul;Abalroamento longitudinal;1;2;0;0;0;0;1
27/08/2013;07:18:00;143;sem vítima;167;BR-116/RJ;Pista Norte;Engavetamento;1;3;0;0;0;0;1
27/08/2013;16:27:00;507;sem vítima;180,4;BR-116/RJ;Pista Norte;Abalroamento longitudinal;1;6;0;0;0;0;1
27/08/2013;18:11:00;575;sem vítima;185,8;BR-116/SP;Pista Sul;Choque em veículo parado na pista;1;2;0;0;0;0;1
27/08/2013;18:10:00;573;sem vítima;197,7;BR-116/RJ;Pista Norte;Choque em objeto na pista;1;4;0;0;0;0;1
27/08/2013;00:54:00;15;sem vítima;220,4;BR-116/SP;Pista Norte;Abalroamento longitudinal;1;3;0;0;0;0;1
27/08/2013;11:27:00;340;sem vítima;227,2;BR-116/RJ;Pista Norte;Outros;1;1;0;0;0;0;1
27/08/2013;01:02:00;18;sem vítima;238,6;BR-116/RJ;Pista Sul;Colisão traseira;2;2;0;0;0;0;1
28/08/2013;16:03:00;517;sem vítima;28,1;BR-116/SP;Pista Sul;Colisão traseira;2;6;0;0;0;0;1
28/08/2013;14:41:00;457;sem vítima;173,8;BR-116/RJ;Pista Sul;Engavetamento;2;7;0;0;0;0;1
28/08/2013;10:39:00;339;com vítima;177,5;BR-116/RJ;Pista Sul;Engavetamento;2;2;2;0;0;0;1
28/08/2013;15:27:00;492;sem vítima;181,8;BR-116/SP;Pista Norte;Abalroamento longitudinal;1;2;0;0;0;0;1
28/08/2013;11:29:00;368;sem vítima;182,1;BR-116/SP;Pista Norte;Colisão traseira;2;2;0;0;0;0;1
28/08/2013;10:34:00;329;sem vítima;220,3;BR-116/RJ;Pista Sul;Tombamento;1;1;0;0;0;0;1
28/08/2013;20:18:00;678;sem vítima;269,4;BR-116/RJ;Pista Sul;Choque em objeto na pista;1;5;0;0;0;0;1
28/08/2013;12:25:00;391;sem vítima;275,6;BR-116/RJ;Pista Sul;Abalroamento longitudinal;1;3;0;0;0;0;1
28/08/2013;11:04:00;356;sem vítima;295,7;BR-116/RJ;Pista Sul;Abalroamento longitudinal;2;3;0;0;0;0;1
29/08/2013;08:56:00;216;sem vítima;86;BR-116/SP;Pista Sul;Colisão traseira;2;2;0;0;0;0;1
29/08/2013;16:26:00;500;sem vítima;165,2;BR-116/SP;Pista Sul;Abalroamento longitudinal;2;2;0;0;0;0;1
29/08/2013;10:54:00;313;sem vítima;165,9;BR-116/RJ;Pista Norte;Colisão traseira;2;2;0;0;0;0;1
29/08/2013;22:54:00;727;sem vítima;178,75;BR-116/RJ;Pista Norte;Choque em barreira New Jersey;1;1;0;0;0;0;1
29/08/2013;11:55:00;347;sem vítima;180;BR-116/RJ;Pista Norte;Colisão traseira;1;2;0;0;0;0;1
29/08/2013;12:25:00;359;sem vítima;180,1;BR-116/RJ;Pista Norte;Colisão traseira;1;3;0;0;0;0;1
29/08/2013;15:03:00;448;sem vítima;180,1;BR-116/SP;Pista Norte;Colisão traseira;1;4;0;0;0;0;1
29/08/2013;09:04:00;224;sem vítima;182,5;BR-116/RJ;Pista Norte;Abalroamento longitudinal;1;2;0;0;0;0;1
29/08/2013;04:00:00;42;sem vítima;188,4;BR-116/RJ;Pista Norte;Colisão traseira;2;2;0;0;0;0;1
29/08/2013;20:32:00;659;sem vítima;197,7;BR-116/RJ;Pista Sul;Abalroamento longitudinal;1;5;0;0;0;0;1
29/08/2013;21:32:00;687;sem vítima;203,95;BR-116/RJ;Pista Sul;Choque em defensa;1;1;0;0;0;0;1
29/08/2013;17:29:00;539;sem vítima;204,5;BR-116/SP;Pista Norte;Choque em veículo parado na pista;2;2;0;0;0;0;1
29/08/2013;23:28:00;744;sem vítima;208,9;BR-116/RJ;Pista Norte;Abalroamento longitudinal;2;2;0;0;0;0;1
29/08/2013;10:28:00;298;sem vítima;212;BR-116/SP;Pista Norte;Colisão traseira;2;4;0;0;0;0;1
29/08/2013;23:20:00;740;sem vítima;225,1;BR-116/SP;Pista Sul;Abalroamento longitudinal;1;2;0;0;0;0;1
29/08/2013;10:51:00;311;sem vítima;227,3;BR-116/SP;Pista Sul;Colisão traseira;1;5;0;0;0;0;1
29/08/2013;04:16:00;47;sem vítima;264,1;BR-116/RJ;Pista Norte;Colisão traseira;2;2;0;0;0;0;1
30/08/2013;01:45:00;30;sem vítima;107,9;BR-116/SP;Pista Norte;Outros;2;2;0;0;0;0;1
30/08/2013;23:01:00;783;com vítima;107,9;BR-116/SP;Pista Sul;Engavetamento;1;4;1;1;0;0;2
30/08/2013;14:59:00;453;sem vítima;163,7;BR-116/RJ;Pista Sul;Abalroamento longitudinal;1;4;0;0;0;0;1
30/08/2013;16:13:00;502;sem vítima;165,2;BR-116/SP;Pista Sul;Colisão traseira;1;2;0;0;0;0;1
30/08/2013;10:37:00;288;sem vítima;165,9;BR-116/RJ;Pista Sul;Abalroamento longitudinal;1;4;0;0;0;0;1
30/08/2013;18:54:00;624;sem vítima;173,9;BR-116/RJ;Pista Sul;Abalroamento longitudinal;1;2;0;0;0;0;1
30/08/2013;14:14:00;424;sem vítima;223,5;BR-116/RJ;Pista Sul;Engavetamento;1;3;0;0;0;0;1
30/08/2013;17:54:00;576;sem vítima;226,4;BR-116/SP;Pista Norte;Colisão traseira;1;2;0;0;0;0;1
30/08/2013;10:38:00;290;sem vítima;227,15;BR-116/SP;Pista Sul;Engavetamento;3;6;0;0;0;0;1
30/08/2013;17:12:00;549;sem vítima;276,8;BR-116/RJ;Pista Norte;Abalroamento longitudinal;1;2;0;0;0;0;1
30/08/2013;12:54:00;381;sem vítima;282;BR-116/RJ;Pista Norte;Colisão traseira;1;2;0;0;0;0;1
31/08/2013;06:38:00;117;sem vítima;13,9;BR-116/SP;Pista Norte;Choque Talude;1;1;0;0;0;0;1
31/08/2013;08:47:00;203;sem vítima;165;BR-116/SP;Pista Sul;Colisão traseira;1;3;0;0;0;0;1
31/08/2013;18:33:00;543;sem vítima;212,3;BR-116/SP;Pista Sul;Abalroamento longitudinal;1;4;0;0;0;0;1
31/08/2013;04:32:00;85;com vítima;213,7;BR-116/SP;Pista Sul;Abalroamento longitudinal;1;1;2;1;0;0;2
31/08/2013;06:36:00;116;com vítima;215,9;BR-116/SP;Pista Norte;Colisão traseira;1;1;0;1;0;0;2
31/08/2013;16:52:00;481;sem vítima;224,1;BR-116/RJ;Pista Sul;Engavetamento;2;6;0;0;0;0;1
31/08/2013;08:18:00;184;sem vítima;227,96;BR-116/RJ;Pista Norte;Tombamento;1;1;0;0;0;0;1
31/08/2013;15:58:00;442;sem vítima;264,9;BR-116/RJ;Pista Sul;Abalroamento longitudinal;1;5;0;0;0;0;1
31/08/2013;01:22:00;40;com vítima;279,66;BR-116/RJ;Pista Norte;Capotamento;1;1;1;0;0;0;1
31/08/2013;09:06:00;216;sem vítima;302,6;BR-116/RJ;Pista Sul;Colisão traseira;1;3;0;0;0;0;1
01/09/2013;14:24:00;331;sem vítima;26,899999618530273;BR-116/SP;Pista Norte;Colisão Traseira;1;2;;;;;1
01/09/2013;22:09:00;593;com vítima;196,8000030517578;BR-116/RJ;Pista Sul;Colisão Frontal;1;1;;;;1;3
01/09/2013;10:44:00;228;sem vítima;248;BR-116/RJ;Pista Sul;Abalroamento Longitudinal;1;2;;;;;1
01/09/2013;14:37:00;335;com vítima;265;BR-116/RJ;Pista Norte;Colisão Traseira;1;4;;1;;;2
02/09/2013;16:48:00;512;sem vítima;125,30000305175781;BR-116/SP;Pista Norte;Abalroamento Longitudinal;2;2;;;;;1
02/09/2013;08:08:00;173;com vítima;147;BR-116/SP;Pista Norte;Abalroamento Longitudinal;1;1;1;;;;1
02/09/2013;20:59:00;665;com vítima;177,0800018310547;BR-116/SP;Pista Norte;Outros;1;0;1;;;;1
02/09/2013;14:36:00;439;sem vítima;180,5;BR-116/RJ;Pista Sul;Abalroamento Longitudinal;1;3;;;;;1
02/09/2013;05:20:00;65;sem vítima;190,3000030517578;BR-116/SP;Pista Norte;Abalroamento Longitudinal;2;2;;;;;1
02/09/2013;07:20:00;131;sem vítima;201;BR-116/RJ;Pista Norte;Abalroamento Longitudinal;2;2;;;;;1
02/09/2013;15:18:00;459;sem vítima;201,10000610351562;BR-116/RJ;Pista Norte;Choque em Defensa;1;1;;;;;1
02/09/2013;12:19:00;356;sem vítima;226,64999389648438;BR-116/SP;Pista Sul;Colisão Traseira;1;2;;;;;1
02/09/2013;06:37:00;96;sem vítima;258,1000061035156;BR-116/RJ;Pista Norte;Abalroamento Longitudinal;1;2;;;;;1
03/09/2013;19:00:00;616;sem vítima;55;BR-116/SP;Pista Norte;Choque em objeto na pista;1;3;;;;;1
03/09/2013;19:47:00;759;sem vítima;64,9000015258789;BR-116/SP;Pista Norte;Colisão Traseira;3;5;;;;;1
03/09/2013;18:40:00;600;sem vítima;98,93000030517578;BR-116/SP;Pista Norte;Engavetamento;2;6;;;;;1
03/09/2013;18:43:00;604;sem vítima;102,75;BR-116/SP;Pista Sul;Queda de ribanceira;1;1;;;;;1
03/09/2013;20:19:00;675;sem vítima;139,85000610351562;BR-116/SP;Pista Norte;Choque em veículo parado na pista;1;3;;;;;1
03/09/2013;22:17:00;730;sem vítima;171,39999389648438;BR-116/RJ;Pista Norte;Choque em Barreira New Jersey;1;2;;;;;1
03/09/2013;07:27:00;140;sem vítima;186,72999572753906;BR-116/SP;Pista Norte;Choque em objeto na pista;1;2;;;;;1
03/09/2013;03:39:00;59;com vítima;197,39999389648438;BR-116/SP;Pista Norte;Atropelamento de Pedestre Caminhando;1;1;;;;1;3
03/09/2013;04:25:00;63;sem vítima;197,39999389648438;BR-116/SP;Pista Norte;Choque em objeto fixo;1;1;;;;;1
03/09/2013;05:06:00;67;sem vítima;207,10000610351562;BR-116/RJ;Pista Norte;Colisão Traseira;2;2;;;;;1
03/09/2013;19:56:00;657;sem vítima;284,8999938964844;BR-116/RJ;Pista Norte;Outros;1;1;;;;;1