data;horario;n_da_ocorrencia;tipo_de_ocorrencia;km;trecho;sentido;tipo_de_acidente;caminhao;ilesos;levemente_feridos;moderadamente_feridos;gravemente_feridos;mortos;3
04/09/2013;15:25:00;414;sem vítima;65;BR-116/SP;Pista Sul;Tombamento;1;2;;;;;1
04/09/2013;14:30:00;379;sem vítima;65,4000015258789;BR-116/SP;Pista Norte;Choque em Barreira New Jersey;1;1;;;;;1
04/09/2013;14:33:00;382;com vítima;65,69999694824219;BR-116/SP;Pista Sul;Colisão Traseira;1;1;1;;;;1
04/09/2013;13:47:00;363;com vítima;92,19999694824219;BR-116/SP;Pista Sul;Atropelamento de Pedestre Atravessando;1;2;1;;;;1
04/09/2013;04:15:00;55;sem vítima;116,0999984741211;BR-116/SP;Pista Norte;Choque em objeto na pista;1;2;;;;;1
04/09/2013;18:31:00;530;sem vítima;160,39999389648438;BR-116/SP;Pista Sul;Outros;1;1;;;;;1
04/09/2013;04:38:00;58;sem vítima;170,39999389648438;BR-116/RJ;Pista Norte;Engavetamento;1;6;;;;;1
04/09/2013;04:07:00;53;sem vítima;180,5;BR-116/RJ;Pista Norte;Abalroamento Longitudinal;1;2;;;;;1
04/09/2013;01:15:00;22;com vítima;224,10000610351562;BR-116/RJ;Pista Norte;Tombamento;1;1;;1;;;2
04/09/2013;21:48:00;624;sem vítima;227;BR-116/RJ;Pista Norte;Choque Talude;1;1;;;;;1
04/09/2013;06:49:00;104;sem vítima;227,6999969482422;BR-116/SP;Pista Sul;Engavetamento;1;5;;;;;1
04/09/2013;08:30:00;177;sem vítima;227,89999389648438;BR-116/RJ;Pista Norte;Colisão Traseira;2;2;;;;;1
04/09/2013;04:53:00;62;sem vítima;229,6999969482422;BR-116/RJ;Pista Norte;Choque em Barreira New Jersey;1;1;;;;;1
04/09/2013;14:52:00;396;sem vítima;229,6999969482422;BR-116/RJ;Pista Norte;Abalroamento Longitudinal;1;2;;;;;1
04/09/2013;04:09:00;54;sem vítima;257,5;BR-116/RJ;Pista Norte;Choque em objeto fixo;1;1;;;;;1
04/09/2013;14:14:00;370;com vítima;273,2300109863281;BR-116/RJ;Pista Sul;Choque em veículo parado na pista;1;1;1;;;;1
04/09/2013;08:43:00;186;sem vítima;318;BR-116/RJ;Pista Norte;Choque em objeto fixo;1;1;;;;;1
05/09/2013;05:11:00;87;sem vítima;35,400001525878906;BR-116/SP;Pista Norte;Abalroamento Longitudinal;2;2;;;;;1
05/09/2013;07:35:00;164;sem vítima;146,60000610351562;BR-116/SP;Pista Norte;Colisão Traseira;1;2;;;;;1
05/09/2013;20:00:00;606;sem vítima;149,39999389648438;BR-116/SP;Pista Sul;Abalroamento Longitudinal;1;3;;;;;1
05/09/2013;08:46:00;217;sem vítima;165;BR-116/SP;Pista Norte;Choque em objeto na pista;1;1;;;;;1
05/09/2013;14:18:00;406;sem vítima;173;BR-116/RJ;Pista Norte;Abalroamento Longitudinal;2;2;;;;;1
05/09/2013;06:12:00;106;com vítima;181,4499969482422;BR-116/RJ;Pista Norte;Abalroamento Longitudinal;1;2;1;;;;1
05/09/2013;14:08:00;398;sem vítima;191,6999969482422;BR-116/RJ;Pista Norte;Abalroamento Longitudinal;2;2;;;;;1
05/09/2013;06:13:00;107;sem vítima;217,6999969482422;BR-116/RJ;Pista Norte;Choque em objeto na pista;1;1;;;;;1
05/09/2013;07:07:00;142;sem vítima;228,39999389648438;BR-116/SP;Pista Sul;Abalroamento Longitudinal;1;2;;;;;1
05/09/2013;08:59:00;227;com vítima;263,54998779296875;BR-116/RJ;Pista Sul;Colisão Traseira;1;2;2;;;;1
05/09/2013;06:51:00;127;sem vítima;306,29998779296875;BR-116/RJ;Pista Sul;Choque em Barreira New Jersey;1;1;;;;;1
06/09/2013;08:44:00;216;com vítima;56,20000076293945;BR-116/SP;Pista Norte;Colisão Traseira;2;1;1;1;;;2
06/09/2013;21:40:00;724;sem vítima;68,30000305175781;BR-116/SP;Pista Norte;Choque em objeto na pista;1;4;;;;;1
06/09/2013;07:25:00;141;com vítima;111,5;BR-116/SP;Pista Norte;Colisão Traseira;2;1;1;;;;1
06/09/2013;15:22:00;450;sem vítima;116,5999984741211;BR-116/SP;Pista Norte;Colisão Traseira;2;2;;;;;1
06/09/2013;15:53:00;470;com vítima;117,5;BR-116/SP;Pista Norte;Engavetamento;1;4;2;;;;1
06/09/2013;19:30:00;634;sem vítima;134,6999969482422;BR-116/SP;Pista Sul;Colisão Traseira;1;2;;;;;1
06/09/2013;07:53:00;167;com vítima;135,89999389648438;BR-116/SP;Pista Norte;Abalroamento Longitudinal;1;1;1;;;;1
06/09/2013;14:19:00;414;sem vítima;152,25;BR-116/SP;Pista Norte;Abalroamento Longitudinal;1;2;;;;;1
06/09/2013;06:48:00;109;sem vítima;161;BR-116/SP;Pista Norte;Colisão Traseira;1;2;;;;;1
06/09/2013;18:17:00;586;sem vítima;165;BR-116/SP;Pista Sul;Colisão Traseira;2;2;;;;;1
06/09/2013;10:15:00;280;com vítima;187;BR-116/RJ;Pista Norte;Colisão Traseira;1;2;3;;;;1
06/09/2013;02:43:00;42;sem vítima;275,1000061035156;BR-116/RJ;Pista Sul;Tombamento;1;1;;;;;1
07/09/2013;17:13:00;531;sem vítima;143,1999969482422;BR-116/SP;Pista Norte;Abalroamento Longitudinal;1;6;;;;;1
07/09/2013;11:02:00;335;sem vítima;296,3999938964844;BR-116/RJ;Pista Sul;Abalroamento Longitudinal;1;6;;;;;1
08/09/2013;23:26:00;713;sem vítima;108,80000305175781;BR-116/SP;Pista Sul;Colisão Traseira;2;2;;;;;1
08/09/2013;10:41:00;245;com vítima;145,60000610351562;BR-116/SP;Pista Norte;Colisão Traseira;1;5;1;;;;1
08/09/2013;08:56:00;179;sem vítima;146,39999389648438;BR-116/SP;Pista Sul;Choque em Barreira New Jersey;1;2;;;;;1
08/09/2013;13:43:00;333;sem vítima;155,1999969482422;BR-116/SP;Pista Norte;Abalroamento Longitudinal;1;5;;;;;1
08/09/2013;15:05:00;386;com vítima;222,33999633789062;BR-116/SP;Pista Norte;Colisão Traseira;1;3;;2;;;2
08/09/2013;21:56:00;677;sem vítima;264,6000061035156;BR-116/RJ;Pista Norte;Choque em objeto na pista;1;1;;;;;1
09/09/2013;10:20:00;302;com vítima;42,900001525878906;BR-116/SP;Pista Norte;Choque em Barreira New Jersey;1;1;;1;;;2
09/09/2013;04:11:00;60;com vítima;99,4000015258789;BR-116/SP;Pista Sul;Colisão Traseira;1;24;9;1;;;2
09/09/2013;07:49:00;187;com vítima;114,05000305175781;BR-116/SP;Pista Sul;Queda de moto;1;1;;2;;;2
09/09/2013;05:56:00;94;sem vítima;139,8000030517578;BR-116/SP;Pista Sul;Atropelamento de Animal;1;1;;;;;1
09/09/2013;14:15:00;476;sem vítima;172,3000030517578;BR-116/SP;Pista Norte;Colisão Traseira;2;2;;;;;1
09/09/2013;14:58:00;499;sem vítima;180,1999969482422;BR-116/RJ;Pista Norte;Colisão Traseira;1;2;;;;;1
09/09/2013;17:06:00;588;sem vítima;180,8000030517578;BR-116/RJ;Pista Norte;Engavetamento;1;3;;;;;1
09/09/2013;08:13:00;212;sem vítima;181,39999389648438;BR-116/RJ;Pista Norte;Colisão Traseira;1;2;;;;;1
09/09/2013;00:58:00;22;sem vítima;221,1999969482422;BR-116/RJ;Pista Sul;Colisão Traseira;1;2;;;;;1
09/09/2013;11:30:00;353;sem vítima;221,3000030517578;BR-116/RJ;Pista Sul;Choque em objeto fixo;1;1;;;;;1
09/09/2013;09:30:00;273;com vítima;223;BR-116/SP;Pista Norte;Abalroamento Longitudinal;1;3;1;;;;1
09/09/2013;08:45:00;238;com vítima;224,61000061035156;BR-116/RJ;Pista Norte;Colisão Traseira;2;1;;1;;;2
09/09/2013;14:42:00;489;sem vítima;229,39999389648438;BR-116/SP;Pista Sul;Abalroamento Longitudinal;1;4;;;;;1
09/09/2013;09:57:00;291;sem vítima;281,20001220703125;BR-116/RJ;Pista Norte;Engavetamento;1;9;;;;;1
10/09/2013;08:50:00;239;sem vítima;40,599998474121094;BR-116/SP;Pista Sul;Colisão Traseira;1;2;;;;;1
10/09/2013;05:09:00;69;sem vítima;86,0999984741211;BR-116/SP;Pista Sul;Colisão Traseira;1;2;;;;;1
10/09/2013;19:47:00;662;sem vítima;108,0999984741211;BR-116/SP;Pista Norte;Colisão Traseira;1;2;;;;;1
10/09/2013;07:39:00;167;sem vítima;139,8000030517578;BR-116/SP;Pista Norte;Colisão Traseira;1;2;;;;;1
10/09/2013;08:48:00;234;sem vítima;140;BR-116/SP;Pista Sul;Colisão Traseira;2;2;;;;;1
10/09/2013;17:24:00;573;sem vítima;166;BR-116/RJ;Pista Sul;Abalroamento Longitudinal;1;6;;;;;1
10/09/2013;08:18:00;208;sem vítima;168,10000610351562;BR-116/SP;Pista Sul;Abalroamento Longitudinal;1;2;;;;;1
10/09/2013;11:32:00;360;com vítima;182;BR-116/SP;Pista Norte;Colisão Traseira;1;1;1;;;;1
10/09/2013;22:06:00;729;com vítima;192,3000030517578;BR-116/RJ;Pista Norte;Colisão Traseira;1;1;;1;1;;2
10/09/2013;05:15:00;70;com vítima;218,5;BR-116/SP;Pista Sul;Colisão Traseira;1;1;4;;;;1
10/09/2013;11:45:00;368;com vítima;219,9499969482422;BR-116/RJ;Pista Norte;Colisão Frontal;2;1;1;;;;1
10/09/2013;06:53:00;129;sem vítima;222,1999969482422;BR-116/RJ;Pista Norte;Choque em Barreira New Jersey;1;1;;;;;1
10/09/2013;19:11:00;639;com vítima;250,35000610351562;BR-116/RJ;Pista Sul;Colisão Traseira;1;2;;2;;;2
10/09/2013;04:30:00;62;sem vítima;258,04998779296875;BR-116/RJ;Pista Norte;Colisão Traseira;2;2;;;;;1
10/09/2013;21:04:00;705;sem vítima;299;BR-116/RJ;Pista Sul;Abalroamento Longitudinal;1;2;;;;;1
11/09/2013;16:01:00;480;sem vítima;33,025001525878906;BR-116/SP;Pista Sul;Colisão Traseira;1;2;;;;;1
11/09/2013;20:52:00;675;sem vítima;101,5;BR-116/SP;Pista Sul;Choque em objeto na pista;1;2;;;;;1
11/09/2013;04:42:00;70;com vítima;110;BR-116/SP;Pista Norte;Abalroamento Longitudinal;1;1;;1;;;2
11/09/2013;13:40:00;376;sem vítima;156;BR-116/SP;Pista Norte;Colisão Traseira;2;3;;;;;1
11/09/2013;08:39:00;211;sem vítima;158,3000030517578;BR-116/SP;Pista Sul;Abalroamento Longitudinal;1;2;;;;;1
11/09/2013;05:35:00;84;sem vítima;179,6999969482422;BR-116/RJ;Pista Norte;Engavetamento;1;4;;;;;1
11/09/2013;00:13:00;5;sem vítima;184,39999389648438;BR-116/RJ;Pista Norte;Colisão Traseira;2;2;;;;;1
11/09/2013;04:55:00;75;sem vítima;191;BR-116/RJ;Pista Norte;Abalroamento Longitudinal;1;2;;;;;1
11/09/2013;20:08:00;648;com vítima;222,02999877929688;BR-116/SP;Pista Norte;Abalroamento Longitudinal;1;2;;1;;;2
11/09/2013;23:32:00;747;sem vítima;239,10000610351562;BR-116/RJ;Pista Sul;Abalroamento Longitudinal;2;2;;;;;1
11/09/2013;09:13:00;244;sem vítima;248;BR-116/RJ;Pista Norte;Choque em objeto fixo;1;1;;;;;1
11/09/2013;07:06:00;125;sem vítima;257;BR-116/RJ;Pista Sul;Colisão Traseira;1;2;;;;;1
11/09/2013;15:57:00;474;com vítima;267;BR-116/RJ;Pista Sul;Engavetamento;1;2;1;;;;1
11/09/2013;13:57:00;390;com vítima;271,5;BR-116/RJ;Pista Sul;Colisão Traseira;1;1;1;1;;;2
12/09/2013;09:55:00;286;sem vítima;67,5;BR-116/SP;Pista Norte;Colisão Traseira;2;5;;;;;1
12/09/2013;07:54:00;193;sem vítima;112;BR-116/SP;Pista Sul;Colisão Traseira;1;2;;;;;1
12/09/2013;02:28:00;45;com vítima;166,89999389648438;BR-116/RJ;Pista Sul;Tombamento;4;3;1;;;;1
12/09/2013;14:59:00;476;sem vítima;169,39999389648438;BR-116/SP;Pista Norte;Abalroamento Longitudinal;3;3;;;;;1
12/09/2013;18:53:00;673;sem vítima;172,10000610351562;BR-116/RJ;Pista Sul;Colisão Traseira;1;3;;;;;1
12/09/2013;13:20:00;407;com vítima;177,47999572753906;BR-116/RJ;Pista Sul;Abalroamento Longitudinal;1;1;;1;;;2
12/09/2013;16:20:00;543;sem vítima;179,75;BR-116/SP;Pista Sul;Colisão Traseira;2;2;;;;;1
12/09/2013;13:32:00;414;sem vítima;201,42999267578125;BR-116/SP;Pista Norte;Abalroamento Longitudinal;1;3;;;;;1
12/09/2013;18:04:00;623;sem vítima;227;BR-116/SP;Pista Norte;Queda de Carga;1;3;;;;;1
12/09/2013;15:17:00;489;com vítima;267,79998779296875;BR-116/RJ;Pista Norte;Engavetamento;1;7;3;;;;1
12/09/2013;15:59:00;530;sem vítima;269,6000061035156;BR-116/RJ;Pista Norte;Colisão Traseira;1;2;;;;;1
12/09/2013;07:32:00;166;sem vítima;296;BR-116/RJ;Pista Sul;Colisão Traseira;2;2;;;;;1
12/09/2013;08:18:00;215;sem vítima;296;BR-116/RJ;Pista Sul;Colisão Traseira;1;2;;;;;1
13/09/2013;07:58:00;200;com vítima;145,3000030517578;BR-116/SP;Pista Norte;Engavetamento;4;5;;;2;;2
13/09/2013;14:23:00;470;sem vítima;147;BR-116/SP;Pista Sul;Abalroamento Longitudinal;1;2;;;;;1
13/09/2013;17:49:00;634;sem vítima;147,5;BR-116/SP;Pista Norte;Abalroamento Longitudinal;1;2;;;;;1
13/09/2013;06:09:00;103;sem vítima;165;BR-116/SP;Pista Sul;Choque em objeto fixo;1;1;;;;;1
13/09/2013;16:28:00;563;sem vítima;168,5500030517578;BR-116/RJ;Pista Norte;Abalroamento Longitudinal;1;2;;;;;1
13/09/2013;18:01:00;642;sem vítima;174;BR-116/RJ;Pista Sul;Abalroamento Longitudinal;1;2;;;;;1
13/09/2013;04:33:00;70;sem vítima;223,8000030517578;BR-116/RJ;Pista Norte;Colisão Traseira;2;2;;;;;1
14/09/2013;00:16:00;9;sem vítima;21,600000381469727;BR-116/SP;Pista Sul;Abalroamento Longitudinal;1;2;;;;;1
14/09/2013;12:06:00;327;sem vítima;86;BR-116/SP;Pista Sul;Abalroamento Longitudinal;1;4;;;;;1
14/09/2013;10:48:00;286;sem vítima;118,5999984741211;BR-116/SP;Pista Norte;Choque em objeto na pista;2;2;;;;;1
14/09/2013;05:13:00;86;com vítima;144,6999969482422;BR-116/SP;Pista Sul;Colisão Traseira;1;7;2;;1;;2
14/09/2013;06:30:00;116;com vítima;144,8000030517578;BR-116/SP;Pista Sul;Colisão Traseira;1;1;;1;;;2
14/09/2013;12:05:00;326;sem vítima;146,8000030517578;BR-116/SP;Pista Norte;Choque em objeto fixo;1;1;;;;;1
14/09/2013;00:57:00;25;sem vítima;154;BR-116/SP;Pista Norte;Tombamento;1;1;;;;;1
14/09/2013;01:33:00;36;com vítima;180,72000122070312;BR-116/RJ;Pista Norte;Abalroamento Longitudinal;1;0;;;2;3;3
14/09/2013;13:42:00;366;sem vítima;181,8000030517578;BR-116/RJ;Pista Norte;Abalroamento Longitudinal;1;2;;;;;1
14/09/2013;03:48:00;67;sem vítima;186;BR-116/SP;Pista Norte;Abalroamento Longitudinal;1;51;;;;;1
14/09/2013;23:23:00;701;sem vítima;190;BR-116/RJ;Pista Sul;Colisão Traseira;1;3;;;;;1
15/09/2013;18:25:00;565;sem vítima;132,5;BR-116/SP;Pista Norte;Choque em veículo parado na pista;1;5;;;;;1
15/09/2013;20:27:00;655;sem vítima;204,3000030517578;BR-116/SP;Pista Sul;Abalroamento Longitudinal;1;5;;;;;1
15/09/2013;00:37:00;17;sem vítima;210,39999389648438;BR-116/SP;Pista Sul;Colisão Traseira;1;4;;;;;1
15/09/2013;04:47:00;78;sem vítima;222,8000030517578;BR-116/RJ;Pista Norte;Colisão Traseira;1;27;;;;;1
15/09/2013;21:16:00;691;sem vítima;226,8000030517578;BR-116/RJ;Pista Norte;Abalroamento Longitudinal;2;2;;;;;1
16/09/2013;17:27:00;577;sem vítima;94,5999984741211;BR-116/SP;Pista Sul;Abalroamento Longitudinal;1;2;;;;;1
16/09/2013;07:44:00;152;com vítima;161;BR-116/SP;Pista Norte;Colisão Traseira;1;1;1;;;;1
16/09/2013;21:42:00;727;sem vítima;190,3000030517578;BR-116/RJ;Pista Norte;Choque em veículo parado na pista;2;2;;;;;1
16/09/2013;02:08:00;35;sem vítima;208;BR-116/SP;Pista Sul;Colisão Traseira;2;3;;;;;1
16/09/2013;00:43:00;17;com vítima;210,1999969482422;BR-116/RJ;Pista Norte;Colisão Traseira;2;2;1;;;;1
16/09/2013;09:44:00;277;sem vítima;224;BR-116/SP;Pista Sul;Colisão Traseira;1;2;;;;;1
16/09/2013;14:46:00;466;sem vítima;255,5;BR-116/RJ;Pista Sul;Choque em Defensa;1;1;;;;;1
16/09/2013;00:35:00;13;sem vítima;269,70001220703125;BR-116/RJ;Pista Norte;Choque em Barreira New Jersey;1;2;;;;;1
16/09/2013;15:43:00;502;sem vítima;296,70001220703125;BR-116/RJ;Pista Sul;Abalroamento Longitudinal;1;2;;;;;1
17/09/2013;17:02:00;459;sem vítima;82,30000305175781;BR-116/SP;Pista Sul;Abalroamento Longitudinal;1;3;;;;;1
17/09/2013;20:41:00;593;com vítima;86,0999984741211;BR-116/SP;Pista Norte;Colisão Traseira;1;1;;1;;;2
17/09/2013;07:27:00;133;sem vítima;105,0999984741211;BR-116/SP;Pista Sul;Abalroamento Longitudinal;1;2;;;;;1
17/09/2013;09:24:00;231;sem vítima;182;BR-116/SP;Pista Norte;Choque em objeto fixo;1;1;;;;;1
17/09/2013;18:24:00;509;sem vítima;183,9499969482422;BR-116/RJ;Pista Norte;Choque em objeto fixo;1;1;;;;;1
17/09/2013;00:56:00;21;com vítima;199,60000610351562;BR-116/SP;Pista Sul;Choque em veículo parado na pista;1;2;1;;;;1
17/09/2013;10:46:00;281;sem vítima;202,5;BR-116/SP;Pista Sul;Abalroamento Longitudinal;2;6;;;;;1
17/09/2013;05:59:00;86;sem vítima;202,8000030517578;BR-116/RJ;Pista Norte;Colisão Traseira;2;2;;;;;1
17/09/2013;20:58:00;604;com vítima;203,72000122070312;BR-116/RJ;Pista Sul;Tombamento;1;0;1;;;;1
17/09/2013;07:25:00;130;com vítima;207,10000610351562;BR-116/RJ;Pista Norte;Engavetamento;3;2;;2;;;2
17/09/2013;09:08:00;217;sem vítima;221,6999969482422;BR-116/SP;Pista Norte;Engavetamento;1;4;;;;;1
17/09/2013;22:06:00;625;com vítima;229,3000030517578;BR-116/SP;Pista Sul;Abalroamento Longitudinal;1;1;1;;;;1
17/09/2013;21:55:00;619;sem vítima;245,50999450683594;BR-116/RJ;Pista Sul;Choque em objeto fixo;1;1;;;;;1
17/09/2013;05:16:00;73;com vítima;328,2300109863281;BR-116/RJ;Pista Norte;Choque em Barreira New Jersey;1;0;1;;;;1
18/09/2013;14:42:00;456;sem vítima;64,5999984741211;BR-116/SP;Pista Norte;Engavetamento;2;9;;;;;1
18/09/2013;10:42:00;318;sem vítima;81,4000015258789;BR-116/SP;Pista Sul;Colisão Traseira;2;2;;;;;1
18/09/2013;12:13:00;366;com vítima;131,60000610351562;BR-116/SP;Pista Norte;Colisão Traseira;1;1;1;;;;1
18/09/2013;09:46:00;275;sem vítima;163;BR-116/RJ;Pista Sul;Abalroamento Longitudinal;2;2;;;;;1
18/09/2013;15:40:00;498;sem vítima;178,89999389648438;BR-116/RJ;Pista Norte;Abalroamento Longitudinal;1;5;;;;;1
18/09/2013;10:49:00;324;sem vítima;220;BR-116/SP;Pista Sul;Colisão Traseira;2;2;;;;;1
18/09/2013;15:03:00;471;sem vítima;220,10000610351562;BR-116/SP;Pista Sul;Colisão Traseira;1;4;;;;;1
18/09/2013;09:59:00;286;com vítima;235,6999969482422;BR-116/RJ;Pista Sul;Engavetamento;2;9;2;;;;1
18/09/2013;11:10:00;336;sem vítima;287;BR-116/RJ;Pista Sul;Colisão Traseira;1;3;;;;;1
18/09/2013;22:20:00;701;com vítima;293,1000061035156;BR-116/RJ;Pista Norte;Colisão Traseira;2;1;1;;;;1
19/09/2013;07:06:00;130;sem vítima;80,19999694824219;BR-116/SP;Pista Sul;Colisão Traseira;1;2;;;;;1
19/09/2013;17:04:00;534;com vítima;110,4000015258789;BR-116/SP;Pista Norte;Queda de ribanceira;1;0;1;;;;1
19/09/2013;07:00:00;123;sem vítima;187,3000030517578;BR-116/SP;Pista Sul;Choque em Barreira New Jersey;1;2;;;;;1
19/09/2013;20:58:00;664;sem vítima;207;BR-116/RJ;Pista Sul;Colisão Traseira;1;4;;;;;1
19/09/2013;09:25:00;247;sem vítima;212,6999969482422;BR-116/SP;Pista Sul;Choque em Barreira New Jersey;1;1;;;;;1
19/09/2013;04:58:00;70;sem vítima;214,89999389648438;BR-116/SP;Pista Sul;Abalroamento Longitudinal;1;3;;;;;1
19/09/2013;13:44:00;419;com vítima;221,60000610351562;BR-116/SP;Pista Norte;Colisão Traseira;2;2;1;;;;1
19/09/2013;07:08:00;134;sem vítima;226,6999969482422;BR-116/RJ;Pista Norte;Abalroamento Longitudinal;1;22;;;;;1
19/09/2013;19:43:00;636;sem vítima;303,29998779296875;BR-116/RJ;Pista Sul;Abalroamento Longitudinal;1;6;;;;;1
19/09/2013;08:01:00;179;sem vítima;304,5;BR-116/RJ;Pista Sul;Abalroamento Longitudinal;2;3;;;;;1
19/09/2013;21:02:00;671;sem vítima;317,5199890136719;BR-116/RJ;Pista Sul;Outros;1;2;;;;;1
20/09/2013;08:47:00;218;sem vítima;138,60000610351562;BR-116/SP;Pista Sul;Engavetamento;1;5;;;;;1
20/09/2013;19:37:00;678;sem vítima;148;BR-116/SP;Pista Sul;Abalroamento Longitudinal;1;2;;;;;1
20/09/2013;08:48:00;219;sem vítima;166,3000030517578;BR-116/RJ;Pista Sul;Engavetamento;1;5;;;;;1
20/09/2013;07:31:00;138;com vítima;167,3000030517578;BR-116/RJ;Pista Norte;Queda de moto;1;3;;;;1;3
20/09/2013;19:48:00;686;com vítima;167,85000610351562;BR-116/SP;Pista Norte;Abalroamento Longitudinal;1;1;1;;;;1
20/09/2013;14:00:00;420;com vítima;167,89999389648438;BR-116/RJ;Pista Sul;Outros;1;4;1;;;;1
20/09/2013;15:26:00;494;sem vítima;169,6999969482422;BR-116/RJ;Pista Sul;Colisão Traseira;1;4;;;;;1
20/09/2013;02:24:00;30;sem vítima;175,10000610351562;BR-116/SP;Pista Sul;Atropelamento de Animal;1;1;;;;;1
20/09/2013;12:30:00;376;sem vítima;176,1999969482422;BR-116/SP;Pista Norte;Colisão Traseira;1;3;;;;;1
20/09/2013;07:50:00;167;sem vítima;181,10000610351562;BR-116/RJ;Pista Norte;Colisão Traseira;1;2;;;;;1
20/09/2013;12:29:00;375;com vítima;183,60000610351562;BR-116/RJ;Pista Sul;Outros;1;2;1;;;;1
20/09/2013;08:45:00;215;sem vítima;204,5;BR-116/SP;Pista Sul;Choque em Barreira New Jersey;1;1;;;;;1
20/09/2013;07:52:00;170;sem vítima;223;BR-116/SP;Pista Norte;Colisão Traseira;1;3;;;;;1
20/09/2013;04:07:00;45;sem vítima;223,89999389648438;BR-116/RJ;Pista Norte;Choque em objeto fixo;1;1;;;;;1
20/09/2013;06:57:00;113;sem vítima;224,3000030517578;BR-116/SP;Pista Sul;Colisão Traseira;1;2;;;;;1
20/09/2013;08:52:00;223;com vítima;297,1000061035156;BR-116/RJ;Pista Sul;Colisão Traseira;1;2;1;;;;1
21/09/2013;12:36:00;378;com vítima;174,5;BR-116/RJ;Pista Sul;Tombamento;1;1;1;;;;1
21/09/2013;08:56:00;233;sem vítima;178,39999389648438;BR-116/RJ;Pista Sul;Abalroamento Transversal;1;2;;;;;1
21/09/2013;16:05:00;527;sem vítima;201,89999389648438;BR-116/RJ;Pista Sul;Colisão Traseira;1;5;;;;;1
21/09/2013;13:02:00;398;sem vítima;204,5;BR-116/SP;Pista Sul;Choque em objeto fixo;1;2;;;;;1
21/09/2013;14:01:00;434;sem vítima;211,10000610351562;BR-116/SP;Pista Sul;Engavetamento;1;4;;;;;1
21/09/2013;18:44:00;640;com vítima;218,39999389648438;BR-116/SP;Pista Sul;Choque em veículo parado na pista;1;1;;;1;;2
21/09/2013;14:24:00;460;sem vítima;221,10000610351562;BR-116/SP;Pista Norte;Engavetamento;1;9;;;;;1
21/09/2013;06:26:00;117;com vítima;222,6999969482422;BR-116/RJ;Pista Sul;Colisão Traseira;1;1;1;2;;;2
21/09/2013;00:20:00;12;sem vítima;224,3000030517578;BR-116/SP;Pista Norte;Choque em Defensa;1;1;;;;;1
21/09/2013;06:30:00;119;sem vítima;274,95001220703125;BR-116/RJ;Pista Sul;Engavetamento;1;3;;;;;1
22/09/2013;17:36:00;462;sem vítima;86,94999694824219;BR-116/SP;Pista Sul;Choque em Barreira New Jersey;1;1;;;;;1
22/09/2013;18:32:00;509;sem vítima;183,1999969482422;BR-116/RJ;Pista Norte;Colisão Traseira;1;4;;;;;1
22/09/2013;01:04:00;17;com vítima;219,3000030517578;BR-116/RJ;Pista Norte;Tombamento;1;1;1;;;;1
23/09/2013;06:44:00;131;sem vítima;165,5;BR-116/SP;Pista Sul;Colisão Traseira;1;3;;;;;1
23/09/2013;05:03:00;80;sem vítima;179,8000030517578;BR-116/RJ;Pista Norte;Colisão Traseira;1;2;;;;;1
23/09/2013;10:42:00;307;sem vítima;216,10000610351562;BR-116/SP;Pista Sul;Abalroamento Longitudinal;1;4;;;;;1
23/09/2013;23:23:00;721;sem vítima;217,89999389648438;BR-116/SP;Pista Norte;Abalroamento Longitudinal;1;2;;;;;1
23/09/2013;22:28:00;701;sem vítima;281;BR-116/RJ;Pista Sul;Outros;1;1;;;;;1
23/09/2013;11:14:00;325;sem vítima;293,20001220703125;BR-116/RJ;Pista Sul;Engavetamento;1;4;;;;;1
23/09/2013;15:36:00;475;sem vítima;301;BR-116/RJ;Pista Sul;Colisão Traseira;2;2;;;;;1
23/09/2013;06:14:00;110;com vítima;303,3999938964844;BR-116/RJ;Pista Sul;Colisão Traseira;1;1;1;;;;1
24/09/2013;03:25:00;58;sem vítima;56,900001525878906;BR-116/SP;Pista Norte;Atropelamento de Animal;1;2;;;;;1
24/09/2013;11:18:00;355;sem vítima;98,4000015258789;BR-116/SP;Pista Norte;Queda de Carga;2;2;;;;;1
24/09/2013;06:07:00;100;sem vítima;112,5;BR-116/SP;Pista Norte;Colisão Traseira;2;2;;;;;1