data;horario;n_da_ocorrencia;tipo_de_ocorrencia;km;trecho;sentido;tipo_de_acidente;caminhao;ilesos;levemente_feridos;moderadamente_feridos;gravemente_feridos;mortos;3
24/09/2013;05:50:00;94;sem vítima;165,1999969482422;BR-116/SP;Pista Norte;Colisão Traseira;2;2;;;;;1
24/09/2013;01:32:00;30;sem vítima;176,6699981689453;BR-116/RJ;Pista Norte;Abalroamento Longitudinal;1;2;;;;;1
24/09/2013;20:58:00;677;sem vítima;182;BR-116/SP;Pista Norte;Colisão Traseira;2;2;;;;;1
24/09/2013;05:48:00;93;sem vítima;182,89999389648438;BR-116/RJ;Pista Sul;Colisão Traseira;1;2;;;;;1
24/09/2013;07:12:00;145;sem vítima;190,75;BR-116/SP;Pista Norte;Colisão Traseira;1;2;;;;;1
24/09/2013;09:44:00;281;com vítima;211,5;BR-116/SP;Pista Sul;Engavetamento;1;4;1;;;;1
24/09/2013;04:52:00;79;com vítima;219,39999389648438;BR-116/RJ;Pista Norte;Tombamento;1;0;1;;;;1
24/09/2013;12:09:00;389;sem vítima;226;BR-116/RJ;Pista Norte;Queda de Carga;1;1;;;;;1
24/09/2013;14:19:00;471;sem vítima;229,60000610351562;BR-116/SP;Pista Sul;Colisão Traseira;2;2;;;;;1
24/09/2013;04:18:00;69;sem vítima;265;BR-116/RJ;Pista Norte;Colisão Traseira;1;2;;;;;1
24/09/2013;13:07:00;420;sem vítima;266,17999267578125;BR-116/RJ;Pista Sul;Choque em Barreira New Jersey;1;1;;;;;1
24/09/2013;13:01:00;415;com vítima;273,1000061035156;BR-116/RJ;Pista Sul;Engavetamento;1;2;;;1;;2
24/09/2013;11:59:00;384;sem vítima;328,79998779296875;BR-116/RJ;Pista Sul;Choque em Barreira New Jersey;1;1;;;;;1
25/09/2013;14:18:00;451;sem vítima;61,099998474121094;BR-116/SP;Pista Sul;Colisão Traseira;2;2;;;;;1
25/09/2013;07:50:00;174;sem vítima;80,63999938964844;BR-116/SP;Pista Norte;Abalroamento Longitudinal;2;2;;;;;1
25/09/2013;16:43:00;538;sem vítima;86,94999694824219;BR-116/SP;Pista Norte;Choque em objeto fixo;1;1;;;;;1
25/09/2013;15:39:00;504;sem vítima;166,60000610351562;BR-116/RJ;Pista Sul;Colisão Traseira;1;2;;;;;1
25/09/2013;10:22:00;303;sem vítima;187,5;BR-116/SP;Pista Norte;Tombamento;1;1;;;;;1
25/09/2013;01:46:00;42;sem vítima;208;BR-116/RJ;Pista Norte;Abalroamento Longitudinal;2;2;;;;;1
25/09/2013;10:25:00;306;sem vítima;211,5;BR-116/SP;Pista Sul;Abalroamento Longitudinal;1;2;;;;;1
25/09/2013;17:21:00;565;com vítima;217,10000610351562;BR-116/SP;Pista Norte;Colisão Traseira;1;4;1;;;;1
25/09/2013;14:56:00;476;sem vítima;220,3300018310547;BR-116/RJ;Pista Sul;Tombamento;2;2;;;;;1
25/09/2013;09:58:00;293;sem vítima;224,85000610351562;BR-116/SP;Pista Sul;Engavetamento;2;3;;;;;1
25/09/2013;23:54:00;786;sem vítima;267,70001220703125;BR-116/RJ;Pista Norte;Atropelamento de Animal;1;1;;;;;1
25/09/2013;06:22:00;102;sem vítima;272,95001220703125;BR-116/RJ;Pista Norte;Outros;1;1;;;;;1
25/09/2013;11:56:00;370;sem vítima;298,1000061035156;BR-116/RJ;Pista Sul;Colisão Traseira;1;2;;;;;1
26/09/2013;17:55:00;589;sem vítima;133,60000610351562;BR-116/SP;Pista Sul;Engavetamento;1;3;;;;;1
26/09/2013;20:02:00;665;sem vítima;154,3000030517578;BR-116/SP;Pista Sul;Colisão Traseira;1;2;;;;;1
26/09/2013;00:32:00;12;sem vítima;177,10000610351562;BR-116/RJ;Pista Sul;Choque em veículo parado na pista;1;46;;;;;1
26/09/2013;13:01:00;404;sem vítima;219,1999969482422;BR-116/SP;Pista Norte;Engavetamento;2;5;;;;;1
26/09/2013;16:05:00;515;sem vítima;222,60000610351562;BR-116/SP;Pista Norte;Abalroamento Longitudinal;1;3;;;;;1
26/09/2013;08:42:00;247;com vítima;246,3000030517578;BR-116/RJ;Pista Norte;Outros;2;1;1;;;;1
27/09/2013;06:58:00;126;sem vítima;27,5;BR-116/SP;Pista Sul;Choque em objeto fixo;1;1;;;;;1
27/09/2013;15:44:00;458;sem vítima;146,5500030517578;BR-116/SP;Pista Sul;Abalroamento Longitudinal;1;3;;;;;1
27/09/2013;19:51:00;633;sem vítima;176,14999389648438;BR-116/RJ;Pista Sul;Abalroamento Longitudinal;1;4;;;;;1
27/09/2013;10:05:00;257;com vítima;177,60000610351562;BR-116/RJ;Pista Norte;Engavetamento;1;2;1;;;;1
27/09/2013;21:08:00;678;com vítima;180,60000610351562;BR-116/RJ;Pista Norte;Colisão Traseira;1;8;1;;;;1
27/09/2013;09:08:00;222;sem vítima;183,89999389648438;BR-116/RJ;Pista Sul;Colisão Traseira;1;2;;;;;1
27/09/2013;01:33:00;23;sem vítima;201,89999389648438;BR-116/SP;Pista Sul;Choque em objeto na pista;1;2;;;;;1
27/09/2013;13:32:00;371;sem vítima;207,39999389648438;BR-116/RJ;Pista Sul;Choque em objeto fixo;1;2;;;;;1
27/09/2013;07:13:00;138;sem vítima;218,89999389648438;BR-116/SP;Pista Norte;Colisão Traseira;1;2;;;;;1
27/09/2013;18:59:00;600;sem vítima;299;BR-116/RJ;Pista Sul;Choque em veículo parado na pista;1;2;;;;;1
28/09/2013;06:14:00;103;sem vítima;93,4000015258789;BR-116/SP;Pista Sul;Queda de ribanceira;1;1;;;;;1
28/09/2013;05:34:00;92;sem vítima;175,39999389648438;BR-116/SP;Pista Sul;Abalroamento Longitudinal;1;4;;;;;1
28/09/2013;06:25:00;111;sem vítima;226,6999969482422;BR-116/SP;Pista Norte;Colisão Traseira;1;4;;;;;1
28/09/2013;15:35:00;446;sem vítima;328,45001220703125;BR-116/RJ;Pista Sul;Queda de Carga;1;1;;;;;1
28/09/2013;16:08:00;467;com vítima;328,45001220703125;BR-116/RJ;Pista Sul;Choque em veículo parado na pista;2;3;1;;;;1
29/09/2013;08:09:00;134;com vítima;166;BR-116/SP;Pista Norte;Choque em objeto fixo;1;2;3;;;;1
29/09/2013;20:19:00;516;com vítima;280,29998779296875;BR-116/RJ;Pista Norte;;1;0;1;;;;1
29/09/2013;15:25:00;324;sem vítima;320,3999938964844;BR-116/RJ;Pista Norte;Abalroamento Longitudinal;1;2;;;;;1
30/09/2013;12:14:00;364;sem vítima;104,5;BR-116/SP;Pista Sul;Outros;1;1;;;;;1
30/09/2013;22:03:00;693;com vítima;181,89999389648438;BR-116/RJ;Pista Sul;Colisão Traseira;1;2;1;;;;1
30/09/2013;13:04:00;388;sem vítima;201;BR-116/SP;Pista Sul;Tombamento;1;2;;;;;1
30/09/2013;00:43:00;17;sem vítima;206,89999389648438;BR-116/SP;Pista Norte;Atropelamento de Animal;1;1;;;;;1
30/09/2013;13:55:00;415;sem vítima;221,39999389648438;BR-116/SP;Pista Norte;Abalroamento Longitudinal;1;3;;;;;1
30/09/2013;09:44:00;271;com vítima;221,89999389648438;BR-116/SP;Pista Sul;Abalroamento Longitudinal;1;3;1;;;;1
30/09/2013;09:04:00;239;sem vítima;223,3000030517578;BR-116/RJ;Pista Norte;Colisão Traseira;1;2;;;;;1
30/09/2013;16:38:00;511;sem vítima;330,6000061035156;BR-116/RJ;Pista Sul;Colisão Traseira;1;3;;;;;1
25/11/2013;18:38:00;525;sem vítima;170,60000610351562;BR-116/RJ;Pista Sul;Colisão Traseira;1;6;;;;;1
25/11/2013;20:04:00;589;sem vítima;172,0500030517578;BR-116/RJ;Pista Sul;Abalroamento Longitudinal;1;2;;;;;1
25/11/2013;22:21:00;661;sem vítima;231,1999969482422;BR-116/SP;Pista Sul;Colisão Traseira;2;2;;;;;1
25/11/2013;18:29:00;518;sem vítima;293,1000061035156;BR-116/RJ;Pista Sul;Outros;2;3;;;;;1
26/11/2013;22:21:00;695;sem vítima;22,399999618530273;BR-116/SP;Pista Sul;Choque em objeto fixo;1;1;;;;;1
26/11/2013;20:00:00;624;sem vítima;29,600000381469727;BR-116/SP;Pista Sul;Abalroamento Longitudinal;1;2;;;;;1
26/11/2013;08:56:00;226;sem vítima;38,54999923706055;BR-116/SP;Pista Norte;Choque em Barreira New Jersey;1;1;;;;;1
26/11/2013;16:13:00;467;sem vítima;102,80000305175781;BR-116/SP;Pista Norte;Colisão Traseira;1;2;;;;;1
26/11/2013;16:06:00;462;sem vítima;102,9000015258789;BR-116/SP;Pista Sul;Engavetamento;1;4;;;;;1
26/11/2013;10:28:00;298;sem vítima;122,69999694824219;BR-116/SP;Pista Sul;Colisão Traseira;2;2;;;;;1
26/11/2013;10:18:00;291;sem vítima;124,69999694824219;BR-116/SP;Pista Sul;Outros;1;1;;;;;1
26/11/2013;21:00:00;652;sem vítima;125,0999984741211;BR-116/SP;Pista Norte;Engavetamento;2;4;;;;;1
26/11/2013;09:40:00;259;sem vítima;127,8499984741211;BR-116/SP;Pista Sul;Colisão Traseira;2;2;;;;;1
26/11/2013;09:37:00;258;sem vítima;128,5;BR-116/SP;Pista Sul;Engavetamento;3;3;;;;;1
26/11/2013;08:08:00;192;sem vítima;145;BR-116/SP;Pista Norte;Choque em Barreira New Jersey;1;1;;;;;1
26/11/2013;00:03:00;5;com vítima;170,89999389648438;BR-116/RJ;Pista Sul;Choque em objeto na pista;2;3;2;;;;1
26/11/2013;20:41:00;643;sem vítima;173,6999969482422;BR-116/RJ;Pista Sul;Colisão Traseira;1;2;;;;;1
26/11/2013;08:42:00;214;sem vítima;179,10000610351562;BR-116/RJ;Pista Sul;Colisão Traseira;2;2;;;;;1
26/11/2013;11:19:00;319;com vítima;208,6999969482422;BR-116/RJ;Pista Sul;Engavetamento;1;2;2;;;;1
26/11/2013;00:29:00;11;sem vítima;209,9499969482422;BR-116/RJ;Pista Norte;Colisão Traseira;2;2;;;;;1
26/11/2013;09:17:00;240;sem vítima;217,1999969482422;BR-116/RJ;Pista Norte;Choque em objeto na pista;1;1;;;;;1
26/11/2013;17:46:00;529;sem vítima;219;BR-116/SP;Pista Norte;Abalroamento Longitudinal;1;53;;;;;1
26/11/2013;13:31:00;383;com vítima;219,39999389648438;BR-116/SP;Pista Norte;Colisão Traseira;1;1;1;;;;1
26/11/2013;14:19:00;409;com vítima;227,6999969482422;BR-116/SP;Pista Norte;Engavetamento;1;4;;1;;;2
26/11/2013;22:37:00;701;sem vítima;228,5;BR-116/RJ;Pista Sul;Engavetamento;3;3;;;;;1
26/11/2013;00:33:00;12;com vítima;245,89999389648438;BR-116/RJ;Pista Norte;Colisão Traseira;2;2;;1;;;2
26/11/2013;03:37:00;50;com vítima;247,10000610351562;BR-116/RJ;Pista Norte;Choque em objeto fixo;1;1;1;;;;1
26/11/2013;06:56:00;128;sem vítima;272,79998779296875;BR-116/RJ;Pista Norte;Colisão Traseira;2;2;;;;;1
26/11/2013;06:22:00;104;com vítima;300;BR-116/RJ;Pista Norte;Colisão Traseira;2;1;1;;;;1
26/11/2013;18:46:00;578;sem vítima;300,6000061035156;BR-116/RJ;Pista Sul;Colisão Traseira;1;2;;;;;1
27/11/2013;09:07:00;271;com vítima;86,9000015258789;BR-116/SP;Pista Norte;Colisão Traseira;1;1;;1;1;;2
27/11/2013;03:19:00;55;sem vítima;86,94999694824219;BR-116/SP;Pista Norte;Choque em objeto fixo;1;1;;;;;1
27/11/2013;10:06:00;324;sem vítima;181,60000610351562;BR-116/RJ;Pista Sul;Abalroamento Longitudinal;1;23;;;;;1
27/11/2013;09:33:00;301;sem vítima;183,60000610351562;BR-116/RJ;Pista Norte;Abalroamento Longitudinal;1;2;;;;;1
27/11/2013;11:37:00;401;sem vítima;189,10000610351562;BR-116/RJ;Pista Sul;Abalroamento Longitudinal;2;2;;;;;1
27/11/2013;17:15:00;653;sem vítima;204,89999389648438;BR-116/SP;Pista Norte;Colisão Traseira;2;2;;;;;1
27/11/2013;01:30:00;23;sem vítima;226,3000030517578;BR-116/RJ;Pista Norte;Choque em Barreira New Jersey;1;1;;;;;1
27/11/2013;08:37:00;233;com vítima;262,8999938964844;BR-116/RJ;Pista Norte;Queda de ribanceira;1;0;;;;1;3
27/11/2013;18:41:00;709;com vítima;269,20001220703125;BR-116/RJ;Pista Norte;Choque em objeto na pista;1;2;1;;;;1
27/11/2013;10:21:00;343;sem vítima;297,1000061035156;BR-116/RJ;Pista Norte;Abalroamento Longitudinal;1;2;;;;;1
27/11/2013;11:28:00;395;sem vítima;323,1000061035156;BR-116/RJ;Pista Norte;Colisão Traseira;1;2;;;;;1
28/11/2013;03:31:00;53;sem vítima;16,600000381469727;BR-116/SP;Pista Sul;Queda de Carga;1;1;;;;;1
28/11/2013;02:20:00;40;sem vítima;34,29999923706055;BR-116/SP;Pista Norte;Colisão Traseira;2;2;;;;;1
28/11/2013;02:10:00;38;sem vítima;107,95999908447266;BR-116/SP;Pista Norte;Colisão Traseira;1;2;;;;;1
28/11/2013;11:05:00;352;sem vítima;142,5;BR-116/SP;Pista Norte;Colisão Traseira;1;2;;;;;1
28/11/2013;12:19:00;423;sem vítima;164,60000610351562;BR-116/RJ;Pista Norte;Engavetamento;1;5;;;;;1
28/11/2013;09:51:00;292;sem vítima;210;BR-116/SP;Pista Norte;Abalroamento Longitudinal;1;2;;;;;1
28/11/2013;17:37:00;660;com vítima;212,6999969482422;BR-116/SP;Pista Sul;Abalroamento Longitudinal;1;15;1;;;;1
28/11/2013;16:31:00;612;com vítima;216,6999969482422;BR-116/SP;Pista Sul;Choque em Barreira New Jersey;1;0;1;;;;1
28/11/2013;09:21:00;264;sem vítima;218,5500030517578;BR-116/RJ;Pista Norte;Queda de Carga;1;1;;;;;1
28/11/2013;10:56:00;345;sem vítima;221,60000610351562;BR-116/RJ;Pista Sul;Abalroamento Longitudinal;1;2;;;;;1
28/11/2013;07:42:00;178;com vítima;227,10000610351562;BR-116/SP;Pista Sul;Engavetamento;1;18;1;;;3;3
28/11/2013;13:12:00;463;sem vítima;230;BR-116/SP;Pista Sul;Abalroamento Longitudinal;1;2;;;;;1
28/11/2013;13:44:00;493;com vítima;230,19000244140625;BR-116/RJ;Pista Norte;Engavetamento;1;3;;1;;;2
28/11/2013;16:23:00;611;com vítima;248;BR-116/RJ;Pista Sul;Colisão Traseira;1;36;1;;;;1
28/11/2013;17:56:00;673;sem vítima;273,8999938964844;BR-116/RJ;Pista Norte;Colisão Traseira;1;2;;;;;1
28/11/2013;16:38:00;619;sem vítima;288,79998779296875;BR-116/RJ;Pista Sul;Colisão Traseira;1;2;;;;;1
29/11/2013;15:25:00;528;sem vítima;27,600000381469727;BR-116/SP;Pista Sul;Choque em Barreira New Jersey;1;1;;;;;1
29/11/2013;13:25:00;431;sem vítima;78,1500015258789;BR-116/SP;Pista Norte;Outros;1;2;;;;;1
29/11/2013;22:51:00;853;sem vítima;86,94999694824219;BR-116/SP;Pista Norte;Choque em Barreira New Jersey;1;1;;;;;1
29/11/2013;16:17:00;579;sem vítima;102,69999694824219;BR-116/SP;Pista Norte;Abalroamento Longitudinal;2;2;;;;;1
29/11/2013;19:44:00;743;sem vítima;110,80000305175781;BR-116/SP;Pista Norte;Choque em objeto na pista;1;6;;;;;1
29/11/2013;12:15:00;382;com vítima;131,8000030517578;BR-116/SP;Pista Sul;Colisão Traseira;1;1;;1;;;2
29/11/2013;07:03:00;134;sem vítima;146,39999389648438;BR-116/SP;Pista Sul;Colisão Traseira;2;3;;;;;1
29/11/2013;02:13:00;44;com vítima;174,64999389648438;BR-116/RJ;Pista Norte;Choque em veículo parado na pista;2;1;;1;;;2
29/11/2013;09:54:00;299;sem vítima;181,6999969482422;BR-116/RJ;Pista Norte;Colisão Traseira;2;2;;;;;1
29/11/2013;22:07:00;836;com vítima;182;BR-116/SP;Pista Norte;Choque em objeto fixo;1;6;1;;;;1
29/11/2013;09:31:00;276;sem vítima;204;BR-116/SP;Pista Sul;Colisão Traseira;1;2;;;;;1
29/11/2013;19:06:00;714;sem vítima;210,5;BR-116/SP;Pista Sul;Colisão Traseira;2;5;;;;;1
29/11/2013;11:10:00;353;sem vítima;215,89999389648438;BR-116/SP;Pista Sul;Abalroamento Longitudinal;1;3;;;;;1
29/11/2013;18:25:00;682;sem vítima;298;BR-116/RJ;Pista Norte;Abalroamento Longitudinal;1;2;;;;;1
29/11/2013;20:46:00;791;sem vítima;299,6000061035156;BR-116/RJ;Pista Sul;Outros;1;1;;;;;1
30/11/2013;00:18:00;15;sem vítima;32,29999923706055;BR-116/SP;Pista Sul;Engavetamento;3;3;;;;;1
30/11/2013;08:16:00;186;sem vítima;45,29999923706055;BR-116/SP;Pista Norte;Abalroamento Longitudinal;2;2;;;;;1
30/11/2013;03:05:00;64;com vítima;119,80000305175781;BR-116/SP;Pista Sul;Queda de Carga;1;1;;;1;;2
30/11/2013;06:22:00;120;com vítima;165,10000610351562;BR-116/RJ;Pista Norte;Queda de moto;1;2;;;;1;3
30/11/2013;16:46:00;477;sem vítima;175,39999389648438;BR-116/RJ;Pista Sul;Colisão Traseira;1;3;;;;;1
30/11/2013;07:40:00;160;sem vítima;182;BR-116/SP;Pista Norte;Colisão Traseira;1;5;;;;;1
30/11/2013;04:28:00;86;com vítima;205,5;BR-116/RJ;Pista Sul;Engavetamento;2;4;1;;;;1
30/11/2013;09:13:00;217;com vítima;214,39999389648438;BR-116/SP;Pista Sul;Abalroamento Longitudinal;1;1;1;;;;1
30/11/2013;01:06:00;33;sem vítima;217;BR-116/SP;Pista Norte;Abalroamento Longitudinal;1;2;;;;;1
30/11/2013;17:42:00;513;com vítima;225,1999969482422;BR-116/RJ;Pista Norte;Colisão Traseira;1;4;1;;;;1
30/11/2013;01:11:00;34;sem vítima;226,35000610351562;BR-116/RJ;Pista Norte;Choque Talude;1;1;;;;;1
30/11/2013;08:18:00;189;sem vítima;234,35000610351562;BR-116/RJ;Pista Norte;Abalroamento Longitudinal;1;2;;;;;1
30/11/2013;08:45:00;208;sem vítima;274,5;BR-116/RJ;Pista Sul;Colisão Traseira;1;2;;;;;1
30/11/2013;13:35:00;373;sem vítima;299,1000061035156;BR-116/RJ;Pista Sul;Abalroamento Longitudinal;1;2;;;;;1
30/11/2013;10:22:00;263;sem vítima;316,70001220703125;BR-116/RJ;Pista Norte;Abalroamento Longitudinal;2;2;;;;;1
30/11/2013;17:33:00;502;sem vítima;318,8999938964844;BR-116/RJ;Pista Norte;Choque em objeto fixo;1;1;;;;;1
26/12/2013;13:02:00;348;sem vítima;98;BR-116/SP;Pista Norte;Abalroamento Longitudinal;1;5;;;;;1
26/12/2013;16:03:00;466;com vítima;117,5999984741211;BR-116/SP;Pista Norte;Engavetamento;1;14;3;1;;;2
26/12/2013;18:21:00;566;sem vítima;263,8599853515625;BR-116/RJ;Pista Sul;Choque em Barreira New Jersey;1;2;;;;;1
26/12/2013;16:55:00;506;sem vítima;310,1000061035156;BR-116/RJ;Pista Sul;Colisão Traseira;1;4;;;;;1
27/12/2013;07:34:00;139;sem vítima;149,8000030517578;BR-116/SP;Pista Norte;Engavetamento;3;9;;;;;1
27/12/2013;16:54:00;513;sem vítima;172,39999389648438;BR-116/SP;Pista Norte;Choque em objeto na pista;1;5;;;;;1
27/12/2013;00:02:00;2;sem vítima;177,3000030517578;BR-116/RJ;Pista Sul;Queda de Carga;1;5;;;;;1
27/12/2013;00:48:00;22;com vítima;210,5;BR-116/SP;Pista Norte;Colisão Traseira;2;2;;1;;;2
27/12/2013;13:22:00;362;sem vítima;220,89999389648438;BR-116/RJ;Pista Norte;Tombamento;1;1;;;;;1
27/12/2013;07:25:00;135;sem vítima;298,70001220703125;BR-116/RJ;Pista Norte;Outros;1;1;;;;;1
27/12/2013;18:24:00;579;sem vítima;298,70001220703125;BR-116/RJ;Pista Norte;Colisão Traseira;1;6;;;;;1
28/12/2013;08:44:00;193;sem vítima;118,30000305175781;BR-116/SP;Pista Sul;Abalroamento Longitudinal;1;2;;;;;1
28/12/2013;05:39:00;94;com vítima;168,8000030517578;BR-116/SP;Pista Norte;Colisão Traseira;1;50;1;1;;;2
28/12/2013;15:42:00;499;com vítima;182;BR-116/SP;Pista Norte;Colisão Traseira;1;1;1;;;;1
28/12/2013;17:24:00;569;sem vítima;213,1999969482422;BR-116/SP;Pista Sul;Abalroamento Longitudinal;1;6;;;;;1
29/12/2013;19:14:00;540;sem vítima;183,1999969482422;BR-116/RJ;Pista Sul;Choque em Barreira New Jersey;1;1;;;;;1
30/12/2013;21:48:00;665;sem vítima;34,70000076293945;BR-116/SP;Pista Norte;Choque em objeto na pista;1;8;;;;;1
30/12/2013;07:21:00;131;com vítima;165;BR-116/RJ;Pista Norte;Engavetamento;2;16;1;;;;1
30/12/2013;09:04:00;196;com vítima;167,4499969482422;BR-116/RJ;Pista Norte;Colisão Traseira;1;1;;1;;;2
30/12/2013;15:12:00;418;sem vítima;182;BR-116/SP;Pista Norte;Colisão Traseira;2;2;;;;;1
30/12/2013;22:40:00;689;com vítima;183,39999389648438;BR-116/RJ;Pista Sul;Atropelamento de Pedestre Atravessando;1;1;;1;;;2
30/12/2013;11:41:00;307;sem vítima;207;BR-116/RJ;Pista Sul;Colisão Traseira;2;2;;;;;1
01/01/2014;19:35:00;492;sem vítima;205,35000610351562;BR-116/SP;Pista Sul;Engavetamento;1;7;;;;;1
02/01/2014;19:02:00;619;sem vítima;150;BR-116/SP;Pista Sul;Choque em objeto na pista;1;2;;;;;1
02/01/2014;15:16:00;453;sem vítima;164,10000610351562;BR-116/RJ;Pista Norte;Colisão Traseira;1;2;;;;;1
02/01/2014;06:15:00;108;com vítima;212,9499969482422;BR-116/SP;Pista Sul;Engavetamento;1;11;2;;;;1
02/01/2014;16:02:00;490;sem vítima;285;BR-116/RJ;Pista Sul;Outros;1;1;;;;;1
03/01/2014;01:53:00;36;com vítima;18,700000762939453;BR-116/SP;Pista Sul;Colisão Traseira;2;2;;;;1;3
03/01/2014;15:16:00;485;sem vítima;133;BR-116/SP;Pista Norte;Colisão Traseira;1;2;;;;;1
03/01/2014;04:04:00;63;com vítima;164,60000610351562;BR-116/RJ;Pista Norte;Colisão Traseira;1;11;;;;3;3
03/01/2014;23:42:00;823;com vítima;198;BR-116/SP;Pista Sul;Colisão Traseira;2;3;;;1;;2
03/01/2014;18:10:00;623;com vítima;202,5;BR-116/SP;Pista Norte;Engavetamento;1;2;1;;;;1
03/01/2014;15:23:00;491;com vítima;220,3000030517578;BR-116/RJ;Pista Sul;Tombamento;1;1;;1;;;2
03/01/2014;05:42:00;85;sem vítima;221,1999969482422;BR-116/RJ;Pista Norte;Abalroamento Longitudinal;2;2;;;;;1
03/01/2014;18:52:00;656;sem vítima;316,04998779296875;BR-116/RJ;Pista Sul;Abalroamento Longitudinal;1;4;;;;;1
04/01/2014;09:11:00;201;sem vítima;180,3000030517578;BR-116/SP;Pista Norte;Abalroamento Longitudinal;1;6;;;;;1
04/01/2014;14:14:00;379;sem vítima;182,8000030517578;BR-116/RJ;Pista Sul;Choque em Barreira New Jersey;1;2;;;;;1
04/01/2014;13:20:00;357;sem vítima;183,60000610351562;BR-116/RJ;Pista Norte;Abalroamento Longitudinal;1;4;;;;;1
04/01/2014;13:36:00;364;sem vítima;204,89999389648438;BR-116/RJ;Pista Norte;Choque em Defensa;1;1;;;;;1
04/01/2014;06:55:00;120;com vítima;220,3000030517578;BR-116/RJ;Pista Sul;Tombamento;1;0;1;;;;1
04/01/2014;01:18:00;25;sem vítima;224,0500030517578;BR-116/RJ;Pista Norte;Tombamento;1;1;;;;;1
04/01/2014;06:37:00;109;sem vítima;306,1000061035156;BR-116/RJ;Pista Norte;Choque em Barreira New Jersey;1;2;;;;;1
05/01/2014;22:39:00;603;sem vítima;22,399999618530273;BR-116/SP;Pista Sul;Choque em objeto na pista;1;21;;;;;1
05/01/2014;23:02:00;617;sem vítima;219,39999389648438;BR-116/RJ;Pista Norte;Tombamento;1;1;;;;;1
05/01/2014;21:34:00;587;sem vítima;221,3000030517578;BR-116/RJ;Pista Norte;Choque em Defensa;1;1;;;;;1
06/01/2014;18:27:00;620;com vítima;69,19999694824219;BR-116/SP;Pista Norte;Colisão Traseira;2;1;1;;;;1
06/01/2014;12:12:00;368;com vítima;173,89999389648438;BR-116/SP;Pista Sul;Colisão Traseira;1;1;1;;;;1
06/01/2014;17:44:00;589;sem vítima;176,3000030517578;BR-116/RJ;Pista Sul;Abalroamento Longitudinal;1;2;;;;;1
06/01/2014;07:58:00;159;com vítima;178,6999969482422;BR-116/RJ;Pista Norte;Engavetamento;2;32;3;;;;1
06/01/2014;10:23:00;294;sem vítima;179,10000610351562;BR-116/RJ;Pista Norte;Engavetamento;2;3;;;;;1
06/01/2014;09:14:00;228;sem vítima;183,5;BR-116/RJ;Pista Norte;Colisão Traseira;2;2;;;;;1
06/01/2014;17:45:00;590;sem vítima;223,10000610351562;BR-116/SP;Pista Norte;Colisão Traseira;1;3;;;;;1
06/01/2014;11:01:00;325;sem vítima;230;BR-116/SP;Pista Sul;Abalroamento Longitudinal;1;2;;;;;1
06/01/2014;14:15:00;452;sem vítima;230,5;BR-116/SP;Pista Norte;Abalroamento Longitudinal;1;3;;;;;1
06/01/2014;22:33:00;757;sem vítima;260,6499938964844;BR-116/RJ;Pista Sul;Abalroamento Longitudinal;2;2;;;;;1
06/01/2014;05:32:00;81;com vítima;270,20001220703125;BR-116/RJ;Pista Sul;Capotamento;1;1;1;;;;1
07/01/2014;02:30:00;38;com vítima;46,20000076293945;BR-116/SP;Pista Norte;Colisão Traseira;1;32;1;;;;1
07/01/2014;03:48:00;63;sem vítima;142,39999389648438;BR-116/SP;Pista Sul;Colisão Traseira;2;2;;;;;1
07/01/2014;07:04:00;133;com vítima;165,39999389648438;BR-116/RJ;Pista Sul;Engavetamento;1;20;1;;;;1
07/01/2014;13:00:00;378;sem vítima;177,3000030517578;BR-116/RJ;Pista Sul;Engavetamento;1;4;;;;;1
07/01/2014;03:49:00;64;sem vítima;226,1999969482422;BR-116/SP;Pista Sul;Choque em veículo parado na pista;2;2;;;;;1
07/01/2014;11:43:00;333;sem vítima;237,1999969482422;BR-116/RJ;Pista Norte;Abalroamento Longitudinal;1;2;;;;;1
07/01/2014;01:53:00;28;sem vítima;269,04998779296875;BR-116/RJ;Pista Norte;Queda de Carga;1;1;;;;;1
07/01/2014;08:32:00;207;sem vítima;271,20001220703125;BR-116/RJ;Pista Norte;Abalroamento Longitudinal;1;5;;;;;1