data;horario;n_da_ocorrencia;tipo_de_ocorrencia;km;trecho;sentido;tipo_de_acidente;caminhao;ilesos;levemente_feridos;moderadamente_feridos;gravemente_feridos;mortos;3
08/01/2014;17:41:00;602;sem vítima;141,39999389648438;BR-116/SP;Pista Sul;Abalroamento Longitudinal;1;2;;;;;1
08/01/2014;12:34:00;394;sem vítima;182;BR-116/SP;Pista Norte;Abalroamento Longitudinal;1;3;;;;;1
08/01/2014;22:27:00;779;sem vítima;204;BR-116/SP;Pista Sul;Abalroamento Longitudinal;2;2;;;;;1
08/01/2014;22:24:00;774;sem vítima;216,1999969482422;BR-116/SP;Pista Sul;Colisão Traseira;1;4;;;;;1
08/01/2014;17:42:00;603;sem vítima;223,32000732421875;BR-116/RJ;Pista Norte;Queda de ribanceira;1;1;;;;;1
08/01/2014;19:56:00;701;sem vítima;223,32000732421875;BR-116/RJ;Pista Norte;Colisão Traseira;2;2;;;;;1
08/01/2014;15:06:00;493;sem vítima;311,8999938964844;BR-116/RJ;Pista Sul;Choque em objeto na pista;1;1;;;;;1
09/01/2014;18:11:00;661;sem vítima;86,94999694824219;BR-116/SP;Pista Norte;Colisão Traseira;1;2;;;;;1
09/01/2014;16:51:00;589;sem vítima;106,80000305175781;BR-116/SP;Pista Norte;Colisão Traseira;1;2;;;;;1
09/01/2014;08:03:00;175;sem vítima;134,8000030517578;BR-116/SP;Pista Norte;Choque em veículo parado na pista;1;2;;;;;1
09/01/2014;10:11:00;295;sem vítima;181;BR-116/SP;Pista Sul;Abalroamento Longitudinal;1;5;;;;;1
09/01/2014;18:33:00;686;sem vítima;182;BR-116/RJ;Pista Sul;Colisão Traseira;1;2;;;;;1
09/01/2014;17:01:00;598;sem vítima;202;BR-116/SP;Pista Norte;Colisão Traseira;1;4;;;;;1
09/01/2014;10:24:00;309;com vítima;224,10000610351562;BR-116/RJ;Pista Norte;Tombamento;2;0;1;1;;;2
10/01/2014;17:29:00;566;sem vítima;139,60000610351562;BR-116/SP;Pista Sul;Engavetamento;1;14;;;;;1
10/01/2014;01:22:00;22;com vítima;150;BR-116/SP;Pista Norte;Choque em Defensa;1;0;1;;;;1
10/01/2014;10:14:00;263;sem vítima;163,9499969482422;BR-116/RJ;Pista Norte;Colisão Traseira;1;2;;;;;1
10/01/2014;08:16:00;169;sem vítima;165,10000610351562;BR-116/RJ;Pista Norte;Colisão Traseira;1;3;;;;;1
10/01/2014;05:42:00;79;sem vítima;174;BR-116/RJ;Pista Norte;Abalroamento Longitudinal;1;2;;;;;1
10/01/2014;10:31:00;276;sem vítima;224,89999389648438;BR-116/RJ;Pista Norte;Colisão Traseira;1;4;;;;;1
10/01/2014;17:47:00;589;sem vítima;309,75;BR-116/RJ;Pista Norte;Colisão Traseira;1;2;;;;;1
11/01/2014;19:07:00;571;sem vítima;39,70000076293945;BR-116/SP;Pista Norte;Outros;1;1;;;;;1
11/01/2014;01:25:00;23;sem vítima;125,3499984741211;BR-116/SP;Pista Norte;Choque em Barreira New Jersey;1;1;;;;;1
11/01/2014;14:06:00;383;sem vítima;138,5;BR-116/SP;Pista Sul;Abalroamento Longitudinal;1;2;;;;;1
11/01/2014;15:23:00;428;com vítima;165,1999969482422;BR-116/SP;Pista Norte;Colisão Traseira;1;3;1;;;;1
11/01/2014;07:31:00;161;sem vítima;169,8000030517578;BR-116/RJ;Pista Norte;Engavetamento;2;3;;;;;1
11/01/2014;07:38:00;165;com vítima;178,3000030517578;BR-116/RJ;Pista Norte;Colisão Traseira;1;1;;1;;;2
11/01/2014;10:09:00;253;sem vítima;191,3000030517578;BR-116/RJ;Pista Sul;Colisão Traseira;1;7;;;;;1
11/01/2014;15:23:00;429;sem vítima;206,8000030517578;BR-116/SP;Pista Norte;Choque em objeto fixo;1;1;;;;;1
11/01/2014;01:02:00;16;sem vítima;230,02000427246094;BR-116/SP;Pista Sul;Colisão Traseira;1;5;;;;;1
11/01/2014;09:20:00;224;com vítima;279;BR-116/RJ;Pista Sul;Abalroamento Longitudinal;1;2;1;;;;1
12/01/2014;19:48:00;550;sem vítima;207,10000610351562;BR-116/RJ;Pista Norte;Abalroamento Longitudinal;1;2;;;;;1
12/01/2014;17:48:00;454;sem vítima;227,60000610351562;BR-116/RJ;Pista Norte;Colisão Traseira;1;4;;;;;1
13/01/2014;16:57:00;604;sem vítima;136,5;BR-116/SP;Pista Sul;Colisão Traseira;1;3;;;;;1
13/01/2014;16:59:00;609;sem vítima;159;BR-116/SP;Pista Norte;Outros;1;1;;;;;1
13/01/2014;16:35:00;590;com vítima;168;BR-116/SP;Pista Sul;Abalroamento Longitudinal;1;4;1;;;;1
13/01/2014;17:55:00;650;sem vítima;182;BR-116/SP;Pista Norte;Choque em veículo parado na pista;1;2;;;;;1
13/01/2014;07:09:00;138;sem vítima;190,8000030517578;BR-116/SP;Pista Norte;Choque em Barreira New Jersey;1;7;;;;;1
13/01/2014;17:08:00;616;sem vítima;198;BR-116/RJ;Pista Sul;Tombamento;1;1;;;;;1
13/01/2014;12:07:00;396;sem vítima;225,6999969482422;BR-116/RJ;Pista Norte;Queda de Carga;1;1;;;;;1
13/01/2014;05:56:00;102;sem vítima;317,29998779296875;BR-116/RJ;Pista Sul;Colisão Traseira;1;2;;;;;1
14/01/2014;20:16:00;742;com vítima;108,1500015258789;BR-116/SP;Pista Sul;Abalroamento Longitudinal;1;2;1;;;;1
14/01/2014;13:38:00;427;sem vítima;155;BR-116/SP;Pista Norte;Colisão Traseira;3;5;;;;;1
14/01/2014;14:11:00;455;sem vítima;208;BR-116/RJ;Pista Sul;Colisão Traseira;1;2;;;;;1
14/01/2014;18:29:00;668;sem vítima;219,39999389648438;BR-116/RJ;Pista Norte;Tombamento;1;1;;;;;1
14/01/2014;10:00:00;295;sem vítima;225,1999969482422;BR-116/RJ;Pista Sul;Engavetamento;1;7;;;;;1
14/01/2014;05:21:00;72;sem vítima;238,5;BR-116/RJ;Pista Sul;Choque em objeto fixo;1;1;;;;;1
14/01/2014;23:34:00;834;sem vítima;314,2900085449219;BR-116/RJ;Pista Norte;Colisão Traseira;1;2;;;;;1
14/01/2014;09:48:00;282;sem vítima;318,8999938964844;BR-116/RJ;Pista Norte;Colisão Traseira;1;19;;;;;1
15/01/2014;19:22:00;660;sem vítima;55,900001525878906;BR-116/SP;Pista Sul;Abalroamento Longitudinal;1;3;;;;;1
15/01/2014;02:28:00;37;sem vítima;121,80000305175781;BR-116/SP;Pista Sul;Abalroamento Longitudinal;2;2;;;;;1
15/01/2014;08:22:00;188;com vítima;159,1999969482422;BR-116/SP;Pista Norte;Abalroamento Longitudinal;1;1;;1;;;2
15/01/2014;12:44:00;381;com vítima;164,10000610351562;BR-116/RJ;Pista Sul;Abalroamento Longitudinal;1;2;;;1;;2
15/01/2014;17:15:00;558;com vítima;167;BR-116/RJ;Pista Norte;Engavetamento;2;3;1;;;;1
15/01/2014;08:11:00;178;com vítima;216,60000610351562;BR-116/SP;Pista Norte;Abalroamento Longitudinal;1;1;2;;;;1
15/01/2014;18:55:00;639;sem vítima;261,6000061035156;BR-116/RJ;Pista Sul;Choque em objeto fixo;1;1;;;;;1
15/01/2014;08:39:00;201;sem vítima;284,8999938964844;BR-116/RJ;Pista Sul;Colisão Traseira;2;2;;;;;1
15/01/2014;18:35:00;621;sem vítima;296,29998779296875;BR-116/RJ;Pista Sul;Abalroamento Longitudinal;1;3;;;;;1
15/01/2014;16:46:00;536;sem vítima;304;BR-116/RJ;Pista Norte;Abalroamento Longitudinal;1;5;;;;;1
16/01/2014;22:49:00;768;sem vítima;158,6999969482422;BR-116/SP;Pista Norte;Colisão Traseira;1;3;;;;;1
16/01/2014;20:40:00;679;sem vítima;165,1999969482422;BR-116/SP;Pista Norte;Choque em objeto na pista;1;1;;;;;1
16/01/2014;13:26:00;399;sem vítima;180,6999969482422;BR-116/SP;Pista Norte;Choque em objeto fixo;1;2;;;;;1
16/01/2014;20:53:00;688;com vítima;218,64999389648438;BR-116/SP;Pista Norte;Atropelamento de Pedestre Caminhando;1;2;1;1;;1;3
16/01/2014;17:21:00;557;com vítima;223;BR-116/SP;Pista Norte;Abalroamento Longitudinal;1;1;1;;;;1
16/01/2014;07:52:00;174;sem vítima;223,39999389648438;BR-116/RJ;Pista Norte;Choque Talude;1;1;;;;;1
16/01/2014;15:14:00;477;sem vítima;225,39999389648438;BR-116/SP;Pista Norte;Abalroamento Longitudinal;1;2;;;;;1
16/01/2014;16:53:00;535;sem vítima;230,14999389648438;BR-116/RJ;Pista Norte;Choque em Barreira New Jersey;1;2;;;;;1
16/01/2014;16:57:00;536;sem vítima;230,1999969482422;BR-116/RJ;Pista Norte;Choque em Barreira New Jersey;1;1;;;;;1
16/01/2014;19:42:00;646;sem vítima;321,70001220703125;BR-116/RJ;Pista Norte;Choque em objeto fixo;1;1;;;;;1
17/01/2014;06:25:00;100;sem vítima;8,300000190734863;BR-116/SP;Pista Sul;Choque em objeto na pista;1;2;;;;;1
17/01/2014;10:36:00;317;sem vítima;61,400001525878906;BR-116/SP;Pista Norte;Choque em objeto na pista;2;2;;;;;1
17/01/2014;06:39:00;111;sem vítima;78,4000015258789;BR-116/SP;Pista Norte;Tombamento;1;1;;;;;1
17/01/2014;11:41:00;371;sem vítima;78,5999984741211;BR-116/SP;Pista Norte;Colisão Traseira;1;2;;;;;1
17/01/2014;15:47:00;524;sem vítima;86,9000015258789;BR-116/SP;Pista Sul;Colisão Traseira;1;2;;;;;1
17/01/2014;17:16:00;605;sem vítima;104,80000305175781;BR-116/SP;Pista Sul;Colisão Traseira;1;2;;;;;1
17/01/2014;16:18:00;545;sem vítima;113,9000015258789;BR-116/SP;Pista Sul;Engavetamento;1;3;;;;;1
17/01/2014;16:47:00;579;sem vítima;148;BR-116/SP;Pista Norte;Choque em Barreira New Jersey;1;1;;;;;1
17/01/2014;21:44:00;785;sem vítima;178,39999389648438;BR-116/RJ;Pista Sul;Abalroamento Longitudinal;1;4;;;;;1
17/01/2014;15:44:00;517;sem vítima;179;BR-116/SP;Pista Norte;Abalroamento Longitudinal;1;3;;;;;1
17/01/2014;14:45:00;478;sem vítima;184,8000030517578;BR-116/RJ;Pista Norte;Abalroamento Longitudinal;1;2;;;;;1
17/01/2014;07:01:00;128;sem vítima;203;BR-116/SP;Pista Sul;Choque em objeto na pista;1;2;;;;;1
17/01/2014;13:04:00;417;sem vítima;207,10000610351562;BR-116/SP;Pista Sul;Colisão Traseira;1;3;;;;;1
17/01/2014;03:43:00;56;sem vítima;219;BR-116/SP;Pista Sul;Colisão Traseira;1;2;;;;;1
17/01/2014;09:52:00;278;sem vítima;224,36000061035156;BR-116/SP;Pista Sul;Choque em objeto fixo;1;2;;;;;1
17/01/2014;01:45:00;33;sem vítima;226,5;BR-116/SP;Pista Norte;Colisão Traseira;1;2;;;;;1
17/01/2014;18:32:00;654;sem vítima;261,6000061035156;BR-116/RJ;Pista Sul;Colisão Traseira;1;3;;;;;1
17/01/2014;12:11:00;394;sem vítima;293,70001220703125;BR-116/RJ;Pista Sul;Abalroamento Longitudinal;1;2;;;;;1
17/01/2014;11:20:00;352;com vítima;297,5;BR-116/RJ;Pista Norte;Engavetamento;2;2;1;1;;;2
17/01/2014;14:34:00;470;sem vítima;297,75;BR-116/RJ;Pista Sul;Colisão Traseira;2;2;;;;;1
17/01/2014;11:11:00;346;sem vítima;319,8999938964844;BR-116/RJ;Pista Sul;Colisão Traseira;1;2;;;;;1
18/01/2014;03:29:00;74;com vítima;189,8000030517578;BR-116/RJ;Pista Sul;Colisão Frontal;1;1;;3;1;;2
18/01/2014;16:29:00;520;sem vítima;199;BR-116/SP;Pista Sul;Colisão Traseira;1;3;;;;;1
18/01/2014;00:34:00;18;sem vítima;202,8000030517578;BR-116/SP;Pista Norte;Engavetamento;1;5;;;;;1
18/01/2014;15:04:00;465;sem vítima;207,5;BR-116/SP;Pista Sul;Colisão Traseira;1;2;;;;;1
18/01/2014;14:52:00;449;sem vítima;210;BR-116/SP;Pista Sul;Abalroamento Longitudinal;1;3;;;;;1
18/01/2014;12:34:00;369;com vítima;213,60000610351562;BR-116/SP;Pista Sul;Engavetamento;1;8;2;;;;1
18/01/2014;01:11:00;36;com vítima;224,60000610351562;BR-116/RJ;Pista Norte;Tombamento;1;0;1;;;;1
18/01/2014;10:16:00;284;sem vítima;280,1000061035156;BR-116/RJ;Pista Sul;Engavetamento;1;3;;;;;1
19/01/2014;11:42:00;287;sem vítima;182;BR-116/SP;Pista Norte;Choque em Barreira New Jersey;1;1;;;;;1
19/01/2014;14:50:00;366;com vítima;189,60000610351562;BR-116/RJ;Pista Norte;Engavetamento;1;6;2;;;;1
19/01/2014;22:49:00;649;sem vítima;230,3000030517578;BR-116/SP;Pista Norte;Abalroamento Longitudinal;1;4;;;;;1
20/01/2014;07:18:00;128;com vítima;165,1999969482422;BR-116/SP;Pista Norte;Colisão Traseira;2;1;2;;;;1
20/01/2014;10:20:00;260;com vítima;165,39999389648438;BR-116/RJ;Pista Norte;Engavetamento;1;5;1;;;;1
20/01/2014;06:18:00;92;sem vítima;193,5;BR-116/RJ;Pista Norte;Choque em Defensa;1;3;;;;;1
20/01/2014;18:52:00;576;com vítima;223,10000610351562;BR-116/SP;Pista Norte;Colisão Traseira;1;1;2;;;;1
20/01/2014;17:32:00;517;sem vítima;302,20001220703125;BR-116/RJ;Pista Norte;Colisão Traseira;1;6;;;;;1
20/01/2014;09:29:00;224;com vítima;312,20001220703125;BR-116/RJ;Pista Sul;Colisão Traseira;1;2;1;;;;1
21/01/2014;23:25:00;763;sem vítima;106;BR-116/SP;Pista Sul;Choque em objeto na pista;1;1;;;;;1
21/01/2014;19:50:00;653;sem vítima;117,0999984741211;BR-116/SP;Pista Sul;Choque em objeto na pista;1;1;;;;;1
21/01/2014;10:00:00;251;sem vítima;178,3000030517578;BR-116/RJ;Pista Norte;Colisão Traseira;1;2;;;;;1
21/01/2014;17:44:00;524;com vítima;178,6999969482422;BR-116/RJ;Pista Norte;Abalroamento Longitudinal;1;1;3;;;;1
21/01/2014;07:27:00;143;sem vítima;187,3000030517578;BR-116/RJ;Pista Norte;Colisão Traseira;1;2;;;;;1
21/01/2014;18:40:00;583;sem vítima;204,5;BR-116/SP;Pista Norte;Colisão Traseira;1;2;;;;;1
21/01/2014;07:23:00;139;sem vítima;216,10000610351562;BR-116/RJ;Pista Norte;Colisão Traseira;1;2;;;;;1
21/01/2014;03:56:00;51;sem vítima;221,6999969482422;BR-116/RJ;Pista Norte;Colisão Traseira;1;2;;;;;1
21/01/2014;10:18:00;269;com vítima;223,25;BR-116/RJ;Pista Norte;Tombamento;1;2;1;;;;1
22/01/2014;08:38:00;204;sem vítima;36,29999923706055;BR-116/SP;Pista Norte;Colisão Traseira;1;4;;;;;1
22/01/2014;18:30:00;650;com vítima;58,900001525878906;BR-116/SP;Pista Norte;Colisão Traseira;2;1;1;;;;1
22/01/2014;14:53:00;467;sem vítima;109,8499984741211;BR-116/SP;Pista Norte;Abalroamento Longitudinal;1;2;;;;;1
22/01/2014;04:32:00;55;sem vítima;152,8000030517578;BR-116/SP;Pista Sul;Colisão Traseira;2;2;;;;;1
22/01/2014;21:42:00;765;sem vítima;178,6999969482422;BR-116/SP;Pista Sul;Queda de Carga;1;1;;;;;1
22/01/2014;11:06:00;322;com vítima;192;BR-116/RJ;Pista Sul;Colisão Traseira;1;2;3;;;;1
22/01/2014;11:03:00;320;sem vítima;196,89999389648438;BR-116/SP;Pista Sul;Choque em objeto fixo;1;1;;;;;1
22/01/2014;00:37:00;10;sem vítima;199,6999969482422;BR-116/SP;Pista Norte;Choque em objeto na pista;1;16;;;;;1
22/01/2014;06:16:00;84;sem vítima;207;BR-116/RJ;Pista Sul;Colisão Traseira;1;4;;;;;1
22/01/2014;19:29:00;689;sem vítima;211,3000030517578;BR-116/SP;Pista Norte;Engavetamento;2;6;;;;;1
22/01/2014;03:23:00;46;com vítima;218,1999969482422;BR-116/RJ;Pista Norte;Colisão Traseira;2;1;;1;;;2
22/01/2014;20:45:00;737;sem vítima;222,63999938964844;BR-116/SP;Pista Norte;Choque em veículo parado na pista;2;4;;;;;1
22/01/2014;22:05:00;775;com vítima;229;BR-116/SP;Pista Sul;Abalroamento Longitudinal;1;4;1;;;;1
22/01/2014;12:09:00;351;com vítima;230,89999389648438;BR-116/SP;Pista Norte;Abalroamento Longitudinal;1;1;1;;;;1
22/01/2014;09:46:00;261;sem vítima;268,3999938964844;BR-116/RJ;Pista Norte;Engavetamento;2;3;;;;;1
22/01/2014;14:54:00;471;sem vítima;277,1000061035156;BR-116/RJ;Pista Norte;Abalroamento Longitudinal;1;2;;;;;1
22/01/2014;05:47:00;76;sem vítima;333;BR-116/RJ;Pista Norte;Colisão Traseira;2;2;;;;;1
23/01/2014;00:48:00;14;sem vítima;28,600000381469727;BR-116/SP;Pista Sul;Choque em Barreira New Jersey;1;2;;;;;1
23/01/2014;14:22:00;454;sem vítima;37,869998931884766;BR-116/SP;Pista Norte;Choque em Barreira New Jersey;1;1;;;;;1
23/01/2014;01:04:00;18;sem vítima;65,4000015258789;BR-116/SP;Pista Sul;Choque em veículo parado na pista;1;3;;;;;1
23/01/2014;01:27:00;26;com vítima;81,55000305175781;BR-116/SP;Pista Sul;Queda de ribanceira;1;0;1;;;;1
23/01/2014;00:01:00;1;sem vítima;122,33000183105469;BR-116/SP;Pista Sul;Colisão Traseira;2;4;;;;;1
23/01/2014;19:26:00;690;sem vítima;165,8000030517578;BR-116/RJ;Pista Sul;Colisão Traseira;1;2;;;;;1
23/01/2014;16:42:00;562;sem vítima;180;BR-116/SP;Pista Sul;Engavetamento;1;4;;;;;1
23/01/2014;07:38:00;151;com vítima;210,1999969482422;BR-116/RJ;Pista Norte;Colisão Traseira;1;1;1;;;;1
23/01/2014;06:10:00;89;sem vítima;216;BR-116/SP;Pista Sul;Choque em objeto fixo;1;2;;;;;1
23/01/2014;18:33:00;657;sem vítima;225,60000610351562;BR-116/SP;Pista Norte;Abalroamento Longitudinal;1;2;;;;;1
23/01/2014;13:01:00;401;sem vítima;265,79998779296875;BR-116/RJ;Pista Sul;Abalroamento Longitudinal;2;2;;;;;1
23/01/2014;18:53:00;668;sem vítima;295,8999938964844;BR-116/RJ;Pista Sul;Colisão Traseira;2;2;;;;;1
24/01/2014;16:22:00;508;sem vítima;17,5;BR-116/SP;Pista Sul;Tombamento;1;1;;;;;1
24/01/2014;17:15:00;545;sem vítima;86,94999694824219;BR-116/SP;Pista Sul;Colisão Traseira;2;2;;;;;1
24/01/2014;18:28:00;602;sem vítima;92;BR-116/SP;Pista Sul;Abalroamento Longitudinal;2;2;;;;;1
24/01/2014;14:41:00;438;sem vítima;92,0999984741211;BR-116/SP;Pista Sul;Abalroamento Longitudinal;2;2;;;;;1
24/01/2014;15:07:00;457;sem vítima;103,30000305175781;BR-116/SP;Pista Norte;Queda de ribanceira;1;1;;;;;1
24/01/2014;23:25:00;779;sem vítima;107,19999694824219;BR-116/SP;Pista Norte;Colisão Traseira;2;2;;;;;1
24/01/2014;11:20:00;309;sem vítima;165,1999969482422;BR-116/SP;Pista Norte;Abalroamento Longitudinal;2;2;;;;;1
24/01/2014;18:11:00;584;sem vítima;165,5;BR-116/SP;Pista Sul;Colisão Traseira;2;2;;;;;1
24/01/2014;17:42:00;564;sem vítima;172,8000030517578;BR-116/RJ;Pista Sul;Choque em Barreira New Jersey;1;2;;;;;1
24/01/2014;19:10:00;634;sem vítima;176,3000030517578;BR-116/RJ;Pista Sul;Abalroamento Longitudinal;1;2;;;;;1
24/01/2014;20:59:00;715;sem vítima;181,39999389648438;BR-116/RJ;Pista Norte;Outros;1;1;;;;;1
24/01/2014;13:56:00;405;sem vítima;191,1999969482422;BR-116/SP;Pista Sul;Abalroamento Longitudinal;2;2;;;;;1
24/01/2014;16:45:00;528;sem vítima;209,3000030517578;BR-116/SP;Pista Sul;Abalroamento Longitudinal;1;2;;;;;1
24/01/2014;18:59:00;627;sem vítima;210,60000610351562;BR-116/SP;Pista Norte;Abalroamento Longitudinal;1;2;;;;;1
24/01/2014;14:01:00;410;sem vítima;252,10000610351562;BR-116/RJ;Pista Sul;Colisão Traseira;1;2;;;;;1
24/01/2014;05:31:00;82;sem vítima;257,3999938964844;BR-116/RJ;Pista Sul;Colisão Traseira;2;3;;;;;1
24/01/2014;15:55:00;492;sem vítima;296;BR-116/RJ;Pista Sul;Abalroamento Longitudinal;1;2;;;;;1
25/01/2014;11:01:00;321;sem vítima;71,25;BR-116/SP;Pista Sul;Tombamento;1;2;;;;;1
25/01/2014;13:46:00;406;sem vítima;178,60000610351562;BR-116/RJ;Pista Sul;Abalroamento Longitudinal;1;2;;;;;1
25/01/2014;09:43:00;272;sem vítima;189,39999389648438;BR-116/RJ;Pista Norte;Choque em objeto na pista;1;2;;;;;1
25/01/2014;06:22:00;116;sem vítima;196;BR-116/SP;Pista Sul;Choque em objeto na pista;1;1;;;;;1
25/01/2014;05:55:00;109;sem vítima;212,10000610351562;BR-116/SP;Pista Norte;Choque em objeto fixo;1;3;;;;;1
25/01/2014;03:37:00;71;sem vítima;220,1999969482422;BR-116/RJ;Pista Norte;Colisão Traseira;1;2;;;;;1
25/01/2014;04:00:00;80;sem vítima;222,25;BR-116/RJ;Pista Sul;Choque Talude;1;1;;;;;1
25/01/2014;00:17:00;17;sem vítima;296,29998779296875;BR-116/RJ;Pista Sul;Choque em objeto fixo;1;1;;;;;1
25/01/2014;17:27:00;536;sem vítima;296,6000061035156;BR-116/RJ;Pista Sul;Colisão Traseira;1;3;;;;;1
26/01/2014;16:52:00;418;com vítima;227;BR-116/SP;Pista Norte;Tombamento;1;0;1;;;;1
26/01/2014;11:45:00;267;sem vítima;231;BR-116/SP;Pista Norte;Queda de Carga;1;3;;;;;1
26/01/2014;16:57:00;422;sem vítima;231;BR-116/SP;Pista Norte;Abalroamento Longitudinal;1;5;;;;;1
26/01/2014;19:43:00;540;com vítima;271,6000061035156;BR-116/RJ;Pista Sul;Engavetamento;1;3;;;1;;2
27/01/2014;10:19:00;307;com vítima;181,1999969482422;BR-116/SP;Pista Norte;Atropelamento de Pedestre Atravessando;1;1;;;1;;2
27/01/2014;10:25:00;312;com vítima;212,6999969482422;BR-116/SP;Pista Sul;Colisão Traseira;1;1;1;;;;1
27/01/2014;15:41:00;509;com vítima;275,8999938964844;BR-116/RJ;Pista Norte;Tombamento;1;1;1;;;;1
28/01/2014;19:32:00;727;com vítima;147;BR-116/SP;Pista Sul;Abalroamento Longitudinal;1;1;1;;;;1
28/01/2014;05:50:00;87;sem vítima;163,10000610351562;BR-116/RJ;Pista Norte;Abalroamento Longitudinal;1;3;;;;;1
28/01/2014;13:34:00;444;sem vítima;171,1999969482422;BR-116/SP;Pista Sul;Colisão Traseira;1;3;;;;;1
28/01/2014;18:55:00;696;com vítima;174,6999969482422;BR-116/RJ;Pista Sul;Choque em Barreira New Jersey;1;4;1;;;;1
28/01/2014;20:01:00;742;com vítima;216,3000030517578;BR-116/SP;Pista Norte;Choque em Barreira New Jersey;1;1;1;;;;1
28/01/2014;00:29:00;16;sem vítima;229,5;BR-116/RJ;Pista Norte;Choque em objeto na pista;1;3;;;;;1
28/01/2014;05:11:00;82;com vítima;259,1000061035156;BR-116/RJ;Pista Norte;Colisão Traseira;2;0;2;;;;1
28/01/2014;17:15:00;615;sem vítima;270,6000061035156;BR-116/RJ;Pista Norte;Abalroamento Longitudinal;1;2;;;;;1
28/01/2014;18:58:00;697;sem vítima;275,04998779296875;BR-116/RJ;Pista Norte;Tombamento;1;1;;;;;1
28/01/2014;15:27:00;508;sem vítima;296;BR-116/RJ;Pista Sul;Colisão Traseira;1;3;;;;;1
29/01/2014;18:23:00;637;sem vítima;70,5;BR-116/SP;Pista Norte;Choque em objeto na pista;1;1;;;;;1
29/01/2014;19:58:00;709;sem vítima;166,5;BR-116/SP;Pista Sul;Abalroamento Longitudinal;1;2;;;;;1
29/01/2014;15:32:00;503;sem vítima;167,3000030517578;BR-116/RJ;Pista Norte;Abalroamento Longitudinal;2;2;;;;;1
29/01/2014;06:04:00;91;com vítima;169,5;BR-116/RJ;Pista Norte;Colisão Traseira;2;1;2;;;;1
29/01/2014;08:27:00;202;sem vítima;175,8000030517578;BR-116/RJ;Pista Norte;Abalroamento Longitudinal;1;2;;;;;1
29/01/2014;15:41:00;509;com vítima;177,8000030517578;BR-116/RJ;Pista Norte;Abalroamento Longitudinal;1;0;2;;1;;2
29/01/2014;18:02:00;617;sem vítima;190,5;BR-116/RJ;Pista Sul;Colisão Traseira;1;2;;;;;1
29/01/2014;20:41:00;744;sem vítima;256,79998779296875;BR-116/RJ;Pista Sul;Outros;1;1;;;;;1
29/01/2014;07:23:00;136;sem vítima;296,8999938964844;BR-116/RJ;Pista Sul;Abalroamento Longitudinal;1;3;;;;;1
30/01/2014;07:30:00;169;sem vítima;28,700000762939453;BR-116/SP;Pista Norte;Choque em objeto na pista;1;2;;;;;1
30/01/2014;07:51:00;193;sem vítima;161,1999969482422;BR-116/SP;Pista Sul;Colisão Traseira;1;2;;;;;1
30/01/2014;09:47:00;296;sem vítima;163;BR-116/RJ;Pista Sul;Outros;1;1;;;;;1
30/01/2014;11:10:00;357;sem vítima;163,10000610351562;BR-116/RJ;Pista Norte;Abalroamento Longitudinal;1;3;;;;;1
30/01/2014;05:13:00;97;sem vítima;180,39999389648438;BR-116/RJ;Pista Norte;Colisão Traseira;2;2;;;;;1
30/01/2014;18:45:00;646;sem vítima;182;BR-116/SP;Pista Norte;Colisão Traseira;2;2;;;;;1
30/01/2014;10:44:00;335;sem vítima;212,1999969482422;BR-116/SP;Pista Sul;Engavetamento;1;3;;;;;1
30/01/2014;05:01:00;94;sem vítima;222,3000030517578;BR-116/RJ;Pista Norte;Colisão Traseira;1;1;;;;;1
30/01/2014;22:58:00;794;sem vítima;223,1999969482422;BR-116/RJ;Pista Norte;Colisão Traseira;2;2;;;;;1
30/01/2014;16:48:00;563;sem vítima;227,0500030517578;BR-116/SP;Pista Norte;Tombamento;1;1;;;;;1
30/01/2014;03:55:00;77;sem vítima;265,29998779296875;BR-116/RJ;Pista Norte;Colisão Traseira;1;3;;;;;1
30/01/2014;16:29:00;549;com vítima;295,20001220703125;BR-116/RJ;Pista Sul;Engavetamento;4;3;;1;1;1;3
30/01/2014;11:00:00;348;sem vítima;318,8999938964844;BR-116/RJ;Pista Norte;Colisão Traseira;1;3;;;;;1
30/01/2014;15:33:00;521;sem vítima;318,8999938964844;BR-116/RJ;Pista Sul;Colisão Traseira;1;2;;;;;1
31/01/2014;15:26:00;501;sem vítima;163,6999969482422;BR-116/RJ;Pista Norte;Abalroamento Longitudinal;1;2;;;;;1