data;horario;n_da_ocorrencia;tipo_de_ocorrencia;km;trecho;sentido;tipo_de_acidente;caminhao;ilesos;levemente_feridos;moderadamente_feridos;gravemente_feridos;mortos;3
31/01/2014;10:01:00;277;sem vítima;166,10000610351562;BR-116/RJ;Pista Norte;Choque em Defensa;1;1;;;;;1
31/01/2014;05:37:00;97;com vítima;166,31500244140625;BR-116/RJ;Pista Sul;Queda de moto;1;4;;;;1;3
31/01/2014;12:17:00;372;com vítima;172,1999969482422;BR-116/RJ;Pista Sul;Tombamento;1;0;2;;;;1
31/01/2014;12:55:00;392;sem vítima;172,1999969482422;BR-116/RJ;Pista Sul;Abalroamento Longitudinal;1;2;;;;;1
31/01/2014;18:45:00;684;sem vítima;193;BR-116/SP;Pista Norte;Queda de Carga;1;1;;;;;1
31/01/2014;02:25:00;48;sem vítima;223,60000610351562;BR-116/RJ;Pista Norte;Abalroamento Longitudinal;2;3;;;;;1
31/01/2014;01:43:00;37;sem vítima;223,8000030517578;BR-116/RJ;Pista Norte;Tombamento;1;1;;;;;1
31/01/2014;17:26:00;602;sem vítima;297,6700134277344;BR-116/RJ;Pista Sul;Colisão Traseira;1;2;;;;;1
31/01/2014;22:25:00;840;sem vítima;333;BR-116/RJ;Pista Sul;Colisão Traseira;2;2;;;;;1
01/02/2014;04:08:00;91;sem vítima;15,40999984741211;BR-116/SP;Pista Sul;Queda de Carga;1;1;;;;;1
01/02/2014;09:50:00;301;sem vítima;26,799999237060547;BR-116/SP;Pista Norte;Colisão Traseira;1;2;;;;;1
01/02/2014;14:07:00;461;sem vítima;69;BR-116/SP;Pista Norte;Abalroamento Longitudinal;2;2;;;;;1
01/02/2014;08:13:00;223;com vítima;104,9000015258789;BR-116/SP;Pista Sul;Colisão Traseira;1;4;1;;;;1
01/02/2014;15:58:00;551;sem vítima;171,64999389648438;BR-116/SP;Pista Norte;Choque em Barreira New Jersey;1;1;;;;;1
01/02/2014;12:36:00;405;sem vítima;184,10000610351562;BR-116/RJ;Pista Sul;Colisão Traseira;1;2;;;;;1
01/02/2014;01:50:00;54;com vítima;190;BR-116/RJ;Pista Sul;Abalroamento Longitudinal;1;1;1;;;;1
01/02/2014;08:08:00;218;sem vítima;229,5;BR-116/SP;Pista Norte;Abalroamento Longitudinal;1;4;;;;;1
02/02/2014;21:09:00;601;com vítima;29,399999618530273;BR-116/SP;Pista Norte;Tombamento;1;0;1;;;;1
02/02/2014;06:21:00;96;sem vítima;253,25;BR-116/RJ;Pista Sul;Atropelamento de Animal;1;1;;;;;1
03/02/2014;21:02:00;740;sem vítima;44,5;BR-116/SP;Pista Sul;Choque em objeto na pista;1;1;;;;;1
03/02/2014;18:15:00;615;sem vítima;86,94999694824219;BR-116/SP;Pista Norte;Engavetamento;3;3;;;;;1
03/02/2014;12:08:00;355;sem vítima;163;BR-116/RJ;Pista Sul;Abalroamento Longitudinal;1;5;;;;;1
03/02/2014;06:51:00;113;sem vítima;163,10000610351562;BR-116/RJ;Pista Norte;Abalroamento Longitudinal;1;2;;;;;1
03/02/2014;09:04:00;233;com vítima;167,39999389648438;BR-116/RJ;Pista Sul;Engavetamento;2;3;;1;;;2
03/02/2014;20:22:00;712;sem vítima;176,10000610351562;BR-116/RJ;Pista Sul;Abalroamento Longitudinal;1;2;;;;;1
03/02/2014;14:58:00;465;sem vítima;178,8000030517578;BR-116/RJ;Pista Norte;Choque em veículo parado na pista;2;2;;;;;1
03/02/2014;17:49:00;597;sem vítima;178,89999389648438;BR-116/RJ;Pista Norte;Engavetamento;2;3;;;;;1
03/02/2014;11:42:00;344;sem vítima;179,3000030517578;BR-116/RJ;Pista Sul;Colisão Traseira;1;4;;;;;1
03/02/2014;09:28:00;255;sem vítima;197,60000610351562;BR-116/RJ;Pista Sul;Colisão Traseira;1;2;;;;;1
03/02/2014;12:38:00;366;sem vítima;229,5;BR-116/RJ;Pista Sul;Choque em objeto fixo;1;1;;;;;1
03/02/2014;01:32:00;31;com vítima;325,5;BR-116/RJ;Pista Norte;Colisão Traseira;1;2;1;;;;1
03/02/2014;02:52:00;46;sem vítima;327,6000061035156;BR-116/RJ;Pista Sul;Choque em objeto na pista;1;1;;;;;1
04/02/2014;10:21:00;267;com vítima;148,5;BR-116/SP;Pista Norte;Choque em objeto na pista;1;1;1;;;;1
04/02/2014;18:17:00;582;com vítima;167,1999969482422;BR-116/RJ;Pista Sul;Abalroamento Longitudinal;1;1;3;;;;1
04/02/2014;07:45:00;148;sem vítima;188,60000610351562;BR-116/RJ;Pista Sul;Abalroamento Longitudinal;2;2;;;;;1
04/02/2014;22:50:00;772;sem vítima;219;BR-116/SP;Pista Norte;Abalroamento Longitudinal;3;3;;;;;1
04/02/2014;21:06:00;705;com vítima;303,1000061035156;BR-116/RJ;Pista Sul;Capotamento;1;1;1;;;;1
05/02/2014;14:34:00;505;com vítima;69,69999694824219;BR-116/SP;Pista Sul;Colisão Traseira;2;2;1;;;;1
05/02/2014;08:11:00;213;sem vítima;117,02999877929688;BR-116/SP;Pista Sul;Abalroamento Longitudinal;1;3;;;;;1
05/02/2014;12:24:00;410;sem vítima;139;BR-116/SP;Pista Norte;Choque em Barreira New Jersey;1;1;;;;;1
05/02/2014;00:07:00;9;sem vítima;170,39999389648438;BR-116/SP;Pista Sul;Abalroamento Longitudinal;2;2;;;;;1
05/02/2014;15:34:00;560;sem vítima;220,39999389648438;BR-116/RJ;Pista Norte;Tombamento;1;1;;;;;1
05/02/2014;00:23:00;13;com vítima;227,8000030517578;BR-116/SP;Pista Sul;Choque em Defensa;1;1;1;1;;;2
05/02/2014;09:16:00;276;sem vítima;241,3000030517578;BR-116/RJ;Pista Norte;Choque em Barreira New Jersey;1;1;;;;;1
05/02/2014;02:55:00;61;sem vítima;257,95001220703125;BR-116/RJ;Pista Norte;Colisão Traseira;2;2;;;;;1
05/02/2014;02:53:00;59;sem vítima;268,79998779296875;BR-116/RJ;Pista Sul;Atropelamento de Animal;2;6;;;;;1
05/02/2014;01:39:00;38;com vítima;292,1000061035156;BR-116/RJ;Pista Norte;Colisão Traseira;1;2;1;;;;1
05/02/2014;15:36:00;562;sem vítima;298,6000061035156;BR-116/RJ;Pista Sul;Colisão Traseira;1;5;;;;;1
06/02/2014;10:58:00;324;com vítima;61;BR-116/SP;Pista Sul;Colisão Traseira;1;1;1;;;;1
06/02/2014;09:40:00;267;com vítima;124,5;BR-116/SP;Pista Sul;Outros;1;0;1;;;;1
06/02/2014;18:15:00;662;sem vítima;163,5;BR-116/SP;Pista Norte;Choque em objeto fixo;1;1;;;;;1
06/02/2014;07:35:00;150;com vítima;180;BR-116/RJ;Pista Norte;Engavetamento;1;3;1;;;;1
06/02/2014;23:45:00;853;sem vítima;182;BR-116/SP;Pista Norte;Choque em objeto fixo;2;3;;;;;1
06/02/2014;04:10:00;75;sem vítima;190,5;BR-116/SP;Pista Sul;Abalroamento Longitudinal;1;7;;;;;1
06/02/2014;07:37:00;153;com vítima;197,6999969482422;BR-116/RJ;Pista Norte;Tombamento;1;0;1;1;;;2
06/02/2014;13:56:00;444;sem vítima;209,8000030517578;BR-116/SP;Pista Sul;Abalroamento Longitudinal;1;3;;;;;1
06/02/2014;16:43:00;582;sem vítima;223;BR-116/RJ;Pista Sul;Colisão Traseira;1;2;;;;;1
06/02/2014;04:16:00;77;sem vítima;224;BR-116/RJ;Pista Norte;Tombamento;2;2;;;;;1
06/02/2014;00:58:00;27;com vítima;232,8000030517578;BR-116/RJ;Pista Sul;Abalroamento Longitudinal;2;1;1;;;;1
06/02/2014;08:50:00;226;sem vítima;273,04998779296875;BR-116/RJ;Pista Sul;Colisão Traseira;1;5;;;;;1
07/02/2014;01:14:00;38;com vítima;110,9000015258789;BR-116/SP;Pista Sul;Choque em Barreira New Jersey;1;0;1;;;;1
07/02/2014;19:14:00;711;sem vítima;142,3000030517578;BR-116/SP;Pista Norte;Engavetamento;1;3;;;;;1
07/02/2014;07:59:00;191;sem vítima;145,10000610351562;BR-116/SP;Pista Sul;Colisão Traseira;1;2;;;;;1
07/02/2014;22:26:00;825;sem vítima;156;BR-116/SP;Pista Sul;Queda de Carga;1;1;;;;;1
07/02/2014;23:38:00;863;sem vítima;209,89999389648438;BR-116/SP;Pista Sul;Choque em veículo parado na pista;1;2;;;;;1
07/02/2014;02:56:00;52;com vítima;217;BR-116/RJ;Pista Norte;Abalroamento Longitudinal;2;1;1;;;;1
07/02/2014;07:10:00;143;com vítima;222,60000610351562;BR-116/SP;Pista Sul;Abalroamento Longitudinal;1;1;1;;;;1
07/02/2014;15:43:00;523;com vítima;224,5;BR-116/RJ;Pista Norte;Choque em objeto fixo;1;2;1;;;;1
07/02/2014;10:42:00;314;sem vítima;230;BR-116/SP;Pista Norte;Colisão Traseira;1;2;;;;;1
07/02/2014;15:15:00;502;sem vítima;293;BR-116/RJ;Pista Norte;Abalroamento Longitudinal;1;29;;;;;1
07/02/2014;18:33:00;678;sem vítima;297,70001220703125;BR-116/RJ;Pista Sul;Outros;1;1;;;;;1
08/02/2014;16:00:00;477;sem vítima;22,700000762939453;BR-116/SP;Pista Sul;Choque em Defensa;1;1;;;;;1
08/02/2014;18:54:00;627;sem vítima;65;BR-116/SP;Pista Norte;Colisão Traseira;1;2;;;;;1
08/02/2014;16:09:00;488;sem vítima;116;BR-116/SP;Pista Sul;Colisão Traseira;1;7;;;;;1
08/02/2014;08:36:00;204;com vítima;164;BR-116/RJ;Pista Sul;Abalroamento Longitudinal;1;2;1;;;;1
08/02/2014;18:47:00;618;sem vítima;186,60000610351562;BR-116/RJ;Pista Sul;Abalroamento Longitudinal;1;2;;;;;1
08/02/2014;05:11:00;102;sem vítima;207,10000610351562;BR-116/RJ;Pista Sul;Colisão Traseira;2;2;;;;;1
08/02/2014;18:28:00;600;sem vítima;228,5;BR-116/RJ;Pista Norte;Queda de Carga;1;1;;;;;1
08/02/2014;07:09:00;149;sem vítima;229,1999969482422;BR-116/SP;Pista Sul;Choque em veículo parado na pista;2;3;;;;;1
08/02/2014;13:21:00;385;sem vítima;318,8999938964844;BR-116/RJ;Pista Sul;Colisão Traseira;1;2;;;;;1
09/02/2014;16:43:00;416;sem vítima;77,80000305175781;BR-116/SP;Pista Sul;Capotamento;1;4;;;;;1
09/02/2014;23:05:00;678;com vítima;198,85000610351562;BR-116/SP;Pista Sul;Colisão Traseira;2;1;2;;1;;2
09/02/2014;05:37:00;91;sem vítima;223;BR-116/SP;Pista Norte;Colisão Traseira;1;2;;;;;1
09/02/2014;18:08:00;479;sem vítima;228,1999969482422;BR-116/RJ;Pista Norte;Engavetamento;3;4;;;;;1
09/02/2014;13:28:00;307;sem vítima;240;BR-116/RJ;Pista Sul;Colisão Traseira;1;3;;;;;1
10/02/2014;10:08:00;311;sem vítima;26,399999618530273;BR-116/SP;Pista Sul;Choque em objeto fixo;1;1;;;;;1
10/02/2014;00:52:00;23;com vítima;101,0999984741211;BR-116/SP;Pista Norte;Colisão Traseira;1;4;1;;;;1
10/02/2014;21:51:00;784;sem vítima;173,5;BR-116/RJ;Pista Sul;Choque em objeto fixo;1;1;;;;;1
10/02/2014;16:36:00;575;sem vítima;175;BR-116/RJ;Pista Sul;Colisão Traseira;1;2;;;;;1
10/02/2014;17:44:00;624;sem vítima;207;BR-116/RJ;Pista Norte;Colisão Traseira;1;5;;;;;1
10/02/2014;10:04:00;310;sem vítima;223;BR-116/SP;Pista Sul;Outros;1;1;;;;;1
10/02/2014;08:07:00;200;sem vítima;225;BR-116/SP;Pista Norte;Abalroamento Longitudinal;1;2;;;;;1
10/02/2014;02:57:00;61;com vítima;226,07000732421875;BR-116/SP;Pista Sul;Colisão Traseira;1;1;;;;1;3
10/02/2014;08:18:00;210;com vítima;297,5;BR-116/RJ;Pista Norte;Abalroamento Longitudinal;1;10;2;;;;1
11/02/2014;07:28:00;136;com vítima;25,299999237060547;BR-116/SP;Pista Sul;Colisão Traseira;1;5;;1;;;2
11/02/2014;04:07:00;62;sem vítima;26,899999618530273;BR-116/SP;Pista Sul;Tombamento;1;1;;;;;1
11/02/2014;09:45:00;260;com vítima;45,400001525878906;BR-116/SP;Pista Norte;Outros;2;1;;;1;;2
11/02/2014;01:17:00;21;com vítima;52,5;BR-116/SP;Pista Sul;Colisão Traseira;2;1;1;;;;1
11/02/2014;15:36:00;490;sem vítima;174,6999969482422;BR-116/RJ;Pista Sul;Abalroamento Longitudinal;1;5;;;;;1
11/02/2014;15:10:00;475;sem vítima;177,3000030517578;BR-116/RJ;Pista Norte;Abalroamento Longitudinal;1;3;;;;;1
11/02/2014;14:39:00;449;sem vítima;218,6999969482422;BR-116/SP;Pista Sul;Tombamento;1;1;;;;;1
11/02/2014;15:09:00;473;sem vítima;288,8699951171875;BR-116/RJ;Pista Norte;Outros;2;2;;;;;1
11/02/2014;19:41:00;678;sem vítima;296,6000061035156;BR-116/RJ;Pista Sul;Colisão Traseira;1;2;;;;;1
11/02/2014;17:03:00;554;com vítima;297,6000061035156;BR-116/RJ;Pista Norte;Colisão Traseira;1;3;;1;;;2
11/02/2014;04:02:00;60;sem vítima;316,29998779296875;BR-116/RJ;Pista Sul;Choque em objeto fixo;1;3;;;;;1
12/02/2014;16:55:00;507;com vítima;11,180000305175781;BR-116/SP;Pista Sul;Tombamento;1;0;1;;;;1
12/02/2014;10:12:00;261;sem vítima;69,5;BR-116/SP;Pista Norte;Abalroamento Longitudinal;2;4;;;;;1
12/02/2014;16:32:00;489;sem vítima;86,9000015258789;BR-116/SP;Pista Sul;Choque em objeto fixo;1;1;;;;;1
12/02/2014;01:07:00;23;com vítima;108,30000305175781;BR-116/SP;Pista Norte;Choque em veículo parado na pista;2;1;1;;;;1
12/02/2014;06:05:00;83;sem vítima;164,10000610351562;BR-116/RJ;Pista Norte;Abalroamento Longitudinal;1;2;;;;;1
12/02/2014;18:46:00;578;sem vítima;174,6999969482422;BR-116/RJ;Pista Sul;Colisão Traseira;1;2;;;;;1
12/02/2014;14:24:00;396;sem vítima;177,1999969482422;BR-116/SP;Pista Norte;Abalroamento Longitudinal;1;4;;;;;1
12/02/2014;11:11:00;307;sem vítima;207,10000610351562;BR-116/RJ;Pista Sul;Choque em objeto fixo;1;1;;;;;1
12/02/2014;20:31:00;653;sem vítima;208,3000030517578;BR-116/RJ;Pista Sul;Colisão Traseira;1;2;;;;;1
12/02/2014;21:50:00;697;com vítima;208,39999389648438;BR-116/RJ;Pista Norte;Engavetamento;1;27;6;2;;;2
12/02/2014;18:18:00;557;sem vítima;222,5;BR-116/RJ;Pista Norte;Choque em Barreira New Jersey;1;3;;;;;1
12/02/2014;02:15:00;36;sem vítima;226,17999267578125;BR-116/RJ;Pista Norte;Colisão Traseira;2;3;;;;;1
12/02/2014;09:04:00;230;sem vítima;231;BR-116/SP;Pista Sul;Colisão Traseira;1;3;;;;;1
12/02/2014;03:58:00;52;sem vítima;290,20001220703125;BR-116/RJ;Pista Norte;Outros;2;2;;;;;1
13/02/2014;20:32:00;724;com vítima;31,549999237060547;BR-116/SP;Pista Sul;Capotamento;1;1;;1;;;2
13/02/2014;16:59:00;577;sem vítima;166,25;BR-116/SP;Pista Norte;Engavetamento;3;3;;;;;1
13/02/2014;17:06:00;580;com vítima;167,3000030517578;BR-116/SP;Pista Norte;Tombamento;1;0;1;;;;1
13/02/2014;20:48:00;734;com vítima;182,39999389648438;BR-116/SP;Pista Sul;Colisão Traseira;1;2;1;;;;1
13/02/2014;09:43:00;281;sem vítima;190,3000030517578;BR-116/RJ;Pista Sul;Colisão Traseira;2;3;;;;;1
13/02/2014;23:41:00;814;com vítima;222,10000610351562;BR-116/RJ;Pista Norte;Tombamento;1;0;1;;;;1
13/02/2014;17:15:00;583;sem vítima;226,89999389648438;BR-116/RJ;Pista Norte;Queda de Carga;1;1;;;;;1
13/02/2014;12:47:00;411;sem vítima;271,3999938964844;BR-116/RJ;Pista Sul;Colisão Traseira;2;2;;;;;1
14/02/2014;03:29:00;60;sem vítima;0,800000011920929;BR-116/SP;Pista Norte;Choque em objeto fixo;1;1;;;;;1
14/02/2014;19:37:00;715;com vítima;16,700000762939453;BR-116/SP;Pista Sul;Colisão Traseira;1;4;1;;;;1
14/02/2014;18:32:00;677;sem vítima;87;BR-116/SP;Pista Sul;Colisão Traseira;1;2;;;;;1
14/02/2014;10:24:00;326;sem vítima;116,5;BR-116/SP;Pista Sul;Abalroamento Longitudinal;1;2;;;;;1
14/02/2014;23:22:00;845;com vítima;133,1999969482422;BR-116/SP;Pista Norte;Choque em Barreira New Jersey;1;4;1;;;;1
14/02/2014;22:19:00;811;sem vítima;167,3000030517578;BR-116/RJ;Pista Sul;Engavetamento;1;7;;;;;1
14/02/2014;13:42:00;456;sem vítima;169,39999389648438;BR-116/RJ;Pista Norte;Abalroamento Longitudinal;1;4;;;;;1
14/02/2014;22:15:00;804;sem vítima;187,4499969482422;BR-116/SP;Pista Sul;Engavetamento;1;2;;;;;1
14/02/2014;18:21:00;666;com vítima;193,8000030517578;BR-116/SP;Pista Sul;Tombamento;1;0;1;;;;1
14/02/2014;15:03:00;529;sem vítima;210,6999969482422;BR-116/SP;Pista Sul;Colisão Traseira;1;4;;;;;1
14/02/2014;04:17:00;72;sem vítima;218;BR-116/SP;Pista Norte;Outros;1;1;;;;;1
14/02/2014;17:13:00;626;sem vítima;227,3000030517578;BR-116/SP;Pista Norte;Abalroamento Longitudinal;1;2;;;;;1
14/02/2014;23:40:00;856;sem vítima;266;BR-116/RJ;Pista Sul;Abalroamento Longitudinal;1;2;;;;;1
14/02/2014;22:31:00;820;com vítima;333,1000061035156;BR-116/RJ;Pista Norte;Colisão Traseira;1;1;1;;;;1
15/02/2014;08:03:00;163;sem vítima;30,700000762939453;BR-116/SP;Pista Sul;Tombamento;1;1;;;;;1
15/02/2014;16:47:00;453;sem vítima;60,29999923706055;BR-116/SP;Pista Sul;Choque em Barreira New Jersey;1;1;;;;;1
15/02/2014;10:37:00;245;com vítima;123,5;BR-116/SP;Pista Norte;Choque em Barreira New Jersey;1;1;;1;;;2
15/02/2014;00:56:00;31;sem vítima;127,69999694824219;BR-116/SP;Pista Norte;Outros;1;1;;;;;1
15/02/2014;16:11:00;437;sem vítima;165;BR-116/SP;Pista Norte;Colisão Traseira;1;3;;;;;1
15/02/2014;17:39:00;477;com vítima;173,0500030517578;BR-116/SP;Pista Sul;Outros;1;0;1;;;;1
15/02/2014;08:25:00;169;sem vítima;204;BR-116/SP;Pista Sul;Colisão Traseira;2;2;;;;;1
15/02/2014;14:45:00;388;sem vítima;209,1999969482422;BR-116/RJ;Pista Sul;Colisão Traseira;2;4;;;;;1
15/02/2014;10:11:00;230;sem vítima;223,3000030517578;BR-116/RJ;Pista Norte;Tombamento;1;1;;;;;1
15/02/2014;01:31:00;42;sem vítima;269;BR-116/RJ;Pista Sul;Choque em Barreira New Jersey;1;1;;;;;1
15/02/2014;00:16:00;11;com vítima;276,5;BR-116/RJ;Pista Sul;Engavetamento;1;19;1;;;;1
15/02/2014;01:26:00;38;sem vítima;276,5;BR-116/RJ;Pista Sul;Choque em objeto fixo;1;1;;;;;1
15/02/2014;01:59:00;51;sem vítima;281,70001220703125;BR-116/RJ;Pista Norte;Tombamento;1;1;;;;;1
16/02/2014;17:14:00;401;sem vítima;109,80000305175781;BR-116/SP;Pista Sul;Colisão Traseira;1;6;;;;;1
16/02/2014;06:20:00;97;com vítima;188,3000030517578;BR-116/SP;Pista Sul;Colisão Traseira;2;2;1;;;;1
16/02/2014;09:08:00;184;com vítima;214,5;BR-116/SP;Pista Norte;Colisão Traseira;1;2;;1;;;2
16/02/2014;23:29:00;595;sem vítima;308,6000061035156;BR-116/RJ;Pista Norte;Outros;1;2;;;;;1
17/02/2014;15:05:00;425;sem vítima;66,30000305175781;BR-116/SP;Pista Norte;Abalroamento Longitudinal;1;2;;;;;1
17/02/2014;18:06:00;552;sem vítima;134,5;BR-116/SP;Pista Sul;Colisão Traseira;1;22;;;;;1
17/02/2014;16:35:00;486;com vítima;139,60000610351562;BR-116/SP;Pista Norte;Queda de moto;1;3;;1;;;2
17/02/2014;17:35:00;526;sem vítima;145,5;BR-116/SP;Pista Norte;Colisão Traseira;2;2;;;;;1
17/02/2014;03:28:00;42;com vítima;168,6999969482422;BR-116/SP;Pista Sul;Colisão Traseira;2;1;1;;;;1
17/02/2014;07:17:00;132;com vítima;184,8000030517578;BR-116/RJ;Pista Norte;Abalroamento Longitudinal;1;46;;;;1;3
17/02/2014;15:21:00;441;sem vítima;189,10000610351562;BR-116/RJ;Pista Sul;Abalroamento Longitudinal;1;2;;;;;1
17/02/2014;12:31:00;337;sem vítima;207;BR-116/RJ;Pista Sul;Choque em objeto na pista;1;1;;;;;1
17/02/2014;23:56:00;703;sem vítima;222,1999969482422;BR-116/RJ;Pista Norte;Colisão Traseira;2;4;;;;;1
17/02/2014;11:56:00;325;com vítima;231,3000030517578;BR-116/SP;Pista Sul;Colisão Traseira;1;2;1;;;;1
18/02/2014;13:17:00;385;sem vítima;37,900001525878906;BR-116/SP;Pista Norte;Colisão Traseira;1;2;;;;;1
18/02/2014;20:38:00;648;sem vítima;125,0999984741211;BR-116/SP;Pista Sul;Abalroamento Longitudinal;2;2;;;;;1
18/02/2014;17:38:00;531;sem vítima;140;BR-116/SP;Pista Sul;Engavetamento;1;6;;;;;1
18/02/2014;06:42:00;131;sem vítima;155;BR-116/SP;Pista Sul;Colisão Traseira;1;2;;;;;1
18/02/2014;21:51:00;678;sem vítima;169,10000610351562;BR-116/SP;Pista Sul;Abalroamento Longitudinal;2;2;;;;;1
18/02/2014;15:10:00;446;com vítima;180;BR-116/SP;Pista Sul;Colisão Traseira;1;1;1;;;;1
18/02/2014;10:23:00;309;com vítima;187,60000610351562;BR-116/RJ;Pista Sul;Engavetamento;1;2;2;;;;1
18/02/2014;04:45:00;64;sem vítima;207;BR-116/SP;Pista Norte;Choque em Defensa;1;1;;;;;1
18/02/2014;12:55:00;374;sem vítima;220,60000610351562;BR-116/SP;Pista Sul;Abalroamento Longitudinal;1;6;;;;;1
18/02/2014;01:12:00;22;sem vítima;222,6999969482422;BR-116/RJ;Pista Sul;Colisão Traseira;1;2;;;;;1
18/02/2014;15:58:00;478;sem vítima;273,1000061035156;BR-116/RJ;Pista Sul;Engavetamento;2;5;;;;;1
18/02/2014;08:55:00;258;sem vítima;298,29998779296875;BR-116/RJ;Pista Norte;Colisão Traseira;2;2;;;;;1
18/02/2014;03:41:00;47;sem vítima;315,1000061035156;BR-116/RJ;Pista Norte;Colisão Traseira;1;4;;;;;1
18/02/2014;06:44:00;132;sem vítima;328,3999938964844;BR-116/RJ;Pista Sul;Queda de Carga;1;1;;;;;1
19/02/2014;23:54:00;755;sem vítima;45,5;BR-116/SP;Pista Norte;Colisão Traseira;2;2;;;;;1
19/02/2014;14:13:00;450;sem vítima;50,099998474121094;BR-116/SP;Pista Sul;Choque em objeto na pista;1;1;;;;;1
19/02/2014;17:41:00;586;sem vítima;159,3000030517578;BR-116/SP;Pista Norte;Engavetamento;2;4;;;;;1
19/02/2014;11:52:00;378;sem vítima;182,10000610351562;BR-116/SP;Pista Norte;Colisão Traseira;1;2;;;;;1
19/02/2014;09:05:00;249;sem vítima;217,5;BR-116/SP;Pista Norte;Colisão Traseira;1;2;;;;;1
19/02/2014;10:25:00;315;sem vítima;222,6999969482422;BR-116/RJ;Pista Sul;Abalroamento Longitudinal;1;2;;;;;1
19/02/2014;17:33:00;578;sem vítima;223,6999969482422;BR-116/RJ;Pista Norte;Choque Talude;1;1;;;;;1
19/02/2014;14:29:00;460;sem vítima;239,3000030517578;BR-116/RJ;Pista Sul;Abalroamento Longitudinal;2;2;;;;;1
19/02/2014;22:52:00;740;com vítima;251,3800048828125;BR-116/RJ;Pista Norte;Colisão Traseira;2;1;;;1;;2
19/02/2014;09:03:00;248;com vítima;274,79998779296875;BR-116/RJ;Pista Sul;Abalroamento Longitudinal;1;9;1;;;;1
20/02/2014;00:25:00;14;com vítima;95,19999694824219;BR-116/SP;Pista Norte;Colisão Traseira;2;1;;1;;;2
20/02/2014;15:48:00;498;sem vítima;118,5999984741211;BR-116/SP;Pista Norte;Colisão Traseira;2;2;;;;;1
20/02/2014;16:53:00;539;com vítima;152,60000610351562;BR-116/SP;Pista Sul;Colisão Traseira;1;0;2;;;;1
20/02/2014;09:18:00;235;com vítima;178,89999389648438;BR-116/RJ;Pista Norte;Engavetamento;1;2;1;;;;1
20/02/2014;17:20:00;555;com vítima;182;BR-116/SP;Pista Norte;Colisão Traseira;1;1;1;;;;1
20/02/2014;15:17:00;473;sem vítima;206;BR-116/RJ;Pista Sul;Colisão Traseira;1;2;;;;;1
20/02/2014;08:29:00;191;sem vítima;292,79998779296875;BR-116/RJ;Pista Norte;Colisão Traseira;3;3;;;;;1
20/02/2014;15:03:00;464;sem vítima;298;BR-116/RJ;Pista Norte;Colisão Traseira;2;2;;;;;1
21/02/2014;06:09:00;81;sem vítima;165,5;BR-116/RJ;Pista Norte;Abalroamento Longitudinal;1;2;;;;;1
21/02/2014;06:50:00;113;com vítima;178,8000030517578;BR-116/SP;Pista Sul;Atropelamento de Pedestre Atravessando;1;2;;1;;;2
21/02/2014;07:41:00;158;com vítima;180,89999389648438;BR-116/RJ;Pista Norte;Colisão Traseira;1;3;;3;;;2
21/02/2014;16:26:00;532;sem vítima;186,3000030517578;BR-116/SP;Pista Sul;Colisão Traseira;1;3;;;;;1
21/02/2014;00:41:00;15;sem vítima;197,3000030517578;BR-116/SP;Pista Sul;Choque Talude;1;1;;;;;1
21/02/2014;18:19:00;624;sem vítima;202,39999389648438;BR-116/SP;Pista Norte;Abalroamento Longitudinal;1;5;;;;;1
21/02/2014;11:11:00;322;sem vítima;218,3000030517578;BR-116/SP;Pista Norte;Colisão Traseira;2;3;;;;;1
21/02/2014;18:49:00;662;sem vítima;219,6999969482422;BR-116/SP;Pista Sul;Colisão Traseira;1;2;;;;;1
22/02/2014;10:00:00;249;com vítima;166,5;BR-116/RJ;Pista Norte;Colisão Traseira;1;3;2;;;;1
22/02/2014;14:44:00;398;sem vítima;178;BR-116/SP;Pista Sul;Choque em Barreira New Jersey;1;1;;;;;1
22/02/2014;08:26:00;196;sem vítima;190,5;BR-116/RJ;Pista Sul;Colisão Traseira;1;2;;;;;1
22/02/2014;04:47:00;82;com vítima;198,5399932861328;BR-116/SP;Pista Norte;Choque em veículo parado na pista;1;0;2;;;1;3
22/02/2014;09:10:00;221;sem vítima;199,22000122070312;BR-116/SP;Pista Norte;Choque em objeto na pista;1;5;;;;;1
22/02/2014;15:42:00;443;sem vítima;204,8000030517578;BR-116/SP;Pista Sul;Abalroamento Longitudinal;1;5;;;;;1