data;horario;n_da_ocorrencia;tipo_de_ocorrencia;km;trecho;sentido;tipo_de_acidente;caminhao;ilesos;levemente_feridos;moderadamente_feridos;gravemente_feridos;mortos;3
22/02/2014;06:51:00;129;sem vítima;277,79998779296875;BR-116/RJ;Pista Norte;Choque em objeto na pista;2;2;;;;;1
23/02/2014;20:37:00;579;com vítima;22;BR-116/SP;Pista Norte;Colisão Traseira;2;3;1;;;;1
23/02/2014;07:42:00;155;sem vítima;163,1999969482422;BR-116/RJ;Pista Norte;Choque em Barreira New Jersey;1;2;;;;;1
23/02/2014;12:05:00;278;sem vítima;171,8000030517578;BR-116/RJ;Pista Norte;Abalroamento Longitudinal;1;4;;;;;1
23/02/2014;19:18:00;538;sem vítima;173,6999969482422;BR-116/RJ;Pista Sul;Choque em objeto na pista;1;6;;;;;1
23/02/2014;17:20:00;439;sem vítima;207,1999969482422;BR-116/RJ;Pista Sul;Choque em veículo parado na pista;1;7;;;;;1
23/02/2014;22:38:00;646;sem vítima;275,79998779296875;BR-116/RJ;Pista Norte;Abalroamento Longitudinal;2;2;;;;;1
24/02/2014;13:12:00;463;com vítima;56,79999923706055;BR-116/SP;Pista Sul;Colisão Traseira;1;1;1;;;;1
24/02/2014;06:28:00;113;sem vítima;190;BR-116/RJ;Pista Norte;Abalroamento Longitudinal;1;2;;;;;1
24/02/2014;16:17:00;589;com vítima;192;BR-116/RJ;Pista Norte;Abalroamento Longitudinal;1;4;2;;;;1
24/02/2014;10:18:00;344;sem vítima;257,79998779296875;BR-116/RJ;Pista Norte;Colisão Traseira;1;4;;;;;1
25/02/2014;02:20:00;35;sem vítima;7,630000114440918;BR-116/SP;Pista Norte;Outros;1;3;;;;;1
25/02/2014;03:56:00;49;sem vítima;87,4000015258789;BR-116/SP;Pista Sul;Abalroamento Longitudinal;2;2;;;;;1
25/02/2014;04:23:00;56;com vítima;120,5;BR-116/SP;Pista Sul;Abalroamento Longitudinal;1;4;1;;;;1
25/02/2014;21:34:00;711;sem vítima;127;BR-116/SP;Pista Norte;Abalroamento Longitudinal;2;2;;;;;1
25/02/2014;19:07:00;637;sem vítima;163,6999969482422;BR-116/RJ;Pista Norte;Abalroamento Longitudinal;1;2;;;;;1
25/02/2014;07:36:00;153;sem vítima;168,3000030517578;BR-116/SP;Pista Norte;Colisão Traseira;2;3;;;;;1
25/02/2014;08:45:00;217;com vítima;188,60000610351562;BR-116/SP;Pista Norte;Choque em Defensa;1;1;1;;;;1
25/02/2014;04:21:00;55;com vítima;198,1999969482422;BR-116/SP;Pista Sul;Colisão Traseira;1;2;1;;;;1
25/02/2014;16:08:00;521;sem vítima;203,3000030517578;BR-116/SP;Pista Norte;Choque em Barreira New Jersey;2;3;;;;;1
25/02/2014;07:24:00;141;sem vítima;205,5;BR-116/SP;Pista Sul;Outros;1;3;;;;;1
25/02/2014;11:29:00;362;sem vítima;225;BR-116/RJ;Pista Norte;Choque Talude;1;1;;;;;1
25/02/2014;20:46:00;686;sem vítima;225,5;BR-116/SP;Pista Sul;Abalroamento Longitudinal;1;9;;;;;1
25/02/2014;20:40:00;682;com vítima;225,75;BR-116/RJ;Pista Norte;Abalroamento Longitudinal;1;2;1;;;;1
25/02/2014;10:59:00;339;sem vítima;230;BR-116/SP;Pista Sul;Abalroamento Longitudinal;2;2;;;;;1
25/02/2014;23:20:00;746;com vítima;269,3999938964844;BR-116/RJ;Pista Norte;Colisão Traseira;1;1;;1;;;2
25/02/2014;16:49:00;547;com vítima;272,8500061035156;BR-116/RJ;Pista Sul;Abalroamento Longitudinal;1;1;;1;;;2
25/02/2014;23:53:00;754;sem vítima;318,8999938964844;BR-116/RJ;Pista Norte;Colisão Traseira;2;3;;;;;1
26/02/2014;18:31:00;618;sem vítima;176,10000610351562;BR-116/RJ;Pista Sul;Abalroamento Longitudinal;1;2;;;;;1
26/02/2014;05:59:00;96;com vítima;211,0500030517578;BR-116/SP;Pista Sul;Colisão Traseira;1;4;1;;;;1
26/02/2014;16:32:00;514;com vítima;222,3000030517578;BR-116/RJ;Pista Sul;Abalroamento Longitudinal;1;2;;1;;;2
26/02/2014;09:57:00;285;com vítima;223,17999267578125;BR-116/RJ;Pista Norte;Tombamento;1;0;1;;;;1
26/02/2014;13:08:00;378;sem vítima;223,3000030517578;BR-116/RJ;Pista Norte;Choque em Barreira New Jersey;1;1;;;;;1
26/02/2014;09:37:00;275;sem vítima;224,39999389648438;BR-116/RJ;Pista Norte;Colisão Traseira;2;2;;;;;1
27/02/2014;17:33:00;590;sem vítima;22,399999618530273;BR-116/SP;Pista Sul;Choque em Defensa;1;2;;;;;1
27/02/2014;22:27:00;786;com vítima;86,94999694824219;BR-116/SP;Pista Norte;Colisão Traseira;1;2;;1;;;2
27/02/2014;07:54:00;215;sem vítima;110,0999984741211;BR-116/SP;Pista Sul;Colisão Traseira;1;9;;;;;1
27/02/2014;00:34:00;16;com vítima;113;BR-116/SP;Pista Sul;Choque em objeto fixo;1;0;1;;;;1
27/02/2014;07:06:00;163;sem vítima;115,80000305175781;BR-116/SP;Pista Sul;Colisão Traseira;2;2;;;;;1
27/02/2014;19:11:00;666;sem vítima;146,10000610351562;BR-116/SP;Pista Sul;Colisão Traseira;2;2;;;;;1
27/02/2014;05:07:00;99;com vítima;149,39999389648438;BR-116/SP;Pista Sul;Choque em Barreira New Jersey;1;0;1;;;;1
27/02/2014;12:51:00;425;sem vítima;174,8000030517578;BR-116/RJ;Pista Sul;Colisão Traseira;1;2;;;;;1
27/02/2014;11:11:00;370;sem vítima;224,89999389648438;BR-116/RJ;Pista Sul;Choque em objeto fixo;1;2;;;;;1
28/02/2014;05:59:00;103;sem vítima;28,299999237060547;BR-116/SP;Pista Norte;Outros;1;1;;;;;1
28/02/2014;05:40:00;92;sem vítima;46,720001220703125;BR-116/SP;Pista Norte;Colisão Traseira;1;5;;;;;1
28/02/2014;11:16:00;380;sem vítima;58;BR-116/SP;Pista Norte;Queda de Carga;1;1;;;;;1
28/02/2014;08:42:00;234;sem vítima;67,0999984741211;BR-116/SP;Pista Sul;Choque em Barreira New Jersey;1;2;;;;;1
28/02/2014;06:23:00;115;sem vítima;95,19999694824219;BR-116/SP;Pista Norte;Colisão Traseira;2;2;;;;;1
28/02/2014;13:18:00;463;sem vítima;110,4000015258789;BR-116/SP;Pista Norte;Abalroamento Longitudinal;1;2;;;;;1
28/02/2014;19:32:00;741;sem vítima;176,3000030517578;BR-116/RJ;Pista Sul;Abalroamento Longitudinal;1;2;;;;;1
28/02/2014;21:12:00;800;sem vítima;177,5;BR-116/RJ;Pista Sul;Abalroamento Longitudinal;1;6;;;;;1
28/02/2014;14:31:00;507;sem vítima;182;BR-116/SP;Pista Norte;Engavetamento;1;12;;;;;1
28/02/2014;22:35:00;836;sem vítima;239,60000610351562;BR-116/RJ;Pista Norte;Engavetamento;1;8;;;;;1
28/02/2014;17:38:00;651;sem vítima;263,3999938964844;BR-116/RJ;Pista Norte;Outros;1;1;;;;;1
28/02/2014;05:39:00;91;sem vítima;271,79998779296875;BR-116/RJ;Pista Sul;Choque em objeto na pista;2;8;;;;;1
28/02/2014;13:22:00;466;sem vítima;290,1000061035156;BR-116/RJ;Pista Norte;Colisão Traseira;1;2;;;;;1
28/02/2014;10:26:00;339;sem vítima;296,3999938964844;BR-116/RJ;Pista Sul;Abalroamento Longitudinal;1;2;;;;;1
28/02/2014;21:58:00;820;sem vítima;296,8999938964844;BR-116/RJ;Pista Sul;Colisão Traseira;1;4;;;;;1
01/03/2014;02:50:00;72;sem vítima;15,399999618530273;BR-116/SP;Pista Sul;Choque em veículo parado na pista;1;2;;;;;1
01/03/2014;17:39:00;614;com vítima;29,399999618530273;BR-116/SP;Pista Sul;Engavetamento;1;3;1;;;;1
01/03/2014;02:57:00;74;sem vítima;103,5;BR-116/SP;Pista Norte;Colisão Traseira;1;3;;;;;1
01/03/2014;12:28:00;420;com vítima;169,10000610351562;BR-116/RJ;Pista Norte;Abalroamento Longitudinal;1;1;2;;;;1
01/03/2014;09:11:00;275;sem vítima;184,89999389648438;BR-116/RJ;Pista Sul;Colisão Traseira;1;4;;;;;1
01/03/2014;07:11:00;182;sem vítima;204;BR-116/SP;Pista Sul;Outros;1;2;;;;;1
01/03/2014;07:15:00;186;sem vítima;204;BR-116/SP;Pista Sul;Colisão Traseira;1;3;;;;;1
01/03/2014;15:49:00;543;sem vítima;212,10000610351562;BR-116/SP;Pista Sul;Abalroamento Longitudinal;1;5;;;;;1
01/03/2014;16:08:00;554;sem vítima;212,10000610351562;BR-116/SP;Pista Sul;Colisão Traseira;1;5;;;;;1
01/03/2014;12:11:00;407;com vítima;212,3000030517578;BR-116/SP;Pista Sul;Tombamento;1;10;1;;;;1
01/03/2014;09:11:00;276;sem vítima;220,3000030517578;BR-116/RJ;Pista Sul;Queda de Carga;1;1;;;;;1
01/03/2014;18:32:00;646;sem vítima;231,10000610351562;BR-116/SP;Pista Norte;Abalroamento Longitudinal;1;2;;;;;1
02/03/2014;09:50:00;213;sem vítima;86,94999694824219;BR-116/SP;Pista Norte;Abalroamento Longitudinal;1;4;;;;;1
02/03/2014;12:54:00;312;sem vítima;87;BR-116/SP;Pista Sul;Colisão Traseira;1;3;;;;;1
02/03/2014;15:19:00;393;sem vítima;182,64999389648438;BR-116/RJ;Pista Norte;Engavetamento;1;13;;;;;1
02/03/2014;00:29:00;9;sem vítima;296,29998779296875;BR-116/RJ;Pista Sul;Choque em objeto na pista;1;2;;;;;1
03/03/2014;18:55:00;403;sem vítima;172,5;BR-116/RJ;Pista Norte;Engavetamento;1;4;;;;;1
03/03/2014;18:00:00;379;sem vítima;178,6999969482422;BR-116/RJ;Pista Norte;Abalroamento Longitudinal;1;3;;;;;1
03/03/2014;18:39:00;396;sem vítima;184,5500030517578;BR-116/RJ;Pista Norte;Abalroamento Longitudinal;1;7;;;;;1
03/03/2014;12:21:00;227;com vítima;196,3000030517578;BR-116/SP;Pista Norte;Abalroamento Longitudinal;1;4;1;;;;1
04/03/2014;19:00:00;448;com vítima;205,5500030517578;BR-116/SP;Pista Sul;Abalroamento Longitudinal;1;2;3;;;;1
04/03/2014;03:59:00;32;sem vítima;221,85000610351562;BR-116/RJ;Pista Sul;Choque em objeto fixo;1;1;;;;;1
05/03/2014;04:53:00;65;sem vítima;18,600000381469727;BR-116/SP;Pista Sul;Colisão Traseira;1;38;;;;;1
05/03/2014;01:39:00;35;sem vítima;87,19999694824219;BR-116/SP;Pista Sul;Abalroamento Longitudinal;1;3;;;;;1
05/03/2014;17:15:00;496;com vítima;114,30000305175781;BR-116/SP;Pista Sul;Engavetamento;1;3;1;;;;1
05/03/2014;02:15:00;42;sem vítima;130,10000610351562;BR-116/SP;Pista Sul;Atropelamento de Animal;1;24;;;;;1
05/03/2014;12:46:00;339;sem vítima;140;BR-116/SP;Pista Sul;Colisão Traseira;2;2;;;;;1
05/03/2014;06:14:00;88;sem vítima;141;BR-116/SP;Pista Norte;Abalroamento Longitudinal;1;2;;;;;1
05/03/2014;14:14:00;393;sem vítima;216;BR-116/SP;Pista Sul;Abalroamento Longitudinal;1;6;;;;;1
05/03/2014;17:03:00;489;sem vítima;223;BR-116/SP;Pista Norte;Colisão Traseira;2;2;;;;;1
06/03/2014;01:47:00;27;com vítima;83,5999984741211;BR-116/SP;Pista Sul;Colisão Traseira;2;2;;1;;;2
06/03/2014;19:16:00;604;sem vítima;106,9000015258789;BR-116/SP;Pista Norte;Choque em veículo parado na pista;1;2;;;;;1
06/03/2014;15:19:00;471;sem vítima;114,80000305175781;BR-116/SP;Pista Norte;Tombamento;1;1;;;;;1
06/03/2014;03:24:00;41;sem vítima;130,74000549316406;BR-116/SP;Pista Sul;Abalroamento Longitudinal;1;36;;;;;1
06/03/2014;16:21:00;504;sem vítima;166;BR-116/SP;Pista Norte;Abalroamento Longitudinal;2;2;;;;;1
06/03/2014;19:52:00;625;sem vítima;172,3000030517578;BR-116/RJ;Pista Sul;Abalroamento Longitudinal;1;2;;;;;1
06/03/2014;16:15:00;499;sem vítima;270,8999938964844;BR-116/RJ;Pista Sul;Abalroamento Longitudinal;1;2;;;;;1
06/03/2014;18:44:00;585;sem vítima;278,8999938964844;BR-116/RJ;Pista Norte;Choque em Barreira New Jersey;1;1;;;;;1
07/03/2014;05:16:00;65;com vítima;98,86000061035156;BR-116/SP;Pista Norte;Tombamento;1;0;1;;;;1
07/03/2014;03:32:00;52;com vítima;119,4000015258789;BR-116/SP;Pista Sul;Tombamento;1;0;1;;;;1
07/03/2014;06:49:00;98;sem vítima;181;BR-116/RJ;Pista Sul;Abalroamento Longitudinal;1;2;;;;;1
07/03/2014;03:52:00;54;com vítima;192,6999969482422;BR-116/RJ;Pista Norte;Abalroamento Longitudinal;2;0;;1;;1;3
07/03/2014;21:05:00;682;sem vítima;193,3000030517578;BR-116/SP;Pista Norte;Outros;1;1;;;;;1
07/03/2014;23:03:00;743;sem vítima;203,4499969482422;BR-116/SP;Pista Sul;Choque em objeto fixo;1;1;;;;;1
07/03/2014;17:14:00;512;com vítima;205;BR-116/SP;Pista Sul;Colisão Traseira;1;1;1;;;;1
07/03/2014;13:54:00;395;com vítima;223,17999267578125;BR-116/RJ;Pista Norte;Colisão Traseira;2;2;1;;;;1
07/03/2014;07:41:00;145;sem vítima;223,5;BR-116/RJ;Pista Norte;Choque em objeto na pista;1;2;;;;;1
07/03/2014;22:02:00;718;sem vítima;226,10000610351562;BR-116/SP;Pista Norte;Colisão Traseira;1;2;;;;;1
07/03/2014;09:47:00;230;sem vítima;230,1999969482422;BR-116/SP;Pista Sul;Abalroamento Longitudinal;1;5;;;;;1
07/03/2014;19:03:00;590;sem vítima;278,79998779296875;BR-116/RJ;Pista Norte;Outros;1;3;;;;;1
08/03/2014;15:10:00;391;com vítima;93,94999694824219;BR-116/SP;Pista Norte;Colisão Traseira;1;1;1;;;;1
08/03/2014;09:31:00;212;sem vítima;191,60000610351562;BR-116/SP;Pista Norte;Choque em Barreira New Jersey;1;6;;;;;1
08/03/2014;15:39:00;408;com vítima;235,89999389648438;BR-116/RJ;Pista Sul;Engavetamento;2;10;3;;;;1
08/03/2014;00:06:00;1;sem vítima;278,79998779296875;BR-116/RJ;Pista Norte;Choque em Defensa;1;2;;;;;1
08/03/2014;18:35:00;507;sem vítima;287,79998779296875;BR-116/RJ;Pista Norte;Abalroamento Longitudinal;1;3;;;;;1
09/03/2014;17:20:00;442;sem vítima;32;BR-116/SP;Pista Norte;Colisão Traseira;1;5;;;;;1
09/03/2014;09:45:00;210;sem vítima;108;BR-116/SP;Pista Sul;Colisão Traseira;1;4;;;;;1
09/03/2014;06:18:00;89;sem vítima;207,10000610351562;BR-116/RJ;Pista Norte;Colisão Traseira;1;44;;;;;1
09/03/2014;12:33:00;288;sem vítima;207,10000610351562;BR-116/RJ;Pista Sul;Choque em objeto fixo;1;1;;;;;1
09/03/2014;19:53:00;551;sem vítima;209,6999969482422;BR-116/SP;Pista Sul;Abalroamento Longitudinal;1;3;;;;;1
10/03/2014;01:16:00;27;sem vítima;11,300000190734863;BR-116/SP;Pista Sul;Choque em objeto na pista;1;5;;;;;1
10/03/2014;13:30:00;462;sem vítima;58,20000076293945;BR-116/SP;Pista Sul;Abalroamento Longitudinal;1;3;;;;;1
10/03/2014;21:03:00;743;sem vítima;108,55000305175781;BR-116/SP;Pista Norte;Choque em objeto fixo;1;1;;;;;1
10/03/2014;16:08:00;556;sem vítima;145,67999267578125;BR-116/SP;Pista Norte;Abalroamento Longitudinal;1;2;;;;;1
10/03/2014;14:14:00;487;sem vítima;158;BR-116/SP;Pista Norte;Engavetamento;2;7;;;;;1
10/03/2014;19:23:00;687;sem vítima;176,14999389648438;BR-116/RJ;Pista Sul;Abalroamento Longitudinal;1;2;;;;;1
10/03/2014;07:21:00;170;sem vítima;182;BR-116/SP;Pista Norte;Colisão Traseira;3;3;;;;;1
10/03/2014;13:28:00;458;sem vítima;188,3000030517578;BR-116/RJ;Pista Sul;Tombamento;2;2;;;;;1
10/03/2014;15:29:00;528;com vítima;220,35000610351562;BR-116/RJ;Pista Sul;Tombamento;1;0;1;;;;1
10/03/2014;17:27:00;614;sem vítima;220,35000610351562;BR-116/RJ;Pista Sul;Outros;2;3;;;;;1
10/03/2014;00:13:00;10;sem vítima;246,10000610351562;BR-116/RJ;Pista Norte;Colisão Traseira;2;2;;;;;1
10/03/2014;09:50:00;320;sem vítima;271,4800109863281;BR-116/RJ;Pista Norte;Choque em Barreira New Jersey;1;1;;;;;1
10/03/2014;09:23:00;300;com vítima;310;BR-116/RJ;Pista Norte;Abalroamento Longitudinal;1;4;1;;;;1
10/03/2014;07:17:00;164;sem vítima;329,70001220703125;BR-116/RJ;Pista Sul;Colisão Traseira;1;2;;;;;1
11/03/2014;02:21:00;47;sem vítima;161;BR-116/SP;Pista Norte;Choque em objeto na pista;1;1;;;;;1
11/03/2014;16:11:00;537;sem vítima;165;BR-116/SP;Pista Sul;Colisão Traseira;1;3;;;;;1
11/03/2014;09:42:00;274;sem vítima;166,5;BR-116/RJ;Pista Norte;Abalroamento Longitudinal;1;6;;;;;1
11/03/2014;10:51:00;324;sem vítima;182;BR-116/SP;Pista Norte;Colisão Traseira;1;2;;;;;1
11/03/2014;19:49:00;668;com vítima;214;BR-116/SP;Pista Norte;Atropelamento de Pedestre Atravessando;1;1;;1;;;2
11/03/2014;13:56:00;449;com vítima;223,3000030517578;BR-116/RJ;Pista Sul;Colisão Traseira;1;1;1;;;;1
12/03/2014;15:07:00;480;sem vítima;61;BR-116/SP;Pista Sul;Abalroamento Longitudinal;1;2;;;;;1
12/03/2014;19:54:00;648;sem vítima;85,5999984741211;BR-116/SP;Pista Norte;Abalroamento Longitudinal;1;2;;;;;1
12/03/2014;07:37:00;179;sem vítima;139,89999389648438;BR-116/SP;Pista Sul;Colisão Traseira;1;2;;;;;1
12/03/2014;18:37:00;605;sem vítima;165,1999969482422;BR-116/RJ;Pista Sul;Colisão Traseira;1;2;;;;;1
12/03/2014;09:54:00;278;sem vítima;180,6999969482422;BR-116/RJ;Pista Norte;Colisão Traseira;2;2;;;;;1
12/03/2014;08:34:00;225;sem vítima;182,5;BR-116/RJ;Pista Sul;Colisão Traseira;1;2;;;;;1
12/03/2014;09:10:00;245;com vítima;212,89999389648438;BR-116/SP;Pista Sul;Engavetamento;2;2;;1;;;2
12/03/2014;08:44:00;229;com vítima;215,5;BR-116/SP;Pista Norte;Abalroamento Longitudinal;2;3;;1;;;2
12/03/2014;11:45:00;351;com vítima;242,55999755859375;BR-116/RJ;Pista Sul;Colisão Traseira;1;1;;;1;;2
13/03/2014;14:05:00;443;com vítima;51;BR-116/SP;Pista Norte;Atropelamento de Pedestre Atravessando;1;1;1;;;;1
13/03/2014;06:20:00;98;com vítima;95,6500015258789;BR-116/SP;Pista Norte;Choque em Barreira New Jersey;1;0;;1;;;2
13/03/2014;02:26:00;28;sem vítima;118,5999984741211;BR-116/SP;Pista Sul;Colisão Traseira;2;2;;;;;1
13/03/2014;20:58:00;707;sem vítima;181,1999969482422;BR-116/SP;Pista Sul;Abalroamento Longitudinal;1;2;;;;;1
13/03/2014;08:29:00;222;sem vítima;182;BR-116/SP;Pista Norte;Colisão Traseira;2;2;;;;;1
13/03/2014;23:01:00;763;sem vítima;202;BR-116/SP;Pista Norte;Abalroamento Longitudinal;1;2;;;;;1
13/03/2014;10:47:00;330;sem vítima;203,8000030517578;BR-116/SP;Pista Sul;Choque em objeto fixo;1;1;;;;;1
13/03/2014;11:37:00;362;sem vítima;208;BR-116/SP;Pista Sul;Colisão Traseira;2;2;;;;;1
13/03/2014;09:49:00;289;sem vítima;210;BR-116/SP;Pista Sul;Colisão Traseira;1;4;;;;;1
13/03/2014;08:54:00;240;sem vítima;270;BR-116/RJ;Pista Norte;Choque em veículo parado na pista;2;3;;;;;1
13/03/2014;18:18:00;614;sem vítima;286;BR-116/RJ;Pista Norte;Choque em objeto na pista;1;2;;;;;1
14/03/2014;09:24:00;266;sem vítima;135,8000030517578;BR-116/SP;Pista Sul;Colisão Traseira;1;6;;;;;1
14/03/2014;02:33:00;48;sem vítima;148,8000030517578;BR-116/SP;Pista Sul;Abalroamento Longitudinal;2;2;;;;;1
14/03/2014;19:28:00;655;sem vítima;167,10000610351562;BR-116/RJ;Pista Sul;Colisão Traseira;1;2;;;;;1
14/03/2014;19:47:00;668;sem vítima;167,6999969482422;BR-116/RJ;Pista Sul;Colisão Traseira;1;2;;;;;1
14/03/2014;19:52:00;669;sem vítima;167,8000030517578;BR-116/RJ;Pista Sul;Colisão Traseira;1;2;;;;;1
14/03/2014;12:21:00;378;sem vítima;176;BR-116/RJ;Pista Sul;Abalroamento Longitudinal;1;2;;;;;1
14/03/2014;05:32:00;85;com vítima;223,3800048828125;BR-116/RJ;Pista Norte;Tombamento;1;0;1;;;;1
14/03/2014;14:17:00;465;sem vítima;268,6499938964844;BR-116/RJ;Pista Norte;Choque em objeto na pista;1;1;;;;;1
14/03/2014;19:44:00;664;sem vítima;296,95001220703125;BR-116/RJ;Pista Sul;Colisão Traseira;1;2;;;;;1
14/03/2014;07:35:00;170;com vítima;301,6000061035156;BR-116/RJ;Pista Norte;Engavetamento;1;35;1;;;;1
15/03/2014;10:10:00;270;com vítima;210,8000030517578;BR-116/SP;Pista Sul;Engavetamento;1;8;1;;;;1
15/03/2014;09:53:00;259;sem vítima;224;BR-116/SP;Pista Sul;Choque Talude;2;2;;;;;1
15/03/2014;05:34:00;92;sem vítima;234,5;BR-116/RJ;Pista Norte;Colisão Traseira;1;45;;;;;1
15/03/2014;14:37:00;437;com vítima;269;BR-116/RJ;Pista Norte;Tombamento;1;0;2;;;;1
15/03/2014;01:02:00;29;com vítima;269,20001220703125;BR-116/RJ;Pista Norte;Tombamento;1;0;1;;;;1
15/03/2014;08:53:00;213;sem vítima;271,70001220703125;BR-116/RJ;Pista Sul;Abalroamento Longitudinal;1;2;;;;;1
16/03/2014;21:22:00;634;com vítima;23,149999618530273;BR-116/SP;Pista Norte;Capotamento;2;6;2;;;;1
16/03/2014;05:39:00;77;sem vítima;53,099998474121094;BR-116/SP;Pista Sul;Abalroamento Longitudinal;1;3;;;;;1
16/03/2014;13:58:00;346;sem vítima;152;BR-116/SP;Pista Norte;Colisão Traseira;2;2;;;;;1
16/03/2014;21:06:00;615;com vítima;186,89999389648438;BR-116/RJ;Pista Norte;Choque em veículo parado na pista;1;3;2;;;;1
16/03/2014;03:06:00;42;com vítima;194,5;BR-116/RJ;Pista Sul;Choque em objeto fixo;1;0;1;;;;1
16/03/2014;23:10:00;680;sem vítima;218,60000610351562;BR-116/SP;Pista Norte;Abalroamento Longitudinal;2;3;;;;;1
17/03/2014;17:05:00;529;sem vítima;132,10000610351562;BR-116/SP;Pista Sul;Engavetamento;2;3;;;;;1
17/03/2014;22:12:00;721;com vítima;143,60000610351562;BR-116/SP;Pista Norte;Queda de moto;1;2;1;;;;1
17/03/2014;17:17:00;537;sem vítima;145,39999389648438;BR-116/SP;Pista Norte;Colisão Traseira;1;3;;;;;1
17/03/2014;11:45:00;338;sem vítima;165;BR-116/SP;Pista Sul;Colisão Traseira;1;3;;;;;1
17/03/2014;07:40:00;156;sem vítima;165,4499969482422;BR-116/RJ;Pista Norte;Colisão Traseira;1;2;;;;;1
17/03/2014;06:16:00;95;com vítima;166,60000610351562;BR-116/RJ;Pista Norte;Engavetamento;1;5;1;;;;1
17/03/2014;07:47:00;165;sem vítima;167;BR-116/RJ;Pista Norte;Choque em Barreira New Jersey;1;1;;;;;1
17/03/2014;07:49:00;170;com vítima;169,10000610351562;BR-116/RJ;Pista Norte;Engavetamento;1;3;2;;;;1
17/03/2014;09:08:00;238;sem vítima;173;BR-116/SP;Pista Norte;Abalroamento Longitudinal;1;2;;;;;1
17/03/2014;21:50:00;703;sem vítima;192,47000122070312;BR-116/RJ;Pista Norte;Colisão Traseira;2;2;;;;;1
17/03/2014;16:23:00;506;sem vítima;207,0500030517578;BR-116/RJ;Pista Sul;Colisão Traseira;2;2;;;;;1
17/03/2014;11:02:00;316;sem vítima;221;BR-116/SP;Pista Norte;Abalroamento Longitudinal;1;2;;;;;1
17/03/2014;11:10:00;321;sem vítima;223,8000030517578;BR-116/SP;Pista Norte;Abalroamento Longitudinal;1;4;;;;;1
17/03/2014;11:42:00;336;sem vítima;229,85000610351562;BR-116/SP;Pista Norte;Abalroamento Longitudinal;1;2;;;;;1
17/03/2014;05:19:00;74;sem vítima;274,1000061035156;BR-116/RJ;Pista Norte;Colisão Traseira;1;2;;;;;1
17/03/2014;10:46:00;308;sem vítima;276;BR-116/RJ;Pista Sul;Choque em Barreira New Jersey;1;1;;;;;1
18/03/2014;14:48:00;440;com vítima;29,399999618530273;BR-116/SP;Pista Sul;Colisão Traseira;1;1;;1;;;2
18/03/2014;10:28:00;280;sem vítima;145,60000610351562;BR-116/SP;Pista Norte;Outros;1;2;;;;;1
18/03/2014;16:22:00;495;sem vítima;182;BR-116/SP;Pista Norte;Colisão Traseira;1;2;;;;;1
18/03/2014;16:14:00;486;sem vítima;210;BR-116/SP;Pista Sul;Colisão Traseira;1;2;;;;;1
18/03/2014;11:45:00;334;com vítima;215;BR-116/SP;Pista Sul;Engavetamento;1;2;;1;;;2
18/03/2014;07:58:00;164;sem vítima;229;BR-116/SP;Pista Sul;Colisão Traseira;1;3;;;;;1
19/03/2014;16:26:00;580;sem vítima;27,799999237060547;BR-116/SP;Pista Sul;Tombamento;1;1;;;;;1
19/03/2014;05:20:00;77;sem vítima;29,799999237060547;BR-116/SP;Pista Sul;Choque em objeto na pista;1;2;;;;;1
19/03/2014;09:22:00;273;sem vítima;112;BR-116/SP;Pista Norte;Abalroamento Longitudinal;1;4;;;;;1
19/03/2014;08:03:00;200;sem vítima;176;BR-116/RJ;Pista Sul;Abalroamento Longitudinal;1;2;;;;;1
19/03/2014;06:40:00;120;sem vítima;182;BR-116/SP;Pista Norte;Abalroamento Longitudinal;1;2;;;;;1
19/03/2014;15:31:00;546;sem vítima;196,10000610351562;BR-116/SP;Pista Norte;Tombamento;1;1;;;;;1
19/03/2014;18:27:00;655;sem vítima;206,10000610351562;BR-116/SP;Pista Sul;Choque em Barreira New Jersey;1;5;;;;;1
19/03/2014;11:02:00;369;sem vítima;218,10000610351562;BR-116/SP;Pista Sul;Choque em Barreira New Jersey;1;1;;;;;1
19/03/2014;18:18:00;650;sem vítima;228,8000030517578;BR-116/RJ;Pista Norte;Colisão Traseira;1;2;;;;;1
19/03/2014;11:00:00;366;sem vítima;231;BR-116/SP;Pista Sul;Colisão Traseira;1;2;;;;;1