data;horario;n_da_ocorrencia;tipo_de_ocorrencia;km;trecho;sentido;tipo_de_acidente;caminhao;ilesos;levemente_feridos;moderadamente_feridos;gravemente_feridos;mortos;3
19/03/2014;19:18:00;695;sem vítima;285,29998779296875;BR-116/RJ;Pista Sul;Choque em Barreira New Jersey;1;1;;;;;1
19/03/2014;10:59:00;365;sem vítima;293,3999938964844;BR-116/RJ;Pista Norte;Engavetamento;2;3;;;;;1
20/03/2014;12:48:00;427;sem vítima;35,599998474121094;BR-116/SP;Pista Sul;Choque em Barreira New Jersey;1;1;;;;;1
20/03/2014;10:32:00;333;com vítima;68,69999694824219;BR-116/SP;Pista Norte;Abalroamento Longitudinal;1;1;2;;;;1
20/03/2014;21:59:00;776;com vítima;108,4000015258789;BR-116/SP;Pista Norte;Colisão Traseira;1;1;1;;;;1
20/03/2014;18:30:00;648;sem vítima;115,5;BR-116/SP;Pista Sul;Abalroamento Longitudinal;1;3;;;;;1
20/03/2014;11:51:00;383;sem vítima;143,3000030517578;BR-116/SP;Pista Sul;Colisão Traseira;1;2;;;;;1
20/03/2014;04:25:00;65;sem vítima;164,8000030517578;BR-116/RJ;Pista Sul;Abalroamento Longitudinal;1;2;;;;;1
20/03/2014;09:10:00;266;sem vítima;217;BR-116/SP;Pista Norte;Engavetamento;1;4;;;;;1
20/03/2014;07:30:00;179;com vítima;219,5;BR-116/SP;Pista Sul;Queda de moto;1;2;2;;;;1
20/03/2014;04:36:00;67;sem vítima;229,60000610351562;BR-116/SP;Pista Sul;Abalroamento Longitudinal;1;2;;;;;1
21/03/2014;01:33:00;31;sem vítima;22,350000381469727;BR-116/SP;Pista Sul;Choque em Defensa;1;1;;;;;1
21/03/2014;02:12:00;41;sem vítima;29,5;BR-116/SP;Pista Sul;Outros;1;1;;;;;1
21/03/2014;08:56:00;254;sem vítima;53,900001525878906;BR-116/SP;Pista Sul;Colisão Traseira;2;2;;;;;1
21/03/2014;22:27:00;772;sem vítima;98,80000305175781;BR-116/SP;Pista Norte;Colisão Traseira;1;2;;;;;1
21/03/2014;17:46:00;618;com vítima;106,4000015258789;BR-116/SP;Pista Sul;Colisão Traseira;1;2;1;;;;1
21/03/2014;23:51:00;808;sem vítima;107,0999984741211;BR-116/SP;Pista Norte;Colisão Traseira;1;38;;;;;1
21/03/2014;06:48:00;134;com vítima;111,5999984741211;BR-116/SP;Pista Norte;Abalroamento Longitudinal;1;1;1;;;;1
21/03/2014;19:42:00;692;sem vítima;147;BR-116/SP;Pista Norte;Abalroamento Longitudinal;1;2;;;;;1
21/03/2014;04:11:00;64;com vítima;163,10000610351562;BR-116/SP;Pista Sul;Colisão Traseira;2;1;1;;;;1
21/03/2014;07:22:00;158;com vítima;178,39999389648438;BR-116/RJ;Pista Norte;Engavetamento;1;1;2;;;;1
21/03/2014;16:03:00;523;sem vítima;204;BR-116/SP;Pista Sul;Colisão Traseira;2;2;;;;;1
21/03/2014;00:41:00;15;sem vítima;224;BR-116/RJ;Pista Norte;Choque em objeto fixo;1;1;;;;;1
21/03/2014;05:36:00;90;sem vítima;231,10000610351562;BR-116/SP;Pista Norte;Abalroamento Longitudinal;1;4;;;;;1
21/03/2014;15:50:00;517;sem vítima;234;BR-116/RJ;Pista Sul;Colisão Traseira;1;2;;;;;1
21/03/2014;12:18:00;393;sem vítima;300;BR-116/RJ;Pista Norte;Choque em objeto na pista;2;2;;;;;1
22/03/2014;14:28:00;447;com vítima;2,799999952316284;BR-116/SP;Pista Sul;Tombamento;1;0;;1;;;2
22/03/2014;12:05:00;363;com vítima;21,299999237060547;BR-116/SP;Pista Sul;Choque em veículo parado na pista;1;6;1;;;;1
22/03/2014;06:34:00;123;sem vítima;98,80000305175781;BR-116/SP;Pista Sul;Choque em objeto na pista;1;1;;;;;1
22/03/2014;14:51:00;458;sem vítima;110,5;BR-116/SP;Pista Norte;Tombamento;1;1;;;;;1
22/03/2014;06:43:00;131;sem vítima;150,5;BR-116/SP;Pista Sul;Choque em Barreira New Jersey;1;2;;;;;1
22/03/2014;08:35:00;225;sem vítima;185,6999969482422;BR-116/SP;Pista Norte;Abalroamento Longitudinal;1;3;;;;;1
22/03/2014;06:14:00;112;sem vítima;213,35000610351562;BR-116/SP;Pista Sul;Colisão Traseira;1;5;;;;;1
22/03/2014;07:57:00;186;sem vítima;220,3000030517578;BR-116/RJ;Pista Sul;Colisão Traseira;1;2;;;;;1
22/03/2014;10:34:00;312;sem vítima;224;BR-116/RJ;Pista Sul;Colisão Traseira;1;3;;;;;1
22/03/2014;05:08:00;86;sem vítima;232,10000610351562;BR-116/RJ;Pista Sul;Choque em objeto na pista;1;1;;;;;1
22/03/2014;18:47:00;591;sem vítima;246,89999389648438;BR-116/RJ;Pista Norte;Choque em Barreira New Jersey;1;1;;;;;1
22/03/2014;21:34:00;664;sem vítima;276,1000061035156;BR-116/RJ;Pista Sul;Choque em Barreira New Jersey;1;1;;;;;1
23/03/2014;16:24:00;388;sem vítima;177,5;BR-116/RJ;Pista Norte;Choque em Barreira New Jersey;1;4;;;;;1
23/03/2014;19:50:00;509;sem vítima;178,6999969482422;BR-116/SP;Pista Sul;Choque em objeto fixo;1;1;;;;;1
23/03/2014;15:53:00;373;sem vítima;222;BR-116/RJ;Pista Sul;Colisão Traseira;1;6;;;;;1
23/03/2014;05:38:00;98;sem vítima;222,89999389648438;BR-116/SP;Pista Norte;Choque em Defensa;1;2;;;;;1
23/03/2014;07:46:00;142;sem vítima;265,1000061035156;BR-116/RJ;Pista Norte;Colisão Traseira;2;2;;;;;1
24/03/2014;11:04:00;318;sem vítima;217,8000030517578;BR-116/SP;Pista Norte;Colisão Traseira;2;2;;;;;1
24/03/2014;20:35:00;622;sem vítima;223,39999389648438;BR-116/RJ;Pista Norte;Choque Talude;1;1;;;;;1
24/03/2014;15:32:00;461;sem vítima;230,05999755859375;BR-116/SP;Pista Norte;Abalroamento Longitudinal;1;2;;;;;1
25/03/2014;08:55:00;237;sem vítima;67,69999694824219;BR-116/SP;Pista Sul;Colisão Traseira;2;2;;;;;1
25/03/2014;07:51:00;168;sem vítima;120,19999694824219;BR-116/SP;Pista Sul;Colisão Traseira;1;2;;;;;1
25/03/2014;09:26:00;258;sem vítima;164,10000610351562;BR-116/RJ;Pista Norte;Abalroamento Longitudinal;1;2;;;;;1
25/03/2014;06:51:00;120;com vítima;165;BR-116/SP;Pista Sul;Colisão Traseira;2;1;1;;;;1
25/03/2014;11:45:00;341;com vítima;229,3000030517578;BR-116/SP;Pista Sul;Engavetamento;2;3;1;2;;;2
25/03/2014;18:03:00;558;sem vítima;251,8000030517578;BR-116/RJ;Pista Norte;Queda de ribanceira;1;5;;;;;1
25/03/2014;15:46:00;463;com vítima;267,25;BR-116/RJ;Pista Sul;Tombamento;1;0;3;1;;;2
25/03/2014;19:54:00;621;com vítima;296;BR-116/RJ;Pista Sul;Colisão Traseira;1;1;1;;;;1
26/03/2014;22:09:00;742;sem vítima;22,25;BR-116/SP;Pista Norte;Outros;1;1;;;;;1
26/03/2014;00:49:00;9;sem vítima;53,599998474121094;BR-116/SP;Pista Sul;Choque em Defensa;1;1;;;;;1
26/03/2014;07:06:00;142;sem vítima;103,69999694824219;BR-116/SP;Pista Norte;Colisão Traseira;2;2;;;;;1
26/03/2014;05:13:00;82;sem vítima;154,5;BR-116/SP;Pista Norte;Abalroamento Longitudinal;1;2;;;;;1
26/03/2014;17:53:00;572;com vítima;157,25;BR-116/SP;Pista Norte;Queda de moto;1;2;;1;;;2
26/03/2014;21:52:00;731;sem vítima;160,1999969482422;BR-116/SP;Pista Sul;Choque em objeto na pista;2;2;;;;;1
26/03/2014;12:21:00;382;com vítima;182,6999969482422;BR-116/SP;Pista Norte;Colisão Traseira;1;1;1;;;;1
26/03/2014;15:22:00;468;sem vítima;186;BR-116/RJ;Pista Sul;Choque em objeto na pista;1;3;;;;;1
26/03/2014;23:16:00;769;sem vítima;204;BR-116/SP;Pista Sul;Choque em veículo parado na pista;1;2;;;;;1
26/03/2014;07:14:00;146;sem vítima;208,60000610351562;BR-116/SP;Pista Sul;Colisão Traseira;1;3;;;;;1
26/03/2014;21:51:00;730;sem vítima;212,39999389648438;BR-116/SP;Pista Sul;Colisão Traseira;1;3;;;;;1
26/03/2014;08:07:00;197;com vítima;213,8000030517578;BR-116/SP;Pista Sul;Choque em Barreira New Jersey;2;4;1;;;;1
26/03/2014;12:05:00;373;sem vítima;218,5500030517578;BR-116/RJ;Pista Norte;Abalroamento Longitudinal;2;2;;;;;1
26/03/2014;16:39:00;524;com vítima;222,0500030517578;BR-116/SP;Pista Sul;Abalroamento Longitudinal;2;2;;;;1;3
26/03/2014;08:57:00;241;sem vítima;223,39999389648438;BR-116/RJ;Pista Norte;Abalroamento Longitudinal;1;3;;;;;1
26/03/2014;07:13:00;145;sem vítima;224,10000610351562;BR-116/RJ;Pista Sul;Choque em objeto fixo;1;1;;;;;1
26/03/2014;11:49:00;362;sem vítima;239,5;BR-116/RJ;Pista Sul;Abalroamento Longitudinal;1;2;;;;;1
26/03/2014;17:58:00;575;sem vítima;299;BR-116/RJ;Pista Sul;Abalroamento Longitudinal;1;2;;;;;1
26/03/2014;13:16:00;405;com vítima;307,8999938964844;BR-116/RJ;Pista Sul;Colisão Traseira;1;1;1;;;;1
27/03/2014;12:06:00;359;sem vítima;32,400001525878906;BR-116/SP;Pista Sul;Outros;1;1;;;;;1
27/03/2014;18:28:00;586;sem vítima;67,80000305175781;BR-116/SP;Pista Sul;Abalroamento Longitudinal;1;6;;;;;1
27/03/2014;19:32:00;626;com vítima;99,0999984741211;BR-116/SP;Pista Norte;Abalroamento Longitudinal;1;4;1;;;;1
27/03/2014;17:53:00;571;sem vítima;115,69999694824219;BR-116/SP;Pista Norte;Colisão Traseira;2;3;;;;;1
27/03/2014;15:13:00;470;sem vítima;167,6999969482422;BR-116/RJ;Pista Sul;Colisão Traseira;1;2;;;;;1
27/03/2014;15:15:00;473;sem vítima;180,1999969482422;BR-116/SP;Pista Sul;Colisão Traseira;2;3;;;;;1
27/03/2014;06:11:00;106;sem vítima;229,60000610351562;BR-116/RJ;Pista Norte;Tombamento;1;1;;;;;1
27/03/2014;04:54:00;80;sem vítima;277,29998779296875;BR-116/RJ;Pista Norte;Colisão Traseira;1;2;;;;;1
27/03/2014;17:29:00;552;com vítima;305;BR-116/RJ;Pista Norte;Colisão Traseira;1;1;2;;;;1
28/03/2014;20:49:00;723;sem vítima;24,100000381469727;BR-116/SP;Pista Norte;Choque em objeto fixo;1;1;;;;;1
28/03/2014;16:20:00;542;sem vítima;99,69999694824219;BR-116/SP;Pista Sul;Abalroamento Longitudinal;1;2;;;;;1
28/03/2014;06:42:00;114;com vítima;103,44999694824219;BR-116/SP;Pista Norte;Queda de ribanceira;1;0;1;;;;1
28/03/2014;19:13:00;664;sem vítima;115,69999694824219;BR-116/SP;Pista Norte;Engavetamento;1;4;;;;;1
28/03/2014;15:57:00;521;com vítima;133;BR-116/SP;Pista Norte;Capotamento;1;0;1;;;;1
28/03/2014;18:10:00;608;sem vítima;150;BR-116/SP;Pista Norte;Abalroamento Longitudinal;1;3;;;;;1
28/03/2014;23:58:00;822;sem vítima;176,1999969482422;BR-116/RJ;Pista Sul;Abalroamento Longitudinal;1;2;;;;;1
28/03/2014;18:05:00;605;sem vítima;217;BR-116/SP;Pista Sul;Colisão Traseira;2;2;;;;;1
28/03/2014;01:29:00;35;sem vítima;220,27999877929688;BR-116/RJ;Pista Sul;Tombamento;1;1;;;;;1
28/03/2014;18:55:00;649;sem vítima;297;BR-116/RJ;Pista Sul;Abalroamento Longitudinal;1;2;;;;;1
28/03/2014;07:52:00;182;sem vítima;304,20001220703125;BR-116/RJ;Pista Norte;Abalroamento Longitudinal;1;3;;;;;1
29/03/2014;09:03:00;202;sem vítima;64,5;BR-116/SP;Pista Sul;Colisão Traseira;1;3;;;;;1
29/03/2014;07:35:00;140;com vítima;165;BR-116/SP;Pista Sul;Colisão Traseira;1;4;1;;;;1
29/03/2014;07:42:00;145;sem vítima;171,89999389648438;BR-116/RJ;Pista Sul;Colisão Traseira;1;16;;;;;1
29/03/2014;20:36:00;616;sem vítima;203,10000610351562;BR-116/RJ;Pista Sul;Choque em Defensa;1;1;;;;;1
29/03/2014;11:40:00;298;sem vítima;211,10000610351562;BR-116/SP;Pista Norte;Abalroamento Longitudinal;1;3;;;;;1
29/03/2014;13:14:00;351;com vítima;290,25;BR-116/RJ;Pista Sul;Engavetamento;2;16;1;;;;1
29/03/2014;15:36:00;440;sem vítima;298,3999938964844;BR-116/RJ;Pista Sul;Abalroamento Longitudinal;1;3;;;;;1
30/03/2014;17:29:00;437;com vítima;143;BR-116/SP;Pista Norte;Abalroamento Longitudinal;1;2;;1;;;2
31/03/2014;01:45:00;35;com vítima;101,9000015258789;BR-116/SP;Pista Sul;Engavetamento;1;2;;1;;;2
31/03/2014;18:40:00;590;sem vítima;104,9000015258789;BR-116/SP;Pista Norte;Atropelamento de Animal;1;6;;;;;1
31/03/2014;22:29:00;740;sem vítima;147,8000030517578;BR-116/SP;Pista Sul;Abalroamento Longitudinal;1;3;;;;;1
31/03/2014;09:27:00;279;sem vítima;153,1999969482422;BR-116/SP;Pista Norte;Colisão Traseira;1;4;;;;;1
31/03/2014;01:26:00;29;sem vítima;167,0500030517578;BR-116/RJ;Pista Norte;Colisão Traseira;1;2;;;;;1
31/03/2014;13:31:00;408;sem vítima;173,39999389648438;BR-116/RJ;Pista Norte;Engavetamento;1;8;;;;;1
31/03/2014;18:57:00;608;sem vítima;206,8000030517578;BR-116/SP;Pista Sul;Colisão Traseira;1;2;;;;;1
31/03/2014;05:04:00;73;sem vítima;245,8000030517578;BR-116/RJ;Pista Norte;Abalroamento Longitudinal;1;2;;;;;1
31/03/2014;06:01:00;93;com vítima;276,79998779296875;BR-116/RJ;Pista Norte;Tombamento;1;0;1;;;;1
01/04/2014;16:51:00;521;sem vítima;23,799999237060547;BR-116/SP;Pista Norte;Choque em Defensa;1;1;;;;;1
01/04/2014;20:00:00;636;sem vítima;78;BR-116/SP;Pista Sul;Abalroamento Longitudinal;1;2;;;;;1
01/04/2014;07:47:00;180;sem vítima;141,10000610351562;BR-116/SP;Pista Sul;Engavetamento;3;3;;;;;1
01/04/2014;15:19:00;471;com vítima;187,60000610351562;BR-116/SP;Pista Norte;Choque Talude;1;0;1;;;;1
01/04/2014;07:21:00;153;sem vítima;202,8000030517578;BR-116/SP;Pista Sul;Abalroamento Longitudinal;1;4;;;;;1
01/04/2014;08:34:00;225;sem vítima;216,89999389648438;BR-116/SP;Pista Sul;Choque em Barreira New Jersey;1;3;;;;;1
01/04/2014;13:52:00;418;sem vítima;228,5;BR-116/SP;Pista Sul;Choque em veículo parado na pista;1;3;;;;;1
02/04/2014;05:47:00;81;sem vítima;165;BR-116/SP;Pista Sul;Colisão Traseira;1;12;;;;;1
02/04/2014;09:28:00;263;sem vítima;165;BR-116/SP;Pista Sul;Colisão Traseira;2;3;;;;;1
02/04/2014;15:24:00;500;sem vítima;182,10000610351562;BR-116/SP;Pista Norte;Choque em veículo parado na pista;2;2;;;;;1
02/04/2014;15:36:00;508;sem vítima;183,60000610351562;BR-116/RJ;Pista Sul;Abalroamento Longitudinal;1;16;;;;;1
02/04/2014;00:50:00;26;sem vítima;189,75;BR-116/RJ;Pista Norte;Choque em objeto na pista;1;3;;;;;1
02/04/2014;15:02:00;479;com vítima;209,3000030517578;BR-116/SP;Pista Norte;Choque em Barreira New Jersey;3;4;1;;;;1
02/04/2014;09:10:00;251;sem vítima;217,5;BR-116/RJ;Pista Sul;Colisão Traseira;2;5;;;;;1
02/04/2014;10:52:00;329;sem vítima;220,35000610351562;BR-116/SP;Pista Norte;Colisão Traseira;1;2;;;;;1
02/04/2014;12:39:00;392;com vítima;221,0500030517578;BR-116/RJ;Pista Sul;Choque em veículo parado na pista;1;1;;;1;;2
02/04/2014;14:02:00;440;com vítima;222,39999389648438;BR-116/RJ;Pista Norte;Tombamento;1;0;;;;1;3
02/04/2014;14:07:00;445;sem vítima;228;BR-116/SP;Pista Norte;Colisão Traseira;1;2;;;;;1
03/04/2014;00:14:00;6;sem vítima;29;BR-116/SP;Pista Norte;Abalroamento Longitudinal;2;2;;;;;1
03/04/2014;00:41:00;14;com vítima;39,400001525878906;BR-116/SP;Pista Norte;Colisão Traseira;1;3;2;;;;1
03/04/2014;12:07:00;399;sem vítima;43,099998474121094;BR-116/SP;Pista Norte;Outros;1;1;;;;;1
03/04/2014;15:31:00;528;sem vítima;132,60000610351562;BR-116/SP;Pista Norte;Engavetamento;1;4;;;;;1
03/04/2014;14:14:00;466;sem vítima;176,3000030517578;BR-116/RJ;Pista Sul;Engavetamento;2;3;;;;;1
03/04/2014;18:36:00;632;com vítima;218,14999389648438;BR-116/SP;Pista Sul;Engavetamento;1;1;3;;;;1
03/04/2014;03:09:00;54;sem vítima;223,8000030517578;BR-116/RJ;Pista Sul;Colisão Traseira;2;2;;;;;1
03/04/2014;04:06:00;75;sem vítima;265,54998779296875;BR-116/RJ;Pista Norte;Colisão Traseira;2;2;;;;;1
03/04/2014;08:06:00;207;sem vítima;299,1000061035156;BR-116/RJ;Pista Norte;Colisão Traseira;1;2;;;;;1
03/04/2014;00:55:00;17;sem vítima;311,20001220703125;BR-116/RJ;Pista Sul;Colisão Traseira;1;2;;;;;1
03/04/2014;16:13:00;558;sem vítima;321;BR-116/RJ;Pista Norte;Choque em objeto fixo;1;1;;;;;1
04/04/2014;16:07:00;484;sem vítima;37,79999923706055;BR-116/SP;Pista Norte;Choque em objeto fixo;1;1;;;;;1
04/04/2014;05:28:00;90;sem vítima;46,900001525878906;BR-116/SP;Pista Sul;Colisão Traseira;2;2;;;;;1
04/04/2014;06:37:00;121;sem vítima;67,5999984741211;BR-116/SP;Pista Sul;Colisão Traseira;2;3;;;;;1
04/04/2014;19:35:00;647;sem vítima;103,9000015258789;BR-116/SP;Pista Norte;Choque em objeto na pista;1;3;;;;;1
04/04/2014;23:18:00;771;sem vítima;172,5;BR-116/RJ;Pista Norte;Choque em objeto fixo;1;1;;;;;1
04/04/2014;05:52:00;100;sem vítima;179,5800018310547;BR-116/RJ;Pista Norte;Engavetamento;1;50;;;;;1
04/04/2014;15:07:00;453;sem vítima;205;BR-116/SP;Pista Sul;Colisão Traseira;2;2;;;;;1
04/04/2014;09:02:00;231;sem vítima;213;BR-116/RJ;Pista Sul;Choque em Barreira New Jersey;1;1;;;;;1
04/04/2014;23:46:00;778;com vítima;221,35000610351562;BR-116/SP;Pista Norte;Queda de moto;1;3;;;;2;3
04/04/2014;15:15:00;461;com vítima;222,1999969482422;BR-116/RJ;Pista Sul;Colisão Traseira;1;1;1;;;;1
04/04/2014;09:08:00;238;sem vítima;230,10000610351562;BR-116/RJ;Pista Norte;Choque em Defensa;1;1;;;;;1
04/04/2014;23:34:00;775;sem vítima;303,5;BR-116/RJ;Pista Sul;Colisão Traseira;1;2;;;;;1
05/04/2014;00:34:00;15;sem vítima;58,400001525878906;BR-116/SP;Pista Norte;Choque em objeto na pista;1;3;;;;;1
05/04/2014;08:28:00;178;sem vítima;114,9000015258789;BR-116/SP;Pista Sul;Colisão Traseira;2;2;;;;;1
05/04/2014;13:17:00;331;sem vítima;182;BR-116/SP;Pista Norte;Colisão Traseira;1;2;;;;;1
05/04/2014;09:01:00;203;com vítima;206,60000610351562;BR-116/SP;Pista Sul;Engavetamento;2;4;;;;1;3
05/04/2014;14:36:00;384;sem vítima;221;BR-116/SP;Pista Sul;Colisão Traseira;1;2;;;;;1
05/04/2014;09:38:00;232;com vítima;227,9499969482422;BR-116/RJ;Pista Norte;Tombamento;1;0;1;;;;1
05/04/2014;21:27:00;637;com vítima;305,29998779296875;BR-116/RJ;Pista Sul;Colisão Traseira;1;2;1;;;;1
05/04/2014;10:07:00;249;sem vítima;311,29998779296875;BR-116/RJ;Pista Norte;Abalroamento Longitudinal;1;2;;;;;1
06/04/2014;19:48:00;514;sem vítima;142,35000610351562;BR-116/SP;Pista Sul;Choque em Barreira New Jersey;1;5;;;;;1
06/04/2014;07:31:00;125;sem vítima;176,5;BR-116/RJ;Pista Norte;Engavetamento;1;3;;;;;1
06/04/2014;11:39:00;258;sem vítima;182;BR-116/SP;Pista Norte;Colisão Traseira;1;2;;;;;1
06/04/2014;17:04:00;415;sem vítima;222,75;BR-116/RJ;Pista Norte;Abalroamento Longitudinal;1;3;;;;;1
06/04/2014;10:18:00;218;sem vítima;231;BR-116/SP;Pista Norte;Abalroamento Longitudinal;1;3;;;;;1
07/04/2014;19:26:00;630;com vítima;109,4000015258789;BR-116/SP;Pista Sul;Abalroamento Longitudinal;1;1;1;;;;1
07/04/2014;18:43:00;601;sem vítima;123,55000305175781;BR-116/SP;Pista Norte;Engavetamento;3;9;;;;;1
07/04/2014;11:00:00;347;sem vítima;154;BR-116/SP;Pista Sul;Colisão Traseira;1;5;;;;;1
07/04/2014;09:05:00;267;sem vítima;154,5;BR-116/SP;Pista Sul;Colisão Traseira;1;2;;;;;1
07/04/2014;10:42:00;333;sem vítima;178;BR-116/RJ;Pista Norte;Abalroamento Longitudinal;1;2;;;;;1
07/04/2014;08:18:00;221;sem vítima;180,3000030517578;BR-116/RJ;Pista Norte;Abalroamento Longitudinal;2;2;;;;;1
07/04/2014;19:46:00;642;sem vítima;190,1999969482422;BR-116/RJ;Pista Norte;Abalroamento Longitudinal;1;5;;;;;1
07/04/2014;11:13:00;354;sem vítima;198;BR-116/RJ;Pista Norte;Colisão Traseira;1;2;;;;;1
07/04/2014;07:22:00;160;com vítima;218,9499969482422;BR-116/SP;Pista Sul;Colisão Traseira;1;47;2;;;;1
07/04/2014;22:52:00;716;com vítima;230,3000030517578;BR-116/SP;Pista Norte;Choque em veículo parado na pista;1;0;;2;1;1;3
08/04/2014;05:24:00;91;com vítima;18,799999237060547;BR-116/SP;Pista Sul;Choque Talude;1;0;;1;;;2
08/04/2014;10:18:00;312;sem vítima;176,3000030517578;BR-116/RJ;Pista Sul;Choque em Barreira New Jersey;1;1;;;;;1
08/04/2014;12:59:00;403;sem vítima;181,39999389648438;BR-116/RJ;Pista Norte;Abalroamento Longitudinal;1;2;;;;;1
08/04/2014;16:43:00;554;sem vítima;218,60000610351562;BR-116/SP;Pista Sul;Choque em objeto fixo;1;3;;;;;1
08/04/2014;14:22:00;463;com vítima;219;BR-116/SP;Pista Sul;Queda de moto;1;2;1;;;;1
08/04/2014;10:04:00;298;sem vítima;223,89999389648438;BR-116/RJ;Pista Norte;Choque Talude;1;2;;;;;1
08/04/2014;11:25:00;353;sem vítima;225,5;BR-116/SP;Pista Norte;Colisão Traseira;1;3;;;;;1
09/04/2014;07:08:00;139;com vítima;22,299999237060547;BR-116/SP;Pista Norte;Colisão Traseira;3;1;1;;;1;3
09/04/2014;10:56:00;338;sem vítima;182;BR-116/SP;Pista Norte;Colisão Traseira;1;2;;;;;1
09/04/2014;10:21:00;307;sem vítima;211,60000610351562;BR-116/SP;Pista Sul;Colisão Traseira;2;6;;;;;1
09/04/2014;15:30:00;490;sem vítima;220,8000030517578;BR-116/RJ;Pista Norte;Colisão Traseira;1;3;;;;;1
09/04/2014;13:35:00;428;com vítima;226,6999969482422;BR-116/RJ;Pista Norte;Tombamento;1;1;1;;;;1
09/04/2014;06:41:00;122;com vítima;297,1000061035156;BR-116/RJ;Pista Norte;Abalroamento Longitudinal;1;2;;;;1;3
09/04/2014;17:41:00;578;com vítima;320,1499938964844;BR-116/RJ;Pista Sul;Atropelamento de Pedestre Atravessando;1;1;1;;;;1
09/04/2014;00:19:00;11;sem vítima;323,95001220703125;BR-116/RJ;Pista Sul;Tombamento;1;1;;;;;1
09/04/2014;13:09:00;406;com vítima;330,1000061035156;BR-116/RJ;Pista Norte;Colisão Traseira;2;1;1;;;;1
10/04/2014;01:39:00;29;com vítima;22,899999618530273;BR-116/SP;Pista Sul;Engavetamento;2;50;2;;;;1
10/04/2014;07:02:00;130;sem vítima;101,4000015258789;BR-116/SP;Pista Norte;Abalroamento Longitudinal;1;2;;;;;1
10/04/2014;14:27:00;408;sem vítima;111,9000015258789;BR-116/SP;Pista Norte;Colisão Traseira;2;2;;;;;1
10/04/2014;19:42:00;608;sem vítima;146,3000030517578;BR-116/SP;Pista Norte;Abalroamento Longitudinal;1;3;;;;;1
10/04/2014;17:54:00;538;sem vítima;204;BR-116/SP;Pista Norte;Colisão Traseira;1;2;;;;;1
10/04/2014;00:15:00;7;com vítima;210,5;BR-116/SP;Pista Sul;Capotamento;1;1;1;;;;1
10/04/2014;18:19:00;549;sem vítima;222,89999389648438;BR-116/RJ;Pista Norte;Abalroamento Longitudinal;2;2;;;;;1
11/04/2014;09:07:00;237;com vítima;28,149999618530273;BR-116/SP;Pista Sul;Choque em Barreira New Jersey;1;0;1;;;;1
11/04/2014;08:04:00;182;com vítima;139,1999969482422;BR-116/SP;Pista Sul;Colisão Traseira;2;1;1;;;;1
11/04/2014;11:00:00;315;sem vítima;147,60000610351562;BR-116/SP;Pista Sul;Abalroamento Longitudinal;1;2;;;;;1
11/04/2014;07:13:00;136;sem vítima;165,39999389648438;BR-116/RJ;Pista Norte;Abalroamento Longitudinal;1;4;;;;;1
11/04/2014;10:23:00;289;sem vítima;176,5;BR-116/RJ;Pista Sul;Abalroamento Longitudinal;2;2;;;;;1
11/04/2014;14:33:00;418;sem vítima;205,89999389648438;BR-116/RJ;Pista Sul;Abalroamento Longitudinal;1;2;;;;;1
11/04/2014;13:06:00;379;sem vítima;223,9499969482422;BR-116/RJ;Pista Norte;Choque em Barreira New Jersey;1;1;;;;;1
11/04/2014;09:56:00;274;sem vítima;296,70001220703125;BR-116/RJ;Pista Sul;Colisão Traseira;1;5;;;;;1
11/04/2014;15:01:00;438;com vítima;311,6000061035156;BR-116/RJ;Pista Sul;Colisão Traseira;1;1;;1;;;2
12/04/2014;14:18:00;387;com vítima;27,200000762939453;BR-116/SP;Pista Norte;Choque em objeto fixo;1;2;1;;;;1
12/04/2014;07:05:00;132;sem vítima;165;BR-116/SP;Pista Sul;Colisão Traseira;2;2;;;;;1
12/04/2014;14:32:00;399;com vítima;183;BR-116/RJ;Pista Sul;Queda de moto;1;1;;1;;;2
12/04/2014;18:16:00;544;sem vítima;207,6999969482422;BR-116/SP;Pista Norte;Choque em Defensa;1;2;;;;;1
12/04/2014;23:40:00;690;sem vítima;222,6999969482422;BR-116/RJ;Pista Sul;Colisão Traseira;2;4;;;;;1