data;horario;n_da_ocorrencia;tipo_de_ocorrencia;km;trecho;sentido;tipo_de_acidente;caminhao;ilesos;levemente_feridos;moderadamente_feridos;gravemente_feridos;mortos;3
13/04/2014;03:03:00;75;sem vítima;174,1999969482422;BR-116/RJ;Pista Sul;Colisão Traseira;2;2;;;;;1
13/04/2014;16:18:00;412;com vítima;206,10000610351562;BR-116/SP;Pista Norte;Colisão Traseira;1;1;2;;;;1
13/04/2014;22:46:00;585;com vítima;216,1999969482422;BR-116/SP;Pista Sul;Atropelamento de Pedestre Caminhando;1;2;;;1;;2
13/04/2014;15:55:00;400;sem vítima;223,8000030517578;BR-116/RJ;Pista Norte;Abalroamento Longitudinal;1;2;;;;;1
14/04/2014;23:09:00;680;sem vítima;32,29999923706055;BR-116/SP;Pista Norte;Colisão Traseira;2;2;;;;;1
14/04/2014;00:06:00;6;sem vítima;65,05000305175781;BR-116/SP;Pista Norte;Queda de Carga;1;2;;;;;1
14/04/2014;23:40:00;691;com vítima;174,5399932861328;BR-116/SP;Pista Sul;Queda de ribanceira;1;0;;;;1;3
14/04/2014;11:01:00;309;sem vítima;179,89999389648438;BR-116/RJ;Pista Norte;Abalroamento Longitudinal;1;2;;;;;1
14/04/2014;11:32:00;329;sem vítima;214,60000610351562;BR-116/SP;Pista Sul;Abalroamento Longitudinal;1;4;;;;;1
14/04/2014;13:29:00;401;sem vítima;215,39999389648438;BR-116/RJ;Pista Sul;Choque em objeto na pista;1;3;;;;;1
14/04/2014;19:51:00;594;sem vítima;218,5;BR-116/SP;Pista Sul;Abalroamento Longitudinal;1;5;;;;;1
14/04/2014;22:01:00;659;sem vítima;257,1000061035156;BR-116/RJ;Pista Sul;Colisão Traseira;2;3;;;;;1
14/04/2014;10:18:00;283;sem vítima;267,1000061035156;BR-116/RJ;Pista Sul;Queda de ribanceira;1;1;;;;;1
14/04/2014;11:38:00;330;sem vítima;298;BR-116/RJ;Pista Norte;Colisão Traseira;1;23;;;;;1
14/04/2014;10:12:00;279;com vítima;315,0299987792969;BR-116/RJ;Pista Norte;Colisão Traseira;1;1;;;1;;2
14/04/2014;21:18:00;640;com vítima;319,20001220703125;BR-116/RJ;Pista Norte;Colisão Traseira;1;3;1;;;;1
15/04/2014;04:56:00;77;sem vítima;38,5;BR-116/SP;Pista Norte;Tombamento;1;1;;;;;1
15/04/2014;12:41:00;378;sem vítima;71,5;BR-116/SP;Pista Norte;Abalroamento Longitudinal;1;2;;;;;1
15/04/2014;13:18:00;403;com vítima;215,39999389648438;BR-116/SP;Pista Sul;Abalroamento Longitudinal;2;1;1;1;;;2
15/04/2014;12:04:00;355;sem vítima;222,5;BR-116/SP;Pista Sul;Outros;1;3;;;;;1
15/04/2014;13:43:00;422;sem vítima;224,3000030517578;BR-116/RJ;Pista Sul;Colisão Traseira;2;2;;;;;1
15/04/2014;13:08:00;401;sem vítima;270,6000061035156;BR-116/RJ;Pista Sul;Colisão Traseira;1;2;;;;;1
15/04/2014;20:19:00;656;sem vítima;275,29998779296875;BR-116/RJ;Pista Sul;Colisão Traseira;2;3;;;;;1
15/04/2014;18:45:00;604;sem vítima;297,8999938964844;BR-116/RJ;Pista Norte;Abalroamento Longitudinal;1;3;;;;;1
16/04/2014;17:19:00;579;com vítima;37,400001525878906;BR-116/SP;Pista Norte;Atropelamento de Pedestre Atravessando;1;1;1;;;1;3
16/04/2014;17:11:00;574;sem vítima;87;BR-116/SP;Pista Sul;Colisão Traseira;1;2;;;;;1
16/04/2014;20:27:00;707;sem vítima;111,19999694824219;BR-116/SP;Pista Norte;Abalroamento Longitudinal;1;6;;;;;1
16/04/2014;11:55:00;386;sem vítima;154,38999938964844;BR-116/SP;Pista Sul;Abalroamento Longitudinal;1;2;;;;;1
16/04/2014;01:31:00;21;sem vítima;154,5;BR-116/SP;Pista Norte;Colisão Traseira;1;6;;;;;1
16/04/2014;09:45:00;291;sem vítima;173,35000610351562;BR-116/RJ;Pista Sul;Colisão Traseira;1;5;;;;;1
16/04/2014;14:34:00;474;com vítima;178,58999633789062;BR-116/RJ;Pista Norte;Engavetamento;2;2;;1;;;2
16/04/2014;15:48:00;524;sem vítima;178,60000610351562;BR-116/RJ;Pista Norte;Abalroamento Longitudinal;1;2;;;;;1
16/04/2014;20:37:00;716;com vítima;211,1999969482422;BR-116/SP;Pista Sul;Atropelamento de Pedestre Atravessando;1;2;;;1;;2
16/04/2014;14:56:00;493;sem vítima;212,1999969482422;BR-116/SP;Pista Sul;Colisão Traseira;2;2;;;;;1
16/04/2014;16:30:00;543;sem vítima;219,1999969482422;BR-116/SP;Pista Norte;Engavetamento;1;3;;;;;1
16/04/2014;07:14:00;138;com vítima;225;BR-116/RJ;Pista Norte;Tombamento;1;0;1;;;;1
16/04/2014;14:56:00;494;sem vítima;271,6499938964844;BR-116/RJ;Pista Sul;Colisão Traseira;1;3;;;;;1
16/04/2014;07:47:00;177;sem vítima;296,79998779296875;BR-116/RJ;Pista Sul;Abalroamento Longitudinal;1;4;;;;;1
17/04/2014;10:56:00;350;com vítima;45,400001525878906;BR-116/SP;Pista Norte;Colisão Traseira;1;1;1;2;;;2
17/04/2014;22:44:00;816;sem vítima;111,19999694824219;BR-116/SP;Pista Sul;Abalroamento Longitudinal;1;2;;;;;1
17/04/2014;19:45:00;685;sem vítima;126,9000015258789;BR-116/SP;Pista Norte;Colisão Traseira;1;3;;;;;1
17/04/2014;05:08:00;85;sem vítima;165,5;BR-116/SP;Pista Sul;Abalroamento Longitudinal;1;41;;;;;1
17/04/2014;19:31:00;673;sem vítima;166,67999267578125;BR-116/RJ;Pista Sul;Abalroamento Longitudinal;1;3;;;;;1
17/04/2014;00:18:00;8;sem vítima;174,1999969482422;BR-116/SP;Pista Norte;Choque em Barreira New Jersey;1;1;;;;;1
17/04/2014;08:26:00;237;com vítima;180,8000030517578;BR-116/RJ;Pista Norte;Colisão Traseira;1;2;1;1;;;2
17/04/2014;02:11:00;39;sem vítima;202,39999389648438;BR-116/RJ;Pista Sul;Colisão Traseira;2;2;;;;;1
17/04/2014;22:53:00;824;sem vítima;204,10000610351562;BR-116/SP;Pista Norte;Abalroamento Longitudinal;1;2;;;;;1
17/04/2014;05:43:00;101;com vítima;204,8000030517578;BR-116/RJ;Pista Norte;Engavetamento;3;2;2;;;;1
17/04/2014;22:43:00;815;sem vítima;207;BR-116/RJ;Pista Sul;Abalroamento Longitudinal;1;2;;;;;1
17/04/2014;14:26:00;477;sem vítima;213,39999389648438;BR-116/SP;Pista Sul;Engavetamento;1;5;;;;;1
17/04/2014;08:22:00;234;sem vítima;217,10000610351562;BR-116/SP;Pista Sul;Colisão Traseira;1;2;;;;;1
17/04/2014;15:50:00;539;sem vítima;292,5;BR-116/RJ;Pista Norte;Abalroamento Longitudinal;1;5;;;;;1
18/04/2014;04:40:00;116;sem vítima;39,70000076293945;BR-116/SP;Pista Sul;Choque em Barreira New Jersey;1;3;;;;;1
18/04/2014;14:27:00;486;com vítima;110;BR-116/SP;Pista Norte;Abalroamento Longitudinal;1;1;1;;;;1
18/04/2014;09:32:00;291;sem vítima;164,10000610351562;BR-116/RJ;Pista Norte;Abalroamento Longitudinal;1;3;;;;;1
18/04/2014;05:34:00;133;com vítima;181,85000610351562;BR-116/RJ;Pista Sul;Engavetamento;2;2;1;;;;1
18/04/2014;21:16:00;689;com vítima;220,5;BR-116/RJ;Pista Norte;Capotamento;1;0;;1;;;2
18/04/2014;14:42:00;498;sem vítima;318,8999938964844;BR-116/RJ;Pista Sul;Abalroamento Longitudinal;1;5;;;;;1
19/04/2014;09:59:00;168;sem vítima;226,89999389648438;BR-116/RJ;Pista Sul;Colisão Traseira;1;3;;;;;1
19/04/2014;21:23:00;535;com vítima;316,20001220703125;BR-116/RJ;Pista Norte;Choque em objeto fixo;1;1;1;;;;1
20/04/2014;23:15:00;575;com vítima;235,6999969482422;BR-116/RJ;Pista Sul;Choque em Barreira New Jersey;1;3;1;;;;1
21/04/2014;09:59:00;166;sem vítima;88,69999694824219;BR-116/SP;Pista Sul;Abalroamento Longitudinal;1;5;;;;;1
21/04/2014;14:57:00;306;com vítima;90,19999694824219;BR-116/SP;Pista Sul;Abalroamento Longitudinal;1;4;1;;;;1
21/04/2014;23:42:00;663;sem vítima;219,3000030517578;BR-116/RJ;Pista Norte;Tombamento;1;1;;;;;1
21/04/2014;17:39:00;436;sem vítima;287,20001220703125;BR-116/RJ;Pista Sul;Colisão Traseira;2;2;;;;;1
22/04/2014;19:34:00;656;com vítima;108,08000183105469;BR-116/SP;Pista Norte;Atropelamento de Pedestre Atravessando;1;1;;;;1;3
22/04/2014;08:58:00;251;sem vítima;182,10000610351562;BR-116/SP;Pista Norte;Colisão Traseira;2;2;;;;;1
22/04/2014;19:22:00;653;sem vítima;207;BR-116/RJ;Pista Norte;Colisão Traseira;1;2;;;;;1
22/04/2014;00:15:00;10;sem vítima;219,3000030517578;BR-116/RJ;Pista Norte;Colisão Traseira;1;4;;;;;1
22/04/2014;11:01:00;342;sem vítima;223,6999969482422;BR-116/SP;Pista Sul;Abalroamento Longitudinal;1;3;;;;;1
22/04/2014;00:48:00;27;sem vítima;224,25;BR-116/RJ;Pista Sul;Colisão Traseira;2;2;;;;;1
22/04/2014;06:45:00;128;sem vítima;224,3000030517578;BR-116/RJ;Pista Norte;Choque em objeto fixo;1;1;;;;;1
23/04/2014;19:37:00;575;sem vítima;23,219999313354492;BR-116/SP;Pista Norte;Colisão Traseira;1;42;;;;;1
23/04/2014;18:03:00;528;sem vítima;117,75;BR-116/SP;Pista Norte;Colisão Traseira;1;2;;;;;1
23/04/2014;10:48:00;259;sem vítima;134,8000030517578;BR-116/SP;Pista Norte;Colisão Traseira;2;4;;;;;1
23/04/2014;00:30:00;11;com vítima;172,25;BR-116/SP;Pista Norte;Colisão Traseira;2;1;;;1;;2
23/04/2014;09:34:00;218;sem vítima;225,5500030517578;BR-116/SP;Pista Sul;Colisão Traseira;2;4;;;;;1
23/04/2014;16:47:00;486;sem vítima;301;BR-116/RJ;Pista Sul;Colisão Traseira;1;2;;;;;1
24/04/2014;06:07:00;96;sem vítima;12,899999618530273;BR-116/SP;Pista Norte;Colisão Traseira;1;2;;;;;1
24/04/2014;22:44:00;708;sem vítima;37,20000076293945;BR-116/SP;Pista Sul;Choque em objeto fixo;1;1;;;;;1
24/04/2014;17:13:00;540;com vítima;54,650001525878906;BR-116/SP;Pista Sul;Colisão Traseira;1;4;1;;;;1
24/04/2014;15:33:00;476;sem vítima;167;BR-116/SP;Pista Sul;Abalroamento Longitudinal;1;2;;;;;1
24/04/2014;05:33:00;78;sem vítima;202,5;BR-116/SP;Pista Norte;Abalroamento Longitudinal;1;5;;;;;1
24/04/2014;00:55:00;15;sem vítima;221,89999389648438;BR-116/RJ;Pista Norte;Engavetamento;3;3;;;;;1
24/04/2014;15:35:00;477;sem vítima;222,5500030517578;BR-116/RJ;Pista Norte;Tombamento;1;1;;;;;1
24/04/2014;14:11:00;426;sem vítima;258,5;BR-116/RJ;Pista Sul;Choque em objeto fixo;1;1;;;;;1
24/04/2014;06:55:00;122;sem vítima;262,3999938964844;BR-116/RJ;Pista Norte;Colisão Traseira;1;2;;;;;1
24/04/2014;14:14:00;429;sem vítima;263,6000061035156;BR-116/RJ;Pista Sul;Tombamento;1;1;;;;;1
24/04/2014;14:42:00;445;com vítima;263,6000061035156;BR-116/RJ;Pista Sul;Engavetamento;2;2;1;;;;1
24/04/2014;16:22:00;506;sem vítima;263,70001220703125;BR-116/RJ;Pista Sul;Choque em Barreira New Jersey;1;1;;;;;1
24/04/2014;15:07:00;459;sem vítima;267,1000061035156;BR-116/RJ;Pista Norte;Abalroamento Longitudinal;1;2;;;;;1
24/04/2014;21:37:00;681;sem vítima;278,79998779296875;BR-116/RJ;Pista Norte;Choque em Defensa;1;1;;;;;1
25/04/2014;16:26:00;491;sem vítima;165,8000030517578;BR-116/RJ;Pista Sul;Colisão Traseira;1;2;;;;;1
25/04/2014;17:43:00;537;sem vítima;168,60000610351562;BR-116/RJ;Pista Sul;Colisão Traseira;1;2;;;;;1
25/04/2014;08:04:00;193;com vítima;225;BR-116/SP;Pista Sul;Engavetamento;1;5;1;;;;1
25/04/2014;13:34:00;395;sem vítima;240,25;BR-116/RJ;Pista Sul;Colisão Traseira;2;2;;;;;1
25/04/2014;06:48:00;123;com vítima;298,5;BR-116/RJ;Pista Norte;Colisão Traseira;2;1;;;1;;2
26/04/2014;05:30:00;83;sem vítima;38,5;BR-116/SP;Pista Norte;Choque em Barreira New Jersey;2;4;;;;;1
26/04/2014;01:21:00;38;com vítima;58,900001525878906;BR-116/SP;Pista Sul;Colisão Traseira;1;1;;1;;;2
26/04/2014;02:16:00;48;sem vítima;108;BR-116/SP;Pista Norte;Choque em objeto na pista;1;1;;;;;1
26/04/2014;14:25:00;342;com vítima;154,60000610351562;BR-116/SP;Pista Norte;Engavetamento;1;2;1;;;;1
26/04/2014;07:37:00;144;sem vítima;173,3000030517578;BR-116/SP;Pista Sul;Abalroamento Longitudinal;2;2;;;;;1
26/04/2014;09:43:00;223;com vítima;187,6999969482422;BR-116/RJ;Pista Sul;Engavetamento;1;5;1;;;;1
26/04/2014;12:19:00;299;sem vítima;192,5;BR-116/SP;Pista Norte;Colisão Traseira;2;2;;;;;1
26/04/2014;14:49:00;358;sem vítima;208,5;BR-116/RJ;Pista Norte;Choque em Barreira New Jersey;1;4;;;;;1
26/04/2014;12:41:00;303;sem vítima;222;BR-116/SP;Pista Sul;Abalroamento Longitudinal;1;2;;;;;1
26/04/2014;04:07:00;73;sem vítima;235,35000610351562;BR-116/RJ;Pista Norte;Colisão Traseira;1;2;;;;;1
27/04/2014;16:09:00;382;com vítima;112,4000015258789;BR-116/SP;Pista Norte;Abalroamento Longitudinal;1;1;1;1;;;2
27/04/2014;23:11:00;635;sem vítima;183;BR-116/RJ;Pista Norte;Abalroamento Longitudinal;1;3;;;;;1
27/04/2014;14:29:00;326;sem vítima;212,89999389648438;BR-116/SP;Pista Sul;Colisão Traseira;1;2;;;;;1
27/04/2014;17:59:00;463;sem vítima;310,5;BR-116/RJ;Pista Norte;Colisão Traseira;1;3;;;;;1
28/04/2014;07:23:00;127;com vítima;36,70000076293945;BR-116/SP;Pista Sul;Choque em Barreira New Jersey;1;1;1;;;;1
28/04/2014;07:58:00;152;sem vítima;139,5;BR-116/SP;Pista Sul;Engavetamento;1;4;;;;;1
28/04/2014;07:54:00;151;com vítima;168,60000610351562;BR-116/RJ;Pista Norte;Colisão Traseira;1;2;1;;;;1
28/04/2014;11:32:00;286;sem vítima;190,1999969482422;BR-116/RJ;Pista Sul;Outros;1;1;;;;;1
28/04/2014;08:55:00;191;com vítima;204;BR-116/SP;Pista Sul;Colisão Traseira;1;1;2;;;;1
28/04/2014;19:03:00;575;sem vítima;217;BR-116/SP;Pista Sul;Engavetamento;1;4;;;;;1
28/04/2014;16:54:00;487;sem vítima;229,0500030517578;BR-116/SP;Pista Norte;Abalroamento Longitudinal;1;2;;;;;1
28/04/2014;21:23:00;643;sem vítima;231,25;BR-116/SP;Pista Sul;Abalroamento Longitudinal;1;2;;;;;1
28/04/2014;15:48:00;447;sem vítima;266,1000061035156;BR-116/RJ;Pista Sul;Queda de Carga;1;1;;;;;1
28/04/2014;07:15:00;119;sem vítima;294,04998779296875;BR-116/RJ;Pista Norte;Colisão Traseira;1;4;;;;;1
29/04/2014;08:31:00;227;com vítima;123,5;BR-116/SP;Pista Sul;Colisão Traseira;1;1;;1;;;2
29/04/2014;06:01:00;80;sem vítima;123,80000305175781;BR-116/SP;Pista Sul;Colisão Traseira;2;2;;;;;1
29/04/2014;08:25:00;222;sem vítima;146,89999389648438;BR-116/SP;Pista Sul;Colisão Traseira;1;3;;;;;1
29/04/2014;18:16:00;607;sem vítima;155,5;BR-116/SP;Pista Norte;Colisão Traseira;1;5;;;;;1
29/04/2014;16:27:00;540;sem vítima;165;BR-116/SP;Pista Norte;Colisão Traseira;2;3;;;;;1
29/04/2014;14:03:00;453;sem vítima;219,60000610351562;BR-116/SP;Pista Norte;Abalroamento Longitudinal;1;4;;;;;1
29/04/2014;02:54:00;37;sem vítima;223,3000030517578;BR-116/SP;Pista Sul;Colisão Traseira;1;2;;;;;1
29/04/2014;22:03:00;729;sem vítima;227,3000030517578;BR-116/SP;Pista Sul;Choque em objeto na pista;1;5;;;;;1
29/04/2014;06:57:00;118;sem vítima;251,8000030517578;BR-116/RJ;Pista Norte;Engavetamento;1;3;;;;;1
29/04/2014;23:42:00;763;sem vítima;262,25;BR-116/RJ;Pista Norte;Colisão Traseira;2;6;;;;;1
29/04/2014;09:04:00;266;sem vítima;265;BR-116/RJ;Pista Norte;Colisão Traseira;1;2;;;;;1
29/04/2014;11:04:00;345;sem vítima;268,5;BR-116/RJ;Pista Norte;Colisão Traseira;1;2;;;;;1
29/04/2014;08:55:00;259;com vítima;268,79998779296875;BR-116/RJ;Pista Norte;Colisão Traseira;1;1;2;;;;1
29/04/2014;09:23:00;280;sem vítima;268,79998779296875;BR-116/RJ;Pista Norte;Abalroamento Longitudinal;2;2;;;;;1
29/04/2014;09:13:00;272;sem vítima;272,1499938964844;BR-116/RJ;Pista Norte;Tombamento;1;1;;;;;1
29/04/2014;22:42:00;749;sem vítima;279,6000061035156;BR-116/RJ;Pista Sul;Choque em Barreira New Jersey;1;1;;;;;1
29/04/2014;04:19:00;54;sem vítima;297,79998779296875;BR-116/RJ;Pista Norte;Abalroamento Longitudinal;1;2;;;;;1
30/04/2014;04:02:00;50;com vítima;38,20000076293945;BR-116/SP;Pista Sul;Colisão Traseira;2;0;2;1;;;2
30/04/2014;06:31:00;98;com vítima;62,400001525878906;BR-116/SP;Pista Sul;Abalroamento Longitudinal;1;4;1;;;;1
30/04/2014;05:51:00;74;sem vítima;146,39999389648438;BR-116/SP;Pista Sul;Choque em objeto na pista;1;1;;;;;1
30/04/2014;20:12:00;682;com vítima;146,77999877929688;BR-116/SP;Pista Sul;Atropelamento de Pedestre Caminhando;1;1;;;;1;3
30/04/2014;18:54:00;613;sem vítima;154,5;BR-116/SP;Pista Norte;Queda de Carga;1;1;;;;;1
30/04/2014;12:08:00;366;sem vítima;177,5;BR-116/RJ;Pista Sul;Engavetamento;3;4;;;;;1
30/04/2014;12:28:00;374;sem vítima;178,10000610351562;BR-116/RJ;Pista Sul;Outros;1;1;;;;;1
30/04/2014;18:00:00;581;sem vítima;200;BR-116/RJ;Pista Sul;Abalroamento Longitudinal;1;2;;;;;1
30/04/2014;08:06:00;172;sem vítima;205,1999969482422;BR-116/RJ;Pista Norte;Abalroamento Longitudinal;1;3;;;;;1
30/04/2014;06:17:00;88;com vítima;212,60000610351562;BR-116/SP;Pista Norte;Colisão Traseira;1;1;;1;1;;2
30/04/2014;15:21:00;477;sem vítima;219,3000030517578;BR-116/SP;Pista Sul;Engavetamento;1;3;;;;;1
30/04/2014;22:23:00;758;sem vítima;220,60000610351562;BR-116/RJ;Pista Norte;Queda de Carga;1;1;;;;;1
30/04/2014;07:10:00;113;com vítima;319,6000061035156;BR-116/RJ;Pista Sul;Colisão Traseira;3;2;1;;;;1
01/05/2014;16:10:00;391;sem vítima;70,9000015258789;BR-116/SP;Pista Norte;Colisão Traseira;2;2;;;;;1
01/05/2014;10:57:00;249;sem vítima;80,9000015258789;BR-116/SP;Pista Sul;Colisão Traseira;1;2;;;;;1
01/05/2014;07:48:00;142;sem vítima;152,5;BR-116/SP;Pista Sul;Colisão Traseira;1;3;;;;;1
01/05/2014;03:59:00;63;sem vítima;285,3800048828125;BR-116/RJ;Pista Norte;Abalroamento Longitudinal;2;2;;;;;1
01/05/2014;16:01:00;383;sem vítima;290,5;BR-116/RJ;Pista Sul;Abalroamento Longitudinal;1;2;;;;;1
02/05/2014;18:13:00;521;sem vítima;155,39999389648438;BR-116/SP;Pista Sul;Engavetamento;1;7;;;;;1
02/05/2014;20:50:00;614;sem vítima;165,10000610351562;BR-116/RJ;Pista Sul;Colisão Traseira;2;2;;;;;1
02/05/2014;20:44:00;610;sem vítima;165,60000610351562;BR-116/RJ;Pista Sul;Colisão Traseira;1;3;;;;;1
02/05/2014;12:36:00;351;com vítima;169,1999969482422;BR-116/RJ;Pista Norte;Engavetamento;1;4;1;;;;1
02/05/2014;00:14:00;10;sem vítima;172;BR-116/SP;Pista Norte;Queda de Carga;1;1;;;;;1
02/05/2014;04:12:00;53;sem vítima;197,5;BR-116/SP;Pista Sul;Colisão Traseira;2;3;;;;;1
02/05/2014;17:05:00;489;sem vítima;207;BR-116/SP;Pista Sul;Abalroamento Longitudinal;1;6;;;;;1
02/05/2014;09:51:00;236;sem vítima;232,8000030517578;BR-116/RJ;Pista Sul;Choque em objeto fixo;1;1;;;;;1
02/05/2014;23:07:00;682;sem vítima;245,8000030517578;BR-116/RJ;Pista Norte;Choque em Barreira New Jersey;1;1;;;;;1
02/05/2014;09:27:00;212;com vítima;274,70001220703125;BR-116/RJ;Pista Sul;Engavetamento;1;31;4;5;;;2
03/05/2014;12:30:00;330;sem vítima;195,10000610351562;BR-116/RJ;Pista Norte;Abalroamento Longitudinal;1;20;;;;;1
03/05/2014;08:51:00;194;com vítima;209;BR-116/SP;Pista Sul;Abalroamento Longitudinal;1;1;1;;;;1
03/05/2014;16:43:00;475;sem vítima;217;BR-116/SP;Pista Norte;Queda de Carga;1;1;;;;;1
03/05/2014;16:58:00;483;sem vítima;225,6999969482422;BR-116/RJ;Pista Norte;Queda de Carga;1;2;;;;;1
04/05/2014;18:18:00;461;sem vítima;198,1999969482422;BR-116/SP;Pista Sul;Abalroamento Longitudinal;1;6;;;;;1
05/05/2014;21:40:00;664;sem vítima;28,100000381469727;BR-116/SP;Pista Norte;Atropelamento de Animal;2;24;;;;;1
05/05/2014;08:29:00;189;sem vítima;87,80000305175781;BR-116/SP;Pista Norte;Choque em objeto fixo;1;1;;;;;1
05/05/2014;07:42:00;144;com vítima;138,6999969482422;BR-116/SP;Pista Sul;Engavetamento;1;10;2;;;;1
05/05/2014;07:08:00;116;sem vítima;157;BR-116/SP;Pista Norte;Colisão Traseira;1;2;;;;;1
05/05/2014;08:45:00;200;sem vítima;165;BR-116/SP;Pista Norte;Choque em objeto fixo;1;1;;;;;1
05/05/2014;21:10:00;648;com vítima;174,39999389648438;BR-116/RJ;Pista Norte;Abalroamento Longitudinal;1;1;;1;;;2
05/05/2014;15:39:00;440;sem vítima;176,1999969482422;BR-116/RJ;Pista Sul;Abalroamento Longitudinal;1;2;;;;;1
05/05/2014;07:34:00;134;com vítima;213,5;BR-116/SP;Pista Sul;Colisão Traseira;1;1;;1;;;2
05/05/2014;13:01:00;346;sem vítima;224;BR-116/SP;Pista Sul;Engavetamento;1;9;;;;;1
05/05/2014;03:03:00;34;com vítima;259,95001220703125;BR-116/RJ;Pista Norte;Choque em Defensa;1;1;1;;;;1
06/05/2014;07:08:00;124;com vítima;38;BR-116/SP;Pista Sul;Capotamento;1;1;;1;;;2
06/05/2014;10:44:00;300;sem vítima;128,60000610351562;BR-116/SP;Pista Sul;Abalroamento Longitudinal;2;2;;;;;1
06/05/2014;15:50:00;495;sem vítima;148,5;BR-116/SP;Pista Norte;Colisão Traseira;1;3;;;;;1
06/05/2014;14:18:00;422;sem vítima;163,1999969482422;BR-116/RJ;Pista Sul;Abalroamento Longitudinal;1;2;;;;;1
06/05/2014;09:02:00;226;sem vítima;165;BR-116/SP;Pista Norte;Colisão Traseira;1;4;;;;;1
06/05/2014;13:36:00;389;sem vítima;176;BR-116/RJ;Pista Sul;Colisão Traseira;1;2;;;;;1
06/05/2014;12:44:00;363;sem vítima;176,89999389648438;BR-116/RJ;Pista Sul;Abalroamento Longitudinal;1;2;;;;;1
06/05/2014;07:52:00;164;sem vítima;179;BR-116/RJ;Pista Norte;Abalroamento Longitudinal;1;2;;;;;1
06/05/2014;07:03:00;121;com vítima;182,6999969482422;BR-116/RJ;Pista Sul;Colisão Traseira;1;4;1;;;;1
06/05/2014;10:46:00;302;com vítima;211,5500030517578;BR-116/SP;Pista Norte;Abalroamento Longitudinal;1;6;2;;;;1
06/05/2014;05:45:00;73;sem vítima;216,8000030517578;BR-116/RJ;Pista Sul;Atropelamento de Animal;1;1;;;;;1
06/05/2014;13:46:00;399;sem vítima;219;BR-116/SP;Pista Sul;Abalroamento Longitudinal;1;5;;;;;1
06/05/2014;22:54:00;719;sem vítima;220;BR-116/SP;Pista Norte;Abalroamento Longitudinal;1;2;;;;;1
06/05/2014;17:30:00;560;sem vítima;290,20001220703125;BR-116/RJ;Pista Sul;Colisão Traseira;1;2;;;;;1
06/05/2014;00:31:00;15;sem vítima;297;BR-116/RJ;Pista Norte;Outros;1;1;;;;;1
07/05/2014;22:13:00;705;sem vítima;45,20000076293945;BR-116/SP;Pista Sul;Abalroamento Longitudinal;2;2;;;;;1
07/05/2014;20:15:00;647;sem vítima;147,0500030517578;BR-116/SP;Pista Sul;Choque em objeto na pista;1;2;;;;;1
07/05/2014;06:19:00;102;sem vítima;164,1999969482422;BR-116/SP;Pista Norte;Choque em Defensa;1;1;;;;;1
07/05/2014;01:18:00;33;sem vítima;192,1999969482422;BR-116/SP;Pista Sul;Outros;1;1;;;;;1
07/05/2014;10:18:00;285;sem vítima;207,10000610351562;BR-116/RJ;Pista Sul;Abalroamento Longitudinal;1;3;;;;;1
07/05/2014;10:09:00;273;sem vítima;214,89999389648438;BR-116/SP;Pista Norte;Choque em Barreira New Jersey;2;2;;;;;1
07/05/2014;01:56:00;41;sem vítima;222,60000610351562;BR-116/RJ;Pista Norte;Tombamento;1;1;;;;;1
07/05/2014;07:39:00;139;sem vítima;223,1999969482422;BR-116/RJ;Pista Norte;Choque Talude;1;1;;;;;1
07/05/2014;04:47:00;73;sem vítima;226,39999389648438;BR-116/RJ;Pista Norte;Colisão Traseira;2;2;;;;;1
07/05/2014;11:04:00;318;sem vítima;231,1999969482422;BR-116/SP;Pista Sul;Abalroamento Longitudinal;1;2;;;;;1
07/05/2014;19:59:00;630;sem vítima;252;BR-116/RJ;Pista Norte;Choque em objeto na pista;1;2;;;;;1
07/05/2014;15:33:00;454;sem vítima;290,6000061035156;BR-116/RJ;Pista Sul;Abalroamento Longitudinal;2;2;;;;;1
07/05/2014;22:06:00;703;sem vítima;301,25;BR-116/RJ;Pista Sul;Choque em objeto fixo;1;1;;;;;1
08/05/2014;20:22:00;691;sem vítima;112,69999694824219;BR-116/SP;Pista Norte;Colisão Traseira;1;2;;;;;1
08/05/2014;09:09:00;231;com vítima;132,8000030517578;BR-116/SP;Pista Sul;Engavetamento;1;7;1;;;;1
08/05/2014;10:13:00;282;sem vítima;132,89999389648438;BR-116/SP;Pista Sul;Abalroamento Longitudinal;1;3;;;;;1