data;horario;n_da_ocorrencia;tipo_de_ocorrencia;km;trecho;sentido;tipo_de_acidente;caminhao;ilesos;levemente_feridos;moderadamente_feridos;gravemente_feridos;mortos;3
08/05/2014;14:55:00;459;com vítima;169,5;BR-116/RJ;Pista Norte;Colisão Traseira;2;1;1;1;;;2
08/05/2014;00:50:00;22;sem vítima;185,60000610351562;BR-116/SP;Pista Sul;Choque em Defensa;3;3;;;;;1
08/05/2014;16:01:00;501;sem vítima;198;BR-116/RJ;Pista Sul;Choque em veículo parado na pista;1;2;;;;;1
08/05/2014;13:44:00;416;sem vítima;205,60000610351562;BR-116/RJ;Pista Sul;Colisão Traseira;2;2;;;;;1
08/05/2014;19:40:00;668;sem vítima;212,6999969482422;BR-116/SP;Pista Sul;Abalroamento Longitudinal;1;2;;;;;1
08/05/2014;08:11:00;172;com vítima;215,8000030517578;BR-116/SP;Pista Sul;Abalroamento Longitudinal;1;1;1;;;;1
08/05/2014;21:43:00;735;sem vítima;223,1999969482422;BR-116/SP;Pista Norte;Abalroamento Longitudinal;1;2;;;;;1
08/05/2014;08:14:00;174;sem vítima;295,6000061035156;BR-116/RJ;Pista Sul;Engavetamento;3;4;;;;;1
08/05/2014;19:10:00;646;sem vítima;297,8999938964844;BR-116/RJ;Pista Norte;Abalroamento Longitudinal;1;2;;;;;1
08/05/2014;07:37:00;146;sem vítima;302,29998779296875;BR-116/RJ;Pista Sul;Abalroamento Longitudinal;1;2;;;;;1
08/05/2014;18:48:00;629;sem vítima;323;BR-116/RJ;Pista Norte;Choque em objeto fixo;1;1;;;;;1
09/05/2014;00:35:00;17;sem vítima;124,5;BR-116/SP;Pista Sul;Choque em Barreira New Jersey;1;2;;;;;1
09/05/2014;03:04:00;64;sem vítima;139,5;BR-116/SP;Pista Sul;Abalroamento Longitudinal;2;2;;;;;1
09/05/2014;14:04:00;446;sem vítima;145;BR-116/SP;Pista Norte;Abalroamento Longitudinal;1;2;;;;;1
09/05/2014;04:01:00;79;sem vítima;165;BR-116/SP;Pista Sul;Colisão Traseira;2;2;;;;;1
09/05/2014;05:04:00;94;sem vítima;178,10000610351562;BR-116/RJ;Pista Norte;Engavetamento;2;4;;;;;1
09/05/2014;12:19:00;381;sem vítima;190,89999389648438;BR-116/RJ;Pista Sul;Abalroamento Longitudinal;1;6;;;;;1
09/05/2014;05:00:00;93;com vítima;211,5;BR-116/RJ;Pista Norte;Abalroamento Longitudinal;2;2;1;;;;1
09/05/2014;06:36:00;127;com vítima;214,5;BR-116/RJ;Pista Norte;Tombamento;1;0;1;;;;1
09/05/2014;09:54:00;289;sem vítima;222;BR-116/SP;Pista Norte;Colisão Traseira;1;2;;;;;1
09/05/2014;20:36:00;702;com vítima;224,8000030517578;BR-116/SP;Pista Norte;Engavetamento;2;3;6;;;;1
09/05/2014;18:12:00;601;sem vítima;225,8000030517578;BR-116/SP;Pista Norte;Colisão Traseira;1;5;;;;;1
09/05/2014;14:19:00;457;com vítima;231;BR-116/SP;Pista Norte;Abalroamento Longitudinal;1;4;1;;;;1
09/05/2014;04:15:00;83;com vítima;314,3500061035156;BR-116/RJ;Pista Norte;Queda de moto;1;4;1;;;;1
10/05/2014;14:04:00;359;sem vítima;65;BR-116/SP;Pista Norte;Tombamento;1;1;;;;;1
10/05/2014;15:08:00;397;sem vítima;180;BR-116/SP;Pista Sul;Abalroamento Longitudinal;1;3;;;;;1
10/05/2014;06:04:00;85;sem vítima;223,60000610351562;BR-116/RJ;Pista Norte;Abalroamento Longitudinal;1;4;;;;;1
10/05/2014;08:46:00;171;sem vítima;225,75;BR-116/RJ;Pista Norte;Queda de Carga;1;1;;;;;1
10/05/2014;16:31:00;451;sem vítima;229,5;BR-116/SP;Pista Sul;Abalroamento Longitudinal;1;2;;;;;1
11/05/2014;18:02:00;427;sem vítima;129;BR-116/SP;Pista Norte;Colisão Traseira;1;4;;;;;1
11/05/2014;16:47:00;382;sem vítima;178,39999389648438;BR-116/RJ;Pista Norte;Abalroamento Longitudinal;1;2;;;;;1
11/05/2014;06:20:00;91;sem vítima;212,1999969482422;BR-116/SP;Pista Sul;Abalroamento Longitudinal;2;3;;;;;1
11/05/2014;14:20:00;301;sem vítima;227,60000610351562;BR-116/RJ;Pista Norte;Abalroamento Longitudinal;1;2;;;;;1
11/05/2014;09:02:00;155;sem vítima;231;BR-116/SP;Pista Norte;Abalroamento Longitudinal;1;5;;;;;1
12/05/2014;01:43:00;26;sem vítima;27,399999618530273;BR-116/SP;Pista Norte;Colisão Traseira;1;3;;;;;1
12/05/2014;04:05:00;59;sem vítima;74,5;BR-116/SP;Pista Norte;Choque em veículo parado na pista;1;2;;;;;1
12/05/2014;16:14:00;475;sem vítima;86,9000015258789;BR-116/SP;Pista Norte;Choque em objeto fixo;1;1;;;;;1
12/05/2014;17:49:00;526;com vítima;126;BR-116/SP;Pista Norte;Colisão Traseira;1;2;1;2;;;2
12/05/2014;12:19:00;348;sem vítima;153;BR-116/SP;Pista Norte;Choque em veículo parado na pista;1;3;;;;;1
12/05/2014;10:49:00;297;sem vítima;161;BR-116/SP;Pista Sul;Choque em objeto na pista;1;1;;;;;1
12/05/2014;16:53:00;500;sem vítima;176,3000030517578;BR-116/RJ;Pista Sul;Engavetamento;2;4;;;;;1
12/05/2014;20:51:00;630;sem vítima;197,85000610351562;BR-116/SP;Pista Norte;Abalroamento Longitudinal;1;2;;;;;1
12/05/2014;00:07:00;7;sem vítima;201,8000030517578;BR-116/RJ;Pista Norte;Atropelamento de Animal;2;2;;;;;1
12/05/2014;00:20:00;12;sem vítima;202,39999389648438;BR-116/RJ;Pista Norte;Abalroamento Longitudinal;1;3;;;;;1
12/05/2014;23:08:00;683;sem vítima;204;BR-116/SP;Pista Norte;Colisão Traseira;1;42;;;;;1
12/05/2014;10:16:00;276;sem vítima;207,10000610351562;BR-116/RJ;Pista Norte;Abalroamento Longitudinal;2;2;;;;;1
12/05/2014;15:58:00;465;com vítima;218,85000610351562;BR-116/SP;Pista Norte;Colisão Traseira;2;3;1;;;;1
12/05/2014;09:27:00;238;sem vítima;221,10000610351562;BR-116/SP;Pista Sul;Outros;1;2;;;;;1
12/05/2014;08:58:00;212;sem vítima;221,5;BR-116/SP;Pista Norte;Colisão Traseira;1;6;;;;;1
12/05/2014;13:00:00;372;com vítima;229,6999969482422;BR-116/SP;Pista Sul;Queda de moto;1;3;1;;;1;3
12/05/2014;15:25:00;442;sem vítima;276,29998779296875;BR-116/RJ;Pista Sul;Abalroamento Longitudinal;1;2;;;;;1
12/05/2014;17:58:00;531;sem vítima;281,6000061035156;BR-116/RJ;Pista Sul;Choque em objeto na pista;1;7;;;;;1
13/05/2014;11:37:00;304;sem vítima;87,0999984741211;BR-116/SP;Pista Sul;Colisão Traseira;1;4;;;;;1
13/05/2014;00:40:00;13;sem vítima;117,5;BR-116/SP;Pista Norte;Tombamento;1;1;;;;;1
13/05/2014;20:05:00;609;sem vítima;147;BR-116/SP;Pista Sul;Capotamento;1;2;;;;;1
13/05/2014;09:51:00;247;sem vítima;156,1999969482422;BR-116/SP;Pista Sul;Outros;1;1;;;;;1
13/05/2014;10:56:00;287;sem vítima;168,3000030517578;BR-116/RJ;Pista Norte;Choque em objeto na pista;1;3;;;;;1
13/05/2014;21:10:00;631;com vítima;179,25;BR-116/RJ;Pista Sul;Abalroamento Longitudinal;1;1;1;;;;1
13/05/2014;17:39:00;518;com vítima;224,64999389648438;BR-116/RJ;Pista Norte;Tombamento;1;0;1;;;;1
13/05/2014;18:24:00;542;sem vítima;229,10000610351562;BR-116/SP;Pista Sul;Abalroamento Longitudinal;1;3;;;;;1
13/05/2014;07:56:00;154;sem vítima;294,20001220703125;BR-116/RJ;Pista Norte;Abalroamento Longitudinal;1;44;;;;;1
14/05/2014;00:58:00;21;sem vítima;43,599998474121094;BR-116/SP;Pista Sul;Choque em objeto na pista;1;1;;;;;1
14/05/2014;02:20:00;37;com vítima;86,9000015258789;BR-116/SP;Pista Sul;Colisão Traseira;1;4;1;;;;1
14/05/2014;10:05:00;265;sem vítima;163,3000030517578;BR-116/RJ;Pista Sul;Abalroamento Longitudinal;1;4;;;;;1
14/05/2014;12:07:00;342;sem vítima;166,39999389648438;BR-116/RJ;Pista Sul;Colisão Traseira;1;3;;;;;1
14/05/2014;12:03:00;338;com vítima;170,5;BR-116/RJ;Pista Norte;Choque em Barreira New Jersey;1;2;1;;;;1
14/05/2014;17:55:00;563;com vítima;180,6999969482422;BR-116/RJ;Pista Sul;Abalroamento Longitudinal;1;2;1;;;;1
14/05/2014;18:25:00;580;sem vítima;181,10000610351562;BR-116/RJ;Pista Norte;Colisão Traseira;2;3;;;;;1
14/05/2014;01:32:00;27;com vítima;188,1999969482422;BR-116/RJ;Pista Norte;Colisão Traseira;2;1;1;;;;1
14/05/2014;07:07:00;119;sem vítima;211,1999969482422;BR-116/SP;Pista Sul;Engavetamento;2;4;;;;;1
14/05/2014;03:01:00;45;sem vítima;216,6999969482422;BR-116/SP;Pista Norte;Choque Talude;1;1;;;;;1
14/05/2014;00:13:00;13;sem vítima;257,70001220703125;BR-116/RJ;Pista Norte;Colisão Traseira;2;2;;;;;1
14/05/2014;06:31:00;100;com vítima;258,1000061035156;BR-116/RJ;Pista Norte;Abalroamento Longitudinal;1;2;1;;;;1
14/05/2014;12:07:00;343;sem vítima;279,1000061035156;BR-116/RJ;Pista Sul;Colisão Traseira;1;2;;;;;1
15/05/2014;00:07:00;9;sem vítima;17,350000381469727;BR-116/SP;Pista Sul;Choque em Barreira New Jersey;1;2;;;;;1
15/05/2014;07:35:00;157;sem vítima;18,200000762939453;BR-116/SP;Pista Norte;Choque em objeto fixo;1;1;;;;;1
15/05/2014;08:15:00;190;sem vítima;118,30000305175781;BR-116/SP;Pista Sul;Colisão Traseira;1;3;;;;;1
15/05/2014;06:41:00;108;com vítima;126;BR-116/SP;Pista Norte;Engavetamento;7;54;1;;3;;2
15/05/2014;10:19:00;273;sem vítima;145;BR-116/SP;Pista Norte;Abalroamento Longitudinal;1;6;;;;;1
15/05/2014;23:02:00;687;sem vítima;211,89999389648438;BR-116/SP;Pista Sul;Abalroamento Longitudinal;1;6;;;;;1
15/05/2014;20:09:00;611;sem vítima;214,60000610351562;BR-116/SP;Pista Norte;Colisão Traseira;1;2;;;;;1
15/05/2014;09:05:00;226;com vítima;216,6999969482422;BR-116/SP;Pista Sul;Tombamento;1;1;2;;;;1
15/05/2014;20:17:00;616;com vítima;222,19000244140625;BR-116/RJ;Pista Sul;Choque em objeto fixo;1;0;1;;;;1
15/05/2014;02:16:00;40;sem vítima;238,89999389648438;BR-116/RJ;Pista Norte;Choque em objeto na pista;2;2;;;;;1
15/05/2014;19:01:00;574;sem vítima;276,3500061035156;BR-116/RJ;Pista Sul;Engavetamento;2;4;;;;;1
15/05/2014;15:13:00;436;sem vítima;298,1000061035156;BR-116/RJ;Pista Norte;Colisão Traseira;2;2;;;;;1
15/05/2014;21:59:00;653;sem vítima;299,70001220703125;BR-116/RJ;Pista Sul;Colisão Traseira;2;2;;;;;1
15/05/2014;13:39:00;380;sem vítima;310,79998779296875;BR-116/RJ;Pista Norte;Queda de ribanceira;1;1;;;;;1
16/05/2014;15:46:00;490;sem vítima;43,29999923706055;BR-116/SP;Pista Sul;Choque em objeto na pista;1;2;;;;;1
16/05/2014;04:44:00;75;sem vítima;111;BR-116/SP;Pista Norte;Atropelamento de Animal;1;2;;;;;1
16/05/2014;12:46:00;389;sem vítima;124,19999694824219;BR-116/SP;Pista Norte;Abalroamento Longitudinal;1;2;;;;;1
16/05/2014;18:08:00;583;sem vítima;138,8000030517578;BR-116/SP;Pista Sul;Engavetamento;1;4;;;;;1
16/05/2014;12:46:00;388;sem vítima;154;BR-116/SP;Pista Sul;Choque em objeto na pista;1;1;;;;;1
16/05/2014;08:19:00;214;sem vítima;167,5500030517578;BR-116/RJ;Pista Norte;Colisão Traseira;1;2;;;;;1
16/05/2014;11:11:00;326;sem vítima;182;BR-116/SP;Pista Norte;Colisão Traseira;1;2;;;;;1
16/05/2014;11:12:00;331;com vítima;204;BR-116/SP;Pista Norte;Choque em objeto fixo;1;0;2;;;;1
16/05/2014;15:05:00;469;sem vítima;260,5799865722656;BR-116/RJ;Pista Sul;Colisão Traseira;1;2;;;;;1
16/05/2014;06:46:00;119;sem vítima;301,8999938964844;BR-116/RJ;Pista Sul;Colisão Traseira;2;2;;;;;1
16/05/2014;23:26:00;793;sem vítima;313,8999938964844;BR-116/RJ;Pista Sul;Colisão Traseira;1;2;;;;;1
17/05/2014;22:51:00;593;sem vítima;47,20000076293945;BR-116/SP;Pista Norte;Colisão Traseira;1;3;;;;;1
17/05/2014;12:59:00;347;sem vítima;165,1999969482422;BR-116/RJ;Pista Sul;Engavetamento;2;3;;;;;1
17/05/2014;14:37:00;384;sem vítima;173,10000610351562;BR-116/RJ;Pista Sul;Colisão Traseira;1;3;;;;;1
17/05/2014;00:10:00;7;com vítima;209,7100067138672;BR-116/RJ;Pista Norte;Colisão Traseira;1;44;2;;;;1
17/05/2014;11:58:00;317;sem vítima;213,3000030517578;BR-116/SP;Pista Sul;Abalroamento Longitudinal;1;2;;;;;1
17/05/2014;10:13:00;241;sem vítima;314,79998779296875;BR-116/RJ;Pista Norte;Queda de Carga;1;1;;;;;1
18/05/2014;19:24:00;501;sem vítima;0,550000011920929;BR-116/SP;Pista Norte;Abalroamento Longitudinal;1;47;;;;;1
18/05/2014;18:46:00;465;sem vítima;51,20000076293945;BR-116/SP;Pista Norte;Colisão Traseira;1;2;;;;;1
18/05/2014;18:01:00;427;sem vítima;87,05000305175781;BR-116/SP;Pista Norte;Abalroamento Longitudinal;1;3;;;;;1
18/05/2014;06:03:00;83;com vítima;100,9000015258789;BR-116/SP;Pista Norte;Engavetamento;1;5;2;;;;1
18/05/2014;14:26:00;297;sem vítima;142,1999969482422;BR-116/SP;Pista Sul;Abalroamento Longitudinal;1;6;;;;;1
18/05/2014;11:39:00;236;com vítima;144,89999389648438;BR-116/SP;Pista Norte;Colisão Traseira;1;1;1;;;;1
18/05/2014;19:23:00;500;sem vítima;183;BR-116/RJ;Pista Norte;Abalroamento Longitudinal;1;5;;;;;1
18/05/2014;01:51:00;34;sem vítima;300,3999938964844;BR-116/RJ;Pista Sul;Choque em objeto na pista;1;5;;;;;1
19/05/2014;17:45:00;548;sem vítima;145,3000030517578;BR-116/SP;Pista Norte;Abalroamento Longitudinal;1;4;;;;;1
19/05/2014;05:10:00;65;sem vítima;165,1999969482422;BR-116/SP;Pista Sul;Choque em objeto fixo;1;1;;;;;1
19/05/2014;14:54:00;455;com vítima;167,5;BR-116/RJ;Pista Norte;Engavetamento;1;3;1;;;;1
19/05/2014;10:29:00;303;com vítima;204;BR-116/SP;Pista Sul;Colisão Traseira;2;1;1;;;;1
19/05/2014;12:42:00;384;sem vítima;224,8000030517578;BR-116/SP;Pista Sul;Abalroamento Longitudinal;1;2;;;;;1
19/05/2014;00:42:00;14;sem vítima;239,5;BR-116/RJ;Pista Norte;Tombamento;1;1;;;;;1
20/05/2014;08:01:00;180;com vítima;74;BR-116/SP;Pista Sul;Abalroamento Longitudinal;1;1;1;;;;1
20/05/2014;11:48:00;336;com vítima;88,9000015258789;BR-116/SP;Pista Norte;Colisão Traseira;1;2;1;;;;1
20/05/2014;19:32:00;603;sem vítima;152;BR-116/SP;Pista Norte;Abalroamento Longitudinal;2;2;;;;;1
20/05/2014;16:18:00;458;sem vítima;163,3000030517578;BR-116/RJ;Pista Sul;Abalroamento Longitudinal;1;2;;;;;1
20/05/2014;13:02:00;366;sem vítima;164,39999389648438;BR-116/RJ;Pista Norte;Colisão Traseira;1;2;;;;;1
20/05/2014;23:08:00;692;com vítima;165;BR-116/SP;Pista Norte;Colisão Traseira;2;0;2;;;;1
20/05/2014;23:51:00;704;sem vítima;197,5;BR-116/RJ;Pista Sul;Colisão Traseira;1;2;;;;;1
20/05/2014;23:18:00;694;sem vítima;207;BR-116/RJ;Pista Norte;Colisão Traseira;1;18;;;;;1
20/05/2014;11:24:00;324;com vítima;227,1999969482422;BR-116/RJ;Pista Norte;Tombamento;1;1;1;;;;1
20/05/2014;11:38:00;331;sem vítima;230,6999969482422;BR-116/SP;Pista Sul;Abalroamento Longitudinal;1;2;;;;;1
20/05/2014;09:12:00;249;sem vítima;299;BR-116/RJ;Pista Sul;Choque em objeto na pista;1;2;;;;;1
21/05/2014;22:12:00;690;sem vítima;108,94999694824219;BR-116/SP;Pista Sul;Choque em Defensa;1;1;;;;;1
21/05/2014;05:46:00;92;sem vítima;157,6999969482422;BR-116/SP;Pista Norte;Abalroamento Longitudinal;2;2;;;;;1
21/05/2014;16:08:00;469;sem vítima;177,39999389648438;BR-116/RJ;Pista Sul;Colisão Traseira;1;2;;;;;1
21/05/2014;14:43:00;435;com vítima;177,89999389648438;BR-116/RJ;Pista Sul;Tombamento;1;0;1;;;;1
21/05/2014;17:24:00;518;sem vítima;182,1999969482422;BR-116/RJ;Pista Sul;Abalroamento Longitudinal;1;2;;;;;1
21/05/2014;06:25:00;101;sem vítima;223,60000610351562;BR-116/SP;Pista Sul;Abalroamento Longitudinal;1;4;;;;;1
21/05/2014;15:13:00;447;sem vítima;296,79998779296875;BR-116/RJ;Pista Sul;Abalroamento Longitudinal;1;3;;;;;1
21/05/2014;10:53:00;305;sem vítima;315;BR-116/RJ;Pista Sul;Abalroamento Longitudinal;2;2;;;;;1
22/05/2014;04:32:00;85;sem vítima;81,5999984741211;BR-116/SP;Pista Sul;Queda de ribanceira;1;1;;;;;1
22/05/2014;09:41:00;270;sem vítima;157;BR-116/SP;Pista Norte;Abalroamento Longitudinal;1;2;;;;;1
22/05/2014;17:19:00;586;sem vítima;168,10000610351562;BR-116/RJ;Pista Sul;Abalroamento Longitudinal;1;4;;;;;1
22/05/2014;15:21:00;517;sem vítima;176,10000610351562;BR-116/RJ;Pista Sul;Colisão Traseira;2;2;;;;;1
22/05/2014;11:01:00;324;sem vítima;212;BR-116/SP;Pista Sul;Colisão Traseira;1;2;;;;;1
22/05/2014;11:42:00;353;sem vítima;215;BR-116/SP;Pista Sul;Abalroamento Longitudinal;1;2;;;;;1
22/05/2014;02:29:00;53;sem vítima;217,10000610351562;BR-116/SP;Pista Sul;Colisão Traseira;1;3;;;;;1
22/05/2014;18:09:00;616;sem vítima;218;BR-116/SP;Pista Norte;Colisão Traseira;1;3;;;;;1
22/05/2014;17:41:00;601;sem vítima;219,5;BR-116/SP;Pista Sul;Choque em Barreira New Jersey;1;1;;;;;1
22/05/2014;12:04:00;374;sem vítima;230;BR-116/SP;Pista Sul;Abalroamento Longitudinal;1;3;;;;;1
22/05/2014;11:23:00;339;com vítima;245,4499969482422;BR-116/RJ;Pista Sul;Abalroamento Longitudinal;1;2;;1;;;2
23/05/2014;00:17:00;13;sem vítima;70,25;BR-116/SP;Pista Sul;Tombamento;1;2;;;;;1
23/05/2014;15:16:00;486;sem vítima;111,30000305175781;BR-116/SP;Pista Sul;Colisão Traseira;1;4;;;;;1
23/05/2014;14:57:00;475;sem vítima;112,19999694824219;BR-116/SP;Pista Sul;Abalroamento Longitudinal;1;2;;;;;1
23/05/2014;19:39:00;655;com vítima;122,5999984741211;BR-116/SP;Pista Sul;Engavetamento;2;5;1;;;;1
23/05/2014;07:37:00;172;sem vítima;140,10000610351562;BR-116/SP;Pista Sul;Abalroamento Longitudinal;1;2;;;;;1
23/05/2014;08:44:00;247;sem vítima;164,1999969482422;BR-116/RJ;Pista Sul;Choque em objeto na pista;1;6;;;;;1
23/05/2014;06:39:00;124;sem vítima;165;BR-116/SP;Pista Sul;Abalroamento Longitudinal;2;2;;;;;1
23/05/2014;18:41:00;611;sem vítima;174,39999389648438;BR-116/RJ;Pista Sul;Abalroamento Longitudinal;1;3;;;;;1
23/05/2014;22:26:00;743;sem vítima;176,1999969482422;BR-116/RJ;Pista Sul;Engavetamento;1;3;;;;;1
23/05/2014;14:22:00;452;sem vítima;219,8000030517578;BR-116/SP;Pista Norte;Colisão Traseira;1;3;;;;;1
23/05/2014;11:55:00;383;sem vítima;269,04998779296875;BR-116/RJ;Pista Sul;Abalroamento Longitudinal;1;2;;;;;1
23/05/2014;18:34:00;604;sem vítima;285,20001220703125;BR-116/RJ;Pista Norte;Abalroamento Longitudinal;1;2;;;;;1
23/05/2014;10:13:00;313;sem vítima;315,1000061035156;BR-116/RJ;Pista Sul;Colisão Traseira;1;2;;;;;1
23/05/2014;11:59:00;384;sem vítima;316,8999938964844;BR-116/RJ;Pista Sul;Colisão Traseira;1;2;;;;;1
24/05/2014;03:02:00;52;sem vítima;106,94999694824219;BR-116/SP;Pista Sul;Atropelamento de Animal;1;5;;;;;1
24/05/2014;11:20:00;273;sem vítima;111,94999694824219;BR-116/SP;Pista Norte;Colisão Traseira;2;2;;;;;1
24/05/2014;03:34:00;59;sem vítima;177,39999389648438;BR-116/RJ;Pista Sul;Colisão Traseira;2;2;;;;;1
24/05/2014;08:35:00;181;sem vítima;198,89999389648438;BR-116/SP;Pista Sul;Colisão Traseira;2;4;;;;;1
24/05/2014;03:29:00;56;com vítima;212,75;BR-116/SP;Pista Sul;Atropelamento de Pedestre Atravessando;1;1;1;;;;1
24/05/2014;16:34:00;431;com vítima;267,4200134277344;BR-116/RJ;Pista Sul;Choque Talude;1;1;1;;;;1
25/05/2014;15:45:00;380;sem vítima;101,19999694824219;BR-116/SP;Pista Sul;Outros;1;1;;;;;1
25/05/2014;08:47:00;149;sem vítima;182;BR-116/SP;Pista Norte;Choque em objeto fixo;1;1;;;;;1
25/05/2014;07:34:00;129;sem vítima;235,6999969482422;BR-116/RJ;Pista Sul;Choque em Barreira New Jersey;1;5;;;;;1
25/05/2014;17:16:00;432;sem vítima;308,1000061035156;BR-116/RJ;Pista Norte;Abalroamento Longitudinal;1;4;;;;;1
26/05/2014;16:46:00;472;com vítima;22,299999237060547;BR-116/SP;Pista Sul;Choque em objeto fixo;1;1;1;;;;1
26/05/2014;18:07:00;522;sem vítima;70,19999694824219;BR-116/SP;Pista Sul;Abalroamento Longitudinal;2;2;;;;;1
26/05/2014;17:44:00;508;com vítima;84,5;BR-116/SP;Pista Norte;Abalroamento Longitudinal;2;2;1;1;;;2
26/05/2014;01:42:00;27;sem vítima;145;BR-116/SP;Pista Sul;Choque em objeto fixo;1;1;;;;;1
26/05/2014;09:43:00;249;com vítima;145,89999389648438;BR-116/SP;Pista Sul;Engavetamento;1;3;3;;;;1
26/05/2014;11:48:00;307;sem vítima;165;BR-116/SP;Pista Norte;Engavetamento;2;6;;;;;1
26/05/2014;06:34:00;105;sem vítima;177,8000030517578;BR-116/RJ;Pista Norte;Abalroamento Longitudinal;1;2;;;;;1
26/05/2014;01:18:00;19;sem vítima;187,5;BR-116/SP;Pista Norte;Choque em objeto fixo;1;2;;;;;1
26/05/2014;17:52:00;512;sem vítima;216;BR-116/SP;Pista Norte;Colisão Traseira;1;58;;;;;1
26/05/2014;01:38:00;25;sem vítima;227,14999389648438;BR-116/RJ;Pista Norte;Choque em objeto fixo;1;1;;;;;1
26/05/2014;05:27:00;78;sem vítima;284,8999938964844;BR-116/RJ;Pista Norte;Choque em Barreira New Jersey;1;1;;;;;1
26/05/2014;18:51:00;556;sem vítima;301,79998779296875;BR-116/RJ;Pista Sul;Abalroamento Longitudinal;1;7;;;;;1
26/05/2014;13:01:00;342;com vítima;330,8999938964844;BR-116/RJ;Pista Sul;Colisão Traseira;2;1;;1;;;2
27/05/2014;08:00:00;167;sem vítima;67,4000015258789;BR-116/SP;Pista Norte;Tombamento;1;1;;;;;1
27/05/2014;07:28:00;129;sem vítima;143;BR-116/SP;Pista Norte;Colisão Traseira;1;4;;;;;1
27/05/2014;07:55:00;161;sem vítima;145;BR-116/SP;Pista Norte;Engavetamento;1;4;;;;;1
27/05/2014;13:55:00;385;sem vítima;163,1999969482422;BR-116/RJ;Pista Norte;Colisão Traseira;1;3;;;;;1
27/05/2014;19:36:00;585;sem vítima;193,8000030517578;BR-116/RJ;Pista Sul;Choque em objeto na pista;1;2;;;;;1
27/05/2014;03:03:00;41;sem vítima;194,10000610351562;BR-116/RJ;Pista Norte;Abalroamento Longitudinal;1;5;;;;;1
27/05/2014;04:58:00;59;com vítima;201,97999572753906;BR-116/SP;Pista Norte;Colisão Traseira;2;1;2;;;;1
27/05/2014;07:02:00;108;com vítima;262,5;BR-116/RJ;Pista Norte;Colisão Traseira;2;1;;1;;;2
27/05/2014;14:16:00;397;sem vítima;318,8999938964844;BR-116/RJ;Pista Sul;Outros;1;1;;;;;1
28/05/2014;18:27:00;563;sem vítima;156,6999969482422;BR-116/SP;Pista Norte;Colisão Traseira;1;2;;;;;1
28/05/2014;18:32:00;569;sem vítima;158;BR-116/SP;Pista Sul;Abalroamento Longitudinal;1;2;;;;;1
28/05/2014;00:01:00;7;sem vítima;165;BR-116/SP;Pista Sul;Colisão Traseira;2;2;;;;;1
28/05/2014;13:45:00;391;com vítima;285,6000061035156;BR-116/RJ;Pista Sul;Queda de ribanceira;2;1;;1;;;2
29/05/2014;18:09:00;604;sem vítima;34,54999923706055;BR-116/SP;Pista Norte;Colisão Traseira;1;2;;;;;1
29/05/2014;11:25:00;370;sem vítima;70;BR-116/SP;Pista Norte;Engavetamento;1;3;;;;;1
29/05/2014;17:04:00;557;sem vítima;107,9000015258789;BR-116/SP;Pista Sul;Abalroamento Longitudinal;2;2;;;;;1
29/05/2014;16:38:00;542;sem vítima;163;BR-116/RJ;Pista Sul;Abalroamento Longitudinal;1;2;;;;;1
29/05/2014;09:22:00;279;sem vítima;182;BR-116/SP;Pista Norte;Choque em objeto fixo;1;1;;;;;1
29/05/2014;09:36:00;291;sem vítima;213,1999969482422;BR-116/SP;Pista Sul;Abalroamento Longitudinal;1;2;;;;;1
29/05/2014;11:19:00;368;sem vítima;214,60000610351562;BR-116/SP;Pista Sul;Abalroamento Longitudinal;1;2;;;;;1
29/05/2014;20:16:00;685;com vítima;217;BR-116/SP;Pista Sul;Choque em veículo parado na pista;1;1;1;;;;1
29/05/2014;18:22:00;613;sem vítima;218,60000610351562;BR-116/SP;Pista Sul;Abalroamento Longitudinal;1;4;;;;;1
29/05/2014;12:02:00;390;sem vítima;219;BR-116/SP;Pista Sul;Abalroamento Longitudinal;1;3;;;;;1
29/05/2014;07:29:00;177;com vítima;225,8000030517578;BR-116/SP;Pista Sul;Abalroamento Longitudinal;1;4;1;;;;1
29/05/2014;04:42:00;88;sem vítima;254,6999969482422;BR-116/RJ;Pista Norte;Colisão Traseira;1;2;;;;;1