data;horario;n_da_ocorrencia;tipo_de_ocorrencia;km;trecho;sentido;tipo_de_acidente;caminhao;ilesos;levemente_feridos;moderadamente_feridos;gravemente_feridos;mortos;3
30/05/2014;21:27:00;696;sem vítima;67;BR-116/SP;Pista Sul;Choque em objeto na pista;1;3;;;;;1
30/05/2014;07:40:00;147;sem vítima;98,30000305175781;BR-116/SP;Pista Sul;Engavetamento;1;4;;;;;1
30/05/2014;01:53:00;38;sem vítima;102,3499984741211;BR-116/SP;Pista Norte;Choque em Barreira New Jersey;1;1;;;;;1
30/05/2014;14:17:00;428;sem vítima;128,39999389648438;BR-116/SP;Pista Sul;Engavetamento;3;4;;;;;1
30/05/2014;18:06:00;569;sem vítima;180;BR-116/SP;Pista Sul;Abalroamento Longitudinal;2;2;;;;;1
30/05/2014;09:41:00;262;sem vítima;207,10000610351562;BR-116/RJ;Pista Norte;Abalroamento Longitudinal;1;2;;;;;1
30/05/2014;05:54:00;90;sem vítima;222,1999969482422;BR-116/SP;Pista Sul;Colisão Traseira;1;2;;;;;1
30/05/2014;00:09:00;11;com vítima;228,89999389648438;BR-116/SP;Pista Sul;Choque em Defensa;1;3;;1;;;2
30/05/2014;16:42:00;512;sem vítima;257,8999938964844;BR-116/RJ;Pista Norte;Colisão Traseira;1;2;;;;;1
30/05/2014;02:32:00;42;sem vítima;270,5;BR-116/RJ;Pista Sul;Colisão Traseira;2;2;;;;;1
30/05/2014;02:32:00;43;com vítima;283;BR-116/RJ;Pista Norte;Outros;1;2;;1;;;2
30/05/2014;22:25:00;732;sem vítima;318,8999938964844;BR-116/RJ;Pista Sul;Outros;1;1;;;;;1
31/05/2014;12:30:00;311;sem vítima;148;BR-116/SP;Pista Sul;Abalroamento Longitudinal;1;4;;;;;1
31/05/2014;09:12:00;206;com vítima;182;BR-116/SP;Pista Norte;Colisão Traseira;1;1;2;;;;1
31/05/2014;15:31:00;420;com vítima;184,60000610351562;BR-116/RJ;Pista Sul;Atropelamento de Pedestre Atravessando;1;1;;;;1;3
31/05/2014;12:44:00;319;sem vítima;204,89999389648438;BR-116/SP;Pista Sul;Choque em Defensa;1;1;;;;;1
01/06/2014;05:45:00;73;sem vítima;152,89999389648438;BR-116/SP;Pista Sul;Abalroamento Longitudinal;1;6;;;;;1
01/06/2014;04:45:00;60;com vítima;155,3000030517578;BR-116/SP;Pista Sul;Atropelamento de Animal;1;6;1;;1;1;3
01/06/2014;14:07:00;290;com vítima;216,5;BR-116/SP;Pista Sul;Colisão Traseira;1;4;1;;;;1
01/06/2014;10:34:00;208;com vítima;225,60000610351562;BR-116/RJ;Pista Sul;Colisão Traseira;1;1;1;;;;1
01/06/2014;14:54:00;315;com vítima;272,3800048828125;BR-116/RJ;Pista Norte;Choque em Barreira New Jersey;1;0;;1;;;2
02/06/2014;12:36:00;344;sem vítima;125,0999984741211;BR-116/SP;Pista Sul;Tombamento;1;1;;;;;1
02/06/2014;10:55:00;292;com vítima;155,1999969482422;BR-116/SP;Pista Norte;Engavetamento;1;3;4;;;;1
02/06/2014;14:55:00;419;sem vítima;167,89999389648438;BR-116/RJ;Pista Norte;Abalroamento Longitudinal;2;3;;;;;1
02/06/2014;04:03:00;54;sem vítima;189,89999389648438;BR-116/RJ;Pista Norte;Abalroamento Longitudinal;2;3;;;;;1
02/06/2014;18:44:00;555;sem vítima;271,8999938964844;BR-116/RJ;Pista Norte;Abalroamento Longitudinal;2;2;;;;;1
02/06/2014;21:20:00;636;com vítima;328,29998779296875;BR-116/RJ;Pista Sul;Choque em Barreira New Jersey;1;0;;;1;;2
03/06/2014;06:34:00;97;sem vítima;28,899999618530273;BR-116/SP;Pista Sul;Queda de ribanceira;1;1;;;;;1
03/06/2014;08:33:00;191;com vítima;42,70000076293945;BR-116/SP;Pista Norte;Colisão Traseira;1;3;1;;;;1
03/06/2014;06:35:00;98;com vítima;145,8000030517578;BR-116/SP;Pista Sul;Abalroamento Longitudinal;1;1;1;;;;1
03/06/2014;14:06:00;421;com vítima;167,5;BR-116/RJ;Pista Norte;Engavetamento;1;2;1;;;;1
03/06/2014;07:12:00;123;sem vítima;181;BR-116/SP;Pista Norte;Choque em veículo parado na pista;1;3;;;;;1
03/06/2014;17:59:00;538;sem vítima;194;BR-116/SP;Pista Norte;Choque em objeto na pista;1;49;;;;;1
03/06/2014;09:14:00;228;com vítima;211,25;BR-116/SP;Pista Sul;Choque em objeto na pista;1;1;;1;;;2
03/06/2014;21:21:00;653;sem vítima;220,8000030517578;BR-116/SP;Pista Norte;Abalroamento Longitudinal;1;3;;;;;1
03/06/2014;20:33:00;627;sem vítima;246,1999969482422;BR-116/RJ;Pista Sul;Abalroamento Longitudinal;2;2;;;;;1
03/06/2014;11:13:00;328;sem vítima;262;BR-116/RJ;Pista Norte;Abalroamento Longitudinal;1;2;;;;;1
03/06/2014;22:25:00;683;sem vítima;296,6199951171875;BR-116/RJ;Pista Norte;Colisão Traseira;2;2;;;;;1
04/06/2014;02:14:00;29;sem vítima;89,0999984741211;BR-116/SP;Pista Sul;Choque em objeto na pista;1;1;;;;;1
04/06/2014;22:37:00;684;sem vítima;113;BR-116/SP;Pista Norte;Abalroamento Longitudinal;1;3;;;;;1
04/06/2014;18:29:00;549;sem vítima;161,1999969482422;BR-116/SP;Pista Norte;Abalroamento Longitudinal;1;2;;;;;1
04/06/2014;17:21:00;507;sem vítima;165;BR-116/SP;Pista Sul;Abalroamento Longitudinal;1;2;;;;;1
04/06/2014;15:49:00;445;sem vítima;167,1999969482422;BR-116/RJ;Pista Sul;Engavetamento;1;9;;;;;1
04/06/2014;09:06:00;216;sem vítima;178,3000030517578;BR-116/RJ;Pista Norte;Colisão Traseira;1;2;;;;;1
04/06/2014;16:21:00;468;com vítima;182,39999389648438;BR-116/SP;Pista Norte;Colisão Traseira;1;1;1;;;;1
04/06/2014;07:04:00;113;com vítima;184,6999969482422;BR-116/RJ;Pista Sul;Engavetamento;1;2;1;;;;1
04/06/2014;23:33:00;695;sem vítima;210;BR-116/SP;Pista Sul;Abalroamento Longitudinal;1;2;;;;;1
04/06/2014;11:29:00;315;com vítima;219,3000030517578;BR-116/RJ;Pista Norte;Tombamento;1;0;;;1;;2
04/06/2014;08:42:00;195;sem vítima;223,8000030517578;BR-116/RJ;Pista Norte;Choque Talude;1;1;;;;;1
04/06/2014;03:58:00;50;com vítima;243,6999969482422;BR-116/RJ;Pista Norte;Engavetamento;3;1;1;;1;;2
05/06/2014;20:56:00;680;sem vítima;64,94999694824219;BR-116/SP;Pista Sul;Engavetamento;1;4;;;;;1
05/06/2014;22:17:00;713;com vítima;164,8000030517578;BR-116/RJ;Pista Sul;Abalroamento Longitudinal;1;23;6;;;;1
05/06/2014;13:00:00;391;sem vítima;168,1999969482422;BR-116/RJ;Pista Sul;Engavetamento;1;3;;;;;1
05/06/2014;11:34:00;346;com vítima;175,8000030517578;BR-116/RJ;Pista Sul;Queda de moto;1;2;1;;;;1
05/06/2014;06:03:00;89;com vítima;181,60000610351562;BR-116/RJ;Pista Norte;Tombamento;1;1;1;;;;1
05/06/2014;12:01:00;362;sem vítima;193,39999389648438;BR-116/RJ;Pista Norte;Abalroamento Longitudinal;2;2;;;;;1
05/06/2014;17:52:00;563;com vítima;228,25;BR-116/SP;Pista Norte;Engavetamento;1;3;2;;;;1
05/06/2014;23:46:00;751;com vítima;257,6000061035156;BR-116/RJ;Pista Norte;Choque em veículo parado na pista;2;1;;1;;;2
05/06/2014;03:03:00;49;com vítima;280,3999938964844;BR-116/RJ;Pista Norte;Choque em objeto fixo;1;0;;;;1;3
05/06/2014;18:25:00;592;sem vítima;299,1000061035156;BR-116/RJ;Pista Sul;Engavetamento;1;4;;;;;1
05/06/2014;11:00:00;323;sem vítima;319;BR-116/RJ;Pista Sul;Abalroamento Longitudinal;1;2;;;;;1
06/06/2014;13:50:00;425;com vítima;30,700000762939453;BR-116/SP;Pista Norte;Colisão Traseira;1;1;1;;;;1
06/06/2014;06:53:00;114;sem vítima;104,5;BR-116/SP;Pista Norte;Abalroamento Longitudinal;1;4;;;;;1
06/06/2014;13:56:00;431;sem vítima;130,1999969482422;BR-116/SP;Pista Sul;Colisão Traseira;1;5;;;;;1
06/06/2014;20:33:00;676;sem vítima;155;BR-116/SP;Pista Norte;Choque em objeto na pista;1;4;;;;;1
06/06/2014;06:38:00;108;sem vítima;165,8000030517578;BR-116/RJ;Pista Norte;Abalroamento Longitudinal;1;76;;;;;1
06/06/2014;01:18:00;26;sem vítima;170,1999969482422;BR-116/RJ;Pista Sul;Colisão Traseira;1;2;;;;;1
06/06/2014;20:00:00;662;sem vítima;179,5;BR-116/SP;Pista Sul;Choque em Barreira New Jersey;1;1;;;;;1
06/06/2014;19:18:00;639;sem vítima;185,5500030517578;BR-116/RJ;Pista Sul;Colisão Traseira;1;2;;;;;1
06/06/2014;18:20:00;603;sem vítima;207,8000030517578;BR-116/SP;Pista Sul;Colisão Traseira;1;2;;;;;1
06/06/2014;11:17:00;330;sem vítima;217;BR-116/SP;Pista Sul;Abalroamento Longitudinal;1;2;;;;;1
06/06/2014;19:34:00;647;com vítima;222,60000610351562;BR-116/RJ;Pista Norte;Queda de moto;1;1;;;;1;3
06/06/2014;00:02:00;10;com vítima;227,1999969482422;BR-116/RJ;Pista Norte;Tombamento;1;0;;1;;;2
06/06/2014;09:13:00;250;sem vítima;265;BR-116/RJ;Pista Sul;Choque em Barreira New Jersey;1;1;;;;;1
07/06/2014;05:15:00;83;sem vítima;35,75;BR-116/SP;Pista Sul;Choque em Barreira New Jersey;1;1;;;;;1
07/06/2014;03:16:00;52;com vítima;135,3000030517578;BR-116/SP;Pista Sul;Colisão Traseira;1;1;;1;;;2
07/06/2014;08:33:00;175;sem vítima;147,3000030517578;BR-116/SP;Pista Sul;Abalroamento Longitudinal;1;49;;;;;1
07/06/2014;06:48:00;111;sem vítima;149,5;BR-116/SP;Pista Norte;Colisão Traseira;1;3;;;;;1
07/06/2014;12:11:00;313;sem vítima;176,60000610351562;BR-116/RJ;Pista Sul;Abalroamento Longitudinal;1;5;;;;;1
07/06/2014;06:54:00;113;com vítima;194,60000610351562;BR-116/SP;Pista Norte;Abalroamento Longitudinal;1;1;1;;;;1
07/06/2014;21:22:00;636;sem vítima;201,6999969482422;BR-116/RJ;Pista Sul;Colisão Traseira;1;4;;;;;1
07/06/2014;15:59:00;442;sem vítima;202,8000030517578;BR-116/SP;Pista Norte;Colisão Traseira;1;5;;;;;1
07/06/2014;08:58:00;197;com vítima;211;BR-116/SP;Pista Sul;Colisão Traseira;1;2;2;;;;1
07/06/2014;07:35:00;137;sem vítima;296,5;BR-116/RJ;Pista Sul;Abalroamento Longitudinal;1;2;;;;;1
07/06/2014;07:52:00;147;sem vítima;297,1000061035156;BR-116/RJ;Pista Norte;Choque em objeto fixo;1;1;;;;;1
07/06/2014;08:52:00;192;sem vítima;304;BR-116/RJ;Pista Norte;Colisão Traseira;1;2;;;;;1
08/06/2014;23:04:00;679;sem vítima;30,5;BR-116/SP;Pista Norte;Colisão Traseira;1;2;;;;;1
08/06/2014;12:54:00;319;sem vítima;102,19999694824219;BR-116/SP;Pista Norte;Abalroamento Longitudinal;1;2;;;;;1
08/06/2014;06:31:00;115;sem vítima;181,60000610351562;BR-116/RJ;Pista Norte;Abalroamento Longitudinal;1;2;;;;;1
09/06/2014;19:42:00;595;sem vítima;81,4000015258789;BR-116/SP;Pista Norte;Choque em objeto na pista;1;5;;;;;1
09/06/2014;12:17:00;351;sem vítima;181;BR-116/RJ;Pista Norte;Abalroamento Longitudinal;1;3;;;;;1
09/06/2014;06:58:00;97;sem vítima;210;BR-116/SP;Pista Sul;Colisão Traseira;1;2;;;;;1
09/06/2014;10:24:00;258;sem vítima;214,33999633789062;BR-116/RJ;Pista Norte;Queda de Carga;1;1;;;;;1
09/06/2014;14:08:00;407;com vítima;219,3000030517578;BR-116/RJ;Pista Norte;Tombamento;1;0;1;;;;1
09/06/2014;06:23:00;75;sem vítima;227,5;BR-116/RJ;Pista Norte;Abalroamento Longitudinal;1;2;;;;;1
09/06/2014;19:54:00;602;sem vítima;259,1000061035156;BR-116/RJ;Pista Norte;Colisão Traseira;2;2;;;;;1
09/06/2014;10:56:00;283;sem vítima;275,8699951171875;BR-116/RJ;Pista Norte;Abalroamento Longitudinal;2;2;;;;;1
09/06/2014;11:27:00;313;com vítima;319,5;BR-116/RJ;Pista Norte;Colisão Traseira;1;2;1;;;;1
10/06/2014;19:00:00;515;sem vítima;11,75;BR-116/SP;Pista Norte;Choque em Barreira New Jersey;2;7;;;;;1
10/06/2014;08:28:00;163;com vítima;24,799999237060547;BR-116/SP;Pista Norte;Choque em objeto fixo;1;0;;1;;;2
10/06/2014;18:01:00;476;sem vítima;157,5;BR-116/SP;Pista Sul;Abalroamento Longitudinal;1;4;;;;;1
10/06/2014;06:24:00;79;com vítima;163;BR-116/RJ;Pista Norte;Abalroamento Longitudinal;1;1;1;;;;1
10/06/2014;16:01:00;411;sem vítima;167,10000610351562;BR-116/RJ;Pista Norte;Colisão Traseira;1;2;;;;;1
10/06/2014;18:39:00;504;sem vítima;172,10000610351562;BR-116/RJ;Pista Sul;Abalroamento Longitudinal;1;3;;;;;1
10/06/2014;00:12:00;10;sem vítima;175,00999450683594;BR-116/RJ;Pista Sul;Choque em Barreira New Jersey;1;1;;;;;1
10/06/2014;15:30:00;395;sem vítima;176,3000030517578;BR-116/RJ;Pista Sul;Colisão Traseira;1;2;;;;;1
10/06/2014;18:32:00;498;com vítima;178,60000610351562;BR-116/RJ;Pista Sul;Engavetamento;1;2;3;;;;1
10/06/2014;14:06:00;349;sem vítima;182;BR-116/SP;Pista Norte;Colisão Traseira;1;2;;;;;1
10/06/2014;14:16:00;352;sem vítima;182,5;BR-116/RJ;Pista Norte;Abalroamento Longitudinal;1;2;;;;;1
10/06/2014;19:33:00;542;sem vítima;194,8000030517578;BR-116/RJ;Pista Norte;Colisão Traseira;1;2;;;;;1
10/06/2014;19:04:00;521;sem vítima;204,60000610351562;BR-116/RJ;Pista Sul;Colisão Traseira;1;2;;;;;1
10/06/2014;07:36:00;117;com vítima;212,8000030517578;BR-116/RJ;Pista Sul;Tombamento;1;0;1;;;;1
10/06/2014;17:24:00;458;sem vítima;219,1999969482422;BR-116/RJ;Pista Norte;Capotamento;1;1;;;;;1
10/06/2014;19:00:00;517;sem vítima;223,5;BR-116/RJ;Pista Norte;Choque em objeto fixo;1;1;;;;;1
10/06/2014;17:19:00;450;com vítima;275,6499938964844;BR-116/RJ;Pista Sul;Capotamento;1;1;1;;;;1
10/06/2014;10:33:00;242;com vítima;276;BR-116/RJ;Pista Norte;Engavetamento;1;9;1;;;;1
10/06/2014;05:28:00;65;sem vítima;278,3500061035156;BR-116/RJ;Pista Norte;Colisão Traseira;2;2;;;;;1
10/06/2014;00:57:00;23;com vítima;287,3999938964844;BR-116/RJ;Pista Sul;Tombamento;1;0;1;;;;1
11/06/2014;16:05:00;518;sem vítima;111,19999694824219;BR-116/SP;Pista Norte;Abalroamento Longitudinal;1;2;;;;;1
11/06/2014;18:37:00;602;com vítima;118,0999984741211;BR-116/SP;Pista Norte;Colisão Traseira;2;1;1;;;;1
11/06/2014;15:38:00;499;sem vítima;162;BR-116/SP;Pista Norte;Tombamento;1;1;;;;;1
11/06/2014;16:31:00;537;sem vítima;165;BR-116/SP;Pista Norte;Colisão Traseira;1;3;;;;;1
11/06/2014;10:47:00;318;sem vítima;165,1999969482422;BR-116/SP;Pista Norte;Colisão Traseira;2;2;;;;;1
11/06/2014;12:57:00;393;com vítima;175,4499969482422;BR-116/RJ;Pista Sul;Engavetamento;2;12;1;;;;1
11/06/2014;13:03:00;398;sem vítima;175,5;BR-116/RJ;Pista Sul;Colisão Traseira;1;2;;;;;1
11/06/2014;13:30:00;416;com vítima;175,5500030517578;BR-116/RJ;Pista Sul;Engavetamento;3;3;;1;;;2
11/06/2014;18:42:00;603;sem vítima;175,8000030517578;BR-116/RJ;Pista Sul;Colisão Traseira;1;5;;;;;1
11/06/2014;05:12:00;64;sem vítima;210,8000030517578;BR-116/SP;Pista Sul;Colisão Traseira;1;6;;;;;1
11/06/2014;21:45:00;722;com vítima;213,3000030517578;BR-116/SP;Pista Sul;Choque em Barreira New Jersey;1;4;1;;;;1
11/06/2014;20:02:00;664;com vítima;225,27999877929688;BR-116/RJ;Pista Norte;Colisão Traseira;2;1;1;;;;1
11/06/2014;08:31:00;201;sem vítima;227,6999969482422;BR-116/RJ;Pista Norte;Colisão Traseira;2;2;;;;;1
11/06/2014;02:35:00;41;sem vítima;257,45001220703125;BR-116/RJ;Pista Norte;Queda de ribanceira;1;2;;;;;1
11/06/2014;20:34:00;688;sem vítima;298,1000061035156;BR-116/RJ;Pista Sul;Colisão Traseira;1;3;;;;;1
11/06/2014;16:40:00;542;sem vítima;309,20001220703125;BR-116/RJ;Pista Sul;Abalroamento Longitudinal;1;4;;;;;1
12/06/2014;07:56:00;162;sem vítima;21,200000762939453;BR-116/SP;Pista Norte;Choque em Barreira New Jersey;1;1;;;;;1
12/06/2014;22:40:00;597;com vítima;211;BR-116/SP;Pista Norte;Choque em objeto fixo;1;2;1;;;;1
12/06/2014;20:32:00;535;sem vítima;218,1999969482422;BR-116/RJ;Pista Norte;Queda de Carga;1;1;;;;;1
12/06/2014;15:33:00;438;sem vítima;239,8000030517578;BR-116/RJ;Pista Sul;Abalroamento Longitudinal;1;2;;;;;1
12/06/2014;00:54:00;22;sem vítima;269,29998779296875;BR-116/RJ;Pista Norte;Choque em objeto na pista;1;1;;;;;1
12/06/2014;12:10:00;321;com vítima;275,6000061035156;BR-116/RJ;Pista Sul;Colisão Traseira;2;5;1;;;;1
12/06/2014;02:32:00;39;com vítima;330;BR-116/RJ;Pista Norte;Colisão Traseira;2;1;2;;;;1
13/06/2014;07:03:00;118;sem vítima;91,25;BR-116/SP;Pista Norte;Atropelamento de Animal;1;2;;;;;1
13/06/2014;09:18:00;234;com vítima;134,6999969482422;BR-116/SP;Pista Sul;Colisão Traseira;1;1;;2;;;2
13/06/2014;08:15:00;179;com vítima;145;BR-116/SP;Pista Norte;Colisão Traseira;3;2;1;;;;1
13/06/2014;05:30:00;82;sem vítima;157,8000030517578;BR-116/SP;Pista Norte;Colisão Traseira;1;2;;;;;1
13/06/2014;11:03:00;299;sem vítima;215,89999389648438;BR-116/SP;Pista Sul;Colisão Traseira;1;12;;;;;1
13/06/2014;13:18:00;363;sem vítima;224,60000610351562;BR-116/RJ;Pista Norte;Choque Talude;1;2;;;;;1
13/06/2014;13:40:00;370;sem vítima;225;BR-116/SP;Pista Norte;Abalroamento Longitudinal;1;2;;;;;1
13/06/2014;06:33:00;103;sem vítima;235;BR-116/RJ;Pista Norte;Abalroamento Longitudinal;1;36;;;;;1
14/06/2014;04:12:00;66;sem vítima;173,6999969482422;BR-116/SP;Pista Sul;Choque em objeto fixo;1;2;;;;;1
14/06/2014;00:49:00;22;sem vítima;191,39999389648438;BR-116/RJ;Pista Norte;Engavetamento;1;29;;;;;1
14/06/2014;11:26:00;239;sem vítima;207;BR-116/RJ;Pista Sul;Colisão Traseira;1;2;;;;;1
14/06/2014;14:26:00;345;sem vítima;224;BR-116/SP;Pista Norte;Engavetamento;1;3;;;;;1
14/06/2014;13:56:00;328;sem vítima;237,10000610351562;BR-116/RJ;Pista Sul;Abalroamento Longitudinal;1;3;;;;;1
15/06/2014;12:39:00;248;sem vítima;258;BR-116/RJ;Pista Norte;Queda de ribanceira;1;1;;;;;1
15/06/2014;19:33:00;483;sem vítima;297,70001220703125;BR-116/RJ;Pista Norte;Abalroamento Longitudinal;1;2;;;;;1
16/06/2014;10:32:00;337;sem vítima;163,89999389648438;BR-116/RJ;Pista Norte;Abalroamento Longitudinal;1;2;;;;;1
16/06/2014;11:43:00;394;sem vítima;175;BR-116/RJ;Pista Sul;Abalroamento Longitudinal;1;2;;;;;1
16/06/2014;07:54:00;203;sem vítima;185;BR-116/RJ;Pista Norte;Engavetamento;1;4;;;;;1
16/06/2014;22:44:00;737;sem vítima;230,5;BR-116/SP;Pista Sul;Colisão Traseira;2;2;;;;;1
16/06/2014;18:11:00;601;com vítima;278;BR-116/RJ;Pista Sul;Atropelamento de Pedestre Atravessando;1;2;;;;1;3
17/06/2014;14:47:00;430;sem vítima;156;BR-116/SP;Pista Sul;Engavetamento;2;8;;;;;1
17/06/2014;15:34:00;474;sem vítima;166,25;BR-116/RJ;Pista Sul;Colisão Traseira;1;5;;;;;1
17/06/2014;12:10:00;335;sem vítima;222,3000030517578;BR-116/RJ;Pista Norte;Colisão Traseira;2;2;;;;;1
17/06/2014;13:42:00;389;sem vítima;295,1000061035156;BR-116/RJ;Pista Sul;Colisão Traseira;1;3;;;;;1
17/06/2014;12:47:00;353;sem vítima;297,5;BR-116/RJ;Pista Sul;Engavetamento;2;4;;;;;1
18/06/2014;00:46:00;17;com vítima;22,149999618530273;BR-116/SP;Pista Sul;Tombamento;1;0;;1;;;2
18/06/2014;14:16:00;418;sem vítima;147,3000030517578;BR-116/SP;Pista Sul;Abalroamento Longitudinal;1;4;;;;;1
18/06/2014;18:33:00;592;sem vítima;163,6999969482422;BR-116/RJ;Pista Sul;Colisão Traseira;1;3;;;;;1
18/06/2014;16:50:00;520;sem vítima;194;BR-116/RJ;Pista Sul;Abalroamento Longitudinal;1;2;;;;;1
18/06/2014;11:48:00;339;sem vítima;206,89999389648438;BR-116/RJ;Pista Sul;Abalroamento Longitudinal;1;2;;;;;1
18/06/2014;10:21:00;278;com vítima;210,74000549316406;BR-116/SP;Pista Sul;Engavetamento;1;6;1;1;;;2
18/06/2014;13:04:00;382;sem vítima;214,4499969482422;BR-116/RJ;Pista Norte;Tombamento;1;1;;;;;1
18/06/2014;13:47:00;404;com vítima;219;BR-116/SP;Pista Norte;Colisão Traseira;1;2;1;;;;1
18/06/2014;11:20:00;323;com vítima;219,10000610351562;BR-116/SP;Pista Sul;Abalroamento Longitudinal;1;1;1;;;;1
18/06/2014;15:17:00;461;sem vítima;314;BR-116/RJ;Pista Sul;Abalroamento Longitudinal;1;2;;;;;1
19/06/2014;19:56:00;464;sem vítima;1,7999999523162842;BR-116/SP;Pista Sul;Tombamento;1;1;;;;;1
19/06/2014;13:21:00;295;sem vítima;98,80000305175781;BR-116/SP;Pista Sul;Choque em veículo parado na pista;1;4;;;;;1
19/06/2014;12:07:00;263;sem vítima;180,39999389648438;BR-116/SP;Pista Norte;Abalroamento Longitudinal;1;4;;;;;1
19/06/2014;03:17:00;44;sem vítima;182,3000030517578;BR-116/SP;Pista Norte;Choque em objeto fixo;1;1;;;;;1
19/06/2014;00:03:00;8;sem vítima;209,89999389648438;BR-116/SP;Pista Sul;Abalroamento Longitudinal;1;2;;;;;1
20/06/2014;22:56:00;628;sem vítima;166,1999969482422;BR-116/SP;Pista Norte;Choque em veículo parado na pista;2;2;;;;;1
20/06/2014;04:39:00;53;com vítima;203,8000030517578;BR-116/RJ;Pista Sul;Choque em objeto fixo;1;0;1;;;;1
20/06/2014;20:25:00;568;com vítima;219,6999969482422;BR-116/SP;Pista Norte;Abalroamento Longitudinal;1;2;2;;;;1
21/06/2014;02:42:00;40;sem vítima;52,29999923706055;BR-116/SP;Pista Sul;Colisão Traseira;2;2;;;;;1
21/06/2014;06:37:00;86;sem vítima;84,69999694824219;BR-116/SP;Pista Sul;Colisão Traseira;1;4;;;;;1
21/06/2014;08:23:00;154;sem vítima;111,5999984741211;BR-116/SP;Pista Norte;Abalroamento Longitudinal;1;2;;;;;1
21/06/2014;07:07:00;105;com vítima;216,8000030517578;BR-116/SP;Pista Sul;Abalroamento Longitudinal;1;3;1;;;;1
21/06/2014;18:46:00;457;com vítima;247,39999389648438;BR-116/RJ;Pista Sul;Choque Talude;1;0;;1;;;2
22/06/2014;01:21:00;26;sem vítima;35;BR-116/SP;Pista Sul;Abalroamento Longitudinal;1;3;;;;;1
22/06/2014;06:08:00;78;com vítima;120,02999877929688;BR-116/SP;Pista Sul;Colisão Traseira;1;1;;1;;;2
22/06/2014;19:27:00;492;sem vítima;186,89999389648438;BR-116/RJ;Pista Norte;Colisão Traseira;1;8;;;;;1
22/06/2014;21:03:00;535;sem vítima;207;BR-116/RJ;Pista Sul;Choque em objeto fixo;1;1;;;;;1
23/06/2014;08:21:00;186;sem vítima;173,5;BR-116/RJ;Pista Norte;Abalroamento Longitudinal;1;2;;;;;1
23/06/2014;16:37:00;466;sem vítima;176,39999389648438;BR-116/RJ;Pista Sul;Colisão Traseira;1;3;;;;;1
23/06/2014;11:29:00;312;sem vítima;204;BR-116/SP;Pista Norte;Colisão Traseira;1;2;;;;;1
23/06/2014;12:59:00;358;sem vítima;284,8999938964844;BR-116/RJ;Pista Norte;Colisão Traseira;1;2;;;;;1
23/06/2014;12:40:00;343;sem vítima;301,79998779296875;BR-116/RJ;Pista Sul;Colisão Traseira;1;9;;;;;1
24/06/2014;21:00:00;606;com vítima;126,5999984741211;BR-116/SP;Pista Norte;Choque em veículo parado na pista;1;1;2;;;;1
24/06/2014;23:52:00;669;sem vítima;165;BR-116/SP;Pista Norte;Colisão Traseira;2;2;;;;;1
24/06/2014;03:57:00;53;sem vítima;165,3000030517578;BR-116/RJ;Pista Norte;Choque em veículo parado na pista;1;2;;;;;1
24/06/2014;18:33:00;533;sem vítima;167,39999389648438;BR-116/SP;Pista Sul;Abalroamento Longitudinal;1;2;;;;;1
24/06/2014;07:44:00;143;sem vítima;179,89999389648438;BR-116/RJ;Pista Norte;Abalroamento Longitudinal;1;2;;;;;1
24/06/2014;03:59:00;56;com vítima;198,39999389648438;BR-116/SP;Pista Sul;Colisão Traseira;1;1;1;1;1;;2
24/06/2014;15:13:00;419;sem vítima;199,5500030517578;BR-116/SP;Pista Sul;Engavetamento;3;4;;;;;1
24/06/2014;20:25:00;590;sem vítima;210,8000030517578;BR-116/RJ;Pista Sul;Choque em objeto na pista;1;2;;;;;1
24/06/2014;08:47:00;197;com vítima;220,5;BR-116/RJ;Pista Norte;Tombamento;1;0;;1;;;2
24/06/2014;16:41:00;473;sem vítima;227,4499969482422;BR-116/RJ;Pista Norte;Colisão Traseira;1;2;;;;;1
24/06/2014;01:38:00;35;sem vítima;251,8000030517578;BR-116/RJ;Pista Sul;Choque em objeto fixo;1;1;;;;;1
24/06/2014;18:50:00;544;sem vítima;284,04998779296875;BR-116/RJ;Pista Norte;Choque em objeto na pista;1;1;;;;;1
25/06/2014;02:51:00;35;sem vítima;28,600000381469727;BR-116/SP;Pista Norte;Colisão Traseira;2;2;;;;;1
25/06/2014;15:14:00;452;com vítima;42,79999923706055;BR-116/SP;Pista Norte;Engavetamento;1;6;;1;;;2