data;horario;n_da_ocorrencia;tipo_de_ocorrencia;km;trecho;sentido;tipo_de_acidente;caminhao;ilesos;levemente_feridos;moderadamente_feridos;gravemente_feridos;mortos;3
11/08/2014;16:08:00;531;sem vítima;224,6999969482422;BR-116/RJ;Pista Norte;Colisão Traseira;2;2;;;;;1
12/08/2014;07:13:00;123;sem vítima;146,1999969482422;BR-116/SP;Pista Sul;Engavetamento;1;5;;;;;1
12/08/2014;17:32:00;586;com vítima;163,3000030517578;BR-116/RJ;Pista Sul;Atropelamento de Pedestre Atravessando;1;1;1;;;;1
12/08/2014;06:35:00;92;sem vítima;165;BR-116/SP;Pista Norte;Colisão Traseira;2;2;;;;;1
12/08/2014;05:23:00;66;sem vítima;187,89999389648438;BR-116/SP;Pista Norte;Choque em Defensa;1;1;;;;;1
12/08/2014;22:44:00;752;sem vítima;199,10000610351562;BR-116/SP;Pista Sul;Colisão Traseira;1;2;;;;;1
12/08/2014;16:53:00;553;sem vítima;258,6000061035156;BR-116/RJ;Pista Sul;Choque em objeto fixo;1;1;;;;;1
12/08/2014;17:22:00;579;sem vítima;277,20001220703125;BR-116/RJ;Pista Sul;Abalroamento Longitudinal;1;2;;;;;1
12/08/2014;02:38:00;39;sem vítima;279,6000061035156;BR-116/RJ;Pista Norte;Colisão Traseira;2;2;;;;;1
13/08/2014;05:57:00;67;sem vítima;24,100000381469727;BR-116/SP;Pista Norte;Abalroamento Longitudinal;2;2;;;;;1
13/08/2014;20:38:00;625;sem vítima;96,25;BR-116/SP;Pista Norte;Colisão Traseira;2;2;;;;;1
13/08/2014;07:53:00;155;sem vítima;106,19999694824219;BR-116/SP;Pista Norte;Choque em objeto na pista;1;2;;;;;1
13/08/2014;23:26:00;683;sem vítima;165,1999969482422;BR-116/SP;Pista Norte;Colisão Traseira;1;2;;;;;1
13/08/2014;04:13:00;46;sem vítima;178,89999389648438;BR-116/RJ;Pista Norte;Queda de Carga;1;1;;;;;1
13/08/2014;22:15:00;656;sem vítima;179;BR-116/SP;Pista Sul;Colisão Traseira;2;2;;;;;1
13/08/2014;07:26:00;123;sem vítima;180;BR-116/SP;Pista Sul;Colisão Traseira;1;2;;;;;1
13/08/2014;15:41:00;464;sem vítima;204;BR-116/SP;Pista Sul;Colisão Traseira;1;2;;;;;1
13/08/2014;20:24:00;610;sem vítima;208;BR-116/RJ;Pista Sul;Choque em veículo parado na pista;1;1;;;;;1
13/08/2014;22:16:00;658;com vítima;210,39999389648438;BR-116/SP;Pista Norte;Engavetamento;1;3;1;;;;1
13/08/2014;12:13:00;343;sem vítima;215,6999969482422;BR-116/SP;Pista Sul;Abalroamento Longitudinal;1;2;;;;;1
13/08/2014;06:39:00;88;sem vítima;222,60000610351562;BR-116/RJ;Pista Norte;Choque em objeto fixo;1;1;;;;;1
13/08/2014;07:02:00;104;com vítima;270,29998779296875;BR-116/RJ;Pista Norte;Colisão Traseira;1;1;1;;;;1
14/08/2014;09:45:00;223;sem vítima;102,5999984741211;BR-116/SP;Pista Norte;Colisão Traseira;1;2;;;;;1
14/08/2014;09:04:00;202;com vítima;129,4499969482422;BR-116/SP;Pista Sul;Atropelamento de Pedestre Caminhando;1;1;;;1;;2
14/08/2014;15:40:00;416;sem vítima;147,3000030517578;BR-116/SP;Pista Norte;Abalroamento Longitudinal;1;2;;;;;1
14/08/2014;18:30:00;522;com vítima;150,3000030517578;BR-116/SP;Pista Norte;Engavetamento;1;7;1;;;;1
14/08/2014;04:01:00;50;sem vítima;166,3000030517578;BR-116/RJ;Pista Norte;Choque em Defensa;1;1;;;;;1
14/08/2014;06:14:00;88;sem vítima;171,60000610351562;BR-116/SP;Pista Norte;Colisão Traseira;2;2;;;;;1
14/08/2014;05:07:00;63;sem vítima;197,60000610351562;BR-116/SP;Pista Sul;Tombamento;1;1;;;;;1
14/08/2014;13:16:00;342;sem vítima;212,10000610351562;BR-116/SP;Pista Sul;Abalroamento Longitudinal;1;5;;;;;1
14/08/2014;05:02:00;62;sem vítima;220,42999267578125;BR-116/RJ;Pista Norte;Tombamento;1;1;;;;;1
14/08/2014;18:22:00;519;sem vítima;243;BR-116/RJ;Pista Norte;Colisão Traseira;1;2;;;;;1
14/08/2014;05:44:00;75;sem vítima;272,6000061035156;BR-116/RJ;Pista Sul;Choque em Barreira New Jersey;1;2;;;;;1
14/08/2014;13:57:00;361;sem vítima;275,6000061035156;BR-116/RJ;Pista Sul;Queda de Carga;1;1;;;;;1
15/08/2014;20:14:00;662;sem vítima;67,0999984741211;BR-116/SP;Pista Sul;Atropelamento de Animal;1;1;;;;;1
15/08/2014;09:11:00;232;sem vítima;149;BR-116/SP;Pista Norte;Engavetamento;2;4;;;;;1
15/08/2014;09:53:00;265;sem vítima;159,75;BR-116/SP;Pista Sul;Choque em Defensa;1;2;;;;;1
15/08/2014;18:54:00;618;sem vítima;175,10000610351562;BR-116/RJ;Pista Sul;Abalroamento Longitudinal;1;2;;;;;1
15/08/2014;11:16:00;335;sem vítima;178,6999969482422;BR-116/RJ;Pista Norte;Abalroamento Longitudinal;1;3;;;;;1
15/08/2014;15:20:00;489;sem vítima;183,8000030517578;BR-116/RJ;Pista Sul;Colisão Traseira;1;2;;;;;1
15/08/2014;08:33:00;206;sem vítima;217,8000030517578;BR-116/RJ;Pista Norte;Colisão Traseira;1;2;;;;;1
15/08/2014;08:09:00;183;sem vítima;225,02999877929688;BR-116/RJ;Pista Norte;Choque Talude;1;1;;;;;1
15/08/2014;13:40:00;438;com vítima;225,39999389648438;BR-116/SP;Pista Norte;Colisão Traseira;2;3;;1;;;2
15/08/2014;18:56:00;619;sem vítima;296,29998779296875;BR-116/RJ;Pista Sul;Queda de Carga;2;2;;;;;1
15/08/2014;16:05:00;518;sem vítima;296,79998779296875;BR-116/RJ;Pista Sul;Abalroamento Longitudinal;1;2;;;;;1
16/08/2014;22:53:00;616;com vítima;114,5;BR-116/SP;Pista Norte;Abalroamento Longitudinal;1;4;1;;;;1
16/08/2014;01:45:00;32;com vítima;168,9499969482422;BR-116/SP;Pista Sul;Colisão Traseira;2;1;;;1;;2
16/08/2014;09:46:00;228;sem vítima;169,5;BR-116/RJ;Pista Norte;Colisão Traseira;1;4;;;;;1
16/08/2014;18:25:00;504;sem vítima;180;BR-116/SP;Pista Sul;Abalroamento Longitudinal;1;5;;;;;1
16/08/2014;02:50:00;50;sem vítima;299,20001220703125;BR-116/RJ;Pista Norte;Colisão Traseira;1;2;;;;;1
17/08/2014;19:03:00;478;sem vítima;101,30000305175781;BR-116/SP;Pista Norte;Abalroamento Longitudinal;1;4;;;;;1
17/08/2014;23:40:00;577;com vítima;240,89999389648438;BR-116/RJ;Pista Norte;Capotamento;1;0;;;;2;3
17/08/2014;20:01:00;499;com vítima;294,6000061035156;BR-116/RJ;Pista Sul;Colisão Traseira;1;1;1;;;;1
18/08/2014;15:14:00;467;sem vítima;107;BR-116/SP;Pista Sul;Abalroamento Longitudinal;1;3;;;;;1
18/08/2014;02:34:00;36;com vítima;146,60000610351562;BR-116/SP;Pista Sul;Tombamento;1;0;2;;;;1
18/08/2014;22:57:00;721;sem vítima;165;BR-116/SP;Pista Norte;Colisão Traseira;2;2;;;;;1
18/08/2014;07:58:00;171;com vítima;201,3000030517578;BR-116/SP;Pista Norte;Choque em Barreira New Jersey;1;1;2;;;;1
18/08/2014;13:54:00;412;sem vítima;221;BR-116/SP;Pista Norte;Abalroamento Longitudinal;1;2;;;;;1
18/08/2014;07:04:00;125;sem vítima;223,3000030517578;BR-116/SP;Pista Norte;Engavetamento;1;4;;;;;1
18/08/2014;17:23:00;552;sem vítima;298,3999938964844;BR-116/RJ;Pista Norte;Colisão Traseira;1;7;;;;;1
19/08/2014;11:56:00;357;sem vítima;37,599998474121094;BR-116/SP;Pista Norte;Colisão Traseira;1;2;;;;;1
19/08/2014;23:16:00;701;sem vítima;65,30000305175781;BR-116/SP;Pista Norte;Choque em veículo parado na pista;3;7;;;;;1
19/08/2014;17:08:00;527;sem vítima;141,6999969482422;BR-116/SP;Pista Norte;Engavetamento;1;4;;;;;1
19/08/2014;15:43:00;471;sem vítima;146,8000030517578;BR-116/SP;Pista Norte;Abalroamento Longitudinal;1;4;;;;;1
19/08/2014;08:54:00;235;sem vítima;167,0500030517578;BR-116/RJ;Pista Norte;Colisão Traseira;1;2;;;;;1
19/08/2014;02:45:00;46;sem vítima;168,67999267578125;BR-116/SP;Pista Sul;Colisão Traseira;1;2;;;;;1
19/08/2014;15:01:00;448;sem vítima;180,39999389648438;BR-116/RJ;Pista Norte;Abalroamento Longitudinal;1;2;;;;;1
19/08/2014;13:34:00;399;sem vítima;184,5;BR-116/SP;Pista Sul;Choque em Defensa;1;1;;;;;1
19/08/2014;00:17:00;15;sem vítima;199,10000610351562;BR-116/SP;Pista Sul;Colisão Traseira;1;2;;;;;1
19/08/2014;07:01:00;116;sem vítima;217,5;BR-116/RJ;Pista Sul;Colisão Traseira;2;2;;;;;1
20/08/2014;04:06:00;66;com vítima;35;BR-116/SP;Pista Norte;Abalroamento Longitudinal;1;1;1;;;;1
20/08/2014;18:45:00;637;sem vítima;139,39999389648438;BR-116/SP;Pista Norte;Abalroamento Longitudinal;1;2;;;;;1
20/08/2014;07:16:00;121;sem vítima;155,1999969482422;BR-116/SP;Pista Sul;Abalroamento Longitudinal;1;2;;;;;1
20/08/2014;06:51:00;104;com vítima;180,89999389648438;BR-116/SP;Pista Sul;Colisão Traseira;2;2;1;;;;1
20/08/2014;23:16:00;774;sem vítima;192,60000610351562;BR-116/SP;Pista Norte;Outros;1;1;;;;;1
20/08/2014;06:32:00;97;com vítima;199,3000030517578;BR-116/RJ;Pista Sul;Abalroamento Longitudinal;1;19;2;2;3;;2
20/08/2014;13:58:00;434;sem vítima;209,8000030517578;BR-116/SP;Pista Sul;Colisão Traseira;1;2;;;;;1
20/08/2014;12:05:00;370;sem vítima;211,6999969482422;BR-116/SP;Pista Sul;Abalroamento Longitudinal;1;2;;;;;1
20/08/2014;19:27:00;675;com vítima;256,1000061035156;BR-116/RJ;Pista Sul;Colisão Traseira;2;1;1;;;;1
20/08/2014;11:39:00;355;sem vítima;278,5;BR-116/RJ;Pista Norte;Colisão Traseira;1;2;;;;;1
20/08/2014;19:04:00;653;sem vítima;293,5;BR-116/RJ;Pista Norte;Abalroamento Longitudinal;2;2;;;;;1
20/08/2014;22:39:00;763;sem vítima;305,70001220703125;BR-116/RJ;Pista Norte;Choque em objeto na pista;1;2;;;;;1
21/08/2014;20:26:00;717;com vítima;99,69999694824219;BR-116/SP;Pista Sul;Abalroamento Longitudinal;2;2;1;;;;1
21/08/2014;00:30:00;12;com vítima;111,5;BR-116/SP;Pista Norte;Colisão Traseira;1;2;1;;;;1
21/08/2014;07:17:00;138;sem vítima;196,5;BR-116/SP;Pista Norte;Atropelamento de Animal;1;1;;;;;1
21/08/2014;06:03:00;88;sem vítima;212,3000030517578;BR-116/SP;Pista Sul;Engavetamento;1;6;;;;;1
21/08/2014;22:12:00;764;sem vítima;223,0500030517578;BR-116/RJ;Pista Norte;Queda de Carga;1;2;;;;;1
21/08/2014;05:13:00;76;sem vítima;228,1999969482422;BR-116/RJ;Pista Norte;Choque em Barreira New Jersey;1;1;;;;;1
21/08/2014;07:16:00;136;sem vítima;319;BR-116/RJ;Pista Sul;Colisão Traseira;1;2;;;;;1
22/08/2014;07:07:00;121;com vítima;85;BR-116/SP;Pista Norte;Tombamento;1;0;;;1;;2
22/08/2014;06:01:00;86;com vítima;185,60000610351562;BR-116/SP;Pista Sul;Capotamento;1;0;1;;;;1
22/08/2014;00:49:00;19;sem vítima;209;BR-116/RJ;Pista Sul;Choque em veículo parado na pista;2;2;;;;;1
22/08/2014;09:53:00;265;sem vítima;219,1999969482422;BR-116/SP;Pista Norte;Abalroamento Longitudinal;1;3;;;;;1
22/08/2014;22:06:00;760;com vítima;223,3000030517578;BR-116/RJ;Pista Norte;Colisão Traseira;2;1;;;;1;3
22/08/2014;18:49:00;642;sem vítima;255,6699981689453;BR-116/RJ;Pista Sul;Choque em objeto fixo;1;2;;;;;1
22/08/2014;22:06:00;761;sem vítima;290,8999938964844;BR-116/RJ;Pista Norte;Abalroamento Longitudinal;2;2;;;;;1
23/08/2014;09:56:00;250;com vítima;51,20000076293945;BR-116/SP;Pista Norte;Choque em veículo parado na pista;2;1;;1;;;2
23/08/2014;05:01:00;86;com vítima;155,8000030517578;BR-116/SP;Pista Sul;Atropelamento de Pedestre Atravessando;1;1;;;1;;2
23/08/2014;04:29:00;78;sem vítima;174,3000030517578;BR-116/SP;Pista Norte;Colisão Traseira;2;2;;;;;1
23/08/2014;05:30:00;96;com vítima;178,39999389648438;BR-116/RJ;Pista Norte;Engavetamento;1;3;1;1;;;2
23/08/2014;07:41:00;163;com vítima;224,3000030517578;BR-116/RJ;Pista Sul;Abalroamento Longitudinal;1;1;1;;;;1
23/08/2014;04:51:00;83;com vítima;298,20001220703125;BR-116/RJ;Pista Norte;Queda de moto;1;2;;;1;;2
24/08/2014;14:33:00;339;sem vítima;275,3999938964844;BR-116/RJ;Pista Norte;Choque em Barreira New Jersey;1;1;;;;;1
24/08/2014;22:52:00;672;sem vítima;275,3999938964844;BR-116/RJ;Pista Sul;Choque em objeto na pista;1;2;;;;;1
24/08/2014;18:20:00;505;sem vítima;318,8999938964844;BR-116/RJ;Pista Sul;Colisão Traseira;1;2;;;;;1
25/08/2014;05:17:00;74;com vítima;65,55000305175781;BR-116/SP;Pista Sul;Colisão Traseira;2;2;;1;;;2
25/08/2014;20:48:00;723;sem vítima;157,60000610351562;BR-116/SP;Pista Norte;Abalroamento Longitudinal;3;4;;;;;1
25/08/2014;07:25:00;147;sem vítima;163;BR-116/RJ;Pista Norte;Colisão Traseira;1;5;;;;;1
25/08/2014;08:55:00;226;sem vítima;208;BR-116/RJ;Pista Sul;Colisão Traseira;1;3;;;;;1
25/08/2014;14:01:00;460;com vítima;222,10000610351562;BR-116/RJ;Pista Norte;Tombamento;1;0;1;;;;1
25/08/2014;23:15:00;788;com vítima;222,3000030517578;BR-116/SP;Pista Norte;Abalroamento Longitudinal;1;1;1;;;;1
25/08/2014;12:53:00;415;com vítima;223,14999389648438;BR-116/RJ;Pista Norte;Choque Talude;1;0;1;;;;1
25/08/2014;15:20:00;513;sem vítima;226,25;BR-116/RJ;Pista Sul;Choque Talude;1;1;;;;;1
25/08/2014;18:32:00;646;sem vítima;279;BR-116/RJ;Pista Norte;Colisão Traseira;1;2;;;;;1
26/08/2014;00:59:00;22;sem vítima;42,70000076293945;BR-116/SP;Pista Norte;Colisão Traseira;2;3;;;;;1
26/08/2014;00:16:00;10;sem vítima;191,89999389648438;BR-116/RJ;Pista Sul;Colisão Traseira;1;3;;;;;1
26/08/2014;23:55:00;748;sem vítima;202,14999389648438;BR-116/RJ;Pista Norte;Choque em objeto na pista;1;1;;;;;1
26/08/2014;11:30:00;332;sem vítima;214,1999969482422;BR-116/RJ;Pista Sul;Abalroamento Longitudinal;1;1;;;;;1
26/08/2014;15:43:00;487;sem vítima;282;BR-116/RJ;Pista Norte;Colisão Traseira;2;2;;;;;1
27/08/2014;18:58:00;606;com vítima;112,9000015258789;BR-116/SP;Pista Sul;Capotamento;1;1;1;;;;1
27/08/2014;08:16:00;207;com vítima;147,10000610351562;BR-116/SP;Pista Norte;Colisão Traseira;2;1;;1;;;2
27/08/2014;15:40:00;487;sem vítima;149;BR-116/SP;Pista Norte;Colisão Traseira;2;3;;;;;1
27/08/2014;11:36:00;369;sem vítima;158,5;BR-116/SP;Pista Norte;Colisão Traseira;2;2;;;;;1
27/08/2014;11:56:00;381;com vítima;160,6999969482422;BR-116/SP;Pista Norte;Engavetamento;3;3;;;2;;2
27/08/2014;08:49:00;241;sem vítima;160,8000030517578;BR-116/SP;Pista Norte;Abalroamento Longitudinal;1;2;;;;;1
27/08/2014;05:53:00;85;sem vítima;222,1999969482422;BR-116/SP;Pista Norte;Engavetamento;1;10;;;;;1
27/08/2014;09:29:00;281;sem vítima;226,3000030517578;BR-116/SP;Pista Sul;Colisão Traseira;1;2;;;;;1
27/08/2014;10:43:00;337;sem vítima;226,3000030517578;BR-116/SP;Pista Sul;Colisão Traseira;1;2;;;;;1
27/08/2014;08:31:00;221;sem vítima;230,1999969482422;BR-116/SP;Pista Sul;Colisão Traseira;1;5;;;;;1
27/08/2014;16:16:00;510;com vítima;266,70001220703125;BR-116/RJ;Pista Sul;Choque em Barreira New Jersey;2;1;;3;1;;2
27/08/2014;18:16:00;582;com vítima;276,6000061035156;BR-116/RJ;Pista Norte;Colisão Traseira;1;1;1;;;;1
28/08/2014;05:21:00;60;sem vítima;165,1999969482422;BR-116/RJ;Pista Norte;Colisão Traseira;1;2;;;;;1
28/08/2014;19:26:00;576;sem vítima;176,0500030517578;BR-116/RJ;Pista Sul;Abalroamento Longitudinal;1;2;;;;;1
28/08/2014;15:23:00;434;sem vítima;176,5;BR-116/RJ;Pista Sul;Colisão Traseira;1;2;;;;;1
28/08/2014;17:52:00;524;sem vítima;177,60000610351562;BR-116/RJ;Pista Sul;Abalroamento Longitudinal;1;2;;;;;1
28/08/2014;19:53:00;588;sem vítima;177,8000030517578;BR-116/RJ;Pista Norte;Abalroamento Longitudinal;1;5;;;;;1
28/08/2014;10:09:00;264;sem vítima;205;BR-116/SP;Pista Sul;Colisão Traseira;1;2;;;;;1
28/08/2014;12:45:00;355;sem vítima;207,10000610351562;BR-116/RJ;Pista Norte;Colisão Traseira;1;2;;;;;1
28/08/2014;07:54:00;142;sem vítima;218,89999389648438;BR-116/SP;Pista Sul;Abalroamento Longitudinal;1;2;;;;;1
28/08/2014;11:55:00;327;com vítima;277,70001220703125;BR-116/RJ;Pista Sul;Colisão Traseira;1;1;1;;;;1
28/08/2014;02:54:00;33;com vítima;291,54998779296875;BR-116/RJ;Pista Sul;Colisão Traseira;1;1;;1;;;2
29/08/2014;01:57:00;31;com vítima;41,45000076293945;BR-116/SP;Pista Sul;Colisão Traseira;2;1;2;;;1;3
29/08/2014;13:34:00;392;sem vítima;86,94999694824219;BR-116/SP;Pista Norte;Choque em Barreira New Jersey;1;1;;;;;1
29/08/2014;17:31:00;529;sem vítima;165,1999969482422;BR-116/SP;Pista Norte;Colisão Traseira;1;3;;;;;1
29/08/2014;06:15:00;87;com vítima;219,5500030517578;BR-116/RJ;Pista Norte;Queda de ribanceira;1;0;1;;;;1
29/08/2014;02:56:00;35;com vítima;222,9499969482422;BR-116/RJ;Pista Norte;Queda de ribanceira;2;0;2;;;;1
29/08/2014;01:42:00;28;sem vítima;226,8000030517578;BR-116/RJ;Pista Norte;Abalroamento Longitudinal;1;2;;;;;1
29/08/2014;10:47:00;303;sem vítima;310,9800109863281;BR-116/RJ;Pista Sul;Colisão Traseira;2;2;;;;;1
30/08/2014;03:33:00;76;com vítima;137,3000030517578;BR-116/SP;Pista Norte;Colisão Traseira;1;48;3;;;;1
30/08/2014;16:06:00;497;sem vítima;170,8000030517578;BR-116/RJ;Pista Norte;Choque em Barreira New Jersey;1;1;;;;;1
30/08/2014;17:19:00;541;sem vítima;182;BR-116/SP;Pista Norte;Colisão Traseira;1;3;;;;;1
30/08/2014;00:40:00;21;sem vítima;198,6999969482422;BR-116/SP;Pista Sul;Colisão Traseira;1;2;;;;;1
30/08/2014;22:09:00;647;sem vítima;211,6999969482422;BR-116/SP;Pista Sul;Abalroamento Longitudinal;1;7;;;;;1
30/08/2014;15:55:00;485;sem vítima;220;BR-116/SP;Pista Norte;Abalroamento Longitudinal;1;66;;;;;1
30/08/2014;04:40:00;92;com vítima;228,10000610351562;BR-116/SP;Pista Norte;Engavetamento;1;3;1;;;;1
30/08/2014;01:08:00;28;sem vítima;244,4499969482422;BR-116/RJ;Pista Norte;Colisão Traseira;2;2;;;;;1
30/08/2014;06:38:00;137;sem vítima;254,97000122070312;BR-116/RJ;Pista Sul;Abalroamento Longitudinal;1;5;;;;;1
30/08/2014;06:34:00;135;com vítima;293,3500061035156;BR-116/RJ;Pista Norte;Colisão Traseira;1;1;2;;;;1
31/08/2014;18:20:00;505;sem vítima;207,6999969482422;BR-116/SP;Pista Sul;Colisão Traseira;1;6;;;;;1
01/09/2014;22:20:00;701;sem vítima;56,79999923706055;BR-116/SP;Pista Norte;Abalroamento Longitudinal;1;2;;;;;1
01/09/2014;05:40:00;66;sem vítima;103,4000015258789;BR-116/SP;Pista Sul;Colisão Traseira;2;3;;;;;1
01/09/2014;07:02:00;116;sem vítima;164,5;BR-116/RJ;Pista Norte;Colisão Traseira;1;5;;;;;1
01/09/2014;15:18:00;475;sem vítima;184,3000030517578;BR-116/RJ;Pista Norte;Engavetamento;1;7;;;;;1
01/09/2014;10:32:00;311;sem vítima;187,6999969482422;BR-116/SP;Pista Sul;Queda de Carga;1;1;;;;;1
01/09/2014;08:42:00;204;sem vítima;212,3800048828125;BR-116/SP;Pista Sul;Colisão Traseira;1;2;;;;;1
01/09/2014;05:00:00;54;sem vítima;228;BR-116/SP;Pista Norte;Choque em Defensa;1;43;;;;;1
01/09/2014;14:49:00;455;com vítima;303,8999938964844;BR-116/RJ;Pista Norte;Abalroamento Longitudinal;1;1;1;;;;1
02/09/2014;10:33:00;287;sem vítima;87,9000015258789;BR-116/SP;Pista Norte;Choque em objeto fixo;1;1;;;;;1
02/09/2014;11:07:00;302;sem vítima;87,9000015258789;BR-116/SP;Pista Sul;Colisão Traseira;2;2;;;;;1
02/09/2014;23:46:00;722;sem vítima;102,5;BR-116/SP;Pista Norte;Choque em objeto na pista;1;4;;;;;1
02/09/2014;19:26:00;611;com vítima;165,3000030517578;BR-116/RJ;Pista Norte;Abalroamento Longitudinal;1;1;7;;;;1
02/09/2014;15:47:00;470;sem vítima;176,8000030517578;BR-116/RJ;Pista Norte;Colisão Traseira;2;4;;;;;1
02/09/2014;20:04:00;633;sem vítima;179,9499969482422;BR-116/RJ;Pista Norte;Colisão Traseira;1;2;;;;;1
02/09/2014;01:27:00;25;sem vítima;198,10000610351562;BR-116/SP;Pista Sul;Colisão Traseira;2;2;;;;;1
02/09/2014;06:15:00;72;sem vítima;216,1999969482422;BR-116/SP;Pista Sul;Engavetamento;2;5;;;;;1
02/09/2014;08:29:00;188;sem vítima;301,69000244140625;BR-116/RJ;Pista Norte;Abalroamento Longitudinal;2;2;;;;;1
03/09/2014;05:52:00;90;com vítima;17,700000762939453;BR-116/SP;Pista Norte;Outros;1;0;1;;;;1
03/09/2014;10:38:00;316;com vítima;138,6999969482422;BR-116/SP;Pista Norte;Colisão Traseira;1;1;1;1;;;2
03/09/2014;07:23:00;156;com vítima;154,8000030517578;BR-116/SP;Pista Sul;Engavetamento;2;2;1;;;;1
03/09/2014;11:14:00;343;sem vítima;161;BR-116/SP;Pista Norte;Queda de Carga;1;1;;;;;1
03/09/2014;07:27:00;159;sem vítima;164,8000030517578;BR-116/RJ;Pista Norte;Colisão Traseira;1;3;;;;;1
03/09/2014;14:27:00;470;com vítima;177,3000030517578;BR-116/SP;Pista Norte;Colisão Traseira;1;5;;1;;;2
03/09/2014;06:59:00;134;sem vítima;192,3000030517578;BR-116/RJ;Pista Sul;Colisão Traseira;2;3;;;;;1
03/09/2014;02:02:00;35;sem vítima;193,47999572753906;BR-116/SP;Pista Norte;Queda de ribanceira;1;1;;;;;1
03/09/2014;17:45:00;612;com vítima;193,75;BR-116/RJ;Pista Sul;Abalroamento Longitudinal;1;1;1;;;;1
03/09/2014;06:04:00;99;sem vítima;198,1999969482422;BR-116/SP;Pista Sul;Abalroamento Longitudinal;1;3;;;;;1
03/09/2014;04:49:00;72;sem vítima;223,60000610351562;BR-116/RJ;Pista Sul;Choque em objeto fixo;1;1;;;;;1
03/09/2014;15:30:00;526;sem vítima;227;BR-116/SP;Pista Sul;Abalroamento Longitudinal;2;7;;;;;1
03/09/2014;06:37:00;116;sem vítima;266,6000061035156;BR-116/RJ;Pista Norte;Colisão Traseira;1;4;;;;;1
03/09/2014;03:09:00;55;sem vítima;301,3999938964844;BR-116/RJ;Pista Sul;Choque em objeto fixo;1;1;;;;;1
03/09/2014;22:30:00;761;sem vítima;318,8999938964844;BR-116/RJ;Pista Norte;Colisão Traseira;2;2;;;;;1
04/09/2014;03:14:00;51;sem vítima;25,25;BR-116/SP;Pista Norte;Colisão Traseira;2;2;;;;;1
04/09/2014;06:38:00;110;sem vítima;31,5;BR-116/SP;Pista Norte;Colisão Traseira;2;2;;;;;1
04/09/2014;08:43:00;220;sem vítima;86,94999694824219;BR-116/SP;Pista Norte;Outros;1;3;;;;;1
04/09/2014;05:57:00;87;sem vítima;93,80000305175781;BR-116/SP;Pista Norte;Atropelamento de Animal;1;1;;;;;1
04/09/2014;09:18:00;255;sem vítima;165;BR-116/SP;Pista Sul;Choque em objeto fixo;1;1;;;;;1
04/09/2014;08:50:00;224;sem vítima;165,1999969482422;BR-116/SP;Pista Sul;Colisão Traseira;2;2;;;;;1
04/09/2014;06:28:00;104;sem vítima;172,1999969482422;BR-116/SP;Pista Norte;Colisão Traseira;2;3;;;;;1
04/09/2014;05:04:00;74;sem vítima;188,0500030517578;BR-116/RJ;Pista Sul;Colisão Traseira;1;2;;;;;1
04/09/2014;23:47:00;773;com vítima;189,9499969482422;BR-116/RJ;Pista Sul;Abalroamento Longitudinal;1;28;13;4;;1;3
04/09/2014;09:47:00;282;com vítima;209,5;BR-116/SP;Pista Norte;Tombamento;1;0;1;;;;1
04/09/2014;08:42:00;218;sem vítima;224,5;BR-116/RJ;Pista Norte;Choque em Barreira New Jersey;1;1;;;;;1
04/09/2014;16:51:00;557;com vítima;230,10000610351562;BR-116/SP;Pista Norte;Colisão Traseira;2;2;;1;;;2
04/09/2014;17:37:00;583;sem vítima;252,10000610351562;BR-116/RJ;Pista Sul;Colisão Traseira;1;4;;;;;1
04/09/2014;21:18:00;719;sem vítima;257;BR-116/RJ;Pista Sul;Abalroamento Longitudinal;2;2;;;;;1
05/09/2014;06:17:00;85;sem vítima;139;BR-116/SP;Pista Sul;Choque em objeto na pista;1;6;;;;;1
05/09/2014;15:03:00;450;com vítima;140,3000030517578;BR-116/SP;Pista Sul;Engavetamento;2;9;2;;;;1
05/09/2014;06:29:00;93;sem vítima;165;BR-116/SP;Pista Norte;Choque em objeto fixo;1;1;;;;;1
05/09/2014;18:37:00;602;sem vítima;165,3000030517578;BR-116/SP;Pista Norte;Colisão Traseira;2;2;;;;;1
05/09/2014;14:19:00;423;sem vítima;169;BR-116/RJ;Pista Norte;Colisão Traseira;1;2;;;;;1