data;horario;n_da_ocorrencia;tipo_de_ocorrencia;km;trecho;sentido;tipo_de_acidente;caminhao;ilesos;levemente_feridos;moderadamente_feridos;gravemente_feridos;mortos;3
05/09/2014;10:52:00;302;sem vítima;182;BR-116/SP;Pista Norte;Colisão Traseira;1;2;;;;;1
05/09/2014;05:06:00;63;sem vítima;196,8000030517578;BR-116/RJ;Pista Sul;Engavetamento;1;3;;;;;1
05/09/2014;14:06:00;419;com vítima;198,5;BR-116/RJ;Pista Norte;Choque em Defensa;1;1;;1;;;2
05/09/2014;23:17:00;762;sem vítima;219,89999389648438;BR-116/SP;Pista Norte;Abalroamento Longitudinal;2;3;;;;;1
05/09/2014;06:37:00;101;com vítima;223,3000030517578;BR-116/RJ;Pista Norte;Choque Talude;2;2;1;;;;1
05/09/2014;09:40:00;240;sem vítima;227,75;BR-116/SP;Pista Sul;Engavetamento;1;4;;;;;1
05/09/2014;23:42:00;773;com vítima;230,8000030517578;BR-116/RJ;Pista Sul;Choque em Barreira New Jersey;1;1;1;;;;1
05/09/2014;09:40:00;239;com vítima;233,5;BR-116/RJ;Pista Norte;Choque em veículo parado na pista;1;1;1;;;;1
05/09/2014;16:21:00;497;sem vítima;269,3999938964844;BR-116/RJ;Pista Norte;Colisão Traseira;1;2;;;;;1
05/09/2014;22:30:00;742;sem vítima;282,8999938964844;BR-116/RJ;Pista Norte;Engavetamento;3;4;;;;;1
05/09/2014;19:05:00;623;sem vítima;297,70001220703125;BR-116/RJ;Pista Sul;Colisão Traseira;2;2;;;;;1
05/09/2014;16:17:00;495;sem vítima;298,70001220703125;BR-116/RJ;Pista Norte;Choque em Defensa;1;1;;;;;1
06/09/2014;09:57:00;243;com vítima;115,0999984741211;BR-116/SP;Pista Norte;Colisão Traseira;1;1;;2;;;2
06/09/2014;06:08:00;88;com vítima;118,55999755859375;BR-116/SP;Pista Norte;Colisão Traseira;1;1;1;;;;1
06/09/2014;07:46:00;145;sem vítima;178,60000610351562;BR-116/RJ;Pista Norte;Engavetamento;1;4;;;;;1
06/09/2014;12:51:00;347;sem vítima;219;BR-116/SP;Pista Norte;Abalroamento Longitudinal;1;3;;;;;1
06/09/2014;00:14:00;10;sem vítima;248,75;BR-116/RJ;Pista Sul;Capotamento;1;3;;;;;1
06/09/2014;16:31:00;475;sem vítima;283,70001220703125;BR-116/RJ;Pista Sul;Colisão Traseira;2;2;;;;;1
07/09/2014;01:26:00;27;com vítima;127,4000015258789;BR-116/SP;Pista Norte;Abalroamento Longitudinal;1;3;2;1;;;2
07/09/2014;18:45:00;560;com vítima;150,10000610351562;BR-116/SP;Pista Norte;Engavetamento;1;12;1;;;;1
07/09/2014;18:40:00;557;sem vítima;160,89999389648438;BR-116/SP;Pista Norte;Colisão Traseira;1;3;;;;;1
07/09/2014;17:30:00;505;sem vítima;166,1999969482422;BR-116/RJ;Pista Sul;Colisão Traseira;1;2;;;;;1
07/09/2014;18:39:00;554;com vítima;197,39999389648438;BR-116/RJ;Pista Sul;Atropelamento de Pedestre Atravessando;1;2;;;1;;2
07/09/2014;19:38:00;591;sem vítima;205;BR-116/SP;Pista Sul;Abalroamento Longitudinal;1;4;;;;;1
07/09/2014;21:56:00;671;sem vítima;249;BR-116/RJ;Pista Norte;Colisão Traseira;1;2;;;;;1
07/09/2014;00:47:00;20;com vítima;313,6000061035156;BR-116/RJ;Pista Sul;Colisão Traseira;1;1;;;1;;2
08/09/2014;00:36:00;19;com vítima;85,1500015258789;BR-116/SP;Pista Sul;Colisão Traseira;2;1;;1;;;2
08/09/2014;10:05:00;302;sem vítima;146,6999969482422;BR-116/SP;Pista Norte;Capotamento;1;6;;;;;1
08/09/2014;19:58:00;661;sem vítima;158,3000030517578;BR-116/SP;Pista Sul;Colisão Traseira;1;3;;;;;1
08/09/2014;15:12:00;480;sem vítima;165;BR-116/SP;Pista Sul;Queda de Carga;1;1;;;;;1
08/09/2014;04:54:00;77;sem vítima;165,1999969482422;BR-116/SP;Pista Norte;Engavetamento;3;3;;;;;1
08/09/2014;18:10:00;597;sem vítima;165,1999969482422;BR-116/SP;Pista Norte;Abalroamento Longitudinal;2;7;;;;;1
08/09/2014;03:39:00;60;com vítima;175,8000030517578;BR-116/SP;Pista Sul;Choque em veículo parado na pista;1;1;1;;;;1
08/09/2014;15:55:00;516;sem vítima;178,5;BR-116/RJ;Pista Sul;Abalroamento Longitudinal;2;2;;;;;1
08/09/2014;11:51:00;372;com vítima;197,1999969482422;BR-116/RJ;Pista Sul;Choque em objeto fixo;1;0;;1;;;2
08/09/2014;18:30:00;610;sem vítima;214,89999389648438;BR-116/SP;Pista Norte;Abalroamento Longitudinal;1;3;;;;;1
08/09/2014;07:38:00;162;com vítima;215,10000610351562;BR-116/SP;Pista Sul;Queda de moto;1;2;1;;;;1
08/09/2014;06:30:00;105;sem vítima;219,39999389648438;BR-116/RJ;Pista Norte;Queda de Carga;1;1;;;;;1
08/09/2014;09:37:00;275;sem vítima;238;BR-116/RJ;Pista Sul;Choque em objeto fixo;1;1;;;;;1
08/09/2014;10:38:00;334;sem vítima;290,2799987792969;BR-116/RJ;Pista Sul;Choque em objeto fixo;1;1;;;;;1
09/09/2014;19:25:00;658;com vítima;96,4000015258789;BR-116/SP;Pista Sul;Colisão Traseira;1;1;2;1;;;2
09/09/2014;17:23:00;568;sem vítima;146,5;BR-116/SP;Pista Norte;Abalroamento Longitudinal;1;2;;;;;1
09/09/2014;22:59:00;756;sem vítima;165,1999969482422;BR-116/SP;Pista Norte;Colisão Traseira;1;17;;;;;1
09/09/2014;05:30:00;80;com vítima;168,3000030517578;BR-116/RJ;Pista Norte;Engavetamento;1;8;1;;;;1
09/09/2014;23:23:00;766;sem vítima;197,39999389648438;BR-116/SP;Pista Sul;Colisão Traseira;2;2;;;;;1
09/09/2014;08:40:00;208;sem vítima;201,1999969482422;BR-116/RJ;Pista Norte;Abalroamento Longitudinal;2;3;;;;;1
09/09/2014;07:29:00;144;sem vítima;207,5;BR-116/RJ;Pista Norte;Colisão Traseira;2;2;;;;;1
09/09/2014;06:34:00;107;sem vítima;219,39999389648438;BR-116/SP;Pista Sul;Engavetamento;1;6;;;;;1
09/09/2014;06:30:00;106;com vítima;221,1999969482422;BR-116/SP;Pista Sul;Abalroamento Longitudinal;1;1;1;;;;1
09/09/2014;19:48:00;673;sem vítima;224,8000030517578;BR-116/SP;Pista Sul;Colisão Traseira;1;3;;;;;1
09/09/2014;01:09:00;26;sem vítima;245,60000610351562;BR-116/RJ;Pista Norte;Colisão Traseira;2;2;;;;;1
09/09/2014;16:06:00;514;sem vítima;301,29998779296875;BR-116/RJ;Pista Norte;Abalroamento Longitudinal;2;2;;;;;1
10/09/2014;11:42:00;355;sem vítima;116,23999786376953;BR-116/SP;Pista Sul;Choque em objeto fixo;1;1;;;;;1
10/09/2014;09:13:00;222;sem vítima;128,3000030517578;BR-116/SP;Pista Sul;Engavetamento;3;5;;;;;1
10/09/2014;17:09:00;572;sem vítima;146,3000030517578;BR-116/SP;Pista Sul;Colisão Traseira;1;2;;;;;1
10/09/2014;13:59:00;440;sem vítima;165;BR-116/SP;Pista Norte;Colisão Traseira;2;2;;;;;1
10/09/2014;22:13:00;771;com vítima;181,36000061035156;BR-116/RJ;Pista Norte;Choque em veículo parado na pista;1;1;;1;;;2
10/09/2014;21:57:00;761;sem vítima;204,5;BR-116/SP;Pista Sul;Colisão Traseira;2;2;;;;;1
10/09/2014;15:43:00;497;sem vítima;206,5;BR-116/SP;Pista Sul;Engavetamento;3;6;;;;;1
10/09/2014;23:06:00;796;com vítima;211,1999969482422;BR-116/RJ;Pista Norte;Tombamento;1;0;1;;;;1
10/09/2014;14:30:00;463;com vítima;212,60000610351562;BR-116/SP;Pista Sul;Choque em Barreira New Jersey;1;1;1;;;;1
10/09/2014;09:09:00;217;sem vítima;213,39999389648438;BR-116/RJ;Pista Norte;Colisão Traseira;1;1;;;;;1
10/09/2014;18:02:00;619;com vítima;227,39999389648438;BR-116/SP;Pista Norte;Colisão Frontal;1;2;2;;;;1
10/09/2014;16:02:00;513;sem vítima;277,1000061035156;BR-116/RJ;Pista Sul;Colisão Traseira;1;2;;;;;1
10/09/2014;15:37:00;493;sem vítima;280,3999938964844;BR-116/RJ;Pista Sul;Colisão Traseira;1;3;;;;;1
10/09/2014;20:18:00;720;sem vítima;292,5;BR-116/RJ;Pista Norte;Queda de ribanceira;1;1;;;;;1
10/09/2014;16:00:00;510;sem vítima;297,5;BR-116/RJ;Pista Sul;Choque em Defensa;1;1;;;;;1
10/09/2014;06:48:00;103;sem vítima;305;BR-116/RJ;Pista Norte;Abalroamento Longitudinal;2;2;;;;;1
10/09/2014;22:23:00;776;sem vítima;318,8999938964844;BR-116/RJ;Pista Sul;Colisão Traseira;2;2;;;;;1
11/09/2014;23:31:00;828;sem vítima;24,450000762939453;BR-116/SP;Pista Sul;Colisão Traseira;1;2;;;;;1
11/09/2014;07:27:00;160;sem vítima;34,29999923706055;BR-116/SP;Pista Sul;Abalroamento Longitudinal;1;3;;;;;1
11/09/2014;07:52:00;181;sem vítima;145,60000610351562;BR-116/SP;Pista Sul;Abalroamento Longitudinal;1;2;;;;;1
11/09/2014;10:47:00;335;sem vítima;177,1999969482422;BR-116/RJ;Pista Norte;Choque em veículo parado na pista;1;2;;;;;1
11/09/2014;01:26:00;36;com vítima;183,60000610351562;BR-116/RJ;Pista Norte;Abalroamento Longitudinal;1;1;1;;;;1
11/09/2014;10:14:00;312;sem vítima;207,10000610351562;BR-116/RJ;Pista Norte;Abalroamento Longitudinal;2;2;;;;;1
11/09/2014;16:46:00;576;sem vítima;212;BR-116/SP;Pista Sul;Choque em Barreira New Jersey;1;1;;;;;1
11/09/2014;22:32:00;800;sem vítima;212,8000030517578;BR-116/SP;Pista Sul;Choque em Barreira New Jersey;1;1;;;;;1
11/09/2014;17:12:00;591;sem vítima;212,89999389648438;BR-116/SP;Pista Sul;Engavetamento;1;3;;;;;1
11/09/2014;11:56:00;383;com vítima;230,8000030517578;BR-116/SP;Pista Norte;Abalroamento Longitudinal;1;1;2;;;;1
11/09/2014;17:38:00;617;com vítima;254,5;BR-116/RJ;Pista Norte;Choque em Barreira New Jersey;1;1;2;;;;1
11/09/2014;06:54:00;129;sem vítima;277,79998779296875;BR-116/RJ;Pista Norte;Abalroamento Longitudinal;1;2;;;;;1
11/09/2014;22:53:00;815;com vítima;282,79998779296875;BR-116/RJ;Pista Norte;Atropelamento de Pedestre Caminhando;1;1;;;1;;2
11/09/2014;10:56:00;342;com vítima;297,20001220703125;BR-116/RJ;Pista Norte;Engavetamento;4;46;6;;;;1
11/09/2014;03:39:00;59;sem vítima;318,8999938964844;BR-116/RJ;Pista Norte;Choque em objeto na pista;1;1;;;;;1
12/09/2014;17:35:00;610;sem vítima;86,94999694824219;BR-116/SP;Pista Norte;Abalroamento Longitudinal;1;5;;;;;1
12/09/2014;04:17:00;70;com vítima;178,8000030517578;BR-116/RJ;Pista Norte;Colisão Traseira;2;1;;;;1;3
12/09/2014;09:04:00;235;sem vítima;210,8000030517578;BR-116/SP;Pista Sul;Abalroamento Longitudinal;1;2;;;;;1
12/09/2014;04:16:00;69;sem vítima;225,6999969482422;BR-116/RJ;Pista Norte;Tombamento;1;1;;;;;1
12/09/2014;01:33:00;39;sem vítima;258,29998779296875;BR-116/RJ;Pista Norte;Colisão Traseira;2;2;;;;;1
12/09/2014;19:16:00;684;com vítima;272,25;BR-116/RJ;Pista Sul;Abalroamento Longitudinal;1;1;1;;;;1
12/09/2014;06:10:00;97;sem vítima;278,3999938964844;BR-116/RJ;Pista Norte;Abalroamento Longitudinal;1;2;;;;;1
12/09/2014;10:29:00;311;sem vítima;318,8999938964844;BR-116/RJ;Pista Norte;Choque em objeto fixo;1;1;;;;;1
13/09/2014;11:54:00;358;sem vítima;176,10000610351562;BR-116/RJ;Pista Norte;Engavetamento;1;3;;;;;1
13/09/2014;04:42:00;85;sem vítima;287,29998779296875;BR-116/RJ;Pista Norte;Choque em Barreira New Jersey;1;1;;;;;1
14/09/2014;20:52:00;673;com vítima;54,70000076293945;BR-116/SP;Pista Sul;Colisão Traseira;1;5;1;;;;1
14/09/2014;12:47:00;348;com vítima;180;BR-116/RJ;Pista Norte;Abalroamento Longitudinal;1;1;1;;;;1
14/09/2014;20:04:00;650;com vítima;208,8000030517578;BR-116/RJ;Pista Sul;Colisão Traseira;1;1;;1;;;2
14/09/2014;14:05:00;388;sem vítima;285,5;BR-116/RJ;Pista Norte;Engavetamento;1;3;;;;;1
15/09/2014;16:13:00;537;sem vítima;165,1999969482422;BR-116/RJ;Pista Norte;Engavetamento;1;4;;;;;1
15/09/2014;19:46:00;687;sem vítima;167;BR-116/RJ;Pista Sul;Abalroamento Longitudinal;1;61;;;;;1
15/09/2014;15:10:00;484;sem vítima;182;BR-116/SP;Pista Norte;Colisão Traseira;1;2;;;;;1
15/09/2014;05:18:00;67;com vítima;184,0500030517578;BR-116/SP;Pista Sul;Colisão Traseira;1;2;1;;;;1
15/09/2014;15:08:00;482;sem vítima;304,3999938964844;BR-116/RJ;Pista Sul;Abalroamento Longitudinal;3;3;;;;;1
16/09/2014;08:38:00;216;sem vítima;165,39999389648438;BR-116/RJ;Pista Norte;Abalroamento Longitudinal;2;2;;;;;1
16/09/2014;12:04:00;352;sem vítima;174,89999389648438;BR-116/RJ;Pista Sul;Choque em Barreira New Jersey;1;1;;;;;1
16/09/2014;08:53:00;229;sem vítima;218,89999389648438;BR-116/SP;Pista Norte;Engavetamento;1;6;;;;;1
16/09/2014;14:15:00;433;sem vítima;219,39999389648438;BR-116/SP;Pista Norte;Colisão Traseira;1;2;;;;;1
16/09/2014;05:55:00;82;com vítima;222,10000610351562;BR-116/RJ;Pista Norte;Tombamento;1;0;1;;;;1
16/09/2014;07:55:00;171;sem vítima;229,39999389648438;BR-116/RJ;Pista Sul;Abalroamento Longitudinal;1;2;;;;;1
16/09/2014;11:36:00;341;sem vítima;250,3000030517578;BR-116/RJ;Pista Norte;Choque em objeto fixo;1;1;;;;;1
17/09/2014;02:25:00;47;sem vítima;37,400001525878906;BR-116/SP;Pista Sul;Choque em objeto fixo;1;1;;;;;1
17/09/2014;04:09:00;61;com vítima;94,5999984741211;BR-116/SP;Pista Sul;Colisão Traseira;1;0;1;;;;1
17/09/2014;04:57:00;68;sem vítima;170,39999389648438;BR-116/RJ;Pista Norte;Abalroamento Longitudinal;1;2;;;;;1
17/09/2014;10:29:00;318;sem vítima;181,1999969482422;BR-116/RJ;Pista Sul;Outros;1;4;;;;;1
17/09/2014;10:21:00;313;sem vítima;215,14999389648438;BR-116/RJ;Pista Norte;Engavetamento;1;8;;;;;1
17/09/2014;16:55:00;570;com vítima;216,89999389648438;BR-116/SP;Pista Sul;Tombamento;1;0;1;;;;1
17/09/2014;19:42:00;675;com vítima;226,3000030517578;BR-116/SP;Pista Sul;Choque em objeto na pista;1;2;1;;;;1
17/09/2014;20:54:00;703;sem vítima;236;BR-116/RJ;Pista Sul;Choque em objeto fixo;1;1;;;;;1
17/09/2014;22:39:00;742;sem vítima;301,79998779296875;BR-116/RJ;Pista Sul;Colisão Traseira;2;2;;;;;1
18/09/2014;15:19:00;435;sem vítima;147;BR-116/SP;Pista Norte;Abalroamento Longitudinal;1;2;;;;;1
18/09/2014;08:33:00;178;com vítima;204,3000030517578;BR-116/RJ;Pista Sul;Capotamento;1;1;1;;;;1
18/09/2014;13:06:00;355;sem vítima;211;BR-116/SP;Pista Norte;Abalroamento Longitudinal;1;2;;;;;1
18/09/2014;19:14:00;583;sem vítima;218,8000030517578;BR-116/SP;Pista Sul;Engavetamento;1;3;;;;;1
18/09/2014;05:44:00;64;sem vítima;221,1999969482422;BR-116/SP;Pista Norte;Abalroamento Longitudinal;1;2;;;;;1
18/09/2014;06:02:00;68;sem vítima;274,6000061035156;BR-116/RJ;Pista Norte;Abalroamento Longitudinal;2;2;;;;;1
18/09/2014;01:01:00;19;com vítima;276,6499938964844;BR-116/RJ;Pista Sul;Colisão Traseira;2;1;;1;;;2
19/09/2014;04:54:00;82;sem vítima;30,399999618530273;BR-116/SP;Pista Norte;Colisão Traseira;2;2;;;;;1
19/09/2014;20:32:00;675;com vítima;45,79999923706055;BR-116/SP;Pista Norte;Choque em veículo parado na pista;2;1;1;;;;1
19/09/2014;07:40:00;171;sem vítima;182,3000030517578;BR-116/SP;Pista Norte;Choque em objeto fixo;1;3;;;;;1
19/09/2014;18:13:00;591;sem vítima;224,1999969482422;BR-116/SP;Pista Norte;Colisão Traseira;1;5;;;;;1
19/09/2014;01:19:00;31;sem vítima;235,75;BR-116/RJ;Pista Norte;Tombamento;1;1;;;;;1
20/09/2014;15:03:00;441;sem vítima;108,80000305175781;BR-116/SP;Pista Sul;Engavetamento;1;56;;;;;1
20/09/2014;14:48:00;427;com vítima;130,10000610351562;BR-116/SP;Pista Norte;Engavetamento;1;3;5;;;;1
20/09/2014;13:06:00;368;sem vítima;152,10000610351562;BR-116/SP;Pista Norte;Abalroamento Longitudinal;1;2;;;;;1
20/09/2014;19:26:00;589;sem vítima;188,10000610351562;BR-116/SP;Pista Sul;Tombamento;1;1;;;;;1
20/09/2014;03:36:00;65;com vítima;197,89999389648438;BR-116/SP;Pista Norte;Choque em Barreira New Jersey;1;0;1;;;;1
20/09/2014;08:16:00;177;sem vítima;204,5;BR-116/SP;Pista Norte;Abalroamento Longitudinal;1;2;;;;;1
20/09/2014;18:49:00;571;com vítima;211,14999389648438;BR-116/SP;Pista Sul;Engavetamento;1;6;1;;;;1
20/09/2014;20:51:00;628;sem vítima;211,4499969482422;BR-116/SP;Pista Sul;Abalroamento Longitudinal;1;4;;;;;1
20/09/2014;15:30:00;454;com vítima;212,89999389648438;BR-116/RJ;Pista Sul;Choque em Barreira New Jersey;1;0;1;;;;1
20/09/2014;15:49:00;465;sem vítima;220,5;BR-116/RJ;Pista Norte;Outros;1;1;;;;;1
20/09/2014;16:06:00;475;com vítima;221,3000030517578;BR-116/RJ;Pista Sul;Choque em objeto fixo;1;0;;;;1;3
20/09/2014;20:01:00;608;sem vítima;224,1999969482422;BR-116/RJ;Pista Norte;Outros;1;1;;;;;1
20/09/2014;07:59:00;165;sem vítima;226,5;BR-116/SP;Pista Norte;Capotamento;1;2;;;;;1
21/09/2014;19:04:00;487;sem vítima;66,9000015258789;BR-116/SP;Pista Norte;Choque em objeto na pista;1;6;;;;;1
21/09/2014;13:12:00;275;sem vítima;86,9000015258789;BR-116/SP;Pista Sul;Outros;1;1;;;;;1
21/09/2014;00:34:00;19;com vítima;155,60000610351562;BR-116/SP;Pista Sul;Choque em objeto fixo;1;7;;;1;;2
21/09/2014;17:47:00;424;com vítima;235,5;BR-116/RJ;Pista Sul;Engavetamento;2;37;7;1;;;2
22/09/2014;21:20:00;689;sem vítima;155,6999969482422;BR-116/SP;Pista Sul;Abalroamento Longitudinal;1;2;;;;;1
22/09/2014;18:40:00;621;sem vítima;163,60000610351562;BR-116/RJ;Pista Sul;Colisão Traseira;1;3;;;;;1
22/09/2014;23:38:00;736;com vítima;169,89999389648438;BR-116/RJ;Pista Sul;Abalroamento Longitudinal;1;1;1;;;;1
22/09/2014;05:02:00;80;sem vítima;172,39999389648438;BR-116/RJ;Pista Norte;Abalroamento Longitudinal;1;2;;;;;1
22/09/2014;22:56:00;724;sem vítima;199;BR-116/SP;Pista Sul;Colisão Traseira;2;2;;;;;1
23/09/2014;06:54:00;99;sem vítima;69,4000015258789;BR-116/SP;Pista Sul;Choque em Barreira New Jersey;1;3;;;;;1
23/09/2014;08:02:00;163;sem vítima;115,30000305175781;BR-116/SP;Pista Norte;Engavetamento;1;3;;;;;1
23/09/2014;10:39:00;325;sem vítima;176,3000030517578;BR-116/RJ;Pista Sul;Abalroamento Longitudinal;1;3;;;;;1
23/09/2014;12:18:00;389;sem vítima;199,89999389648438;BR-116/SP;Pista Sul;Colisão Traseira;1;2;;;;;1
23/09/2014;23:12:00;734;sem vítima;215,10000610351562;BR-116/SP;Pista Sul;Abalroamento Longitudinal;1;7;;;;;1
23/09/2014;08:56:00;218;sem vítima;217,89999389648438;BR-116/SP;Pista Norte;Abalroamento Longitudinal;1;4;;;;;1
23/09/2014;18:58:00;643;com vítima;226,89999389648438;BR-116/SP;Pista Sul;Colisão Traseira;1;2;2;;;1;3
23/09/2014;18:50:00;636;com vítima;267,5;BR-116/RJ;Pista Norte;Abalroamento Longitudinal;1;1;1;;;;1
24/09/2014;08:45:00;223;sem vítima;136,89999389648438;BR-116/SP;Pista Sul;Colisão Traseira;1;3;;;;;1
24/09/2014;22:00:00;735;sem vítima;210,1999969482422;BR-116/RJ;Pista Norte;Colisão Traseira;1;2;;;;;1
24/09/2014;17:25:00;581;sem vítima;211,5;BR-116/SP;Pista Norte;Abalroamento Longitudinal;1;2;;;;;1
24/09/2014;03:41:00;46;sem vítima;213,60000610351562;BR-116/SP;Pista Sul;Colisão Traseira;1;2;;;;;1
24/09/2014;10:09:00;290;sem vítima;278,3999938964844;BR-116/RJ;Pista Norte;Engavetamento;3;5;;;;;1
24/09/2014;05:55:00;77;com vítima;282,20001220703125;BR-116/RJ;Pista Sul;Choque em Barreira New Jersey;1;1;1;;;;1
25/09/2014;10:25:00;297;sem vítima;103,9000015258789;BR-116/SP;Pista Sul;Abalroamento Longitudinal;1;2;;;;;1
25/09/2014;18:09:00;610;com vítima;171,10000610351562;BR-116/RJ;Pista Sul;Abalroamento Longitudinal;1;7;1;;;;1
25/09/2014;13:19:00;403;sem vítima;196,6999969482422;BR-116/SP;Pista Norte;Colisão Traseira;2;2;;;;;1
25/09/2014;12:28:00;374;sem vítima;204,60000610351562;BR-116/SP;Pista Sul;Colisão Traseira;1;3;;;;;1
25/09/2014;19:37:00;668;sem vítima;222,60000610351562;BR-116/SP;Pista Sul;Colisão Traseira;1;2;;;;;1
25/09/2014;06:37:00;106;sem vítima;227;BR-116/RJ;Pista Norte;Abalroamento Longitudinal;1;2;;;;;1
25/09/2014;23:14:00;779;com vítima;289,3999938964844;BR-116/RJ;Pista Sul;Colisão Traseira;2;1;;1;;;2
25/09/2014;23:12:00;776;com vítima;306,79998779296875;BR-116/RJ;Pista Sul;Colisão Traseira;1;1;1;;;;1
25/09/2014;10:53:00;318;com vítima;311;BR-116/RJ;Pista Norte;Choque em objeto fixo;1;3;1;;;;1
26/09/2014;22:14:00;791;sem vítima;34,29999923706055;BR-116/SP;Pista Norte;Colisão Traseira;1;3;;;;;1
26/09/2014;20:49:00;754;sem vítima;134;BR-116/SP;Pista Norte;Engavetamento;2;3;;;;;1
26/09/2014;16:36:00;563;com vítima;146,60000610351562;BR-116/SP;Pista Norte;Engavetamento;2;7;1;;;;1
26/09/2014;15:08:00;506;sem vítima;165;BR-116/SP;Pista Sul;Colisão Traseira;1;2;;;;;1
26/09/2014;01:02:00;32;sem vítima;178,1999969482422;BR-116/RJ;Pista Sul;Choque em objeto fixo;1;3;;;;;1
26/09/2014;15:42:00;524;sem vítima;183,6999969482422;BR-116/SP;Pista Sul;Choque Talude;1;3;;;;;1
26/09/2014;17:01:00;583;sem vítima;190,64999389648438;BR-116/SP;Pista Sul;Choque em objeto fixo;1;3;;;;;1
26/09/2014;10:15:00;289;sem vítima;216,39999389648438;BR-116/SP;Pista Sul;Colisão Traseira;1;31;;;;;1
26/09/2014;11:08:00;342;com vítima;220,89999389648438;BR-116/SP;Pista Norte;Capotamento;1;2;1;;;;1
26/09/2014;10:43:00;316;sem vítima;223,6999969482422;BR-116/SP;Pista Norte;Engavetamento;3;3;;;;;1
26/09/2014;18:45:00;659;sem vítima;245,10000610351562;BR-116/RJ;Pista Sul;Choque em Defensa;1;1;;;;;1
26/09/2014;19:45:00;712;sem vítima;264,8999938964844;BR-116/RJ;Pista Sul;Engavetamento;1;13;;;;;1
26/09/2014;06:29:00;126;sem vítima;269,79998779296875;BR-116/RJ;Pista Norte;Outros;1;1;;;;;1
26/09/2014;11:02:00;337;sem vítima;272,8999938964844;BR-116/RJ;Pista Norte;Outros;1;1;;;;;1
26/09/2014;22:14:00;792;com vítima;281,70001220703125;BR-116/RJ;Pista Sul;Abalroamento Longitudinal;1;2;1;;;;1
27/09/2014;18:30:00;525;com vítima;87,30000305175781;BR-116/SP;Pista Sul;Atropelamento de Pedestre Caminhando;1;1;;;1;;2
27/09/2014;02:04:00;44;sem vítima;106,9000015258789;BR-116/SP;Pista Norte;Choque em objeto na pista;1;2;;;;;1
27/09/2014;07:31:00;136;sem vítima;167,8000030517578;BR-116/RJ;Pista Norte;Engavetamento;1;8;;;;;1
27/09/2014;17:17:00;496;sem vítima;182;BR-116/SP;Pista Norte;Colisão Traseira;1;6;;;;;1
27/09/2014;10:52:00;267;com vítima;209,6999969482422;BR-116/RJ;Pista Sul;Abalroamento Longitudinal;1;1;1;;;;1
27/09/2014;08:54:00;186;sem vítima;231,1999969482422;BR-116/SP;Pista Norte;Abalroamento Longitudinal;1;4;;;;;1
27/09/2014;06:14:00;91;com vítima;288,20001220703125;BR-116/RJ;Pista Norte;Engavetamento;2;2;1;;;;1
28/09/2014;14:39:00;373;com vítima;182,5;BR-116/SP;Pista Norte;Abalroamento Longitudinal;1;33;1;;;;1
28/09/2014;22:47:00;628;com vítima;275,54998779296875;BR-116/RJ;Pista Sul;Choque em veículo parado na pista;2;1;1;;;;1
28/09/2014;22:32:00;626;sem vítima;275,6000061035156;BR-116/RJ;Pista Sul;Choque em Barreira New Jersey;1;1;;;;;1
29/09/2014;06:35:00;117;sem vítima;184,39999389648438;BR-116/RJ;Pista Norte;Engavetamento;1;4;;;;;1
29/09/2014;18:43:00;647;sem vítima;199;BR-116/SP;Pista Norte;Colisão Traseira;1;3;;;;;1
29/09/2014;09:51:00;303;sem vítima;208,1999969482422;BR-116/SP;Pista Norte;Outros;1;3;;;;;1
29/09/2014;11:28:00;370;sem vítima;214,5500030517578;BR-116/SP;Pista Sul;Colisão Traseira;1;2;;;;;1
29/09/2014;13:23:00;438;com vítima;216,60000610351562;BR-116/SP;Pista Sul;Choque em objeto fixo;1;1;1;;;;1
29/09/2014;19:16:00;664;sem vítima;220,5;BR-116/RJ;Pista Sul;Abalroamento Longitudinal;1;2;;;;;1
29/09/2014;01:40:00;28;sem vítima;229,6999969482422;BR-116/RJ;Pista Norte;Queda de Carga;1;1;;;;;1
30/09/2014;16:40:00;550;sem vítima;65,5;BR-116/SP;Pista Norte;Choque em objeto fixo;1;1;;;;;1