data;horario;n_da_ocorrencia;tipo_de_ocorrencia;km;trecho;sentido;tipo_de_acidente;caminhao;ilesos;levemente_feridos;moderadamente_feridos;gravemente_feridos;mortos;3
30/09/2014;15:48:00;520;sem vítima;147,10000610351562;BR-116/SP;Pista Norte;Abalroamento Longitudinal;1;2;;;;;1
30/09/2014;05:43:00;70;com vítima;178,3000030517578;BR-116/RJ;Pista Norte;Abalroamento Longitudinal;1;3;2;;;;1
30/09/2014;22:06:00;743;sem vítima;204,5;BR-116/SP;Pista Sul;Colisão Traseira;1;3;;;;;1
30/09/2014;09:58:00;294;sem vítima;208;BR-116/RJ;Pista Sul;Colisão Traseira;1;2;;;;;1
30/09/2014;01:29:00;27;sem vítima;209;BR-116/SP;Pista Norte;Choque em veículo parado na pista;2;2;;;;;1
30/09/2014;10:26:00;313;com vítima;210,5;BR-116/SP;Pista Sul;Abalroamento Longitudinal;1;1;2;;;;1
30/09/2014;16:26:00;539;sem vítima;225,1999969482422;BR-116/RJ;Pista Norte;Choque em Barreira New Jersey;1;1;;;;;1
30/09/2014;07:01:00;123;sem vítima;227,14999389648438;BR-116/SP;Pista Sul;Colisão Traseira;1;2;;;;;1
30/09/2014;16:58:00;566;sem vítima;274,8999938964844;BR-116/RJ;Pista Sul;Choque em Barreira New Jersey;1;1;;;;;1
30/09/2014;16:37:00;548;sem vítima;278;BR-116/RJ;Pista Norte;Choque em Barreira New Jersey;1;1;;;;;1
30/09/2014;09:01:00;244;sem vítima;287,6700134277344;BR-116/RJ;Pista Sul;Colisão Traseira;1;2;;;;;1
30/09/2014;23:15:00;766;sem vítima;295,45001220703125;BR-116/RJ;Pista Sul;Queda de ribanceira;1;1;;;;;1
30/09/2014;16:36:00;544;sem vítima;318,8999938964844;BR-116/RJ;Pista Sul;Engavetamento;1;5;;;;;1
01/10/2014;20:58:00;739;sem vítima;64,75;BR-116/SP;Pista Sul;Choque em objeto na pista;1;2;;;;;1
01/10/2014;14:11:00;481;com vítima;70;BR-116/SP;Pista Norte;Atropelamento de Pedestre Atravessando;1;1;;1;;;2
01/10/2014;08:13:00;195;sem vítima;70,0999984741211;BR-116/SP;Pista Sul;Choque em veículo parado na pista;2;2;;;;;1
01/10/2014;00:08:00;14;sem vítima;86,5999984741211;BR-116/SP;Pista Norte;Atropelamento de Animal;1;1;;;;;1
01/10/2014;23:27:00;801;sem vítima;108,69999694824219;BR-116/SP;Pista Sul;Tombamento;1;1;;;;;1
01/10/2014;12:13:00;392;sem vítima;182,5;BR-116/SP;Pista Norte;Colisão Traseira;2;2;;;;;1
01/10/2014;11:06:00;342;sem vítima;204,5;BR-116/SP;Pista Norte;Colisão Traseira;1;5;;;;;1
01/10/2014;16:06:00;568;sem vítima;207,10000610351562;BR-116/RJ;Pista Norte;Colisão Traseira;2;2;;;;;1
01/10/2014;11:57:00;381;sem vítima;219,3000030517578;BR-116/SP;Pista Norte;Colisão Traseira;2;2;;;;;1
01/10/2014;13:39:00;457;com vítima;310,20001220703125;BR-116/RJ;Pista Sul;Colisão Traseira;1;1;1;;;;1
01/10/2014;14:50:00;518;sem vítima;328;BR-116/RJ;Pista Norte;Choque em objeto fixo;1;1;;;;;1
02/10/2014;16:32:00;541;sem vítima;77,5999984741211;BR-116/SP;Pista Sul;Colisão Traseira;1;2;;;;;1
02/10/2014;23:40:00;758;sem vítima;131,1999969482422;BR-116/SP;Pista Sul;Engavetamento;3;7;;;;;1
02/10/2014;18:50:00;648;com vítima;150,3000030517578;BR-116/SP;Pista Norte;Engavetamento;1;3;4;;;;1
02/10/2014;19:06:00;655;sem vítima;176,60000610351562;BR-116/RJ;Pista Sul;Abalroamento Longitudinal;1;2;;;;;1
02/10/2014;05:22:00;66;sem vítima;192,60000610351562;BR-116/SP;Pista Norte;Colisão Traseira;1;3;;;;;1
02/10/2014;10:03:00;285;sem vítima;222,0800018310547;BR-116/RJ;Pista Norte;Tombamento;1;1;;;;;1
02/10/2014;10:47:00;333;sem vítima;222,17999267578125;BR-116/RJ;Pista Norte;Abalroamento Longitudinal;2;2;;;;;1
02/10/2014;22:37:00;738;com vítima;226,10000610351562;BR-116/SP;Pista Norte;Atropelamento de Pedestre Atravessando;1;1;;;1;;2
02/10/2014;07:04:00;128;sem vítima;228;BR-116/RJ;Pista Norte;Abalroamento Longitudinal;1;2;;;;;1
02/10/2014;17:53:00;604;sem vítima;297,79998779296875;BR-116/RJ;Pista Norte;Abalroamento Longitudinal;1;2;;;;;1
03/10/2014;22:35:00;752;sem vítima;16,350000381469727;BR-116/SP;Pista Sul;Choque em veículo parado na pista;2;2;;;;;1
03/10/2014;07:29:00;139;sem vítima;137,3000030517578;BR-116/SP;Pista Sul;Choque em Defensa;1;3;;;;;1
03/10/2014;16:22:00;504;sem vítima;164,3000030517578;BR-116/RJ;Pista Sul;Engavetamento;1;19;;;;;1
03/10/2014;12:32:00;392;sem vítima;210,3000030517578;BR-116/SP;Pista Norte;Engavetamento;1;4;;;;;1
03/10/2014;09:50:00;264;sem vítima;225,39999389648438;BR-116/RJ;Pista Norte;Colisão Traseira;2;2;;;;;1
03/10/2014;23:02:00;768;com vítima;227,39999389648438;BR-116/SP;Pista Sul;Abalroamento Longitudinal;1;1;;1;;;2
03/10/2014;22:49:00;760;sem vítima;229,25;BR-116/SP;Pista Norte;Abalroamento Longitudinal;1;3;;;;;1
03/10/2014;22:40:00;755;sem vítima;231,10000610351562;BR-116/SP;Pista Norte;Abalroamento Longitudinal;1;4;;;;;1
03/10/2014;08:23:00;190;sem vítima;278,5;BR-116/RJ;Pista Norte;Colisão Traseira;1;2;;;;;1
03/10/2014;17:54:00;572;sem vítima;305,1000061035156;BR-116/RJ;Pista Sul;Choque em Defensa;1;2;;;;;1
04/10/2014;15:35:00;392;sem vítima;90,30000305175781;BR-116/SP;Pista Norte;Choque em Barreira New Jersey;1;1;;;;;1
04/10/2014;21:31:00;545;com vítima;175,1999969482422;BR-116/RJ;Pista Norte;Engavetamento;1;4;2;;;;1
04/10/2014;21:17:00;543;sem vítima;178,25;BR-116/SP;Pista Sul;Colisão Traseira;2;2;;;;;1
04/10/2014;14:52:00;372;com vítima;199,60000610351562;BR-116/SP;Pista Norte;Atropelamento de Pedestre Atravessando;1;2;1;;;;1
04/10/2014;03:28:00;58;sem vítima;227,10000610351562;BR-116/RJ;Pista Norte;Choque em objeto fixo;1;1;;;;;1
05/10/2014;04:49:00;65;sem vítima;125,30000305175781;BR-116/SP;Pista Norte;Colisão Traseira;1;4;;;;;1
05/10/2014;17:16:00;371;sem vítima;129,8000030517578;BR-116/SP;Pista Norte;Colisão Traseira;2;2;;;;;1
05/10/2014;02:18:00;46;sem vítima;171,10000610351562;BR-116/RJ;Pista Sul;Choque em objeto fixo;1;6;;;;;1
05/10/2014;19:41:00;447;sem vítima;220,89999389648438;BR-116/RJ;Pista Norte;Choque Talude;1;1;;;;;1
05/10/2014;04:19:00;61;com vítima;303,70001220703125;BR-116/RJ;Pista Sul;Capotamento;1;2;1;;;;1
06/10/2014;07:20:00;132;sem vítima;137;BR-116/SP;Pista Norte;Colisão Traseira;1;3;;;;;1
06/10/2014;18:20:00;560;com vítima;142,63999938964844;BR-116/SP;Pista Norte;Colisão Traseira;1;1;1;;;;1
06/10/2014;08:45:00;210;sem vítima;217;BR-116/SP;Pista Sul;Colisão Traseira;2;4;;;;;1
06/10/2014;15:17:00;449;com vítima;220,3000030517578;BR-116/RJ;Pista Sul;Tombamento;1;0;1;;;;1
06/10/2014;17:29:00;524;sem vítima;223,89999389648438;BR-116/SP;Pista Norte;Abalroamento Longitudinal;1;2;;;;;1
06/10/2014;18:54:00;586;sem vítima;266,20001220703125;BR-116/RJ;Pista Sul;Queda de Carga;1;1;;;;;1
06/10/2014;03:52:00;51;sem vítima;304,95001220703125;BR-116/RJ;Pista Norte;Tombamento;1;1;;;;;1
07/10/2014;10:46:00;302;sem vítima;70,80000305175781;BR-116/SP;Pista Norte;Colisão Traseira;1;2;;;;;1
07/10/2014;17:21:00;544;sem vítima;161,10000610351562;BR-116/SP;Pista Norte;Abalroamento Longitudinal;1;2;;;;;1
07/10/2014;06:29:00;108;com vítima;165,1999969482422;BR-116/SP;Pista Norte;Colisão Traseira;2;1;1;;;;1
07/10/2014;05:35:00;79;com vítima;191,0500030517578;BR-116/RJ;Pista Norte;Abalroamento Longitudinal;1;3;;;1;;2
07/10/2014;09:58:00;265;sem vítima;204,5;BR-116/SP;Pista Sul;Colisão Traseira;1;18;;;;;1
07/10/2014;23:20:00;735;sem vítima;207,10000610351562;BR-116/RJ;Pista Sul;Colisão Traseira;2;2;;;;;1
07/10/2014;23:25:00;739;sem vítima;215,8000030517578;BR-116/SP;Pista Sul;Abalroamento Longitudinal;1;2;;;;;1
07/10/2014;14:08:00;422;sem vítima;222;BR-116/SP;Pista Norte;Colisão Traseira;1;2;;;;;1
07/10/2014;02:44:00;52;com vítima;257,8999938964844;BR-116/RJ;Pista Norte;Colisão Traseira;2;1;1;;;;1
07/10/2014;10:48:00;305;sem vítima;304,95001220703125;BR-116/RJ;Pista Norte;Queda de Carga;1;1;;;;;1
08/10/2014;13:29:00;401;sem vítima;147,10000610351562;BR-116/SP;Pista Norte;Colisão Traseira;1;2;;;;;1
08/10/2014;00:14:00;15;sem vítima;152,1999969482422;BR-116/SP;Pista Norte;Choque em objeto fixo;1;2;;;;;1
08/10/2014;08:09:00;177;sem vítima;176,3000030517578;BR-116/RJ;Pista Sul;Abalroamento Longitudinal;1;2;;;;;1
08/10/2014;17:58:00;598;sem vítima;209,3000030517578;BR-116/RJ;Pista Sul;Abalroamento Longitudinal;1;2;;;;;1
08/10/2014;19:14:00;658;sem vítima;209,89999389648438;BR-116/SP;Pista Sul;Abalroamento Longitudinal;1;2;;;;;1
08/10/2014;22:36:00;750;sem vítima;210,10000610351562;BR-116/SP;Pista Sul;Engavetamento;1;9;;;;;1
08/10/2014;21:42:00;727;sem vítima;222,4499969482422;BR-116/RJ;Pista Norte;Abalroamento Longitudinal;2;3;;;;;1
08/10/2014;21:24:00;720;sem vítima;222,9499969482422;BR-116/RJ;Pista Norte;Abalroamento Longitudinal;3;5;;;;;1
08/10/2014;16:34:00;538;com vítima;224,89999389648438;BR-116/SP;Pista Norte;Choque em Defensa;1;0;1;;;;1
08/10/2014;11:45:00;343;sem vítima;266,79998779296875;BR-116/RJ;Pista Norte;Choque em Barreira New Jersey;1;2;;;;;1
08/10/2014;21:15:00;711;sem vítima;319,8500061035156;BR-116/RJ;Pista Sul;Colisão Traseira;2;2;;;;;1
09/10/2014;18:54:00;645;sem vítima;86,94999694824219;BR-116/SP;Pista Norte;Colisão Traseira;1;3;;;;;1
09/10/2014;22:06:00;761;com vítima;174,89999389648438;BR-116/SP;Pista Sul;Atropelamento de Pedestre Atravessando;1;1;;;1;;2
09/10/2014;15:11:00;477;sem vítima;183,60000610351562;BR-116/RJ;Pista Norte;Abalroamento Longitudinal;1;4;;;;;1
09/10/2014;07:31:00;139;sem vítima;184,10000610351562;BR-116/RJ;Pista Norte;Colisão Traseira;1;2;;;;;1
09/10/2014;08:53:00;211;sem vítima;189,5500030517578;BR-116/RJ;Pista Norte;Colisão Traseira;1;4;;;;;1
09/10/2014;06:39:00;106;sem vítima;216,3000030517578;BR-116/RJ;Pista Sul;Choque em objeto na pista;1;1;;;;;1
09/10/2014;06:52:00;112;sem vítima;216,3000030517578;BR-116/RJ;Pista Norte;Outros;1;1;;;;;1
09/10/2014;16:58:00;562;sem vítima;219,35000610351562;BR-116/RJ;Pista Sul;Colisão Traseira;1;2;;;;;1
09/10/2014;11:22:00;335;sem vítima;220,3000030517578;BR-116/SP;Pista Norte;Abalroamento Longitudinal;1;2;;;;;1
09/10/2014;21:30:00;739;com vítima;262,20001220703125;BR-116/RJ;Pista Norte;Colisão Traseira;1;3;2;;;;1
09/10/2014;07:06:00;122;sem vítima;277,5;BR-116/RJ;Pista Sul;Colisão Traseira;1;2;;;;;1
09/10/2014;13:40:00;417;sem vítima;297,3999938964844;BR-116/RJ;Pista Norte;Colisão Traseira;1;2;;;;;1
09/10/2014;17:32:00;592;sem vítima;299;BR-116/RJ;Pista Norte;Abalroamento Longitudinal;1;2;;;;;1
09/10/2014;23:08:00;781;sem vítima;318,8999938964844;BR-116/RJ;Pista Norte;Colisão Traseira;2;2;;;;;1
10/10/2014;06:52:00;121;sem vítima;70,5;BR-116/SP;Pista Norte;Colisão Traseira;2;2;;;;;1
10/10/2014;18:16:00;659;sem vítima;154,75;BR-116/SP;Pista Sul;Abalroamento Longitudinal;1;2;;;;;1
10/10/2014;10:16:00;296;sem vítima;157,1999969482422;BR-116/SP;Pista Sul;Abalroamento Longitudinal;1;3;;;;;1
10/10/2014;10:59:00;324;com vítima;164,8000030517578;BR-116/RJ;Pista Norte;Colisão Traseira;1;1;1;;;;1
10/10/2014;14:35:00;465;com vítima;178,5;BR-116/RJ;Pista Norte;Colisão Traseira;1;18;3;;;;1
10/10/2014;06:35:00;109;com vítima;185,10000610351562;BR-116/RJ;Pista Norte;Colisão Traseira;1;1;;1;;;2
10/10/2014;14:19:00;454;com vítima;190,1999969482422;BR-116/RJ;Pista Norte;Colisão Traseira;1;4;1;;;;1
10/10/2014;09:41:00;261;sem vítima;204;BR-116/SP;Pista Norte;Colisão Traseira;1;2;;;;;1
10/10/2014;18:52:00;690;com vítima;221,6999969482422;BR-116/SP;Pista Norte;Abalroamento Longitudinal;1;1;1;;;;1
10/10/2014;16:26:00;571;sem vítima;298,70001220703125;BR-116/RJ;Pista Sul;Engavetamento;1;7;;;;;1
10/10/2014;15:57:00;538;sem vítima;314,1000061035156;BR-116/RJ;Pista Norte;Choque em objeto na pista;1;1;;;;;1
10/10/2014;07:16:00;147;sem vítima;318,8999938964844;BR-116/RJ;Pista Sul;Colisão Traseira;1;2;;;;;1
11/10/2014;09:45:00;256;sem vítima;36;BR-116/SP;Pista Sul;Abalroamento Longitudinal;1;6;;;;;1
11/10/2014;09:03:00;229;sem vítima;102,9000015258789;BR-116/SP;Pista Sul;Abalroamento Longitudinal;2;2;;;;;1
11/10/2014;06:29:00;123;sem vítima;132,10000610351562;BR-116/SP;Pista Sul;Abalroamento Longitudinal;1;2;;;;;1
11/10/2014;15:25:00;463;sem vítima;183,8000030517578;BR-116/RJ;Pista Sul;Engavetamento;1;3;;;;;1
11/10/2014;11:04:00;296;sem vítima;186,60000610351562;BR-116/RJ;Pista Norte;Colisão Traseira;1;4;;;;;1
11/10/2014;00:26:00;17;sem vítima;201,1999969482422;BR-116/SP;Pista Norte;Abalroamento Longitudinal;1;3;;;;;1
11/10/2014;02:00:00;54;com vítima;214,39999389648438;BR-116/SP;Pista Sul;Abalroamento Longitudinal;1;1;2;1;;;2
11/10/2014;03:43:00;84;com vítima;219,39999389648438;BR-116/RJ;Pista Norte;Tombamento;1;0;1;;;;1
11/10/2014;15:39:00;479;com vítima;239,5;BR-116/RJ;Pista Norte;Capotamento;1;0;1;;;;1
11/10/2014;07:07:00;142;sem vítima;267,45001220703125;BR-116/RJ;Pista Sul;Colisão Traseira;2;3;;;;;1
11/10/2014;10:25:00;278;com vítima;270,1000061035156;BR-116/RJ;Pista Sul;Abalroamento Transversal;1;3;1;;;;1
11/10/2014;19:59:00;661;sem vítima;318,8999938964844;BR-116/RJ;Pista Sul;Colisão Traseira;2;2;;;;;1
12/10/2014;17:06:00;526;sem vítima;146,8000030517578;BR-116/SP;Pista Norte;Abalroamento Longitudinal;1;3;;;;;1
12/10/2014;08:36:00;184;sem vítima;165,1999969482422;BR-116/SP;Pista Norte;Colisão Traseira;1;37;;;;;1
12/10/2014;13:50:00;359;sem vítima;212,39999389648438;BR-116/SP;Pista Norte;Colisão Traseira;1;2;;;;;1
12/10/2014;22:15:00;746;sem vítima;306,20001220703125;BR-116/RJ;Pista Norte;Choque em objeto na pista;1;1;;;;;1
12/10/2014;21:43:00;732;sem vítima;308;BR-116/RJ;Pista Norte;Choque em objeto na pista;1;2;;;;;1
13/10/2014;04:22:00;73;com vítima;58,900001525878906;BR-116/SP;Pista Sul;Choque em Barreira New Jersey;1;3;2;;;;1
13/10/2014;00:42:00;24;com vítima;95,0999984741211;BR-116/SP;Pista Norte;Abalroamento Longitudinal;1;1;;;;1;3
13/10/2014;18:05:00;627;sem vítima;150,10000610351562;BR-116/SP;Pista Norte;Colisão Traseira;1;4;;;;;1
13/10/2014;07:44:00;149;sem vítima;158,3000030517578;BR-116/SP;Pista Sul;Choque em Barreira New Jersey;1;1;;;;;1
13/10/2014;15:15:00;499;sem vítima;176,1999969482422;BR-116/RJ;Pista Sul;Colisão Traseira;1;2;;;;;1
13/10/2014;00:08:00;12;com vítima;176,60000610351562;BR-116/RJ;Pista Sul;Colisão Traseira;1;3;2;;;;1
13/10/2014;13:45:00;436;sem vítima;178,3000030517578;BR-116/RJ;Pista Sul;Colisão Traseira;1;2;;;;;1
13/10/2014;08:43:00;212;com vítima;219,35000610351562;BR-116/RJ;Pista Norte;Tombamento;1;0;;1;;;2
13/10/2014;14:27:00;465;com vítima;269,5;BR-116/RJ;Pista Norte;Tombamento;1;0;1;;;;1
13/10/2014;09:24:00;244;sem vítima;272,5;BR-116/RJ;Pista Norte;Abalroamento Longitudinal;1;2;;;;;1
14/10/2014;12:10:00;379;sem vítima;18,399999618530273;BR-116/SP;Pista Norte;Choque em objeto na pista;1;1;;;;;1
14/10/2014;08:24:00;232;com vítima;22,18000030517578;BR-116/SP;Pista Sul;Tombamento;1;0;;;2;;2
14/10/2014;11:04:00;337;sem vítima;50,70000076293945;BR-116/SP;Pista Sul;Abalroamento Longitudinal;1;2;;;;;1
14/10/2014;17:44:00;599;com vítima;161,8000030517578;BR-116/SP;Pista Sul;Colisão Traseira;2;2;;1;;;2
14/10/2014;21:17:00;707;sem vítima;162;BR-116/SP;Pista Sul;Choque em objeto fixo;1;1;;;;;1
14/10/2014;14:34:00;468;sem vítima;165,10000610351562;BR-116/SP;Pista Sul;Abalroamento Longitudinal;1;4;;;;;1
14/10/2014;15:15:00;500;sem vítima;168,5500030517578;BR-116/RJ;Pista Norte;Colisão Traseira;1;4;;;;;1
14/10/2014;20:30:00;685;sem vítima;183,89999389648438;BR-116/RJ;Pista Sul;Colisão Traseira;1;2;;;;;1
14/10/2014;14:57:00;486;sem vítima;204;BR-116/RJ;Pista Sul;Choque em objeto na pista;1;3;;;;;1
14/10/2014;00:06:00;8;sem vítima;219,39999389648438;BR-116/RJ;Pista Norte;Tombamento;1;1;;;;;1
14/10/2014;10:21:00;310;sem vítima;222,60000610351562;BR-116/SP;Pista Norte;Engavetamento;2;3;;;;;1
15/10/2014;04:00:00;58;com vítima;15,899999618530273;BR-116/SP;Pista Sul;Choque Talude;1;1;1;;;;1
15/10/2014;00:10:00;13;com vítima;22,200000762939453;BR-116/SP;Pista Sul;Tombamento;1;0;;1;;;2
15/10/2014;04:01:00;59;sem vítima;99,9000015258789;BR-116/SP;Pista Sul;Queda de ribanceira;1;1;;;;;1
15/10/2014;02:19:00;40;sem vítima;100,5;BR-116/SP;Pista Norte;Abalroamento Longitudinal;2;2;;;;;1
15/10/2014;23:07:00;688;sem vítima;141,5;BR-116/SP;Pista Norte;Colisão Traseira;1;3;;;;;1
15/10/2014;23:13:00;690;com vítima;142,3300018310547;BR-116/SP;Pista Norte;Engavetamento;2;2;1;;;;1
15/10/2014;10:17:00;278;sem vítima;142,5;BR-116/SP;Pista Sul;Colisão Traseira;1;2;;;;;1
15/10/2014;17:57:00;559;sem vítima;207;BR-116/RJ;Pista Sul;Choque em veículo parado na pista;2;2;;;;;1
15/10/2014;08:45:00;212;com vítima;223;BR-116/SP;Pista Norte;Colisão Traseira;1;1;1;;;;1
16/10/2014;12:38:00;390;sem vítima;73,80000305175781;BR-116/SP;Pista Sul;Colisão Traseira;1;3;;;;;1
16/10/2014;04:49:00;66;sem vítima;129,8000030517578;BR-116/SP;Pista Norte;Colisão Traseira;2;3;;;;;1
16/10/2014;23:49:00;774;sem vítima;130,6999969482422;BR-116/SP;Pista Norte;Abalroamento Longitudinal;2;2;;;;;1
16/10/2014;18:58:00;641;sem vítima;147;BR-116/SP;Pista Norte;Abalroamento Longitudinal;1;2;;;;;1
16/10/2014;12:44:00;392;sem vítima;178,14999389648438;BR-116/RJ;Pista Sul;Colisão Traseira;1;2;;;;;1
16/10/2014;11:09:00;325;sem vítima;218,89999389648438;BR-116/SP;Pista Norte;Abalroamento Longitudinal;1;3;;;;;1
16/10/2014;12:59:00;399;sem vítima;221,89999389648438;BR-116/SP;Pista Norte;Abalroamento Longitudinal;1;2;;;;;1
16/10/2014;16:47:00;556;sem vítima;256,6000061035156;BR-116/RJ;Pista Norte;Abalroamento Longitudinal;2;3;;;;;1
16/10/2014;14:46:00;469;sem vítima;311,79998779296875;BR-116/RJ;Pista Norte;Engavetamento;2;3;;;;;1
17/10/2014;07:50:00;172;sem vítima;138,6999969482422;BR-116/SP;Pista Sul;Colisão Traseira;1;4;;;;;1
17/10/2014;08:44:00;235;sem vítima;146,8000030517578;BR-116/SP;Pista Norte;Abalroamento Longitudinal;1;3;;;;;1
17/10/2014;08:18:00;206;sem vítima;165;BR-116/SP;Pista Norte;Colisão Traseira;1;5;;;;;1
17/10/2014;01:33:00;38;sem vítima;196,60000610351562;BR-116/SP;Pista Sul;Outros;1;1;;;;;1
17/10/2014;13:20:00;424;sem vítima;205;BR-116/RJ;Pista Norte;Colisão Traseira;1;2;;;;;1
17/10/2014;18:18:00;641;sem vítima;207;BR-116/RJ;Pista Sul;Abalroamento Longitudinal;1;2;;;;;1
17/10/2014;15:51:00;520;com vítima;207,10000610351562;BR-116/RJ;Pista Sul;Outros;1;0;1;;;;1
17/10/2014;17:09:00;582;sem vítima;218,8000030517578;BR-116/SP;Pista Sul;Colisão Traseira;1;3;;;;;1
17/10/2014;17:18:00;590;sem vítima;265;BR-116/RJ;Pista Norte;Choque em objeto na pista;1;35;;;;;1
17/10/2014;18:25:00;647;sem vítima;297,95001220703125;BR-116/RJ;Pista Norte;Colisão Traseira;1;2;;;;;1
17/10/2014;19:11:00;681;sem vítima;298,3999938964844;BR-116/RJ;Pista Norte;Colisão Traseira;1;5;;;;;1
17/10/2014;15:53:00;524;sem vítima;304,6000061035156;BR-116/RJ;Pista Sul;Abalroamento Longitudinal;1;2;;;;;1
18/10/2014;09:01:00;212;sem vítima;86,94999694824219;BR-116/SP;Pista Sul;Abalroamento Longitudinal;1;2;;;;;1
18/10/2014;17:10:00;478;sem vítima;146,6999969482422;BR-116/SP;Pista Norte;Abalroamento Longitudinal;1;3;;;;;1
18/10/2014;07:57:00;164;sem vítima;182,3000030517578;BR-116/SP;Pista Norte;Engavetamento;1;3;;;;;1
18/10/2014;14:38:00;393;sem vítima;202,25;BR-116/RJ;Pista Sul;Abalroamento Transversal;1;2;;;;;1
19/10/2014;17:33:00;501;sem vítima;18,5;BR-116/SP;Pista Norte;Colisão Traseira;1;11;;;;;1
19/10/2014;20:42:00;688;sem vítima;168,8000030517578;BR-116/SP;Pista Norte;Atropelamento de Animal;1;1;;;;;1
19/10/2014;02:23:00;34;sem vítima;217,39999389648438;BR-116/RJ;Pista Sul;Choque em veículo parado na pista;1;49;;;;;1
19/10/2014;23:32:00;800;com vítima;269,5;BR-116/RJ;Pista Sul;Colisão Traseira;1;1;3;;;;1
19/10/2014;23:07:00;787;com vítima;297,04998779296875;BR-116/RJ;Pista Norte;Tombamento;1;0;1;;;;1
20/10/2014;22:53:00;720;sem vítima;1,7999999523162842;BR-116/SP;Pista Norte;Colisão Traseira;2;2;;;;;1
20/10/2014;17:32:00;571;sem vítima;117,30000305175781;BR-116/SP;Pista Norte;Colisão Traseira;2;3;;;;;1
20/10/2014;18:19:00;607;sem vítima;147,5399932861328;BR-116/SP;Pista Sul;Choque em objeto na pista;2;2;;;;;1
20/10/2014;19:14:00;644;com vítima;148,6999969482422;BR-116/SP;Pista Norte;Queda de moto;1;1;1;;;;1
20/10/2014;07:05:00;140;sem vítima;168;BR-116/RJ;Pista Sul;Choque em objeto fixo;1;1;;;;;1
20/10/2014;14:26:00;464;sem vítima;182,3000030517578;BR-116/SP;Pista Norte;Colisão Traseira;2;2;;;;;1
20/10/2014;01:13:00;36;sem vítima;193,1999969482422;BR-116/SP;Pista Norte;Tombamento;1;1;;;;;1
21/10/2014;04:15:00;58;com vítima;27,799999237060547;BR-116/SP;Pista Norte;Colisão Traseira;1;5;1;1;;;2
21/10/2014;04:10:00;55;sem vítima;57,849998474121094;BR-116/SP;Pista Sul;Choque em objeto na pista;2;4;;;;;1
21/10/2014;08:38:00;190;sem vítima;139;BR-116/SP;Pista Sul;Colisão Traseira;2;2;;;;;1
21/10/2014;06:31:00;94;sem vítima;143,1999969482422;BR-116/SP;Pista Norte;Queda de Carga;1;2;;;;;1
21/10/2014;17:09:00;495;sem vítima;178;BR-116/RJ;Pista Norte;Abalroamento Longitudinal;1;2;;;;;1
21/10/2014;08:16:00;173;sem vítima;183,39999389648438;BR-116/RJ;Pista Norte;Abalroamento Longitudinal;1;3;;;;;1
21/10/2014;05:28:00;66;com vítima;196,6999969482422;BR-116/RJ;Pista Sul;Atropelamento de Animal;1;1;2;;;;1
21/10/2014;07:16:00;119;sem vítima;196,6999969482422;BR-116/RJ;Pista Sul;Atropelamento de Animal;1;1;;;;;1
21/10/2014;10:34:00;271;com vítima;210,8000030517578;BR-116/SP;Pista Norte;Colisão Traseira;1;1;1;;;;1
21/10/2014;16:48:00;485;sem vítima;212,39999389648438;BR-116/SP;Pista Sul;Choque em Barreira New Jersey;1;1;;;;;1
21/10/2014;06:31:00;93;sem vítima;216;BR-116/SP;Pista Norte;Abalroamento Longitudinal;1;2;;;;;1
21/10/2014;10:29:00;263;sem vítima;230;BR-116/SP;Pista Sul;Abalroamento Longitudinal;1;4;;;;;1
21/10/2014;18:47:00;560;sem vítima;273,29998779296875;BR-116/RJ;Pista Sul;Queda de Carga;1;1;;;;;1
21/10/2014;20:53:00;623;sem vítima;274;BR-116/RJ;Pista Sul;Abalroamento Longitudinal;1;2;;;;;1
21/10/2014;19:46:00;595;sem vítima;276,1499938964844;BR-116/RJ;Pista Sul;Choque em objeto na pista;1;2;;;;;1
21/10/2014;11:10:00;292;sem vítima;303,2200012207031;BR-116/RJ;Pista Norte;Engavetamento;1;5;;;;;1
22/10/2014;15:29:00;445;sem vítima;103,9000015258789;BR-116/SP;Pista Norte;Colisão Traseira;1;2;;;;;1