data;horario;n_da_ocorrencia;tipo_de_ocorrencia;km;trecho;sentido;tipo_de_acidente;caminhao;ilesos;levemente_feridos;moderadamente_feridos;gravemente_feridos;mortos;3
22/10/2014;08:05:00;149;sem vítima;185,60000610351562;BR-116/RJ;Pista Norte;Tombamento;1;1;;;;;1
22/10/2014;19:48:00;586;sem vítima;219,1999969482422;BR-116/RJ;Pista Norte;Queda de Carga;1;1;;;;;1
22/10/2014;06:34:00;84;sem vítima;247,39999389648438;BR-116/RJ;Pista Sul;Choque em objeto fixo;1;1;;;;;1
22/10/2014;17:33:00;508;com vítima;255,10000610351562;BR-116/RJ;Pista Norte;Queda de ribanceira;1;0;;;1;;2
22/10/2014;05:22:00;62;com vítima;293,70001220703125;BR-116/RJ;Pista Norte;Colisão Traseira;1;2;1;;;;1
23/10/2014;16:44:00;492;com vítima;18,299999237060547;BR-116/SP;Pista Norte;Colisão Traseira;1;2;1;;;;1
23/10/2014;15:03:00;431;com vítima;213,60000610351562;BR-116/SP;Pista Norte;Colisão Traseira;1;2;1;;;;1
23/10/2014;00:36:00;22;com vítima;242,5;BR-116/RJ;Pista Norte;Tombamento;1;0;1;;;;1
23/10/2014;13:23:00;360;sem vítima;275,5;BR-116/RJ;Pista Sul;Colisão Traseira;1;2;;;;;1
24/10/2014;14:05:00;417;sem vítima;177,89999389648438;BR-116/RJ;Pista Sul;Abalroamento Longitudinal;1;2;;;;;1
24/10/2014;05:57:00;88;sem vítima;180,8000030517578;BR-116/SP;Pista Sul;Colisão Traseira;1;4;;;;;1
24/10/2014;18:11:00;587;sem vítima;222,0500030517578;BR-116/RJ;Pista Norte;Tombamento;1;1;;;;;1
24/10/2014;16:18:00;499;com vítima;223,6999969482422;BR-116/SP;Pista Norte;Engavetamento;1;6;1;;;;1
24/10/2014;22:59:00;767;sem vítima;228;BR-116/RJ;Pista Norte;Choque em veículo parado na pista;1;2;;;;;1
24/10/2014;17:39:00;559;sem vítima;277,70001220703125;BR-116/RJ;Pista Sul;Outros;1;1;;;;;1
24/10/2014;16:19:00;502;sem vítima;303,8999938964844;BR-116/RJ;Pista Sul;Abalroamento Longitudinal;1;2;;;;;1
24/10/2014;10:27:00;279;sem vítima;318,8999938964844;BR-116/RJ;Pista Norte;Colisão Traseira;1;3;;;;;1
25/10/2014;04:14:00;71;com vítima;45;BR-116/SP;Pista Norte;Choque em veículo parado na pista;1;2;1;;;;1
25/10/2014;06:44:00;117;com vítima;166,9499969482422;BR-116/SP;Pista Sul;Abalroamento Longitudinal;1;2;1;;;;1
25/10/2014;02:40:00;51;com vítima;200,5;BR-116/RJ;Pista Norte;Colisão Traseira;1;1;1;;;;1
25/10/2014;10:55:00;275;sem vítima;207,10000610351562;BR-116/RJ;Pista Sul;Outros;1;1;;;;;1
25/10/2014;06:11:00;101;sem vítima;229,5;BR-116/SP;Pista Sul;Abalroamento Longitudinal;1;2;;;;;1
25/10/2014;00:55:00;25;sem vítima;291,5899963378906;BR-116/RJ;Pista Sul;Abalroamento Longitudinal;1;2;;;;;1
26/10/2014;21:26:00;524;sem vítima;7,5;BR-116/SP;Pista Norte;Choque em objeto na pista;1;2;;;;;1
26/10/2014;18:23:00;440;sem vítima;24,299999237060547;BR-116/SP;Pista Norte;Outros;1;1;;;;;1
26/10/2014;21:54:00;532;sem vítima;216,89999389648438;BR-116/RJ;Pista Norte;Colisão Traseira;2;2;;;;;1
26/10/2014;12:17:00;250;sem vítima;219,39999389648438;BR-116/SP;Pista Sul;Abalroamento Longitudinal;1;4;;;;;1
26/10/2014;23:05:00;576;sem vítima;223,10000610351562;BR-116/RJ;Pista Norte;Colisão Traseira;1;5;;;;;1
26/10/2014;22:27:00;552;com vítima;309,3500061035156;BR-116/RJ;Pista Norte;Abalroamento Longitudinal;2;1;1;;;;1
27/10/2014;02:42:00;52;sem vítima;92,5;BR-116/SP;Pista Sul;Atropelamento de Animal;1;1;;;;;1
27/10/2014;03:55:00;64;sem vítima;104,69999694824219;BR-116/SP;Pista Sul;Choque em veículo parado na pista;1;2;;;;;1
27/10/2014;11:08:00;290;sem vítima;164,10000610351562;BR-116/RJ;Pista Sul;Choque em Barreira New Jersey;1;2;;;;;1
27/10/2014;19:43:00;618;sem vítima;176,25;BR-116/RJ;Pista Sul;Abalroamento Longitudinal;1;2;;;;;1
27/10/2014;08:38:00;190;sem vítima;210,10000610351562;BR-116/SP;Pista Sul;Engavetamento;1;3;;;;;1
27/10/2014;16:01:00;483;com vítima;307,1000061035156;BR-116/RJ;Pista Norte;Outros;1;1;1;1;;;2
28/10/2014;10:46:00;289;sem vítima;124,19999694824219;BR-116/SP;Pista Norte;Colisão Traseira;1;2;;;;;1
28/10/2014;15:35:00;455;sem vítima;146,1999969482422;BR-116/SP;Pista Norte;Abalroamento Longitudinal;1;2;;;;;1
28/10/2014;19:27:00;608;sem vítima;146,6999969482422;BR-116/SP;Pista Sul;Engavetamento;1;3;;;;;1
28/10/2014;01:30:00;29;com vítima;211,3000030517578;BR-116/RJ;Pista Norte;Tombamento;1;0;1;;;;1
28/10/2014;01:42:00;34;sem vítima;211,3000030517578;BR-116/RJ;Pista Sul;Choque em objeto na pista;1;1;;;;;1
28/10/2014;08:35:00;195;sem vítima;212,1999969482422;BR-116/SP;Pista Sul;Choque em Defensa;1;2;;;;;1
28/10/2014;16:01:00;467;sem vítima;222,14999389648438;BR-116/SP;Pista Norte;Engavetamento;2;6;;;;;1
28/10/2014;05:59:00;84;sem vítima;222,6999969482422;BR-116/RJ;Pista Norte;Abalroamento Longitudinal;2;3;;;;;1
28/10/2014;18:11:00;559;sem vítima;294,5;BR-116/RJ;Pista Sul;Engavetamento;1;8;;;;;1
29/10/2014;11:14:00;339;sem vítima;165,89999389648438;BR-116/RJ;Pista Sul;Colisão Traseira;2;2;;;;;1
29/10/2014;03:48:00;61;sem vítima;181,94000244140625;BR-116/SP;Pista Sul;Colisão Traseira;2;2;;;;;1
29/10/2014;05:55:00;85;sem vítima;212,8000030517578;BR-116/SP;Pista Sul;Colisão Traseira;1;2;;;;;1
29/10/2014;12:35:00;376;com vítima;255,02999877929688;BR-116/RJ;Pista Norte;Colisão Traseira;1;1;;2;;;2
29/10/2014;12:15:00;366;sem vítima;269,45001220703125;BR-116/RJ;Pista Sul;Abalroamento Longitudinal;1;4;;;;;1
29/10/2014;17:35:00;603;sem vítima;299,1000061035156;BR-116/RJ;Pista Sul;Colisão Traseira;1;2;;;;;1
29/10/2014;13:36:00;415;sem vítima;314,5;BR-116/RJ;Pista Sul;Choque em Barreira New Jersey;1;3;;;;;1
29/10/2014;02:17:00;40;sem vítima;332,95001220703125;BR-116/RJ;Pista Norte;Colisão Traseira;2;2;;;;;1
30/10/2014;18:00:00;566;com vítima;86,94999694824219;BR-116/SP;Pista Sul;Colisão Traseira;1;4;1;1;;;2
30/10/2014;05:41:00;71;com vítima;100,62000274658203;BR-116/SP;Pista Norte;Abalroamento Longitudinal;2;2;;2;;1;3
30/10/2014;18:43:00;606;sem vítima;106,5;BR-116/SP;Pista Sul;Abalroamento Longitudinal;1;2;;;;;1
30/10/2014;18:04:00;568;sem vítima;146,39999389648438;BR-116/SP;Pista Norte;Abalroamento Longitudinal;1;2;;;;;1
30/10/2014;23:36:00;725;com vítima;164,60000610351562;BR-116/SP;Pista Norte;Colisão Traseira;2;1;;;1;;2
30/10/2014;18:47:00;611;com vítima;175,1999969482422;BR-116/RJ;Pista Sul;Colisão Traseira;1;1;;1;;;2
30/10/2014;15:44:00;473;sem vítima;201,25;BR-116/SP;Pista Sul;Abalroamento Longitudinal;1;2;;;;;1
30/10/2014;07:57:00;155;com vítima;204,5;BR-116/SP;Pista Sul;Colisão Traseira;1;3;3;;;;1
30/10/2014;15:04:00;453;com vítima;212;BR-116/SP;Pista Sul;Engavetamento;1;9;2;;;;1
30/10/2014;22:19:00;703;sem vítima;217,60000610351562;BR-116/RJ;Pista Sul;Abalroamento Longitudinal;2;2;;;;;1
30/10/2014;17:52:00;561;sem vítima;221,10000610351562;BR-116/SP;Pista Norte;Abalroamento Longitudinal;1;81;;;;;1
30/10/2014;12:04:00;351;sem vítima;223,6999969482422;BR-116/RJ;Pista Norte;Choque Talude;1;1;;;;;1
30/10/2014;15:06:00;455;com vítima;227,1999969482422;BR-116/RJ;Pista Norte;Tombamento;1;0;1;;;;1
30/10/2014;08:45:00;197;sem vítima;268,79998779296875;BR-116/RJ;Pista Norte;Colisão Traseira;2;2;;;;;1
30/10/2014;17:41:00;550;sem vítima;297,5;BR-116/RJ;Pista Sul;Colisão Traseira;1;7;;;;;1
31/10/2014;04:01:00;70;sem vítima;25,549999237060547;BR-116/SP;Pista Norte;Colisão Traseira;2;2;;;;;1
31/10/2014;02:30:00;54;com vítima;52,70000076293945;BR-116/SP;Pista Sul;Colisão Traseira;2;1;;1;;;2
31/10/2014;07:51:00;188;com vítima;56;BR-116/SP;Pista Norte;Engavetamento;2;3;1;;;;1
31/10/2014;15:52:00;597;com vítima;82,30000305175781;BR-116/SP;Pista Sul;Colisão Traseira;2;1;1;;;;1
31/10/2014;16:44:00;632;sem vítima;125,5999984741211;BR-116/SP;Pista Sul;Colisão Traseira;1;2;;;;;1
31/10/2014;12:47:00;452;sem vítima;169;BR-116/RJ;Pista Sul;Colisão Traseira;1;21;;;;;1
31/10/2014;15:52:00;598;sem vítima;174,5500030517578;BR-116/RJ;Pista Sul;Choque em Barreira New Jersey;1;1;;;;;1
31/10/2014;15:38:00;584;sem vítima;176,1999969482422;BR-116/RJ;Pista Sul;Abalroamento Longitudinal;1;5;;;;;1
31/10/2014;20:32:00;813;sem vítima;176,1999969482422;BR-116/RJ;Pista Sul;Abalroamento Longitudinal;1;2;;;;;1
31/10/2014;23:06:00;903;com vítima;197,8000030517578;BR-116/SP;Pista Sul;Colisão Traseira;1;1;1;;;;1
31/10/2014;21:05:00;829;sem vítima;208,5;BR-116/RJ;Pista Norte;Choque em objeto fixo;1;1;;;;;1
31/10/2014;22:48:00;895;sem vítima;212,1999969482422;BR-116/RJ;Pista Sul;Choque em objeto na pista;1;2;;;;;1
31/10/2014;07:08:00;142;sem vítima;224,10000610351562;BR-116/RJ;Pista Norte;Choque em objeto fixo;1;1;;;;;1
31/10/2014;10:23:00;346;com vítima;293,6000061035156;BR-116/RJ;Pista Sul;Engavetamento;2;4;1;;;;1
31/10/2014;19:58:00;780;sem vítima;298,1000061035156;BR-116/RJ;Pista Sul;Choque em objeto na pista;1;6;;;;;1
31/10/2014;13:39:00;491;sem vítima;313,20001220703125;BR-116/RJ;Pista Sul;Outros;1;1;;;;;1
01/11/2014;08:45:00;194;sem vítima;16,600000381469727;BR-116/SP;Pista Sul;Choque em Defensa;2;2;;;;;1
01/11/2014;11:56:00;320;sem vítima;24,799999237060547;BR-116/SP;Pista Sul;Abalroamento Longitudinal;2;2;;;;;1
01/11/2014;20:20:00;637;sem vítima;66,5999984741211;BR-116/SP;Pista Norte;Choque em veículo parado na pista;1;3;;;;;1
01/11/2014;00:38:00;36;sem vítima;76,4000015258789;BR-116/SP;Pista Norte;Choque em objeto na pista;1;1;;;;;1
01/11/2014;18:41:00;570;com vítima;107,69999694824219;BR-116/SP;Pista Norte;Atropelamento de Pedestre Atravessando;1;1;;;1;;2
01/11/2014;17:58:00;535;sem vítima;117,6500015258789;BR-116/SP;Pista Norte;Colisão Traseira;1;2;;;;;1
01/11/2014;07:24:00;155;sem vítima;164,89999389648438;BR-116/RJ;Pista Norte;Colisão Traseira;1;2;;;;;1
01/11/2014;00:53:00;42;com vítima;176,60000610351562;BR-116/RJ;Pista Sul;Colisão Traseira;1;2;;;;1;3
01/11/2014;00:13:00;19;com vítima;254,1999969482422;BR-116/RJ;Pista Sul;Colisão Traseira;1;27;13;11;;;2
01/11/2014;07:48:00;165;com vítima;254,6999969482422;BR-116/RJ;Pista Sul;Colisão Traseira;1;1;1;;;;1
02/11/2014;19:23:00;528;com vítima;70,5;BR-116/SP;Pista Norte;Atropelamento de Pedestre Atravessando;1;1;;;1;;2
02/11/2014;14:44:00;357;sem vítima;86,94999694824219;BR-116/SP;Pista Sul;Colisão Traseira;1;2;;;;;1
02/11/2014;12:51:00;296;sem vítima;264,79998779296875;BR-116/RJ;Pista Norte;Tombamento;1;1;;;;;1
03/11/2014;02:04:00;45;sem vítima;9,699999809265137;BR-116/SP;Pista Sul;Outros;1;1;;;;;1
03/11/2014;12:13:00;386;sem vítima;137,6999969482422;BR-116/SP;Pista Sul;Abalroamento Longitudinal;1;2;;;;;1
03/11/2014;08:44:00;248;sem vítima;145,3000030517578;BR-116/SP;Pista Norte;Abalroamento Longitudinal;1;5;;;;;1
03/11/2014;09:52:00;308;sem vítima;152,6999969482422;BR-116/SP;Pista Norte;Abalroamento Longitudinal;1;2;;;;;1
03/11/2014;21:03:00;744;sem vítima;161,8000030517578;BR-116/SP;Pista Norte;Abalroamento Longitudinal;1;2;;;;;1
03/11/2014;10:36:00;333;com vítima;163,75999450683594;BR-116/SP;Pista Sul;Choque em Defensa;1;0;1;;;;1
03/11/2014;12:14:00;385;sem vítima;166,3000030517578;BR-116/RJ;Pista Sul;Colisão Traseira;1;2;;;;;1
03/11/2014;17:58:00;633;sem vítima;166,3000030517578;BR-116/RJ;Pista Sul;Engavetamento;2;3;;;;;1
03/11/2014;11:22:00;356;sem vítima;170,5;BR-116/RJ;Pista Sul;Outros;1;1;;;;;1
03/11/2014;02:33:00;53;sem vítima;175,1999969482422;BR-116/RJ;Pista Norte;Choque em veículo parado na pista;1;5;;;;;1
03/11/2014;19:33:00;703;sem vítima;193,0500030517578;BR-116/SP;Pista Norte;Colisão Traseira;1;2;;;;;1
03/11/2014;23:29:00;810;sem vítima;210,5;BR-116/SP;Pista Norte;Choque em Defensa;1;2;;;;;1
03/11/2014;22:13:00;782;com vítima;212,10000610351562;BR-116/SP;Pista Sul;Engavetamento;1;4;1;1;;;2
03/11/2014;16:02:00;545;com vítima;219,1999969482422;BR-116/SP;Pista Norte;Colisão Traseira;1;1;;2;;;2
03/11/2014;09:24:00;284;sem vítima;224,8000030517578;BR-116/RJ;Pista Sul;Choque em objeto fixo;1;1;;;;;1
03/11/2014;18:55:00;679;sem vítima;267,3999938964844;BR-116/RJ;Pista Sul;Abalroamento Longitudinal;1;2;;;;;1
03/11/2014;14:51:00;479;com vítima;296,5;BR-116/RJ;Pista Sul;Colisão Traseira;1;2;1;;;;1
03/11/2014;15:15:00;502;com vítima;301,8999938964844;BR-116/RJ;Pista Sul;Colisão Traseira;2;1;1;;;;1
04/11/2014;06:38:00;105;sem vítima;165,60000610351562;BR-116/RJ;Pista Norte;Colisão Traseira;1;2;;;;;1
04/11/2014;07:00:00;122;sem vítima;165,60000610351562;BR-116/RJ;Pista Norte;Abalroamento Longitudinal;1;2;;;;;1
04/11/2014;13:55:00;429;sem vítima;168,3000030517578;BR-116/RJ;Pista Sul;Abalroamento Longitudinal;1;2;;;;;1
04/11/2014;19:10:00;661;sem vítima;176,3000030517578;BR-116/RJ;Pista Sul;Abalroamento Longitudinal;1;2;;;;;1
04/11/2014;00:15:00;12;com vítima;176,39999389648438;BR-116/RJ;Pista Sul;Choque em veículo parado na pista;1;1;1;;;;1
04/11/2014;09:08:00;232;sem vítima;181,60000610351562;BR-116/RJ;Pista Norte;Colisão Traseira;2;2;;;;;1
04/11/2014;21:49:00;732;sem vítima;181,6999969482422;BR-116/RJ;Pista Sul;Abalroamento Longitudinal;1;51;;;;;1
04/11/2014;12:52:00;394;sem vítima;182,3000030517578;BR-116/SP;Pista Norte;Colisão Traseira;1;3;;;;;1
04/11/2014;14:45:00;469;sem vítima;196,3000030517578;BR-116/RJ;Pista Sul;Abalroamento Longitudinal;1;6;;;;;1
04/11/2014;14:16:00;444;sem vítima;198,1999969482422;BR-116/SP;Pista Sul;Colisão Traseira;2;2;;;;;1
04/11/2014;09:22:00;253;sem vítima;211,6999969482422;BR-116/SP;Pista Sul;Abalroamento Longitudinal;1;3;;;;;1
04/11/2014;13:02:00;401;com vítima;218,5;BR-116/SP;Pista Norte;Outros;1;1;;;1;;2
04/11/2014;10:43:00;318;sem vítima;224,5;BR-116/SP;Pista Sul;Colisão Traseira;2;2;;;;;1
04/11/2014;10:11:00;296;sem vítima;226,0500030517578;BR-116/SP;Pista Sul;Abalroamento Longitudinal;1;3;;;;;1
05/11/2014;17:34:00;562;sem vítima;64,5999984741211;BR-116/SP;Pista Sul;Colisão Traseira;1;3;;;;;1
05/11/2014;02:08:00;48;sem vítima;139,5;BR-116/SP;Pista Sul;Choque em veículo parado na pista;1;2;;;;;1
05/11/2014;12:07:00;344;sem vítima;142,8000030517578;BR-116/SP;Pista Norte;Choque em objeto na pista;2;2;;;;;1
05/11/2014;13:07:00;383;sem vítima;142,8000030517578;BR-116/SP;Pista Norte;Outros;2;2;;;;;1
05/11/2014;14:52:00;449;com vítima;152,8000030517578;BR-116/SP;Pista Sul;Choque em veículo parado na pista;2;2;3;;;;1
05/11/2014;16:18:00;515;sem vítima;162,0500030517578;BR-116/SP;Pista Norte;Choque em Defensa;1;2;;;;;1
05/11/2014;15:19:00;470;sem vítima;165,1999969482422;BR-116/SP;Pista Norte;Colisão Traseira;2;10;;;;;1
05/11/2014;10:58:00;308;sem vítima;173,3000030517578;BR-116/RJ;Pista Sul;Queda de Carga;1;3;;;;;1
05/11/2014;03:56:00;69;com vítima;211,5;BR-116/RJ;Pista Norte;Colisão Traseira;2;0;1;1;;;2
05/11/2014;03:23:00;62;sem vítima;216,60000610351562;BR-116/SP;Pista Sul;Engavetamento;1;5;;;;;1
05/11/2014;01:47:00;41;com vítima;264,20001220703125;BR-116/RJ;Pista Norte;Colisão Traseira;2;1;;;1;;2
05/11/2014;14:39:00;444;sem vítima;301,79998779296875;BR-116/RJ;Pista Sul;Colisão Traseira;2;2;;;;;1
06/11/2014;08:46:00;265;sem vítima;29,299999237060547;BR-116/SP;Pista Norte;Choque em objeto na pista;1;1;;;;;1
06/11/2014;09:26:00;302;sem vítima;29,299999237060547;BR-116/SP;Pista Norte;Choque em objeto na pista;1;1;;;;;1
06/11/2014;14:51:00;518;sem vítima;29,799999237060547;BR-116/SP;Pista Sul;Abalroamento Longitudinal;1;2;;;;;1
06/11/2014;18:12:00;655;sem vítima;50,70000076293945;BR-116/SP;Pista Sul;Engavetamento;2;7;;;;;1
06/11/2014;13:15:00;450;sem vítima;58;BR-116/SP;Pista Sul;Colisão Traseira;1;2;;;;;1
06/11/2014;19:11:00;704;sem vítima;63,5;BR-116/SP;Pista Sul;Abalroamento Longitudinal;1;3;;;;;1
06/11/2014;22:57:00;791;sem vítima;75,19999694824219;BR-116/SP;Pista Norte;Choque em objeto na pista;2;2;;;;;1
06/11/2014;10:12:00;339;sem vítima;168,6999969482422;BR-116/RJ;Pista Sul;Colisão Traseira;1;2;;;;;1
06/11/2014;10:30:00;354;sem vítima;180;BR-116/SP;Pista Sul;Colisão Traseira;2;3;;;;;1
06/11/2014;14:11:00;477;sem vítima;180,8000030517578;BR-116/SP;Pista Sul;Colisão Traseira;1;2;;;;;1
06/11/2014;00:32:00;24;sem vítima;190,35000610351562;BR-116/RJ;Pista Sul;Tombamento;1;1;;;;;1
06/11/2014;13:52:00;470;sem vítima;228,6999969482422;BR-116/SP;Pista Norte;Colisão Traseira;1;4;;;;;1
07/11/2014;11:37:00;362;sem vítima;49;BR-116/SP;Pista Norte;Choque em objeto fixo;1;1;;;;;1
07/11/2014;01:37:00;27;sem vítima;143,8000030517578;BR-116/SP;Pista Sul;Colisão Traseira;1;2;;;;;1
07/11/2014;11:34:00;360;sem vítima;191,60000610351562;BR-116/RJ;Pista Sul;Engavetamento;4;5;;;;;1
07/11/2014;19:41:00;733;sem vítima;212,1999969482422;BR-116/SP;Pista Sul;Engavetamento;1;4;;;;;1
07/11/2014;19:34:00;729;sem vítima;222,10000610351562;BR-116/RJ;Pista Sul;Outros;1;1;;;;;1
07/11/2014;17:50:00;637;sem vítima;261,8999938964844;BR-116/RJ;Pista Norte;Colisão Traseira;1;4;;;;;1
07/11/2014;20:12:00;754;sem vítima;292,1499938964844;BR-116/RJ;Pista Norte;Abalroamento Longitudinal;1;4;;;;;1
07/11/2014;06:02:00;75;sem vítima;297,1000061035156;BR-116/RJ;Pista Sul;Choque em Defensa;1;1;;;;;1
08/11/2014;02:51:00;49;com vítima;60,099998474121094;BR-116/SP;Pista Sul;Colisão Traseira;1;1;2;1;;;2
08/11/2014;08:42:00;193;sem vítima;116,8499984741211;BR-116/SP;Pista Sul;Colisão Traseira;1;6;;;;;1
08/11/2014;18:28:00;519;sem vítima;168,3000030517578;BR-116/RJ;Pista Sul;Colisão Traseira;1;4;;;;;1
08/11/2014;17:35:00;490;sem vítima;218,3000030517578;BR-116/RJ;Pista Norte;Queda de Carga;1;1;;;;;1
08/11/2014;09:31:00;224;sem vítima;222,5;BR-116/SP;Pista Norte;Abalroamento Longitudinal;1;2;;;;;1
09/11/2014;12:42:00;274;sem vítima;36,79999923706055;BR-116/SP;Pista Sul;Abalroamento Longitudinal;1;3;;;;;1
09/11/2014;01:21:00;24;sem vítima;180,3000030517578;BR-116/RJ;Pista Norte;Colisão Traseira;1;2;;;;;1
09/11/2014;05:21:00;72;com vítima;185,35000610351562;BR-116/RJ;Pista Norte;Engavetamento;1;12;1;;;;1
09/11/2014;04:50:00;65;sem vítima;276,3999938964844;BR-116/RJ;Pista Sul;Colisão Traseira;2;2;;;;;1
10/11/2014;23:07:00;760;com vítima;60,400001525878906;BR-116/SP;Pista Norte;Abalroamento Longitudinal;1;2;2;;;;1
10/11/2014;14:45:00;464;sem vítima;86,69999694824219;BR-116/SP;Pista Sul;Choque em Barreira New Jersey;1;2;;;;;1
10/11/2014;18:08:00;596;com vítima;121,27999877929688;BR-116/SP;Pista Norte;Colisão Traseira;1;1;1;;;;1
10/11/2014;16:50:00;539;sem vítima;139,8000030517578;BR-116/SP;Pista Norte;Colisão Traseira;1;2;;;;;1
10/11/2014;17:45:00;578;sem vítima;139,9499969482422;BR-116/SP;Pista Norte;Colisão Traseira;2;2;;;;;1
10/11/2014;01:49:00;37;sem vítima;174,42999267578125;BR-116/SP;Pista Sul;Atropelamento de Animal;3;3;;;;;1
10/11/2014;16:33:00;529;sem vítima;182,60000610351562;BR-116/RJ;Pista Norte;Colisão Traseira;1;4;;;;;1
10/11/2014;03:46:00;66;com vítima;188,89999389648438;BR-116/RJ;Pista Norte;Colisão Traseira;2;1;1;;;;1
10/11/2014;10:42:00;329;com vítima;212,25;BR-116/SP;Pista Sul;Abalroamento Longitudinal;1;2;1;1;;;2
10/11/2014;09:15:00;254;sem vítima;219,39999389648438;BR-116/RJ;Pista Norte;Queda de Carga;1;1;;;;;1
10/11/2014;00:05:00;8;sem vítima;232,60000610351562;BR-116/RJ;Pista Norte;Abalroamento Longitudinal;1;6;;;;;1
11/11/2014;00:10:00;15;sem vítima;86,94999694824219;BR-116/SP;Pista Sul;Abalroamento Longitudinal;1;3;;;;;1
11/11/2014;01:04:00;25;sem vítima;115,9000015258789;BR-116/SP;Pista Sul;Choque em veículo parado na pista;2;6;;;;;1
11/11/2014;22:42:00;743;com vítima;197,3000030517578;BR-116/SP;Pista Sul;Colisão Traseira;2;1;;;;1;3
11/11/2014;05:38:00;93;com vítima;212,3000030517578;BR-116/SP;Pista Sul;Engavetamento;1;5;1;;;;1
11/11/2014;11:10:00;342;com vítima;223,1999969482422;BR-116/RJ;Pista Norte;Tombamento;1;0;1;;;;1
11/11/2014;16:27:00;527;sem vítima;224,89999389648438;BR-116/RJ;Pista Norte;Colisão Traseira;2;2;;;;;1
12/11/2014;00:14:00;14;sem vítima;29,399999618530273;BR-116/SP;Pista Sul;Colisão Traseira;2;2;;;;;1
12/11/2014;09:46:00;287;sem vítima;51;BR-116/SP;Pista Norte;Choque em objeto na pista;2;3;;;;;1
12/11/2014;05:15:00;70;com vítima;120;BR-116/SP;Pista Norte;Colisão Traseira;2;0;;1;;1;3
12/11/2014;20:28:00;688;sem vítima;126,19999694824219;BR-116/SP;Pista Sul;Choque em veículo parado na pista;1;4;;;;;1
12/11/2014;17:01:00;561;sem vítima;162,10000610351562;BR-116/SP;Pista Norte;Choque em objeto fixo;1;1;;;;;1
12/11/2014;03:10:00;52;sem vítima;165,1999969482422;BR-116/SP;Pista Sul;Colisão Traseira;2;2;;;;;1
12/11/2014;04:49:00;65;sem vítima;178;BR-116/SP;Pista Sul;Abalroamento Longitudinal;1;3;;;;;1
12/11/2014;14:57:00;476;sem vítima;210;BR-116/SP;Pista Sul;Abalroamento Longitudinal;2;3;;;;;1
12/11/2014;18:46:00;629;sem vítima;210,3000030517578;BR-116/RJ;Pista Sul;Choque em objeto fixo;1;1;;;;;1
12/11/2014;19:24:00;652;sem vítima;210,3000030517578;BR-116/RJ;Pista Sul;Colisão Traseira;1;44;;;;;1
12/11/2014;14:39:00;468;sem vítima;212,60000610351562;BR-116/SP;Pista Norte;Colisão Traseira;2;2;;;;;1
12/11/2014;07:31:00;157;sem vítima;286,29998779296875;BR-116/RJ;Pista Norte;Colisão Traseira;1;2;;;;;1
13/11/2014;20:05:00;654;com vítima;17;BR-116/SP;Pista Sul;Choque em Barreira New Jersey;1;0;;1;;;2
13/11/2014;09:07:00;253;sem vítima;29;BR-116/SP;Pista Sul;Abalroamento Longitudinal;2;2;;;;;1
13/11/2014;03:00:00;59;sem vítima;57,439998626708984;BR-116/SP;Pista Norte;Choque em objeto fixo;1;2;;;;;1
13/11/2014;19:12:00;623;sem vítima;64,19999694824219;BR-116/SP;Pista Sul;Choque em Defensa;1;3;;;;;1
13/11/2014;23:07:00;740;com vítima;85,6500015258789;BR-116/SP;Pista Norte;Colisão Traseira;2;1;;;1;;2
13/11/2014;19:13:00;626;sem vítima;134,11700439453125;BR-116/SP;Pista Sul;Colisão Traseira;2;2;;;;;1
13/11/2014;21:31:00;705;sem vítima;155,3000030517578;BR-116/SP;Pista Sul;Abalroamento Longitudinal;1;2;;;;;1
13/11/2014;17:19:00;535;com vítima;165,1999969482422;BR-116/RJ;Pista Norte;Colisão Traseira;1;1;1;;;;1
13/11/2014;22:16:00;720;com vítima;165,5;BR-116/RJ;Pista Sul;Tombamento;1;1;1;3;;;2
13/11/2014;06:59:00;142;sem vítima;168,4499969482422;BR-116/RJ;Pista Norte;Abalroamento Longitudinal;1;3;;;;;1
13/11/2014;09:14:00;265;sem vítima;176,6999969482422;BR-116/RJ;Pista Norte;Abalroamento Longitudinal;1;2;;;;;1