data;horario;n_da_ocorrencia;tipo_de_ocorrencia;km;trecho;sentido;tipo_de_acidente;caminhao;ilesos;levemente_feridos;moderadamente_feridos;gravemente_feridos;mortos;3
05/12/2014;09:36:00;280;com vítima;226,3000030517578;BR-116/SP;Pista Sul;Engavetamento;1;3;1;;;;1
05/12/2014;15:08:00;521;sem vítima;227,8000030517578;BR-116/SP;Pista Norte;Abalroamento Longitudinal;1;3;;;;;1
05/12/2014;09:52:00;293;sem vítima;244,0399932861328;BR-116/RJ;Pista Norte;Abalroamento Longitudinal;1;6;;;;;1
05/12/2014;12:07:00;386;sem vítima;291,5899963378906;BR-116/RJ;Pista Sul;Choque em objeto na pista;1;2;;;;;1
05/12/2014;19:57:00;723;sem vítima;297,8500061035156;BR-116/RJ;Pista Sul;Engavetamento;2;3;;;;;1
05/12/2014;05:58:00;84;com vítima;323,20001220703125;BR-116/RJ;Pista Sul;Choque em objeto na pista;2;1;1;;;;1
06/12/2014;08:41:00;207;com vítima;39;BR-116/SP;Pista Sul;Queda de moto;1;1;;1;;;2
06/12/2014;14:17:00;400;sem vítima;53,20000076293945;BR-116/SP;Pista Sul;Colisão Traseira;1;3;;;;;1
06/12/2014;14:35:00;410;sem vítima;101,4000015258789;BR-116/SP;Pista Norte;Colisão Traseira;1;2;;;;;1
06/12/2014;16:12:00;463;com vítima;107,5;BR-116/SP;Pista Norte;Colisão Traseira;1;2;1;;;;1
06/12/2014;10:14:00;268;sem vítima;124,5;BR-116/SP;Pista Norte;Engavetamento;1;11;;;;;1
06/12/2014;16:18:00;467;sem vítima;165,1999969482422;BR-116/SP;Pista Sul;Colisão Traseira;1;2;;;;;1
06/12/2014;18:01:00;538;sem vítima;190,6999969482422;BR-116/SP;Pista Norte;Abalroamento Longitudinal;1;2;;;;;1
06/12/2014;14:41:00;414;com vítima;222,3000030517578;BR-116/RJ;Pista Sul;Abalroamento Longitudinal;1;1;1;;;;1
07/12/2014;15:37:00;394;com vítima;27,5;BR-116/SP;Pista Sul;Tombamento;1;0;;1;;;2
07/12/2014;04:26:00;71;sem vítima;103;BR-116/SP;Pista Norte;Colisão Traseira;1;2;;;;;1
07/12/2014;16:09:00;419;com vítima;164,1999969482422;BR-116/RJ;Pista Sul;Choque em Defensa;1;1;;1;;;2
07/12/2014;21:51:00;651;sem vítima;190,10000610351562;BR-116/RJ;Pista Norte;Abalroamento Longitudinal;1;3;;;;;1
07/12/2014;18:50:00;530;sem vítima;202;BR-116/SP;Pista Norte;Choque em objeto fixo;1;1;;;;;1
08/12/2014;07:33:00;169;sem vítima;30,219999313354492;BR-116/SP;Pista Sul;Colisão Traseira;1;2;;;;;1
08/12/2014;16:26:00;565;sem vítima;34,04999923706055;BR-116/SP;Pista Sul;Colisão Traseira;3;3;;;;;1
08/12/2014;16:58:00;587;com vítima;37,70000076293945;BR-116/SP;Pista Sul;Engavetamento;2;2;1;1;;;2
08/12/2014;17:23:00;609;sem vítima;86,94999694824219;BR-116/SP;Pista Sul;Abalroamento Longitudinal;1;3;;;;;1
08/12/2014;17:47:00;630;com vítima;119,69999694824219;BR-116/SP;Pista Norte;Colisão Traseira;1;3;1;;;;1
08/12/2014;16:23:00;563;sem vítima;127;BR-116/SP;Pista Norte;Colisão Traseira;2;2;;;;;1
08/12/2014;08:21:00;210;com vítima;161,89999389648438;BR-116/SP;Pista Norte;Engavetamento;5;3;2;;1;1;3
08/12/2014;04:48:00;88;sem vítima;223,10000610351562;BR-116/RJ;Pista Norte;Abalroamento Longitudinal;1;2;;;;;1
08/12/2014;18:47:00;678;sem vítima;225,10000610351562;BR-116/RJ;Pista Sul;Abalroamento Longitudinal;1;2;;;;;1
08/12/2014;22:23:00;822;sem vítima;285,29998779296875;BR-116/RJ;Pista Norte;Colisão Traseira;2;3;;;;;1
08/12/2014;18:23:00;661;sem vítima;293,20001220703125;BR-116/RJ;Pista Sul;Engavetamento;1;7;;;;;1
09/12/2014;20:31:00;697;com vítima;30,899999618530273;BR-116/SP;Pista Sul;Colisão Traseira;2;2;1;;;;1
09/12/2014;17:34:00;585;sem vítima;59,400001525878906;BR-116/SP;Pista Norte;Choque em objeto fixo;1;2;;;;;1
09/12/2014;13:33:00;430;sem vítima;65;BR-116/SP;Pista Sul;Tombamento;1;2;;;;;1
09/12/2014;23:04:00;768;sem vítima;149,39999389648438;BR-116/SP;Pista Norte;Colisão Traseira;1;2;;;;;1
09/12/2014;09:33:00;269;sem vítima;182,3000030517578;BR-116/SP;Pista Norte;Colisão Traseira;2;3;;;;;1
09/12/2014;15:58:00;526;sem vítima;219,6999969482422;BR-116/SP;Pista Sul;Colisão Traseira;1;2;;;;;1
09/12/2014;16:18:00;535;com vítima;220,6999969482422;BR-116/SP;Pista Norte;Abalroamento Longitudinal;1;2;2;;;;1
09/12/2014;15:35:00;509;sem vítima;224;BR-116/SP;Pista Sul;Colisão Traseira;1;7;;;;;1
09/12/2014;08:22:00;207;sem vítima;316,29998779296875;BR-116/RJ;Pista Sul;Colisão Traseira;2;3;;;;;1
10/12/2014;09:09:00;275;sem vítima;18,350000381469727;BR-116/SP;Pista Norte;Engavetamento;1;5;;;;;1
10/12/2014;11:56:00;408;sem vítima;61,599998474121094;BR-116/SP;Pista Norte;Colisão Traseira;2;8;;;;;1
10/12/2014;02:33:00;46;sem vítima;72,19999694824219;BR-116/SP;Pista Norte;Colisão Traseira;2;2;;;;;1
10/12/2014;19:11:00;731;sem vítima;157,8000030517578;BR-116/SP;Pista Sul;Colisão Traseira;1;3;;;;;1
10/12/2014;14:42:00;522;sem vítima;159,60000610351562;BR-116/SP;Pista Sul;Abalroamento Longitudinal;2;2;;;;;1
10/12/2014;04:04:00;64;com vítima;167,1999969482422;BR-116/RJ;Pista Norte;Atropelamento de Pedestre Caminhando;1;2;;1;;;2
10/12/2014;15:54:00;571;sem vítima;175;BR-116/RJ;Pista Sul;Outros;1;16;;;;;1
10/12/2014;22:12:00;818;sem vítima;175,3000030517578;BR-116/RJ;Pista Sul;Colisão Traseira;1;26;;;;;1
10/12/2014;12:56:00;451;sem vítima;176,3000030517578;BR-116/RJ;Pista Sul;Abalroamento Longitudinal;1;2;;;;;1
10/12/2014;00:54:00;27;sem vítima;178,39999389648438;BR-116/RJ;Pista Norte;Colisão Traseira;1;3;;;;;1
10/12/2014;17:06:00;630;sem vítima;190,39999389648438;BR-116/SP;Pista Sul;Tombamento;1;1;;;;;1
10/12/2014;20:02:00;759;sem vítima;193,5;BR-116/SP;Pista Norte;Abalroamento Longitudinal;1;30;;;;;1
10/12/2014;07:30:00;164;sem vítima;215,8000030517578;BR-116/SP;Pista Norte;Colisão Traseira;1;3;;;;;1
10/12/2014;15:48:00;567;sem vítima;217;BR-116/SP;Pista Sul;Colisão Traseira;1;2;;;;;1
10/12/2014;13:55:00;492;sem vítima;252,8000030517578;BR-116/RJ;Pista Norte;Tombamento;1;1;;;;;1
10/12/2014;22:25:00;825;sem vítima;272,8500061035156;BR-116/RJ;Pista Norte;Colisão Traseira;1;3;;;;;1
10/12/2014;05:11:00;80;sem vítima;285,1000061035156;BR-116/RJ;Pista Sul;Colisão Traseira;2;2;;;;;1
10/12/2014;18:57:00;719;com vítima;292,5;BR-116/RJ;Pista Norte;Abalroamento Longitudinal;1;1;1;;;;1
11/12/2014;16:56:00;578;sem vítima;37,81999969482422;BR-116/SP;Pista Norte;Engavetamento;3;8;;;;;1
11/12/2014;10:03:00;292;sem vítima;68;BR-116/SP;Pista Norte;Colisão Traseira;2;3;;;;;1
11/12/2014;17:28:00;597;sem vítima;115,5999984741211;BR-116/SP;Pista Norte;Colisão Traseira;2;2;;;;;1
11/12/2014;17:20:00;592;sem vítima;134,6999969482422;BR-116/SP;Pista Sul;Colisão Traseira;1;2;;;;;1
11/12/2014;07:19:00;157;com vítima;166,1999969482422;BR-116/RJ;Pista Norte;Colisão Traseira;1;1;;1;;;2
11/12/2014;09:55:00;287;sem vítima;169;BR-116/RJ;Pista Norte;Colisão Traseira;1;2;;;;;1
11/12/2014;22:54:00;778;sem vítima;182,3000030517578;BR-116/SP;Pista Norte;Choque em veículo parado na pista;1;2;;;;;1
11/12/2014;02:16:00;55;sem vítima;206,39999389648438;BR-116/RJ;Pista Norte;Colisão Traseira;2;3;;;;;1
11/12/2014;05:12:00;98;sem vítima;206,60000610351562;BR-116/RJ;Pista Norte;Abalroamento Longitudinal;2;3;;;;;1
11/12/2014;19:08:00;662;sem vítima;224,60000610351562;BR-116/RJ;Pista Norte;Colisão Traseira;3;5;;;;;1
11/12/2014;06:38:00;129;sem vítima;225,1999969482422;BR-116/RJ;Pista Norte;Abalroamento Longitudinal;1;32;;;;;1
11/12/2014;08:18:00;206;sem vítima;230,35000610351562;BR-116/RJ;Pista Norte;Colisão Traseira;1;2;;;;;1
11/12/2014;17:14:00;588;sem vítima;272,20001220703125;BR-116/RJ;Pista Norte;Colisão Traseira;1;2;;;;;1
11/12/2014;19:28:00;674;com vítima;285,1000061035156;BR-116/RJ;Pista Sul;Choque Talude;1;0;;1;;;2
11/12/2014;13:39:00;456;com vítima;295;BR-116/RJ;Pista Sul;Colisão Traseira;2;1;2;1;1;;2
11/12/2014;03:45:00;69;com vítima;323,8999938964844;BR-116/RJ;Pista Norte;Colisão Traseira;1;3;;2;;;2
12/12/2014;20:31:00;797;com vítima;95,0999984741211;BR-116/SP;Pista Norte;Abalroamento Longitudinal;1;1;1;;;;1
12/12/2014;17:45:00;683;com vítima;133,89999389648438;BR-116/SP;Pista Sul;Engavetamento;1;3;1;;;;1
12/12/2014;19:02:00;736;sem vítima;161,35000610351562;BR-116/SP;Pista Norte;Colisão Traseira;1;2;;;;;1
12/12/2014;05:07:00;105;sem vítima;167,6999969482422;BR-116/RJ;Pista Norte;Colisão Traseira;1;3;;;;;1
12/12/2014;12:30:00;453;sem vítima;175;BR-116/RJ;Pista Norte;Abalroamento Longitudinal;1;5;;;;;1
12/12/2014;03:47:00;90;sem vítima;180,10000610351562;BR-116/RJ;Pista Norte;Abalroamento Longitudinal;1;2;;;;;1
12/12/2014;03:20:00;82;sem vítima;183,60000610351562;BR-116/SP;Pista Sul;Colisão Traseira;2;2;;;;;1
12/12/2014;16:53:00;632;sem vítima;207;BR-116/RJ;Pista Sul;Abalroamento Longitudinal;1;2;;;;;1
12/12/2014;06:47:00;157;sem vítima;207,10000610351562;BR-116/RJ;Pista Sul;Colisão Traseira;1;6;;;;;1
12/12/2014;10:58:00;388;sem vítima;223,17999267578125;BR-116/RJ;Pista Norte;Tombamento;1;1;;;;;1
12/12/2014;09:16:00;300;sem vítima;223,3000030517578;BR-116/RJ;Pista Norte;Colisão Traseira;2;2;;;;;1
12/12/2014;15:21:00;573;sem vítima;225,1999969482422;BR-116/RJ;Pista Norte;Engavetamento;1;5;;;;;1
12/12/2014;13:12:00;481;sem vítima;227,5;BR-116/SP;Pista Sul;Colisão Traseira;1;2;;;;;1
12/12/2014;23:08:00;889;sem vítima;227,6999969482422;BR-116/SP;Pista Norte;Choque em Barreira New Jersey;1;1;;;;;1
12/12/2014;04:13:00;94;sem vítima;276;BR-116/RJ;Pista Sul;Choque em objeto fixo;1;1;;;;;1
12/12/2014;23:30:00;897;sem vítima;320,8999938964844;BR-116/RJ;Pista Sul;Colisão Traseira;1;4;;;;;1
13/12/2014;07:20:00;154;sem vítima;70;BR-116/SP;Pista Norte;Colisão Traseira;2;5;;;;;1
13/12/2014;00:23:00;22;sem vítima;116,19999694824219;BR-116/SP;Pista Sul;Abalroamento Longitudinal;1;2;;;;;1
13/12/2014;09:49:00;274;sem vítima;124,30000305175781;BR-116/SP;Pista Norte;Colisão Traseira;2;2;;;;;1
13/12/2014;14:37:00;443;com vítima;164,10000610351562;BR-116/RJ;Pista Sul;Choque em objeto fixo;1;0;2;;;;1
13/12/2014;13:27:00;397;sem vítima;207;BR-116/RJ;Pista Norte;Colisão Traseira;2;2;;;;;1
13/12/2014;05:49:00;96;sem vítima;212,3000030517578;BR-116/SP;Pista Sul;Abalroamento Longitudinal;1;2;;;;;1
13/12/2014;09:57:00;282;sem vítima;215,10000610351562;BR-116/SP;Pista Sul;Abalroamento Longitudinal;2;2;;;;;1
13/12/2014;16:41:00;511;sem vítima;225,10000610351562;BR-116/RJ;Pista Norte;Choque em Barreira New Jersey;1;1;;;;;1
13/12/2014;15:27:00;465;sem vítima;227,6999969482422;BR-116/SP;Pista Norte;Abalroamento Longitudinal;1;4;;;;;1
13/12/2014;17:22:00;529;com vítima;232,3300018310547;BR-116/RJ;Pista Norte;Tombamento;1;0;1;1;;;2
13/12/2014;10:09:00;287;com vítima;255,9499969482422;BR-116/RJ;Pista Norte;Colisão Traseira;1;32;5;1;1;;2
13/12/2014;23:02:00;714;sem vítima;319,3999938964844;BR-116/RJ;Pista Norte;Choque em Barreira New Jersey;1;1;;;;;1
14/12/2014;18:13:00;510;sem vítima;19,899999618530273;BR-116/SP;Pista Norte;Colisão Traseira;2;2;;;;;1
14/12/2014;18:04:00;503;sem vítima;72,30000305175781;BR-116/SP;Pista Sul;Abalroamento Longitudinal;1;7;;;;;1
14/12/2014;15:22:00;394;sem vítima;88,5999984741211;BR-116/SP;Pista Norte;Choque em objeto fixo;1;1;;;;;1
14/12/2014;22:49:00;654;com vítima;146;BR-116/SP;Pista Norte;Choque em objeto na pista;1;6;1;;;;1
15/12/2014;15:53:00;523;com vítima;86,94999694824219;BR-116/SP;Pista Sul;Atropelamento de Pedestre Atravessando;1;1;;;;1;3
15/12/2014;23:06:00;759;com vítima;102,69999694824219;BR-116/SP;Pista Sul;Queda de ribanceira;1;0;;1;;;2
15/12/2014;06:40:00;124;sem vítima;117,5;BR-116/SP;Pista Norte;Choque em Barreira New Jersey;1;2;;;;;1
15/12/2014;07:55:00;196;sem vítima;165,9499969482422;BR-116/RJ;Pista Norte;Tombamento;1;3;;;;;1
15/12/2014;12:14:00;393;sem vítima;222,8000030517578;BR-116/SP;Pista Norte;Colisão Traseira;1;4;;;;;1
15/12/2014;10:25:00;314;sem vítima;224,5;BR-116/RJ;Pista Norte;Colisão Traseira;1;5;;;;;1
15/12/2014;00:19:00;12;com vítima;227,14999389648438;BR-116/RJ;Pista Norte;Choque em Defensa;1;0;1;;;;1
15/12/2014;16:57:00;564;com vítima;300,20001220703125;BR-116/RJ;Pista Sul;Engavetamento;2;3;;1;;;2
16/12/2014;10:06:00;289;sem vítima;23,200000762939453;BR-116/SP;Pista Sul;Abalroamento Longitudinal;2;2;;;;;1
16/12/2014;14:43:00;460;sem vítima;24,299999237060547;BR-116/SP;Pista Sul;Colisão Traseira;1;3;;;;;1
16/12/2014;12:38:00;387;sem vítima;59;BR-116/SP;Pista Norte;Colisão Traseira;1;2;;;;;1
16/12/2014;18:00:00;613;sem vítima;64,30000305175781;BR-116/SP;Pista Norte;Choque em objeto na pista;1;4;;;;;1
16/12/2014;11:17:00;333;sem vítima;175;BR-116/RJ;Pista Sul;Colisão Traseira;1;2;;;;;1
16/12/2014;17:13:00;571;sem vítima;192,5500030517578;BR-116/RJ;Pista Sul;Colisão Traseira;1;2;;;;;1
16/12/2014;06:15:00;92;sem vítima;202,39999389648438;BR-116/SP;Pista Norte;Colisão Traseira;1;4;;;;;1
16/12/2014;05:40:00;75;sem vítima;218,75;BR-116/SP;Pista Sul;Colisão Traseira;2;2;;;;;1
16/12/2014;18:21:00;630;sem vítima;224,3000030517578;BR-116/RJ;Pista Norte;Choque Talude;1;1;;;;;1
16/12/2014;10:50:00;322;sem vítima;269;BR-116/RJ;Pista Norte;Abalroamento Longitudinal;2;2;;;;;1
16/12/2014;11:26:00;344;com vítima;277,5;BR-116/RJ;Pista Sul;Colisão Traseira;1;3;1;;;;1
16/12/2014;00:46:00;22;sem vítima;313,20001220703125;BR-116/RJ;Pista Norte;Colisão Traseira;1;2;;;;;1
17/12/2014;09:22:00;253;sem vítima;133,1999969482422;BR-116/SP;Pista Sul;Abalroamento Longitudinal;1;2;;;;;1
17/12/2014;07:22:00;138;com vítima;146,39999389648438;BR-116/SP;Pista Sul;Engavetamento;1;8;1;;;;1
17/12/2014;03:36:00;55;com vítima;158,89999389648438;BR-116/SP;Pista Sul;Colisão Traseira;2;1;;;1;;2
17/12/2014;02:50:00;50;com vítima;160,60000610351562;BR-116/SP;Pista Sul;Outros;2;2;2;;;;1
17/12/2014;08:54:00;230;sem vítima;164,5;BR-116/RJ;Pista Norte;Colisão Traseira;1;3;;;;;1
17/12/2014;09:06:00;241;sem vítima;165,0500030517578;BR-116/RJ;Pista Norte;Colisão Traseira;1;2;;;;;1
17/12/2014;17:56:00;620;sem vítima;165,60000610351562;BR-116/RJ;Pista Sul;Abalroamento Longitudinal;1;2;;;;;1
17/12/2014;16:00:00;548;com vítima;165,9600067138672;BR-116/RJ;Pista Sul;Choque em Barreira New Jersey;1;0;2;;;;1
17/12/2014;07:25:00;141;sem vítima;221,6999969482422;BR-116/RJ;Pista Sul;Colisão Traseira;1;2;;;;;1
17/12/2014;09:31:00;260;sem vítima;224,60000610351562;BR-116/SP;Pista Sul;Tombamento;1;1;;;;;1
17/12/2014;12:10:00;391;sem vítima;270,25;BR-116/RJ;Pista Sul;Colisão Traseira;2;2;;;;;1
17/12/2014;20:28:00;732;sem vítima;332,5;BR-116/RJ;Pista Sul;Choque em objeto na pista;1;1;;;;;1
18/12/2014;09:53:00;299;sem vítima;182;BR-116/RJ;Pista Norte;Colisão Traseira;1;2;;;;;1
18/12/2014;12:26:00;411;sem vítima;206,1999969482422;BR-116/SP;Pista Sul;Colisão Traseira;1;2;;;;;1
18/12/2014;03:23:00;55;sem vítima;207,1999969482422;BR-116/RJ;Pista Sul;Colisão Traseira;2;2;;;;;1
18/12/2014;05:42:00;86;sem vítima;210,60000610351562;BR-116/SP;Pista Sul;Engavetamento;1;5;;;;;1
18/12/2014;11:04:00;358;com vítima;213,1999969482422;BR-116/SP;Pista Sul;Engavetamento;1;5;1;;;;1
18/12/2014;07:15:00;146;sem vítima;216,1999969482422;BR-116/RJ;Pista Norte;Choque em objeto fixo;1;1;;;;;1
18/12/2014;07:11:00;143;com vítima;219,39999389648438;BR-116/SP;Pista Sul;Abalroamento Longitudinal;1;1;1;;;;1
18/12/2014;12:53:00;438;sem vítima;222,1999969482422;BR-116/SP;Pista Sul;Colisão Traseira;1;2;;;;;1
18/12/2014;02:24:00;44;sem vítima;226,5;BR-116/RJ;Pista Norte;Queda de Carga;1;1;;;;;1
18/12/2014;08:23:00;215;sem vítima;252;BR-116/RJ;Pista Norte;Engavetamento;4;4;;;;;1
18/12/2014;08:38:00;225;sem vítima;252,10000610351562;BR-116/RJ;Pista Norte;Colisão Traseira;1;5;;;;;1
18/12/2014;17:50:00;681;sem vítima;273,79998779296875;BR-116/RJ;Pista Sul;Engavetamento;1;3;;;;;1
18/12/2014;09:57:00;302;sem vítima;276,70001220703125;BR-116/RJ;Pista Sul;Abalroamento Longitudinal;2;2;;;;;1
18/12/2014;11:10:00;360;sem vítima;287,79998779296875;BR-116/RJ;Pista Sul;Colisão Traseira;1;2;;;;;1
18/12/2014;12:14:00;403;sem vítima;296,1000061035156;BR-116/RJ;Pista Sul;Abalroamento Longitudinal;2;4;;;;;1
18/12/2014;13:38:00;471;com vítima;314,5;BR-116/RJ;Pista Sul;Colisão Traseira;1;4;2;;;;1
18/12/2014;01:21:00;28;sem vítima;333;BR-116/RJ;Pista Norte;Colisão Traseira;1;3;;;;;1
19/12/2014;00:40:00;21;sem vítima;10,800000190734863;BR-116/SP;Pista Sul;Abalroamento Longitudinal;1;5;;;;;1
19/12/2014;14:11:00;516;sem vítima;31;BR-116/SP;Pista Norte;Colisão Traseira;2;2;;;;;1
19/12/2014;20:11:00;824;com vítima;33,900001525878906;BR-116/SP;Pista Sul;Choque em Barreira New Jersey;1;0;1;;;;1
19/12/2014;08:25:00;239;sem vítima;144,39999389648438;BR-116/SP;Pista Norte;Abalroamento Longitudinal;1;3;;;;;1
19/12/2014;21:23:00;870;sem vítima;166,3000030517578;BR-116/SP;Pista Sul;Colisão Traseira;1;2;;;;;1
19/12/2014;14:07:00;514;sem vítima;204,39999389648438;BR-116/RJ;Pista Sul;Colisão Traseira;1;2;;;;;1
19/12/2014;14:57:00;552;com vítima;205,8000030517578;BR-116/RJ;Pista Sul;Tombamento;1;0;;1;;;2
19/12/2014;13:29:00;478;sem vítima;219,1999969482422;BR-116/RJ;Pista Sul;Abalroamento Longitudinal;1;3;;;;;1
19/12/2014;05:28:00;103;com vítima;222,5500030517578;BR-116/RJ;Pista Norte;Tombamento;1;0;1;;;;1
19/12/2014;23:18:00;937;sem vítima;229,5;BR-116/SP;Pista Norte;Colisão Traseira;1;3;;;;;1
19/12/2014;17:19:00;680;com vítima;231;BR-116/SP;Pista Sul;Colisão Traseira;1;2;3;;;;1
19/12/2014;16:07:00;618;sem vítima;232,3000030517578;BR-116/RJ;Pista Norte;Choque em Barreira New Jersey;1;1;;;;;1
19/12/2014;20:53:00;852;sem vítima;268,79998779296875;BR-116/RJ;Pista Sul;Choque em veículo parado na pista;3;3;;;;;1
19/12/2014;04:27:00;84;sem vítima;278;BR-116/RJ;Pista Norte;Abalroamento Longitudinal;2;2;;;;;1
19/12/2014;07:47:00;193;sem vítima;281;BR-116/RJ;Pista Sul;Choque em objeto na pista;1;3;;;;;1
20/12/2014;05:28:00;109;com vítima;86,9000015258789;BR-116/SP;Pista Sul;Engavetamento;1;4;3;2;;;2
20/12/2014;14:05:00;460;sem vítima;88,0999984741211;BR-116/SP;Pista Norte;Engavetamento;1;11;;;;;1
20/12/2014;13:34:00;437;sem vítima;89,30000305175781;BR-116/SP;Pista Norte;Abalroamento Longitudinal;1;2;;;;;1
20/12/2014;11:39:00;368;com vítima;162;BR-116/SP;Pista Sul;Choque em objeto fixo;1;1;1;;;;1
20/12/2014;02:08:00;46;sem vítima;206,8000030517578;BR-116/SP;Pista Norte;Choque em objeto fixo;1;1;;;;;1
20/12/2014;18:15:00;655;sem vítima;213,6999969482422;BR-116/SP;Pista Sul;Colisão Traseira;1;3;;;;;1
20/12/2014;07:51:00;184;sem vítima;229;BR-116/SP;Pista Norte;Choque em veículo parado na pista;1;2;;;;;1
20/12/2014;19:22:00;698;sem vítima;230,5;BR-116/SP;Pista Norte;Colisão Traseira;1;2;;;;;1
20/12/2014;10:31:00;310;com vítima;246,8000030517578;BR-116/RJ;Pista Norte;Abalroamento Longitudinal;1;1;1;;;;1
20/12/2014;06:43:00;139;sem vítima;276;BR-116/RJ;Pista Sul;Abalroamento Longitudinal;1;3;;;;;1
20/12/2014;15:42:00;537;com vítima;298;BR-116/RJ;Pista Sul;Tombamento;1;1;1;;;;1
20/12/2014;04:33:00;93;com vítima;313,70001220703125;BR-116/RJ;Pista Sul;Choque em veículo parado na pista;1;1;;;;1;3
20/12/2014;07:24:00;163;sem vítima;315,05999755859375;BR-116/RJ;Pista Norte;Abalroamento Longitudinal;1;3;;;;;1
21/12/2014;06:32:00;128;sem vítima;214;BR-116/RJ;Pista Norte;Choque em Barreira New Jersey;1;2;;;;;1
21/12/2014;07:23:00;152;sem vítima;224,60000610351562;BR-116/RJ;Pista Norte;Abalroamento Longitudinal;1;3;;;;;1
21/12/2014;00:24:00;17;com vítima;284,8999938964844;BR-116/RJ;Pista Sul;Colisão Traseira;2;0;3;;;;1
22/12/2014;06:51:00;122;sem vítima;23,299999237060547;BR-116/SP;Pista Norte;Tombamento;1;1;;;;;1
22/12/2014;18:46:00;626;sem vítima;34,849998474121094;BR-116/SP;Pista Norte;Choque em Barreira New Jersey;1;3;;;;;1
22/12/2014;13:18:00;390;sem vítima;71,80000305175781;BR-116/SP;Pista Norte;Abalroamento Longitudinal;1;2;;;;;1
22/12/2014;09:27:00;244;sem vítima;112,80000305175781;BR-116/SP;Pista Norte;Colisão Traseira;1;3;;;;;1
22/12/2014;07:54:00;164;sem vítima;146,6999969482422;BR-116/SP;Pista Norte;Engavetamento;2;8;;;;;1
22/12/2014;15:09:00;468;sem vítima;165,1999969482422;BR-116/SP;Pista Sul;Colisão Traseira;2;2;;;;;1
22/12/2014;23:43:00;791;sem vítima;183,3000030517578;BR-116/RJ;Pista Norte;Colisão Traseira;1;2;;;;;1
22/12/2014;12:04:00;350;sem vítima;217;BR-116/SP;Pista Sul;Engavetamento;1;4;;;;;1
22/12/2014;15:05:00;466;com vítima;264,79998779296875;BR-116/RJ;Pista Norte;Colisão Traseira;1;1;1;;;;1
22/12/2014;22:02:00;739;sem vítima;285,29998779296875;BR-116/RJ;Pista Norte;Choque em Barreira New Jersey;1;5;;;;;1
22/12/2014;02:46:00;49;com vítima;292,1000061035156;BR-116/RJ;Pista Sul;Choque em Barreira New Jersey;1;1;2;;;;1
22/12/2014;03:07:00;52;sem vítima;318,8999938964844;BR-116/RJ;Pista Norte;Colisão Traseira;2;2;;;;;1
22/12/2014;09:31:00;251;sem vítima;328,20001220703125;BR-116/RJ;Pista Norte;Choque em Barreira New Jersey;1;3;;;;;1
23/12/2014;04:43:00;96;com vítima;34,20000076293945;BR-116/SP;Pista Norte;Colisão Traseira;1;3;3;;;;1
23/12/2014;19:31:00;742;com vítima;36,70000076293945;BR-116/SP;Pista Norte;Tombamento;1;1;1;;;;1
23/12/2014;11:59:00;425;sem vítima;63;BR-116/SP;Pista Sul;Colisão Traseira;1;2;;;;;1
23/12/2014;17:55:00;671;sem vítima;86,94999694824219;BR-116/SP;Pista Sul;Colisão Traseira;2;3;;;;;1
23/12/2014;16:50:00;625;sem vítima;108,4000015258789;BR-116/SP;Pista Sul;Abalroamento Longitudinal;1;2;;;;;1
23/12/2014;00:14:00;9;sem vítima;113,0999984741211;BR-116/SP;Pista Norte;Choque em Barreira New Jersey;1;3;;;;;1
23/12/2014;03:55:00;79;com vítima;118,69999694824219;BR-116/SP;Pista Sul;Colisão Traseira;1;3;;1;;;2
23/12/2014;12:38:00;451;sem vítima;214,3000030517578;BR-116/RJ;Pista Sul;Choque em objeto fixo;1;1;;;;;1
23/12/2014;18:40:00;703;sem vítima;219,10000610351562;BR-116/SP;Pista Sul;Abalroamento Longitudinal;1;2;;;;;1
23/12/2014;11:33:00;415;com vítima;229,39999389648438;BR-116/RJ;Pista Sul;Tombamento;2;1;2;;;;1
24/12/2014;06:49:00;142;com vítima;185,10000610351562;BR-116/SP;Pista Norte;Outros;1;6;2;;;;1
24/12/2014;09:14:00;238;sem vítima;305;BR-116/RJ;Pista Sul;Colisão Traseira;1;2;;;;;1
25/12/2014;19:30:00;467;sem vítima;58,349998474121094;BR-116/SP;Pista Norte;Choque em veículo parado na pista;2;2;;;;;1