data;horario;n_da_ocorrencia;tipo_de_ocorrencia;km;trecho;sentido;tipo_de_acidente;caminhao;ilesos;levemente_feridos;moderadamente_feridos;gravemente_feridos;mortos;3
26/12/2014;09:35:00;197;sem vítima;119,5;BR-116/SP;Pista Norte;Abalroamento Longitudinal;1;2;;;;;1
26/12/2014;23:37:00;654;sem vítima;133,89999389648438;BR-116/SP;Pista Norte;Colisão Traseira;1;2;;;;;1
26/12/2014;15:48:00;409;com vítima;149,89999389648438;BR-116/SP;Pista Norte;Colisão Traseira;1;17;2;;;;1
26/12/2014;04:48:00;64;com vítima;244,6999969482422;BR-116/RJ;Pista Norte;Colisão Traseira;2;1;;;1;;2
27/12/2014;01:03:00;27;com vítima;75,73999786376953;BR-116/SP;Pista Norte;Choque em objeto na pista;1;1;1;;;;1
27/12/2014;18:12:00;547;com vítima;192,10000610351562;BR-116/RJ;Pista Norte;Colisão Traseira;1;3;;4;;;2
27/12/2014;01:05:00;30;com vítima;203,60000610351562;BR-116/RJ;Pista Sul;Tombamento;1;4;;1;;;2
27/12/2014;09:20:00;189;sem vítima;210;BR-116/SP;Pista Sul;Choque em Defensa;1;1;;;;;1
27/12/2014;06:08:00;93;sem vítima;229,89999389648438;BR-116/RJ;Pista Sul;Choque em Defensa;1;1;;;;;1
28/12/2014;05:53:00;79;com vítima;46,900001525878906;BR-116/SP;Pista Sul;Colisão Traseira;1;1;2;;;;1
28/12/2014;22:48:00;721;sem vítima;64,25;BR-116/SP;Pista Norte;Choque em Barreira New Jersey;1;1;;;;;1
28/12/2014;14:23:00;364;sem vítima;74,44999694824219;BR-116/SP;Pista Sul;Colisão Traseira;1;6;;;;;1
28/12/2014;11:30:00;253;sem vítima;116,23999786376953;BR-116/SP;Pista Norte;Colisão Traseira;1;5;;;;;1
29/12/2014;14:14:00;403;sem vítima;98;BR-116/SP;Pista Norte;Colisão Traseira;1;5;;;;;1
29/12/2014;07:30:00;126;sem vítima;182,3000030517578;BR-116/SP;Pista Norte;Outros;1;1;;;;;1
29/12/2014;09:31:00;226;sem vítima;215,0500030517578;BR-116/SP;Pista Sul;Choque em Defensa;1;1;;;;;1
29/12/2014;18:20:00;582;sem vítima;219,1999969482422;BR-116/RJ;Pista Norte;Queda de Carga;1;1;;;;;1
30/12/2014;07:21:00;143;sem vítima;148,1999969482422;BR-116/SP;Pista Norte;Colisão Traseira;2;2;;;;;1
30/12/2014;18:40:00;611;com vítima;166,8000030517578;BR-116/RJ;Pista Sul;Abalroamento Longitudinal;1;3;1;;;;1
30/12/2014;16:33:00;522;com vítima;208,10000610351562;BR-116/RJ;Pista Norte;Colisão Traseira;2;3;1;;;;1
30/12/2014;08:51:00;221;com vítima;216;BR-116/SP;Pista Sul;Colisão Traseira;1;2;2;;;;1
30/12/2014;23:44:00;765;sem vítima;230,0500030517578;BR-116/SP;Pista Sul;Choque em Barreira New Jersey;1;5;;;;;1
30/12/2014;04:48:00;65;sem vítima;258,6000061035156;BR-116/RJ;Pista Sul;Abalroamento Longitudinal;1;37;;;;;1
30/12/2014;18:04:00;585;com vítima;270,1499938964844;BR-116/RJ;Pista Norte;Engavetamento;1;8;;1;;;2
31/12/2014;14:46:00;326;com vítima;210,10000610351562;BR-116/RJ;Pista Sul;Engavetamento;2;12;1;;;;1
31/12/2014;15:18:00;347;sem vítima;227,14999389648438;BR-116/RJ;Pista Norte;Colisão Traseira;1;2;;;;;1
31/12/2014;13:58:00;301;sem vítima;318,8999938964844;BR-116/RJ;Pista Sul;Colisão Traseira;1;2;;;;;1
01/01/2015;03:49:00;47;sem vítima;13,699999809265137;BR-116/SP;Pista Sul;Tombamento;1;1;;;;;1
02/01/2015;02:19:00;44;sem vítima;27,329999923706055;BR-116/SP;Pista Norte;Tombamento;1;1;;;;;1
02/01/2015;19:09:00;568;sem vítima;86,6500015258789;BR-116/SP;Pista Norte;Outros;1;2;;;;;1
03/01/2015;12:31:00;276;sem vítima;206,8000030517578;BR-116/RJ;Pista Sul;Abalroamento Longitudinal;1;4;;;;;1
04/01/2015;19:45:00;607;sem vítima;24,350000381469727;BR-116/SP;Pista Norte;Engavetamento;1;7;;;;;1
04/01/2015;19:44:00;602;sem vítima;209,39999389648438;BR-116/RJ;Pista Norte;Colisão Traseira;2;2;;;;;1
04/01/2015;15:14:00;387;sem vítima;233,89999389648438;BR-116/RJ;Pista Norte;Choque em Barreira New Jersey;1;1;;;;;1
05/01/2015;17:00:00;486;sem vítima;183,6999969482422;BR-116/RJ;Pista Sul;Abalroamento Longitudinal;1;4;;;;;1
05/01/2015;12:45:00;338;sem vítima;206,5;BR-116/RJ;Pista Sul;Colisão Traseira;2;2;;;;;1
05/01/2015;12:37:00;331;com vítima;207,10000610351562;BR-116/RJ;Pista Norte;Choque em objeto fixo;1;1;1;;;;1
05/01/2015;21:25:00;642;sem vítima;217,85000610351562;BR-116/SP;Pista Norte;Abalroamento Longitudinal;1;15;;;;;1
05/01/2015;16:09:00;452;com vítima;218,6999969482422;BR-116/SP;Pista Norte;Outros;1;4;1;;;;1
05/01/2015;18:14:00;539;sem vítima;221,8000030517578;BR-116/RJ;Pista Sul;Choque em objeto fixo;1;2;;;;;1
05/01/2015;07:32:00;138;sem vítima;224,1999969482422;BR-116/RJ;Pista Norte;Choque Talude;1;1;;;;;1
05/01/2015;15:42:00;433;sem vítima;275,5;BR-116/RJ;Pista Sul;Colisão Traseira;1;2;;;;;1
06/01/2015;03:53:00;58;sem vítima;170,1999969482422;BR-116/SP;Pista Sul;Tombamento;1;1;;;;;1
06/01/2015;16:08:00;507;sem vítima;188,8000030517578;BR-116/RJ;Pista Sul;Abalroamento Longitudinal;1;2;;;;;1
06/01/2015;02:15:00;43;com vítima;210,60000610351562;BR-116/SP;Pista Sul;Colisão Traseira;2;1;1;;;;1
06/01/2015;05:53:00;82;sem vítima;224,3000030517578;BR-116/SP;Pista Sul;Colisão Traseira;2;4;;;;;1
06/01/2015;21:23:00;692;sem vítima;278,20001220703125;BR-116/RJ;Pista Norte;Choque em objeto na pista;1;2;;;;;1
07/01/2015;10:01:00;283;sem vítima;86,9000015258789;BR-116/SP;Pista Norte;Colisão Traseira;2;2;;;;;1
07/01/2015;17:03:00;536;com vítima;146,39999389648438;BR-116/SP;Pista Norte;Engavetamento;2;12;2;;;;1
07/01/2015;19:30:00;651;sem vítima;191,1999969482422;BR-116/SP;Pista Sul;Choque em objeto fixo;1;1;;;;;1
07/01/2015;10:35:00;298;com vítima;204,5;BR-116/SP;Pista Norte;Colisão Traseira;2;1;1;;;;1
07/01/2015;06:31:00;95;sem vítima;213,39999389648438;BR-116/SP;Pista Norte;Choque em objeto na pista;1;2;;;;;1
07/01/2015;22:59:00;757;com vítima;214,89999389648438;BR-116/SP;Pista Sul;Choque em veículo parado na pista;1;2;2;;;;1
07/01/2015;10:25:00;294;com vítima;219,36000061035156;BR-116/RJ;Pista Norte;Tombamento;1;0;1;;;;1
07/01/2015;22:20:00;735;sem vítima;219,6999969482422;BR-116/SP;Pista Norte;Engavetamento;2;6;;;;;1
07/01/2015;10:49:00;307;sem vítima;223,8000030517578;BR-116/SP;Pista Sul;Colisão Traseira;2;2;;;;;1
07/01/2015;11:12:00;320;sem vítima;228,1999969482422;BR-116/SP;Pista Norte;Colisão Traseira;1;4;;;;;1
07/01/2015;03:57:00;48;sem vítima;255,6999969482422;BR-116/RJ;Pista Norte;Colisão Traseira;2;3;;;;;1
07/01/2015;16:23:00;515;sem vítima;272,3999938964844;BR-116/RJ;Pista Norte;Abalroamento Longitudinal;1;3;;;;;1
08/01/2015;00:31:00;19;com vítima;113,19999694824219;BR-116/SP;Pista Sul;Choque em veículo parado na pista;1;1;;;;1;3
08/01/2015;14:55:00;442;sem vítima;126,69999694824219;BR-116/SP;Pista Norte;Colisão Traseira;1;3;;;;;1
08/01/2015;16:26:00;502;sem vítima;217,5;BR-116/SP;Pista Norte;Abalroamento Longitudinal;2;4;;;;;1
08/01/2015;18:31:00;605;sem vítima;224,39999389648438;BR-116/SP;Pista Sul;Abalroamento Longitudinal;1;2;;;;;1
08/01/2015;18:08:00;589;sem vítima;227,1999969482422;BR-116/RJ;Pista Norte;Choque em objeto fixo;1;1;;;;;1
08/01/2015;18:22:00;599;sem vítima;229,8000030517578;BR-116/RJ;Pista Norte;Queda de Carga;1;1;;;;;1
08/01/2015;04:56:00;67;sem vítima;308,70001220703125;BR-116/RJ;Pista Norte;Choque em Defensa;1;1;;;;;1
09/01/2015;06:56:00;100;com vítima;23,700000762939453;BR-116/SP;Pista Sul;Colisão Traseira;2;1;1;;;;1
09/01/2015;15:35:00;440;sem vítima;105,0999984741211;BR-116/SP;Pista Norte;Colisão Traseira;1;2;;;;;1
09/01/2015;09:58:00;239;com vítima;159,39999389648438;BR-116/SP;Pista Sul;Abalroamento Longitudinal;1;1;1;;;;1
09/01/2015;13:25:00;354;sem vítima;165,25;BR-116/RJ;Pista Norte;Tombamento;1;1;;;;;1
09/01/2015;07:09:00;109;sem vítima;167,3000030517578;BR-116/RJ;Pista Norte;Abalroamento Longitudinal;1;2;;;;;1
09/01/2015;00:25:00;20;sem vítima;180,8000030517578;BR-116/SP;Pista Sul;Colisão Traseira;1;2;;;;;1
09/01/2015;08:19:00;165;com vítima;184,75;BR-116/SP;Pista Sul;Choque em objeto fixo;1;0;1;;;;1
09/01/2015;22:43:00;751;com vítima;194,60000610351562;BR-116/RJ;Pista Sul;Choque em objeto na pista;1;2;;1;;;2
09/01/2015;20:05:00;654;sem vítima;207,10000610351562;BR-116/RJ;Pista Sul;Choque em objeto fixo;1;2;;;;;1
09/01/2015;22:14:00;731;sem vítima;209,10000610351562;BR-116/SP;Pista Norte;Choque em objeto na pista;1;5;;;;;1
09/01/2015;16:00:00;453;sem vítima;219;BR-116/SP;Pista Norte;Abalroamento Longitudinal;1;3;;;;;1
09/01/2015;17:50:00;558;sem vítima;222,3000030517578;BR-116/RJ;Pista Sul;Engavetamento;2;5;;;;;1
09/01/2015;12:10:00;319;sem vítima;265,5;BR-116/RJ;Pista Norte;Abalroamento Longitudinal;1;2;;;;;1
10/01/2015;00:01:00;1;com vítima;177,60000610351562;BR-116/RJ;Pista Norte;Abalroamento Longitudinal;1;5;;;1;;2
10/01/2015;21:25:00;667;sem vítima;219,60000610351562;BR-116/RJ;Pista Norte;Queda de Carga;1;1;;;;;1
11/01/2015;19:17:00;637;com vítima;86,94999694824219;BR-116/SP;Pista Sul;Colisão Traseira;1;47;1;;;;1
11/01/2015;16:56:00;510;sem vítima;94,5999984741211;BR-116/SP;Pista Norte;Abalroamento Longitudinal;1;5;;;;;1
11/01/2015;07:11:00;133;sem vítima;101;BR-116/SP;Pista Norte;Abalroamento Longitudinal;1;6;;;;;1
11/01/2015;18:07:00;578;sem vítima;105,69999694824219;BR-116/SP;Pista Sul;Colisão Traseira;1;3;;;;;1
11/01/2015;19:06:00;627;sem vítima;180,39999389648438;BR-116/RJ;Pista Norte;Colisão Traseira;1;6;;;;;1
11/01/2015;01:02:00;21;sem vítima;304,3999938964844;BR-116/RJ;Pista Sul;Choque em objeto na pista;1;6;;;;;1
11/01/2015;18:14:00;582;sem vítima;318,8999938964844;BR-116/RJ;Pista Norte;Abalroamento Longitudinal;1;2;;;;;1
12/01/2015;13:55:00;437;sem vítima;187,60000610351562;BR-116/RJ;Pista Norte;Colisão Traseira;1;2;;;;;1
12/01/2015;06:16:00;98;sem vítima;224,5;BR-116/SP;Pista Sul;Engavetamento;1;6;;;;;1
12/01/2015;17:46:00;618;sem vítima;227,60000610351562;BR-116/RJ;Pista Norte;Outros;1;1;;;;;1
13/01/2015;15:33:00;535;sem vítima;146,1999969482422;BR-116/SP;Pista Sul;Colisão Traseira;1;4;;;;;1
13/01/2015;08:25:00;216;sem vítima;161,8000030517578;BR-116/SP;Pista Sul;Colisão Traseira;1;2;;;;;1
13/01/2015;13:26:00;446;sem vítima;205;BR-116/RJ;Pista Sul;Queda de ribanceira;1;1;;;;;1
13/01/2015;00:12:00;9;sem vítima;208,89999389648438;BR-116/RJ;Pista Sul;Choque em veículo parado na pista;1;3;;;;;1
13/01/2015;15:18:00;521;sem vítima;269,1000061035156;BR-116/RJ;Pista Norte;Colisão Traseira;1;2;;;;;1
13/01/2015;18:19:00;685;sem vítima;272,8999938964844;BR-116/RJ;Pista Norte;Outros;1;1;;;;;1
13/01/2015;15:26:00;531;sem vítima;305;BR-116/RJ;Pista Sul;Abalroamento Longitudinal;1;2;;;;;1
13/01/2015;20:39:00;777;sem vítima;310,29998779296875;BR-116/RJ;Pista Sul;Abalroamento Longitudinal;1;2;;;;;1
14/01/2015;18:46:00;627;sem vítima;26,549999237060547;BR-116/SP;Pista Sul;Colisão Traseira;2;2;;;;;1
14/01/2015;10:51:00;328;sem vítima;63,599998474121094;BR-116/SP;Pista Sul;Abalroamento Longitudinal;1;3;;;;;1
14/01/2015;23:11:00;770;sem vítima;110,5999984741211;BR-116/SP;Pista Sul;Colisão Traseira;2;2;;;;;1
14/01/2015;15:21:00;498;com vítima;136,10000610351562;BR-116/SP;Pista Norte;Colisão Traseira;1;3;1;;;;1
14/01/2015;20:29:00;698;sem vítima;165,1999969482422;BR-116/SP;Pista Norte;Choque em objeto na pista;1;1;;;;;1
14/01/2015;00:19:00;19;com vítima;166,3000030517578;BR-116/RJ;Pista Sul;Abalroamento Longitudinal;1;1;3;;;;1
14/01/2015;11:36:00;354;com vítima;207,10000610351562;BR-116/RJ;Pista Sul;Colisão Traseira;1;1;1;;;;1
14/01/2015;22:08:00;744;sem vítima;212,42999267578125;BR-116/SP;Pista Norte;Choque em objeto na pista;2;2;;;;;1
14/01/2015;23:27:00;778;sem vítima;224,10000610351562;BR-116/RJ;Pista Norte;Colisão Traseira;2;2;;;;;1
14/01/2015;12:43:00;393;com vítima;224,3000030517578;BR-116/SP;Pista Norte;Colisão Traseira;1;1;1;;;;1
14/01/2015;13:13:00;417;sem vítima;272,3999938964844;BR-116/RJ;Pista Norte;Abalroamento Longitudinal;1;3;;;;;1
15/01/2015;02:02:00;32;com vítima;67,30000305175781;BR-116/SP;Pista Sul;Colisão Traseira;1;3;;2;;;2
15/01/2015;15:43:00;471;com vítima;163,25;BR-116/RJ;Pista Sul;Atropelamento de Pedestre Atravessando;1;0;1;;;1;3
15/01/2015;09:50:00;252;sem vítima;209,89999389648438;BR-116/SP;Pista Sul;Colisão Traseira;1;2;;;;;1
15/01/2015;07:34:00;127;sem vítima;239,1999969482422;BR-116/RJ;Pista Sul;Choque em objeto fixo;1;1;;;;;1
15/01/2015;22:39:00;721;sem vítima;243,25;BR-116/RJ;Pista Norte;Abalroamento Longitudinal;1;2;;;;;1
15/01/2015;19:19:00;628;sem vítima;274,04998779296875;BR-116/RJ;Pista Sul;Colisão Traseira;2;2;;;;;1
15/01/2015;00:08:00;7;sem vítima;278,70001220703125;BR-116/RJ;Pista Norte;Colisão Traseira;1;6;;;;;1
16/01/2015;15:47:00;573;com vítima;112;BR-116/SP;Pista Sul;Engavetamento;1;58;1;;;;1
16/01/2015;17:01:00;632;sem vítima;115,4000015258789;BR-116/SP;Pista Norte;Engavetamento;1;11;;;;;1
16/01/2015;00:18:00;14;sem vítima;120,6500015258789;BR-116/SP;Pista Norte;Choque em veículo parado na pista;1;2;;;;;1
16/01/2015;06:06:00;90;sem vítima;185,6999969482422;BR-116/RJ;Pista Sul;Atropelamento de Animal;1;1;;;;;1
16/01/2015;16:19:00;596;com vítima;298;BR-116/RJ;Pista Sul;Colisão Traseira;1;5;1;;;;1
17/01/2015;01:01:00;29;sem vítima;75,5;BR-116/SP;Pista Norte;Colisão Frontal;1;3;;;;;1
17/01/2015;08:29:00;194;sem vítima;103;BR-116/SP;Pista Sul;Colisão Traseira;1;2;;;;;1
17/01/2015;04:19:00;80;sem vítima;110,19999694824219;BR-116/SP;Pista Norte;Colisão Traseira;1;2;;;;;1
17/01/2015;08:30:00;196;sem vítima;168,10000610351562;BR-116/RJ;Pista Norte;Engavetamento;1;5;;;;;1
17/01/2015;23:40:00;708;sem vítima;192,10000610351562;BR-116/RJ;Pista Norte;Abalroamento Longitudinal;1;3;;;;;1
17/01/2015;12:27:00;356;sem vítima;211,3000030517578;BR-116/SP;Pista Norte;Abalroamento Longitudinal;1;2;;;;;1
17/01/2015;05:19:00;95;sem vítima;223,89999389648438;BR-116/RJ;Pista Norte;Choque Talude;1;1;;;;;1
17/01/2015;11:55:00;342;sem vítima;257,45001220703125;BR-116/RJ;Pista Sul;Abalroamento Longitudinal;1;2;;;;;1
18/01/2015;18:28:00;588;com vítima;35,459999084472656;BR-116/SP;Pista Norte;Engavetamento;3;2;1;;;;1
18/01/2015;13:00:00;331;sem vítima;115;BR-116/SP;Pista Sul;Colisão Traseira;1;4;;;;;1
18/01/2015;17:33:00;543;com vítima;146,89999389648438;BR-116/SP;Pista Norte;Abalroamento Longitudinal;1;1;3;2;;;2
18/01/2015;20:01:00;655;sem vítima;208,5;BR-116/RJ;Pista Norte;Abalroamento Longitudinal;1;2;;;;;1
18/01/2015;03:54:00;71;sem vítima;242,39999389648438;BR-116/RJ;Pista Norte;Choque em objeto fixo;1;1;;;;;1
19/01/2015;13:06:00;413;sem vítima;13,600000381469727;BR-116/SP;Pista Sul;Colisão Traseira;2;3;;;;;1
19/01/2015;14:31:00;481;sem vítima;65;BR-116/SP;Pista Norte;Abalroamento Longitudinal;2;2;;;;;1
19/01/2015;12:49:00;403;com vítima;211,6999969482422;BR-116/RJ;Pista Norte;Colisão Traseira;1;1;;;1;;2
19/01/2015;07:19:00;139;sem vítima;221,8000030517578;BR-116/RJ;Pista Norte;Colisão Traseira;1;2;;;;;1
19/01/2015;07:27:00;146;sem vítima;222,5;BR-116/RJ;Pista Norte;Colisão Traseira;1;2;;;;;1
19/01/2015;17:09:00;595;com vítima;223,5;BR-116/SP;Pista Norte;Choque em Defensa;1;0;1;;;;1
19/01/2015;14:48:00;492;sem vítima;227,3000030517578;BR-116/SP;Pista Norte;Abalroamento Longitudinal;1;2;;;;;1
19/01/2015;15:44:00;531;sem vítima;230,6999969482422;BR-116/SP;Pista Norte;Colisão Traseira;1;2;;;;;1
19/01/2015;15:13:00;509;com vítima;252,3000030517578;BR-116/RJ;Pista Norte;Colisão Traseira;2;1;1;;;;1
20/01/2015;19:55:00;638;sem vítima;50,5;BR-116/SP;Pista Norte;Tombamento;1;1;;;;;1
20/01/2015;08:54:00;194;sem vítima;98,80000305175781;BR-116/SP;Pista Sul;Tombamento;1;1;;;;;1
20/01/2015;11:46:00;318;sem vítima;209,6999969482422;BR-116/SP;Pista Sul;Engavetamento;1;3;;;;;1
20/01/2015;16:27:00;486;sem vítima;218,60000610351562;BR-116/SP;Pista Sul;Choque em objeto fixo;1;1;;;;;1
20/01/2015;04:58:00;57;com vítima;273,79998779296875;BR-116/RJ;Pista Sul;Colisão Traseira;2;1;;1;;;2
21/01/2015;10:07:00;323;sem vítima;144,60000610351562;BR-116/SP;Pista Norte;Tombamento;1;1;;;;;1
21/01/2015;11:13:00;368;sem vítima;144,6999969482422;BR-116/SP;Pista Norte;Abalroamento Longitudinal;1;2;;;;;1
21/01/2015;09:37:00;307;com vítima;211,5;BR-116/SP;Pista Norte;Colisão Traseira;1;1;2;;;;1
21/01/2015;08:03:00;203;sem vítima;216,10000610351562;BR-116/SP;Pista Sul;Colisão Traseira;1;3;;;;;1
21/01/2015;09:24:00;295;sem vítima;216,39999389648438;BR-116/SP;Pista Norte;Abalroamento Longitudinal;1;2;;;;;1
21/01/2015;04:38:00;81;sem vítima;318,8999938964844;BR-116/RJ;Pista Norte;Colisão Traseira;1;34;;;;;1
22/01/2015;00:53:00;26;sem vítima;53,099998474121094;BR-116/SP;Pista Sul;Colisão Traseira;1;2;;;;;1
22/01/2015;17:40:00;591;sem vítima;59,5;BR-116/SP;Pista Sul;Colisão Traseira;1;2;;;;;1
22/01/2015;09:32:00;290;sem vítima;74,80000305175781;BR-116/SP;Pista Sul;Abalroamento Longitudinal;1;4;;;;;1
22/01/2015;20:01:00;700;sem vítima;123,9000015258789;BR-116/SP;Pista Sul;Choque em Barreira New Jersey;1;2;;;;;1
22/01/2015;06:52:00;135;sem vítima;165,1999969482422;BR-116/SP;Pista Norte;Colisão Traseira;2;3;;;;;1
22/01/2015;14:13:00;458;sem vítima;182;BR-116/SP;Pista Norte;Colisão Traseira;2;2;;;;;1
22/01/2015;10:08:00;316;sem vítima;202,60000610351562;BR-116/SP;Pista Sul;Queda de ribanceira;1;1;;;;;1
22/01/2015;06:41:00;128;sem vítima;211,1999969482422;BR-116/SP;Pista Norte;Abalroamento Longitudinal;1;2;;;;;1
22/01/2015;15:35:00;521;sem vítima;220,60000610351562;BR-116/RJ;Pista Norte;Abalroamento Longitudinal;1;3;;;;;1
22/01/2015;01:20:00;33;sem vítima;222,60000610351562;BR-116/SP;Pista Sul;Tombamento;1;1;;;;;1
22/01/2015;06:59:00;141;sem vítima;226;BR-116/RJ;Pista Sul;Choque em objeto fixo;1;1;;;;;1
22/01/2015;20:48:00;728;com vítima;284,1000061035156;BR-116/RJ;Pista Norte;Choque Talude;1;1;2;;;;1
22/01/2015;19:38:00;683;sem vítima;284,79998779296875;BR-116/RJ;Pista Norte;Abalroamento Longitudinal;1;4;;;;;1
23/01/2015;23:50:00;722;sem vítima;86,94999694824219;BR-116/SP;Pista Norte;Colisão Traseira;1;13;;;;;1
23/01/2015;23:10:00;705;sem vítima;101;BR-116/SP;Pista Norte;Choque em objeto na pista;1;1;;;;;1
23/01/2015;02:59:00;48;sem vítima;125,5;BR-116/SP;Pista Norte;Abalroamento Longitudinal;1;6;;;;;1
23/01/2015;13:34:00;373;sem vítima;145,3000030517578;BR-116/SP;Pista Norte;Abalroamento Longitudinal;1;2;;;;;1
23/01/2015;00:22:00;18;sem vítima;166,8000030517578;BR-116/SP;Pista Sul;Choque em Barreira New Jersey;1;1;;;;;1
23/01/2015;08:16:00;172;com vítima;199,89999389648438;BR-116/SP;Pista Norte;Tombamento;1;1;1;;;;1
23/01/2015;18:35:00;557;sem vítima;208,10000610351562;BR-116/RJ;Pista Norte;Colisão Traseira;1;4;;;;;1
23/01/2015;05:19:00;62;sem vítima;220,1999969482422;BR-116/SP;Pista Norte;Choque em veículo parado na pista;1;2;;;;;1
23/01/2015;13:41:00;376;sem vítima;286;BR-116/RJ;Pista Sul;Colisão Traseira;1;2;;;;;1
23/01/2015;16:38:00;486;sem vítima;296,6199951171875;BR-116/RJ;Pista Sul;Colisão Traseira;1;2;;;;;1
24/01/2015;18:33:00;512;sem vítima;220,6999969482422;BR-116/RJ;Pista Sul;Outros;1;1;;;;;1
24/01/2015;05:35:00;91;sem vítima;225,4600067138672;BR-116/SP;Pista Norte;Abalroamento Longitudinal;1;2;;;;;1
24/01/2015;14:20:00;372;com vítima;276,6000061035156;BR-116/RJ;Pista Sul;Colisão Traseira;1;1;1;;;;1
25/01/2015;16:24:00;385;com vítima;98,0999984741211;BR-116/SP;Pista Sul;Colisão Traseira;1;13;2;;;;1
25/01/2015;18:04:00;445;sem vítima;202,8000030517578;BR-116/RJ;Pista Norte;Choque em Defensa;2;2;;;;;1
25/01/2015;15:08:00;331;sem vítima;228;BR-116/RJ;Pista Norte;Tombamento;1;1;;;;;1
26/01/2015;22:26:00;729;sem vítima;31,100000381469727;BR-116/SP;Pista Sul;Choque em veículo parado na pista;1;2;;;;;1
26/01/2015;00:56:00;29;sem vítima;57,70000076293945;BR-116/SP;Pista Norte;Atropelamento de Animal;1;28;;;;;1
26/01/2015;13:12:00;398;sem vítima;178;BR-116/RJ;Pista Norte;Abalroamento Longitudinal;1;2;;;;;1
26/01/2015;08:49:00;233;com vítima;181,10000610351562;BR-116/RJ;Pista Norte;Engavetamento;3;5;1;;;;1
26/01/2015;15:47:00;486;sem vítima;183,6999969482422;BR-116/SP;Pista Norte;Tombamento;1;1;;;;;1
26/01/2015;17:16:00;554;sem vítima;207,10000610351562;BR-116/RJ;Pista Sul;Choque em objeto fixo;1;1;;;;;1
26/01/2015;03:14:00;61;sem vítima;256,3999938964844;BR-116/RJ;Pista Norte;Colisão Traseira;1;2;;;;;1
27/01/2015;13:28:00;419;sem vítima;112,5999984741211;BR-116/SP;Pista Sul;Colisão Traseira;1;3;;;;;1
27/01/2015;19:25:00;644;sem vítima;136,44000244140625;BR-116/SP;Pista Sul;Abalroamento Longitudinal;1;2;;;;;1
27/01/2015;09:56:00;284;sem vítima;142,5;BR-116/SP;Pista Sul;Queda de ribanceira;1;1;;;;;1
27/01/2015;11:12:00;329;sem vítima;228,3000030517578;BR-116/RJ;Pista Norte;Abalroamento Longitudinal;1;3;;;;;1
27/01/2015;23:27:00;726;sem vítima;230,8000030517578;BR-116/SP;Pista Norte;Choque em Defensa;1;4;;;;;1
27/01/2015;06:21:00;100;com vítima;244,6999969482422;BR-116/RJ;Pista Norte;Colisão Traseira;1;2;1;;;;1
27/01/2015;11:50:00;353;sem vítima;311;BR-116/RJ;Pista Norte;Queda de Carga;1;2;;;;;1
28/01/2015;08:38:00;187;com vítima;113,4000015258789;BR-116/SP;Pista Sul;Abalroamento Longitudinal;1;2;1;;;;1
28/01/2015;11:17:00;305;sem vítima;138,10000610351562;BR-116/SP;Pista Sul;Queda de Carga;1;1;;;;;1
28/01/2015;08:33:00;180;sem vítima;181,35000610351562;BR-116/RJ;Pista Norte;Engavetamento;2;4;;;;;1
28/01/2015;23:26:00;741;com vítima;186,39999389648438;BR-116/RJ;Pista Norte;Colisão Traseira;1;1;1;;;;1
28/01/2015;12:58:00;363;sem vítima;189,4499969482422;BR-116/RJ;Pista Sul;Colisão Traseira;2;2;;;;;1
28/01/2015;14:53:00;436;sem vítima;216,25;BR-116/RJ;Pista Norte;Outros;1;1;;;;;1
28/01/2015;21:52:00;700;sem vítima;225,6999969482422;BR-116/SP;Pista Sul;Colisão Traseira;1;2;;;;;1
28/01/2015;00:54:00;24;sem vítima;246,10000610351562;BR-116/RJ;Pista Norte;Colisão Traseira;2;4;;;;;1
28/01/2015;16:35:00;503;sem vítima;268;BR-116/RJ;Pista Sul;Choque Talude;1;1;;;;;1
29/01/2015;15:21:00;475;sem vítima;168,1999969482422;BR-116/SP;Pista Sul;Colisão Traseira;2;2;;;;;1
29/01/2015;18:19:00;611;com vítima;217,5;BR-116/SP;Pista Norte;Abalroamento Longitudinal;1;2;1;;;;1