data;horario;n_da_ocorrencia;tipo_de_ocorrencia;km;trecho;sentido;tipo_de_acidente;caminhao;ilesos;levemente_feridos;moderadamente_feridos;gravemente_feridos;mortos;3
29/01/2015;22:28:00;753;com vítima;218,6999969482422;BR-116/SP;Pista Sul;Tombamento;1;0;1;;;;1
29/01/2015;17:54:00;591;com vítima;283,4100036621094;BR-116/RJ;Pista Sul;Abalroamento Longitudinal;1;2;1;;;;1
30/01/2015;11:53:00;366;sem vítima;86,94999694824219;BR-116/SP;Pista Sul;Engavetamento;1;9;;;;;1
30/01/2015;19:25:00;691;sem vítima;96;BR-116/SP;Pista Sul;Engavetamento;1;4;;;;;1
30/01/2015;18:56:00;672;sem vítima;107,30000305175781;BR-116/SP;Pista Sul;Outros;1;1;;;;;1
30/01/2015;08:23:00;202;sem vítima;147,0500030517578;BR-116/SP;Pista Sul;Abalroamento Longitudinal;1;4;;;;;1
30/01/2015;03:44:00;64;com vítima;179,39999389648438;BR-116/SP;Pista Sul;Colisão Traseira;2;1;;1;1;;2
30/01/2015;03:31:00;57;sem vítima;184,74000549316406;BR-116/SP;Pista Norte;Choque em objeto na pista;2;4;;;;;1
30/01/2015;01:56:00;40;sem vítima;203,39999389648438;BR-116/SP;Pista Sul;Colisão Traseira;1;5;;;;;1
30/01/2015;22:27:00;788;sem vítima;204,5;BR-116/SP;Pista Sul;Abalroamento Longitudinal;1;2;;;;;1
30/01/2015;23:09:00;801;sem vítima;219,8000030517578;BR-116/SP;Pista Norte;Colisão Traseira;1;4;;;;;1
30/01/2015;22:07:00;778;com vítima;219,89999389648438;BR-116/SP;Pista Norte;Colisão Traseira;1;2;;1;;;2
30/01/2015;08:37:00;222;sem vítima;279,20001220703125;BR-116/RJ;Pista Sul;Abalroamento Longitudinal;1;3;;;;;1
31/01/2015;06:53:00;104;com vítima;131,39999389648438;BR-116/SP;Pista Sul;Colisão Traseira;1;3;1;;;;1
31/01/2015;05:27:00;78;com vítima;167,39999389648438;BR-116/RJ;Pista Sul;Colisão Traseira;1;1;;;1;;2
31/01/2015;22:32:00;651;sem vítima;182,3000030517578;BR-116/SP;Pista Norte;Colisão Traseira;2;2;;;;;1
31/01/2015;13:59:00;391;com vítima;210;BR-116/SP;Pista Sul;Abalroamento Longitudinal;1;1;2;;;;1
31/01/2015;09:51:00;221;sem vítima;222,5500030517578;BR-116/RJ;Pista Norte;Tombamento;1;1;;;;;1
31/01/2015;11:42:00;303;com vítima;257,3999938964844;BR-116/RJ;Pista Sul;Engavetamento;1;3;2;;;;1
01/02/2015;22:33:00;596;sem vítima;51,20000076293945;BR-116/SP;Pista Sul;Abalroamento Longitudinal;2;2;;;;;1
01/02/2015;18:54:00;494;com vítima;172;BR-116/RJ;Pista Norte;Colisão Traseira;1;1;3;;;;1
01/02/2015;17:07:00;428;com vítima;258,6000061035156;BR-116/RJ;Pista Norte;Colisão Frontal;1;1;;;;1;3
02/02/2015;18:31:00;548;com vítima;94,69999694824219;BR-116/SP;Pista Sul;Colisão Traseira;1;2;1;;;;1
02/02/2015;16:41:00;473;sem vítima;98,30000305175781;BR-116/SP;Pista Sul;Colisão Traseira;2;4;;;;;1
02/02/2015;16:13:00;461;com vítima;101,55000305175781;BR-116/SP;Pista Sul;Engavetamento;3;2;;1;;;2
02/02/2015;16:29:00;468;sem vítima;101,80000305175781;BR-116/SP;Pista Sul;Choque em Barreira New Jersey;1;1;;;;;1
02/02/2015;14:24:00;400;sem vítima;102,4000015258789;BR-116/SP;Pista Sul;Colisão Traseira;3;3;;;;;1
02/02/2015;15:30:00;438;sem vítima;168;BR-116/RJ;Pista Norte;Colisão Traseira;1;5;;;;;1
02/02/2015;17:54:00;516;sem vítima;173,39999389648438;BR-116/SP;Pista Norte;Abalroamento Longitudinal;1;2;;;;;1
02/02/2015;12:45:00;341;sem vítima;192,5;BR-116/SP;Pista Norte;Abalroamento Longitudinal;2;2;;;;;1
02/02/2015;22:30:00;672;sem vítima;206,60000610351562;BR-116/RJ;Pista Norte;Colisão Traseira;1;3;;;;;1
02/02/2015;10:12:00;269;sem vítima;208,39999389648438;BR-116/RJ;Pista Norte;Abalroamento Longitudinal;1;2;;;;;1
02/02/2015;11:35:00;311;sem vítima;210,5;BR-116/SP;Pista Sul;Engavetamento;1;44;;;;;1
02/02/2015;19:30:00;585;sem vítima;225,1999969482422;BR-116/RJ;Pista Sul;Choque em objeto fixo;1;1;;;;;1
02/02/2015;23:17:00;688;sem vítima;230,89999389648438;BR-116/SP;Pista Sul;Colisão Traseira;1;3;;;;;1
02/02/2015;18:12:00;533;sem vítima;232,3000030517578;BR-116/RJ;Pista Norte;Choque em objeto fixo;1;1;;;;;1
02/02/2015;07:40:00;154;com vítima;260,25;BR-116/RJ;Pista Norte;Choque em Barreira New Jersey;1;0;;;;1;3
02/02/2015;10:49:00;292;sem vítima;284,79998779296875;BR-116/RJ;Pista Norte;Choque em Defensa;1;1;;;;;1
02/02/2015;22:55:00;678;com vítima;288,20001220703125;BR-116/RJ;Pista Sul;Atropelamento de Animal;1;1;;;1;;2
03/02/2015;05:38:00;76;com vítima;55,20000076293945;BR-116/SP;Pista Norte;Abalroamento Longitudinal;1;1;;1;;;2
03/02/2015;01:24:00;27;sem vítima;65,9000015258789;BR-116/SP;Pista Norte;Tombamento;1;1;;;;;1
03/02/2015;09:37:00;240;sem vítima;86,94999694824219;BR-116/SP;Pista Norte;Colisão Traseira;1;4;;;;;1
03/02/2015;04:48:00;64;sem vítima;193,10000610351562;BR-116/RJ;Pista Norte;Choque em veículo parado na pista;2;2;;;;;1
03/02/2015;10:34:00;270;sem vítima;204;BR-116/SP;Pista Sul;Choque em objeto na pista;1;2;;;;;1
03/02/2015;06:03:00;84;sem vítima;222,39999389648438;BR-116/RJ;Pista Norte;Tombamento;1;1;;;;;1
03/02/2015;06:49:00;103;sem vítima;223,8000030517578;BR-116/SP;Pista Sul;Engavetamento;1;4;;;;;1
03/02/2015;17:04:00;504;sem vítima;224,6999969482422;BR-116/RJ;Pista Norte;Choque em objeto fixo;1;1;;;;;1
03/02/2015;11:30:00;314;sem vítima;227,39999389648438;BR-116/SP;Pista Norte;Abalroamento Longitudinal;1;3;;;;;1
03/02/2015;11:50:00;323;sem vítima;230,1999969482422;BR-116/SP;Pista Sul;Abalroamento Longitudinal;2;9;;;;;1
03/02/2015;22:21:00;690;sem vítima;272,79998779296875;BR-116/RJ;Pista Sul;Abalroamento Longitudinal;1;2;;;;;1
04/02/2015;02:51:00;53;sem vítima;125,5;BR-116/SP;Pista Norte;Colisão Traseira;2;2;;;;;1
04/02/2015;04:08:00;63;sem vítima;164;BR-116/SP;Pista Norte;Choque em objeto fixo;1;1;;;;;1
04/02/2015;15:24:00;491;sem vítima;166,8000030517578;BR-116/SP;Pista Sul;Colisão Traseira;1;2;;;;;1
04/02/2015;11:23:00;357;sem vítima;204,5;BR-116/SP;Pista Sul;Choque em objeto fixo;1;4;;;;;1
04/02/2015;14:02:00;440;sem vítima;207,10000610351562;BR-116/RJ;Pista Sul;Colisão Traseira;2;2;;;;;1
04/02/2015;18:08:00;594;sem vítima;221,10000610351562;BR-116/SP;Pista Norte;Abalroamento Longitudinal;1;2;;;;;1
04/02/2015;18:38:00;616;sem vítima;291,3500061035156;BR-116/RJ;Pista Sul;Engavetamento;3;5;;;;;1
04/02/2015;12:09:00;385;sem vítima;330;BR-116/RJ;Pista Sul;Colisão Traseira;1;2;;;;;1
05/02/2015;18:15:00;615;sem vítima;85,80000305175781;BR-116/SP;Pista Sul;Abalroamento Longitudinal;2;2;;;;;1
05/02/2015;13:02:00;405;com vítima;125;BR-116/SP;Pista Sul;Choque em Barreira New Jersey;1;1;1;;;;1
05/02/2015;09:47:00;281;sem vítima;165,1999969482422;BR-116/SP;Pista Norte;Colisão Traseira;1;2;;;;;1
05/02/2015;06:06:00;97;sem vítima;167,5500030517578;BR-116/RJ;Pista Norte;Colisão Traseira;1;2;;;;;1
05/02/2015;03:56:00;62;com vítima;168,6999969482422;BR-116/SP;Pista Sul;Colisão Traseira;2;2;1;;;;1
05/02/2015;17:34:00;583;sem vítima;169,9499969482422;BR-116/RJ;Pista Sul;Engavetamento;1;3;;;;;1
05/02/2015;11:53:00;381;sem vítima;195,8000030517578;BR-116/SP;Pista Norte;Colisão Traseira;1;2;;;;;1
05/02/2015;13:26:00;419;com vítima;205,89999389648438;BR-116/SP;Pista Norte;Choque em Barreira New Jersey;2;2;1;;;;1
05/02/2015;09:19:00;255;sem vítima;207,10000610351562;BR-116/RJ;Pista Sul;Abalroamento Longitudinal;1;3;;;;;1
05/02/2015;10:06:00;299;sem vítima;222;BR-116/SP;Pista Norte;Abalroamento Longitudinal;1;2;;;;;1
05/02/2015;15:19:00;503;sem vítima;225,39999389648438;BR-116/SP;Pista Norte;Colisão Traseira;1;2;;;;;1
05/02/2015;03:29:00;56;sem vítima;293,29998779296875;BR-116/RJ;Pista Norte;Colisão Traseira;1;2;;;;;1
05/02/2015;10:17:00;309;com vítima;303;BR-116/RJ;Pista Sul;Colisão Traseira;2;2;;;1;;2
05/02/2015;18:54:00;658;sem vítima;318,6000061035156;BR-116/RJ;Pista Norte;Engavetamento;2;3;;;;;1
06/02/2015;05:37:00;79;sem vítima;0,699999988079071;BR-116/SP;Pista Norte;Colisão Traseira;1;5;;;;;1
06/02/2015;16:58:00;521;sem vítima;102,30000305175781;BR-116/SP;Pista Sul;Choque em Barreira New Jersey;1;1;;;;;1
06/02/2015;17:06:00;525;sem vítima;102,4000015258789;BR-116/SP;Pista Norte;Choque em Barreira New Jersey;1;1;;;;;1
06/02/2015;05:02:00;66;com vítima;146,1999969482422;BR-116/SP;Pista Sul;Colisão Traseira;1;2;2;;;;1
06/02/2015;10:54:00;299;sem vítima;150,39999389648438;BR-116/SP;Pista Norte;Colisão Traseira;2;2;;;;;1
06/02/2015;17:27:00;539;sem vítima;163,8000030517578;BR-116/RJ;Pista Sul;Engavetamento;2;4;;;;;1
06/02/2015;16:34:00;502;com vítima;170,3000030517578;BR-116/SP;Pista Norte;Queda de ribanceira;1;0;1;;;;1
06/02/2015;14:03:00;398;sem vítima;198,60000610351562;BR-116/SP;Pista Sul;Queda de Carga;1;1;;;;;1
06/02/2015;14:21:00;411;sem vítima;211,10000610351562;BR-116/SP;Pista Sul;Choque em objeto fixo;1;1;;;;;1
06/02/2015;01:49:00;35;sem vítima;222,14999389648438;BR-116/RJ;Pista Norte;Tombamento;1;1;;;;;1
06/02/2015;23:38:00;791;com vítima;224,6999969482422;BR-116/RJ;Pista Norte;Tombamento;1;0;1;;;;1
06/02/2015;16:20:00;492;sem vítima;225,8000030517578;BR-116/SP;Pista Norte;Colisão Traseira;2;2;;;;;1
07/02/2015;15:01:00;432;com vítima;83;BR-116/SP;Pista Sul;Abalroamento Longitudinal;1;2;1;;;;1
07/02/2015;13:31:00;375;sem vítima;86,94999694824219;BR-116/SP;Pista Sul;Colisão Traseira;1;3;;;;;1
07/02/2015;09:21:00;221;sem vítima;146,10000610351562;BR-116/SP;Pista Sul;Abalroamento Longitudinal;1;3;;;;;1
07/02/2015;13:24:00;365;sem vítima;165,5;BR-116/RJ;Pista Sul;Colisão Traseira;1;2;;;;;1
07/02/2015;12:27:00;330;sem vítima;177;BR-116/RJ;Pista Sul;Abalroamento Longitudinal;1;2;;;;;1
07/02/2015;10:15:00;254;sem vítima;204;BR-116/SP;Pista Norte;Colisão Traseira;1;2;;;;;1
07/02/2015;13:35:00;377;com vítima;207;BR-116/RJ;Pista Sul;Colisão Traseira;1;4;;1;;;2
07/02/2015;22:16:00;647;com vítima;224,89999389648438;BR-116/SP;Pista Norte;Abalroamento Longitudinal;1;2;2;2;;;2
07/02/2015;18:05:00;548;com vítima;225,8000030517578;BR-116/SP;Pista Norte;Outros;1;2;1;;;;1
07/02/2015;03:30:00;65;sem vítima;292,20001220703125;BR-116/RJ;Pista Sul;Choque em objeto fixo;1;1;;;;;1
07/02/2015;21:57:00;637;sem vítima;318,8999938964844;BR-116/RJ;Pista Norte;Colisão Traseira;1;4;;;;;1
08/02/2015;22:28:00;559;sem vítima;180,39999389648438;BR-116/RJ;Pista Norte;Abalroamento Longitudinal;1;4;;;;;1
08/02/2015;13:53:00;283;com vítima;182,3000030517578;BR-116/SP;Pista Norte;Colisão Traseira;2;1;1;;;;1
08/02/2015;16:37:00;378;sem vítima;280,6000061035156;BR-116/RJ;Pista Norte;Choque em objeto na pista;1;6;;;;;1
09/02/2015;16:28:00;532;sem vítima;75,5999984741211;BR-116/SP;Pista Norte;Abalroamento Longitudinal;1;5;;;;;1
09/02/2015;18:05:00;586;sem vítima;158;BR-116/SP;Pista Sul;Abalroamento Longitudinal;2;2;;;;;1
09/02/2015;07:38:00;157;com vítima;170,1999969482422;BR-116/RJ;Pista Norte;Abalroamento Longitudinal;1;1;1;;;;1
09/02/2015;09:14:00;252;com vítima;174;BR-116/RJ;Pista Norte;Choque em Barreira New Jersey;1;1;1;;;;1
09/02/2015;23:46:00;747;sem vítima;185,10000610351562;BR-116/SP;Pista Sul;Choque em Defensa;1;5;;;;;1
09/02/2015;12:02:00;372;sem vítima;190;BR-116/RJ;Pista Norte;Colisão Traseira;1;6;;;;;1
09/02/2015;15:44:00;510;sem vítima;212,8000030517578;BR-116/SP;Pista Sul;Abalroamento Longitudinal;1;7;;;;;1
09/02/2015;15:52:00;514;sem vítima;220,32000732421875;BR-116/RJ;Pista Sul;Abalroamento Longitudinal;2;3;;;;;1
09/02/2015;18:00:00;583;sem vítima;310,6000061035156;BR-116/RJ;Pista Norte;Colisão Traseira;1;4;;;;;1
10/02/2015;06:24:00;82;sem vítima;27,799999237060547;BR-116/SP;Pista Sul;Queda de Carga;1;2;;;;;1
10/02/2015;17:26:00;579;sem vítima;109,30000305175781;BR-116/SP;Pista Norte;Choque em Barreira New Jersey;1;1;;;;;1
10/02/2015;10:57:00;320;sem vítima;116,30000305175781;BR-116/SP;Pista Sul;Abalroamento Longitudinal;2;2;;;;;1
10/02/2015;12:37:00;392;sem vítima;135;BR-116/SP;Pista Sul;Colisão Traseira;1;2;;;;;1
10/02/2015;16:03:00;509;sem vítima;138;BR-116/SP;Pista Sul;Outros;1;2;;;;;1
10/02/2015;09:04:00;239;sem vítima;148;BR-116/SP;Pista Sul;Colisão Traseira;1;4;;;;;1
10/02/2015;03:55:00;44;com vítima;172,11000061035156;BR-116/RJ;Pista Norte;Queda de moto;1;1;1;;;;1
10/02/2015;09:51:00;269;sem vítima;186,39999389648438;BR-116/SP;Pista Sul;Colisão Traseira;1;2;;;;;1
10/02/2015;09:21:00;248;sem vítima;207,6999969482422;BR-116/SP;Pista Sul;Abalroamento Longitudinal;1;3;;;;;1
10/02/2015;11:07:00;329;sem vítima;220,1999969482422;BR-116/SP;Pista Sul;Engavetamento;1;3;;;;;1
10/02/2015;09:33:00;255;sem vítima;220,89999389648438;BR-116/SP;Pista Sul;Engavetamento;1;8;;;;;1
10/02/2015;23:32:00;753;sem vítima;222,8000030517578;BR-116/RJ;Pista Norte;Colisão Traseira;1;3;;;;;1
10/02/2015;12:04:00;363;sem vítima;225,75;BR-116/RJ;Pista Norte;Queda de Carga;1;1;;;;;1
10/02/2015;17:11:00;568;sem vítima;225,8000030517578;BR-116/RJ;Pista Sul;Choque em objeto fixo;1;1;;;;;1
10/02/2015;14:20:00;451;sem vítima;228,1999969482422;BR-116/SP;Pista Norte;Colisão Traseira;1;3;;;;;1
10/02/2015;22:53:00;740;sem vítima;269,20001220703125;BR-116/RJ;Pista Sul;Choque em objeto na pista;1;4;;;;;1
10/02/2015;02:28:00;34;com vítima;332,1000061035156;BR-116/RJ;Pista Sul;Choque em Barreira New Jersey;2;2;;1;1;;2
11/02/2015;08:02:00;180;sem vítima;124,5;BR-116/SP;Pista Norte;Abalroamento Longitudinal;1;2;;;;;1
11/02/2015;21:56:00;787;sem vítima;147,25;BR-116/SP;Pista Sul;Abalroamento Longitudinal;1;2;;;;;1
11/02/2015;17:21:00;597;sem vítima;154,6999969482422;BR-116/SP;Pista Norte;Choque em objeto na pista;1;3;;;;;1
11/02/2015;15:26:00;514;com vítima;161,1999969482422;BR-116/SP;Pista Norte;Abalroamento Longitudinal;1;4;1;;;;1
11/02/2015;12:49:00;390;sem vítima;162,10000610351562;BR-116/SP;Pista Sul;Colisão Traseira;1;3;;;;;1
11/02/2015;11:02:00;333;com vítima;168,10000610351562;BR-116/RJ;Pista Sul;Abalroamento Longitudinal;1;1;1;;;;1
11/02/2015;10:27:00;312;sem vítima;175,60000610351562;BR-116/RJ;Pista Sul;Engavetamento;1;3;;;;;1
11/02/2015;15:54:00;535;sem vítima;178,89999389648438;BR-116/RJ;Pista Norte;Engavetamento;1;3;;;;;1
11/02/2015;08:47:00;218;sem vítima;184,35000610351562;BR-116/RJ;Pista Norte;Abalroamento Longitudinal;1;2;;;;;1
11/02/2015;04:58:00;83;com vítima;185,10000610351562;BR-116/RJ;Pista Norte;Colisão Traseira;1;2;1;1;;;2
11/02/2015;00:12:00;12;sem vítima;187,39999389648438;BR-116/SP;Pista Norte;Choque em objeto fixo;1;1;;;;;1
11/02/2015;16:28:00;557;sem vítima;208,39999389648438;BR-116/SP;Pista Norte;Choque em objeto fixo;1;1;;;;;1
11/02/2015;18:03:00;635;sem vítima;209,10000610351562;BR-116/SP;Pista Norte;Colisão Traseira;1;4;;;;;1
11/02/2015;09:33:00;266;com vítima;222,39999389648438;BR-116/SP;Pista Sul;Colisão Traseira;1;2;1;;;;1
11/02/2015;11:56:00;362;sem vítima;230,8000030517578;BR-116/SP;Pista Sul;Colisão Traseira;1;2;;;;;1
11/02/2015;13:46:00;429;sem vítima;248;BR-116/RJ;Pista Norte;Choque em objeto fixo;1;1;;;;;1
11/02/2015;07:18:00;151;sem vítima;269,25;BR-116/RJ;Pista Sul;Tombamento;1;1;;;;;1
11/02/2015;16:38:00;565;com vítima;288,6700134277344;BR-116/RJ;Pista Sul;Colisão Traseira;2;1;2;;;;1
11/02/2015;13:46:00;428;sem vítima;310,8999938964844;BR-116/RJ;Pista Sul;Abalroamento Longitudinal;1;2;;;;;1
12/02/2015;06:25:00;124;sem vítima;11,300000190734863;BR-116/SP;Pista Norte;Colisão Traseira;2;2;;;;;1
12/02/2015;14:31:00;504;sem vítima;33,20000076293945;BR-116/SP;Pista Sul;Choque em objeto na pista;1;3;;;;;1
12/02/2015;01:45:00;45;com vítima;42,650001525878906;BR-116/SP;Pista Sul;Colisão Traseira;1;1;;1;;;2
12/02/2015;14:14:00;493;com vítima;118,05000305175781;BR-116/SP;Pista Norte;Queda de ribanceira;1;0;1;;;;1
12/02/2015;05:45:00;107;com vítima;142,3000030517578;BR-116/SP;Pista Norte;Capotamento;1;0;2;;;;1
12/02/2015;09:06:00;288;sem vítima;145,5;BR-116/SP;Pista Norte;Colisão Traseira;2;2;;;;;1
12/02/2015;01:05:00;26;com vítima;155,1999969482422;BR-116/SP;Pista Sul;Colisão Traseira;1;1;1;;;;1
12/02/2015;07:07:00;152;sem vítima;165,60000610351562;BR-116/RJ;Pista Norte;Colisão Traseira;1;2;;;;;1
12/02/2015;12:59:00;448;sem vítima;182;BR-116/SP;Pista Sul;Abalroamento Longitudinal;2;5;;;;;1
12/02/2015;20:23:00;794;com vítima;196,3000030517578;BR-116/RJ;Pista Sul;Abalroamento Longitudinal;1;2;;2;1;;2
12/02/2015;17:19:00;632;com vítima;213;BR-116/SP;Pista Sul;Abalroamento Longitudinal;1;2;1;;;;1
12/02/2015;11:03:00;386;sem vítima;225,3000030517578;BR-116/RJ;Pista Sul;Engavetamento;2;4;;;;;1
12/02/2015;17:39:00;652;sem vítima;275,5;BR-116/RJ;Pista Sul;Engavetamento;4;4;;;;;1
12/02/2015;16:44:00;604;sem vítima;315;BR-116/RJ;Pista Norte;Choque em Defensa;1;2;;;;;1
12/02/2015;10:59:00;379;sem vítima;316,54998779296875;BR-116/RJ;Pista Sul;Abalroamento Longitudinal;1;2;;;;;1
13/02/2015;18:34:00;754;sem vítima;106,5999984741211;BR-116/SP;Pista Sul;Colisão Traseira;1;2;;;;;1
13/02/2015;19:01:00;784;sem vítima;122,19999694824219;BR-116/SP;Pista Norte;Colisão Traseira;1;5;;;;;1
13/02/2015;16:12:00;641;sem vítima;164,1999969482422;BR-116/RJ;Pista Sul;Abalroamento Longitudinal;1;4;;;;;1
13/02/2015;11:37:00;416;sem vítima;175,0500030517578;BR-116/RJ;Pista Sul;Abalroamento Longitudinal;1;2;;;;;1
13/02/2015;16:15:00;643;sem vítima;204,5;BR-116/SP;Pista Norte;Abalroamento Longitudinal;1;6;;;;;1
13/02/2015;14:39:00;561;sem vítima;212,6999969482422;BR-116/SP;Pista Sul;Abalroamento Longitudinal;1;2;;;;;1
13/02/2015;22:57:00;945;sem vítima;232;BR-116/RJ;Pista Sul;Abalroamento Longitudinal;1;3;;;;;1
13/02/2015;13:15:00;495;sem vítima;239,89999389648438;BR-116/RJ;Pista Sul;Colisão Traseira;1;3;;;;;1
13/02/2015;17:05:00;685;sem vítima;269,3999938964844;BR-116/RJ;Pista Sul;Colisão Traseira;1;2;;;;;1
13/02/2015;12:16:00;448;sem vítima;291,70001220703125;BR-116/RJ;Pista Sul;Choque em objeto na pista;1;1;;;;;1
13/02/2015;15:14:00;588;sem vítima;325,29998779296875;BR-116/RJ;Pista Sul;Choque em objeto na pista;1;1;;;;;1
13/02/2015;15:59:00;628;sem vítima;330,1000061035156;BR-116/RJ;Pista Sul;Abalroamento Longitudinal;1;3;;;;;1
14/02/2015;09:55:00;301;com vítima;150,39999389648438;BR-116/SP;Pista Norte;Colisão Traseira;2;2;1;;;;1
14/02/2015;14:35:00;491;sem vítima;214,39999389648438;BR-116/SP;Pista Sul;Abalroamento Longitudinal;1;6;;;;;1
14/02/2015;16:31:00;576;com vítima;267,1199951171875;BR-116/RJ;Pista Sul;Choque em Barreira New Jersey;1;0;;1;;;2
15/02/2015;10:42:00;235;sem vítima;38,099998474121094;BR-116/SP;Pista Norte;Choque em Defensa;1;1;;;;;1
15/02/2015;23:40:00;587;sem vítima;177,8000030517578;BR-116/RJ;Pista Norte;Choque em veículo parado na pista;1;4;;;;;1
16/02/2015;01:42:00;33;sem vítima;146,6999969482422;BR-116/SP;Pista Norte;Abalroamento Longitudinal;1;2;;;;;1
16/02/2015;16:00:00;350;sem vítima;210;BR-116/RJ;Pista Norte;Choque em Barreira New Jersey;1;1;;;;;1
16/02/2015;06:53:00;101;com vítima;320,70001220703125;BR-116/RJ;Pista Norte;Queda de moto;1;3;;;1;;2
17/02/2015;17:14:00;392;sem vítima;154,6999969482422;BR-116/SP;Pista Norte;Engavetamento;1;13;;;;;1
17/02/2015;07:54:00;107;sem vítima;157;BR-116/SP;Pista Sul;Abalroamento Longitudinal;2;2;;;;;1
17/02/2015;06:49:00;85;com vítima;223,5;BR-116/SP;Pista Norte;Colisão Traseira;1;4;2;;;;1
17/02/2015;16:26:00;353;sem vítima;232,5;BR-116/RJ;Pista Sul;Choque em objeto fixo;1;1;;;;;1
18/02/2015;00:36:00;20;sem vítima;1,899999976158142;BR-116/SP;Pista Sul;Choque em objeto fixo;1;1;;;;;1
18/02/2015;11:50:00;300;sem vítima;194,1999969482422;BR-116/SP;Pista Sul;Choque em objeto na pista;1;4;;;;;1
18/02/2015;17:56:00;522;sem vítima;218,8000030517578;BR-116/SP;Pista Norte;Choque em Barreira New Jersey;1;5;;;;;1
18/02/2015;11:31:00;285;com vítima;265,0799865722656;BR-116/RJ;Pista Norte;Abalroamento Longitudinal;1;2;1;;;;1
19/02/2015;11:50:00;358;sem vítima;188;BR-116/RJ;Pista Norte;Abalroamento Longitudinal;1;2;;;;;1
19/02/2015;22:43:00;721;com vítima;200,10000610351562;BR-116/SP;Pista Sul;Engavetamento;1;4;1;;;;1
19/02/2015;10:34:00;312;sem vítima;219,6999969482422;BR-116/SP;Pista Norte;Engavetamento;2;4;;;;;1
19/02/2015;11:24:00;344;sem vítima;220,39999389648438;BR-116/SP;Pista Sul;Colisão Traseira;2;2;;;;;1
19/02/2015;05:03:00;67;sem vítima;225,6999969482422;BR-116/SP;Pista Sul;Abalroamento Longitudinal;1;3;;;;;1
19/02/2015;21:43:00;699;com vítima;316,20001220703125;BR-116/RJ;Pista Norte;Colisão Traseira;1;2;1;;;;1
20/02/2015;05:08:00;78;com vítima;179;BR-116/RJ;Pista Norte;Atropelamento de Pedestre Atravessando;1;1;;;;1;3
20/02/2015;12:38:00;401;sem vítima;224,6999969482422;BR-116/SP;Pista Norte;Choque em objeto fixo;1;2;;;;;1
20/02/2015;22:44:00;778;sem vítima;229,3000030517578;BR-116/SP;Pista Norte;Abalroamento Longitudinal;1;4;;;;;1
21/02/2015;22:03:00;623;sem vítima;126;BR-116/SP;Pista Norte;Choque em objeto na pista;1;6;;;;;1
21/02/2015;07:55:00;135;sem vítima;147,60000610351562;BR-116/SP;Pista Sul;Abalroamento Longitudinal;1;2;;;;;1
21/02/2015;23:25:00;661;sem vítima;172,14999389648438;BR-116/RJ;Pista Norte;Abalroamento Longitudinal;1;4;;;;;1
21/02/2015;15:44:00;434;com vítima;221,1999969482422;BR-116/SP;Pista Norte;Abalroamento Longitudinal;1;5;1;;;;1
21/02/2015;06:37:00;92;sem vítima;293;BR-116/RJ;Pista Norte;Tombamento;1;1;;;;;1
21/02/2015;12:11:00;306;sem vítima;294,79998779296875;BR-116/RJ;Pista Norte;Choque em objeto na pista;1;2;;;;;1
21/02/2015;05:52:00;76;com vítima;330,0799865722656;BR-116/RJ;Pista Norte;Colisão Traseira;2;1;;1;1;;2
22/02/2015;16:57:00;408;sem vítima;184,52000427246094;BR-116/RJ;Pista Norte;Colisão Traseira;2;2;;;;;1
22/02/2015;06:16:00;87;sem vítima;230,89999389648438;BR-116/SP;Pista Norte;Abalroamento Longitudinal;1;2;;;;;1
22/02/2015;12:09:00;255;sem vítima;231,3000030517578;BR-116/SP;Pista Norte;Abalroamento Longitudinal;1;6;;;;;1
23/02/2015;10:55:00;371;sem vítima;87,69999694824219;BR-116/SP;Pista Sul;Abalroamento Longitudinal;2;2;;;;;1
23/02/2015;10:12:00;329;sem vítima;193,3000030517578;BR-116/RJ;Pista Sul;Colisão Traseira;1;2;;;;;1
23/02/2015;09:36:00;285;sem vítima;206,60000610351562;BR-116/RJ;Pista Norte;Abalroamento Longitudinal;1;41;;;;;1
23/02/2015;12:25:00;424;sem vítima;218,60000610351562;BR-116/SP;Pista Sul;Tombamento;1;1;;;;;1