data;horario;n_da_ocorrencia;tipo_de_ocorrencia;km;trecho;sentido;tipo_de_acidente;caminhao;ilesos;levemente_feridos;moderadamente_feridos;gravemente_feridos;mortos;3
23/02/2015;18:10:00;594;sem vítima;220,1999969482422;BR-116/SP;Pista Sul;Colisão Traseira;1;2;;;;;1
24/02/2015;07:06:00;129;sem vítima;102,5;BR-116/SP;Pista Sul;Abalroamento Longitudinal;2;2;;;;;1
24/02/2015;16:54:00;543;sem vítima;214;BR-116/SP;Pista Norte;Abalroamento Longitudinal;1;3;;;;;1
24/02/2015;18:49:00;621;sem vítima;214,60000610351562;BR-116/RJ;Pista Sul;Choque em objeto na pista;1;2;;;;;1
24/02/2015;14:11:00;434;sem vítima;218,1999969482422;BR-116/SP;Pista Norte;Engavetamento;1;4;;;;;1
24/02/2015;20:42:00;680;sem vítima;220,6999969482422;BR-116/SP;Pista Norte;Abalroamento Longitudinal;1;2;;;;;1
24/02/2015;07:10:00;134;sem vítima;244,35000610351562;BR-116/RJ;Pista Norte;Colisão Traseira;2;2;;;;;1
25/02/2015;18:42:00;634;sem vítima;1,0199999809265137;BR-116/SP;Pista Sul;Choque em objeto fixo;1;1;;;;;1
25/02/2015;19:53:00;674;com vítima;54,75;BR-116/SP;Pista Norte;Abalroamento Longitudinal;1;3;1;;;;1
25/02/2015;23:02:00;770;sem vítima;80,5999984741211;BR-116/SP;Pista Sul;Choque em objeto fixo;1;1;;;;;1
25/02/2015;08:09:00;205;sem vítima;136,10000610351562;BR-116/SP;Pista Sul;Colisão Traseira;1;2;;;;;1
25/02/2015;07:22:00;163;sem vítima;167,6999969482422;BR-116/RJ;Pista Norte;Colisão Traseira;1;3;;;;;1
25/02/2015;11:58:00;370;sem vítima;178,9199981689453;BR-116/RJ;Pista Norte;Abalroamento Longitudinal;1;2;;;;;1
25/02/2015;22:05:00;751;sem vítima;216,6999969482422;BR-116/RJ;Pista Norte;Colisão Traseira;1;2;;;;;1
25/02/2015;19:56:00;677;sem vítima;218,97999572753906;BR-116/SP;Pista Norte;Abalroamento Longitudinal;1;2;;;;;1
25/02/2015;22:18:00;758;sem vítima;273,45001220703125;BR-116/RJ;Pista Norte;Abalroamento Longitudinal;1;3;;;;;1
25/02/2015;07:28:00;166;com vítima;279,5;BR-116/RJ;Pista Norte;Colisão Traseira;1;2;1;;;;1
25/02/2015;21:23:00;730;sem vítima;324,20001220703125;BR-116/RJ;Pista Norte;Colisão Traseira;2;2;;;;;1
26/02/2015;04:27:00;66;com vítima;60,54999923706055;BR-116/SP;Pista Norte;Choque em Barreira New Jersey;1;0;1;;;;1
26/02/2015;01:36:00;42;com vítima;170,35000610351562;BR-116/SP;Pista Norte;Colisão Traseira;1;2;1;;;;1
26/02/2015;19:11:00;632;sem vítima;179,8000030517578;BR-116/RJ;Pista Norte;Choque em objeto fixo;1;1;;;;;1
26/02/2015;17:32:00;561;sem vítima;183,6999969482422;BR-116/SP;Pista Sul;Choque em Defensa;1;1;;;;;1
26/02/2015;17:14:00;549;sem vítima;218,39999389648438;BR-116/SP;Pista Norte;Abalroamento Longitudinal;1;3;;;;;1
26/02/2015;23:05:00;747;sem vítima;222,0500030517578;BR-116/RJ;Pista Norte;Tombamento;1;1;;;;;1
26/02/2015;19:02:00;624;sem vítima;245,6999969482422;BR-116/RJ;Pista Norte;Engavetamento;1;6;;;;;1
26/02/2015;23:25:00;753;sem vítima;251,4499969482422;BR-116/RJ;Pista Norte;Engavetamento;2;3;;;;;1
26/02/2015;15:29:00;479;com vítima;291,95001220703125;BR-116/RJ;Pista Sul;Choque em Barreira New Jersey;1;0;1;;;;1
26/02/2015;09:28:00;243;sem vítima;296,1000061035156;BR-116/RJ;Pista Sul;Colisão Traseira;1;2;;;;;1
27/02/2015;15:55:00;521;sem vítima;17,299999237060547;BR-116/SP;Pista Sul;Choque em objeto na pista;1;1;;;;;1
27/02/2015;07:27:00;156;sem vítima;131,8000030517578;BR-116/SP;Pista Norte;Abalroamento Longitudinal;1;2;;;;;1
27/02/2015;02:51:00;47;sem vítima;153,8000030517578;BR-116/SP;Pista Norte;Choque em objeto fixo;1;1;;;;;1
27/02/2015;13:15:00;409;sem vítima;160,3000030517578;BR-116/SP;Pista Norte;Abalroamento Longitudinal;1;2;;;;;1
27/02/2015;02:50:00;46;sem vítima;164,8000030517578;BR-116/RJ;Pista Norte;Choque em Barreira New Jersey;1;1;;;;;1
27/02/2015;08:34:00;218;sem vítima;165;BR-116/SP;Pista Sul;Abalroamento Longitudinal;1;2;;;;;1
27/02/2015;15:45:00;514;sem vítima;167,6999969482422;BR-116/RJ;Pista Sul;Colisão Traseira;1;2;;;;;1
27/02/2015;05:35:00;88;com vítima;186;BR-116/RJ;Pista Norte;Abalroamento Longitudinal;1;2;;1;;;2
27/02/2015;18:48:00;641;sem vítima;193,3000030517578;BR-116/SP;Pista Norte;Queda de ribanceira;1;1;;;;;1
27/02/2015;10:38:00;315;sem vítima;222,39999389648438;BR-116/SP;Pista Sul;Colisão Traseira;1;3;;;;;1
27/02/2015;11:42:00;350;sem vítima;222,60000610351562;BR-116/RJ;Pista Sul;Outros;1;2;;;;;1
28/02/2015;08:14:00;187;sem vítima;186,3000030517578;BR-116/SP;Pista Sul;Colisão Frontal;1;6;;;;;1
28/02/2015;18:22:00;535;sem vítima;221,39999389648438;BR-116/RJ;Pista Sul;Queda de ribanceira;1;1;;;;;1
28/02/2015;11:06:00;299;com vítima;249,89999389648438;BR-116/RJ;Pista Sul;Choque em objeto fixo;1;0;1;;;;1
28/02/2015;19:46:00;573;com vítima;275,6000061035156;BR-116/RJ;Pista Sul;Outros;1;0;1;;;;1
01/03/2015;13:29:00;295;sem vítima;204,5;BR-116/SP;Pista Sul;Colisão Traseira;2;2;;;;;1
01/03/2015;08:52:00;168;com vítima;212,5;BR-116/SP;Pista Sul;Engavetamento;1;4;2;;;;1
01/03/2015;02:17:00;44;sem vítima;289,1000061035156;BR-116/RJ;Pista Sul;Abalroamento Longitudinal;1;31;;;;;1
02/03/2015;03:44:00;51;com vítima;51,150001525878906;BR-116/SP;Pista Norte;Colisão Traseira;1;1;1;;;;1
02/03/2015;08:43:00;229;com vítima;181,39999389648438;BR-116/RJ;Pista Norte;Abalroamento Longitudinal;3;4;;1;;;2
02/03/2015;08:34:00;220;sem vítima;218,1999969482422;BR-116/RJ;Pista Norte;Abalroamento Longitudinal;3;3;;;;;1
02/03/2015;08:18:00;202;sem vítima;226,3000030517578;BR-116/SP;Pista Norte;Abalroamento Longitudinal;1;2;;;;;1
03/03/2015;22:56:00;709;sem vítima;3,5;BR-116/SP;Pista Norte;Choque em veículo parado na pista;2;2;;;;;1
03/03/2015;02:45:00;40;com vítima;50,95000076293945;BR-116/SP;Pista Sul;Colisão Traseira;1;1;1;;;;1
03/03/2015;16:55:00;527;com vítima;110,80000305175781;BR-116/SP;Pista Norte;Abalroamento Longitudinal;1;14;;;1;;2
03/03/2015;17:26:00;540;sem vítima;144,3000030517578;BR-116/SP;Pista Sul;Abalroamento Longitudinal;1;4;;;;;1
03/03/2015;07:59:00;174;com vítima;146,3000030517578;BR-116/SP;Pista Sul;Engavetamento;1;3;1;;;;1
03/03/2015;13:40:00;415;sem vítima;166,8000030517578;BR-116/RJ;Pista Norte;Choque em objeto fixo;1;1;;;;;1
03/03/2015;09:50:00;275;sem vítima;183,5500030517578;BR-116/RJ;Pista Norte;Colisão Traseira;1;3;;;;;1
03/03/2015;19:45:00;627;sem vítima;188,89999389648438;BR-116/SP;Pista Sul;Colisão Traseira;1;3;;;;;1
03/03/2015;06:23:00;99;com vítima;216,39999389648438;BR-116/SP;Pista Norte;Abalroamento Longitudinal;1;1;1;;;;1
03/03/2015;07:36:00;150;com vítima;218,1999969482422;BR-116/SP;Pista Norte;Colisão Traseira;1;1;1;;;;1
03/03/2015;06:24:00;100;sem vítima;258,20001220703125;BR-116/RJ;Pista Norte;Colisão Traseira;2;2;;;;;1
04/03/2015;00:46:00;19;com vítima;0,6000000238418579;BR-116/SP;Pista Norte;Colisão Traseira;1;1;;;1;;2
04/03/2015;22:31:00;767;sem vítima;2,700000047683716;BR-116/SP;Pista Norte;Colisão Traseira;1;4;;;;;1
04/03/2015;17:03:00;579;sem vítima;127,69999694824219;BR-116/SP;Pista Sul;Choque em Barreira New Jersey;2;2;;;;;1
04/03/2015;11:09:00;363;sem vítima;151,9499969482422;BR-116/SP;Pista Sul;Choque em Defensa;1;1;;;;;1
04/03/2015;13:08:00;429;com vítima;163,1999969482422;BR-116/RJ;Pista Sul;Outros;1;0;;;3;;2
04/03/2015;11:06:00;359;sem vítima;198,9499969482422;BR-116/RJ;Pista Sul;Choque em Defensa;1;3;;;;;1
04/03/2015;13:44:00;448;sem vítima;221,1999969482422;BR-116/RJ;Pista Norte;Tombamento;1;1;;;;;1
04/03/2015;18:19:00;641;sem vítima;229,10000610351562;BR-116/RJ;Pista Norte;Abalroamento Longitudinal;1;2;;;;;1
04/03/2015;16:02:00;545;sem vítima;286,8999938964844;BR-116/RJ;Pista Sul;Abalroamento Longitudinal;2;2;;;;;1
04/03/2015;16:51:00;570;sem vítima;305;BR-116/RJ;Pista Norte;Abalroamento Longitudinal;1;3;;;;;1
04/03/2015;17:33:00;602;sem vítima;314,8999938964844;BR-116/RJ;Pista Sul;Colisão Traseira;1;3;;;;;1
04/03/2015;15:00:00;495;sem vítima;316,54998779296875;BR-116/RJ;Pista Norte;Choque em Defensa;1;1;;;;;1
05/03/2015;14:26:00;451;sem vítima;149,10000610351562;BR-116/SP;Pista Sul;Engavetamento;1;3;;;;;1
05/03/2015;16:11:00;529;sem vítima;164,1999969482422;BR-116/RJ;Pista Sul;Abalroamento Longitudinal;1;5;;;;;1
05/03/2015;05:07:00;70;sem vítima;255,10000610351562;BR-116/RJ;Pista Sul;Colisão Traseira;2;2;;;;;1
05/03/2015;15:42:00;503;sem vítima;272,20001220703125;BR-116/RJ;Pista Norte;Abalroamento Longitudinal;1;2;;;;;1
05/03/2015;07:57:00;181;sem vítima;290,3500061035156;BR-116/RJ;Pista Norte;Abalroamento Longitudinal;1;2;;;;;1
05/03/2015;04:17:00;62;sem vítima;303,0899963378906;BR-116/RJ;Pista Norte;Choque em Defensa;1;1;;;;;1
06/03/2015;20:20:00;691;com vítima;70,3499984741211;BR-116/SP;Pista Sul;Choque em Barreira New Jersey;1;1;2;1;;1;3
06/03/2015;00:32:00;18;sem vítima;165;BR-116/RJ;Pista Norte;Engavetamento;1;3;;;;;1
06/03/2015;21:04:00;716;sem vítima;165,1999969482422;BR-116/SP;Pista Sul;Colisão Traseira;2;2;;;;;1
06/03/2015;16:00:00;509;sem vítima;167,89999389648438;BR-116/RJ;Pista Sul;Abalroamento Longitudinal;1;2;;;;;1
06/03/2015;02:21:00;37;sem vítima;199,8000030517578;BR-116/RJ;Pista Norte;Atropelamento de Animal;1;1;;;;;1
06/03/2015;23:15:00;786;sem vítima;219,14999389648438;BR-116/SP;Pista Sul;Abalroamento Longitudinal;1;7;;;;;1
06/03/2015;15:32:00;483;sem vítima;285,17999267578125;BR-116/RJ;Pista Norte;Colisão Traseira;1;3;;;;;1
06/03/2015;15:25:00;479;sem vítima;290,1000061035156;BR-116/RJ;Pista Sul;Colisão Traseira;1;9;;;;;1
07/03/2015;08:41:00;218;com vítima;24;BR-116/SP;Pista Norte;Colisão Traseira;1;1;;2;;;2
07/03/2015;13:43:00;394;sem vítima;86,94999694824219;BR-116/SP;Pista Sul;Outros;1;1;;;;;1
07/03/2015;09:35:00;254;sem vítima;165,1999969482422;BR-116/SP;Pista Sul;Colisão Traseira;1;3;;;;;1
07/03/2015;08:39:00;217;sem vítima;176,1999969482422;BR-116/RJ;Pista Sul;Colisão Traseira;1;2;;;;;1
07/03/2015;14:21:00;424;sem vítima;210,8000030517578;BR-116/SP;Pista Sul;Engavetamento;1;11;;;;;1
07/03/2015;19:56:00;596;sem vítima;216,6999969482422;BR-116/SP;Pista Sul;Choque em Barreira New Jersey;1;1;;;;;1
07/03/2015;20:03:00;603;sem vítima;228,5500030517578;BR-116/SP;Pista Norte;Colisão Traseira;1;2;;;;;1
07/03/2015;06:32:00;132;com vítima;254,4499969482422;BR-116/RJ;Pista Sul;Colisão Traseira;1;1;;2;;;2
07/03/2015;12:40:00;361;sem vítima;267,3999938964844;BR-116/RJ;Pista Norte;Abalroamento Longitudinal;1;2;;;;;1
07/03/2015;01:29:00;33;com vítima;273,29998779296875;BR-116/RJ;Pista Sul;Colisão Traseira;1;33;1;;;;1
08/03/2015;12:41:00;259;sem vítima;80,0999984741211;BR-116/SP;Pista Sul;Colisão Traseira;2;2;;;;;1
08/03/2015;21:52:00;531;com vítima;88,19999694824219;BR-116/SP;Pista Norte;Colisão Traseira;2;1;;1;;;2
08/03/2015;04:23:00;56;com vítima;161,35000610351562;BR-116/SP;Pista Norte;Colisão Traseira;1;1;1;;;;1
08/03/2015;05:20:00;71;sem vítima;177,39999389648438;BR-116/RJ;Pista Sul;Choque em veículo parado na pista;1;2;;;;;1
08/03/2015;19:26:00;456;sem vítima;296,5;BR-116/RJ;Pista Norte;Colisão Traseira;1;4;;;;;1
09/03/2015;16:04:00;506;sem vítima;170,1999969482422;BR-116/RJ;Pista Sul;Abalroamento Longitudinal;1;2;;;;;1
09/03/2015;14:06:00;427;com vítima;174,3000030517578;BR-116/RJ;Pista Sul;Queda de ribanceira;1;0;;2;;;2
09/03/2015;12:05:00;369;sem vítima;220,6999969482422;BR-116/SP;Pista Norte;Choque em Defensa;1;1;;;;;1
10/03/2015;19:31:00;616;sem vítima;65,69999694824219;BR-116/SP;Pista Sul;Choque em objeto na pista;1;2;;;;;1
10/03/2015;15:11:00;464;com vítima;162,6999969482422;BR-116/SP;Pista Norte;Engavetamento;1;4;2;1;2;;2
10/03/2015;07:53:00;160;com vítima;191,8000030517578;BR-116/SP;Pista Norte;Choque Talude;1;1;1;;;;1
10/03/2015;18:08:00;557;sem vítima;199,3000030517578;BR-116/SP;Pista Norte;Choque em Barreira New Jersey;1;3;;;;;1
10/03/2015;10:14:00;271;com vítima;202;BR-116/SP;Pista Sul;Colisão Traseira;1;2;1;1;;;2
10/03/2015;18:23:00;568;sem vítima;212,10000610351562;BR-116/SP;Pista Sul;Colisão Traseira;1;4;;;;;1
10/03/2015;00:59:00;20;com vítima;222,5500030517578;BR-116/RJ;Pista Norte;Tombamento;1;0;1;;;;1
10/03/2015;14:47:00;452;sem vítima;238,3000030517578;BR-116/RJ;Pista Norte;Choque em Barreira New Jersey;1;3;;;;;1
10/03/2015;02:18:00;37;sem vítima;244,5;BR-116/RJ;Pista Norte;Colisão Traseira;1;2;;;;;1
10/03/2015;14:31:00;440;sem vítima;263,6000061035156;BR-116/RJ;Pista Sul;Outros;1;1;;;;;1
11/03/2015;17:16:00;541;com vítima;182,8000030517578;BR-116/RJ;Pista Sul;Abalroamento Longitudinal;1;4;1;;;;1
11/03/2015;05:38:00;65;sem vítima;200,89999389648438;BR-116/RJ;Pista Norte;Choque em objeto na pista;1;1;;;;;1
11/03/2015;08:25:00;188;sem vítima;211,10000610351562;BR-116/SP;Pista Sul;Choque em objeto fixo;1;1;;;;;1
11/03/2015;12:56:00;369;sem vítima;223,39999389648438;BR-116/SP;Pista Sul;Colisão Traseira;1;2;;;;;1
11/03/2015;22:13:00;726;com vítima;229,3000030517578;BR-116/SP;Pista Sul;Abalroamento Longitudinal;2;2;;1;;;2
12/03/2015;14:50:00;445;com vítima;17,5;BR-116/SP;Pista Sul;Abalroamento Longitudinal;2;2;1;;;;1
12/03/2015;21:16:00;657;com vítima;123,30000305175781;BR-116/SP;Pista Norte;Queda de moto;1;4;;1;;;2
12/03/2015;15:16:00;461;com vítima;127,6500015258789;BR-116/SP;Pista Sul;Engavetamento;1;4;1;;;;1
12/03/2015;10:17:00;292;sem vítima;167,60000610351562;BR-116/RJ;Pista Norte;Abalroamento Longitudinal;2;2;;;;;1
12/03/2015;03:52:00;62;sem vítima;170,82000732421875;BR-116/RJ;Pista Norte;Choque em Defensa;1;1;;;;;1
12/03/2015;22:39:00;694;sem vítima;176,39999389648438;BR-116/RJ;Pista Sul;Abalroamento Longitudinal;1;4;;;;;1
12/03/2015;21:21:00;659;com vítima;197,3000030517578;BR-116/SP;Pista Sul;Choque em veículo parado na pista;1;1;1;;;;1
12/03/2015;12:06:00;355;sem vítima;210,8000030517578;BR-116/RJ;Pista Norte;Outros;1;1;;;;;1
12/03/2015;21:46:00;668;sem vítima;218,89999389648438;BR-116/SP;Pista Sul;Colisão Traseira;2;2;;;;;1
12/03/2015;00:22:00;16;com vítima;228;BR-116/RJ;Pista Norte;Tombamento;1;0;1;;;;1
12/03/2015;05:48:00;89;sem vítima;231,39999389648438;BR-116/SP;Pista Norte;Tombamento;1;2;;;;;1
12/03/2015;01:43:00;36;sem vítima;301,3999938964844;BR-116/RJ;Pista Sul;Tombamento;1;1;;;;;1
13/03/2015;05:09:00;71;sem vítima;36,5;BR-116/SP;Pista Sul;Abalroamento Longitudinal;1;2;;;;;1
13/03/2015;04:59:00;69;sem vítima;165,1999969482422;BR-116/SP;Pista Norte;Colisão Traseira;1;5;;;;;1
13/03/2015;22:11:00;769;sem vítima;165,39999389648438;BR-116/SP;Pista Norte;Colisão Traseira;1;3;;;;;1
13/03/2015;19:11:00;659;sem vítima;176,10000610351562;BR-116/RJ;Pista Sul;Abalroamento Longitudinal;1;2;;;;;1
13/03/2015;19:41:00;682;sem vítima;177,10000610351562;BR-116/RJ;Pista Sul;Abalroamento Longitudinal;1;2;;;;;1
13/03/2015;19:04:00;654;sem vítima;177,35000610351562;BR-116/RJ;Pista Sul;Abalroamento Longitudinal;1;2;;;;;1
13/03/2015;17:43:00;600;com vítima;210,3000030517578;BR-116/RJ;Pista Sul;Queda de ribanceira;1;0;1;;;;1
13/03/2015;18:09:00;609;sem vítima;219,8000030517578;BR-116/SP;Pista Norte;Abalroamento Longitudinal;1;2;;;;;1
13/03/2015;16:40:00;557;sem vítima;221,10000610351562;BR-116/RJ;Pista Norte;Abalroamento Longitudinal;1;2;;;;;1
13/03/2015;01:28:00;32;sem vítima;239;BR-116/RJ;Pista Norte;Outros;1;1;;;;;1
13/03/2015;16:01:00;525;com vítima;242,3000030517578;BR-116/RJ;Pista Sul;Capotamento;1;1;2;1;;;2
14/03/2015;12:21:00;326;sem vítima;35,70000076293945;BR-116/SP;Pista Sul;Choque em objeto fixo;1;1;;;;;1
14/03/2015;05:46:00;94;sem vítima;132,3000030517578;BR-116/SP;Pista Norte;Colisão Traseira;1;2;;;;;1
14/03/2015;22:49:00;670;sem vítima;140,8000030517578;BR-116/SP;Pista Sul;Abalroamento Longitudinal;1;4;;;;;1
14/03/2015;17:58:00;547;sem vítima;167,60000610351562;BR-116/RJ;Pista Sul;Abalroamento Longitudinal;1;2;;;;;1
14/03/2015;04:19:00;72;sem vítima;253,5500030517578;BR-116/RJ;Pista Norte;Queda de ribanceira;1;1;;;;;1
14/03/2015;04:46:00;77;com vítima;277,8500061035156;BR-116/RJ;Pista Norte;Colisão Traseira;1;1;1;;;;1
15/03/2015;14:12:00;355;com vítima;146,10000610351562;BR-116/SP;Pista Norte;Tombamento;1;0;1;;;;1
15/03/2015;13:50:00;342;com vítima;152,35000610351562;BR-116/SP;Pista Norte;Tombamento;1;0;1;;;;1
15/03/2015;12:46:00;313;com vítima;228;BR-116/SP;Pista Norte;Abalroamento Longitudinal;1;37;1;;;;1
15/03/2015;14:38:00;370;sem vítima;275,25;BR-116/RJ;Pista Norte;Tombamento;1;1;;;;;1
15/03/2015;15:33:00;399;sem vítima;305,20001220703125;BR-116/RJ;Pista Norte;Queda de Carga;1;1;;;;;1
15/03/2015;19:32:00;542;sem vítima;324,54998779296875;BR-116/RJ;Pista Norte;Abalroamento Longitudinal;1;3;;;;;1
16/03/2015;18:53:00;578;sem vítima;221,8000030517578;BR-116/RJ;Pista Norte;Colisão Traseira;1;33;;;;;1
16/03/2015;19:34:00;603;sem vítima;223;BR-116/SP;Pista Norte;Colisão Traseira;1;2;;;;;1
16/03/2015;21:12:00;657;sem vítima;223,5;BR-116/RJ;Pista Sul;Choque em objeto fixo;1;1;;;;;1
16/03/2015;18:02:00;540;sem vítima;230,5;BR-116/SP;Pista Sul;Colisão Traseira;1;2;;;;;1
17/03/2015;06:11:00;90;sem vítima;36,5;BR-116/SP;Pista Sul;Abalroamento Longitudinal;1;4;;;;;1
17/03/2015;06:35:00;103;sem vítima;86,94999694824219;BR-116/SP;Pista Sul;Choque em objeto fixo;1;1;;;;;1
17/03/2015;01:09:00;29;sem vítima;95,69999694824219;BR-116/SP;Pista Sul;Queda de ribanceira;1;1;;;;;1
17/03/2015;05:43:00;76;sem vítima;116,0999984741211;BR-116/SP;Pista Sul;Colisão Traseira;2;30;;;;;1
17/03/2015;08:19:00;196;sem vítima;152,10000610351562;BR-116/SP;Pista Sul;Abalroamento Longitudinal;1;2;;;;;1
17/03/2015;07:36:00;149;sem vítima;204,5;BR-116/SP;Pista Norte;Colisão Traseira;2;4;;;;;1
17/03/2015;12:30:00;373;sem vítima;209,8000030517578;BR-116/SP;Pista Sul;Colisão Traseira;1;2;;;;;1
17/03/2015;15:00:00;450;sem vítima;290,57000732421875;BR-116/RJ;Pista Norte;Colisão Traseira;1;2;;;;;1
18/03/2015;21:58:00;776;sem vítima;23,100000381469727;BR-116/SP;Pista Norte;Colisão Traseira;2;2;;;;;1
18/03/2015;21:05:00;749;com vítima;63,599998474121094;BR-116/SP;Pista Norte;Engavetamento;3;4;;1;1;;2
18/03/2015;21:37:00;765;com vítima;91,8499984741211;BR-116/SP;Pista Norte;Colisão Traseira;1;1;1;;;;1
18/03/2015;19:49:00;707;sem vítima;139,5;BR-116/SP;Pista Norte;Choque em objeto fixo;1;1;;;;;1
18/03/2015;10:13:00;327;com vítima;169;BR-116/SP;Pista Norte;Tombamento;1;1;1;;;;1
18/03/2015;22:10:00;782;sem vítima;170,3000030517578;BR-116/RJ;Pista Sul;Colisão Traseira;1;2;;;;;1
18/03/2015;05:20:00;75;com vítima;180;BR-116/RJ;Pista Norte;Engavetamento;1;105;6;;;;1
18/03/2015;23:37:00;821;sem vítima;180,60000610351562;BR-116/RJ;Pista Sul;Atropelamento de Animal;1;2;;;;;1
18/03/2015;20:29:00;732;sem vítima;186;BR-116/SP;Pista Norte;Choque em objeto fixo;1;1;;;;;1
18/03/2015;07:02:00;136;com vítima;194,10000610351562;BR-116/SP;Pista Sul;Tombamento;1;1;1;;;;1
19/03/2015;21:45:00;786;sem vítima;23;BR-116/SP;Pista Sul;Colisão Traseira;2;2;;;;;1
19/03/2015;14:51:00;531;com vítima;30,700000762939453;BR-116/SP;Pista Sul;Colisão Traseira;1;3;2;;;;1
19/03/2015;14:56:00;535;com vítima;161,5;BR-116/SP;Pista Sul;Choque em Barreira New Jersey;1;0;1;;;;1
19/03/2015;07:55:00;206;sem vítima;180;BR-116/RJ;Pista Norte;Choque em Barreira New Jersey;1;1;;;;;1
19/03/2015;20:10:00;738;sem vítima;200,39999389648438;BR-116/RJ;Pista Sul;Colisão Traseira;1;2;;;;;1
19/03/2015;10:42:00;361;sem vítima;217,5;BR-116/RJ;Pista Norte;Abalroamento Longitudinal;2;2;;;;;1
19/03/2015;10:20:00;342;sem vítima;220;BR-116/SP;Pista Norte;Colisão Traseira;1;2;;;;;1
19/03/2015;14:53:00;532;sem vítima;222;BR-116/SP;Pista Norte;Colisão Traseira;1;2;;;;;1
19/03/2015;04:14:00;67;sem vítima;222,6999969482422;BR-116/RJ;Pista Norte;Colisão Traseira;1;2;;;;;1
19/03/2015;06:51:00;136;sem vítima;228,89999389648438;BR-116/RJ;Pista Norte;Colisão Traseira;1;47;;;;;1
19/03/2015;22:29:00;810;sem vítima;230,8000030517578;BR-116/SP;Pista Sul;Colisão Traseira;1;2;;;;;1
19/03/2015;09:12:00;284;sem vítima;318;BR-116/RJ;Pista Norte;Colisão Traseira;1;5;;;;;1
20/03/2015;16:31:00;563;sem vítima;86,94999694824219;BR-116/SP;Pista Sul;Abalroamento Longitudinal;2;4;;;;;1
20/03/2015;12:57:00;415;sem vítima;114,19999694824219;BR-116/SP;Pista Norte;Colisão Traseira;1;8;;;;;1
20/03/2015;11:23:00;361;sem vítima;146,10000610351562;BR-116/SP;Pista Sul;Colisão Traseira;1;2;;;;;1
20/03/2015;18:41:00;640;sem vítima;147,10000610351562;BR-116/SP;Pista Norte;Abalroamento Longitudinal;1;5;;;;;1
20/03/2015;19:22:00;674;sem vítima;176,89999389648438;BR-116/RJ;Pista Sul;Colisão Traseira;1;2;;;;;1
20/03/2015;17:18:00;591;com vítima;210,10000610351562;BR-116/RJ;Pista Sul;Choque em Defensa;1;0;1;;;;1
20/03/2015;14:26:00;470;sem vítima;212,6999969482422;BR-116/RJ;Pista Norte;Colisão Traseira;2;2;;;;;1
20/03/2015;10:12:00;315;sem vítima;257;BR-116/RJ;Pista Norte;Engavetamento;1;4;;;;;1
21/03/2015;02:36:00;48;com vítima;86,94999694824219;BR-116/SP;Pista Norte;Colisão Traseira;1;4;1;;;;1
21/03/2015;20:35:00;561;sem vítima;110,19999694824219;BR-116/SP;Pista Sul;Colisão Traseira;1;2;;;;;1
21/03/2015;16:59:00;444;sem vítima;133,60000610351562;BR-116/SP;Pista Norte;Colisão Traseira;1;3;;;;;1
21/03/2015;20:22:00;555;sem vítima;165,10000610351562;BR-116/SP;Pista Norte;Abalroamento Longitudinal;1;3;;;;;1
21/03/2015;01:37:00;37;sem vítima;175,1999969482422;BR-116/RJ;Pista Norte;Choque em objeto na pista;1;1;;;;;1
21/03/2015;08:25:00;175;sem vítima;227,3000030517578;BR-116/RJ;Pista Norte;Choque em Barreira New Jersey;1;1;;;;;1
21/03/2015;11:15:00;280;sem vítima;228,1999969482422;BR-116/RJ;Pista Norte;Choque em Barreira New Jersey;2;3;;;;;1
21/03/2015;12:08:00;311;sem vítima;228,8000030517578;BR-116/RJ;Pista Norte;Abalroamento Longitudinal;1;9;;;;;1
21/03/2015;12:07:00;309;com vítima;229;BR-116/RJ;Pista Norte;Engavetamento;1;2;1;;;;1
21/03/2015;10:39:00;258;sem vítima;229,6999969482422;BR-116/RJ;Pista Norte;Outros;1;1;;;;;1
21/03/2015;14:06:00;358;sem vítima;318,8999938964844;BR-116/RJ;Pista Sul;Abalroamento Longitudinal;1;2;;;;;1
21/03/2015;23:25:00;623;sem vítima;327,3999938964844;BR-116/RJ;Pista Norte;Colisão Traseira;1;3;;;;;1