data;horario;n_da_ocorrencia;tipo_de_ocorrencia;km;trecho;sentido;tipo_de_acidente;caminhao;ilesos;levemente_feridos;moderadamente_feridos;gravemente_feridos;mortos;3
22/03/2015;08:01:00;121;sem vítima;318,8999938964844;BR-116/RJ;Pista Norte;Colisão Traseira;2;3;;;;;1
23/03/2015;19:38:00;656;com vítima;56,619998931884766;BR-116/SP;Pista Sul;Atropelamento de Animal;1;0;1;;1;1;3
23/03/2015;22:26:00;712;sem vítima;100,69999694824219;BR-116/SP;Pista Norte;Colisão Traseira;2;3;;;;;1
23/03/2015;04:16:00;67;com vítima;174,39999389648438;BR-116/RJ;Pista Norte;Choque em veículo parado na pista;1;2;;;;1;3
23/03/2015;18:45:00;634;sem vítima;174,6999969482422;BR-116/RJ;Pista Sul;Abalroamento Longitudinal;1;5;;;;;1
23/03/2015;12:35:00;415;sem vítima;196,6999969482422;BR-116/SP;Pista Norte;Colisão Traseira;1;5;;;;;1
23/03/2015;11:22:00;379;sem vítima;204,5;BR-116/SP;Pista Sul;Colisão Traseira;2;2;;;;;1
23/03/2015;06:44:00;133;com vítima;217,39999389648438;BR-116/SP;Pista Sul;Capotamento;1;1;1;;;;1
23/03/2015;05:45:00;95;sem vítima;263,2200012207031;BR-116/RJ;Pista Norte;Abalroamento Longitudinal;1;2;;;;;1
23/03/2015;15:54:00;532;com vítima;263,6000061035156;BR-116/RJ;Pista Sul;Tombamento;1;0;1;;;;1
24/03/2015;10:59:00;319;sem vítima;167;BR-116/RJ;Pista Sul;Abalroamento Longitudinal;1;3;;;;;1
24/03/2015;06:00:00;82;sem vítima;178,3000030517578;BR-116/RJ;Pista Norte;Choque em Barreira New Jersey;1;1;;;;;1
24/03/2015;16:16:00;515;sem vítima;220,42999267578125;BR-116/RJ;Pista Norte;Tombamento;1;1;;;;;1
24/03/2015;12:12:00;357;sem vítima;222,8000030517578;BR-116/SP;Pista Norte;Colisão Traseira;1;3;;;;;1
24/03/2015;16:37:00;534;com vítima;234,67999267578125;BR-116/RJ;Pista Norte;Colisão Traseira;2;1;;1;;;2
24/03/2015;15:22:00;483;sem vítima;282;BR-116/RJ;Pista Sul;Abalroamento Longitudinal;1;3;;;;;1
25/03/2015;03:13:00;57;sem vítima;28,350000381469727;BR-116/SP;Pista Norte;Choque em objeto na pista;2;2;;;;;1
25/03/2015;15:21:00;475;sem vítima;37,45000076293945;BR-116/SP;Pista Sul;Colisão Traseira;2;2;;;;;1
25/03/2015;02:41:00;51;sem vítima;104,30000305175781;BR-116/SP;Pista Sul;Choque em objeto na pista;1;1;;;;;1
25/03/2015;11:47:00;340;sem vítima;115,9000015258789;BR-116/SP;Pista Norte;Abalroamento Longitudinal;1;2;;;;;1
25/03/2015;16:29:00;529;sem vítima;156,10000610351562;BR-116/SP;Pista Norte;Abalroamento Longitudinal;3;3;;;;;1
25/03/2015;12:11:00;362;sem vítima;214,3000030517578;BR-116/SP;Pista Sul;Abalroamento Longitudinal;2;2;;;;;1
25/03/2015;12:07:00;359;sem vítima;219,3000030517578;BR-116/RJ;Pista Norte;Choque em objeto na pista;1;1;;;;;1
25/03/2015;03:53:00;61;sem vítima;221;BR-116/RJ;Pista Norte;Abalroamento Longitudinal;1;2;;;;;1
25/03/2015;05:27:00;80;sem vítima;282,8999938964844;BR-116/RJ;Pista Sul;Choque em objeto na pista;1;1;;;;;1
26/03/2015;23:50:00;771;sem vítima;124,19999694824219;BR-116/SP;Pista Sul;Outros;1;1;;;;;1
26/03/2015;16:13:00;538;com vítima;155,1999969482422;BR-116/SP;Pista Sul;Colisão Traseira;1;2;3;;;;1
26/03/2015;16:28:00;546;sem vítima;194,6999969482422;BR-116/RJ;Pista Sul;Colisão Traseira;2;3;;;;;1
26/03/2015;11:00:00;332;sem vítima;223;BR-116/RJ;Pista Sul;Colisão Traseira;1;2;;;;;1
26/03/2015;15:51:00;525;sem vítima;287,5;BR-116/RJ;Pista Sul;Choque em objeto fixo;1;1;;;;;1
26/03/2015;22:39:00;739;sem vítima;311,29998779296875;BR-116/RJ;Pista Norte;Abalroamento Longitudinal;1;3;;;;;1
26/03/2015;14:36:00;468;sem vítima;312;BR-116/RJ;Pista Norte;Choque em objeto na pista;1;2;;;;;1
27/03/2015;11:39:00;381;sem vítima;82;BR-116/SP;Pista Norte;Abalroamento Longitudinal;2;4;;;;;1
27/03/2015;17:37:00;638;sem vítima;159,3000030517578;BR-116/SP;Pista Sul;Choque em objeto fixo;1;1;;;;;1
27/03/2015;07:29:00;186;sem vítima;165,1999969482422;BR-116/SP;Pista Sul;Colisão Traseira;1;2;;;;;1
27/03/2015;08:45:00;259;sem vítima;182,3000030517578;BR-116/SP;Pista Norte;Choque em veículo parado na pista;1;2;;;;;1
27/03/2015;22:25:00;796;sem vítima;183,5;BR-116/SP;Pista Sul;Colisão Traseira;2;4;;;;;1
27/03/2015;06:08:00;106;com vítima;222,5;BR-116/SP;Pista Sul;Colisão Traseira;1;3;;1;;;2
27/03/2015;21:00:00;768;sem vítima;223,39999389648438;BR-116/RJ;Pista Norte;Choque em objeto na pista;1;2;;;;;1
27/03/2015;00:31:00;19;sem vítima;238,6999969482422;BR-116/RJ;Pista Sul;Colisão Traseira;2;2;;;;;1
28/03/2015;13:13:00;366;sem vítima;75;BR-116/SP;Pista Sul;Abalroamento Longitudinal;1;2;;;;;1
28/03/2015;06:30:00;100;com vítima;117,19999694824219;BR-116/SP;Pista Norte;Colisão Traseira;1;1;;1;;;2
28/03/2015;11:48:00;321;sem vítima;158,3000030517578;BR-116/SP;Pista Sul;Colisão Traseira;1;3;;;;;1
28/03/2015;19:46:00;582;com vítima;165,1999969482422;BR-116/SP;Pista Norte;Choque em objeto fixo;1;1;1;;;;1
28/03/2015;09:18:00;228;sem vítima;227,60000610351562;BR-116/SP;Pista Sul;Colisão Traseira;1;4;;;;;1
28/03/2015;21:11:00;626;com vítima;227,85000610351562;BR-116/SP;Pista Norte;Abalroamento Longitudinal;1;1;1;;1;;2
28/03/2015;19:17:00;567;sem vítima;228;BR-116/SP;Pista Norte;Abalroamento Longitudinal;1;4;;;;;1
28/03/2015;19:38:00;578;sem vítima;258,6000061035156;BR-116/RJ;Pista Sul;Abalroamento Longitudinal;1;2;;;;;1
28/03/2015;00:58:00;34;sem vítima;289,20001220703125;BR-116/RJ;Pista Norte;Choque em objeto na pista;1;2;;;;;1
29/03/2015;15:33:00;375;com vítima;39;BR-116/SP;Pista Norte;Colisão Traseira;1;1;5;;;;1
29/03/2015;20:54:00;544;com vítima;63,5;BR-116/SP;Pista Norte;Abalroamento Longitudinal;1;5;;1;;;2
29/03/2015;10:05:00;206;sem vítima;106,9000015258789;BR-116/SP;Pista Sul;Atropelamento de Animal;1;2;;;;;1
29/03/2015;16:43:00;409;sem vítima;207,10000610351562;BR-116/RJ;Pista Norte;Abalroamento Longitudinal;1;6;;;;;1
30/03/2015;15:13:00;437;com vítima;15,800000190734863;BR-116/SP;Pista Sul;Abalroamento Longitudinal;2;5;1;;;;1
30/03/2015;15:55:00;465;sem vítima;19,200000762939453;BR-116/SP;Pista Norte;Colisão Traseira;2;2;;;;;1
30/03/2015;05:04:00;47;sem vítima;145;BR-116/SP;Pista Norte;Choque em Barreira New Jersey;1;1;;;;;1
30/03/2015;07:30:00;120;sem vítima;169;BR-116/RJ;Pista Sul;Colisão Traseira;1;3;;;;;1
30/03/2015;17:51:00;535;sem vítima;219;BR-116/SP;Pista Norte;Colisão Traseira;1;2;;;;;1
30/03/2015;07:39:00;128;sem vítima;263,29998779296875;BR-116/RJ;Pista Norte;Choque em objeto fixo;1;1;;;;;1
31/03/2015;18:25:00;627;sem vítima;29,700000762939453;BR-116/SP;Pista Norte;Choque em objeto na pista;1;3;;;;;1
31/03/2015;23:06:00;764;sem vítima;38,20000076293945;BR-116/SP;Pista Sul;Tombamento;1;1;;;;;1
31/03/2015;22:58:00;759;sem vítima;106,19999694824219;BR-116/SP;Pista Norte;Choque em veículo parado na pista;2;2;;;;;1
31/03/2015;23:14:00;768;sem vítima;161;BR-116/SP;Pista Sul;Abalroamento Longitudinal;1;2;;;;;1
31/03/2015;07:18:00;126;sem vítima;170,8000030517578;BR-116/SP;Pista Norte;Choque em Defensa;1;1;;;;;1
31/03/2015;17:05:00;570;sem vítima;174,10000610351562;BR-116/RJ;Pista Sul;Colisão Traseira;1;7;;;;;1
31/03/2015;16:46:00;555;sem vítima;176,1999969482422;BR-116/RJ;Pista Sul;Abalroamento Longitudinal;1;4;;;;;1
31/03/2015;20:33:00;705;sem vítima;207,10000610351562;BR-116/RJ;Pista Sul;Colisão Traseira;2;2;;;;;1
31/03/2015;17:13:00;577;com vítima;275,6000061035156;BR-116/RJ;Pista Sul;Colisão Frontal;1;1;;1;;;2
31/03/2015;02:39:00;39;sem vítima;290,54998779296875;BR-116/RJ;Pista Norte;Atropelamento de Animal;2;2;;;;;1
01/04/2015;04:05:00;58;sem vítima;2,15;BR-116/SP;Pista Norte;Colisão traseira;1;2;0;0;0;0;1
01/04/2015;21:30:00;763;sem vítima;79,5;BR-116/SP;Pista Sul;Choque em objeto na pista;1;1;0;0;0;0;1
01/04/2015;05:14:00;79;sem vítima;171,5;BR-116/RJ;Pista Norte;Tombamento;1;2;0;0;0;0;1
01/04/2015;10:59:00;357;sem vítima;172,6;BR-116/SP;Pista Norte;Tombamento;1;1;0;0;0;0;1
01/04/2015;08:11:00;200;sem vítima;180;BR-116/RJ;Pista Norte;Abalroamento longitudinal;1;2;0;0;0;0;1
01/04/2015;11:02:00;360;sem vítima;218,3;BR-116/SP;Pista Norte;Engavetamento;2;3;0;0;0;0;1
01/04/2015;15:14:00;524;sem vítima;231,7;BR-116/RJ;Pista Sul;Abalroamento longitudinal;1;2;0;0;0;0;1
02/04/2015;20:45:00;742;sem vítima;109;BR-116/SP;Pista Sul;Abalroamento longitudinal;1;3;0;0;0;0;1
02/04/2015;22:01:00;788;com vítima;117,2;BR-116/SP;Pista Norte;Engavetamento;2;4;1;0;0;0;1
02/04/2015;19:29:00;684;com vítima;128,5;BR-116/SP;Pista Sul;Engavetamento;1;2;5;0;0;0;1
02/04/2015;16:36:00;561;sem vítima;143,2;BR-116/SP;Pista Norte;Colisão traseira;1;7;0;0;0;0;1
02/04/2015;18:14:00;625;com vítima;162,4;BR-116/SP;Pista Norte;Engavetamento;2;5;1;0;0;0;1
02/04/2015;19:51:00;706;sem vítima;166,6;BR-116/SP;Pista Norte;Colisão traseira;1;2;0;0;0;0;1
02/04/2015;14:44:00;477;sem vítima;218,8;BR-116/SP;Pista Sul;Colisão traseira;2;2;0;0;0;0;1
02/04/2015;05:53:00;85;sem vítima;219;BR-116/SP;Pista Sul;Abalroamento longitudinal;1;2;0;0;0;0;1
02/04/2015;20:25:00;731;sem vítima;219,2;BR-116/SP;Pista Sul;Colisão traseira;1;2;0;0;0;0;1
02/04/2015;19:30:00;687;sem vítima;229,2;BR-116/SP;Pista Sul;Engavetamento;1;3;0;0;0;0;1
02/04/2015;03:55:00;47;sem vítima;251,85;BR-116/RJ;Pista Norte;Tombamento;1;3;0;0;0;0;1
02/04/2015;08:03:00;174;sem vítima;278,2;BR-116/RJ;Pista Sul;Choque em barreira New Jersey;2;2;0;0;0;0;1
02/04/2015;08:51:00;224;sem vítima;300;BR-116/RJ;Pista Sul;Abalroamento longitudinal;1;2;0;0;0;0;1
02/04/2015;16:24:00;547;sem vítima;328;BR-116/RJ;Pista Sul;Colisão traseira;2;2;0;0;0;0;1
03/04/2015;10:41:00;232;com vítima;172,3;BR-116/RJ;Pista Sul;Engavetamento;1;3;0;1;0;0;2
03/04/2015;13:57:00;348;sem vítima;330,3;BR-116/RJ;Pista Sul;Abalroamento longitudinal;2;2;0;0;0;0;1
04/04/2015;18:30:00;429;sem vítima;210,6;BR-116/SP;Pista Sul;Abalroamento longitudinal;1;4;0;0;0;0;1
04/04/2015;23:05:00;549;sem vítima;219,3;BR-116/SP;Pista Norte;Engavetamento;1;5;0;0;0;0;1
04/04/2015;09:34:00;162;sem vítima;221,8;BR-116/SP;Pista Sul;Abalroamento longitudinal;1;4;0;0;0;0;1
05/04/2015;11:19:00;233;sem vítima;214,8;BR-116/SP;Pista Norte;Choque em barreira New Jersey;1;6;0;0;0;0;1
05/04/2015;18:59:00;550;com vítima;231;BR-116/SP;Pista Sul;Engavetamento;1;3;1;0;0;0;1
05/04/2015;17:21:00;457;sem vítima;280,8;BR-116/RJ;Pista Norte;Colisão traseira;1;2;0;0;0;0;1
05/04/2015;07:07:00;110;sem vítima;299,95;BR-116/RJ;Pista Sul;Colisão traseira;1;2;0;0;0;0;1
06/04/2015;16:31:00;564;sem vítima;66,1;BR-116/SP;Pista Sul;Choque em objeto na pista;1;1;0;0;0;0;1
06/04/2015;00:07:00;8;sem vítima;97;BR-116/SP;Pista Norte;Choque em objeto na pista;1;1;0;0;0;0;1
06/04/2015;19:02:00;660;sem vítima;153,8;BR-116/SP;Pista Sul;Abalroamento longitudinal;1;2;0;0;0;0;1
06/04/2015;16:20:00;553;sem vítima;164,8;BR-116/RJ;Pista Sul;Abalroamento longitudinal;1;24;0;0;0;0;1
06/04/2015;17:24:00;593;sem vítima;176,1;BR-116/RJ;Pista Sul;Abalroamento longitudinal;1;3;0;0;0;0;1
06/04/2015;14:17:00;465;sem vítima;204,5;BR-116/SP;Pista Norte;Colisão traseira;2;2;0;0;0;0;1
06/04/2015;13:11:00;413;sem vítima;223,4;BR-116/RJ;Pista Norte;Choque Talude;1;1;0;0;0;0;1
06/04/2015;22:11:00;753;sem vítima;228;BR-116/RJ;Pista Norte;Choque em objeto fixo;1;3;0;0;0;0;1
06/04/2015;16:27:00;561;sem vítima;228,4;BR-116/RJ;Pista Sul;Outros;2;2;0;0;0;0;1
06/04/2015;08:47:00;228;sem vítima;229,3;BR-116/RJ;Pista Norte;Tombamento;1;1;0;0;0;0;1
06/04/2015;21:18:00;734;sem vítima;240,8;BR-116/RJ;Pista Norte;Choque em objeto fixo;1;2;0;0;0;0;1
06/04/2015;05:39:00;87;sem vítima;285,4;BR-116/RJ;Pista Norte;Choque em objeto fixo;1;1;0;0;0;0;1
06/04/2015;02:45:00;50;sem vítima;285,9;BR-116/RJ;Pista Norte;Colisão traseira;1;41;0;0;0;0;1
06/04/2015;17:54:00;616;com vítima;297,9;BR-116/RJ;Pista Sul;Engavetamento;1;3;1;0;0;0;1
07/04/2015;11:35:00;348;sem vítima;65,5;BR-116/SP;Pista Sul;Abalroamento longitudinal;1;2;0;0;0;0;1
07/04/2015;15:00:00;466;sem vítima;105,9;BR-116/SP;Pista Sul;Choque em objeto na pista;1;1;0;0;0;0;1
07/04/2015;00:06:00;8;com vítima;124,1;BR-116/SP;Pista Norte;Colisão traseira;2;1;0;0;1;0;2
07/04/2015;15:36:00;494;com vítima;139;BR-116/SP;Pista Sul;Abalroamento longitudinal;1;2;1;0;0;0;1
07/04/2015;18:33:00;607;sem vítima;156,2;BR-116/SP;Pista Norte;Abalroamento longitudinal;1;2;0;0;0;0;1
07/04/2015;01:25:00;28;sem vítima;186;BR-116/RJ;Pista Norte;Colisão traseira;2;2;0;0;0;0;1
07/04/2015;19:20:00;631;sem vítima;208,8;BR-116/RJ;Pista Sul;Choque em veículo parado na pista;1;2;0;0;0;0;1
07/04/2015;04:03:00;58;sem vítima;209,18;BR-116/RJ;Pista Sul;Outros;1;1;0;0;0;0;1
07/04/2015;11:07:00;330;sem vítima;217,85;BR-116/RJ;Pista Norte;Colisão traseira;2;2;0;0;0;0;1
07/04/2015;10:16:00;303;sem vítima;218;BR-116/SP;Pista Sul;Colisão traseira;1;3;0;0;0;0;1
07/04/2015;07:24:00;141;sem vítima;222;BR-116/RJ;Pista Sul;Choque em objeto fixo;1;2;0;0;0;0;1
07/04/2015;20:39:00;671;sem vítima;225,4;BR-116/RJ;Pista Norte;Choque em barreira New Jersey;1;1;0;0;0;0;1
07/04/2015;13:11:00;397;sem vítima;226,4;BR-116/RJ;Pista Sul;Outros;1;1;0;0;0;0;1
07/04/2015;13:27:00;410;sem vítima;278,5;BR-116/RJ;Pista Norte;Choque em objeto fixo;1;3;0;0;0;0;1
07/04/2015;19:20:00;630;com vítima;319,5;BR-116/RJ;Pista Sul;Abalroamento longitudinal;1;5;1;0;0;0;1
08/04/2015;09:21:00;235;sem vítima;41,7;BR-116/SP;Pista Sul;Abalroamento longitudinal;1;3;0;0;0;0;1
08/04/2015;11:04:00;298;sem vítima;44,8;BR-116/SP;Pista Norte;Abalroamento longitudinal;2;3;0;0;0;0;1
08/04/2015;14:10:00;422;sem vítima;86,95;BR-116/SP;Pista Norte;Colisão traseira;2;2;0;0;0;0;1
08/04/2015;21:58:00;677;com vítima;128,85;BR-116/SP;Pista Norte;Queda de moto;1;1;1;0;0;1;3
08/04/2015;11:05:00;299;sem vítima;154,9;BR-116/SP;Pista Sul;Abalroamento longitudinal;1;3;0;0;0;0;1
08/04/2015;08:35:00;190;com vítima;165,8;BR-116/RJ;Pista Norte;Colisão traseira;2;1;0;0;1;0;2
08/04/2015;00:30:00;7;sem vítima;180,8;BR-116/SP;Pista Sul;Choque em objeto fixo;1;1;0;0;0;0;1
08/04/2015;19:10:00;604;com vítima;214;BR-116/SP;Pista Sul;Queda de moto;1;2;1;0;0;0;1
08/04/2015;03:35:00;44;com vítima;223,7;BR-116/RJ;Pista Norte;Colisão traseira;2;1;1;0;0;0;1
09/04/2015;09:10:00;249;com vítima;69,95;BR-116/SP;Pista Sul;Abalroamento longitudinal;4;3;0;0;1;0;2
09/04/2015;11:22:00;318;com vítima;99,95;BR-116/SP;Pista Sul;Colisão traseira;1;2;2;0;0;0;1
09/04/2015;18:47:00;588;sem vítima;144,9;BR-116/SP;Pista Sul;Abalroamento longitudinal;1;4;0;0;0;0;1
09/04/2015;18:29:00;575;sem vítima;159,7;BR-116/SP;Pista Norte;Abalroamento longitudinal;1;6;0;0;0;0;1
09/04/2015;05:31:00;91;sem vítima;180,5;BR-116/RJ;Pista Norte;Colisão traseira;2;3;0;0;0;0;1
10/04/2015;12:18:00;415;sem vítima;50,9;BR-116/SP;Pista Sul;Engavetamento;2;10;0;0;0;0;1
10/04/2015;18:29:00;662;sem vítima;175,5;BR-116/RJ;Pista Sul;Abalroamento longitudinal;1;2;0;0;0;0;1
10/04/2015;01:07:00;25;sem vítima;207,1;BR-116/RJ;Pista Sul;Colisão traseira;1;2;0;0;0;0;1
10/04/2015;06:34:00;117;sem vítima;210,6;BR-116/SP;Pista Sul;Colisão traseira;1;2;0;0;0;0;1
10/04/2015;23:51:00;812;com vítima;277,7;BR-116/RJ;Pista Norte;Colisão traseira;2;1;1;0;0;0;1
11/04/2015;12:24:00;344;com vítima;46,72;BR-116/SP;Pista Sul;Colisão traseira;2;2;1;1;1;0;2
11/04/2015;13:03:00;369;sem vítima;46,72;BR-116/SP;Pista Sul;Choque em barreira New Jersey;1;1;0;0;0;0;1
11/04/2015;17:25:00;534;com vítima;75,15;BR-116/SP;Pista Norte;Abalroamento longitudinal;1;2;4;0;0;0;1
11/04/2015;14:12:00;401;com vítima;109,5;BR-116/SP;Pista Norte;Colisão traseira;1;1;1;0;0;0;1
11/04/2015;11:16:00;308;com vítima;120,7;BR-116/SP;Pista Sul;Choque em barreira New Jersey;1;0;1;0;0;0;1
11/04/2015;19:11:00;599;sem vítima;162,4;BR-116/SP;Pista Norte;Choque em objeto na pista;1;2;0;0;0;0;1
11/04/2015;14:30:00;412;sem vítima;207,1;BR-116/RJ;Pista Sul;Colisão traseira;1;2;0;0;0;0;1
12/04/2015;08:15:00;173;com vítima;109,8;BR-116/SP;Pista Norte;Colisão traseira;1;4;2;0;0;0;1
12/04/2015;13:05:00;308;sem vítima;217,5;BR-116/RJ;Pista Norte;Abalroamento longitudinal;1;5;0;0;0;0;1
13/04/2015;09:11:00;230;com vítima;99,7;BR-116/SP;Pista Norte;Colisão traseira;1;2;1;0;0;0;1
13/04/2015;08:36:00;196;com vítima;179,8;BR-116/RJ;Pista Norte;Abalroamento longitudinal;1;2;1;0;0;0;1
13/04/2015;01:40:00;26;sem vítima;188,9;BR-116/RJ;Pista Sul;Choque em defensa;1;1;0;0;0;0;1
13/04/2015;19:29:00;595;sem vítima;206,8;BR-116/SP;Pista Sul;Choque em barreira New Jersey;1;1;0;0;0;0;1
13/04/2015;16:20:00;485;sem vítima;211,5;BR-116/SP;Pista Sul;Abalroamento longitudinal;1;2;0;0;0;0;1
13/04/2015;11:13:00;318;sem vítima;218,7;BR-116/SP;Pista Sul;Abalroamento longitudinal;1;2;0;0;0;0;1
13/04/2015;12:28:00;354;sem vítima;229,6;BR-116/SP;Pista Sul;Abalroamento longitudinal;1;4;0;0;0;0;1
13/04/2015;00:04:00;7;com vítima;289,7;BR-116/RJ;Pista Norte;Colisão traseira;1;1;13;0;0;0;1
13/04/2015;15:02:00;431;sem vítima;318,9;BR-116/RJ;Pista Sul;Abalroamento longitudinal;2;2;0;0;0;0;1
14/04/2015;03:18:00;49;sem vítima;44,5;BR-116/SP;Pista Norte;Colisão traseira;1;2;0;0;0;0;1
14/04/2015;16:17:00;530;sem vítima;120,6;BR-116/SP;Pista Norte;Colisão traseira;1;2;0;0;0;0;1
14/04/2015;08:19:00;214;sem vítima;147,5;BR-116/SP;Pista Sul;Abalroamento longitudinal;1;2;0;0;0;0;1
14/04/2015;13:45:00;432;sem vítima;152,4;BR-116/SP;Pista Norte;Engavetamento;1;3;0;0;0;0;1
14/04/2015;15:17:00;481;com vítima;169,65;BR-116/RJ;Pista Norte;Engavetamento;2;2;1;0;0;0;1
14/04/2015;14:32:00;457;sem vítima;178,95;BR-116/RJ;Pista Norte;Colisão traseira;2;8;0;0;0;0;1
14/04/2015;08:59:00;261;com vítima;190,5;BR-116/RJ;Pista Norte;Colisão traseira;1;1;1;1;0;0;2
14/04/2015;15:42:00;495;com vítima;229,8;BR-116/SP;Pista Sul;Choque em objeto na pista;1;4;1;0;0;0;1
14/04/2015;08:22:00;217;sem vítima;311,4;BR-116/RJ;Pista Norte;Abalroamento longitudinal;1;2;0;0;0;0;1
15/04/2015;04:36:00;55;com vítima;82,35;BR-116/SP;Pista Sul;Capotamento;1;1;1;0;0;0;1
15/04/2015;09:10:00;271;sem vítima;149,4;BR-116/SP;Pista Norte;Colisão traseira;1;2;0;0;0;0;1
15/04/2015;02:17:00;35;sem vítima;161,9;BR-116/SP;Pista Sul;Colisão traseira;2;2;0;0;0;0;1
15/04/2015;10:45:00;349;sem vítima;165,2;BR-116/SP;Pista Sul;Colisão traseira;2;2;0;0;0;0;1
15/04/2015;14:02:00;474;sem vítima;182,4;BR-116/SP;Pista Sul;Abalroamento longitudinal;2;2;0;0;0;0;1
15/04/2015;16:44:00;577;sem vítima;185,9;BR-116/SP;Pista Sul;Colisão traseira;1;2;0;0;0;0;1
15/04/2015;03:52:00;47;sem vítima;190,7;BR-116/SP;Pista Sul;Choque em objeto fixo;1;1;0;0;0;0;1
15/04/2015;21:47:00;727;com vítima;209,9;BR-116/SP;Pista Sul;Choque em barreira New Jersey;1;5;1;0;0;0;1
15/04/2015;09:24:00;282;com vítima;218,5;BR-116/SP;Pista Sul;Engavetamento;2;2;2;0;0;0;1
15/04/2015;10:28:00;337;sem vítima;227,7;BR-116/SP;Pista Sul;Choque em defensa;1;1;0;0;0;0;1
15/04/2015;07:29:00;169;com vítima;227,95;BR-116/RJ;Pista Norte;Tombamento;1;0;1;0;0;0;1
15/04/2015;14:22:00;483;sem vítima;241,7;BR-116/RJ;Pista Sul;Abalroamento longitudinal;1;2;0;0;0;0;1
16/04/2015;23:59:00;741;com vítima;67,5;BR-116/SP;Pista Norte;Atropelamento de pedestre atravessando;1;4;0;0;1;1;3
16/04/2015;12:03:00;369;sem vítima;114,5;BR-116/SP;Pista Sul;Colisão traseira;1;5;0;0;0;0;1
16/04/2015;07:43:00;153;sem vítima;116,3;BR-116/SP;Pista Norte;Engavetamento;1;7;0;0;0;0;1
16/04/2015;13:11:00;406;sem vítima;159;BR-116/SP;Pista Norte;Choque em objeto na pista;1;2;0;0;0;0;1
16/04/2015;18:35:00;594;sem vítima;179,1;BR-116/RJ;Pista Norte;Engavetamento;1;7;0;0;0;0;1
16/04/2015;08:12:00;186;sem vítima;218;BR-116/SP;Pista Sul;Colisão traseira;1;2;0;0;0;0;1
16/04/2015;00:03:00;4;com vítima;223,3;BR-116/RJ;Pista Norte;Tombamento;1;0;0;1;0;0;2
16/04/2015;14:27:00;455;sem vítima;280;BR-116/RJ;Pista Norte;Choque em objeto na pista;1;4;0;0;0;0;1
16/04/2015;10:47:00;319;sem vítima;318,9;BR-116/RJ;Pista Sul;Colisão traseira;1;5;0;0;0;0;1
17/04/2015;03:43:00;54;sem vítima;84,3;BR-116/SP;Pista Sul;Choque em objeto na pista;2;2;0;0;0;0;1
17/04/2015;23:21:00;850;sem vítima;86,95;BR-116/SP;Pista Norte;Choque em objeto fixo;1;1;0;0;0;0;1
17/04/2015;19:42:00;722;com vítima;88,2;BR-116/SP;Pista Norte;Engavetamento;1;4;2;0;0;0;1
17/04/2015;07:04:00;135;sem vítima;111,74;BR-116/SP;Pista Sul;Colisão traseira;1;4;0;0;0;0;1
17/04/2015;16:44:00;580;sem vítima;129;BR-116/SP;Pista Sul;Abalroamento longitudinal;1;3;0;0;0;0;1
17/04/2015;18:29:00;653;com vítima;132,2;BR-116/SP;Pista Sul;Colisão traseira;1;6;4;1;0;0;2
17/04/2015;14:12:00;453;sem vítima;145,9;BR-116/SP;Pista Sul;Outros;1;1;0;0;0;0;1
17/04/2015;20:16:00;743;sem vítima;157,5;BR-116/SP;Pista Norte;Abalroamento longitudinal;1;3;0;0;0;0;1
17/04/2015;12:51:00;413;sem vítima;161,1;BR-116/SP;Pista Norte;Colisão traseira;2;4;0;0;0;0;1
17/04/2015;19:22:00;707;sem vítima;161,3;BR-116/SP;Pista Sul;Colisão traseira;2;2;0;0;0;0;1
17/04/2015;16:48:00;582;com vítima;187,6;BR-116/RJ;Pista Norte;Colisão traseira;1;1;1;0;0;0;1
17/04/2015;22:39:00;824;sem vítima;208;BR-116/SP;Pista Sul;Choque em veículo parado na pista;2;2;0;0;0;0;1
17/04/2015;18:07:00;637;sem vítima;208,2;BR-116/RJ;Pista Sul;Engavetamento;1;4;0;0;0;0;1
17/04/2015;07:56:00;201;sem vítima;209,7;BR-116/SP;Pista Sul;Abalroamento longitudinal;1;3;0;0;0;0;1
17/04/2015;07:56:00;200;com vítima;210,05;BR-116/RJ;Pista Sul;Abalroamento longitudinal;3;1;2;0;0;0;1
17/04/2015;12:48:00;411;com vítima;224,6;BR-116/RJ;Pista Norte;Tombamento;1;0;1;0;0;0;1
17/04/2015;16:46:00;581;sem vítima;224,6;BR-116/SP;Pista Sul;Engavetamento;2;3;0;0;0;0;1
18/04/2015;12:30:00;343;sem vítima;82,1;BR-116/SP;Pista Norte;Choque em objeto na pista;1;3;0;0;0;0;1
18/04/2015;10:58:00;278;sem vítima;111,1;BR-116/SP;Pista Norte;Colisão traseira;2;2;0;0;0;0;1
18/04/2015;11:48:00;312;sem vítima;176,2;BR-116/RJ;Pista Sul;Abalroamento longitudinal;1;3;0;0;0;0;1
18/04/2015;05:06:00;89;sem vítima;210,8;BR-116/SP;Pista Norte;Choque em veículo parado na pista;1;6;0;0;0;0;1
18/04/2015;00:22:00;8;com vítima;217,8;BR-116/SP;Pista Norte;Colisão traseira;1;1;1;0;0;0;1