data;horario;n_da_ocorrencia;tipo_de_ocorrencia;km;trecho;sentido;tipo_de_acidente;caminhao;ilesos;levemente_feridos;moderadamente_feridos;gravemente_feridos;mortos;3
18/04/2015;06:30:00;120;com vítima;243;BR-116/RJ;Pista Norte;Abalroamento longitudinal;1;0;1;1;0;0;2
18/04/2015;03:38:00;72;com vítima;309;BR-116/RJ;Pista Sul;Colisão traseira;1;3;0;1;0;0;2
18/04/2015;05:49:00;100;sem vítima;310,7;BR-116/RJ;Pista Sul;Atropelamento de animal;1;1;0;0;0;0;1
19/04/2015;10:25:00;244;sem vítima;156,1;BR-116/SP;Pista Sul;Colisão traseira;2;2;0;0;0;0;1
20/04/2015;01:28:00;33;sem vítima;112,6;BR-116/SP;Pista Norte;Colisão traseira;2;2;0;0;0;0;1
20/04/2015;15:16:00;394;sem vítima;146,5;BR-116/SP;Pista Sul;Colisão traseira;3;3;0;0;0;0;1
20/04/2015;04:25:00;65;sem vítima;168,6;BR-116/RJ;Pista Sul;Colisão traseira;1;2;0;0;0;0;1
20/04/2015;01:56:00;36;com vítima;218,8;BR-116/SP;Pista Norte;Colisão traseira;1;1;1;0;0;0;1
21/04/2015;18:00:00;472;sem vítima;44,5;BR-116/SP;Pista Sul;Colisão traseira;1;8;0;0;0;0;1
21/04/2015;16:04:00;395;sem vítima;113;BR-116/SP;Pista Sul;Colisão traseira;2;2;0;0;0;0;1
21/04/2015;12:10:00;261;sem vítima;225,8;BR-116/RJ;Pista Norte;Queda de Carga;1;1;0;0;0;0;1
21/04/2015;23:04:00;589;sem vítima;227,2;BR-116/RJ;Pista Norte;Choque em barreira New Jersey;1;1;0;0;0;0;1
22/04/2015;15:15:00;410;sem vítima;85,9;BR-116/SP;Pista Sul;Atropelamento de animal;1;1;0;0;0;0;1
22/04/2015;08:55:00;182;sem vítima;160,8;BR-116/SP;Pista Sul;Colisão traseira;1;4;0;0;0;0;1
22/04/2015;18:26:00;552;sem vítima;163,4;BR-116/RJ;Pista Norte;Colisão traseira;1;4;0;0;0;0;1
22/04/2015;11:07:00;284;sem vítima;173,15;BR-116/SP;Pista Sul;Engavetamento;1;4;0;0;0;0;1
22/04/2015;18:26:00;553;sem vítima;176,2;BR-116/RJ;Pista Sul;Abalroamento longitudinal;1;3;0;0;0;0;1
22/04/2015;15:35:00;427;sem vítima;220,25;BR-116/RJ;Pista Sul;Outros;1;1;0;0;0;0;1
22/04/2015;19:07:00;585;com vítima;232,2;BR-116/RJ;Pista Norte;Choque em barreira New Jersey;1;0;1;0;0;0;1
22/04/2015;19:34:00;600;sem vítima;232,2;BR-116/RJ;Pista Norte;Choque em veículo parado na pista;2;3;0;0;0;0;1
22/04/2015;18:38:00;562;sem vítima;238,5;BR-116/RJ;Pista Norte;Choque em objeto fixo;1;1;0;0;0;0;1
22/04/2015;10:46:00;273;sem vítima;271,5;BR-116/RJ;Pista Sul;Abalroamento longitudinal;1;4;0;0;0;0;1
22/04/2015;15:11:00;409;sem vítima;305,35;BR-116/RJ;Pista Norte;Outros;1;1;0;0;0;0;1
22/04/2015;15:50:00;434;sem vítima;305,35;BR-116/RJ;Pista Norte;Abalroamento longitudinal;1;2;0;0;0;0;1
23/04/2015;15:51:00;470;sem vítima;110,2;BR-116/SP;Pista Norte;Colisão traseira;2;2;0;0;0;0;1
23/04/2015;22:14:00;657;sem vítima;124,9;BR-116/SP;Pista Sul;Colisão traseira;1;2;0;0;0;0;1
23/04/2015;08:13:00;184;sem vítima;188,7;BR-116/SP;Pista Sul;Abalroamento longitudinal;1;3;0;0;0;0;1
23/04/2015;07:32:00;151;sem vítima;215,4;BR-116/SP;Pista Sul;Abalroamento longitudinal;1;2;0;0;0;0;1
23/04/2015;16:49:00;500;com vítima;275,5;BR-116/RJ;Pista Sul;Choque em objeto fixo;1;0;0;1;0;0;2
23/04/2015;23:16:00;686;sem vítima;312,5;BR-116/RJ;Pista Sul;Choque em objeto na pista;1;2;0;0;0;0;1
24/04/2015;15:32:00;514;sem vítima;104,9;BR-116/SP;Pista Sul;Colisão traseira;1;4;0;0;0;0;1
24/04/2015;18:11:00;619;com vítima;114,8;BR-116/SP;Pista Norte;Colisão traseira;2;2;0;1;0;0;2
24/04/2015;18:17:00;623;sem vítima;148,2;BR-116/SP;Pista Norte;Abalroamento longitudinal;1;2;0;0;0;0;1
24/04/2015;09:10:00;273;sem vítima;168;BR-116/RJ;Pista Norte;Abalroamento longitudinal;1;2;0;0;0;0;1
24/04/2015;07:58:00;189;sem vítima;208,5;BR-116/RJ;Pista Norte;Abalroamento longitudinal;2;2;0;0;0;0;1
24/04/2015;20:44:00;692;sem vítima;209,8;BR-116/RJ;Pista Sul;Choque em barreira New Jersey;3;4;0;0;0;0;1
24/04/2015;12:07:00;384;sem vítima;212,7;BR-116/SP;Pista Norte;Tombamento;1;3;0;0;0;0;1
24/04/2015;23:18:00;758;com vítima;222,6;BR-116/RJ;Pista Sul;Colisão traseira;1;1;0;0;1;0;2
24/04/2015;09:12:00;280;sem vítima;223,4;BR-116/RJ;Pista Norte;Colisão traseira;2;2;0;0;0;0;1
24/04/2015;13:09:00;416;sem vítima;227,65;BR-116/SP;Pista Norte;Abalroamento longitudinal;1;2;0;0;0;0;1
24/04/2015;12:35:00;400;com vítima;269,55;BR-116/RJ;Pista Norte;Queda de ribanceira;1;0;1;0;0;0;1
25/04/2015;05:13:00;61;com vítima;158,95;BR-116/SP;Pista Sul;Choque em defensa;1;0;1;0;0;0;1
25/04/2015;07:49:00;133;sem vítima;165,2;BR-116/SP;Pista Norte;Colisão traseira;1;2;0;0;0;0;1
26/04/2015;11:12:00;216;sem vítima;180,9;BR-116/RJ;Pista Sul;Abalroamento longitudinal;1;3;0;0;0;0;1
27/04/2015;22:39:00;675;sem vítima;19,4;BR-116/SP;Pista Norte;Abalroamento longitudinal;2;2;0;0;0;0;1
27/04/2015;15:54:00;452;com vítima;75,2;BR-116/SP;Pista Norte;Abalroamento longitudinal;1;1;1;0;0;0;1
27/04/2015;13:56:00;387;com vítima;134,5;BR-116/SP;Pista Norte;Abalroamento longitudinal;1;1;1;0;0;0;1
27/04/2015;12:26:00;326;sem vítima;167,8;BR-116/RJ;Pista Sul;Engavetamento;1;4;0;0;0;0;1
27/04/2015;22:31:00;670;com vítima;197,2;BR-116/RJ;Pista Norte;Colisão traseira;1;1;1;0;0;0;1
27/04/2015;08:48:00;183;sem vítima;206,3;BR-116/RJ;Pista Norte;Choque em barreira New Jersey;1;2;0;0;0;0;1
27/04/2015;10:30:00;261;sem vítima;230,2;BR-116/SP;Pista Sul;Abalroamento longitudinal;1;4;0;0;0;0;1
27/04/2015;12:57:00;350;sem vítima;318,9;BR-116/RJ;Pista Sul;Choque em objeto na pista;1;2;0;0;0;0;1
28/04/2015;17:43:00;582;sem vítima;149,7;BR-116/SP;Pista Norte;Abalroamento longitudinal;2;4;0;0;0;0;1
28/04/2015;18:06:00;593;sem vítima;155;BR-116/SP;Pista Norte;Choque em objeto na pista;1;2;0;0;0;0;1
28/04/2015;19:03:00;635;sem vítima;159,4;BR-116/SP;Pista Norte;Choque em defensa;1;1;0;0;0;0;1
28/04/2015;18:43:00;619;sem vítima;162,5;BR-116/SP;Pista Norte;Abalroamento longitudinal;1;2;0;0;0;0;1
28/04/2015;05:31:00;91;sem vítima;165,2;BR-116/SP;Pista Norte;Colisão traseira;2;3;0;0;0;0;1
28/04/2015;18:46:00;622;sem vítima;176,2;BR-116/RJ;Pista Sul;Abalroamento longitudinal;1;2;0;0;0;0;1
28/04/2015;10:48:00;334;sem vítima;182,3;BR-116/SP;Pista Norte;Colisão traseira;1;2;0;0;0;0;1
28/04/2015;07:57:00;198;sem vítima;214,6;BR-116/SP;Pista Sul;Colisão traseira;1;4;0;0;0;0;1
28/04/2015;21:32:00;709;sem vítima;222,7;BR-116/RJ;Pista Norte;Abalroamento longitudinal;1;2;0;0;0;0;1
28/04/2015;02:36:00;58;com vítima;224,8;BR-116/SP;Pista Norte;Colisão traseira;2;1;0;1;0;0;2
28/04/2015;19:05:00;639;sem vítima;226,2;BR-116/SP;Pista Sul;Choque em objeto na pista;1;2;0;0;0;0;1
28/04/2015;19:05:00;638;sem vítima;328,1;BR-116/RJ;Pista Sul;Choque em objeto na pista;1;2;0;0;0;0;1
29/04/2015;06:55:00;118;sem vítima;6,2;BR-116/SP;Pista Norte;Abalroamento longitudinal;2;2;0;0;0;0;1
29/04/2015;00:08:00;12;sem vítima;86,95;BR-116/SP;Pista Norte;Colisão traseira;2;2;0;0;0;0;1
29/04/2015;18:01:00;606;com vítima;112,05;BR-116/SP;Pista Norte;Colisão traseira;1;2;1;0;0;0;1
29/04/2015;18:49:00;630;sem vítima;170;BR-116/RJ;Pista Sul;Abalroamento longitudinal;1;2;0;0;0;0;1
29/04/2015;10:27:00;322;com vítima;186;BR-116/SP;Pista Sul;Atropelamento de pedestre atravessando;1;1;0;0;1;0;2
29/04/2015;05:24:00;69;sem vítima;187;BR-116/SP;Pista Norte;Choque em objeto na pista;1;2;0;0;0;0;1
29/04/2015;16:46:00;559;sem vítima;196,2;BR-116/SP;Pista Norte;Choque em barreira New Jersey;1;6;0;0;0;0;1
29/04/2015;21:54:00;726;sem vítima;224,7;BR-116/RJ;Pista Norte;Colisão traseira;2;2;0;0;0;0;1
29/04/2015;19:25:00;656;sem vítima;225,7;BR-116/SP;Pista Norte;Abalroamento longitudinal;2;9;0;0;0;0;1
29/04/2015;08:47:00;236;sem vítima;247,15;BR-116/RJ;Pista Sul;Abalroamento longitudinal;2;3;0;0;0;0;1
29/04/2015;17:19:00;576;com vítima;272,1;BR-116/RJ;Pista Sul;Choque em veículo parado na pista;1;2;1;0;0;0;1
30/04/2015;09:00:00;255;sem vítima;165,4;BR-116/RJ;Pista Norte;Colisão traseira;1;2;0;0;0;0;1
30/04/2015;12:20:00;399;sem vítima;171,2;BR-116/RJ;Pista Norte;Abalroamento longitudinal;1;2;0;0;0;0;1
30/04/2015;16:06:00;555;sem vítima;174,99;BR-116/RJ;Pista Sul;Colisão traseira;1;4;0;0;0;0;1
30/04/2015;19:06:00;679;sem vítima;175,6;BR-116/SP;Pista Sul;Abalroamento longitudinal;1;2;0;0;0;0;1
30/04/2015;19:39:00;695;com vítima;176,8;BR-116/RJ;Pista Norte;Abalroamento longitudinal;1;2;1;0;0;0;1
30/04/2015;05:28:00;84;sem vítima;198,4;BR-116/SP;Pista Sul;Abalroamento longitudinal;2;2;0;0;0;0;1
30/04/2015;06:42:00;112;sem vítima;198,4;BR-116/SP;Pista Sul;Outros;2;2;0;0;0;0;1
30/04/2015;07:58:00;192;sem vítima;228;BR-116/SP;Pista Sul;Abalroamento longitudinal;1;2;0;0;0;0;1
30/04/2015;00:58:00;26;sem vítima;287,2;BR-116/RJ;Pista Norte;Choque em objeto na pista;1;1;0;0;0;0;1
01/05/2015;16:29:00;458;sem vítima;7,099999904632568;BR-116/SP;Pista Norte;Queda de Carga;1;1;;;;;1
01/05/2015;11:14:00;301;sem vítima;58,29999923706055;BR-116/SP;Pista Sul;Choque em objeto fixo;1;1;;;;;1
01/05/2015;17:05:00;473;com vítima;154,8000030517578;BR-116/SP;Pista Sul;Tombamento;1;49;2;;;;1
01/05/2015;05:54:00;98;sem vítima;156,3000030517578;BR-116/SP;Pista Sul;Colisão Traseira;1;4;;;;;1
01/05/2015;04:32:00;78;com vítima;215,39999389648438;BR-116/RJ;Pista Sul;Engavetamento;2;0;2;;;;1
01/05/2015;03:28:00;71;sem vítima;225,75;BR-116/RJ;Pista Norte;Queda de Carga;1;1;;;;;1
02/05/2015;22:47:00;555;sem vítima;167,39999389648438;BR-116/SP;Pista Norte;Abalroamento Longitudinal;1;3;;;;;1
02/05/2015;11:58:00;273;com vítima;172,89999389648438;BR-116/SP;Pista Norte;Atropelamento de Pedestre Atravessando;1;2;;;1;;2
02/05/2015;12:23:00;285;sem vítima;183,89999389648438;BR-116/RJ;Pista Norte;Choque em Defensa;1;1;;;;;1
02/05/2015;21:06:00;521;com vítima;211,60000610351562;BR-116/SP;Pista Sul;Atropelamento de Pedestre Atravessando;1;1;;;1;;2
02/05/2015;01:08:00;19;sem vítima;257,70001220703125;BR-116/RJ;Pista Norte;Atropelamento de Animal;1;1;;;;;1
03/05/2015;18:23:00;439;sem vítima;88;BR-116/SP;Pista Sul;Abalroamento Longitudinal;1;2;;;;;1
03/05/2015;21:01:00;526;sem vítima;165;BR-116/SP;Pista Norte;Abalroamento Longitudinal;1;2;;;;;1
03/05/2015;17:05:00;384;sem vítima;216,8000030517578;BR-116/SP;Pista Norte;Abalroamento Longitudinal;1;4;;;;;1
03/05/2015;19:56:00;496;sem vítima;323,5;BR-116/RJ;Pista Norte;Choque em veículo parado na pista;2;3;;;;;1
04/05/2015;01:46:00;40;com vítima;47,04999923706055;BR-116/SP;Pista Norte;Colisão Traseira;1;1;1;;;;1
04/05/2015;20:04:00;705;sem vítima;57,25;BR-116/SP;Pista Norte;Tombamento;1;1;;;;;1
04/05/2015;11:25:00;370;sem vítima;70,5;BR-116/SP;Pista Sul;Abalroamento Longitudinal;1;4;;;;;1
04/05/2015;21:25:00;734;sem vítima;122,19999694824219;BR-116/SP;Pista Sul;Colisão Traseira;1;2;;;;;1
04/05/2015;15:18:00;528;sem vítima;142,5;BR-116/SP;Pista Sul;Outros;1;3;;;;;1
04/05/2015;22:36:00;755;com vítima;146,8000030517578;BR-116/SP;Pista Norte;Abalroamento Longitudinal;1;5;2;;;;1
04/05/2015;20:43:00;715;com vítima;163,1999969482422;BR-116/RJ;Pista Norte;Choque em objeto fixo;1;0;;1;;;2
04/05/2015;05:38:00;94;com vítima;174,0500030517578;BR-116/RJ;Pista Norte;Engavetamento;2;1;1;;;;1
04/05/2015;06:03:00;102;com vítima;179,60000610351562;BR-116/SP;Pista Norte;Colisão Traseira;1;1;;1;;;2
04/05/2015;17:14:00;606;com vítima;202,6999969482422;BR-116/SP;Pista Sul;Choque em veículo parado na pista;1;1;1;;;;1
04/05/2015;13:03:00;435;com vítima;212,39999389648438;BR-116/RJ;Pista Sul;Choque em objeto fixo;1;0;;;;1;3
04/05/2015;10:11:00;317;sem vítima;217,8000030517578;BR-116/SP;Pista Sul;Colisão Traseira;1;2;;;;;1
04/05/2015;20:44:00;717;sem vítima;223,39999389648438;BR-116/RJ;Pista Norte;Abalroamento Longitudinal;1;46;;;;;1
04/05/2015;20:15:00;709;sem vítima;226,39999389648438;BR-116/RJ;Pista Sul;Choque em objeto na pista;2;2;;;;;1
04/05/2015;06:40:00;126;sem vítima;229,64999389648438;BR-116/RJ;Pista Norte;Tombamento;1;1;;;;;1
04/05/2015;14:09:00;488;sem vítima;229,89999389648438;BR-116/SP;Pista Sul;Abalroamento Longitudinal;1;2;;;;;1
05/05/2015;06:51:00;96;com vítima;163,6999969482422;BR-116/RJ;Pista Sul;Colisão Traseira;1;1;;1;;;2
05/05/2015;07:04:00;109;sem vítima;164;BR-116/RJ;Pista Norte;Engavetamento;2;2;;;;;1
05/05/2015;14:41:00;435;sem vítima;170,6999969482422;BR-116/RJ;Pista Sul;Colisão Traseira;1;2;;;;;1
05/05/2015;07:41:00;142;sem vítima;294,8999938964844;BR-116/RJ;Pista Norte;Choque em Defensa;1;1;;;;;1
05/05/2015;10:58:00;296;com vítima;302;BR-116/RJ;Pista Sul;Abalroamento Longitudinal;1;4;1;;;;1
05/05/2015;21:02:00;641;sem vítima;318,8999938964844;BR-116/RJ;Pista Norte;Colisão Traseira;1;43;;;;;1
06/05/2015;19:24:00;580;sem vítima;176,1999969482422;BR-116/RJ;Pista Sul;Abalroamento Longitudinal;1;4;;;;;1
06/05/2015;05:09:00;58;sem vítima;194,39999389648438;BR-116/SP;Pista Norte;Choque em objeto fixo;1;1;;;;;1
06/05/2015;13:36:00;393;sem vítima;211,6999969482422;BR-116/SP;Pista Norte;Colisão Traseira;2;2;;;;;1
07/05/2015;18:29:00;638;sem vítima;23,5;BR-116/SP;Pista Norte;Abalroamento Longitudinal;2;2;;;;;1
07/05/2015;06:18:00;120;com vítima;98,4000015258789;BR-116/SP;Pista Norte;Queda de moto;1;1;1;;;;1
07/05/2015;07:13:00;168;sem vítima;101,5;BR-116/SP;Pista Norte;Colisão Traseira;1;2;;;;;1
07/05/2015;17:01:00;578;com vítima;166,6999969482422;BR-116/RJ;Pista Sul;Colisão Traseira;1;1;1;;;;1
07/05/2015;18:49:00;650;sem vítima;210,85000610351562;BR-116/SP;Pista Norte;Abalroamento Longitudinal;1;3;;;;;1
07/05/2015;09:24:00;293;sem vítima;214,3000030517578;BR-116/SP;Pista Sul;Engavetamento;1;3;;;;;1
07/05/2015;13:53:00;463;sem vítima;215,3000030517578;BR-116/SP;Pista Sul;Colisão Traseira;2;2;;;;;1
07/05/2015;14:57:00;495;sem vítima;222,10000610351562;BR-116/RJ;Pista Sul;Outros;1;1;;;;;1
07/05/2015;17:21:00;591;sem vítima;303,6000061035156;BR-116/RJ;Pista Sul;Abalroamento Longitudinal;1;2;;;;;1
08/05/2015;22:26:00;722;sem vítima;86,94999694824219;BR-116/SP;Pista Norte;Colisão Traseira;1;2;;;;;1
08/05/2015;12:44:00;367;sem vítima;165,1999969482422;BR-116/RJ;Pista Norte;Abalroamento Longitudinal;1;2;;;;;1
08/05/2015;12:14:00;355;sem vítima;176,3000030517578;BR-116/RJ;Pista Sul;Abalroamento Longitudinal;1;3;;;;;1
08/05/2015;12:52:00;374;sem vítima;189;BR-116/SP;Pista Sul;Engavetamento;2;5;;;;;1
08/05/2015;01:35:00;40;sem vítima;221,5;BR-116/RJ;Pista Sul;Choque em objeto fixo;1;1;;;;;1
08/05/2015;09:24:00;255;sem vítima;233,1999969482422;BR-116/RJ;Pista Norte;Abalroamento Longitudinal;1;2;;;;;1
09/05/2015;04:01:00;76;sem vítima;135,60000610351562;BR-116/SP;Pista Sul;Engavetamento;2;6;;;;;1
09/05/2015;12:23:00;324;com vítima;178,58999633789062;BR-116/RJ;Pista Norte;Engavetamento;4;7;;;;1;3
09/05/2015;07:04:00;119;com vítima;213,39999389648438;BR-116/SP;Pista Sul;Abalroamento Longitudinal;1;2;1;;;;1
09/05/2015;15:24:00;417;sem vítima;219,39999389648438;BR-116/SP;Pista Sul;Colisão Traseira;1;3;;;;;1
10/05/2015;09:55:00;182;sem vítima;146,8000030517578;BR-116/SP;Pista Sul;Colisão Traseira;1;5;;;;;1
10/05/2015;19:10:00;496;sem vítima;191,1999969482422;BR-116/SP;Pista Norte;Choque em objeto fixo;1;1;;;;;1
10/05/2015;19:12:00;501;sem vítima;211,5;BR-116/SP;Pista Norte;Colisão Traseira;1;6;;;;;1
10/05/2015;00:51:00;21;com vítima;213,35000610351562;BR-116/SP;Pista Sul;Engavetamento;1;7;1;;1;;2
10/05/2015;21:38:00;576;com vítima;220,25999450683594;BR-116/RJ;Pista Sul;Tombamento;1;1;1;;;;1
10/05/2015;23:56:00;629;sem vítima;232,3000030517578;BR-116/RJ;Pista Norte;Choque em Barreira New Jersey;1;2;;;;;1
10/05/2015;22:17:00;593;sem vítima;291,3999938964844;BR-116/RJ;Pista Norte;Choque em Barreira New Jersey;1;1;;;;;1
11/05/2015;14:09:00;403;sem vítima;68,19999694824219;BR-116/SP;Pista Norte;Choque em objeto na pista;1;2;;;;;1
11/05/2015;17:44:00;535;com vítima;112,4000015258789;BR-116/SP;Pista Norte;Engavetamento;1;3;2;;;;1
11/05/2015;15:28:00;447;sem vítima;194,9499969482422;BR-116/SP;Pista Sul;Colisão Traseira;1;2;;;;;1
11/05/2015;17:06:00;511;sem vítima;223,3000030517578;BR-116/RJ;Pista Norte;Choque em Barreira New Jersey;1;1;;;;;1
11/05/2015;22:49:00;677;sem vítima;225,85000610351562;BR-116/RJ;Pista Norte;Choque em objeto fixo;1;1;;;;;1
11/05/2015;18:18:00;556;sem vítima;310,79998779296875;BR-116/RJ;Pista Norte;Abalroamento Longitudinal;1;3;;;;;1
11/05/2015;22:32:00;668;sem vítima;311,3999938964844;BR-116/RJ;Pista Norte;Choque em objeto na pista;1;1;;;;;1
12/05/2015;05:04:00;69;sem vítima;103,6500015258789;BR-116/SP;Pista Norte;Abalroamento Longitudinal;2;2;;;;;1
12/05/2015;19:06:00;619;sem vítima;108;BR-116/SP;Pista Norte;Colisão Traseira;1;2;;;;;1
12/05/2015;02:23:00;37;sem vítima;152,5;BR-116/SP;Pista Sul;Colisão Traseira;2;2;;;;;1
12/05/2015;09:58:00;298;sem vítima;166,10000610351562;BR-116/RJ;Pista Sul;Abalroamento Longitudinal;1;2;;;;;1
12/05/2015;16:56:00;544;com vítima;169,89999389648438;BR-116/RJ;Pista Sul;Colisão Traseira;1;7;1;;;;1
12/05/2015;00:14:00;10;com vítima;182,3000030517578;BR-116/SP;Pista Norte;Colisão Traseira;2;1;1;;;;1
12/05/2015;04:50:00;65;sem vítima;184,39999389648438;BR-116/RJ;Pista Sul;Abalroamento Transversal;1;2;;;;;1
12/05/2015;06:54:00;111;sem vítima;217,5;BR-116/RJ;Pista Sul;Choque em objeto fixo;1;1;;;;;1
12/05/2015;04:27:00;55;sem vítima;220,10000610351562;BR-116/RJ;Pista Norte;Choque em objeto fixo;1;2;;;;;1
12/05/2015;23:50:00;746;com vítima;226;BR-116/SP;Pista Norte;Abalroamento Longitudinal;1;3;1;;1;;2
12/05/2015;11:12:00;337;sem vítima;231,60000610351562;BR-116/SP;Pista Sul;Engavetamento;1;3;;;;;1
13/05/2015;07:48:00;168;com vítima;144,89999389648438;BR-116/SP;Pista Sul;Engavetamento;1;3;3;;;;1
13/05/2015;18:10:00;575;com vítima;148,3000030517578;BR-116/SP;Pista Norte;Colisão Traseira;2;1;1;;;;1
13/05/2015;17:14:00;539;sem vítima;175,39999389648438;BR-116/RJ;Pista Sul;Abalroamento Longitudinal;1;2;;;;;1
13/05/2015;14:34:00;448;sem vítima;177,6999969482422;BR-116/RJ;Pista Sul;Engavetamento;2;4;;;;;1
13/05/2015;11:38:00;347;sem vítima;185;BR-116/RJ;Pista Norte;Colisão Traseira;1;2;;;;;1
13/05/2015;11:45:00;352;sem vítima;196;BR-116/RJ;Pista Sul;Abalroamento Longitudinal;1;2;;;;;1
13/05/2015;21:40:00;691;com vítima;218,89999389648438;BR-116/SP;Pista Sul;Tombamento;1;0;2;;;;1
13/05/2015;03:14:00;51;com vítima;320,1000061035156;BR-116/RJ;Pista Sul;Queda de ribanceira;1;0;1;;;;1
14/05/2015;12:58:00;405;sem vítima;74;BR-116/SP;Pista Norte;Choque em objeto fixo;1;1;;;;;1
14/05/2015;09:34:00;255;com vítima;103;BR-116/SP;Pista Sul;Colisão Traseira;1;1;1;;;;1
14/05/2015;18:01:00;589;sem vítima;158;BR-116/SP;Pista Norte;Colisão Traseira;2;2;;;;;1
14/05/2015;07:33:00;153;sem vítima;165,1999969482422;BR-116/SP;Pista Sul;Choque em objeto fixo;1;2;;;;;1
14/05/2015;23:56:00;755;sem vítima;165,1999969482422;BR-116/SP;Pista Norte;Colisão Traseira;2;3;;;;;1
14/05/2015;14:18:00;449;sem vítima;189,89999389648438;BR-116/SP;Pista Norte;Colisão Traseira;2;3;;;;;1
14/05/2015;14:00:00;440;com vítima;190,0500030517578;BR-116/SP;Pista Norte;Abalroamento Longitudinal;1;1;1;;;;1
14/05/2015;06:01:00;93;sem vítima;323;BR-116/RJ;Pista Norte;Abalroamento Longitudinal;1;23;;;;;1
15/05/2015;18:02:00;608;sem vítima;51,599998474121094;BR-116/SP;Pista Sul;Atropelamento de Animal;1;1;;;;;1
15/05/2015;18:52:00;646;com vítima;114,3499984741211;BR-116/SP;Pista Norte;Colisão Traseira;2;1;1;;;;1
15/05/2015;14:06:00;449;sem vítima;141,1999969482422;BR-116/SP;Pista Norte;Colisão Traseira;1;4;;;;;1
15/05/2015;08:57:00;250;sem vítima;166,1999969482422;BR-116/RJ;Pista Norte;Choque em Defensa;1;1;;;;;1
15/05/2015;08:08:00;206;sem vítima;167,60000610351562;BR-116/RJ;Pista Norte;Abalroamento Longitudinal;1;5;;;;;1
15/05/2015;05:14:00;77;com vítima;195,8000030517578;BR-116/RJ;Pista Norte;Colisão Traseira;1;3;1;1;;;2
15/05/2015;05:31:00;82;com vítima;195,89999389648438;BR-116/RJ;Pista Norte;Colisão Traseira;1;1;1;;;;1
15/05/2015;23:45:00;802;sem vítima;259,20001220703125;BR-116/RJ;Pista Sul;Choque em Defensa;1;1;;;;;1
15/05/2015;07:53:00;187;sem vítima;265,8999938964844;BR-116/RJ;Pista Norte;Abalroamento Longitudinal;1;2;;;;;1
16/05/2015;20:07:00;589;sem vítima;121,9000015258789;BR-116/SP;Pista Norte;Abalroamento Longitudinal;1;2;;;;;1
16/05/2015;12:24:00;324;sem vítima;176,3000030517578;BR-116/RJ;Pista Sul;Colisão Traseira;1;2;;;;;1
16/05/2015;19:21:00;563;sem vítima;193,10000610351562;BR-116/RJ;Pista Sul;Choque em Defensa;1;5;;;;;1
16/05/2015;08:31:00;186;sem vítima;230,8000030517578;BR-116/SP;Pista Sul;Abalroamento Longitudinal;1;2;;;;;1
16/05/2015;05:02:00;77;sem vítima;231,39999389648438;BR-116/SP;Pista Sul;Abalroamento Longitudinal;1;3;;;;;1
17/05/2015;16:02:00;406;com vítima;74,5;BR-116/SP;Pista Norte;Tombamento;1;0;;4;;;2
18/05/2015;18:26:00;595;sem vítima;24,700000762939453;BR-116/SP;Pista Sul;Choque em veículo parado na pista;2;2;;;;;1
18/05/2015;23:53:00;705;sem vítima;86,94999694824219;BR-116/SP;Pista Sul;Colisão Traseira;1;25;;;;;1
18/05/2015;10:22:00;310;sem vítima;168;BR-116/RJ;Pista Sul;Colisão Traseira;1;2;;;;;1
18/05/2015;14:31:00;436;sem vítima;174,60000610351562;BR-116/RJ;Pista Sul;Abalroamento Longitudinal;1;5;;;;;1
18/05/2015;07:51:00;168;sem vítima;181,8000030517578;BR-116/RJ;Pista Norte;Colisão Traseira;2;3;;;;;1
18/05/2015;03:22:00;40;com vítima;226,60000610351562;BR-116/RJ;Pista Norte;Tombamento;1;1;1;;;;1
19/05/2015;14:25:00;408;sem vítima;171,60000610351562;BR-116/RJ;Pista Norte;Colisão Traseira;1;2;;;;;1
19/05/2015;17:36:00;550;sem vítima;174,10000610351562;BR-116/RJ;Pista Norte;Choque em Defensa;1;2;;;;;1
19/05/2015;00:34:00;17;sem vítima;204;BR-116/SP;Pista Sul;Abalroamento Longitudinal;1;2;;;;;1
19/05/2015;12:04:00;332;com vítima;229,64999389648438;BR-116/RJ;Pista Norte;Choque em Barreira New Jersey;1;0;2;;;;1
19/05/2015;15:55:00;472;sem vítima;229,64999389648438;BR-116/RJ;Pista Norte;Abalroamento Longitudinal;2;6;;;;;1
19/05/2015;13:44:00;383;sem vítima;271,6000061035156;BR-116/RJ;Pista Sul;Colisão Traseira;2;3;;;;;1
19/05/2015;18:57:00;603;sem vítima;307,29998779296875;BR-116/RJ;Pista Norte;Abalroamento Longitudinal;1;3;;;;;1