data;horario;n_da_ocorrencia;tipo_de_ocorrencia;km;trecho;sentido;tipo_de_acidente;caminhao;ilesos;levemente_feridos;moderadamente_feridos;gravemente_feridos;mortos;3
20/05/2015;07:32:00;141;sem vítima;140,10000610351562;BR-116/SP;Pista Norte;Choque em objeto fixo;1;1;;;;;1
20/05/2015;16:58:00;503;sem vítima;172,60000610351562;BR-116/RJ;Pista Norte;Abalroamento Longitudinal;1;17;;;;;1
20/05/2015;10:50:00;303;sem vítima;183,60000610351562;BR-116/SP;Pista Sul;Abalroamento Longitudinal;1;2;;;;;1
20/05/2015;04:52:00;62;com vítima;199,10000610351562;BR-116/SP;Pista Sul;Colisão Traseira;1;2;;1;;;2
20/05/2015;15:49:00;468;sem vítima;204,5;BR-116/SP;Pista Sul;Colisão Traseira;1;2;;;;;1
20/05/2015;11:40:00;334;com vítima;219,39999389648438;BR-116/RJ;Pista Norte;Tombamento;1;0;1;;;;1
20/05/2015;11:54:00;344;sem vítima;229,8000030517578;BR-116/SP;Pista Sul;Colisão Traseira;1;3;;;;;1
20/05/2015;01:05:00;23;com vítima;247,39999389648438;BR-116/RJ;Pista Norte;Colisão Traseira;2;1;;1;;;2
20/05/2015;16:03:00;480;sem vítima;264,20001220703125;BR-116/RJ;Pista Norte;Colisão Traseira;2;2;;;;;1
21/05/2015;10:25:00;323;sem vítima;35,70000076293945;BR-116/SP;Pista Sul;Colisão Traseira;2;2;;;;;1
21/05/2015;17:37:00;582;sem vítima;110,8499984741211;BR-116/SP;Pista Sul;Abalroamento Longitudinal;1;2;;;;;1
21/05/2015;07:08:00;150;sem vítima;143,5;BR-116/SP;Pista Norte;Engavetamento;1;5;;;;;1
21/05/2015;06:20:00;121;sem vítima;147,35000610351562;BR-116/SP;Pista Sul;Colisão Traseira;1;2;;;;;1
21/05/2015;19:18:00;652;sem vítima;165,1999969482422;BR-116/SP;Pista Norte;Colisão Traseira;2;2;;;;;1
21/05/2015;01:17:00;37;sem vítima;187,8800048828125;BR-116/RJ;Pista Sul;Abalroamento Longitudinal;1;2;;;;;1
21/05/2015;18:06:00;604;sem vítima;201;BR-116/SP;Pista Norte;Colisão Traseira;2;2;;;;;1
21/05/2015;00:29:00;21;sem vítima;202,3000030517578;BR-116/SP;Pista Norte;Engavetamento;3;3;;;;;1
21/05/2015;23:21:00;756;sem vítima;230,5;BR-116/SP;Pista Norte;Abalroamento Longitudinal;1;2;;;;;1
21/05/2015;23:54:00;764;sem vítima;230,5;BR-116/SP;Pista Norte;Abalroamento Longitudinal;1;2;;;;;1
21/05/2015;22:26:00;741;sem vítima;239,1999969482422;BR-116/RJ;Pista Sul;Choque em objeto fixo;1;1;;;;;1
21/05/2015;05:24:00;93;sem vítima;333,1000061035156;BR-116/RJ;Pista Norte;Colisão Traseira;2;2;;;;;1
22/05/2015;09:17:00;297;sem vítima;76,0999984741211;BR-116/SP;Pista Norte;Colisão Traseira;2;2;;;;;1
22/05/2015;16:44:00;590;sem vítima;134,5;BR-116/SP;Pista Norte;Abalroamento Longitudinal;2;3;;;;;1
22/05/2015;20:25:00;733;sem vítima;161,9499969482422;BR-116/SP;Pista Sul;Choque em objeto fixo;1;1;;;;;1
22/05/2015;20:48:00;745;sem vítima;179,6999969482422;BR-116/RJ;Pista Sul;Engavetamento;1;6;;;;;1
22/05/2015;14:54:00;518;sem vítima;180;BR-116/RJ;Pista Norte;Engavetamento;1;5;;;;;1
22/05/2015;07:14:00;164;sem vítima;207,10000610351562;BR-116/RJ;Pista Norte;Colisão Traseira;2;2;;;;;1
22/05/2015;12:40:00;432;sem vítima;208,5;BR-116/RJ;Pista Sul;Colisão Traseira;1;3;;;;;1
22/05/2015;09:36:00;312;com vítima;218,1999969482422;BR-116/RJ;Pista Norte;Engavetamento;3;2;;1;;;2
22/05/2015;12:35:00;428;sem vítima;227,5;BR-116/SP;Pista Sul;Colisão Traseira;1;2;;;;;1
22/05/2015;11:37:00;398;sem vítima;228,3000030517578;BR-116/SP;Pista Norte;Abalroamento Longitudinal;1;2;;;;;1
22/05/2015;12:48:00;438;sem vítima;304,1000061035156;BR-116/RJ;Pista Norte;Choque em Defensa;1;2;;;;;1
23/05/2015;23:29:00;600;sem vítima;44,54999923706055;BR-116/SP;Pista Sul;Choque em objeto fixo;1;1;;;;;1
23/05/2015;01:20:00;34;com vítima;65,30000305175781;BR-116/SP;Pista Sul;Engavetamento;1;5;2;;;;1
23/05/2015;01:53:00;44;com vítima;102,4000015258789;BR-116/SP;Pista Norte;Choque em Barreira New Jersey;1;3;1;;;;1
23/05/2015;19:43:00;513;sem vítima;110,69999694824219;BR-116/SP;Pista Norte;Abalroamento Longitudinal;1;6;;;;;1
23/05/2015;15:16:00;382;sem vítima;231,39999389648438;BR-116/SP;Pista Norte;Colisão Traseira;1;3;;;;;1
23/05/2015;13:49:00;335;com vítima;276,79998779296875;BR-116/RJ;Pista Norte;Tombamento;1;0;1;;;;1
23/05/2015;11:59:00;285;sem vítima;292,29998779296875;BR-116/RJ;Pista Sul;Colisão Traseira;1;5;;;;;1
24/05/2015;20:33:00;521;com vítima;179,14999389648438;BR-116/RJ;Pista Norte;Engavetamento;1;6;3;1;;;2
25/05/2015;15:01:00;466;sem vítima;62,099998474121094;BR-116/SP;Pista Sul;Colisão Traseira;1;3;;;;;1
25/05/2015;00:20:00;9;sem vítima;207,5;BR-116/RJ;Pista Sul;Colisão Traseira;1;29;;;;;1
25/05/2015;16:16:00;510;com vítima;226,89999389648438;BR-116/SP;Pista Sul;Colisão Traseira;1;1;;1;;;2
25/05/2015;06:42:00;113;sem vítima;231,1999969482422;BR-116/SP;Pista Sul;Engavetamento;1;4;;;;;1
25/05/2015;14:15:00;433;sem vítima;258,70001220703125;BR-116/RJ;Pista Norte;Tombamento;1;1;;;;;1
25/05/2015;12:21:00;372;com vítima;259,1000061035156;BR-116/RJ;Pista Sul;Choque em veículo parado na pista;1;1;1;;;;1
26/05/2015;23:21:00;700;sem vítima;90,0999984741211;BR-116/SP;Pista Norte;Colisão Traseira;2;2;;;;;1
26/05/2015;20:56:00;646;sem vítima;168,8000030517578;BR-116/SP;Pista Sul;Colisão Traseira;2;2;;;;;1
26/05/2015;14:38:00;418;sem vítima;182,3000030517578;BR-116/SP;Pista Norte;Colisão Traseira;1;4;;;;;1
26/05/2015;08:03:00;205;sem vítima;229,39999389648438;BR-116/SP;Pista Sul;Abalroamento Longitudinal;1;2;;;;;1
27/05/2015;10:52:00;345;sem vítima;137,39999389648438;BR-116/SP;Pista Sul;Choque em Barreira New Jersey;1;1;;;;;1
27/05/2015;14:02:00;456;sem vítima;166;BR-116/RJ;Pista Sul;Colisão Traseira;1;17;;;;;1
27/05/2015;20:53:00;700;sem vítima;257,20001220703125;BR-116/RJ;Pista Sul;Colisão Traseira;1;2;;;;;1
27/05/2015;20:03:00;672;sem vítima;289,8999938964844;BR-116/RJ;Pista Norte;Choque em objeto na pista;1;1;;;;;1
28/05/2015;14:15:00;446;sem vítima;65,37999725341797;BR-116/SP;Pista Norte;Choque em Barreira New Jersey;1;1;;;;;1
28/05/2015;21:02:00;652;com vítima;218,10000610351562;BR-116/SP;Pista Norte;Engavetamento;2;46;2;;;;1
28/05/2015;10:33:00;321;com vítima;220,3000030517578;BR-116/RJ;Pista Sul;Tombamento;1;0;1;;;;1
28/05/2015;21:38:00;671;sem vítima;220,85000610351562;BR-116/RJ;Pista Norte;Colisão Traseira;2;2;;;;;1
28/05/2015;08:46:00;238;com vítima;228,1999969482422;BR-116/RJ;Pista Norte;Choque em objeto fixo;1;0;;2;;;2
28/05/2015;09:29:00;270;sem vítima;230;BR-116/SP;Pista Sul;Outros;1;1;;;;;1
29/05/2015;09:24:00;252;com vítima;118,0999984741211;BR-116/SP;Pista Sul;Outros;1;0;1;;;;1
29/05/2015;17:56:00;582;sem vítima;149;BR-116/SP;Pista Sul;Colisão Traseira;1;2;;;;;1
29/05/2015;11:10:00;322;sem vítima;165,1999969482422;BR-116/SP;Pista Norte;Colisão Traseira;2;2;;;;;1
29/05/2015;07:52:00;162;sem vítima;167,1999969482422;BR-116/RJ;Pista Norte;Abalroamento Longitudinal;1;49;;;;;1
29/05/2015;08:11:00;183;com vítima;210,0399932861328;BR-116/RJ;Pista Sul;Abalroamento Longitudinal;1;4;1;;;;1
29/05/2015;08:20:00;190;com vítima;212,89999389648438;BR-116/RJ;Pista Sul;Choque em Barreira New Jersey;1;0;1;;;;1
29/05/2015;09:47:00;270;sem vítima;213,60000610351562;BR-116/RJ;Pista Norte;Outros;1;1;;;;;1
29/05/2015;13:41:00;424;sem vítima;218,8000030517578;BR-116/SP;Pista Norte;Abalroamento Longitudinal;1;3;;;;;1
29/05/2015;13:48:00;433;com vítima;223,10000610351562;BR-116/RJ;Pista Norte;Tombamento;1;0;;1;;;2
29/05/2015;02:09:00;44;sem vítima;232,13999938964844;BR-116/RJ;Pista Norte;Choque em Barreira New Jersey;1;1;;;;;1
29/05/2015;08:26:00;198;com vítima;278;BR-116/RJ;Pista Sul;Engavetamento;1;2;1;;;;1
29/05/2015;06:44:00;117;com vítima;285,5;BR-116/RJ;Pista Sul;Engavetamento;1;3;2;1;;;2
30/05/2015;09:11:00;245;sem vítima;71;BR-116/SP;Pista Norte;Abalroamento Longitudinal;1;5;;;;;1
30/05/2015;17:06:00;496;com vítima;155,25;BR-116/SP;Pista Sul;Abalroamento Longitudinal;1;5;1;;;;1
30/05/2015;15:12:00;443;com vítima;174;BR-116/RJ;Pista Norte;Colisão Traseira;1;2;2;;;;1
30/05/2015;22:04:00;614;com vítima;183;BR-116/RJ;Pista Sul;Choque em Defensa;1;1;1;;;;1
30/05/2015;12:25:00;358;sem vítima;220,85000610351562;BR-116/RJ;Pista Norte;Abalroamento Longitudinal;2;2;;;;;1
31/05/2015;07:55:00;136;sem vítima;101,5;BR-116/SP;Pista Sul;Queda de ribanceira;1;2;;;;;1
31/05/2015;12:00:00;242;com vítima;223,8000030517578;BR-116/RJ;Pista Norte;Abalroamento Longitudinal;2;1;1;;;;1
31/05/2015;11:15:00;218;sem vítima;231,1999969482422;BR-116/SP;Pista Norte;Abalroamento Longitudinal;1;2;;;;;1
31/05/2015;18:02:00;397;sem vítima;266,8999938964844;BR-116/RJ;Pista Norte;Abalroamento Longitudinal;1;2;;;;;1
31/05/2015;20:44:00;468;com vítima;269,79998779296875;BR-116/RJ;Pista Norte;Engavetamento;1;9;1;;;;1
31/05/2015;15:20:00;320;sem vítima;304,79998779296875;BR-116/RJ;Pista Norte;Abalroamento Longitudinal;1;3;;;;;1
01/06/2015;15:35:00;524;sem vítima;175,9499969482422;BR-116/RJ;Pista Sul;Choque em veículo parado na pista;2;2;;;;;1
01/06/2015;19:38:00;674;com vítima;209,10000610351562;BR-116/RJ;Pista Norte;Colisão Traseira;1;1;2;;;;1
01/06/2015;23:36:00;776;sem vítima;209,5;BR-116/RJ;Pista Sul;Colisão Traseira;1;2;;;;;1
01/06/2015;11:20:00;366;sem vítima;212,8000030517578;BR-116/SP;Pista Norte;Tombamento;1;1;;;;;1
01/06/2015;10:46:00;338;com vítima;258,0799865722656;BR-116/RJ;Pista Norte;Colisão Traseira;2;1;;4;;;2
01/06/2015;13:36:00;447;sem vítima;287,79998779296875;BR-116/RJ;Pista Norte;Outros;1;2;;;;;1
01/06/2015;23:10:00;766;com vítima;302,70001220703125;BR-116/RJ;Pista Norte;Abalroamento Longitudinal;1;2;3;;;;1
01/06/2015;06:32:00;99;com vítima;306,5;BR-116/RJ;Pista Sul;Engavetamento;1;17;1;;;;1
02/06/2015;04:17:00;54;sem vítima;51,099998474121094;BR-116/SP;Pista Norte;Colisão Traseira;2;2;;;;;1
02/06/2015;08:34:00;213;sem vítima;158,8300018310547;BR-116/SP;Pista Sul;Colisão Traseira;1;2;;;;;1
02/06/2015;10:57:00;332;sem vítima;222,3000030517578;BR-116/SP;Pista Norte;Abalroamento Longitudinal;1;2;;;;;1
02/06/2015;05:45:00;80;sem vítima;224,10000610351562;BR-116/RJ;Pista Norte;Choque Talude;1;1;;;;;1
02/06/2015;02:08:00;34;sem vítima;333,20001220703125;BR-116/RJ;Pista Norte;Colisão Traseira;2;2;;;;;1
03/06/2015;04:29:00;49;sem vítima;58,900001525878906;BR-116/SP;Pista Sul;Colisão Traseira;1;8;;;;;1
03/06/2015;23:26:00;761;sem vítima;176,39999389648438;BR-116/SP;Pista Sul;Choque em veículo parado na pista;2;2;;;;;1
03/06/2015;23:24:00;760;sem vítima;276,3999938964844;BR-116/RJ;Pista Sul;Colisão Traseira;2;2;;;;;1
04/06/2015;10:01:00;222;sem vítima;45;BR-116/SP;Pista Sul;Abalroamento Transversal;1;2;;;;;1
04/06/2015;19:15:00;499;sem vítima;110,19999694824219;BR-116/SP;Pista Norte;Colisão Traseira;1;4;;;;;1
04/06/2015;22:50:00;588;sem vítima;185,10000610351562;BR-116/RJ;Pista Norte;Colisão Traseira;1;3;;;;;1
04/06/2015;16:05:00;413;com vítima;247,6999969482422;BR-116/RJ;Pista Sul;Abalroamento Longitudinal;1;1;1;;;;1
05/06/2015;02:35:00;44;com vítima;31,649999618530273;BR-116/SP;Pista Sul;Atropelamento de Animal;1;2;1;;;;1
05/06/2015;18:55:00;593;sem vítima;113,30000305175781;BR-116/SP;Pista Sul;Abalroamento Longitudinal;1;3;;;;;1
05/06/2015;06:30:00;103;com vítima;130,14999389648438;BR-116/SP;Pista Sul;Choque em Barreira New Jersey;1;5;1;;;;1
05/06/2015;07:47:00;159;sem vítima;166,1999969482422;BR-116/SP;Pista Norte;Abalroamento Longitudinal;1;2;;;;;1
05/06/2015;07:53:00;165;sem vítima;167,89999389648438;BR-116/RJ;Pista Sul;Abalroamento Longitudinal;1;2;;;;;1
05/06/2015;04:24:00;65;sem vítima;197,39999389648438;BR-116/SP;Pista Sul;Choque em objeto fixo;1;1;;;;;1
05/06/2015;03:17:00;50;com vítima;223,8000030517578;BR-116/RJ;Pista Norte;Choque Talude;1;0;1;;;;1
06/06/2015;12:39:00;286;com vítima;86,9000015258789;BR-116/SP;Pista Sul;Colisão Traseira;1;4;1;;;;1
06/06/2015;18:41:00;484;com vítima;215,60000610351562;BR-116/SP;Pista Sul;Abalroamento Longitudinal;1;4;2;;;;1
06/06/2015;19:43:00;515;sem vítima;215,60000610351562;BR-116/SP;Pista Sul;Colisão Traseira;1;5;;;;;1
07/06/2015;21:25:00;586;com vítima;38,099998474121094;BR-116/SP;Pista Sul;Engavetamento;3;3;1;;;;1
07/06/2015;11:19:00;210;com vítima;156,60000610351562;BR-116/SP;Pista Norte;Abalroamento Longitudinal;1;2;1;;;;1
08/06/2015;06:47:00;136;sem vítima;141,6999969482422;BR-116/SP;Pista Norte;Abalroamento Longitudinal;1;2;;;;;1
08/06/2015;07:33:00;176;sem vítima;143,1999969482422;BR-116/SP;Pista Norte;Abalroamento Longitudinal;1;2;;;;;1
08/06/2015;16:29:00;575;sem vítima;169,10000610351562;BR-116/RJ;Pista Norte;Colisão Traseira;1;2;;;;;1
08/06/2015;16:25:00;571;com vítima;190;BR-116/RJ;Pista Norte;Colisão Traseira;1;1;1;;;;1
08/06/2015;14:41:00;493;sem vítima;194,89999389648438;BR-116/RJ;Pista Sul;Colisão Traseira;1;2;;;;;1
08/06/2015;08:42:00;246;sem vítima;199,99000549316406;BR-116/RJ;Pista Norte;Colisão Traseira;2;2;;;;;1
08/06/2015;22:50:00;784;sem vítima;227;BR-116/SP;Pista Norte;Abalroamento Longitudinal;2;4;;;;;1
08/06/2015;10:49:00;351;sem vítima;283;BR-116/RJ;Pista Sul;Abalroamento Longitudinal;1;5;;;;;1
08/06/2015;22:00:00;762;com vítima;328,3999938964844;BR-116/RJ;Pista Sul;Capotamento;1;0;1;;;;1
09/06/2015;01:45:00;33;sem vítima;39,599998474121094;BR-116/SP;Pista Sul;Choque em objeto na pista;2;35;;;;;1
09/06/2015;22:58:00;729;com vítima;44,52000045776367;BR-116/SP;Pista Norte;Atropelamento de Animal;1;12;1;1;;;2
09/06/2015;08:37:00;182;sem vítima;50,400001525878906;BR-116/SP;Pista Norte;Capotamento;1;1;;;;;1
09/06/2015;01:54:00;34;com vítima;150,5;BR-116/SP;Pista Sul;Colisão Traseira;2;1;;1;;;2
09/06/2015;10:37:00;306;sem vítima;223,10000610351562;BR-116/RJ;Pista Norte;Abalroamento Longitudinal;2;2;;;;;1
09/06/2015;15:20:00;503;sem vítima;264,5;BR-116/RJ;Pista Norte;Outros;1;1;;;;;1
10/06/2015;16:57:00;563;sem vítima;146;BR-116/SP;Pista Sul;Colisão Traseira;1;2;;;;;1
10/06/2015;16:56:00;561;sem vítima;165,14999389648438;BR-116/SP;Pista Sul;Colisão Traseira;1;2;;;;;1
10/06/2015;13:59:00;445;sem vítima;168,4499969482422;BR-116/RJ;Pista Sul;Colisão Traseira;1;2;;;;;1
10/06/2015;06:37:00;98;sem vítima;173,3000030517578;BR-116/RJ;Pista Norte;Abalroamento Longitudinal;2;5;;;;;1
10/06/2015;14:22:00;455;com vítima;190,25;BR-116/RJ;Pista Norte;Colisão Frontal;1;1;1;;;;1
10/06/2015;20:19:00;688;sem vítima;220,3000030517578;BR-116/SP;Pista Norte;Abalroamento Longitudinal;1;4;;;;;1
10/06/2015;14:10:00;450;sem vítima;225,5;BR-116/SP;Pista Norte;Choque em objeto na pista;1;1;;;;;1
10/06/2015;18:09:00;606;sem vítima;318,8999938964844;BR-116/RJ;Pista Sul;Choque em objeto fixo;1;1;;;;;1
11/06/2015;17:21:00;588;sem vítima;51,900001525878906;BR-116/SP;Pista Sul;Engavetamento;1;3;;;;;1
11/06/2015;03:08:00;44;sem vítima;62,29999923706055;BR-116/SP;Pista Norte;Colisão Traseira;1;18;;;;;1
11/06/2015;13:51:00;445;com vítima;145,4499969482422;BR-116/SP;Pista Sul;Abalroamento Longitudinal;2;1;1;;;;1
11/06/2015;10:25:00;309;sem vítima;159;BR-116/SP;Pista Norte;Abalroamento Longitudinal;1;3;;;;;1
11/06/2015;08:16:00;203;sem vítima;163,5;BR-116/SP;Pista Sul;Abalroamento Longitudinal;1;2;;;;;1
11/06/2015;17:37:00;599;com vítima;171,8000030517578;BR-116/RJ;Pista Sul;Abalroamento Longitudinal;1;3;1;;;;1
11/06/2015;14:02:00;453;sem vítima;182,3000030517578;BR-116/SP;Pista Norte;Colisão Traseira;2;2;;;;;1
11/06/2015;15:09:00;500;sem vítima;216,5;BR-116/SP;Pista Sul;Engavetamento;2;3;;;;;1
11/06/2015;22:09:00;762;sem vítima;321,3999938964844;BR-116/RJ;Pista Norte;Choque em objeto na pista;1;1;;;;;1
12/06/2015;01:40:00;34;sem vítima;58,70000076293945;BR-116/SP;Pista Norte;Choque em objeto na pista;1;2;;;;;1
12/06/2015;20:34:00;711;sem vítima;86,94999694824219;BR-116/SP;Pista Norte;Choque em objeto fixo;1;1;;;;;1
12/06/2015;18:59:00;649;com vítima;106,3499984741211;BR-116/SP;Pista Sul;Colisão Traseira;1;2;1;;;;1
12/06/2015;08:36:00;229;sem vítima;161,6999969482422;BR-116/SP;Pista Sul;Colisão Traseira;1;5;;;;;1
12/06/2015;15:29:00;512;sem vítima;182,6999969482422;BR-116/RJ;Pista Sul;Abalroamento Longitudinal;1;4;;;;;1
12/06/2015;14:28:00;482;sem vítima;207,10000610351562;BR-116/RJ;Pista Sul;Colisão Traseira;1;15;;;;;1
12/06/2015;07:24:00;145;sem vítima;218,3000030517578;BR-116/SP;Pista Sul;Colisão Traseira;1;3;;;;;1
12/06/2015;19:33:00;681;sem vítima;218,5;BR-116/SP;Pista Sul;Engavetamento;1;6;;;;;1
12/06/2015;18:18:00;615;sem vítima;223,60000610351562;BR-116/RJ;Pista Norte;Colisão Traseira;1;4;;;;;1
12/06/2015;17:22:00;578;sem vítima;281,1000061035156;BR-116/RJ;Pista Norte;Abalroamento Longitudinal;1;2;;;;;1
13/06/2015;18:43:00;518;com vítima;218,39999389648438;BR-116/SP;Pista Norte;Engavetamento;1;2;1;;;;1
13/06/2015;18:58:00;526;sem vítima;219;BR-116/SP;Pista Norte;Colisão Traseira;1;3;;;;;1
13/06/2015;08:07:00;192;com vítima;219,1999969482422;BR-116/SP;Pista Sul;Colisão Traseira;1;2;;;1;;2
13/06/2015;13:41:00;352;com vítima;313,6000061035156;BR-116/RJ;Pista Sul;Queda de ribanceira;1;0;;;1;;2
15/06/2015;17:00:00;535;sem vítima;103,05000305175781;BR-116/SP;Pista Sul;Choque em Defensa;1;1;;;;;1
15/06/2015;10:58:00;322;sem vítima;139,8000030517578;BR-116/SP;Pista Sul;Colisão Traseira;1;2;;;;;1
15/06/2015;14:58:00;456;com vítima;157,85000610351562;BR-116/SP;Pista Sul;Choque em Barreira New Jersey;1;1;1;;;;1
15/06/2015;07:47:00;176;sem vítima;161,1999969482422;BR-116/SP;Pista Norte;Colisão Traseira;1;3;;;;;1
15/06/2015;05:16:00;79;com vítima;167;BR-116/RJ;Pista Norte;Colisão Traseira;1;2;1;;;;1
15/06/2015;17:28:00;552;com vítima;204,5;BR-116/RJ;Pista Sul;Queda de moto;1;1;1;;;;1
15/06/2015;12:51:00;382;sem vítima;207,10000610351562;BR-116/RJ;Pista Sul;Colisão Traseira;1;2;;;;;1
15/06/2015;11:48:00;351;sem vítima;218,89999389648438;BR-116/SP;Pista Norte;Engavetamento;1;23;;;;;1
15/06/2015;16:36:00;517;com vítima;220,3000030517578;BR-116/RJ;Pista Sul;Tombamento;1;3;1;;;;1
15/06/2015;14:50:00;446;sem vítima;221,89999389648438;BR-116/RJ;Pista Sul;Abalroamento Longitudinal;1;2;;;;;1
15/06/2015;19:02:00;612;sem vítima;222,07000732421875;BR-116/RJ;Pista Sul;Choque em objeto fixo;1;1;;;;;1
15/06/2015;23:17:00;712;sem vítima;224,8000030517578;BR-116/RJ;Pista Norte;Colisão Traseira;2;2;;;;;1
15/06/2015;12:49:00;379;com vítima;226,0500030517578;BR-116/SP;Pista Norte;Engavetamento;2;3;1;;;;1
15/06/2015;07:24:00;153;sem vítima;318,70001220703125;BR-116/RJ;Pista Sul;Abalroamento Longitudinal;2;2;;;;;1
16/06/2015;01:16:00;20;sem vítima;98;BR-116/SP;Pista Norte;Colisão Traseira;2;2;;;;;1
16/06/2015;02:55:00;38;com vítima;98,75;BR-116/SP;Pista Sul;Queda de moto;1;2;;;;1;3
16/06/2015;13:11:00;427;sem vítima;136,50999450683594;BR-116/SP;Pista Norte;Choque em veículo parado na pista;1;2;;;;;1
16/06/2015;19:49:00;642;sem vítima;169,85000610351562;BR-116/RJ;Pista Sul;Abalroamento Longitudinal;1;2;;;;;1
16/06/2015;02:15:00;30;sem vítima;173,39999389648438;BR-116/SP;Pista Sul;Choque em veículo parado na pista;2;2;;;;;1
16/06/2015;21:38:00;683;sem vítima;174,89999389648438;BR-116/SP;Pista Norte;Choque em objeto na pista;1;38;;;;;1
16/06/2015;07:38:00;168;sem vítima;176,60000610351562;BR-116/RJ;Pista Sul;Colisão Traseira;1;3;;;;;1
16/06/2015;13:46:00;455;sem vítima;184,10000610351562;BR-116/RJ;Pista Norte;Abalroamento Longitudinal;1;2;;;;;1
16/06/2015;22:07:00;698;sem vítima;220,8000030517578;BR-116/RJ;Pista Sul;Abalroamento Longitudinal;1;2;;;;;1
16/06/2015;11:17:00;363;sem vítima;223,85000610351562;BR-116/RJ;Pista Norte;Choque em objeto fixo;1;1;;;;;1
16/06/2015;09:58:00;304;sem vítima;225,3000030517578;BR-116/SP;Pista Sul;Colisão Traseira;2;2;;;;;1
17/06/2015;06:56:00;107;sem vítima;208,5;BR-116/RJ;Pista Norte;Colisão Traseira;1;5;;;;;1
17/06/2015;17:12:00;529;com vítima;220,8000030517578;BR-116/SP;Pista Norte;Queda de moto;2;3;1;;;;1
17/06/2015;17:23:00;538;sem vítima;228,1999969482422;BR-116/SP;Pista Sul;Choque em Defensa;1;1;;;;;1
17/06/2015;05:14:00;57;sem vítima;267;BR-116/RJ;Pista Norte;Abalroamento Longitudinal;1;2;;;;;1
17/06/2015;22:23:00;710;sem vítima;318,8999938964844;BR-116/RJ;Pista Norte;Colisão Traseira;2;2;;;;;1
18/06/2015;18:30:00;590;sem vítima;93,19999694824219;BR-116/SP;Pista Sul;Colisão Traseira;1;2;;;;;1
18/06/2015;07:46:00;137;sem vítima;146,5;BR-116/SP;Pista Sul;Abalroamento Longitudinal;1;2;;;;;1
18/06/2015;22:34:00;705;sem vítima;170,5;BR-116/RJ;Pista Sul;Choque em objeto fixo;1;2;;;;;1
18/06/2015;16:01:00;480;sem vítima;230,6999969482422;BR-116/SP;Pista Sul;Engavetamento;2;3;;;;;1
19/06/2015;02:11:00;38;sem vítima;62,29999923706055;BR-116/SP;Pista Norte;Colisão Traseira;2;3;;;;;1
19/06/2015;02:51:00;49;sem vítima;149,3000030517578;BR-116/SP;Pista Sul;Abalroamento Longitudinal;1;3;;;;;1
19/06/2015;16:21:00;519;sem vítima;186,89999389648438;BR-116/SP;Pista Norte;Colisão Traseira;1;3;;;;;1
19/06/2015;04:39:00;77;sem vítima;203;BR-116/SP;Pista Sul;Abalroamento Longitudinal;1;2;;;;;1
19/06/2015;23:06:00;750;sem vítima;215,89999389648438;BR-116/SP;Pista Sul;Engavetamento;1;6;;;;;1
19/06/2015;12:18:00;379;com vítima;222,89999389648438;BR-116/SP;Pista Sul;Engavetamento;1;5;1;;;;1
19/06/2015;03:26:00;55;sem vítima;226,39999389648438;BR-116/RJ;Pista Norte;Choque em objeto fixo;1;1;;;;;1
19/06/2015;16:54:00;541;sem vítima;226,5;BR-116/RJ;Pista Sul;Abalroamento Longitudinal;1;2;;;;;1
19/06/2015;23:52:00;765;sem vítima;257;BR-116/RJ;Pista Norte;Choque em veículo parado na pista;1;2;;;;;1
19/06/2015;05:12:00;86;sem vítima;265,6000061035156;BR-116/RJ;Pista Sul;Outros;1;1;;;;;1
19/06/2015;04:57:00;82;com vítima;265,8999938964844;BR-116/RJ;Pista Sul;Choque em Barreira New Jersey;1;1;1;;;;1
19/06/2015;10:30:00;321;sem vítima;276,29998779296875;BR-116/RJ;Pista Sul;Colisão Traseira;2;2;;;;;1
20/06/2015;04:11:00;62;com vítima;116,80000305175781;BR-116/SP;Pista Sul;Colisão Traseira;1;4;3;;;;1
20/06/2015;06:18:00;79;sem vítima;130,10000610351562;BR-116/SP;Pista Sul;Choque em Barreira New Jersey;1;3;;;;;1
20/06/2015;16:53:00;482;sem vítima;160;BR-116/SP;Pista Sul;Abalroamento Longitudinal;2;2;;;;;1