data;horario;n_da_ocorrencia;tipo_de_ocorrencia;km;trecho;sentido;tipo_de_acidente;caminhao;ilesos;levemente_feridos;moderadamente_feridos;gravemente_feridos;mortos;3
20/06/2015;02:58:00;49;com vítima;187,8000030517578;BR-116/RJ;Pista Sul;Choque em veículo parado na pista;1;2;;1;;;2
21/06/2015;19:24:00;502;sem vítima;110,5999984741211;BR-116/SP;Pista Sul;Abalroamento Longitudinal;1;2;;;;;1
21/06/2015;17:40:00;431;sem vítima;227,10000610351562;BR-116/RJ;Pista Norte;Queda de Carga;1;1;;;;;1
21/06/2015;23:48:00;610;sem vítima;230,60000610351562;BR-116/SP;Pista Norte;Abalroamento Longitudinal;1;3;;;;;1
22/06/2015;22:03:00;713;com vítima;25,200000762939453;BR-116/SP;Pista Sul;Colisão Traseira;2;1;1;;;;1
22/06/2015;04:49:00;58;sem vítima;30,700000762939453;BR-116/SP;Pista Norte;Outros;1;1;;;;;1
22/06/2015;06:20:00;82;sem vítima;171,1999969482422;BR-116/SP;Pista Norte;Outros;1;1;;;;;1
22/06/2015;10:57:00;332;sem vítima;202,5;BR-116/SP;Pista Sul;Colisão Traseira;1;4;;;;;1
22/06/2015;06:48:00;109;sem vítima;222,3000030517578;BR-116/SP;Pista Norte;Abalroamento Longitudinal;1;3;;;;;1
22/06/2015;08:21:00;186;sem vítima;273;BR-116/RJ;Pista Norte;Colisão Traseira;2;2;;;;;1
22/06/2015;12:58:00;393;com vítima;294,7900085449219;BR-116/RJ;Pista Norte;Abalroamento Longitudinal;2;2;1;;;;1
23/06/2015;06:02:00;99;sem vítima;59;BR-116/SP;Pista Sul;Colisão Traseira;2;2;;;;;1
23/06/2015;23:29:00;774;sem vítima;184;BR-116/SP;Pista Norte;Abalroamento Longitudinal;1;2;;;;;1
23/06/2015;08:48:00;240;sem vítima;223;BR-116/RJ;Pista Norte;Choque Talude;1;1;;;;;1
23/06/2015;08:48:00;241;sem vítima;246;BR-116/RJ;Pista Norte;Abalroamento Longitudinal;2;2;;;;;1
24/06/2015;19:26:00;602;sem vítima;45,650001525878906;BR-116/SP;Pista Norte;Choque em objeto na pista;1;1;;;;;1
24/06/2015;01:19:00;28;com vítima;85,80000305175781;BR-116/SP;Pista Norte;Colisão Traseira;1;15;9;1;1;;2
24/06/2015;16:11:00;490;sem vítima;165,1999969482422;BR-116/SP;Pista Norte;Abalroamento Longitudinal;1;2;;;;;1
24/06/2015;07:11:00;118;sem vítima;205;BR-116/SP;Pista Sul;Colisão Traseira;1;2;;;;;1
24/06/2015;03:30:00;52;com vítima;224,5500030517578;BR-116/SP;Pista Sul;Colisão Traseira;1;1;1;;;;1
24/06/2015;22:55:00;687;com vítima;225,64999389648438;BR-116/SP;Pista Norte;Abalroamento Longitudinal;1;1;1;;;;1
24/06/2015;13:44:00;398;sem vítima;226,3000030517578;BR-116/RJ;Pista Norte;Outros;1;1;;;;;1
24/06/2015;21:07:00;647;sem vítima;230,39999389648438;BR-116/RJ;Pista Norte;Choque em Barreira New Jersey;1;3;;;;;1
25/06/2015;21:02:00;653;sem vítima;58,25;BR-116/SP;Pista Sul;Choque em objeto na pista;1;4;;;;;1
25/06/2015;09:04:00;230;sem vítima;143;BR-116/SP;Pista Norte;Choque em Barreira New Jersey;1;1;;;;;1
25/06/2015;12:51:00;413;sem vítima;168,89999389648438;BR-116/RJ;Pista Norte;Abalroamento Longitudinal;1;2;;;;;1
25/06/2015;07:19:00;133;com vítima;170,1999969482422;BR-116/RJ;Pista Norte;Abalroamento Longitudinal;1;2;;1;;;2
25/06/2015;15:53:00;506;sem vítima;170,8000030517578;BR-116/RJ;Pista Norte;Choque em Defensa;1;3;;;;;1
25/06/2015;08:58:00;227;sem vítima;192;BR-116/SP;Pista Norte;Abalroamento Longitudinal;1;3;;;;;1
25/06/2015;23:50:00;719;com vítima;201,5;BR-116/RJ;Pista Sul;Colisão Traseira;1;1;;;1;;2
25/06/2015;05:20:00;67;sem vítima;218,5;BR-116/RJ;Pista Norte;Outros;1;1;;;;;1
25/06/2015;08:49:00;215;com vítima;228,89999389648438;BR-116/SP;Pista Norte;Abalroamento Longitudinal;1;1;2;;;;1
25/06/2015;06:36:00;96;sem vítima;297,79998779296875;BR-116/RJ;Pista Norte;Choque em objeto fixo;1;1;;;;;1
26/06/2015;04:21:00;58;sem vítima;53,54999923706055;BR-116/SP;Pista Sul;Atropelamento de Animal;1;1;;;;;1
26/06/2015;17:49:00;580;sem vítima;162,5;BR-116/SP;Pista Norte;Colisão Traseira;1;4;;;;;1
26/06/2015;16:02:00;509;com vítima;167,39999389648438;BR-116/RJ;Pista Norte;Colisão Traseira;2;1;1;;1;;2
26/06/2015;05:10:00;71;sem vítima;172;BR-116/RJ;Pista Norte;Engavetamento;1;4;;;;;1
26/06/2015;08:01:00;194;com vítima;182;BR-116/SP;Pista Norte;Colisão Traseira;1;4;2;;;;1
26/06/2015;05:41:00;81;sem vítima;211,3000030517578;BR-116/SP;Pista Sul;Abalroamento Longitudinal;1;2;;;;;1
26/06/2015;21:53:00;729;sem vítima;227,6999969482422;BR-116/SP;Pista Norte;Engavetamento;1;4;;;;;1
26/06/2015;03:18:00;45;sem vítima;228,6999969482422;BR-116/SP;Pista Norte;Colisão Traseira;1;2;;;;;1
26/06/2015;03:25:00;46;sem vítima;318,8999938964844;BR-116/RJ;Pista Norte;Engavetamento;2;3;;;;;1
27/06/2015;20:46:00;561;sem vítima;62,900001525878906;BR-116/SP;Pista Sul;Colisão Traseira;1;4;;;;;1
27/06/2015;07:32:00;153;sem vítima;145,8000030517578;BR-116/SP;Pista Sul;Colisão Traseira;1;3;;;;;1
27/06/2015;08:49:00;200;sem vítima;183,39999389648438;BR-116/RJ;Pista Sul;Abalroamento Longitudinal;1;2;;;;;1
27/06/2015;11:52:00;302;sem vítima;214,6999969482422;BR-116/SP;Pista Sul;Abalroamento Longitudinal;1;2;;;;;1
27/06/2015;10:35:00;260;com vítima;301,3999938964844;BR-116/RJ;Pista Sul;Colisão Traseira;1;1;1;;;;1
28/06/2015;22:21:00;550;com vítima;165,75;BR-116/RJ;Pista Norte;Tombamento;1;0;1;;;;1
28/06/2015;14:08:00;295;sem vítima;214;BR-116/SP;Pista Sul;Colisão Traseira;1;2;;;;;1
28/06/2015;16:03:00;358;com vítima;216,3000030517578;BR-116/SP;Pista Norte;Atropelamento de Pedestre Atravessando;1;10;;;1;;2
28/06/2015;14:21:00;302;sem vítima;218,6999969482422;BR-116/SP;Pista Sul;Abalroamento Longitudinal;1;4;;;;;1
28/06/2015;13:43:00;285;com vítima;222,5500030517578;BR-116/SP;Pista Norte;Colisão Traseira;1;1;;;3;1;3
28/06/2015;23:29:00;579;sem vítima;227,6999969482422;BR-116/SP;Pista Sul;Choque em veículo parado na pista;1;3;;;;;1
28/06/2015;18:10:00;443;com vítima;238;BR-116/RJ;Pista Sul;Colisão Traseira;1;6;1;;;;1
28/06/2015;20:02:00;506;sem vítima;310,70001220703125;BR-116/RJ;Pista Norte;Abalroamento Longitudinal;1;3;;;;;1
29/06/2015;14:15:00;451;com vítima;130,89999389648438;BR-116/SP;Pista Sul;Colisão Traseira;1;1;1;;;;1
29/06/2015;10:59:00;343;sem vítima;171,60000610351562;BR-116/RJ;Pista Norte;Colisão Traseira;1;3;;;;;1
29/06/2015;04:52:00;80;com vítima;171,6999969482422;BR-116/RJ;Pista Norte;Colisão Traseira;2;1;;1;;;2
29/06/2015;16:52:00;546;sem vítima;205;BR-116/SP;Pista Sul;Abalroamento Longitudinal;1;2;;;;;1
29/06/2015;13:48:00;432;sem vítima;214,6999969482422;BR-116/SP;Pista Sul;Choque em objeto na pista;1;1;;;;;1
29/06/2015;16:37:00;538;com vítima;215,8000030517578;BR-116/SP;Pista Norte;Colisão Traseira;1;3;1;;;;1
29/06/2015;19:30:00;655;com vítima;225,4499969482422;BR-116/SP;Pista Norte;Colisão Traseira;1;4;;;;1;3
29/06/2015;17:52:00;587;sem vítima;307,70001220703125;BR-116/RJ;Pista Norte;Engavetamento;2;4;;;;;1
30/06/2015;22:58:00;733;com vítima;58,22999954223633;BR-116/SP;Pista Sul;Choque em objeto fixo;1;0;;;;1;3
30/06/2015;17:42:00;562;sem vítima;86,94999694824219;BR-116/SP;Pista Sul;Choque em veículo parado na pista;1;35;;;;;1
30/06/2015;15:17:00;479;sem vítima;89;BR-116/SP;Pista Norte;Choque em objeto fixo;1;1;;;;;1
30/06/2015;07:21:00;146;sem vítima;146,8000030517578;BR-116/SP;Pista Norte;Engavetamento;2;3;;;;;1
30/06/2015;19:44:00;640;sem vítima;183,1999969482422;BR-116/RJ;Pista Norte;Choque em Barreira New Jersey;1;2;;;;;1
30/06/2015;18:39:00;600;sem vítima;183,8000030517578;BR-116/RJ;Pista Norte;Engavetamento;1;8;;;;;1
30/06/2015;07:30:00;158;com vítima;219,89999389648438;BR-116/SP;Pista Sul;Colisão Traseira;1;1;1;;;;1
30/06/2015;11:18:00;343;sem vítima;273,1000061035156;BR-116/RJ;Pista Norte;Colisão Traseira;1;2;;;;;1
30/06/2015;21:52:00;700;sem vítima;279,6000061035156;BR-116/RJ;Pista Norte;Choque em objeto na pista;1;1;;;;;1
30/06/2015;14:31:00;454;sem vítima;318,8999938964844;BR-116/RJ;Pista Norte;Colisão Traseira;2;2;;;;;1
01/07/2015;12:41:00;372;sem vítima;198;BR-116/RJ;Pista Sul;Colisão Traseira;1;2;;;;;1
01/07/2015;19:05:00;590;sem vítima;206,3000030517578;BR-116/RJ;Pista Norte;Abalroamento Longitudinal;1;2;;;;;1
01/07/2015;01:53:00;33;sem vítima;236,5;BR-116/RJ;Pista Norte;Colisão Traseira;2;2;;;;;1
01/07/2015;07:19:00;133;sem vítima;267,3999938964844;BR-116/RJ;Pista Sul;Colisão Traseira;1;1;;;;;1
01/07/2015;03:50:00;51;sem vítima;332,75;BR-116/RJ;Pista Norte;Tombamento;1;1;;;;;1
02/07/2015;02:05:00;34;sem vítima;24,350000381469727;BR-116/SP;Pista Sul;Tombamento;1;1;;;;;1
02/07/2015;23:36:00;789;sem vítima;151;BR-116/SP;Pista Sul;Abalroamento Longitudinal;1;3;;;;;1
02/07/2015;23:48:00;792;sem vítima;165,1999969482422;BR-116/SP;Pista Norte;Colisão Traseira;1;35;;;;;1
02/07/2015;10:49:00;322;sem vítima;165,35000610351562;BR-116/SP;Pista Sul;Colisão Traseira;1;37;;;;;1
02/07/2015;07:44:00;162;sem vítima;178,3000030517578;BR-116/RJ;Pista Sul;Abalroamento Longitudinal;2;4;;;;;1
02/07/2015;18:27:00;626;sem vítima;223,89999389648438;BR-116/SP;Pista Norte;Abalroamento Longitudinal;1;3;;;;;1
02/07/2015;11:30:00;339;sem vítima;226,10000610351562;BR-116/SP;Pista Sul;Abalroamento Longitudinal;1;2;;;;;1
02/07/2015;11:01:00;325;sem vítima;227,5;BR-116/SP;Pista Norte;Colisão Traseira;1;2;;;;;1
02/07/2015;07:21:00;132;com vítima;256,79998779296875;BR-116/RJ;Pista Sul;Capotamento;1;1;1;;;;1
03/07/2015;07:44:00;182;sem vítima;114,69999694824219;BR-116/SP;Pista Sul;Abalroamento Longitudinal;1;2;;;;;1
03/07/2015;20:04:00;718;sem vítima;167,10000610351562;BR-116/RJ;Pista Norte;Choque em Barreira New Jersey;1;2;;;;;1
03/07/2015;07:01:00;135;sem vítima;167,5;BR-116/SP;Pista Norte;Choque em objeto fixo;1;1;;;;;1
03/07/2015;03:36:00;51;sem vítima;191,10000610351562;BR-116/RJ;Pista Norte;Atropelamento de Animal;1;1;;;;;1
03/07/2015;08:15:00;216;com vítima;219,1999969482422;BR-116/RJ;Pista Norte;Tombamento;1;0;;1;;;2
03/07/2015;09:01:00;263;sem vítima;220,3000030517578;BR-116/SP;Pista Sul;Abalroamento Longitudinal;1;2;;;;;1
03/07/2015;07:27:00;164;com vítima;225,5;BR-116/SP;Pista Norte;Atropelamento de Pedestre Atravessando;1;1;1;;1;;2
04/07/2015;17:33:00;518;sem vítima;165,1999969482422;BR-116/SP;Pista Sul;Colisão Traseira;1;4;;;;;1
04/07/2015;16:49:00;493;sem vítima;225;BR-116/SP;Pista Sul;Abalroamento Longitudinal;1;2;;;;;1
04/07/2015;11:00:00;293;com vítima;309,5;BR-116/RJ;Pista Sul;Engavetamento;1;2;;2;;;2
05/07/2015;17:37:00;403;sem vítima;88,5999984741211;BR-116/SP;Pista Norte;Abalroamento Longitudinal;1;3;;;;;1
05/07/2015;18:52:00;439;sem vítima;168,39999389648438;BR-116/RJ;Pista Norte;Choque em veículo parado na pista;1;2;;;;;1
06/07/2015;19:03:00;595;sem vítima;56,900001525878906;BR-116/SP;Pista Norte;Choque em objeto fixo;1;2;;;;;1
06/07/2015;10:46:00;306;sem vítima;212,1999969482422;BR-116/SP;Pista Norte;Choque em Barreira New Jersey;1;2;;;;;1
06/07/2015;14:03:00;408;sem vítima;220,60000610351562;BR-116/SP;Pista Norte;Abalroamento Longitudinal;1;4;;;;;1
07/07/2015;11:34:00;341;com vítima;165,1999969482422;BR-116/SP;Pista Norte;Engavetamento;1;4;1;;;;1
07/07/2015;23:27:00;711;sem vítima;165,1999969482422;BR-116/SP;Pista Norte;Colisão Traseira;2;2;;;;;1
07/07/2015;09:57:00;268;com vítima;167,39999389648438;BR-116/RJ;Pista Norte;Engavetamento;1;4;1;;;;1
07/07/2015;17:41:00;538;sem vítima;179,3000030517578;BR-116/RJ;Pista Norte;Abalroamento Longitudinal;1;2;;;;;1
07/07/2015;18:29:00;575;sem vítima;215,25;BR-116/SP;Pista Sul;Choque em Defensa;1;2;;;;;1
07/07/2015;10:28:00;293;sem vítima;217,5;BR-116/RJ;Pista Norte;Colisão Traseira;2;2;;;;;1
07/07/2015;11:14:00;323;com vítima;217,6999969482422;BR-116/SP;Pista Sul;Colisão Traseira;2;2;1;;;;1
07/07/2015;18:20:00;562;sem vítima;229,9499969482422;BR-116/SP;Pista Sul;Choque em Defensa;1;1;;;;;1
07/07/2015;12:05:00;360;sem vítima;231;BR-116/SP;Pista Sul;Colisão Traseira;1;4;;;;;1
07/07/2015;18:22:00;565;sem vítima;250,1999969482422;BR-116/RJ;Pista Sul;Choque em objeto na pista;1;4;;;;;1
08/07/2015;00:14:00;16;com vítima;21,799999237060547;BR-116/SP;Pista Norte;Choque em objeto na pista;1;1;1;;;;1
08/07/2015;20:55:00;721;com vítima;176,89999389648438;BR-116/RJ;Pista Sul;Colisão Traseira;1;5;1;;;;1
08/07/2015;14:11:00;453;com vítima;179,8000030517578;BR-116/RJ;Pista Sul;Colisão Traseira;1;1;1;;;;1
08/07/2015;15:00:00;484;sem vítima;181,3000030517578;BR-116/RJ;Pista Norte;Engavetamento;1;4;;;;;1
08/07/2015;18:28:00;630;sem vítima;187,1999969482422;BR-116/RJ;Pista Sul;Colisão Traseira;1;2;;;;;1
08/07/2015;16:59:00;573;sem vítima;223,89999389648438;BR-116/RJ;Pista Norte;Tombamento;1;1;;;;;1
08/07/2015;10:52:00;337;sem vítima;302;BR-116/RJ;Pista Sul;Colisão Traseira;1;2;;;;;1
09/07/2015;03:04:00;58;sem vítima;93,75;BR-116/SP;Pista Norte;Atropelamento de Animal;1;1;;;;;1
09/07/2015;11:08:00;326;sem vítima;123;BR-116/SP;Pista Norte;Colisão Traseira;2;2;;;;;1
09/07/2015;13:21:00;415;sem vítima;174,89999389648438;BR-116/RJ;Pista Norte;Outros;1;2;;;;;1
09/07/2015;18:06:00;598;com vítima;176,6999969482422;BR-116/RJ;Pista Sul;Colisão Traseira;1;1;1;;;;1
09/07/2015;10:22:00;306;sem vítima;179,39999389648438;BR-116/RJ;Pista Norte;Abalroamento Longitudinal;1;2;;;;;1
09/07/2015;00:06:00;12;sem vítima;180,39999389648438;BR-116/SP;Pista Sul;Choque em objeto na pista;1;12;;;;;1
09/07/2015;19:42:00;652;sem vítima;203,39999389648438;BR-116/RJ;Pista Norte;Colisão Traseira;1;2;;;;;1
09/07/2015;05:13:00;78;sem vítima;286,79998779296875;BR-116/RJ;Pista Norte;Choque em objeto na pista;1;1;;;;;1
10/07/2015;08:35:00;197;com vítima;125,80000305175781;BR-116/SP;Pista Sul;Engavetamento;2;3;2;;;;1
10/07/2015;11:27:00;346;sem vítima;176,1999969482422;BR-116/RJ;Pista Sul;Abalroamento Longitudinal;1;2;;;;;1
10/07/2015;16:40:00;524;sem vítima;204,5;BR-116/SP;Pista Norte;Choque em objeto fixo;1;1;;;;;1
10/07/2015;00:16:00;13;com vítima;230,8000030517578;BR-116/SP;Pista Sul;Colisão Traseira;1;1;2;;;;1
10/07/2015;16:14:00;506;sem vítima;274,3999938964844;BR-116/RJ;Pista Sul;Abalroamento Longitudinal;1;2;;;;;1
10/07/2015;01:09:00;25;com vítima;324,3999938964844;BR-116/RJ;Pista Sul;Abalroamento Longitudinal;1;4;1;1;;;2
11/07/2015;17:09:00;504;sem vítima;144,39999389648438;BR-116/SP;Pista Norte;Choque em veículo parado na pista;1;3;;;;;1
11/07/2015;20:10:00;594;sem vítima;166,1999969482422;BR-116/RJ;Pista Sul;Colisão Traseira;1;2;;;;;1
12/07/2015;06:39:00;103;sem vítima;15,5;BR-116/SP;Pista Sul;Atropelamento de Animal;1;1;;;;;1
12/07/2015;22:04:00;666;sem vítima;149,49000549316406;BR-116/SP;Pista Sul;Abalroamento Longitudinal;1;5;;;;;1
13/07/2015;17:49:00;673;sem vítima;176,10000610351562;BR-116/RJ;Pista Sul;Abalroamento Longitudinal;1;4;;;;;1
13/07/2015;09:28:00;302;sem vítima;179,9499969482422;BR-116/RJ;Pista Norte;Colisão Traseira;1;51;;;;;1
13/07/2015;20:03:00;778;sem vítima;180,39999389648438;BR-116/RJ;Pista Norte;Colisão Traseira;2;6;;;;;1
13/07/2015;04:54:00;95;sem vítima;217;BR-116/SP;Pista Sul;Colisão Traseira;1;3;;;;;1
13/07/2015;15:44:00;575;sem vítima;219,6999969482422;BR-116/RJ;Pista Sul;Abalroamento Longitudinal;1;3;;;;;1
13/07/2015;04:24:00;83;sem vítima;234;BR-116/RJ;Pista Norte;Choque em objeto na pista;1;1;;;;;1
13/07/2015;14:17:00;512;sem vítima;277,6000061035156;BR-116/RJ;Pista Sul;Abalroamento Longitudinal;1;2;;;;;1
14/07/2015;21:20:00;740;com vítima;29,600000381469727;BR-116/SP;Pista Sul;Choque em veículo parado na pista;2;1;;1;;;2
14/07/2015;11:38:00;374;com vítima;110;BR-116/SP;Pista Norte;Abalroamento Longitudinal;1;1;1;;;;1
14/07/2015;04:24:00;66;sem vítima;158,4499969482422;BR-116/SP;Pista Norte;Choque em Defensa;1;1;;;;;1
14/07/2015;16:11:00;564;com vítima;184,60000610351562;BR-116/RJ;Pista Sul;Atropelamento de Pedestre Atravessando;1;1;;;1;;2
14/07/2015;10:06:00;304;sem vítima;209,5;BR-116/RJ;Pista Norte;Abalroamento Longitudinal;1;2;;;;;1
14/07/2015;01:29:00;36;sem vítima;222,60000610351562;BR-116/RJ;Pista Norte;Tombamento;1;1;;;;;1
14/07/2015;17:40:00;624;sem vítima;227;BR-116/RJ;Pista Norte;Abalroamento Longitudinal;2;2;;;;;1
14/07/2015;17:48:00;632;sem vítima;227;BR-116/RJ;Pista Norte;Abalroamento Longitudinal;1;2;;;;;1
15/07/2015;01:34:00;26;sem vítima;63,099998474121094;BR-116/SP;Pista Norte;Choque em objeto na pista;2;4;;;;;1
15/07/2015;19:01:00;628;sem vítima;65,9000015258789;BR-116/SP;Pista Norte;Choque em Barreira New Jersey;1;2;;;;;1
15/07/2015;16:42:00;541;com vítima;174;BR-116/RJ;Pista Sul;Engavetamento;1;10;5;;;;1
15/07/2015;13:26:00;410;sem vítima;184,3000030517578;BR-116/SP;Pista Norte;Choque em Defensa;1;1;;;;;1
15/07/2015;12:47:00;385;sem vítima;211,60000610351562;BR-116/SP;Pista Sul;Colisão Traseira;1;2;;;;;1
15/07/2015;20:53:00;690;sem vítima;223,60000610351562;BR-116/SP;Pista Norte;Abalroamento Longitudinal;1;4;;;;;1
16/07/2015;01:54:00;43;sem vítima;45,29999923706055;BR-116/SP;Pista Norte;Choque em objeto fixo;1;2;;;;;1
16/07/2015;15:10:00;540;sem vítima;86,94999694824219;BR-116/SP;Pista Norte;Colisão Traseira;1;2;;;;;1
16/07/2015;02:42:00;53;com vítima;109,30000305175781;BR-116/SP;Pista Sul;Atropelamento de Animal;1;1;1;;;;1
16/07/2015;09:28:00;283;com vítima;117,19999694824219;BR-116/SP;Pista Sul;Colisão Traseira;1;2;1;;;;1
16/07/2015;06:13:00;98;com vítima;163;BR-116/RJ;Pista Sul;Colisão Traseira;1;2;1;;;;1
16/07/2015;16:14:00;583;sem vítima;164,5;BR-116/RJ;Pista Sul;Engavetamento;1;37;;;;;1
16/07/2015;06:50:00;112;sem vítima;193;BR-116/RJ;Pista Norte;Abalroamento Longitudinal;1;2;;;;;1
16/07/2015;17:22:00;627;sem vítima;221,1300048828125;BR-116/RJ;Pista Sul;Colisão Traseira;1;4;;;;;1
16/07/2015;16:15:00;584;sem vítima;221,6999969482422;BR-116/RJ;Pista Sul;Colisão Traseira;2;2;;;;;1
16/07/2015;06:40:00;109;sem vítima;223,39999389648438;BR-116/RJ;Pista Sul;Colisão Traseira;1;2;;;;;1
16/07/2015;03:42:00;63;sem vítima;236,1999969482422;BR-116/RJ;Pista Norte;Colisão Traseira;2;2;;;;;1
16/07/2015;10:48:00;359;sem vítima;270,8999938964844;BR-116/RJ;Pista Sul;Colisão Traseira;1;2;;;;;1
17/07/2015;12:25:00;408;sem vítima;52,79999923706055;BR-116/SP;Pista Sul;Choque em Barreira New Jersey;1;2;;;;;1
17/07/2015;20:04:00;713;com vítima;82;BR-116/SP;Pista Norte;Atropelamento de Pedestre Atravessando;1;2;;;;1;3
17/07/2015;01:14:00;27;com vítima;99,0199966430664;BR-116/SP;Pista Sul;Colisão Traseira;2;2;;1;;;2
17/07/2015;18:15:00;643;com vítima;134,60000610351562;BR-116/SP;Pista Sul;Engavetamento;1;2;1;;;;1
17/07/2015;03:20:00;62;sem vítima;147,97999572753906;BR-116/SP;Pista Norte;Colisão Traseira;1;2;;;;;1
17/07/2015;06:07:00;104;sem vítima;161;BR-116/SP;Pista Sul;Colisão Traseira;1;2;;;;;1
17/07/2015;15:25:00;521;sem vítima;191;BR-116/RJ;Pista Sul;Abalroamento Longitudinal;1;2;;;;;1
17/07/2015;14:10:00;471;sem vítima;207;BR-116/RJ;Pista Sul;Abalroamento Longitudinal;1;5;;;;;1
17/07/2015;08:24:00;246;sem vítima;219;BR-116/SP;Pista Norte;Choque em Barreira New Jersey;1;1;;;;;1
17/07/2015;16:17:00;558;sem vítima;288,29998779296875;BR-116/RJ;Pista Norte;Choque em objeto na pista;1;5;;;;;1
18/07/2015;01:37:00;45;sem vítima;79,9000015258789;BR-116/SP;Pista Norte;Atropelamento de Animal;1;1;;;;;1
18/07/2015;02:19:00;54;sem vítima;121,19999694824219;BR-116/SP;Pista Norte;Choque em objeto na pista;1;1;;;;;1
18/07/2015;00:43:00;28;sem vítima;136,10000610351562;BR-116/SP;Pista Sul;Colisão Traseira;1;2;;;;;1
18/07/2015;12:59:00;339;sem vítima;285,29998779296875;BR-116/RJ;Pista Norte;Choque em objeto fixo;1;1;;;;;1
18/07/2015;23:59:00;677;com vítima;298;BR-116/RJ;Pista Norte;Colisão Traseira;1;1;2;;;;1
19/07/2015;19:43:00;599;com vítima;73,6500015258789;BR-116/SP;Pista Norte;Atropelamento de Pedestre Atravessando;1;1;;;;1;3
19/07/2015;08:58:00;185;sem vítima;95,30000305175781;BR-116/SP;Pista Norte;Engavetamento;1;18;;;;;1
19/07/2015;05:54:00;95;sem vítima;180,3000030517578;BR-116/SP;Pista Sul;Abalroamento Longitudinal;1;4;;;;;1
19/07/2015;22:33:00;680;sem vítima;273,70001220703125;BR-116/RJ;Pista Norte;Choque em veículo parado na pista;1;2;;;;;1
19/07/2015;00:14:00;10;sem vítima;276,70001220703125;BR-116/RJ;Pista Norte;Colisão Traseira;1;2;;;;;1
19/07/2015;16:15:00;455;com vítima;327,0799865722656;BR-116/RJ;Pista Norte;Colisão Traseira;1;2;2;;;;1
20/07/2015;21:28:00;723;sem vítima;151,8000030517578;BR-116/SP;Pista Norte;Abalroamento Longitudinal;2;2;;;;;1
20/07/2015;23:49:00;789;sem vítima;165,1999969482422;BR-116/SP;Pista Norte;Colisão Traseira;1;6;;;;;1
20/07/2015;16:18:00;512;sem vítima;192,6999969482422;BR-116/RJ;Pista Sul;Abalroamento Longitudinal;1;2;;;;;1
20/07/2015;07:48:00;158;sem vítima;218,5;BR-116/SP;Pista Sul;Colisão Traseira;1;2;;;;;1
20/07/2015;08:22:00;198;sem vítima;223,85000610351562;BR-116/RJ;Pista Norte;Capotamento;1;1;;;;;1
21/07/2015;03:28:00;54;sem vítima;71,30000305175781;BR-116/SP;Pista Norte;Abalroamento Longitudinal;1;7;;;;;1
21/07/2015;14:30:00;440;com vítima;178;BR-116/RJ;Pista Sul;Engavetamento;1;3;2;;;;1
21/07/2015;02:35:00;44;sem vítima;197,3000030517578;BR-116/SP;Pista Sul;Colisão Traseira;1;2;;;;;1
21/07/2015;15:33:00;479;com vítima;198;BR-116/RJ;Pista Norte;Colisão Traseira;1;1;1;;;;1
21/07/2015;16:28:00;511;sem vítima;224,5;BR-116/SP;Pista Sul;Colisão Traseira;1;4;;;;;1
21/07/2015;00:23:00;14;sem vítima;226,39999389648438;BR-116/SP;Pista Norte;Choque em objeto na pista;1;11;;;;;1
21/07/2015;15:51:00;487;sem vítima;269,5;BR-116/RJ;Pista Sul;Tombamento;1;1;;;;;1
21/07/2015;18:44:00;590;sem vítima;276,5;BR-116/RJ;Pista Norte;Choque em objeto na pista;1;2;;;;;1
21/07/2015;18:24:00;576;sem vítima;286,9599914550781;BR-116/RJ;Pista Norte;Choque em objeto na pista;2;2;;;;;1
22/07/2015;07:27:00;127;sem vítima;212,60000610351562;BR-116/SP;Pista Sul;Choque em Defensa;1;1;;;;;1
22/07/2015;10:57:00;322;com vítima;213,60000610351562;BR-116/RJ;Pista Sul;Queda de ribanceira;1;0;1;;;;1
22/07/2015;15:28:00;481;sem vítima;219,1999969482422;BR-116/RJ;Pista Norte;Tombamento;2;2;;;;;1
23/07/2015;16:08:00;520;com vítima;58,29999923706055;BR-116/SP;Pista Norte;Atropelamento de Pedestre Atravessando;1;1;1;;;;1