data;horario;n_da_ocorrencia;tipo_de_ocorrencia;km;trecho;sentido;tipo_de_acidente;caminhao;ilesos;levemente_feridos;moderadamente_feridos;gravemente_feridos;mortos;3
23/07/2015;23:18:00;735;sem vítima;61,75;BR-116/SP;Pista Sul;Colisão Traseira;1;3;;;;;1
23/07/2015;09:27:00;252;sem vítima;179,39999389648438;BR-116/RJ;Pista Norte;Abalroamento Longitudinal;1;3;;;;;1
23/07/2015;05:04:00;78;sem vítima;220,3000030517578;BR-116/RJ;Pista Sul;Abalroamento Longitudinal;2;2;;;;;1
24/07/2015;02:39:00;44;sem vítima;45,54999923706055;BR-116/SP;Pista Norte;Colisão Traseira;2;2;;;;;1
24/07/2015;00:09:00;6;sem vítima;129,8000030517578;BR-116/SP;Pista Norte;Colisão Traseira;1;2;;;;;1
24/07/2015;18:21:00;593;sem vítima;135,2899932861328;BR-116/SP;Pista Sul;Colisão Traseira;1;7;;;;;1
24/07/2015;19:48:00;648;sem vítima;169,8000030517578;BR-116/SP;Pista Sul;Abalroamento Longitudinal;1;2;;;;;1
24/07/2015;21:23:00;702;sem vítima;177,85000610351562;BR-116/SP;Pista Norte;Outros;1;1;;;;;1
24/07/2015;11:50:00;339;sem vítima;209,8000030517578;BR-116/SP;Pista Sul;Abalroamento Longitudinal;2;2;;;;;1
24/07/2015;17:01:00;529;sem vítima;215,5;BR-116/RJ;Pista Sul;Colisão Traseira;1;2;;;;;1
24/07/2015;13:01:00;383;com vítima;220,3000030517578;BR-116/RJ;Pista Sul;Capotamento;1;0;;;;1;3
24/07/2015;19:37:00;641;com vítima;224;BR-116/RJ;Pista Norte;Choque Talude;1;0;1;;;;1
24/07/2015;03:50:00;51;sem vítima;229;BR-116/SP;Pista Sul;Abalroamento Longitudinal;1;6;;;;;1
24/07/2015;02:43:00;46;sem vítima;250;BR-116/RJ;Pista Norte;Choque em objeto na pista;1;1;;;;;1
24/07/2015;05:39:00;77;sem vítima;263,70001220703125;BR-116/RJ;Pista Norte;Tombamento;1;1;;;;;1
24/07/2015;21:58:00;716;sem vítima;299,29998779296875;BR-116/RJ;Pista Norte;Abalroamento Longitudinal;2;3;;;;;1
25/07/2015;12:54:00;300;sem vítima;26,399999618530273;BR-116/SP;Pista Sul;Choque em Barreira New Jersey;1;2;;;;;1
25/07/2015;12:54:00;301;sem vítima;27,5;BR-116/SP;Pista Sul;Engavetamento;2;11;;;;;1
25/07/2015;00:37:00;25;com vítima;94,80000305175781;BR-116/SP;Pista Sul;Queda de ribanceira;1;0;2;;;;1
25/07/2015;11:44:00;261;sem vítima;175,35000610351562;BR-116/RJ;Pista Sul;Colisão Traseira;1;2;;;;;1
25/07/2015;18:01:00;451;sem vítima;223,39999389648438;BR-116/SP;Pista Norte;Abalroamento Longitudinal;1;2;;;;;1
25/07/2015;07:55:00;141;com vítima;273,1499938964844;BR-116/RJ;Pista Sul;Colisão Traseira;1;1;;;1;;2
25/07/2015;10:01:00;216;com vítima;300,29998779296875;BR-116/RJ;Pista Sul;Choque em Defensa;1;4;1;;;;1
26/07/2015;07:23:00;123;sem vítima;226,10000610351562;BR-116/RJ;Pista Norte;Choque em objeto fixo;1;1;;;;;1
26/07/2015;21:36:00;577;com vítima;318,79998779296875;BR-116/RJ;Pista Norte;Colisão Traseira;2;1;;1;;;2
27/07/2015;13:14:00;378;sem vítima;34,400001525878906;BR-116/SP;Pista Sul;Abalroamento Longitudinal;2;2;;;;;1
27/07/2015;15:07:00;441;sem vítima;35,70000076293945;BR-116/SP;Pista Sul;Abalroamento Longitudinal;1;7;;;;;1
27/07/2015;10:50:00;297;sem vítima;121,9000015258789;BR-116/SP;Pista Norte;Colisão Traseira;1;3;;;;;1
27/07/2015;13:26:00;388;sem vítima;165,1999969482422;BR-116/SP;Pista Norte;Colisão Traseira;1;34;;;;;1
27/07/2015;12:56:00;362;sem vítima;219,1999969482422;BR-116/SP;Pista Norte;Colisão Traseira;1;5;;;;;1
27/07/2015;03:58:00;64;sem vítima;226,6999969482422;BR-116/SP;Pista Norte;Colisão Traseira;1;2;;;;;1
27/07/2015;04:14:00;67;sem vítima;226,6999969482422;BR-116/SP;Pista Norte;Choque em veículo parado na pista;2;2;;;;;1
28/07/2015;15:55:00;523;sem vítima;165,3000030517578;BR-116/RJ;Pista Sul;Abalroamento Longitudinal;1;2;;;;;1
28/07/2015;15:35:00;507;sem vítima;182,3000030517578;BR-116/SP;Pista Norte;Choque em Barreira New Jersey;1;1;;;;;1
28/07/2015;10:31:00;304;sem vítima;204,5;BR-116/SP;Pista Sul;Colisão Traseira;1;2;;;;;1
28/07/2015;13:13:00;419;sem vítima;271;BR-116/RJ;Pista Sul;Colisão Traseira;1;2;;;;;1
29/07/2015;11:55:00;379;sem vítima;38,599998474121094;BR-116/SP;Pista Norte;Choque em objeto na pista;1;4;;;;;1
29/07/2015;07:55:00;155;sem vítima;62,79999923706055;BR-116/SP;Pista Norte;Colisão Traseira;2;3;;;;;1
29/07/2015;17:06:00;572;sem vítima;65,4000015258789;BR-116/SP;Pista Sul;Colisão Traseira;1;2;;;;;1
29/07/2015;10:46:00;326;sem vítima;102;BR-116/SP;Pista Sul;Choque em objeto na pista;1;4;;;;;1
29/07/2015;20:24:00;681;sem vítima;171;BR-116/RJ;Pista Norte;Engavetamento;1;6;;;;;1
29/07/2015;12:15:00;391;sem vítima;198;BR-116/RJ;Pista Sul;Tombamento;1;1;;;;;1
29/07/2015;11:50:00;373;com vítima;229,89999389648438;BR-116/SP;Pista Norte;Abalroamento Longitudinal;1;3;1;;;;1
29/07/2015;14:40:00;490;sem vítima;269,1000061035156;BR-116/RJ;Pista Norte;Abalroamento Longitudinal;1;2;;;;;1
29/07/2015;07:06:00;110;com vítima;274,29998779296875;BR-116/RJ;Pista Norte;Colisão Traseira;1;1;1;;;;1
29/07/2015;10:12:00;295;com vítima;285,5;BR-116/RJ;Pista Sul;Queda de ribanceira;1;0;;1;;;2
30/07/2015;22:30:00;737;sem vítima;3,5999999046325684;BR-116/SP;Pista Sul;Colisão Traseira;2;2;;;;;1
30/07/2015;09:39:00;276;sem vítima;86,94999694824219;BR-116/SP;Pista Sul;Choque em objeto fixo;1;1;;;;;1
30/07/2015;15:56:00;500;sem vítima;169,10000610351562;BR-116/RJ;Pista Norte;Engavetamento;1;3;;;;;1
30/07/2015;20:10:00;649;sem vítima;207,10000610351562;BR-116/RJ;Pista Sul;Colisão Traseira;1;2;;;;;1
30/07/2015;10:18:00;303;sem vítima;223,39999389648438;BR-116/RJ;Pista Norte;Outros;1;1;;;;;1
30/07/2015;14:27:00;444;sem vítima;226,60000610351562;BR-116/SP;Pista Norte;Choque em Defensa;1;2;;;;;1
30/07/2015;10:36:00;317;sem vítima;227,39999389648438;BR-116/SP;Pista Sul;Abalroamento Longitudinal;1;3;;;;;1
30/07/2015;21:17:00;689;sem vítima;318,8999938964844;BR-116/RJ;Pista Norte;Abalroamento Longitudinal;1;2;;;;;1
31/07/2015;23:48:00;828;sem vítima;31,850000381469727;BR-116/SP;Pista Sul;Atropelamento de Animal;1;1;;;;;1
31/07/2015;09:50:00;298;sem vítima;93,44999694824219;BR-116/SP;Pista Norte;Tombamento;1;2;;;;;1
31/07/2015;14:56:00;513;sem vítima;116;BR-116/SP;Pista Sul;Abalroamento Longitudinal;1;3;;;;;1
31/07/2015;14:59:00;520;sem vítima;163,3000030517578;BR-116/RJ;Pista Sul;Abalroamento Longitudinal;1;2;;;;;1
31/07/2015;19:21:00;700;sem vítima;176,3000030517578;BR-116/RJ;Pista Sul;Abalroamento Longitudinal;1;3;;;;;1
31/07/2015;23:40:00;822;com vítima;203,39999389648438;BR-116/SP;Pista Sul;Colisão Traseira;2;1;;1;;;2
31/07/2015;13:52:00;460;sem vítima;219;BR-116/SP;Pista Norte;Colisão Traseira;1;3;;;;;1
31/07/2015;22:41:00;796;sem vítima;221,39999389648438;BR-116/RJ;Pista Sul;Choque em objeto fixo;1;2;;;;;1
31/07/2015;10:36:00;328;sem vítima;223;BR-116/SP;Pista Norte;Colisão Traseira;2;2;;;;;1
31/07/2015;19:06:00;693;sem vítima;224;BR-116/SP;Pista Norte;Engavetamento;1;4;;;;;1
31/07/2015;20:13:00;730;sem vítima;224,6999969482422;BR-116/RJ;Pista Norte;Abalroamento Longitudinal;1;2;;;;;1
31/07/2015;18:14:00;655;sem vítima;257;BR-116/RJ;Pista Sul;Colisão Traseira;2;2;;;;;1
01/08/2015;03:11:00;72;sem vítima;78,5999984741211;BR-116/SP;Pista Norte;Choque em objeto na pista;1;33;;;;;1
01/08/2015;00:05:00;13;com vítima;88,0999984741211;BR-116/SP;Pista Norte;Engavetamento;2;14;1;;;2;3
01/08/2015;17:24:00;539;sem vítima;154,89999389648438;BR-116/SP;Pista Norte;Abalroamento Longitudinal;1;4;;;;;1
01/08/2015;00:47:00;38;com vítima;323,3500061035156;BR-116/RJ;Pista Norte;Abalroamento Longitudinal;1;1;3;1;1;;2
03/08/2015;16:34:00;527;sem vítima;165,39999389648438;BR-116/RJ;Pista Sul;Colisão Traseira;1;31;;;;;1
03/08/2015;13:54:00;403;sem vítima;177,60000610351562;BR-116/RJ;Pista Sul;Engavetamento;4;4;;;;;1
03/08/2015;19:40:00;648;sem vítima;226,3000030517578;BR-116/SP;Pista Norte;Abalroamento Longitudinal;1;2;;;;;1
03/08/2015;03:10:00;48;sem vítima;319,70001220703125;BR-116/RJ;Pista Sul;Colisão Traseira;2;2;;;;;1
04/08/2015;06:13:00;89;sem vítima;86,94999694824219;BR-116/SP;Pista Sul;Colisão Traseira;2;2;;;;;1
04/08/2015;19:09:00;627;com vítima;114,77999877929688;BR-116/SP;Pista Norte;Atropelamento de Pedestre Atravessando;1;2;;;;1;3
04/08/2015;06:46:00;103;sem vítima;165;BR-116/RJ;Pista Sul;Colisão Traseira;2;2;;;;;1
04/08/2015;23:02:00;721;com vítima;165,1999969482422;BR-116/SP;Pista Norte;Colisão Traseira;2;1;1;;;;1
04/08/2015;00:33:00;18;sem vítima;182,3000030517578;BR-116/SP;Pista Norte;Colisão Traseira;1;2;;;;;1
04/08/2015;04:36:00;65;sem vítima;202,35000610351562;BR-116/SP;Pista Norte;Choque em objeto na pista;1;2;;;;;1
04/08/2015;08:08:00;176;sem vítima;217,10000610351562;BR-116/SP;Pista Norte;Engavetamento;1;4;;;;;1
04/08/2015;08:35:00;205;sem vítima;277,79998779296875;BR-116/RJ;Pista Sul;Abalroamento Longitudinal;1;2;;;;;1
04/08/2015;05:54:00;80;sem vítima;300,1000061035156;BR-116/RJ;Pista Norte;Choque em objeto na pista;2;2;;;;;1
04/08/2015;19:39:00;642;sem vítima;302,70001220703125;BR-116/RJ;Pista Norte;Abalroamento Longitudinal;1;5;;;;;1
05/08/2015;07:52:00;173;sem vítima;138,5;BR-116/SP;Pista Sul;Colisão Traseira;1;2;;;;;1
05/08/2015;08:09:00;200;com vítima;146;BR-116/SP;Pista Sul;Abalroamento Longitudinal;1;2;1;;;;1
05/08/2015;03:40:00;56;com vítima;167,1999969482422;BR-116/RJ;Pista Norte;Engavetamento;1;2;1;;;;1
05/08/2015;15:08:00;530;sem vítima;221;BR-116/SP;Pista Norte;Colisão Traseira;1;3;;;;;1
05/08/2015;00:01:00;9;com vítima;222,1999969482422;BR-116/SP;Pista Norte;Colisão Traseira;1;1;;1;;;2
05/08/2015;03:27:00;50;com vítima;248,10000610351562;BR-116/RJ;Pista Norte;Choque em veículo parado na pista;2;2;2;;;;1
05/08/2015;18:34:00;666;sem vítima;259,29998779296875;BR-116/RJ;Pista Sul;Choque em objeto na pista;1;1;;;;;1
06/08/2015;19:24:00;673;sem vítima;16,600000381469727;BR-116/SP;Pista Sul;Choque em objeto na pista;1;2;;;;;1
06/08/2015;05:17:00;78;com vítima;172,39999389648438;BR-116/RJ;Pista Norte;Engavetamento;3;14;4;2;2;1;3
06/08/2015;02:47:00;48;com vítima;199,39999389648438;BR-116/RJ;Pista Sul;Colisão Traseira;2;1;1;;;;1
06/08/2015;04:38:00;64;sem vítima;226,1999969482422;BR-116/SP;Pista Sul;Abalroamento Longitudinal;1;3;;;;;1
06/08/2015;22:00:00;749;sem vítima;269;BR-116/RJ;Pista Sul;Abalroamento Longitudinal;1;5;;;;;1
06/08/2015;13:30:00;461;com vítima;274,7799987792969;BR-116/RJ;Pista Norte;Colisão Traseira;2;5;2;1;;;2
06/08/2015;20:42:00;708;sem vítima;276;BR-116/RJ;Pista Sul;Colisão Traseira;2;2;;;;;1
06/08/2015;14:27:00;494;com vítima;277,1000061035156;BR-116/RJ;Pista Sul;Colisão Traseira;2;1;;;1;;2
06/08/2015;15:01:00;509;com vítima;280,75;BR-116/RJ;Pista Norte;Colisão Traseira;2;1;1;;;;1
06/08/2015;07:44:00;172;sem vítima;312,8999938964844;BR-116/RJ;Pista Sul;Abalroamento Longitudinal;1;2;;;;;1
07/08/2015;03:34:00;68;com vítima;99,30000305175781;BR-116/SP;Pista Norte;Colisão Traseira;1;1;;;1;1;3
07/08/2015;09:01:00;248;sem vítima;175,6999969482422;BR-116/SP;Pista Sul;Colisão Traseira;1;2;;;;;1
07/08/2015;23:03:00;811;sem vítima;176,1999969482422;BR-116/RJ;Pista Sul;Colisão Traseira;1;3;;;;;1
07/08/2015;18:11:00;640;com vítima;183,8000030517578;BR-116/RJ;Pista Norte;Colisão Traseira;2;1;1;;;;1
07/08/2015;21:04:00;759;sem vítima;198,1999969482422;BR-116/SP;Pista Norte;Abalroamento Longitudinal;1;3;;;;;1
07/08/2015;19:57:00;712;sem vítima;207,1999969482422;BR-116/RJ;Pista Sul;Colisão Traseira;1;3;;;;;1
07/08/2015;10:10:00;306;com vítima;227,89999389648438;BR-116/RJ;Pista Norte;Tombamento;1;0;;1;;;2
08/08/2015;07:47:00;174;com vítima;173;BR-116/RJ;Pista Sul;Abalroamento Longitudinal;1;1;1;;;;1
08/08/2015;10:16:00;273;sem vítima;227;BR-116/SP;Pista Sul;Abalroamento Longitudinal;1;2;;;;;1
09/08/2015;18:28:00;422;sem vítima;110,30000305175781;BR-116/SP;Pista Norte;Colisão Traseira;1;5;;;;;1
10/08/2015;14:59:00;502;sem vítima;65,55000305175781;BR-116/SP;Pista Sul;Engavetamento;5;5;;;;;1
10/08/2015;16:16:00;564;com vítima;117,80000305175781;BR-116/SP;Pista Norte;Colisão Traseira;1;4;1;;;;1
10/08/2015;21:59:00;754;sem vítima;127,69999694824219;BR-116/SP;Pista Sul;Abalroamento Longitudinal;1;2;;;;;1
10/08/2015;09:28:00;287;sem vítima;180,39999389648438;BR-116/RJ;Pista Norte;Colisão Traseira;1;3;;;;;1
10/08/2015;09:59:00;312;sem vítima;228,1999969482422;BR-116/SP;Pista Sul;Colisão Traseira;1;3;;;;;1
11/08/2015;22:02:00;700;com vítima;106,9000015258789;BR-116/SP;Pista Sul;Choque em objeto na pista;2;2;1;;;;1
11/08/2015;18:00:00;566;sem vítima;176,1999969482422;BR-116/RJ;Pista Sul;Colisão Traseira;1;2;;;;;1
11/08/2015;16:04:00;478;com vítima;184,6999969482422;BR-116/RJ;Pista Sul;Abalroamento Longitudinal;1;3;1;;;;1
11/08/2015;07:10:00;120;sem vítima;265,20001220703125;BR-116/RJ;Pista Sul;Abalroamento Longitudinal;1;3;;;;;1
12/08/2015;01:28:00;29;sem vítima;21,299999237060547;BR-116/SP;Pista Norte;Colisão Traseira;2;3;;;;;1
12/08/2015;09:16:00;239;sem vítima;95,9000015258789;BR-116/SP;Pista Norte;Colisão Traseira;1;2;;;;;1
12/08/2015;10:27:00;292;com vítima;116,19999694824219;BR-116/SP;Pista Norte;Atropelamento de Pedestre Caminhando;1;1;;;;1;3
12/08/2015;12:23:00;365;sem vítima;122,80000305175781;BR-116/SP;Pista Norte;Colisão Traseira;2;2;;;;;1
12/08/2015;00:39:00;16;sem vítima;259,5;BR-116/RJ;Pista Norte;Tombamento;1;1;;;;;1
13/08/2015;14:34:00;458;sem vítima;56,900001525878906;BR-116/SP;Pista Sul;Colisão Traseira;1;2;;;;;1
13/08/2015;15:26:00;492;sem vítima;207,10000610351562;BR-116/RJ;Pista Sul;Colisão Traseira;1;2;;;;;1
13/08/2015;14:16:00;450;sem vítima;215,10000610351562;BR-116/RJ;Pista Sul;Choque em objeto na pista;1;2;;;;;1
13/08/2015;07:08:00;132;sem vítima;215,10000610351562;BR-116/SP;Pista Sul;Engavetamento;1;4;;;;;1
13/08/2015;11:54:00;368;sem vítima;265,5;BR-116/RJ;Pista Sul;Abalroamento Longitudinal;2;2;;;;;1
13/08/2015;13:42:00;429;com vítima;273,29998779296875;BR-116/RJ;Pista Sul;Tombamento;1;4;;2;2;;2
14/08/2015;07:08:00;130;sem vítima;165,14999389648438;BR-116/SP;Pista Sul;Engavetamento;1;3;;;;;1
14/08/2015;16:23:00;575;sem vítima;165,8000030517578;BR-116/RJ;Pista Sul;Colisão Traseira;1;3;;;;;1
14/08/2015;07:15:00;133;com vítima;211,1999969482422;BR-116/SP;Pista Sul;Colisão Traseira;1;2;1;;;;1
14/08/2015;10:18:00;323;sem vítima;211,89999389648438;BR-116/SP;Pista Sul;Capotamento;1;3;;;;;1
14/08/2015;04:28:00;72;sem vítima;278,17999267578125;BR-116/RJ;Pista Norte;Colisão Traseira;1;2;;;;;1
14/08/2015;00:32:00;19;sem vítima;297,95001220703125;BR-116/RJ;Pista Norte;Choque em objeto na pista;1;3;;;;;1
15/08/2015;17:56:00;501;com vítima;50,70000076293945;BR-116/SP;Pista Sul;Queda de moto;1;1;;2;;;2
15/08/2015;01:38:00;37;com vítima;104,30000305175781;BR-116/SP;Pista Norte;Engavetamento;1;6;;1;;;2
15/08/2015;02:59:00;57;com vítima;139,3000030517578;BR-116/SP;Pista Norte;Abalroamento Longitudinal;2;3;1;;;;1
15/08/2015;10:27:00;265;com vítima;298,6499938964844;BR-116/RJ;Pista Sul;Abalroamento Longitudinal;1;1;;1;;;2
16/08/2015;18:31:00;546;sem vítima;209;BR-116/RJ;Pista Sul;Choque em Barreira New Jersey;1;6;;;;;1
16/08/2015;12:10:00;298;sem vítima;272,79998779296875;BR-116/RJ;Pista Sul;Outros;1;1;;;;;1
17/08/2015;04:21:00;59;sem vítima;106,0999984741211;BR-116/SP;Pista Norte;Choque em objeto na pista;1;2;;;;;1
17/08/2015;11:33:00;351;sem vítima;164;BR-116/RJ;Pista Norte;Abalroamento Longitudinal;1;4;;;;;1
17/08/2015;08:19:00;192;sem vítima;180,1999969482422;BR-116/RJ;Pista Norte;Engavetamento;2;6;;;;;1
17/08/2015;05:34:00;75;sem vítima;237;BR-116/RJ;Pista Norte;Colisão Traseira;2;2;;;;;1
17/08/2015;14:53:00;456;com vítima;266,1000061035156;BR-116/RJ;Pista Sul;Abalroamento Longitudinal;1;1;1;;;;1
17/08/2015;01:38:00;32;sem vítima;318,8999938964844;BR-116/RJ;Pista Norte;Colisão Traseira;1;5;;;;;1
18/08/2015;21:32:00;697;com vítima;51,900001525878906;BR-116/SP;Pista Sul;Colisão Traseira;1;4;1;;;;1
18/08/2015;02:04:00;40;sem vítima;64,9000015258789;BR-116/SP;Pista Norte;Choque em objeto na pista;1;2;;;;;1
18/08/2015;09:35:00;291;com vítima;65,9000015258789;BR-116/SP;Pista Norte;Abalroamento Longitudinal;1;1;2;;;;1
18/08/2015;08:17:00;216;sem vítima;171;BR-116/RJ;Pista Norte;Abalroamento Longitudinal;1;2;;;;;1
18/08/2015;05:10:00;79;com vítima;177,1999969482422;BR-116/RJ;Pista Norte;Abalroamento Longitudinal;1;3;1;;;;1
18/08/2015;14:05:00;442;sem vítima;177,5;BR-116/RJ;Pista Sul;Engavetamento;1;3;;;;;1
18/08/2015;19:08:00;634;sem vítima;211;BR-116/RJ;Pista Norte;Choque em objeto na pista;1;4;;;;;1
18/08/2015;09:51:00;301;sem vítima;220,3000030517578;BR-116/RJ;Pista Sul;Queda de Carga;1;1;;;;;1
18/08/2015;08:55:00;251;sem vítima;220,39999389648438;BR-116/RJ;Pista Norte;Tombamento;1;1;;;;;1
18/08/2015;12:59:00;401;com vítima;222,39999389648438;BR-116/SP;Pista Norte;Abalroamento Longitudinal;1;1;;1;;;2
18/08/2015;19:01:00;630;com vítima;230;BR-116/SP;Pista Norte;Engavetamento;1;3;1;;;;1
18/08/2015;21:40:00;705;sem vítima;234,5;BR-116/RJ;Pista Norte;Colisão Traseira;2;2;;;;;1
18/08/2015;04:42:00;74;sem vítima;257,20001220703125;BR-116/RJ;Pista Sul;Choque em Barreira New Jersey;1;1;;;;;1
18/08/2015;03:06:00;47;com vítima;265,54998779296875;BR-116/RJ;Pista Norte;Colisão Traseira;2;1;;1;;;2
19/08/2015;01:41:00;32;sem vítima;67,44999694824219;BR-116/SP;Pista Sul;Choque em objeto na pista;2;2;;;;;1
19/08/2015;19:18:00;705;com vítima;122,5999984741211;BR-116/SP;Pista Norte;Engavetamento;1;2;1;;;;1
19/08/2015;08:15:00;205;sem vítima;139;BR-116/SP;Pista Sul;Colisão Traseira;1;3;;;;;1
19/08/2015;08:54:00;247;sem vítima;140,10000610351562;BR-116/SP;Pista Sul;Colisão Traseira;2;2;;;;;1
19/08/2015;02:18:00;45;sem vítima;178,3300018310547;BR-116/RJ;Pista Sul;Colisão Traseira;1;2;;;;;1
19/08/2015;00:23:00;12;sem vítima;253,6999969482422;BR-116/RJ;Pista Norte;Choque em Barreira New Jersey;1;3;;;;;1
19/08/2015;23:52:00;811;com vítima;260,3999938964844;BR-116/RJ;Pista Norte;Choque em veículo parado na pista;1;1;1;;;;1
19/08/2015;21:45:00;767;com vítima;275,54998779296875;BR-116/RJ;Pista Sul;Colisão Traseira;1;3;;1;;;2
19/08/2015;21:28:00;760;com vítima;275,79998779296875;BR-116/RJ;Pista Sul;Colisão Traseira;1;9;7;4;2;;2
20/08/2015;16:13:00;537;sem vítima;165,1999969482422;BR-116/SP;Pista Sul;Colisão Traseira;1;17;;;;;1
20/08/2015;03:28:00;44;sem vítima;178,5;BR-116/RJ;Pista Sul;Outros;3;3;;;;;1
20/08/2015;10:01:00;300;com vítima;184,10000610351562;BR-116/RJ;Pista Norte;Abalroamento Longitudinal;1;2;1;1;;;2
20/08/2015;08:30:00;223;sem vítima;189,89999389648438;BR-116/SP;Pista Sul;Choque em objeto na pista;1;7;;;;;1
20/08/2015;08:24:00;213;com vítima;220,27999877929688;BR-116/RJ;Pista Sul;Tombamento;1;0;1;;;;1
20/08/2015;15:12:00;507;sem vítima;325,6400146484375;BR-116/RJ;Pista Sul;Colisão Traseira;1;2;;;;;1
21/08/2015;19:56:00;639;sem vítima;58,5;BR-116/SP;Pista Norte;Queda de Carga;1;1;;;;;1
21/08/2015;04:03:00;59;sem vítima;85,4000015258789;BR-116/SP;Pista Norte;Colisão Traseira;1;2;;;;;1
21/08/2015;10:22:00;305;sem vítima;107,05000305175781;BR-116/SP;Pista Sul;Colisão Traseira;1;2;;;;;1
21/08/2015;18:54:00;607;sem vítima;147,10000610351562;BR-116/SP;Pista Norte;Abalroamento Longitudinal;1;3;;;;;1
21/08/2015;20:19:00;646;sem vítima;158,3000030517578;BR-116/SP;Pista Sul;Abalroamento Longitudinal;1;3;;;;;1
21/08/2015;08:35:00;229;com vítima;165,1999969482422;BR-116/RJ;Pista Norte;Colisão Traseira;1;2;1;;;;1
21/08/2015;08:01:00;184;sem vítima;219,10000610351562;BR-116/SP;Pista Norte;Abalroamento Longitudinal;1;2;;;;;1
21/08/2015;07:22:00;143;sem vítima;220,1999969482422;BR-116/SP;Pista Sul;Colisão Traseira;1;3;;;;;1
21/08/2015;21:09:00;669;com vítima;224,8000030517578;BR-116/SP;Pista Norte;Choque em veículo parado na pista;1;2;;;;1;3
21/08/2015;21:59:00;701;com vítima;230;BR-116/SP;Pista Norte;Abalroamento Longitudinal;1;20;7;1;1;;2
21/08/2015;18:35:00;596;sem vítima;270,20001220703125;BR-116/RJ;Pista Norte;Abalroamento Longitudinal;1;2;;;;;1
21/08/2015;13:21:00;409;com vítima;292,6000061035156;BR-116/RJ;Pista Norte;Capotamento;1;0;1;;;;1
23/08/2015;23:51:00;645;com vítima;90,3499984741211;BR-116/SP;Pista Norte;Colisão Traseira;1;1;1;;;;1
23/08/2015;18:51:00;511;com vítima;187,6999969482422;BR-116/RJ;Pista Norte;Engavetamento;1;12;4;;;;1
23/08/2015;13:00:00;282;com vítima;274,29998779296875;BR-116/RJ;Pista Norte;Colisão Traseira;1;1;1;;;;1
23/08/2015;23:32:00;642;sem vítima;316,6000061035156;BR-116/RJ;Pista Sul;Colisão Traseira;2;2;;;;;1
24/08/2015;05:41:00;91;sem vítima;196,8000030517578;BR-116/SP;Pista Sul;Tombamento;1;1;;;;;1
24/08/2015;15:43:00;530;sem vítima;205,8000030517578;BR-116/RJ;Pista Sul;Choque em objeto fixo;1;1;;;;;1
24/08/2015;18:39:00;655;com vítima;215;BR-116/SP;Pista Sul;Abalroamento Longitudinal;1;3;1;;;;1
24/08/2015;21:38:00;732;sem vítima;227;BR-116/RJ;Pista Norte;Choque em objeto fixo;1;1;;;;;1
24/08/2015;08:45:00;240;sem vítima;255,35000610351562;BR-116/RJ;Pista Sul;Abalroamento Longitudinal;2;2;;;;;1
25/08/2015;16:35:00;503;sem vítima;17,200000762939453;BR-116/SP;Pista Sul;Choque em Barreira New Jersey;1;1;;;;;1
25/08/2015;05:47:00;87;sem vítima;127,80000305175781;BR-116/SP;Pista Sul;Engavetamento;1;7;;;;;1
25/08/2015;15:41:00;478;sem vítima;173,5;BR-116/SP;Pista Sul;Abalroamento Longitudinal;1;3;;;;;1
25/08/2015;17:33:00;535;sem vítima;178,3000030517578;BR-116/SP;Pista Sul;Tombamento;1;1;;;;;1
25/08/2015;18:17:00;559;sem vítima;180;BR-116/SP;Pista Norte;Abalroamento Longitudinal;1;2;;;;;1
25/08/2015;15:59:00;487;sem vítima;207,10000610351562;BR-116/RJ;Pista Sul;Colisão Traseira;1;2;;;;;1
25/08/2015;12:41:00;362;sem vítima;218,4499969482422;BR-116/RJ;Pista Sul;Abalroamento Longitudinal;1;2;;;;;1
25/08/2015;09:14:00;240;sem vítima;223,8000030517578;BR-116/RJ;Pista Norte;Queda de Carga;1;1;;;;;1
25/08/2015;20:46:00;631;com vítima;243,5;BR-116/RJ;Pista Norte;Colisão Traseira;1;1;;1;;;2
25/08/2015;20:09:00;617;com vítima;244,47999572753906;BR-116/RJ;Pista Norte;Colisão Traseira;1;1;1;1;;;2