data;horario;n_da_ocorrencia;tipo_de_ocorrencia;km;trecho;sentido;tipo_de_acidente;caminhao;ilesos;levemente_feridos;moderadamente_feridos;gravemente_feridos;mortos;3
25/08/2015;13:32:00;395;sem vítima;261,6000061035156;BR-116/RJ;Pista Sul;Choque em Defensa;1;2;;;;;1
25/08/2015;03:07:00;46;com vítima;278,8999938964844;BR-116/RJ;Pista Norte;Colisão Traseira;2;1;1;;;;1
25/08/2015;17:40:00;538;com vítima;285,5299987792969;BR-116/RJ;Pista Sul;Choque em Defensa;1;2;;1;;;2
25/08/2015;18:03:00;553;sem vítima;305,29998779296875;BR-116/RJ;Pista Sul;Colisão Traseira;1;2;;;;;1
26/08/2015;04:05:00;67;com vítima;60,900001525878906;BR-116/SP;Pista Sul;Colisão Traseira;1;1;1;;;;1
26/08/2015;08:42:00;228;sem vítima;86,94999694824219;BR-116/SP;Pista Sul;Colisão Traseira;2;3;;;;;1
26/08/2015;17:41:00;571;com vítima;86,94999694824219;BR-116/SP;Pista Sul;Colisão Traseira;1;2;1;;;;1
26/08/2015;14:13:00;461;sem vítima;167,3000030517578;BR-116/SP;Pista Norte;Abalroamento Longitudinal;1;2;;;;;1
26/08/2015;15:42:00;496;sem vítima;220,10000610351562;BR-116/SP;Pista Norte;Outros;1;1;;;;;1
27/08/2015;14:47:00;485;sem vítima;227,47999572753906;BR-116/RJ;Pista Sul;Choque em Defensa;1;1;;;;;1
27/08/2015;09:04:00;276;sem vítima;278,95001220703125;BR-116/RJ;Pista Sul;Abalroamento Longitudinal;1;2;;;;;1
27/08/2015;08:54:00;269;sem vítima;282;BR-116/RJ;Pista Sul;Colisão Traseira;2;2;;;;;1
28/08/2015;02:37:00;53;com vítima;2,9000000953674316;BR-116/SP;Pista Norte;Colisão Traseira;2;1;2;;;;1
28/08/2015;18:01:00;630;sem vítima;156;BR-116/SP;Pista Norte;Abalroamento Longitudinal;1;3;;;;;1
28/08/2015;21:25:00;741;sem vítima;193,10000610351562;BR-116/RJ;Pista Norte;Choque em objeto na pista;3;15;;;;;1
28/08/2015;06:45:00;122;sem vítima;213,1999969482422;BR-116/RJ;Pista Norte;Choque Talude;1;1;;;;;1
28/08/2015;08:59:00;256;sem vítima;227,9499969482422;BR-116/RJ;Pista Norte;Tombamento;1;1;;;;;1
28/08/2015;21:44:00;751;sem vítima;273,6000061035156;BR-116/RJ;Pista Sul;Abalroamento Longitudinal;1;2;;;;;1
29/08/2015;10:45:00;263;sem vítima;219;BR-116/SP;Pista Norte;Tombamento;1;1;;;;;1
29/08/2015;20:10:00;565;sem vítima;231,1999969482422;BR-116/SP;Pista Norte;Abalroamento Longitudinal;1;2;;;;;1
29/08/2015;09:50:00;229;com vítima;309,1000061035156;BR-116/RJ;Pista Sul;Colisão Traseira;1;1;;1;;;2
30/08/2015;15:20:00;365;sem vítima;64,80000305175781;BR-116/SP;Pista Norte;Colisão Traseira;1;7;;;;;1
30/08/2015;15:06:00;356;sem vítima;204,5;BR-116/SP;Pista Norte;Colisão Traseira;1;2;;;;;1
30/08/2015;18:56:00;512;sem vítima;220;BR-116/RJ;Pista Norte;Colisão Traseira;1;5;;;;;1
30/08/2015;21:39:00;606;sem vítima;304,3999938964844;BR-116/RJ;Pista Norte;Choque em veículo parado na pista;1;2;;;;;1
31/08/2015;16:34:00;619;sem vítima;167,6999969482422;BR-116/RJ;Pista Sul;Engavetamento;1;9;;;;;1
31/08/2015;07:40:00;169;com vítima;169,8000030517578;BR-116/RJ;Pista Norte;Abalroamento Longitudinal;1;3;;2;;;2
31/08/2015;17:09:00;650;sem vítima;211,39999389648438;BR-116/SP;Pista Norte;Colisão Traseira;1;2;;;;;1
31/08/2015;09:52:00;305;sem vítima;220,5;BR-116/SP;Pista Norte;Abalroamento Longitudinal;1;2;;;;;1
31/08/2015;22:13:00;814;sem vítima;229;BR-116/SP;Pista Sul;Abalroamento Longitudinal;1;2;;;;;1
01/09/2015;08:47:00;272;sem vítima;133,1999969482422;BR-116/SP;Pista Norte;Abalroamento Longitudinal;2;2;;;;;1
01/09/2015;06:31:00;119;com vítima;167;BR-116/RJ;Pista Norte;Queda de moto;1;2;1;;;;1
01/09/2015;09:21:00;305;sem vítima;174,42999267578125;BR-116/RJ;Pista Norte;Abalroamento Longitudinal;1;2;;;;;1
01/09/2015;12:17:00;431;sem vítima;183,89999389648438;BR-116/RJ;Pista Sul;Colisão Traseira;1;3;;;;;1
01/09/2015;11:51:00;417;sem vítima;219,1999969482422;BR-116/RJ;Pista Norte;Abalroamento Longitudinal;1;2;;;;;1
01/09/2015;01:09:00;36;sem vítima;292,79998779296875;BR-116/RJ;Pista Norte;Colisão Traseira;2;3;;;;;1
02/09/2015;02:45:00;53;sem vítima;57,599998474121094;BR-116/SP;Pista Norte;Choque em objeto na pista;1;1;;;;;1
02/09/2015;01:42:00;40;sem vítima;165,1999969482422;BR-116/SP;Pista Sul;Choque em objeto fixo;1;3;;;;;1
02/09/2015;10:26:00;324;sem vítima;168,10000610351562;BR-116/SP;Pista Sul;Colisão Traseira;1;2;;;;;1
02/09/2015;09:13:00;269;sem vítima;168,6999969482422;BR-116/SP;Pista Norte;Colisão Traseira;1;2;;;;;1
02/09/2015;13:20:00;427;com vítima;244,60000610351562;BR-116/RJ;Pista Norte;Abalroamento Longitudinal;1;1;1;1;;;2
02/09/2015;11:49:00;374;sem vítima;264,5;BR-116/RJ;Pista Norte;Choque em objeto na pista;1;2;;;;;1
02/09/2015;04:10:00;73;com vítima;316,75;BR-116/RJ;Pista Sul;Colisão Traseira;2;1;1;;;;1
02/09/2015;21:08:00;691;sem vítima;318,3500061035156;BR-116/RJ;Pista Sul;Choque em Barreira New Jersey;1;1;;;;;1
03/09/2015;20:30:00;718;sem vítima;29,399999618530273;BR-116/SP;Pista Sul;Abalroamento Longitudinal;2;2;;;;;1
03/09/2015;01:59:00;43;com vítima;58,900001525878906;BR-116/SP;Pista Sul;Colisão Traseira;1;2;1;1;;;2
03/09/2015;20:21:00;712;sem vítima;86,94999694824219;BR-116/SP;Pista Sul;Colisão Traseira;2;2;;;;;1
03/09/2015;22:19:00;761;com vítima;94,19999694824219;BR-116/SP;Pista Norte;Queda de Carga;2;23;1;;;;1
03/09/2015;15:46:00;535;sem vítima;146;BR-116/SP;Pista Sul;Abalroamento Longitudinal;1;4;;;;;1
03/09/2015;05:56:00;99;sem vítima;177,3000030517578;BR-116/RJ;Pista Norte;Abalroamento Longitudinal;1;3;;;;;1
03/09/2015;11:01:00;374;sem vítima;182,3000030517578;BR-116/SP;Pista Norte;Colisão Traseira;1;2;;;;;1
03/09/2015;15:02:00;511;sem vítima;208,5;BR-116/RJ;Pista Norte;Colisão Traseira;2;2;;;;;1
03/09/2015;15:07:00;513;sem vítima;270;BR-116/RJ;Pista Sul;Colisão Traseira;1;2;;;;;1
04/09/2015;16:29:00;596;sem vítima;160,10000610351562;BR-116/SP;Pista Norte;Engavetamento;2;5;;;;;1
04/09/2015;17:03:00;622;sem vítima;170,39999389648438;BR-116/RJ;Pista Sul;Abalroamento Longitudinal;1;3;;;;;1
04/09/2015;15:30:00;545;sem vítima;178,5;BR-116/RJ;Pista Norte;Colisão Traseira;1;2;;;;;1
04/09/2015;10:13:00;329;sem vítima;230,3000030517578;BR-116/SP;Pista Sul;Colisão Traseira;2;2;;;;;1
04/09/2015;17:03:00;621;sem vítima;274,79998779296875;BR-116/RJ;Pista Sul;Abalroamento Longitudinal;1;6;;;;;1
04/09/2015;18:27:00;684;sem vítima;318,8999938964844;BR-116/RJ;Pista Sul;Colisão Traseira;1;5;;;;;1
05/09/2015;14:52:00;498;sem vítima;65,3499984741211;BR-116/SP;Pista Norte;Choque em Defensa;1;1;;;;;1
05/09/2015;01:02:00;28;sem vítima;180,39999389648438;BR-116/RJ;Pista Norte;Outros;1;5;;;;;1
05/09/2015;11:47:00;370;sem vítima;216,1999969482422;BR-116/SP;Pista Norte;Choque em veículo parado na pista;1;3;;;;;1
05/09/2015;12:33:00;399;sem vítima;226,3000030517578;BR-116/SP;Pista Norte;Choque em objeto na pista;1;8;;;;;1
05/09/2015;14:02:00;465;sem vítima;228,1999969482422;BR-116/RJ;Pista Norte;Choque Talude;1;1;;;;;1
05/09/2015;14:19:00;476;sem vítima;229,49000549316406;BR-116/SP;Pista Sul;Abalroamento Longitudinal;1;2;;;;;1
05/09/2015;06:57:00;147;sem vítima;231;BR-116/SP;Pista Sul;Abalroamento Longitudinal;1;2;;;;;1
06/09/2015;10:31:00;267;sem vítima;93,5;BR-116/SP;Pista Norte;Colisão Traseira;2;2;;;;;1
07/09/2015;19:42:00;595;sem vítima;29,200000762939453;BR-116/SP;Pista Norte;Colisão Traseira;1;41;;;;;1
07/09/2015;11:56:00;268;sem vítima;182,3000030517578;BR-116/SP;Pista Norte;Colisão Traseira;2;2;;;;;1
07/09/2015;20:59:00;641;sem vítima;207,10000610351562;BR-116/RJ;Pista Sul;Abalroamento Longitudinal;1;5;;;;;1
08/09/2015;23:54:00;762;sem vítima;164,6999969482422;BR-116/RJ;Pista Norte;Choque em objeto fixo;1;1;;;;;1
08/09/2015;01:16:00;36;sem vítima;172,60000610351562;BR-116/RJ;Pista Norte;Colisão Traseira;2;2;;;;;1
08/09/2015;23:50:00;759;sem vítima;198,6999969482422;BR-116/SP;Pista Norte;Outros;1;2;;;;;1
08/09/2015;16:19:00;551;sem vítima;219,22999572753906;BR-116/RJ;Pista Norte;Colisão Traseira;1;2;;;;;1
08/09/2015;07:15:00;162;sem vítima;222,8000030517578;BR-116/SP;Pista Norte;Choque em Barreira New Jersey;1;20;;;;;1
08/09/2015;16:56:00;570;sem vítima;227,39999389648438;BR-116/RJ;Pista Norte;Colisão Traseira;2;2;;;;;1
08/09/2015;12:55:00;420;sem vítima;239,5;BR-116/RJ;Pista Norte;Abalroamento Longitudinal;1;2;;;;;1
08/09/2015;16:42:00;567;sem vítima;272,29998779296875;BR-116/RJ;Pista Sul;Colisão Traseira;1;7;;;;;1
09/09/2015;05:52:00;98;sem vítima;61,400001525878906;BR-116/SP;Pista Norte;Colisão Traseira;2;2;;;;;1
09/09/2015;15:06:00;540;sem vítima;165;BR-116/SP;Pista Norte;Colisão Traseira;1;6;;;;;1
09/09/2015;09:17:00;298;sem vítima;211,10000610351562;BR-116/SP;Pista Norte;Choque em objeto fixo;1;1;;;;;1
09/09/2015;03:35:00;61;sem vítima;212,89999389648438;BR-116/RJ;Pista Sul;Choque em veículo parado na pista;2;2;;;;;1
09/09/2015;11:16:00;394;sem vítima;220,5;BR-116/SP;Pista Norte;Colisão Traseira;2;4;;;;;1
10/09/2015;15:42:00;550;sem vítima;65,5;BR-116/SP;Pista Norte;Abalroamento Longitudinal;1;2;;;;;1
10/09/2015;06:46:00;128;sem vítima;112,9000015258789;BR-116/SP;Pista Sul;Abalroamento Longitudinal;1;2;;;;;1
10/09/2015;05:52:00;99;sem vítima;165,1999969482422;BR-116/SP;Pista Sul;Colisão Traseira;1;3;;;;;1
10/09/2015;17:09:00;603;sem vítima;166,39999389648438;BR-116/RJ;Pista Sul;Abalroamento Longitudinal;1;4;;;;;1
10/09/2015;09:59:00;336;sem vítima;216,89999389648438;BR-116/SP;Pista Sul;Abalroamento Longitudinal;1;2;;;;;1
10/09/2015;22:26:00;786;sem vítima;333,1000061035156;BR-116/RJ;Pista Norte;Colisão Traseira;2;2;;;;;1
11/09/2015;02:07:00;42;com vítima;10,899999618530273;BR-116/SP;Pista Norte;Atropelamento de Pedestre Caminhando;1;2;;;;1;3
11/09/2015;21:28:00;720;sem vítima;102,0999984741211;BR-116/SP;Pista Norte;Colisão Traseira;1;31;;;;;1
11/09/2015;16:10:00;530;sem vítima;131,5;BR-116/SP;Pista Sul;Colisão Traseira;2;2;;;;;1
11/09/2015;01:41:00;39;sem vítima;179,89999389648438;BR-116/RJ;Pista Norte;Engavetamento;2;4;;;;;1
11/09/2015;10:31:00;319;sem vítima;180,10000610351562;BR-116/RJ;Pista Norte;Engavetamento;1;4;;;;;1
11/09/2015;15:55:00;522;sem vítima;209,5;BR-116/SP;Pista Norte;Colisão Traseira;2;2;;;;;1
11/09/2015;04:22:00;62;com vítima;314,8500061035156;BR-116/RJ;Pista Sul;Outros;1;0;;1;;;2
12/09/2015;13:47:00;404;sem vítima;39;BR-116/SP;Pista Norte;Abalroamento Longitudinal;1;2;;;;;1
12/09/2015;04:15:00;72;sem vítima;63,70000076293945;BR-116/SP;Pista Sul;Choque em Barreira New Jersey;1;1;;;;;1
12/09/2015;02:18:00;40;com vítima;121,9000015258789;BR-116/SP;Pista Norte;Colisão Traseira;1;2;2;;;;1
12/09/2015;19:14:00;560;sem vítima;129,8000030517578;BR-116/SP;Pista Norte;Choque em Defensa;1;1;;;;;1
12/09/2015;22:40:00;626;sem vítima;164,10000610351562;BR-116/RJ;Pista Norte;Choque em veículo parado na pista;1;2;;;;;1
12/09/2015;03:01:00;54;sem vítima;221,39999389648438;BR-116/RJ;Pista Sul;Tombamento;1;1;;;;;1
12/09/2015;10:20:00;276;sem vítima;230,39999389648438;BR-116/RJ;Pista Sul;Colisão Traseira;1;2;;;;;1
13/09/2015;05:19:00;68;sem vítima;84,9000015258789;BR-116/SP;Pista Sul;Choque em objeto fixo;1;1;;;;;1
14/09/2015;14:17:00;416;sem vítima;168,5;BR-116/RJ;Pista Norte;Engavetamento;1;5;;;;;1
14/09/2015;03:23:00;50;sem vítima;183,39999389648438;BR-116/SP;Pista Sul;Colisão Traseira;1;2;;;;;1
14/09/2015;05:05:00;68;sem vítima;218,60000610351562;BR-116/SP;Pista Sul;Tombamento;1;2;;;;;1
14/09/2015;14:04:00;407;sem vítima;227,3000030517578;BR-116/RJ;Pista Sul;Colisão Traseira;2;2;;;;;1
14/09/2015;06:47:00;107;sem vítima;270,79998779296875;BR-116/RJ;Pista Sul;Colisão Traseira;1;3;;;;;1
14/09/2015;10:09:00;268;com vítima;303,5199890136719;BR-116/RJ;Pista Norte;Engavetamento;1;1;1;1;;;2
15/09/2015;15:26:00;522;sem vítima;146,10000610351562;BR-116/SP;Pista Norte;Abalroamento Longitudinal;1;4;;;;;1
15/09/2015;15:45:00;532;sem vítima;170,39999389648438;BR-116/RJ;Pista Norte;Colisão Traseira;2;2;;;;;1
15/09/2015;12:14:00;396;sem vítima;210;BR-116/SP;Pista Sul;Abalroamento Longitudinal;1;2;;;;;1
15/09/2015;07:54:00;188;sem vítima;211;BR-116/SP;Pista Sul;Colisão Traseira;1;2;;;;;1
15/09/2015;14:17:00;469;sem vítima;214,89999389648438;BR-116/RJ;Pista Sul;Colisão Traseira;1;3;;;;;1
15/09/2015;09:04:00;266;sem vítima;227,39999389648438;BR-116/SP;Pista Sul;Colisão Traseira;2;3;;;;;1
15/09/2015;22:40:00;790;sem vítima;228;BR-116/SP;Pista Sul;Colisão Traseira;2;2;;;;;1
15/09/2015;10:20:00;327;sem vítima;229,6999969482422;BR-116/RJ;Pista Norte;Tombamento;1;1;;;;;1
15/09/2015;03:08:00;56;sem vítima;246,3000030517578;BR-116/RJ;Pista Norte;Colisão Traseira;1;2;;;;;1
15/09/2015;07:08:00;147;sem vítima;258,6000061035156;BR-116/RJ;Pista Norte;Choque em objeto na pista;1;16;;;;;1
16/09/2015;22:05:00;763;sem vítima;11,25;BR-116/SP;Pista Norte;Abalroamento Longitudinal;1;6;;;;;1
16/09/2015;08:16:00;215;com vítima;137,3000030517578;BR-116/SP;Pista Sul;Engavetamento;1;20;1;1;1;;2
16/09/2015;16:37:00;572;sem vítima;144,60000610351562;BR-116/SP;Pista Norte;Tombamento;1;3;;;;;1
16/09/2015;20:29:00;721;com vítima;168;BR-116/SP;Pista Norte;Abalroamento Longitudinal;1;2;1;;;;1
16/09/2015;14:31:00;480;com vítima;170,8000030517578;BR-116/RJ;Pista Sul;Abalroamento Longitudinal;1;2;;1;;;2
16/09/2015;15:47:00;539;sem vítima;180,8000030517578;BR-116/SP;Pista Sul;Colisão Traseira;1;3;;;;;1
16/09/2015;20:27:00;719;sem vítima;246,6999969482422;BR-116/RJ;Pista Sul;Queda de Carga;1;2;;;;;1
16/09/2015;04:50:00;71;sem vítima;265,7799987792969;BR-116/RJ;Pista Norte;Colisão Traseira;2;2;;;;;1
17/09/2015;15:25:00;561;sem vítima;3,0999999046325684;BR-116/SP;Pista Sul;Colisão Traseira;1;2;;;;;1
17/09/2015;23:01:00;864;com vítima;150,27999877929688;BR-116/SP;Pista Sul;Choque em Defensa;1;0;1;;;;1
17/09/2015;09:28:00;293;sem vítima;167,8000030517578;BR-116/RJ;Pista Norte;Abalroamento Longitudinal;1;2;;;;;1
17/09/2015;19:14:00;750;sem vítima;182,39999389648438;BR-116/SP;Pista Norte;Colisão Traseira;1;2;;;;;1
17/09/2015;02:05:00;49;sem vítima;202,60000610351562;BR-116/RJ;Pista Norte;Choque em objeto na pista;1;1;;;;;1
17/09/2015;09:03:00;276;sem vítima;225,1999969482422;BR-116/SP;Pista Sul;Colisão Traseira;1;5;;;;;1
17/09/2015;00:33:00;20;sem vítima;229,8000030517578;BR-116/SP;Pista Norte;Colisão Traseira;1;2;;;;;1
18/09/2015;06:50:00;144;com vítima;2,700000047683716;BR-116/SP;Pista Sul;Colisão Traseira;1;3;1;;;;1
18/09/2015;12:55:00;449;sem vítima;118;BR-116/SP;Pista Sul;Colisão Traseira;1;3;;;;;1
18/09/2015;17:05:00;678;sem vítima;165,1999969482422;BR-116/SP;Pista Norte;Colisão Traseira;2;2;;;;;1
18/09/2015;10:19:00;336;com vítima;167,3000030517578;BR-116/RJ;Pista Norte;Queda de moto;1;1;2;;;;1
18/09/2015;12:23:00;429;sem vítima;177,35000610351562;BR-116/SP;Pista Norte;Capotamento;1;3;;;;;1
18/09/2015;15:39:00;589;sem vítima;180,6999969482422;BR-116/RJ;Pista Norte;Engavetamento;3;6;;;;;1
18/09/2015;16:09:00;616;sem vítima;202,89999389648438;BR-116/SP;Pista Sul;Abalroamento Longitudinal;1;2;;;;;1
18/09/2015;08:59:00;270;com vítima;217,5;BR-116/SP;Pista Norte;Engavetamento;1;3;1;;;;1
18/09/2015;21:40:00;875;sem vítima;217,6999969482422;BR-116/RJ;Pista Sul;Abalroamento Longitudinal;1;4;;;;;1
18/09/2015;21:32:00;872;com vítima;225,85000610351562;BR-116/RJ;Pista Norte;Tombamento;1;0;2;;;;1
18/09/2015;18:05:00;726;sem vítima;227,7899932861328;BR-116/RJ;Pista Sul;Choque em Barreira New Jersey;1;1;;;;;1
18/09/2015;07:23:00;176;com vítima;228,3000030517578;BR-116/SP;Pista Norte;Colisão Traseira;1;2;1;;;;1
18/09/2015;03:53:00;53;sem vítima;241,1999969482422;BR-116/RJ;Pista Norte;Colisão Traseira;2;2;;;;;1
19/09/2015;00:09:00;15;com vítima;0,11999999731779099;BR-116/SP;Pista Sul;Abalroamento Longitudinal;1;1;2;;;;1
19/09/2015;00:12:00;16;sem vítima;20,68000030517578;BR-116/SP;Pista Sul;Choque em Defensa;1;6;;;;;1
19/09/2015;19:14:00;717;sem vítima;215,60000610351562;BR-116/SP;Pista Sul;Abalroamento Longitudinal;1;2;;;;;1
19/09/2015;11:05:00;358;sem vítima;225,5;BR-116/SP;Pista Norte;Colisão Traseira;1;2;;;;;1
19/09/2015;16:33:00;592;sem vítima;226,89999389648438;BR-116/RJ;Pista Norte;Abalroamento Longitudinal;1;2;;;;;1
19/09/2015;09:04:00;264;sem vítima;230,14999389648438;BR-116/RJ;Pista Norte;Abalroamento Longitudinal;1;3;;;;;1
20/09/2015;09:51:00;239;sem vítima;182,3000030517578;BR-116/SP;Pista Norte;Engavetamento;2;6;;;;;1
20/09/2015;23:07:00;717;com vítima;298,67999267578125;BR-116/RJ;Pista Sul;Colisão Traseira;1;1;1;1;;;2
20/09/2015;20:40:00;646;com vítima;326,5;BR-116/RJ;Pista Norte;Colisão Traseira;1;5;1;;;;1
21/09/2015;19:02:00;771;sem vítima;148,3000030517578;BR-116/SP;Pista Sul;Engavetamento;1;4;;;;;1
21/09/2015;09:40:00;347;sem vítima;165,6999969482422;BR-116/RJ;Pista Norte;Choque em objeto fixo;1;3;;;;;1
21/09/2015;07:21:00;192;sem vítima;177,89999389648438;BR-116/RJ;Pista Norte;Abalroamento Longitudinal;1;2;;;;;1
21/09/2015;11:06:00;428;com vítima;181,89999389648438;BR-116/RJ;Pista Norte;Engavetamento;1;3;1;;;;1
21/09/2015;04:19:00;98;sem vítima;192,89999389648438;BR-116/SP;Pista Norte;Colisão Traseira;2;4;;;;;1
21/09/2015;18:26:00;746;sem vítima;214,10000610351562;BR-116/SP;Pista Norte;Abalroamento Longitudinal;1;2;;;;;1
21/09/2015;07:48:00;222;com vítima;220;BR-116/SP;Pista Sul;Abalroamento Longitudinal;1;2;;1;;;2
22/09/2015;07:33:00;155;sem vítima;0,800000011920929;BR-116/SP;Pista Norte;Choque em objeto fixo;1;1;;;;;1
22/09/2015;00:21:00;18;com vítima;53,29999923706055;BR-116/SP;Pista Sul;Engavetamento;3;2;;;1;;2
22/09/2015;09:26:00;267;com vítima;136,5;BR-116/SP;Pista Sul;Engavetamento;3;3;1;;;;1
22/09/2015;13:03:00;432;com vítima;191,75;BR-116/SP;Pista Norte;Capotamento;2;1;1;;;;1
22/09/2015;10:02:00;301;sem vítima;208,10000610351562;BR-116/RJ;Pista Norte;Choque em Barreira New Jersey;1;2;;;;;1
23/09/2015;03:09:00;42;sem vítima;94,9000015258789;BR-116/SP;Pista Norte;Choque em objeto na pista;1;2;;;;;1
23/09/2015;05:50:00;74;com vítima;172,1999969482422;BR-116/SP;Pista Norte;Tombamento;1;0;1;;;;1
23/09/2015;07:13:00;132;sem vítima;176;BR-116/RJ;Pista Norte;Abalroamento Longitudinal;1;2;;;;;1
23/09/2015;11:51:00;415;sem vítima;178;BR-116/RJ;Pista Norte;Engavetamento;1;6;;;;;1
23/09/2015;15:54:00;598;sem vítima;187;BR-116/SP;Pista Norte;Abalroamento Longitudinal;1;4;;;;;1
23/09/2015;21:44:00;831;sem vítima;214,77999877929688;BR-116/SP;Pista Sul;Abalroamento Longitudinal;1;3;;;;;1
23/09/2015;15:52:00;597;com vítima;222,1999969482422;BR-116/SP;Pista Norte;Choque em Barreira New Jersey;1;0;1;;;;1
23/09/2015;22:55:00;869;com vítima;238,5500030517578;BR-116/RJ;Pista Sul;Tombamento;1;0;1;;;;1
23/09/2015;14:41:00;541;sem vítima;250;BR-116/RJ;Pista Sul;Abalroamento Longitudinal;1;2;;;;;1
24/09/2015;22:02:00;944;sem vítima;138,3000030517578;BR-116/SP;Pista Sul;Colisão Traseira;1;2;;;;;1
24/09/2015;13:17:00;517;com vítima;199,9499969482422;BR-116/SP;Pista Norte;Tombamento;1;0;1;;;;1
24/09/2015;11:41:00;456;sem vítima;213,5;BR-116/SP;Pista Sul;Colisão Traseira;1;4;;;;;1
24/09/2015;09:52:00;378;sem vítima;215;BR-116/SP;Pista Norte;Colisão Traseira;1;2;;;;;1
24/09/2015;19:00:00;820;sem vítima;218;BR-116/SP;Pista Norte;Colisão Traseira;1;2;;;;;1
24/09/2015;18:55:00;812;sem vítima;221;BR-116/SP;Pista Norte;Colisão Traseira;1;2;;;;;1
24/09/2015;06:02:00;137;sem vítima;257,20001220703125;BR-116/RJ;Pista Norte;Colisão Traseira;2;2;;;;;1
24/09/2015;11:17:00;437;sem vítima;316,5;BR-116/RJ;Pista Sul;Abalroamento Longitudinal;1;2;;;;;1
25/09/2015;13:03:00;507;sem vítima;66,5999984741211;BR-116/SP;Pista Sul;Choque em objeto na pista;1;1;;;;;1
25/09/2015;08:20:00;259;com vítima;72,5999984741211;BR-116/SP;Pista Sul;Abalroamento Longitudinal;1;1;;1;;;2
25/09/2015;18:44:00;798;com vítima;117,5999984741211;BR-116/SP;Pista Norte;Engavetamento;2;12;2;;;;1
25/09/2015;08:06:00;235;com vítima;144,6999969482422;BR-116/SP;Pista Sul;Queda de moto;1;4;;1;;;2
25/09/2015;15:03:00;610;sem vítima;159,10000610351562;BR-116/SP;Pista Norte;Choque em objeto fixo;1;1;;;;;1
25/09/2015;18:01:00;768;sem vítima;176;BR-116/RJ;Pista Sul;Abalroamento Longitudinal;1;2;;;;;1
25/09/2015;13:27:00;526;com vítima;200,5;BR-116/SP;Pista Norte;Tombamento;1;2;1;;;;1
25/09/2015;16:58:00;719;sem vítima;209,60000610351562;BR-116/SP;Pista Sul;Colisão Traseira;1;4;;;;;1
25/09/2015;15:03:00;609;sem vítima;223,8000030517578;BR-116/SP;Pista Sul;Colisão Traseira;1;3;;;;;1
25/09/2015;11:49:00;439;sem vítima;253,60000610351562;BR-116/RJ;Pista Norte;Choque em Barreira New Jersey;1;2;;;;;1
26/09/2015;03:19:00;62;sem vítima;216,60000610351562;BR-116/SP;Pista Sul;Choque em Barreira New Jersey;1;2;;;;;1
27/09/2015;12:48:00;290;sem vítima;145,8000030517578;BR-116/SP;Pista Norte;Abalroamento Longitudinal;1;2;;;;;1
27/09/2015;21:30:00;632;sem vítima;217,5;BR-116/RJ;Pista Norte;Colisão Traseira;1;5;;;;;1
27/09/2015;04:39:00;65;com vítima;224,6999969482422;BR-116/SP;Pista Norte;Colisão Traseira;1;6;2;;;;1
27/09/2015;13:01:00;300;sem vítima;227,5;BR-116/SP;Pista Norte;Abalroamento Longitudinal;1;2;;;;;1
28/09/2015;15:12:00;504;sem vítima;131,89999389648438;BR-116/SP;Pista Norte;Abalroamento Longitudinal;1;2;;;;;1
28/09/2015;06:17:00;97;sem vítima;207;BR-116/RJ;Pista Norte;Colisão Traseira;1;2;;;;;1
28/09/2015;09:15:00;284;sem vítima;226,5;BR-116/RJ;Pista Norte;Choque em objeto fixo;1;1;;;;;1
29/09/2015;10:39:00;329;sem vítima;107,05000305175781;BR-116/SP;Pista Sul;Abalroamento Longitudinal;1;2;;;;;1
29/09/2015;14:49:00;479;sem vítima;109,0999984741211;BR-116/SP;Pista Norte;Engavetamento;1;6;;;;;1
29/09/2015;22:16:00;714;sem vítima;116,5999984741211;BR-116/SP;Pista Norte;Abalroamento Longitudinal;1;3;;;;;1
29/09/2015;11:32:00;365;sem vítima;128,10000610351562;BR-116/SP;Pista Sul;Choque em objeto na pista;1;2;;;;;1
29/09/2015;03:49:00;71;com vítima;193,8000030517578;BR-116/RJ;Pista Norte;Colisão Traseira;1;24;8;2;1;;2
29/09/2015;13:34:00;432;com vítima;204,89999389648438;BR-116/RJ;Pista Norte;Choque em Defensa;1;0;1;;;;1