data;horario;n_da_ocorrencia;tipo_de_ocorrencia;km;trecho;sentido;tipo_de_acidente;caminhao;ilesos;levemente_feridos;moderadamente_feridos;gravemente_feridos;mortos;3
29/09/2015;17:26:00;564;sem vítima;207,10000610351562;BR-116/RJ;Pista Norte;Engavetamento;2;3;;;;;1
29/09/2015;18:11:00;593;sem vítima;225,8000030517578;BR-116/SP;Pista Sul;Choque em Defensa;1;1;;;;;1
29/09/2015;17:08:00;550;sem vítima;282,6000061035156;BR-116/RJ;Pista Sul;Choque Talude;1;1;;;;;1
29/09/2015;23:21:00;740;sem vítima;301,79998779296875;BR-116/RJ;Pista Norte;Abalroamento Longitudinal;1;29;;;;;1
29/09/2015;13:21:00;422;sem vítima;310,70001220703125;BR-116/RJ;Pista Sul;Choque em objeto na pista;1;2;;;;;1
30/09/2015;19:28:00;729;sem vítima;0,800000011920929;BR-116/SP;Pista Norte;Abalroamento Longitudinal;2;3;;;;;1
30/09/2015;07:53:00;211;sem vítima;1,100000023841858;BR-116/SP;Pista Sul;Choque em Barreira New Jersey;1;2;;;;;1
30/09/2015;09:40:00;322;sem vítima;154,5;BR-116/SP;Pista Sul;Abalroamento Longitudinal;1;3;;;;;1
30/09/2015;18:35:00;697;sem vítima;162,25;BR-116/SP;Pista Norte;Queda de ribanceira;1;1;;;;;1
30/09/2015;06:00:00;100;com vítima;180,5;BR-116/RJ;Pista Norte;Abalroamento Longitudinal;1;1;2;;;;1
30/09/2015;11:33:00;408;sem vítima;231,5;BR-116/SP;Pista Sul;Colisão Traseira;1;2;;;;;1
30/09/2015;20:46:00;787;sem vítima;281;BR-116/RJ;Pista Sul;Choque em objeto na pista;2;7;;;;;1
30/09/2015;16:37:00;611;sem vítima;285,29998779296875;BR-116/RJ;Pista Sul;Colisão Traseira;2;2;;;;;1
01/10/2015;00:08:00;15;sem vítima;27,799999237060547;BR-116/SP;Pista Sul;Choque em objeto na pista;1;4;;;;;1
01/10/2015;10:29:00;352;sem vítima;230,5;BR-116/SP;Pista Norte;Abalroamento Longitudinal;1;5;;;;;1
01/10/2015;23:28:00;810;sem vítima;266,3999938964844;BR-116/RJ;Pista Norte;Atropelamento de Animal;1;1;;;;;1
01/10/2015;15:20:00;539;com vítima;269,5;BR-116/RJ;Pista Sul;Colisão Traseira;1;3;;1;;;2
02/10/2015;16:44:00;588;sem vítima;133,39999389648438;BR-116/SP;Pista Sul;Colisão Traseira;1;3;;;;;1
02/10/2015;13:03:00;414;com vítima;174,1999969482422;BR-116/RJ;Pista Sul;Engavetamento;1;2;1;;;;1
02/10/2015;10:51:00;339;sem vítima;208,10000610351562;BR-116/SP;Pista Sul;Colisão Traseira;1;3;;;;;1
02/10/2015;17:26:00;617;com vítima;217,39999389648438;BR-116/RJ;Pista Sul;Colisão Traseira;1;1;2;;;;1
02/10/2015;16:58:00;596;sem vítima;225,8000030517578;BR-116/SP;Pista Sul;Abalroamento Longitudinal;1;3;;;;;1
02/10/2015;07:00:00;138;com vítima;260;BR-116/RJ;Pista Norte;Colisão Traseira;1;1;1;;;;1
02/10/2015;15:24:00;528;com vítima;282,70001220703125;BR-116/RJ;Pista Sul;Colisão Traseira;1;1;1;;;;1
03/10/2015;15:01:00;425;sem vítima;169,89999389648438;BR-116/RJ;Pista Norte;Abalroamento Longitudinal;1;2;;;;;1
03/10/2015;14:44:00;414;sem vítima;210,14999389648438;BR-116/SP;Pista Sul;Abalroamento Longitudinal;1;8;;;;;1
03/10/2015;00:47:00;29;sem vítima;240,8000030517578;BR-116/RJ;Pista Norte;Queda de Carga;1;1;;;;;1
03/10/2015;20:41:00;580;sem vítima;281,5;BR-116/RJ;Pista Sul;Choque em objeto na pista;2;6;;;;;1
04/10/2015;01:12:00;25;com vítima;224;BR-116/SP;Pista Sul;Choque em Barreira New Jersey;1;1;1;;;;1
04/10/2015;06:41:00;107;sem vítima;282;BR-116/RJ;Pista Sul;Abalroamento Longitudinal;2;1;;;;;1
05/10/2015;07:21:00;147;com vítima;214,5800018310547;BR-116/SP;Pista Norte;Queda de moto;1;1;;;;1;3
05/10/2015;16:12:00;559;com vítima;305,3999938964844;BR-116/RJ;Pista Sul;Abalroamento Longitudinal;1;3;1;;;;1
06/10/2015;06:53:00;113;sem vítima;139,3000030517578;BR-116/SP;Pista Norte;Abalroamento Longitudinal;1;4;;;;;1
06/10/2015;21:19:00;741;sem vítima;139,6999969482422;BR-116/SP;Pista Norte;Atropelamento de Animal;1;1;;;;;1
06/10/2015;13:25:00;431;sem vítima;160,6999969482422;BR-116/SP;Pista Norte;Abalroamento Longitudinal;1;3;;;;;1
06/10/2015;15:26:00;519;sem vítima;215,5500030517578;BR-116/RJ;Pista Norte;Abalroamento Longitudinal;1;3;;;;;1
06/10/2015;02:36:00;43;com vítima;247,5500030517578;BR-116/RJ;Pista Norte;Engavetamento;3;2;1;;;;1
06/10/2015;02:45:00;46;com vítima;277,79998779296875;BR-116/RJ;Pista Norte;Colisão Traseira;1;1;1;;;;1
06/10/2015;04:42:00;59;com vítima;299,5;BR-116/RJ;Pista Norte;Colisão Traseira;2;0;;2;;;2
06/10/2015;09:56:00;297;sem vítima;311;BR-116/RJ;Pista Norte;Queda de ribanceira;1;1;;;;;1
06/10/2015;18:19:00;633;sem vítima;313,3999938964844;BR-116/RJ;Pista Sul;Choque em objeto fixo;1;2;;;;;1
07/10/2015;18:50:00;729;sem vítima;142,6999969482422;BR-116/SP;Pista Norte;Engavetamento;1;6;;;;;1
07/10/2015;15:15:00;563;com vítima;219,10000610351562;BR-116/SP;Pista Norte;Colisão Traseira;1;3;2;;;;1
07/10/2015;22:08:00;852;com vítima;225,6999969482422;BR-116/SP;Pista Sul;Choque em veículo parado na pista;1;4;2;;;;1
07/10/2015;22:24:00;857;sem vítima;225,6999969482422;BR-116/SP;Pista Sul;Abalroamento Longitudinal;1;2;;;;;1
07/10/2015;03:53:00;61;sem vítima;256,6000061035156;BR-116/RJ;Pista Norte;Colisão Traseira;2;2;;;;;1
08/10/2015;08:02:00;232;sem vítima;181,6999969482422;BR-116/RJ;Pista Norte;Engavetamento;1;4;;;;;1
08/10/2015;13:19:00;489;sem vítima;207,10000610351562;BR-116/RJ;Pista Sul;Colisão Traseira;1;5;;;;;1
08/10/2015;12:34:00;466;sem vítima;220,1999969482422;BR-116/RJ;Pista Sul;Tombamento;1;1;;;;;1
08/10/2015;18:29:00;715;sem vítima;227,5;BR-116/RJ;Pista Sul;Choque em veículo parado na pista;1;2;;;;;1
08/10/2015;22:19:00;868;sem vítima;288,79998779296875;BR-116/RJ;Pista Sul;Colisão Traseira;1;2;;;;;1
09/10/2015;17:26:00;730;com vítima;223,4499969482422;BR-116/SP;Pista Norte;Colisão Traseira;1;7;10;;;;1
09/10/2015;11:52:00;463;sem vítima;230,1999969482422;BR-116/SP;Pista Sul;Abalroamento Longitudinal;1;4;;;;;1
09/10/2015;18:06:00;766;sem vítima;316,20001220703125;BR-116/RJ;Pista Norte;Colisão Traseira;1;2;;;;;1
09/10/2015;12:52:00;512;sem vítima;318,8999938964844;BR-116/RJ;Pista Sul;Colisão Traseira;1;2;;;;;1
10/10/2015;09:27:00;295;sem vítima;124,0999984741211;BR-116/SP;Pista Norte;Engavetamento;1;21;;;;;1
10/10/2015;08:23:00;245;sem vítima;165,14999389648438;BR-116/SP;Pista Norte;Colisão Traseira;1;2;;;;;1
10/10/2015;10:29:00;345;sem vítima;176,10000610351562;BR-116/RJ;Pista Sul;Abalroamento Longitudinal;1;2;;;;;1
10/10/2015;15:34:00;539;sem vítima;199,3000030517578;BR-116/RJ;Pista Norte;Colisão Traseira;1;2;;;;;1
10/10/2015;01:23:00;38;sem vítima;226,3000030517578;BR-116/SP;Pista Norte;Abalroamento Longitudinal;1;3;;;;;1
10/10/2015;16:08:00;562;com vítima;278,1000061035156;BR-116/RJ;Pista Norte;Colisão Traseira;2;1;1;;;;1
10/10/2015;23:10:00;805;sem vítima;318,8999938964844;BR-116/RJ;Pista Sul;Colisão Traseira;1;2;;;;;1
11/10/2015;11:25:00;355;com vítima;174;BR-116/RJ;Pista Sul;Engavetamento;1;22;1;;;;1
11/10/2015;20:12:00;670;com vítima;205,1999969482422;BR-116/SP;Pista Sul;Colisão Traseira;1;5;1;;;;1
12/10/2015;21:18:00;684;com vítima;28,200000762939453;BR-116/SP;Pista Sul;Colisão Frontal;1;1;;;;1;3
12/10/2015;19:24:00;607;sem vítima;136,8000030517578;BR-116/SP;Pista Sul;Colisão Traseira;1;6;;;;;1
12/10/2015;09:34:00;197;sem vítima;136,89999389648438;BR-116/SP;Pista Sul;Choque em Barreira New Jersey;1;5;;;;;1
12/10/2015;17:26:00;521;com vítima;207,39999389648438;BR-116/RJ;Pista Norte;Colisão Traseira;1;5;1;;;;1
12/10/2015;18:04:00;547;com vítima;221;BR-116/RJ;Pista Norte;Colisão Traseira;1;4;1;;;;1
13/10/2015;12:56:00;444;sem vítima;139,8000030517578;BR-116/SP;Pista Norte;Abalroamento Longitudinal;1;3;;;;;1
13/10/2015;16:39:00;597;sem vítima;166,3000030517578;BR-116/RJ;Pista Sul;Colisão Traseira;1;2;;;;;1
13/10/2015;12:07:00;410;sem vítima;168,1999969482422;BR-116/SP;Pista Norte;Colisão Traseira;2;2;;;;;1
13/10/2015;08:18:00;225;sem vítima;220,10000610351562;BR-116/SP;Pista Sul;Abalroamento Longitudinal;1;5;;;;;1
13/10/2015;17:51:00;657;com vítima;266;BR-116/RJ;Pista Norte;Abalroamento Longitudinal;1;1;1;;;;1
14/10/2015;20:00:00;811;sem vítima;166,1999969482422;BR-116/RJ;Pista Sul;Abalroamento Longitudinal;1;2;;;;;1
14/10/2015;12:49:00;491;sem vítima;185,10000610351562;BR-116/RJ;Pista Sul;Colisão Traseira;1;3;;;;;1
14/10/2015;02:50:00;48;com vítima;197,4499969482422;BR-116/SP;Pista Sul;Colisão Traseira;2;1;1;;;;1
14/10/2015;14:35:00;571;sem vítima;220,6999969482422;BR-116/SP;Pista Sul;Colisão Traseira;2;3;;;;;1
14/10/2015;21:40:00;863;sem vítima;290,3999938964844;BR-116/RJ;Pista Norte;Atropelamento de Animal;1;2;;;;;1
14/10/2015;02:59:00;51;sem vítima;323,79998779296875;BR-116/RJ;Pista Norte;Choque em objeto na pista;1;1;;;;;1
15/10/2015;07:55:00;232;sem vítima;140,39999389648438;BR-116/SP;Pista Sul;Colisão Traseira;2;4;;;;;1
15/10/2015;23:38:00;1015;sem vítima;163;BR-116/RJ;Pista Norte;Colisão Traseira;1;2;;;;;1
15/10/2015;08:33:00;278;sem vítima;164,10000610351562;BR-116/RJ;Pista Norte;Abalroamento Longitudinal;1;3;;;;;1
15/10/2015;19:48:00;896;com vítima;173,5;BR-116/RJ;Pista Norte;Choque em veículo parado na pista;1;4;;1;;;2
15/10/2015;12:25:00;493;sem vítima;209,60000610351562;BR-116/RJ;Pista Sul;Choque Talude;1;1;;;;;1
15/10/2015;00:08:00;15;com vítima;230,8000030517578;BR-116/SP;Pista Sul;Colisão Traseira;2;1;1;;1;;2
15/10/2015;14:09:00;583;com vítima;238,8000030517578;BR-116/RJ;Pista Sul;Colisão Traseira;1;2;2;;;;1
15/10/2015;02:26:00;51;sem vítima;254,60000610351562;BR-116/RJ;Pista Norte;Choque em objeto na pista;1;6;;;;;1
16/10/2015;00:53:00;28;sem vítima;5,099999904632568;BR-116/SP;Pista Sul;Atropelamento de Animal;1;1;;;;;1
16/10/2015;16:28:00;670;sem vítima;51,20000076293945;BR-116/SP;Pista Norte;Abalroamento Longitudinal;2;2;;;;;1
16/10/2015;13:55:00;524;com vítima;101,9000015258789;BR-116/SP;Pista Norte;Queda de ribanceira;1;1;;;1;;2
16/10/2015;05:43:00;90;com vítima;116,30000305175781;BR-116/SP;Pista Sul;Queda de moto;1;1;1;;;;1
16/10/2015;15:23:00;607;sem vítima;122,0999984741211;BR-116/SP;Pista Sul;Engavetamento;3;5;;;;;1
16/10/2015;07:46:00;201;com vítima;186,1999969482422;BR-116/RJ;Pista Norte;Atropelamento de Pedestre Atravessando;1;1;;;1;;2
16/10/2015;08:01:00;218;sem vítima;210,89999389648438;BR-116/SP;Pista Sul;Abalroamento Longitudinal;1;3;;;;;1
16/10/2015;07:48:00;205;sem vítima;280,1000061035156;BR-116/RJ;Pista Sul;Abalroamento Longitudinal;1;2;;;;;1
17/10/2015;13:43:00;410;sem vítima;37,900001525878906;BR-116/SP;Pista Sul;Abalroamento Longitudinal;2;3;;;;;1
17/10/2015;07:31:00;176;com vítima;165,1999969482422;BR-116/SP;Pista Norte;Colisão Traseira;1;4;2;;;;1
17/10/2015;12:54:00;385;sem vítima;225,5500030517578;BR-116/SP;Pista Sul;Abalroamento Longitudinal;1;3;;;;;1
18/10/2015;22:14:00;548;com vítima;182,3000030517578;BR-116/SP;Pista Norte;Colisão Traseira;1;3;1;;;;1
19/10/2015;17:14:00;605;sem vítima;146,39999389648438;BR-116/SP;Pista Sul;Colisão Traseira;1;3;;;;;1
19/10/2015;09:44:00;312;sem vítima;170,25;BR-116/RJ;Pista Norte;Abalroamento Longitudinal;1;2;;;;;1
19/10/2015;00:56:00;30;com vítima;229,6999969482422;BR-116/RJ;Pista Norte;Choque em Barreira New Jersey;1;2;2;;;;1
19/10/2015;16:03:00;572;sem vítima;315,70001220703125;BR-116/RJ;Pista Sul;Colisão Traseira;1;3;;;;;1
20/10/2015;05:13:00;71;sem vítima;7,5;BR-116/SP;Pista Norte;Abalroamento Longitudinal;2;2;;;;;1
20/10/2015;22:38:00;813;sem vítima;30,799999237060547;BR-116/SP;Pista Norte;Abalroamento Longitudinal;2;2;;;;;1
20/10/2015;16:31:00;576;sem vítima;104,80000305175781;BR-116/SP;Pista Sul;Colisão Traseira;1;2;;;;;1
20/10/2015;11:08:00;359;sem vítima;128,3000030517578;BR-116/SP;Pista Norte;Engavetamento;2;10;;;;;1
20/10/2015;21:04:00;771;sem vítima;156,60000610351562;BR-116/SP;Pista Norte;Abalroamento Longitudinal;1;4;;;;;1
20/10/2015;08:36:00;224;sem vítima;168;BR-116/RJ;Pista Sul;Choque em Barreira New Jersey;1;1;;;;;1
20/10/2015;10:27:00;329;com vítima;180,6999969482422;BR-116/RJ;Pista Norte;Colisão Traseira;1;1;1;;;;1
20/10/2015;14:26:00;479;sem vítima;187;BR-116/SP;Pista Norte;Tombamento;1;1;;;;;1
20/10/2015;23:35:00;828;com vítima;191,3000030517578;BR-116/SP;Pista Norte;Choque em Barreira New Jersey;1;4;1;;;;1
20/10/2015;04:19:00;58;sem vítima;200,5;BR-116/SP;Pista Norte;Tombamento;1;1;;;;;1
20/10/2015;13:27:00;435;sem vítima;205,8000030517578;BR-116/RJ;Pista Sul;Colisão Traseira;1;3;;;;;1
20/10/2015;05:16:00;72;sem vítima;242,10000610351562;BR-116/RJ;Pista Sul;Choque Talude;1;1;;;;;1
21/10/2015;01:56:00;40;com vítima;51,54999923706055;BR-116/SP;Pista Sul;Atropelamento de Pedestre Atravessando;1;3;;1;;;2
21/10/2015;16:30:00;557;sem vítima;121,30000305175781;BR-116/SP;Pista Norte;Abalroamento Longitudinal;2;2;;;;;1
21/10/2015;12:50:00;412;sem vítima;168,60000610351562;BR-116/SP;Pista Sul;Colisão Traseira;1;2;;;;;1
21/10/2015;02:04:00;42;com vítima;222;BR-116/RJ;Pista Norte;Colisão Traseira;2;0;2;;;;1
21/10/2015;11:53:00;385;sem vítima;318;BR-116/RJ;Pista Norte;Colisão Traseira;1;2;;;;;1
22/10/2015;09:28:00;297;com vítima;113,30000305175781;BR-116/SP;Pista Sul;Tombamento;2;3;1;1;;;2
22/10/2015;18:29:00;666;com vítima;165,1999969482422;BR-116/SP;Pista Norte;Outros;1;1;1;;;1;3
22/10/2015;03:46:00;75;com vítima;168,10000610351562;BR-116/RJ;Pista Norte;Abalroamento Longitudinal;1;1;1;;;;1
22/10/2015;14:34:00;503;sem vítima;267,79998779296875;BR-116/RJ;Pista Sul;Colisão Traseira;1;2;;;;;1
22/10/2015;16:49:00;596;sem vítima;274,6499938964844;BR-116/RJ;Pista Norte;Colisão Traseira;1;2;;;;;1
22/10/2015;17:39:00;626;sem vítima;278,29998779296875;BR-116/RJ;Pista Sul;Colisão Traseira;1;4;;;;;1
22/10/2015;16:18:00;578;sem vítima;328,29998779296875;BR-116/RJ;Pista Norte;Outros;1;4;;;;;1
23/10/2015;10:17:00;392;sem vítima;113,5999984741211;BR-116/SP;Pista Sul;Choque em objeto na pista;2;2;;;;;1
23/10/2015;12:46:00;509;sem vítima;145,5;BR-116/SP;Pista Norte;Abalroamento Longitudinal;1;2;;;;;1
23/10/2015;07:38:00;185;com vítima;162,3000030517578;BR-116/SP;Pista Sul;Colisão Traseira;1;2;2;;;;1
23/10/2015;05:18:00;96;sem vítima;164,10000610351562;BR-116/RJ;Pista Norte;Abalroamento Longitudinal;1;51;;;;;1
23/10/2015;02:04:00;50;com vítima;173,6999969482422;BR-116/SP;Pista Norte;Colisão Traseira;2;1;1;;;;1
23/10/2015;03:22:00;68;sem vítima;240,6999969482422;BR-116/RJ;Pista Norte;Queda de Carga;1;1;;;;;1
23/10/2015;02:47:00;62;sem vítima;322,3999938964844;BR-116/RJ;Pista Norte;Choque em veículo parado na pista;1;2;;;;;1
24/10/2015;05:28:00;98;com vítima;153,1999969482422;BR-116/SP;Pista Norte;Colisão Traseira;1;1;;1;;;2
24/10/2015;03:00:00;58;com vítima;168,75;BR-116/SP;Pista Sul;Colisão Traseira;2;0;;2;;;2
24/10/2015;11:46:00;348;sem vítima;274,79998779296875;BR-116/RJ;Pista Norte;Queda de Carga;1;1;;;;;1
24/10/2015;05:21:00;96;sem vítima;312,2699890136719;BR-116/RJ;Pista Norte;Choque em Barreira New Jersey;1;10;;;;;1
25/10/2015;03:35:00;61;sem vítima;224,10000610351562;BR-116/RJ;Pista Sul;Choque em objeto fixo;1;1;;;;;1
25/10/2015;17:26:00;457;sem vítima;225,60000610351562;BR-116/SP;Pista Sul;Abalroamento Longitudinal;1;3;;;;;1
26/10/2015;21:54:00;763;com vítima;51,20000076293945;BR-116/SP;Pista Norte;Abalroamento Longitudinal;1;2;1;;;;1
26/10/2015;23:41:00;805;sem vítima;97,69999694824219;BR-116/SP;Pista Norte;Tombamento;1;1;;;;;1
26/10/2015;11:16:00;377;sem vítima;123,5;BR-116/SP;Pista Norte;Colisão Traseira;1;2;;;;;1
26/10/2015;07:16:00;146;sem vítima;146,39999389648438;BR-116/SP;Pista Norte;Abalroamento Longitudinal;1;3;;;;;1
26/10/2015;03:11:00;56;com vítima;184,3800048828125;BR-116/RJ;Pista Norte;Choque em Defensa;1;3;1;;;;1
26/10/2015;07:47:00;174;sem vítima;206,3000030517578;BR-116/RJ;Pista Sul;Colisão Traseira;1;7;;;;;1
26/10/2015;11:05:00;369;sem vítima;212,8000030517578;BR-116/SP;Pista Sul;Abalroamento Longitudinal;2;4;;;;;1
26/10/2015;06:23:00;99;sem vítima;239,4499969482422;BR-116/RJ;Pista Norte;Tombamento;1;6;;;;;1
26/10/2015;16:50:00;588;sem vítima;300,6400146484375;BR-116/RJ;Pista Sul;Abalroamento Longitudinal;1;5;;;;;1
27/10/2015;07:28:00;127;sem vítima;34;BR-116/SP;Pista Sul;Choque em Barreira New Jersey;1;3;;;;;1
27/10/2015;07:30:00;129;com vítima;139;BR-116/SP;Pista Sul;Atropelamento de Pedestre Atravessando;1;3;;;1;;2
27/10/2015;05:39:00;58;sem vítima;197,39999389648438;BR-116/SP;Pista Sul;Colisão Traseira;1;2;;;;;1
27/10/2015;21:00:00;687;com vítima;216,8000030517578;BR-116/SP;Pista Norte;Abalroamento Longitudinal;1;2;4;1;;;2
27/10/2015;15:08:00;462;com vítima;234,5;BR-116/RJ;Pista Sul;Choque em Barreira New Jersey;1;0;1;;;;1
27/10/2015;17:39:00;563;sem vítima;261,54998779296875;BR-116/RJ;Pista Sul;Choque em veículo parado na pista;1;2;;;;;1
27/10/2015;22:11:00;716;sem vítima;319,25;BR-116/RJ;Pista Sul;Choque em objeto fixo;1;1;;;;;1
28/10/2015;11:17:00;410;com vítima;177,3000030517578;BR-116/RJ;Pista Sul;Colisão Traseira;1;2;1;;;;1
28/10/2015;10:22:00;368;sem vítima;222,4499969482422;BR-116/RJ;Pista Norte;Outros;1;1;;;;;1
28/10/2015;11:59:00;434;sem vítima;269,4800109863281;BR-116/RJ;Pista Sul;Outros;1;1;;;;;1
29/10/2015;16:23:00;583;com vítima;35,29999923706055;BR-116/SP;Pista Sul;Engavetamento;3;8;2;;;;1
29/10/2015;16:47:00;607;sem vítima;140,3000030517578;BR-116/SP;Pista Norte;Colisão Traseira;1;2;;;;;1
29/10/2015;14:23:00;501;sem vítima;165,1999969482422;BR-116/SP;Pista Norte;Choque em objeto fixo;1;1;;;;;1
29/10/2015;09:21:00;266;sem vítima;180;BR-116/SP;Pista Sul;Abalroamento Longitudinal;1;2;;;;;1
29/10/2015;13:43:00;477;sem vítima;225,39999389648438;BR-116/RJ;Pista Norte;Colisão Traseira;1;2;;;;;1
29/10/2015;18:11:00;663;sem vítima;228,0500030517578;BR-116/RJ;Pista Norte;Tombamento;1;1;;;;;1
29/10/2015;13:40:00;475;sem vítima;304,5;BR-116/RJ;Pista Sul;Colisão Traseira;1;2;;;;;1
30/10/2015;17:20:00;649;sem vítima;155;BR-116/SP;Pista Sul;Colisão Traseira;1;3;;;;;1
30/10/2015;17:37:00;657;sem vítima;160,5;BR-116/SP;Pista Norte;Colisão Traseira;2;2;;;;;1
30/10/2015;03:09:00;62;com vítima;169,3000030517578;BR-116/SP;Pista Sul;Choque em veículo parado na pista;2;0;2;;;;1
30/10/2015;18:44:00;713;sem vítima;212,8000030517578;BR-116/RJ;Pista Norte;Colisão Traseira;2;4;;;;;1
30/10/2015;02:05:00;49;com vítima;220,5;BR-116/RJ;Pista Sul;Choque Talude;1;0;1;;;;1
30/10/2015;08:39:00;237;com vítima;221,97999572753906;BR-116/RJ;Pista Sul;Choque em objeto fixo;1;0;;1;;;2
30/10/2015;15:21:00;548;sem vítima;230,5;BR-116/SP;Pista Norte;Abalroamento Longitudinal;1;2;;;;;1
30/10/2015;16:06:00;588;sem vítima;269,6000061035156;BR-116/RJ;Pista Sul;Colisão Traseira;1;2;;;;;1
30/10/2015;11:09:00;366;sem vítima;273,70001220703125;BR-116/RJ;Pista Sul;Colisão Traseira;1;2;;;;;1
30/10/2015;18:12:00;684;sem vítima;287;BR-116/RJ;Pista Sul;Colisão Traseira;1;2;;;;;1
30/10/2015;07:54:00;190;sem vítima;289,1000061035156;BR-116/RJ;Pista Sul;Engavetamento;2;7;;;;;1
30/10/2015;11:24:00;381;sem vítima;290,6000061035156;BR-116/RJ;Pista Sul;Abalroamento Longitudinal;1;2;;;;;1
30/10/2015;15:51:00;577;sem vítima;301,79998779296875;BR-116/RJ;Pista Sul;Colisão Traseira;2;2;;;;;1
30/10/2015;11:51:00;398;com vítima;316;BR-116/RJ;Pista Sul;Atropelamento de Pedestre Atravessando;1;1;;1;;;2
30/10/2015;19:08:00;739;sem vítima;316,25;BR-116/RJ;Pista Norte;Colisão Traseira;1;4;;;;;1
31/10/2015;06:49:00;147;sem vítima;3,0999999046325684;BR-116/SP;Pista Norte;Colisão Traseira;1;4;;;;;1
31/10/2015;00:20:00;15;sem vítima;52,599998474121094;BR-116/SP;Pista Sul;Atropelamento de Animal;1;6;;;;;1
31/10/2015;12:27:00;403;com vítima;166;BR-116/RJ;Pista Sul;Engavetamento;1;3;1;;;;1
31/10/2015;10:15:00;318;com vítima;220,3000030517578;BR-116/RJ;Pista Sul;Tombamento;1;0;2;;;;1
31/10/2015;03:59:00;94;sem vítima;221,89999389648438;BR-116/RJ;Pista Sul;Choque em Barreira New Jersey;1;1;;;;;1
31/10/2015;15:04:00;504;sem vítima;291,70001220703125;BR-116/RJ;Pista Sul;Outros;1;1;;;;;1
31/10/2015;15:29:00;526;sem vítima;291,79998779296875;BR-116/RJ;Pista Sul;Abalroamento Longitudinal;1;2;;;;;1
31/10/2015;11:42:00;383;com vítima;293,04998779296875;BR-116/RJ;Pista Norte;Colisão Traseira;1;1;;;1;1;3
31/10/2015;17:24:00;601;com vítima;299;BR-116/RJ;Pista Sul;Outros;1;1;;1;;;2
01/11/2015;17:26:00;429;com vítima;200;BR-116/RJ;Pista Norte;Colisão Traseira;1;4;1;;;;1
01/11/2015;11:44:00;270;com vítima;226,5500030517578;BR-116/RJ;Pista Norte;Tombamento;1;0;;1;;;2
02/11/2015;19:35:00;548;sem vítima;167,3000030517578;BR-116/RJ;Pista Norte;Colisão Traseira;1;2;;;;;1
02/11/2015;15:50:00;402;com vítima;179,39999389648438;BR-116/SP;Pista Sul;Colisão Traseira;1;49;1;;;;1
02/11/2015;03:05:00;53;sem vítima;221,39999389648438;BR-116/RJ;Pista Sul;Choque em objeto fixo;1;1;;;;;1
02/11/2015;01:21:00;35;sem vítima;222,60000610351562;BR-116/RJ;Pista Sul;Choque em objeto fixo;1;1;;;;;1
03/11/2015;06:51:00;135;com vítima;23,5;BR-116/SP;Pista Norte;Tombamento;1;0;1;;;;1
03/11/2015;02:07:00;47;com vítima;60,79999923706055;BR-116/SP;Pista Sul;Choque em veículo parado na pista;1;5;1;1;;;2
03/11/2015;17:18:00;581;sem vítima;165,14999389648438;BR-116/SP;Pista Sul;Colisão Traseira;1;2;;;;;1
03/11/2015;11:38:00;362;sem vítima;180,3000030517578;BR-116/RJ;Pista Norte;Colisão Traseira;1;2;;;;;1
03/11/2015;09:06:00;259;sem vítima;226,39999389648438;BR-116/RJ;Pista Sul;Abalroamento Longitudinal;1;5;;;;;1
03/11/2015;23:42:00;789;com vítima;283,20001220703125;BR-116/RJ;Pista Sul;Tombamento;2;5;1;;1;;2
04/11/2015;16:38:00;595;sem vítima;7;BR-116/SP;Pista Norte;Abalroamento Longitudinal;2;2;;;;;1
04/11/2015;07:03:00;144;sem vítima;35;BR-116/SP;Pista Norte;Colisão Traseira;1;4;;;;;1
04/11/2015;04:27:00;75;sem vítima;101,0999984741211;BR-116/SP;Pista Sul;Atropelamento de Animal;1;1;;;;;1
04/11/2015;12:42:00;440;sem vítima;177,5;BR-116/RJ;Pista Sul;Abalroamento Longitudinal;1;7;;;;;1
04/11/2015;02:54:00;53;com vítima;183,5;BR-116/SP;Pista Sul;Colisão Traseira;2;1;;1;;;2
04/11/2015;08:22:00;213;sem vítima;204,5;BR-116/SP;Pista Sul;Colisão Traseira;2;4;;;;;1
04/11/2015;11:13:00;374;sem vítima;218,5;BR-116/SP;Pista Sul;Colisão Traseira;2;2;;;;;1