data;horario;n_da_ocorrencia;tipo_de_ocorrencia;km;trecho;sentido;tipo_de_acidente;caminhao;ilesos;levemente_feridos;moderadamente_feridos;gravemente_feridos;mortos;3
04/11/2015;07:33:00;168;sem vítima;224,10000610351562;BR-116/RJ;Pista Norte;Colisão Traseira;1;2;;;;;1
04/11/2015;22:00:00;785;sem vítima;226,39999389648438;BR-116/SP;Pista Norte;Colisão Traseira;1;2;;;;;1
04/11/2015;04:39:00;77;sem vítima;247,89999389648438;BR-116/RJ;Pista Norte;Choque em objeto fixo;1;1;;;;;1
04/11/2015;00:48:00;28;com vítima;257,8999938964844;BR-116/RJ;Pista Sul;Choque em objeto fixo;1;0;1;;;;1
04/11/2015;04:46:00;79;com vítima;265,3500061035156;BR-116/RJ;Pista Norte;Colisão Traseira;2;1;1;;;;1
05/11/2015;00:16:00;17;sem vítima;146,6999969482422;BR-116/SP;Pista Norte;Abalroamento Longitudinal;1;2;;;;;1
05/11/2015;09:13:00;295;sem vítima;157,8000030517578;BR-116/SP;Pista Sul;Abalroamento Longitudinal;1;2;;;;;1
05/11/2015;15:34:00;559;com vítima;179,60000610351562;BR-116/RJ;Pista Sul;Colisão Traseira;1;5;1;1;;;2
05/11/2015;08:55:00;266;com vítima;180,3000030517578;BR-116/RJ;Pista Norte;Abalroamento Longitudinal;1;3;1;1;;;2
05/11/2015;05:57:00;97;com vítima;186,10000610351562;BR-116/SP;Pista Norte;Choque em objeto na pista;2;28;1;;;;1
05/11/2015;10:58:00;375;sem vítima;221,6999969482422;BR-116/SP;Pista Sul;Colisão Traseira;1;2;;;;;1
05/11/2015;05:45:00;94;sem vítima;276;BR-116/RJ;Pista Sul;Abalroamento Longitudinal;1;6;;;;;1
06/11/2015;09:45:00;349;com vítima;97,0999984741211;BR-116/SP;Pista Sul;Colisão Traseira;1;1;;;1;;2
06/11/2015;09:12:00;315;sem vítima;100,69999694824219;BR-116/SP;Pista Sul;Outros;1;1;;;;;1
06/11/2015;08:28:00;291;sem vítima;102;BR-116/SP;Pista Sul;Colisão Traseira;1;5;;;;;1
06/11/2015;08:07:00;276;sem vítima;107,44999694824219;BR-116/SP;Pista Sul;Outros;1;1;;;;;1
06/11/2015;14:30:00;532;com vítima;193;BR-116/RJ;Pista Sul;Colisão Traseira;1;1;1;;;;1
06/11/2015;23:07:00;888;com vítima;196,39999389648438;BR-116/SP;Pista Norte;Colisão Traseira;2;4;1;;;;1
06/11/2015;11:51:00;433;sem vítima;224,36000061035156;BR-116/SP;Pista Norte;Colisão Traseira;2;2;;;;;1
06/11/2015;12:33:00;459;sem vítima;227,1999969482422;BR-116/RJ;Pista Sul;Abalroamento Longitudinal;1;3;;;;;1
06/11/2015;22:37:00;878;sem vítima;305,79998779296875;BR-116/RJ;Pista Norte;Abalroamento Longitudinal;1;4;;;;;1
07/11/2015;04:45:00;79;sem vítima;152;BR-116/SP;Pista Norte;Abalroamento Longitudinal;1;3;;;;;1
07/11/2015;22:19:00;723;sem vítima;207;BR-116/SP;Pista Norte;Choque em objeto fixo;1;1;;;;;1
07/11/2015;22:44:00;732;sem vítima;211,35000610351562;BR-116/SP;Pista Sul;Choque em Defensa;1;5;;;;;1
08/11/2015;09:50:00;233;sem vítima;230,1999969482422;BR-116/SP;Pista Norte;Outros;1;1;;;;;1
08/11/2015;20:00:00;626;sem vítima;275,3900146484375;BR-116/RJ;Pista Sul;Choque em objeto na pista;1;1;;;;;1
08/11/2015;16:09:00;480;sem vítima;283,79998779296875;BR-116/RJ;Pista Sul;Choque em Barreira New Jersey;1;1;;;;;1
08/11/2015;19:36:00;614;sem vítima;293;BR-116/RJ;Pista Sul;Choque em objeto na pista;1;1;;;;;1
08/11/2015;01:05:00;29;com vítima;297,29998779296875;BR-116/RJ;Pista Sul;Colisão Traseira;1;1;;1;;;2
09/11/2015;09:24:00;280;sem vítima;117,5;BR-116/SP;Pista Norte;Outros;1;1;;;;;1
09/11/2015;03:53:00;70;com vítima;164,5500030517578;BR-116/RJ;Pista Norte;Tombamento;1;0;;;1;;2
09/11/2015;09:34:00;284;sem vítima;165;BR-116/SP;Pista Norte;Colisão Traseira;1;2;;;;;1
09/11/2015;07:05:00;148;sem vítima;182,1999969482422;BR-116/SP;Pista Norte;Colisão Traseira;1;4;;;;;1
09/11/2015;16:16:00;570;sem vítima;204,5;BR-116/SP;Pista Sul;Colisão Traseira;1;2;;;;;1
09/11/2015;16:08:00;565;sem vítima;223,39999389648438;BR-116/SP;Pista Norte;Colisão Traseira;1;5;;;;;1
09/11/2015;18:34:00;675;sem vítima;306;BR-116/RJ;Pista Sul;Abalroamento Longitudinal;1;2;;;;;1
09/11/2015;17:37:00;625;com vítima;313,29998779296875;BR-116/RJ;Pista Sul;Engavetamento;1;1;2;1;;;2
10/11/2015;17:46:00;652;sem vítima;123,69999694824219;BR-116/SP;Pista Sul;Engavetamento;1;4;;;;;1
10/11/2015;16:46:00;597;sem vítima;126,05000305175781;BR-116/SP;Pista Sul;Outros;1;3;;;;;1
10/11/2015;23:02:00;849;com vítima;174,5;BR-116/SP;Pista Norte;Colisão Traseira;2;1;1;;;;1
10/11/2015;22:35:00;835;sem vítima;202,60000610351562;BR-116/SP;Pista Sul;Abalroamento Longitudinal;1;3;;;;;1
10/11/2015;20:25:00;763;sem vítima;224,10000610351562;BR-116/RJ;Pista Norte;Abalroamento Longitudinal;1;2;;;;;1
11/11/2015;08:48:00;293;sem vítima;181,25;BR-116/RJ;Pista Norte;Choque em objeto fixo;1;1;;;;;1
11/11/2015;07:45:00;213;sem vítima;181,3000030517578;BR-116/RJ;Pista Sul;Colisão Traseira;1;3;;;;;1
11/11/2015;15:30:00;620;com vítima;212,89999389648438;BR-116/SP;Pista Norte;Capotamento;1;0;1;;;;1
11/11/2015;15:53:00;640;sem vítima;222,6999969482422;BR-116/SP;Pista Norte;Choque em veículo parado na pista;1;2;;;;;1
11/11/2015;13:44:00;544;sem vítima;225,4600067138672;BR-116/SP;Pista Norte;Abalroamento Longitudinal;1;2;;;;;1
11/11/2015;13:10:00;520;sem vítima;275;BR-116/RJ;Pista Norte;Colisão Traseira;2;2;;;;;1
11/11/2015;23:33:00;943;sem vítima;323,70001220703125;BR-116/RJ;Pista Norte;Colisão Traseira;2;3;;;;;1
12/11/2015;06:59:00;145;sem vítima;42,5;BR-116/SP;Pista Sul;Colisão Traseira;2;4;;;;;1
12/11/2015;06:55:00;140;com vítima;86,94999694824219;BR-116/SP;Pista Norte;Colisão Traseira;1;4;1;;;;1
12/11/2015;22:20:00;820;com vítima;86,94999694824219;BR-116/SP;Pista Sul;Outros;1;2;1;;;;1
12/11/2015;00:20:00;16;com vítima;134,3000030517578;BR-116/SP;Pista Norte;Colisão Traseira;2;2;1;;;;1
12/11/2015;08:31:00;241;com vítima;144,60000610351562;BR-116/SP;Pista Sul;Colisão Traseira;1;4;1;;;;1
12/11/2015;09:40:00;317;sem vítima;171,1999969482422;BR-116/RJ;Pista Norte;Abalroamento Longitudinal;1;3;;;;;1
12/11/2015;15:38:00;564;sem vítima;189,5;BR-116/RJ;Pista Norte;Queda de Carga;1;3;;;;;1
12/11/2015;15:04:00;534;com vítima;261,6000061035156;BR-116/RJ;Pista Sul;Tombamento;1;0;;1;;;2
12/11/2015;19:33:00;717;sem vítima;265,5;BR-116/RJ;Pista Sul;Colisão Traseira;1;2;;;;;1
12/11/2015;09:39:00;316;sem vítima;279,6000061035156;BR-116/RJ;Pista Sul;Engavetamento;1;3;;;;;1
13/11/2015;03:30:00;66;com vítima;65,69999694824219;BR-116/SP;Pista Norte;Atropelamento de Pedestre Atravessando;2;2;3;;;;1
13/11/2015;02:08:00;49;sem vítima;130,10000610351562;BR-116/SP;Pista Norte;Colisão Traseira;2;3;;;;;1
13/11/2015;13:55:00;497;sem vítima;167,89999389648438;BR-116/RJ;Pista Norte;Abalroamento Longitudinal;1;3;;;;;1
13/11/2015;14:11:00;507;sem vítima;207;BR-116/RJ;Pista Sul;Engavetamento;2;3;;;;;1
13/11/2015;06:13:00;102;sem vítima;227,60000610351562;BR-116/RJ;Pista Norte;Atropelamento de Animal;1;1;;;;;1
13/11/2015;15:55:00;578;com vítima;231,39999389648438;BR-116/SP;Pista Norte;Atropelamento de Pedestre Atravessando;1;1;;1;;;2
13/11/2015;22:13:00;853;sem vítima;292,1000061035156;BR-116/RJ;Pista Sul;Abalroamento Longitudinal;1;3;;;;;1
14/11/2015;07:27:00;181;sem vítima;43,5;BR-116/SP;Pista Sul;Abalroamento Longitudinal;1;4;;;;;1
14/11/2015;00:41:00;29;sem vítima;104,30000305175781;BR-116/SP;Pista Sul;Abalroamento Longitudinal;2;2;;;;;1
14/11/2015;14:01:00;451;sem vítima;209,6999969482422;BR-116/RJ;Pista Sul;Abalroamento Longitudinal;1;2;;;;;1
14/11/2015;01:37:00;53;sem vítima;222,89999389648438;BR-116/SP;Pista Norte;Colisão Traseira;1;4;;;;;1
14/11/2015;22:37:00;757;com vítima;225,1999969482422;BR-116/SP;Pista Norte;Tombamento;1;1;1;;;;1
14/11/2015;04:37:00;98;sem vítima;265,6000061035156;BR-116/RJ;Pista Norte;Colisão Traseira;2;2;;;;;1
14/11/2015;17:42:00;598;com vítima;275,70001220703125;BR-116/RJ;Pista Sul;Abalroamento Longitudinal;2;0;2;;;;1
15/11/2015;22:48:00;642;sem vítima;210,85000610351562;BR-116/SP;Pista Sul;Abalroamento Longitudinal;1;3;;;;;1
15/11/2015;16:30:00;423;sem vítima;221,60000610351562;BR-116/SP;Pista Norte;Abalroamento Longitudinal;1;3;;;;;1
15/11/2015;15:43:00;390;sem vítima;227;BR-116/RJ;Pista Sul;Colisão Traseira;1;5;;;;;1
15/11/2015;14:03:00;320;sem vítima;261,3999938964844;BR-116/RJ;Pista Norte;Choque em objeto fixo;1;2;;;;;1
15/11/2015;14:50:00;352;com vítima;268,3999938964844;BR-116/RJ;Pista Sul;Abalroamento Longitudinal;1;10;3;;;;1
16/11/2015;18:25:00;675;com vítima;56,599998474121094;BR-116/SP;Pista Norte;Tombamento;1;1;1;;;;1
16/11/2015;09:38:00;342;sem vítima;110,9000015258789;BR-116/SP;Pista Sul;Colisão Traseira;1;5;;;;;1
16/11/2015;12:48:00;459;sem vítima;179;BR-116/RJ;Pista Sul;Abalroamento Longitudinal;1;2;;;;;1
16/11/2015;15:07:00;542;sem vítima;220,1999969482422;BR-116/SP;Pista Norte;Abalroamento Longitudinal;1;2;;;;;1
16/11/2015;09:56:00;361;com vítima;226,3000030517578;BR-116/SP;Pista Norte;Engavetamento;3;2;1;;;;1
16/11/2015;13:57:00;505;sem vítima;255;BR-116/RJ;Pista Sul;Engavetamento;2;4;;;;;1
16/11/2015;11:46:00;426;sem vítima;258,95001220703125;BR-116/RJ;Pista Norte;Abalroamento Longitudinal;1;2;;;;;1
17/11/2015;23:14:00;774;sem vítima;106,30000305175781;BR-116/SP;Pista Sul;Colisão Traseira;2;2;;;;;1
17/11/2015;21:37:00;732;com vítima;108,9000015258789;BR-116/SP;Pista Sul;Queda de ribanceira;1;0;2;;;;1
17/11/2015;07:38:00;163;sem vítima;168,89999389648438;BR-116/RJ;Pista Norte;Colisão Traseira;1;112;;;;;1
17/11/2015;13:32:00;446;sem vítima;186,14999389648438;BR-116/SP;Pista Norte;Abalroamento Longitudinal;1;2;;;;;1
17/11/2015;10:12:00;313;com vítima;208,0500030517578;BR-116/SP;Pista Sul;Engavetamento;2;2;2;;;;1
17/11/2015;09:14:00;256;sem vítima;230;BR-116/SP;Pista Sul;Colisão Traseira;1;2;;;;;1
17/11/2015;06:43:00;109;sem vítima;236,97999572753906;BR-116/RJ;Pista Sul;Abalroamento Longitudinal;1;17;;;;;1
17/11/2015;08:50:00;225;sem vítima;283,79998779296875;BR-116/RJ;Pista Sul;Choque em objeto na pista;1;2;;;;;1
18/11/2015;16:24:00;589;sem vítima;64,9000015258789;BR-116/SP;Pista Sul;Colisão Traseira;1;2;;;;;1
18/11/2015;01:28:00;25;sem vítima;100,5999984741211;BR-116/SP;Pista Norte;Choque em objeto na pista;1;2;;;;;1
18/11/2015;08:16:00;207;com vítima;144;BR-116/SP;Pista Sul;Abalroamento Longitudinal;1;1;1;;;;1
18/11/2015;08:35:00;232;sem vítima;181,85000610351562;BR-116/RJ;Pista Norte;Colisão Traseira;2;2;;;;;1
18/11/2015;09:57:00;309;sem vítima;217,3000030517578;BR-116/SP;Pista Sul;Abalroamento Longitudinal;1;2;;;;;1
18/11/2015;15:43:00;557;com vítima;230;BR-116/SP;Pista Sul;Colisão Traseira;2;1;;1;;;2
18/11/2015;19:02:00;718;sem vítima;275,6000061035156;BR-116/RJ;Pista Sul;Choque em objeto fixo;1;1;;;;;1
19/11/2015;13:18:00;473;sem vítima;80,4000015258789;BR-116/SP;Pista Norte;Choque em objeto na pista;1;3;;;;;1
19/11/2015;16:43:00;622;com vítima;101,69999694824219;BR-116/SP;Pista Sul;Choque em veículo parado na pista;1;9;2;;;;1
19/11/2015;20:41:00;830;sem vítima;101,80000305175781;BR-116/SP;Pista Sul;Abalroamento Longitudinal;1;2;;;;;1
19/11/2015;20:31:00;823;com vítima;169,5;BR-116/RJ;Pista Sul;Colisão Traseira;1;1;1;;;;1
19/11/2015;01:37:00;46;sem vítima;197;BR-116/SP;Pista Sul;Colisão Traseira;2;2;;;;;1
19/11/2015;09:26:00;320;sem vítima;251,55499267578125;BR-116/RJ;Pista Sul;Choque em Defensa;1;1;;;;;1
19/11/2015;17:12:00;644;sem vítima;269,3999938964844;BR-116/RJ;Pista Sul;Choque em objeto fixo;1;1;;;;;1
20/11/2015;12:35:00;399;sem vítima;61,400001525878906;BR-116/SP;Pista Sul;Tombamento;1;1;;;;;1
20/11/2015;11:54:00;375;sem vítima;115,30000305175781;BR-116/SP;Pista Norte;Abalroamento Longitudinal;1;4;;;;;1
20/11/2015;10:54:00;328;sem vítima;147,1999969482422;BR-116/SP;Pista Norte;Abalroamento Longitudinal;1;2;;;;;1
20/11/2015;10:29:00;310;sem vítima;168,8000030517578;BR-116/SP;Pista Sul;Abalroamento Longitudinal;1;2;;;;;1
20/11/2015;12:32:00;396;sem vítima;221,6999969482422;BR-116/RJ;Pista Norte;Colisão Traseira;2;2;;;;;1
20/11/2015;06:10:00;103;sem vítima;228,1999969482422;BR-116/SP;Pista Norte;Colisão Traseira;1;3;;;;;1
21/11/2015;03:38:00;61;com vítima;173,35000610351562;BR-116/SP;Pista Sul;Choque em Barreira New Jersey;1;0;1;;;;1
21/11/2015;02:27:00;45;sem vítima;215,89999389648438;BR-116/SP;Pista Norte;Colisão Traseira;1;6;;;;;1
21/11/2015;10:08:00;254;sem vítima;218,1999969482422;BR-116/SP;Pista Norte;Abalroamento Longitudinal;1;3;;;;;1
21/11/2015;17:16:00;508;com vítima;226,39999389648438;BR-116/RJ;Pista Sul;Abalroamento Longitudinal;1;8;2;;;;1
21/11/2015;09:34:00;231;sem vítima;228;BR-116/SP;Pista Norte;Abalroamento Longitudinal;1;4;;;;;1
21/11/2015;12:09:00;335;com vítima;263,5;BR-116/RJ;Pista Sul;Choque em Barreira New Jersey;1;1;1;1;;;2
22/11/2015;14:11:00;347;com vítima;205,8000030517578;BR-116/RJ;Pista Norte;Tombamento;1;0;1;;;;1
23/11/2015;18:09:00;652;sem vítima;29,1200008392334;BR-116/SP;Pista Sul;Abalroamento Longitudinal;1;4;;;;;1
23/11/2015;15:48:00;546;com vítima;62,900001525878906;BR-116/SP;Pista Sul;Colisão Traseira;1;2;1;;;;1
23/11/2015;21:29:00;764;sem vítima;142,85000610351562;BR-116/SP;Pista Norte;Colisão Traseira;1;2;;;;;1
23/11/2015;01:58:00;34;com vítima;183,89999389648438;BR-116/RJ;Pista Sul;Abalroamento Longitudinal;1;1;;;1;;2
23/11/2015;11:36:00;417;com vítima;209,5;BR-116/SP;Pista Norte;Tombamento;1;7;1;;;;1
23/11/2015;18:56:00;685;sem vítima;220,3000030517578;BR-116/RJ;Pista Sul;Outros;1;1;;;;;1
23/11/2015;05:01:00;71;sem vítima;223;BR-116/RJ;Pista Norte;Choque Talude;1;1;;;;;1
23/11/2015;11:02:00;390;sem vítima;224,6999969482422;BR-116/RJ;Pista Norte;Colisão Traseira;1;2;;;;;1
23/11/2015;09:16:00;293;sem vítima;232,39999389648438;BR-116/RJ;Pista Norte;Choque Talude;1;1;;;;;1
23/11/2015;18:27:00;663;com vítima;258,79998779296875;BR-116/RJ;Pista Sul;Choque em objeto fixo;1;0;1;1;;;2
23/11/2015;13:01:00;462;com vítima;264,29998779296875;BR-116/RJ;Pista Sul;Outros;1;0;;1;;;2
23/11/2015;17:26:00;619;com vítima;274,04998779296875;BR-116/RJ;Pista Sul;Outros;1;0;1;;;;1
23/11/2015;11:26:00;408;com vítima;290,1000061035156;BR-116/RJ;Pista Norte;Choque em veículo parado na pista;1;2;1;;;;1
24/11/2015;16:38:00;580;sem vítima;46,70000076293945;BR-116/SP;Pista Norte;Abalroamento Longitudinal;1;2;;;;;1
24/11/2015;14:02:00;480;com vítima;145,10000610351562;BR-116/SP;Pista Norte;Abalroamento Longitudinal;1;2;;;;1;3
24/11/2015;17:09:00;604;sem vítima;146,8000030517578;BR-116/SP;Pista Sul;Abalroamento Longitudinal;1;2;;;;;1
24/11/2015;06:08:00;90;com vítima;203,64999389648438;BR-116/SP;Pista Sul;Choque em veículo parado na pista;2;2;1;;;;1
24/11/2015;14:15:00;490;sem vítima;269;BR-116/RJ;Pista Sul;Colisão Traseira;1;3;;;;;1
24/11/2015;17:27:00;614;sem vítima;322,8999938964844;BR-116/RJ;Pista Sul;Colisão Traseira;1;2;;;;;1
25/11/2015;07:47:00;180;sem vítima;142,1999969482422;BR-116/SP;Pista Norte;Colisão Traseira;1;2;;;;;1
25/11/2015;03:11:00;63;sem vítima;145,67999267578125;BR-116/SP;Pista Sul;Colisão Traseira;1;2;;;;;1
25/11/2015;06:47:00;122;sem vítima;165;BR-116/RJ;Pista Norte;Engavetamento;1;6;;;;;1
25/11/2015;06:06:00;100;com vítima;168,10000610351562;BR-116/RJ;Pista Norte;Queda de moto;1;1;;1;;;2
25/11/2015;14:33:00;512;sem vítima;183,39999389648438;BR-116/RJ;Pista Sul;Colisão Traseira;1;3;;;;;1
25/11/2015;15:59:00;564;sem vítima;197,3000030517578;BR-116/RJ;Pista Norte;Engavetamento;1;3;;;;;1
25/11/2015;09:46:00;326;com vítima;223,0500030517578;BR-116/RJ;Pista Norte;Tombamento;1;0;1;;;;1
25/11/2015;01:38:00;45;com vítima;227,5;BR-116/SP;Pista Sul;Atropelamento de Pedestre Caminhando;1;1;;;;1;3
25/11/2015;17:21:00;608;sem vítima;228;BR-116/RJ;Pista Norte;Colisão Traseira;1;3;;;;;1
25/11/2015;20:13:00;728;sem vítima;319,8999938964844;BR-116/RJ;Pista Sul;Colisão Traseira;2;2;;;;;1
26/11/2015;22:33:00;833;sem vítima;34,54999923706055;BR-116/SP;Pista Sul;Colisão Traseira;2;2;;;;;1
26/11/2015;15:44:00;569;com vítima;86,44999694824219;BR-116/SP;Pista Sul;Abalroamento Longitudinal;1;2;;2;;;2
26/11/2015;09:37:00;304;sem vítima;122,30000305175781;BR-116/SP;Pista Sul;Choque em Defensa;1;1;;;;;1
26/11/2015;03:08:00;57;com vítima;145;BR-116/SP;Pista Sul;Colisão Traseira;1;1;;1;;;2
26/11/2015;13:47:00;473;sem vítima;239,02000427246094;BR-116/RJ;Pista Sul;Choque em Barreira New Jersey;1;1;;;;;1
26/11/2015;22:49:00;842;sem vítima;281,79998779296875;BR-116/RJ;Pista Sul;Choque em veículo parado na pista;2;2;;;;;1
27/11/2015;20:15:00;837;sem vítima;164,35000610351562;BR-116/RJ;Pista Sul;Colisão Traseira;1;4;;;;;1
27/11/2015;13:38:00;495;sem vítima;168;BR-116/RJ;Pista Sul;Engavetamento;1;3;;;;;1
27/11/2015;16:26:00;633;com vítima;186;BR-116/SP;Pista Norte;Colisão Frontal;1;2;2;;;;1
27/11/2015;13:31:00;485;com vítima;273,29998779296875;BR-116/RJ;Pista Sul;Abalroamento Longitudinal;1;1;1;1;;;2
27/11/2015;14:52:00;550;sem vítima;319,20001220703125;BR-116/RJ;Pista Sul;Abalroamento Longitudinal;1;3;;;;;1
27/11/2015;03:26:00;62;com vítima;328,29998779296875;BR-116/RJ;Pista Sul;Tombamento;1;0;1;1;;;2
28/11/2015;18:17:00;624;sem vítima;141,4499969482422;BR-116/SP;Pista Sul;Colisão Traseira;2;2;;;;;1
28/11/2015;08:55:00;245;sem vítima;204,5;BR-116/SP;Pista Sul;Colisão Traseira;1;5;;;;;1
28/11/2015;12:55:00;406;sem vítima;214;BR-116/SP;Pista Sul;Abalroamento Longitudinal;1;5;;;;;1
28/11/2015;20:31:00;719;sem vítima;241,75;BR-116/RJ;Pista Sul;Abalroamento Longitudinal;1;2;;;;;1
28/11/2015;16:37:00;563;sem vítima;280,1499938964844;BR-116/RJ;Pista Sul;Queda de ribanceira;1;1;;;;;1
29/11/2015;16:11:00;464;sem vítima;179,60000610351562;BR-116/RJ;Pista Sul;Colisão Traseira;1;2;;;;;1
29/11/2015;15:41:00;444;com vítima;212,9499969482422;BR-116/RJ;Pista Sul;Choque em Barreira New Jersey;1;0;1;;;;1
29/11/2015;18:52:00;574;sem vítima;269,3999938964844;BR-116/RJ;Pista Sul;Abalroamento Longitudinal;2;2;;;;;1
29/11/2015;21:48:00;670;sem vítima;270,3999938964844;BR-116/RJ;Pista Norte;Choque em Barreira New Jersey;1;4;;;;;1
29/11/2015;14:53:00;407;sem vítima;318,8999938964844;BR-116/RJ;Pista Norte;Outros;1;1;;;;;1
30/11/2015;08:19:00;221;sem vítima;145;BR-116/SP;Pista Norte;Abalroamento Longitudinal;1;3;;;;;1
30/11/2015;14:09:00;497;sem vítima;200,60000610351562;BR-116/RJ;Pista Norte;Abalroamento Longitudinal;1;21;;;;;1
30/11/2015;12:12:00;413;sem vítima;216,89999389648438;BR-116/SP;Pista Sul;Engavetamento;3;7;;;;;1
30/11/2015;10:11:00;326;sem vítima;218,5;BR-116/RJ;Pista Norte;Colisão Traseira;1;2;;;;;1
30/11/2015;09:40:00;292;sem vítima;229;BR-116/RJ;Pista Norte;Colisão Traseira;1;2;;;;;1
30/11/2015;10:41:00;351;sem vítima;251,89999389648438;BR-116/RJ;Pista Sul;Abalroamento Longitudinal;1;2;;;;;1
30/11/2015;17:25:00;636;sem vítima;277,1000061035156;BR-116/RJ;Pista Sul;Choque em Barreira New Jersey;1;1;;;;;1
01/12/2015;09:18:00;296;sem vítima;129,3000030517578;BR-116/SP;Pista Norte;Abalroamento Longitudinal;1;3;;;;;1
01/12/2015;15:34:00;551;sem vítima;182,3000030517578;BR-116/SP;Pista Norte;Choque em veículo parado na pista;1;2;;;;;1
01/12/2015;01:45:00;33;sem vítima;213,6999969482422;BR-116/SP;Pista Norte;Choque em veículo parado na pista;1;2;;;;;1
01/12/2015;06:45:00;129;com vítima;226,8000030517578;BR-116/SP;Pista Sul;Abalroamento Longitudinal;1;1;1;;;;1
01/12/2015;00:11:00;10;sem vítima;257,70001220703125;BR-116/RJ;Pista Sul;Engavetamento;2;3;;;;;1
01/12/2015;11:36:00;403;com vítima;314,6000061035156;BR-116/RJ;Pista Sul;Colisão Traseira;1;2;1;1;;;2
01/12/2015;19:00:00;708;sem vítima;317,70001220703125;BR-116/RJ;Pista Sul;Abalroamento Longitudinal;1;2;;;;;1
02/12/2015;02:16:00;40;com vítima;2,299999952316284;BR-116/SP;Pista Norte;Colisão Traseira;2;2;;;1;;2
02/12/2015;11:40:00;384;sem vítima;106,9800033569336;BR-116/SP;Pista Norte;Choque em Barreira New Jersey;2;3;;;;;1
02/12/2015;15:02:00;515;sem vítima;157;BR-116/SP;Pista Norte;Colisão Traseira;1;2;;;;;1
02/12/2015;16:38:00;587;sem vítima;167,5;BR-116/RJ;Pista Norte;Colisão Traseira;1;2;;;;;1
02/12/2015;10:25:00;319;sem vítima;223,8000030517578;BR-116/SP;Pista Sul;Abalroamento Longitudinal;1;2;;;;;1
02/12/2015;13:01:00;437;sem vítima;225,5;BR-116/RJ;Pista Norte;Choque Talude;1;1;;;;;1
02/12/2015;14:11:00;481;sem vítima;271;BR-116/RJ;Pista Sul;Choque em objeto fixo;1;3;;;;;1
02/12/2015;11:41:00;385;sem vítima;318,8999938964844;BR-116/RJ;Pista Norte;Choque em objeto fixo;1;1;;;;;1
02/12/2015;20:08:00;746;sem vítima;328,1000061035156;BR-116/RJ;Pista Sul;Choque em objeto na pista;1;2;;;;;1
03/12/2015;21:56:00;781;sem vítima;23,600000381469727;BR-116/SP;Pista Norte;Choque em objeto fixo;1;1;;;;;1
03/12/2015;21:45:00;779;sem vítima;101;BR-116/SP;Pista Norte;Abalroamento Longitudinal;3;3;;;;;1
03/12/2015;20:42:00;754;sem vítima;115;BR-116/SP;Pista Sul;Abalroamento Longitudinal;1;3;;;;;1
03/12/2015;19:55:00;732;sem vítima;165,6999969482422;BR-116/RJ;Pista Sul;Engavetamento;1;7;;;;;1
03/12/2015;03:45:00;61;sem vítima;201,72000122070312;BR-116/RJ;Pista Norte;Choque em Defensa;1;1;;;;;1
03/12/2015;15:37:00;561;com vítima;203,5;BR-116/SP;Pista Sul;Abalroamento Longitudinal;1;1;2;;;;1
03/12/2015;09:54:00;300;com vítima;225,10000610351562;BR-116/SP;Pista Sul;Abalroamento Longitudinal;1;1;1;;;;1
04/12/2015;03:29:00;55;sem vítima;2,4000000953674316;BR-116/SP;Pista Sul;Choque em objeto fixo;1;1;;;;;1
04/12/2015;18:53:00;704;sem vítima;17,5;BR-116/SP;Pista Sul;Abalroamento Longitudinal;1;3;;;;;1
04/12/2015;23:43:00;871;sem vítima;51,45000076293945;BR-116/SP;Pista Norte;Abalroamento Longitudinal;1;3;;;;;1
04/12/2015;05:38:00;82;sem vítima;121,9000015258789;BR-116/SP;Pista Sul;Choque em Defensa;1;2;;;;;1
04/12/2015;07:45:00;178;sem vítima;134,60000610351562;BR-116/SP;Pista Sul;Colisão Traseira;2;2;;;;;1
04/12/2015;13:43:00;497;com vítima;154,5;BR-116/SP;Pista Sul;Outros;1;1;1;;;;1
04/12/2015;18:26:00;683;sem vítima;168;BR-116/SP;Pista Sul;Colisão Traseira;1;3;;;;;1
04/12/2015;11:41:00;415;com vítima;171,75;BR-116/RJ;Pista Sul;Abalroamento Longitudinal;1;3;1;;;;1
04/12/2015;19:18:00;719;sem vítima;207,10000610351562;BR-116/RJ;Pista Sul;Abalroamento Longitudinal;1;2;;;;;1