data;horario;n_da_ocorrencia;tipo_de_ocorrencia;km;trecho;sentido;tipo_de_acidente;caminhao;ilesos;levemente_feridos;moderadamente_feridos;gravemente_feridos;mortos;3
17/01/2016;22:40:00;631;sem vítima;27;BR-116/SP;Pista Norte;Choque em defensa;1;1;0;0;0;0;1
10/01/2016;07:37:00;114;com vítima;27,9;BR-116/SP;Pista Norte;Colisão traseira;1;5;2;0;0;0;1
29/04/2016;17:33:00;636;sem vítima;27,799999237060547;BR-116/SP;Pista Norte;Choque em Barreira New Jersey;2;7;;;;;1
28/07/2016;08:46:00;250;com vítima;27,5;BR-116/SP;Pista Sul;Choque Talude;2;1;2;;;;1
16/02/2016;03:10:00;45;sem vítima;28;BR-116/SP;Pista Sul;Outros;1;1;;;;;1
26/02/2016;21:26:00;908;sem vítima;28,5;BR-116/SP;Pista Norte;Abalroamento - Longitudinal;1;2;;;;;1
15/01/2016;03:32:00;63;sem vítima;28,55;BR-116/SP;Pista Sul;Outros;1;1;0;0;0;0;1
15/04/2016;17:13:00;711;sem vítima;28,299999237060547;BR-116/SP;Pista Sul;Abalroamento - Longitudinal;1;3;;;;;1
16/06/2016;19:06:00;782;sem vítima;29,899999618530273;BR-116/SP;Pista Sul;Colisão Traseira;2;2;;;;;1
07/04/2016;15:47:00;610;com vítima;30,200000762939453;BR-116/SP;Pista Sul;Colisão Traseira;2;1;1;;;;1
02/05/2016;22:19:00;800;com vítima;30,700000762939453;BR-116/SP;Pista Sul;Colisão Traseira;1;1;1;;;;1
09/05/2016;13:32:00;506;sem vítima;31,100000381469727;BR-116/SP;Pista Norte;Choque em Defensa;1;1;;;;;1
22/07/2016;19:46:00;772;sem vítima;31,299999237060547;BR-116/SP;Pista Norte;Abalroamento - Longitudinal;1;6;;;;;1
28/04/2016;17:38:00;679;com vítima;32,54999923706055;BR-116/SP;Pista Norte;Abalroamento - Longitudinal;2;1;1;;;;1
12/01/2016;12:20:00;420;sem vítima;34,4;BR-116/SP;Pista Sul;Colisão traseira;2;2;0;0;0;0;1
24/03/2016;23:14:00;944;com vítima;34,400001525878906;BR-116/SP;Pista Norte;Abalroamento - Longitudinal;1;3;3;;;;1
01/06/2016;03:40:00;66;sem vítima;34,29999923706055;BR-116/SP;Pista Norte;Colisão Traseira;2;2;;;;;1
28/04/2016;03:10:00;49;sem vítima;35;BR-116/SP;Pista Norte;Colisão Traseira;1;2;;;;;1
11/08/2016;19:57:00;766;sem vítima;35,9;BR-116/SP;Pista Norte;Atropelamento de animal;1;1;0;0;0;0;1
20/01/2016;19:51:00;771;sem vítima;36,45;BR-116/SP;Pista Sul;Outros;1;3;0;0;0;0;1
21/05/2016;11:28:00;383;com vítima;36,70000076293945;BR-116/SP;Pista Sul;Choque em Defensa;1;8;;;1;;2
23/05/2016;18:10:00;639;sem vítima;36;BR-116/SP;Pista Sul;Choque em objeto na pista;1;3;;;;;1
02/08/2016;07:43:00;193;sem vítima;36,6;BR-116/SP;Pista Sul;Tombamento;1;1;0;0;0;0;1
12/02/2016;06:53:00;113;sem vítima;38,099998474121094;BR-116/SP;Pista Sul;Colisão Traseira;1;2;;;;;1
24/08/2016;00:20:00;12;sem vítima;38;BR-116/SP;Pista Sul;Choque em veículo parado na pista;1;6;0;0;0;0;1
28/04/2016;17:08:00;656;sem vítima;39,099998474121094;BR-116/SP;Pista Sul;Abalroamento - Longitudinal;1;10;;;;;1
16/05/2016;08:13:00;224;sem vítima;39,20000076293945;BR-116/SP;Pista Norte;Abalroamento - Longitudinal;1;2;;;;;1
07/06/2016;04:42:00;79;com vítima;39,29999923706055;BR-116/SP;Pista Sul;Colisão Traseira;1;1;1;;;;1
31/03/2016;05:05:00;91;sem vítima;40,20000076293945;BR-116/SP;Pista Norte;Choque em Defensa;1;1;;;;;1
29/03/2016;07:00:00;149;sem vítima;41,5;BR-116/SP;Pista Sul;Abalroamento - Longitudinal;1;2;;;;;1
22/07/2016;04:41:00;83;sem vítima;42,099998474121094;BR-116/SP;Pista Sul;Abalroamento - Longitudinal;1;33;;;;;1
26/06/2016;22:26:00;697;sem vítima;43;BR-116/SP;Pista Sul;Abalroamento - Longitudinal;1;2;;;;;1
21/01/2016;03:43:00;52;sem vítima;44,3;BR-116/SP;Pista Sul;Atropelamento - Animal;1;1;0;0;0;0;1
19/05/2016;22:38:00;850;sem vítima;45,29999923706055;BR-116/SP;Pista Norte;Abalroamento - Longitudinal;2;2;;;;;1
20/05/2016;06:41:00;133;sem vítima;45,599998474121094;BR-116/SP;Pista Norte;Colisão Traseira;2;2;;;;;1
06/07/2016;03:27:00;59;sem vítima;45,5;BR-116/SP;Pista Norte;Colisão Traseira;2;2;;;;;1
02/03/2016;15:19:00;590;sem vítima;46;BR-116/SP;Pista Sul;Colisão Traseira;1;2;;;;;1
05/07/2016;00:35:00;18;sem vítima;46,79999923706055;BR-116/SP;Pista Sul;Colisão Traseira;2;2;;;;;1
23/06/2016;13:47:00;553;sem vítima;47,29999923706055;BR-116/SP;Pista Norte;Colisão Traseira;1;14;;;;;1
20/02/2016;20:06:00;595;com vítima;48,20000076293945;BR-116/SP;Pista Norte;Choque em veículo parado na pista;1;6;1;;;;1
25/05/2016;23:07:00;922;com vítima;50,900001525878906;BR-116/SP;Pista Sul;Engavetamento;2;1;1;;;;1
23/07/2016;02:39:00;56;sem vítima;50,0099983215332;BR-116/SP;Pista Norte;Choque em Barreira New Jersey;1;3;;;;;1
05/02/2016;20:37:00;863;sem vítima;51,20000076293945;BR-116/SP;Pista Norte;Abalroamento - Longitudinal;1;3;;;;;1
07/05/2016;01:25:00;40;sem vítima;51,20000076293945;BR-116/SP;Pista Norte;Colisão Traseira;1;2;;;;;1
07/05/2016;21:31:00;774;com vítima;52,900001525878906;BR-116/SP;Pista Sul;Colisão Traseira;1;1;;1;;;2
19/04/2016;21:51:00;867;com vítima;53,599998474121094;BR-116/SP;Pista Norte;Choque em Defensa;1;0;1;2;;;2
02/06/2016;08:14:00;227;sem vítima;54,099998474121094;BR-116/SP;Pista Norte;Choque em objeto fixo;1;2;;;;;1
22/07/2016;14:27:00;528;sem vítima;54,5;BR-116/SP;Pista Norte;Colisão Traseira;1;2;;;;;1
29/07/2016;16:25:00;671;sem vítima;54;BR-116/SP;Pista Norte;Abalroamento - Longitudinal;1;2;;;;;1
22/07/2016;16:18:00;618;sem vítima;55,099998474121094;BR-116/SP;Pista Norte;Colisão Traseira;1;2;;;;;1
01/02/2016;00:51:00;26;sem vítima;56,25;BR-116/SP;Pista Sul;Atropelamento - Animal;1;1;;;;;1
15/04/2016;14:48:00;593;sem vítima;56,599998474121094;BR-116/SP;Pista Norte;Colisão Traseira;1;11;;;;;1
08/05/2016;20:02:00;652;com vítima;56,20000076293945;BR-116/SP;Pista Sul;Abalroamento - Longitudinal;1;4;;1;;;2
26/06/2016;00:47:00;22;com vítima;56,95000076293945;BR-116/SP;Pista Norte;Colisão Traseira;2;1;;;1;;2
09/07/2016;20:12:00;653;sem vítima;56;BR-116/SP;Pista Sul;Choque em objeto na pista;1;5;;;;;1
25/02/2016;15:18:00;573;sem vítima;57;BR-116/SP;Pista Norte;Colisão Traseira;2;2;;;;;1
15/04/2016;15:02:00;608;com vítima;57,099998474121094;BR-116/SP;Pista Norte;Colisão Traseira;2;0;1;1;;;2
23/06/2016;13:42:00;550;sem vítima;57,099998474121094;BR-116/SP;Pista Norte;Choque em Barreira New Jersey;2;2;;;;;1
22/07/2016;15:59:00;604;sem vítima;57,5;BR-116/SP;Pista Norte;Abalroamento - Longitudinal;1;3;;;;;1
09/08/2016;09:58:00;353;sem vítima;57,9;BR-116/SP;Pista Sul;Colisão traseira;1;3;0;0;0;0;1
22/01/2016;06:36:00;94;com vítima;58,5;BR-116/SP;Pista Norte;Choque em barreira New Jersey;1;1;1;0;0;0;1
06/03/2016;22:08:00;700;com vítima;58,45000076293945;BR-116/SP;Pista Norte;Atropelamento - Pedestre caminhando;1;1;;1;;;2
29/07/2016;19:56:00;853;com vítima;60,79999923706055;BR-116/SP;Pista Norte;Abalroamento - Longitudinal;1;1;;1;;;2
25/02/2016;05:14:00;79;com vítima;61,29999923706055;BR-116/SP;Pista Norte;Choque em Defensa;1;0;1;;;;1
19/04/2016;07:19:00;182;sem vítima;61,20000076293945;BR-116/SP;Pista Sul;Colisão Traseira;2;3;;;;;1
12/06/2016;12:28:00;337;sem vítima;61,099998474121094;BR-116/SP;Pista Norte;Outros;1;2;;;;;1
08/01/2016;02:56:00;51;sem vítima;62,15;BR-116/SP;Pista Norte;Colisão traseira;2;2;0;0;0;0;1
19/08/2016;01:29:00;24;sem vítima;62,1;BR-116/SP;Pista Norte;Abalroamento longitudinal;2;2;0;0;0;0;1
21/03/2016;18:05:00;739;com vítima;63,599998474121094;BR-116/SP;Pista Norte;Colisão Traseira;1;1;2;;;;1
28/01/2016;10:57:00;360;sem vítima;64;BR-116/SP;Pista Sul;Colisão traseira;2;2;0;0;0;0;1
07/07/2016;15:36:00;676;sem vítima;64,69999694824219;BR-116/SP;Pista Norte;Choque em Barreira New Jersey;1;2;;;;;1
12/07/2016;19:17:00;843;sem vítima;64,19999694824219;BR-116/SP;Pista Norte;Abalroamento - Longitudinal;1;2;;;;;1
07/03/2016;18:09:00;737;sem vítima;65,13999938964844;BR-116/SP;Pista Sul;Queda de ribanceira;1;1;;;;;1
11/03/2016;21:37:00;966;sem vítima;65,19999694824219;BR-116/SP;Pista Sul;Abalroamento - Longitudinal;1;5;;;;;1
18/03/2016;21:12:00;918;sem vítima;65,30000305175781;BR-116/SP;Pista Sul;Colisão Traseira;1;5;;;;;1
23/03/2016;17:39:00;708;sem vítima;65,4000015258789;BR-116/SP;Pista Norte;Queda de ribanceira;1;1;;;;;1
16/04/2016;16:57:00;547;sem vítima;65,1500015258789;BR-116/SP;Pista Norte;Queda de Carga;1;1;;;;;1
17/06/2016;06:21:00;117;sem vítima;65,0999984741211;BR-116/SP;Pista Norte;Abalroamento - Longitudinal;1;2;;;;;1
24/06/2016;21:21:00;875;sem vítima;65,0999984741211;BR-116/SP;Pista Sul;Choque em Barreira New Jersey;1;1;;;;;1
24/06/2016;21:27:00;879;sem vítima;65,0999984741211;BR-116/SP;Pista Norte;Choque em objeto na pista;1;3;;;;;1
25/07/2016;02:43:00;50;sem vítima;65;BR-116/SP;Pista Sul;Choque em objeto na pista;1;1;;;;;1
29/08/2016;16:37:00;641;sem vítima;65,4;BR-116/SP;Pista Sul;Abalroamento longitudinal;1;2;0;0;0;0;1
02/07/2016;01:42:00;48;sem vítima;66,8499984741211;BR-116/SP;Pista Norte;Colisão Traseira;2;3;;;;;1
15/03/2016;14:59:00;577;com vítima;67,86000061035156;BR-116/SP;Pista Sul;Engavetamento;2;2;4;;;;1
16/04/2016;18:19:00;598;sem vítima;68,19999694824219;BR-116/SP;Pista Sul;Choque em objeto na pista;1;1;;;;;1
10/05/2016;02:36:00;64;com vítima;68;BR-116/SP;Pista Norte;Choque em objeto fixo;1;0;1;;;;1
03/01/2016;02:22:00;33;sem vítima;70,1;BR-116/SP;Pista Norte;Colisão traseira;1;3;0;0;0;0;1
26/04/2016;22:31:00;852;com vítima;70;BR-116/SP;Pista Norte;Choque em objeto na pista;1;4;1;;;;1
21/08/2016;07:40:00;144;com vítima;70,1;BR-116/SP;Pista Norte;Choque em barreira New Jersey;1;3;1;0;0;0;1
23/01/2016;07:29:00;125;sem vítima;71,1;BR-116/SP;Pista Norte;Abalroamento - Longitudinal;1;3;0;0;0;0;1
10/03/2016;19:50:00;781;com vítima;71,80000305175781;BR-116/SP;Pista Norte;Choque em Barreira New Jersey;1;0;1;;;;1
12/04/2016;16:42:00;675;com vítima;71;BR-116/SP;Pista Norte;Colisão Traseira;1;1;3;;;;1
27/03/2016;17:19:00;568;com vítima;72,5;BR-116/SP;Pista Norte;Choque em veículo parado na pista;2;0;;2;;;2
29/04/2016;10:35:00;340;sem vítima;72,0999984741211;BR-116/SP;Pista Sul;Colisão Traseira;2;3;;;;;1
12/05/2016;15:50:00;605;sem vítima;72,5;BR-116/SP;Pista Norte;Colisão Traseira;1;2;;;;;1
24/06/2016;13:11:00;511;sem vítima;73,0999984741211;BR-116/SP;Pista Norte;Abalroamento - Longitudinal;2;3;;;;;1
20/02/2016;07:31:00;128;sem vítima;74,80000305175781;BR-116/SP;Pista Norte;Abalroamento - Longitudinal;1;5;;;;;1
12/06/2016;12:08:00;320;com vítima;74,0999984741211;BR-116/SP;Pista Norte;Colisão Traseira;1;4;;1;;;2
08/01/2016;13:01:00;421;com vítima;75,3;BR-116/SP;Pista Norte;Tombamento;1;0;1;0;0;0;1
10/05/2016;00:34:00;27;sem vítima;75,69999694824219;BR-116/SP;Pista Sul;Colisão Traseira;2;2;;;;;1
01/08/2016;14:59:00;567;com vítima;75;BR-116/SP;Pista Sul;Choque em defensa;1;2;0;1;0;0;2
03/02/2016;14:13:00;570;sem vítima;76,5999984741211;BR-116/SP;Pista Sul;Choque em objeto na pista;1;3;;;;;1
17/08/2016;07:03:00;143;sem vítima;78;BR-116/SP;Pista Norte;Colisão traseira;1;2;0;0;0;0;1
10/05/2016;16:11:00;596;sem vítima;79,69999694824219;BR-116/SP;Pista Sul;Abalroamento - Longitudinal;1;2;;;;;1
18/07/2016;18:59:00;738;sem vítima;79,68800354003906;BR-116/SP;Pista Sul;Abalroamento - Longitudinal;1;2;;;;;1
04/06/2016;00:59:00;24;sem vítima;80,5;BR-116/SP;Pista Norte;Choque em objeto fixo;1;2;;;;;1
10/06/2016;03:35:00;78;com vítima;80,5999984741211;BR-116/SP;Pista Norte;Colisão Traseira;2;2;;1;;;2
05/08/2016;12:25:00;440;sem vítima;80,4;BR-116/SP;Pista Sul;Abalroamento longitudinal;1;3;0;0;0;0;1
23/08/2016;07:08:00;148;sem vítima;80,1;BR-116/SP;Pista Sul;Colisão traseira;2;2;0;0;0;0;1
24/02/2016;08:11:00;217;com vítima;81,0999984741211;BR-116/SP;Pista Sul;Abalroamento - Longitudinal;1;1;;1;;;2
28/06/2016;06:18:00;105;sem vítima;82,9000015258789;BR-116/SP;Pista Norte;Choque em Defensa;1;1;;;;;1
05/07/2016;20:58:00;745;com vítima;82,0999984741211;BR-116/SP;Pista Norte;Colisão Traseira;2;1;;;1;;2
12/01/2016;00:36:00;15;com vítima;84,9;BR-116/SP;Pista Norte;Colisão traseira;1;3;1;0;0;0;1
15/03/2016;21:52:00;847;com vítima;84,69999694824219;BR-116/SP;Pista Sul;Engavetamento;1;7;1;;;;1
09/04/2016;07:37:00;195;com vítima;84;BR-116/SP;Pista Norte;Choque em Defensa;1;4;1;;;;1
26/05/2016;14:07:00;496;com vítima;84,5;BR-116/SP;Pista Sul;Colisão Traseira;1;16;21;;1;1;3
09/06/2016;12:19:00;487;sem vítima;84,80000305175781;BR-116/SP;Pista Norte;Abalroamento - Longitudinal;1;24;;;;;1
18/07/2016;05:19:00;79;com vítima;84,75;BR-116/SP;Pista Norte;Atropelamento - Pedestre caminhando;1;1;;;;1;3
10/08/2016;04:47:00;94;com vítima;84,1;BR-116/SP;Pista Norte;Colisão traseira;1;30;0;2;0;0;2
25/01/2016;17:19:00;616;com vítima;85;BR-116/SP;Pista Norte;Tombamento;1;0;1;0;0;0;1
14/01/2016;12:55:00;425;sem vítima;86,8;BR-116/SP;Pista Norte;Colisão traseira;2;2;0;0;0;0;1
05/02/2016;22:57:00;940;sem vítima;86,94999694824219;BR-116/SP;Pista Norte;Colisão Traseira;1;6;;;;;1
04/01/2016;09:40:00;275;sem vítima;86,95;BR-116/SP;Pista Norte;Colisão traseira;1;3;0;0;0;0;1
24/01/2016;07:03:00;90;sem vítima;86,95;BR-116/SP;Pista Norte;Colisão traseira;1;51;0;0;0;0;1
24/01/2016;15:41:00;324;sem vítima;86,95;BR-116/SP;Pista Norte;Abalroamento - Longitudinal;1;3;0;0;0;0;1
24/01/2016;16:48:00;370;sem vítima;86,95;BR-116/SP;Pista Norte;Engavetamento;2;7;0;0;0;0;1
24/03/2016;07:14:00;150;sem vítima;86,9000015258789;BR-116/SP;Pista Norte;Colisão Traseira;2;2;;;;;1
27/04/2016;02:04:00;40;com vítima;86,6500015258789;BR-116/SP;Pista Norte;Atropelamento - Pedestre caminhando;1;1;;;;1;3
12/05/2016;09:02:00;326;sem vítima;86,94999694824219;BR-116/SP;Pista Norte;Abalroamento - Longitudinal;1;3;;;;;1
16/06/2016;21:23:00;858;sem vítima;86,94999694824219;BR-116/SP;Pista Norte;Colisão Traseira;1;5;;;;;1
01/07/2016;22:29:00;991;com vítima;86,94999694824219;BR-116/SP;Pista Norte;Colisão Traseira;1;3;1;;;;1
05/07/2016;06:58:00;117;sem vítima;86,94999694824219;BR-116/SP;Pista Norte;Colisão Traseira;2;2;;;;;1
06/07/2016;15:51:00;657;sem vítima;86,94999694824219;BR-116/SP;Pista Sul;Colisão Traseira;1;3;;;;;1
09/08/2016;19:36:00;782;sem vítima;86,95;BR-116/SP;Pista Norte;Choque em veículo parado na pista;1;42;0;0;0;0;1
05/02/2016;19:33:00;808;sem vítima;87;BR-116/SP;Pista Norte;Colisão Traseira;1;2;;;;;1
15/01/2016;03:52:00;74;sem vítima;87,1;BR-116/SP;Pista Sul;Choque em objeto fixo;1;1;0;0;0;0;1
26/06/2016;06:31:00;135;com vítima;88,80000305175781;BR-116/SP;Pista Norte;Colisão Traseira;1;1;;1;;;2
09/07/2016;02:58:00;64;sem vítima;88,69999694824219;BR-116/SP;Pista Sul;Atropelamento - Animal;1;2;;;;;1
18/08/2016;01:46:00;34;com vítima;88,6;BR-116/SP;Pista Norte;Colisão traseira;2;1;0;1;0;0;2
25/03/2016;03:24:00;77;com vítima;89,69999694824219;BR-116/SP;Pista Sul;Tombamento;1;0;1;;;;1
13/07/2016;17:09:00;680;sem vítima;90,30000305175781;BR-116/SP;Pista Sul;Abalroamento - Longitudinal;1;2;;;;;1
29/07/2016;00:36:00;17;sem vítima;90;BR-116/SP;Pista Norte;Choque em veículo parado na pista;1;3;;;;;1
14/01/2016;15:59:00;557;sem vítima;92;BR-116/SP;Pista Sul;Abalroamento - Longitudinal;1;2;0;0;0;0;1
29/01/2016;07:09:00;122;com vítima;92,1;BR-116/SP;Pista Sul;Colisão traseira;1;3;1;0;0;0;1
01/02/2016;03:40:00;69;sem vítima;92,19999694824219;BR-116/SP;Pista Norte;Choque em objeto na pista;1;1;;;;;1
28/06/2016;01:25:00;35;sem vítima;92,55000305175781;BR-116/SP;Pista Norte;Choque em Barreira New Jersey;1;1;;;;;1
04/03/2016;10:00:00;325;com vítima;94,5;BR-116/SP;Pista Norte;Queda de moto;1;1;1;;;;1
07/03/2016;00:42:00;23;sem vítima;94,80000305175781;BR-116/SP;Pista Norte;Colisão Traseira;1;3;;;;;1
14/07/2016;02:52:00;68;sem vítima;94;BR-116/SP;Pista Sul;Abalroamento - Longitudinal;2;2;;;;;1
29/07/2016;08:47:00;280;com vítima;94,9000015258789;BR-116/SP;Pista Sul;Tombamento;1;0;1;;;;1
09/03/2016;20:17:00;844;sem vítima;95,4000015258789;BR-116/SP;Pista Sul;Outros;2;2;;;;;1
04/06/2016;11:47:00;343;com vítima;95,69999694824219;BR-116/SP;Pista Norte;Colisão Traseira;1;1;1;;;;1
23/06/2016;04:11:00;73;sem vítima;95,19999694824219;BR-116/SP;Pista Norte;Atropelamento - Animal;1;3;;;;;1
19/04/2016;19:19:00;789;sem vítima;96,4000015258789;BR-116/SP;Pista Sul;Outros;1;1;;;;;1
01/05/2016;20:50:00;598;sem vítima;98,80000305175781;BR-116/SP;Pista Sul;Abalroamento - Longitudinal;1;2;;;;;1
10/08/2016;15:33:00;535;sem vítima;98;BR-116/SP;Pista Sul;Engavetamento;1;5;0;0;0;0;1
31/08/2016;17:17:00;762;com vítima;98,1;BR-116/SP;Pista Norte;Engavetamento;1;10;1;0;0;0;1
18/05/2016;05:38:00;132;sem vítima;99,30000305175781;BR-116/SP;Pista Sul;Abalroamento - Longitudinal;1;2;;;;;1
07/04/2016;23:52:00;977;com vítima;100,94999694824219;BR-116/SP;Pista Sul;Colisão Traseira;1;1;;1;;;2
28/04/2016;16:58:00;648;sem vítima;100,80000305175781;BR-116/SP;Pista Norte;Colisão Traseira;2;3;;;;;1
13/05/2016;06:49:00;146;sem vítima;100,30000305175781;BR-116/SP;Pista Norte;Colisão Traseira;1;2;;;;;1
10/01/2016;15:23:00;345;sem vítima;101,2;BR-116/SP;Pista Sul;Choque em barreira New Jersey;1;2;0;0;0;0;1
27/02/2016;23:15:00;828;sem vítima;101,5999984741211;BR-116/SP;Pista Norte;Choque em veículo parado na pista;1;2;;;;;1
01/07/2016;01:59:00;50;sem vítima;101;BR-116/SP;Pista Norte;Choque em Barreira New Jersey;1;1;;;;;1
22/08/2016;03:54:00;54;sem vítima;101,4;BR-116/SP;Pista Sul;Colisão traseira;1;51;0;0;0;0;1
07/06/2016;23:44:00;787;sem vítima;102,4000015258789;BR-116/SP;Pista Norte;Choque em objeto na pista;3;5;;;;;1
12/03/2016;02:23:00;52;sem vítima;103,19999694824219;BR-116/SP;Pista Norte;Choque em Barreira New Jersey;1;1;;;;;1
20/05/2016;21:40:00;837;com vítima;103,69999694824219;BR-116/SP;Pista Norte;Queda de moto;1;2;1;;;;1
06/01/2016;01:28:00;20;sem vítima;104,38;BR-116/SP;Pista Norte;Colisão traseira;2;2;0;0;0;0;1
06/04/2016;16:56:00;689;sem vítima;104,80000305175781;BR-116/SP;Pista Norte;Abalroamento - Longitudinal;1;3;;;;;1
08/04/2016;21:52:00;915;sem vítima;105,9000015258789;BR-116/SP;Pista Sul;Colisão Traseira;2;2;;;;;1
18/07/2016;09:00:00;246;com vítima;105,4000015258789;BR-116/SP;Pista Sul;Queda de moto;1;1;;2;;;2
01/02/2016;08:58:00;251;sem vítima;106,9000015258789;BR-116/SP;Pista Norte;Colisão Traseira;1;2;;;;;1
02/03/2016;04:08:00;63;sem vítima;106,69999694824219;BR-116/SP;Pista Norte;Choque em objeto fixo;1;1;;;;;1
14/03/2016;17:01:00;658;sem vítima;106;BR-116/SP;Pista Norte;Colisão Traseira;1;46;;;;;1
03/02/2016;01:38:00;32;sem vítima;107,5;BR-116/SP;Pista Norte;Colisão Traseira;1;3;;;;;1
02/03/2016;06:15:00;110;sem vítima;107,80000305175781;BR-116/SP;Pista Norte;Engavetamento;1;4;;;;;1
25/05/2016;17:11:00;685;sem vítima;107,30000305175781;BR-116/SP;Pista Norte;Colisão Traseira;1;2;;;;;1
30/05/2016;08:52:00;304;sem vítima;107,30000305175781;BR-116/SP;Pista Sul;Abalroamento - Longitudinal;1;2;;;;;1
01/06/2016;08:47:00;282;sem vítima;107;BR-116/SP;Pista Sul;Abalroamento - Longitudinal;1;2;;;;;1
24/03/2016;18:31:00;758;sem vítima;108,5999984741211;BR-116/SP;Pista Sul;Abalroamento - Longitudinal;1;2;;;;;1
05/05/2016;19:22:00;705;sem vítima;108,4000015258789;BR-116/SP;Pista Norte;Choque em objeto na pista;1;3;;;;;1
27/01/2016;10:32:00;372;sem vítima;109,4;BR-116/SP;Pista Norte;Choque em barreira New Jersey;1;1;0;0;0;0;1
04/02/2016;10:14:00;390;com vítima;109,4000015258789;BR-116/SP;Pista Sul;Atropelamento - Pedestre atravessando;1;1;1;;;;1
05/04/2016;19:27:00;826;com vítima;109,9000015258789;BR-116/SP;Pista Sul;Choque em objeto na pista;1;1;;1;;;2
12/04/2016;04:46:00;94;sem vítima;109,9000015258789;BR-116/SP;Pista Norte;Choque em veículo parado na pista;1;3;;;;;1
17/06/2016;18:03:00;779;sem vítima;109,19999694824219;BR-116/SP;Pista Sul;Abalroamento - Longitudinal;2;2;;;;;1
30/07/2016;09:44:00;296;sem vítima;109,30000305175781;BR-116/SP;Pista Sul;Colisão Traseira;1;4;;;;;1
04/08/2016;11:05:00;411;sem vítima;109,9;BR-116/SP;Pista Sul;Engavetamento;1;7;0;0;0;0;1
13/08/2016;19:07:00;635;sem vítima;109,8;BR-116/SP;Pista Sul;Colisão traseira;1;2;0;0;0;0;1
10/01/2016;14:54:00;335;com vítima;110,4;BR-116/SP;Pista Norte;Colisão traseira;1;1;0;0;1;0;2
09/02/2016;20:40:00;652;com vítima;110,69999694824219;BR-116/SP;Pista Norte;Queda de moto;1;1;1;;;;1
04/04/2016;11:38:00;453;sem vítima;110,4000015258789;BR-116/SP;Pista Norte;Engavetamento;1;4;;;;;1
06/04/2016;19:54:00;818;sem vítima;110,0999984741211;BR-116/SP;Pista Norte;Colisão Traseira;1;3;;;;;1
16/04/2016;05:58:00;96;sem vítima;110,1500015258789;BR-116/SP;Pista Norte;Colisão Traseira;2;2;;;;;1
06/05/2016;07:35:00;175;sem vítima;110,19999694824219;BR-116/SP;Pista Sul;Colisão Traseira;2;2;;;;;1
01/08/2016;21:25:00;826;sem vítima;110,1;BR-116/SP;Pista Sul;Colisão traseira;1;2;0;0;0;0;1
25/08/2016;15:11:00;560;sem vítima;110,1;BR-116/SP;Pista Sul;Choque em objeto fixo;1;1;0;0;0;0;1
03/02/2016;10:42:00;401;sem vítima;111,30000305175781;BR-116/SP;Pista Norte;Abalroamento - Longitudinal;1;2;;;;;1
11/02/2016;19:29:00;672;sem vítima;112,02999877929688;BR-116/SP;Pista Norte;Choque em objeto fixo;1;2;;;;;1
10/01/2016;22:05:00;602;sem vítima;112,25;BR-116/SP;Pista Sul;Colisão traseira;1;2;0;0;0;0;1
15/06/2016;08:07:00;205;sem vítima;112,30000305175781;BR-116/SP;Pista Norte;Abalroamento - Longitudinal;1;2;;;;;1
05/08/2016;00:29:00;12;sem vítima;112,85;BR-116/SP;Pista Norte;Colisão traseira;2;2;0;0;0;0;1
04/02/2016;16:47:00;694;sem vítima;113,69999694824219;BR-116/SP;Pista Norte;Colisão Traseira;2;2;;;;;1
02/01/2016;14:50:00;375;sem vítima;113,8;BR-116/SP;Pista Sul;Colisão traseira;2;2;0;0;0;0;1
07/05/2016;16:45:00;616;sem vítima;113;BR-116/SP;Pista Sul;Choque em objeto na pista;2;2;;;;;1
14/06/2016;17:36:00;717;com vítima;113,05000305175781;BR-116/SP;Pista Norte;Colisão Traseira;1;6;2;;;;1
30/05/2016;17:54:00;707;com vítima;114,0999984741211;BR-116/SP;Pista Sul;Colisão Traseira;1;4;1;;;;1
22/08/2016;10:42:00;348;sem vítima;114,5;BR-116/SP;Pista Sul;Choque em objeto na pista;1;2;0;0;0;0;1
19/02/2016;08:51:00;250;com vítima;115,80000305175781;BR-116/SP;Pista Sul;Colisão Traseira;1;2;1;;;;1