data;horario;n_da_ocorrencia;tipo_de_ocorrencia;km;trecho;sentido;tipo_de_acidente;caminhao;ilesos;levemente_feridos;moderadamente_feridos;gravemente_feridos;mortos;3
28/04/2016;02:44:00;41;sem vítima;115,9000015258789;BR-116/SP;Pista Norte;Choque em objeto na pista;1;2;;;;;1
07/06/2016;11:05:00;360;sem vítima;115,5;BR-116/SP;Pista Norte;Choque em objeto na pista;1;4;;;;;1
23/06/2016;11:32:00;453;sem vítima;115,80000305175781;BR-116/SP;Pista Norte;Abalroamento - Longitudinal;1;2;;;;;1
07/07/2016;14:02:00;577;sem vítima;115,19999694824219;BR-116/SP;Pista Sul;Abalroamento - Longitudinal;1;2;;;;;1
14/07/2016;03:27:00;75;com vítima;115,30000305175781;BR-116/SP;Pista Sul;Colisão Traseira;1;1;1;;;;1
19/02/2016;01:57:00;40;sem vítima;116,0999984741211;BR-116/SP;Pista Norte;Colisão Traseira;1;2;;;;;1
20/01/2016;16:41:00;634;com vítima;116,6;BR-116/SP;Pista Sul;Abalroamento - Longitudinal;1;3;1;0;0;0;1
05/02/2016;19:48:00;822;sem vítima;116,69999694824219;BR-116/SP;Pista Norte;Abalroamento - Longitudinal;1;2;;;;;1
03/04/2016;14:23:00;429;sem vítima;116;BR-116/SP;Pista Norte;Choque em Defensa;2;2;;;;;1
29/04/2016;15:30:00;547;sem vítima;116,0999984741211;BR-116/SP;Pista Sul;Choque em Barreira New Jersey;1;1;;;;;1
06/05/2016;13:38:00;514;sem vítima;116,19999694824219;BR-116/SP;Pista Norte;Engavetamento;2;5;;;;;1
23/05/2016;04:19:00;67;sem vítima;116,05000305175781;BR-116/SP;Pista Norte;Outros;1;2;;;;;1
02/06/2016;22:12:00;833;com vítima;116,80000305175781;BR-116/SP;Pista Norte;Abalroamento - Longitudinal;1;1;1;;;;1
18/07/2016;20:12:00;783;sem vítima;116,19999694824219;BR-116/SP;Pista Sul;Abalroamento - Longitudinal;1;3;;;;;1
20/05/2016;09:48:00;336;sem vítima;117;BR-116/SP;Pista Norte;Abalroamento - Longitudinal;1;3;;;;;1
10/06/2016;09:45:00;347;sem vítima;117,30000305175781;BR-116/SP;Pista Norte;Engavetamento;3;3;;;;;1
20/07/2016;01:28:00;30;sem vítima;117,0999984741211;BR-116/SP;Pista Norte;Colisão Traseira;1;3;;;;;1
24/03/2016;19:34:00;804;sem vítima;118,5999984741211;BR-116/SP;Pista Norte;Engavetamento;1;4;;;;;1
24/04/2016;07:58:00;177;sem vítima;118;BR-116/SP;Pista Sul;Colisão Traseira;2;2;;;;;1
19/03/2016;18:11:00;635;sem vítima;119,9000015258789;BR-116/SP;Pista Norte;Choque em objeto fixo;1;3;;;;;1
21/04/2016;20:55:00;696;sem vítima;119,5;BR-116/SP;Pista Sul;Choque em objeto na pista;1;7;;;;;1
15/01/2016;22:35:00;942;sem vítima;120,15;BR-116/SP;Pista Norte;Outros;1;14;0;0;0;0;1
24/01/2016;06:14:00;72;com vítima;120,42;BR-116/SP;Pista Sul;Colisão traseira;1;3;3;0;0;1;3
08/06/2016;23:04:00;895;sem vítima;122,0999984741211;BR-116/SP;Pista Sul;Colisão Traseira;2;2;;;;;1
13/06/2016;15:06:00;563;sem vítima;122,69999694824219;BR-116/SP;Pista Norte;Choque em objeto na pista;1;2;;;;;1
23/06/2016;16:02:00;660;com vítima;122;BR-116/SP;Pista Norte;Engavetamento;1;4;3;;;;1
12/02/2016;15:03:00;556;sem vítima;123,19999694824219;BR-116/SP;Pista Sul;Colisão Traseira;2;2;;;;;1
28/03/2016;19:28:00;751;sem vítima;123,69999694824219;BR-116/SP;Pista Norte;Abalroamento - Longitudinal;1;3;;;;;1
26/07/2016;03:07:00;59;com vítima;123,69999694824219;BR-116/SP;Pista Norte;Colisão Traseira;2;1;;;1;;2
24/02/2016;05:24:00;84;sem vítima;124,4000015258789;BR-116/SP;Pista Norte;Tombamento;1;1;;;;;1
09/05/2016;16:14:00;624;com vítima;124,4000015258789;BR-116/SP;Pista Sul;Abalroamento - Longitudinal;1;1;1;;;;1
12/07/2016;07:54:00;216;sem vítima;124;BR-116/SP;Pista Sul;Abalroamento - Longitudinal;1;2;;;;;1
03/02/2016;16:30:00;684;sem vítima;125,83000183105469;BR-116/SP;Pista Sul;Tombamento;1;1;;;;;1
16/03/2016;16:45:00;711;sem vítima;125,4000015258789;BR-116/SP;Pista Sul;Abalroamento - Longitudinal;1;4;;;;;1
08/04/2016;21:46:00;912;sem vítima;125;BR-116/SP;Pista Norte;Abalroamento - Longitudinal;1;2;;;;;1
22/04/2016;21:43:00;791;sem vítima;125;BR-116/SP;Pista Norte;Abalroamento - Longitudinal;1;2;;;;;1
18/07/2016;12:38:00;444;sem vítima;125;BR-116/SP;Pista Sul;Choque em objeto na pista;1;2;;;;;1
06/05/2016;01:51:00;40;sem vítima;126,9800033569336;BR-116/SP;Pista Norte;Colisão Traseira;1;5;;;;;1
16/05/2016;18:16:00;719;sem vítima;126,80000305175781;BR-116/SP;Pista Norte;Colisão Traseira;2;2;;;;;1
23/05/2016;12:35:00;396;com vítima;126,4000015258789;BR-116/SP;Pista Sul;Choque em veículo parado na pista;1;1;;1;;;2
19/07/2016;23:14:00;911;com vítima;126,69999694824219;BR-116/SP;Pista Norte;Colisão Traseira;1;16;13;2;1;;2
21/05/2016;13:00:00;438;sem vítima;127,5;BR-116/SP;Pista Norte;Colisão Traseira;1;3;;;;;1
02/06/2016;18:46:00;727;sem vítima;127;BR-116/SP;Pista Sul;Colisão Traseira;2;2;;;;;1
07/06/2016;05:29:00;86;com vítima;127,5;BR-116/SP;Pista Sul;Colisão Traseira;1;24;1;;;;1
16/05/2016;19:22:00;761;com vítima;128,60000610351562;BR-116/SP;Pista Norte;Engavetamento;1;2;1;;;;1
10/06/2016;12:53:00;489;sem vítima;128,6999969482422;BR-116/SP;Pista Sul;Abalroamento - Longitudinal;1;4;;;;;1
10/06/2016;19:31:00;767;com vítima;128,5;BR-116/SP;Pista Sul;Atropelamento - Pedestre atravessando;2;4;2;;;;1
04/02/2016;02:35:00;58;sem vítima;129,10000610351562;BR-116/SP;Pista Norte;Colisão Traseira;1;2;;;;;1
10/05/2016;19:36:00;727;sem vítima;129,6999969482422;BR-116/SP;Pista Norte;Colisão Traseira;2;3;;;;;1
25/05/2016;14:44:00;564;sem vítima;130,60000610351562;BR-116/SP;Pista Sul;Abalroamento - Longitudinal;1;6;;;;;1
28/04/2016;18:12:00;701;sem vítima;132,10000610351562;BR-116/SP;Pista Sul;Engavetamento;1;6;;;;;1
17/05/2016;11:12:00;455;sem vítima;132,67999267578125;BR-116/SP;Pista Sul;Abalroamento - Longitudinal;1;2;;;;;1
29/04/2016;04:22:00;57;sem vítima;133,5;BR-116/SP;Pista Sul;Abalroamento - Longitudinal;1;2;;;;;1
24/08/2016;15:04:00;517;sem vítima;133,6;BR-116/SP;Pista Sul;Choque em objeto na pista;1;2;0;0;0;0;1
20/01/2016;16:13:00;620;sem vítima;134;BR-116/SP;Pista Sul;Abalroamento - Longitudinal;1;4;0;0;0;0;1
29/02/2016;03:59:00;69;com vítima;134,6999969482422;BR-116/SP;Pista Sul;Colisão Traseira;1;36;;1;;;2
09/03/2016;18:48:00;790;sem vítima;134,39999389648438;BR-116/SP;Pista Norte;Engavetamento;1;4;;;;;1
22/04/2016;07:58:00;197;com vítima;134,60000610351562;BR-116/SP;Pista Norte;Engavetamento;1;10;2;;;;1
08/05/2016;23:21:00;765;sem vítima;134,5;BR-116/SP;Pista Sul;Choque em objeto na pista;1;2;;;;;1
18/05/2016;17:23:00;664;com vítima;134,60000610351562;BR-116/SP;Pista Sul;Engavetamento;1;2;1;;;;1
10/06/2016;18:25:00;711;sem vítima;134,67999267578125;BR-116/SP;Pista Sul;Abalroamento - Longitudinal;1;3;;;;;1
20/06/2016;22:43:00;879;sem vítima;134,39999389648438;BR-116/SP;Pista Norte;Colisão Traseira;2;2;;;;;1
14/07/2016;12:23:00;504;sem vítima;134;BR-116/SP;Pista Norte;Engavetamento;1;3;;;;;1
19/08/2016;01:44:00;29;com vítima;134;BR-116/SP;Pista Sul;Queda de ribanceira;1;0;0;0;1;0;2
19/08/2016;02:51:00;41;sem vítima;134;BR-116/SP;Pista Sul;Engavetamento;2;3;0;0;0;0;1
01/03/2016;18:27:00;627;sem vítima;135,8000030517578;BR-116/SP;Pista Sul;Colisão Traseira;1;2;;;;;1
14/07/2016;12:35:00;515;sem vítima;135;BR-116/SP;Pista Norte;Colisão Traseira;2;5;;;;;1
29/07/2016;19:13:00;813;sem vítima;135,5;BR-116/SP;Pista Norte;Abalroamento - Longitudinal;1;2;;;;;1
26/01/2016;12:35:00;474;sem vítima;136;BR-116/SP;Pista Norte;Colisão traseira;1;2;0;0;0;0;1
08/04/2016;07:32:00;199;sem vítima;136,60000610351562;BR-116/SP;Pista Sul;Abalroamento - Longitudinal;1;10;;;;;1
12/05/2016;05:32:00;124;sem vítima;136;BR-116/SP;Pista Norte;Colisão Traseira;1;2;;;;;1
12/07/2016;17:55:00;775;sem vítima;136,39999389648438;BR-116/SP;Pista Sul;Engavetamento;1;4;;;;;1
17/08/2016;06:18:00;108;com vítima;136,1;BR-116/SP;Pista Norte;Atropelamento de pedestre caminhando;2;4;0;0;0;1;3
25/01/2016;17:01:00;607;sem vítima;137,3;BR-116/SP;Pista Sul;Colisão traseira;1;3;0;0;0;0;1
03/06/2016;09:18:00;313;com vítima;137;BR-116/SP;Pista Sul;Engavetamento;2;2;1;;;;1
19/02/2016;13:48:00;506;sem vítima;138,89999389648438;BR-116/SP;Pista Norte;Colisão Traseira;1;2;;;;;1
23/06/2016;17:38:00;741;sem vítima;138,60000610351562;BR-116/SP;Pista Norte;Abalroamento - Longitudinal;1;2;;;;;1
16/07/2016;17:54:00;667;com vítima;138,60000610351562;BR-116/SP;Pista Norte;Tombamento;1;0;;;1;1;3
02/02/2016;18:55:00;686;sem vítima;139,8000030517578;BR-116/SP;Pista Norte;Colisão Traseira;1;4;;;;;1
29/05/2016;23:49:00;721;sem vítima;139;BR-116/SP;Pista Norte;Choque em objeto na pista;1;4;;;;;1
07/07/2016;22:08:00;957;sem vítima;139,60000610351562;BR-116/SP;Pista Norte;Atropelamento - Animal;1;7;;;;;1
08/07/2016;08:11:00;196;sem vítima;139,10000610351562;BR-116/SP;Pista Sul;Colisão Traseira;2;2;;;;;1
13/07/2016;07:03:00;161;com vítima;139;BR-116/SP;Pista Sul;Choque em objeto na pista;1;3;1;;;;1
30/07/2016;14:14:00;491;com vítima;139,9499969482422;BR-116/SP;Pista Sul;Abalroamento - Longitudinal;1;3;;2;;;2
21/08/2016;09:25:00;193;sem vítima;139,79;BR-116/SP;Pista Sul;Colisão traseira;1;5;0;0;0;0;1
23/02/2016;14:51:00;581;sem vítima;140,8000030517578;BR-116/SP;Pista Norte;Colisão Traseira;2;2;;;;;1
26/04/2016;01:02:00;28;sem vítima;140,8000030517578;BR-116/SP;Pista Norte;Colisão Traseira;1;2;;;;;1
19/08/2016;04:53:00;67;com vítima;141;BR-116/SP;Pista Norte;Engavetamento;1;3;2;0;0;0;1
29/01/2016;15:03:00;481;sem vítima;142,2;BR-116/SP;Pista Norte;Engavetamento;1;4;0;0;0;0;1
01/04/2016;07:27:00;170;sem vítima;142,3000030517578;BR-116/SP;Pista Norte;Engavetamento;1;3;;;;;1
01/08/2016;08:08:00;230;sem vítima;142,8;BR-116/SP;Pista Norte;Choque em barreira New Jersey;1;1;0;0;0;0;1
17/08/2016;01:04:00;21;sem vítima;142,4;BR-116/SP;Pista Norte;Colisão traseira;1;2;0;0;0;0;1
22/01/2016;13:56:00;432;com vítima;143,56;BR-116/SP;Pista Sul;Colisão traseira;1;1;2;0;0;0;1
03/02/2016;17:46:00;735;sem vítima;143,6999969482422;BR-116/SP;Pista Norte;Colisão Traseira;2;2;;;;;1
18/03/2016;09:47:00;362;com vítima;143,89999389648438;BR-116/SP;Pista Norte;Capotamento;1;9;1;;;;1
15/06/2016;08:00:00;197;sem vítima;143,60000610351562;BR-116/SP;Pista Norte;Colisão Traseira;1;3;;;;;1
12/07/2016;08:15:00;236;sem vítima;143,6999969482422;BR-116/SP;Pista Norte;Colisão Traseira;2;2;;;;;1
10/02/2016;20:44:00;725;sem vítima;144;BR-116/SP;Pista Norte;Choque em veículo parado na pista;1;2;;;;;1
06/02/2016;10:19:00;326;sem vítima;144,8000030517578;BR-116/SP;Pista Norte;Colisão Traseira;1;2;;;;;1
18/03/2016;10:29:00;404;sem vítima;144,10000610351562;BR-116/SP;Pista Norte;Colisão Traseira;1;4;;;;;1
27/06/2016;19:12:00;767;com vítima;144,1999969482422;BR-116/SP;Pista Sul;Colisão Traseira;1;1;;1;;;2
08/07/2016;07:25:00;144;com vítima;144,3000030517578;BR-116/SP;Pista Norte;Colisão Traseira;1;7;1;1;;;2
12/08/2016;16:50:00;693;com vítima;144,7;BR-116/SP;Pista Norte;Engavetamento;1;4;1;0;0;0;1
20/08/2016;14:49:00;411;sem vítima;144,6;BR-116/SP;Pista Sul;Colisão traseira;1;3;0;0;0;0;1
24/08/2016;14:07:00;476;com vítima;144;BR-116/SP;Pista Sul;Queda de moto;1;1;1;0;0;0;1
15/01/2016;18:32:00;771;sem vítima;145,6;BR-116/SP;Pista Norte;Abalroamento - Longitudinal;1;2;0;0;0;0;1
29/03/2016;06:14:00;116;sem vítima;145;BR-116/SP;Pista Norte;Colisão Traseira;2;3;;;;;1
05/05/2016;12:20:00;424;sem vítima;145,6999969482422;BR-116/SP;Pista Norte;Colisão Traseira;1;3;;;;;1
11/05/2016;01:53:00;40;com vítima;145,5;BR-116/SP;Pista Norte;Colisão Traseira;2;1;1;;;;1
03/06/2016;07:11:00;143;com vítima;145,60000610351562;BR-116/SP;Pista Sul;Engavetamento;1;5;1;;;;1
03/06/2016;20:52:00;825;sem vítima;145,6999969482422;BR-116/SP;Pista Norte;Engavetamento;1;5;;;;;1
06/06/2016;04:37:00;89;com vítima;145,5;BR-116/SP;Pista Sul;Colisão Traseira;1;26;13;4;;;2
14/06/2016;14:01:00;550;sem vítima;145,39999389648438;BR-116/SP;Pista Sul;Colisão Traseira;1;3;;;;;1
23/06/2016;14:07:00;565;sem vítima;145,6999969482422;BR-116/SP;Pista Sul;Colisão Traseira;1;2;;;;;1
06/07/2016;07:29:00;188;sem vítima;145;BR-116/SP;Pista Norte;Engavetamento;2;5;;;;;1
06/07/2016;12:08:00;496;sem vítima;145,5;BR-116/SP;Pista Norte;Abalroamento - Longitudinal;1;4;;;;;1
08/07/2016;09:11:00;270;sem vítima;145,6999969482422;BR-116/SP;Pista Sul;Engavetamento;1;3;;;;;1
30/07/2016;19:48:00;713;sem vítima;145,39999389648438;BR-116/SP;Pista Sul;Colisão Traseira;1;8;;;;;1
01/08/2016;07:07:00;159;sem vítima;145;BR-116/SP;Pista Sul;Abalroamento longitudinal;1;4;0;0;0;0;1
08/08/2016;08:17:00;247;sem vítima;145;BR-116/SP;Pista Sul;Abalroamento longitudinal;1;2;0;0;0;0;1
11/08/2016;09:06:00;252;sem vítima;145,7;BR-116/SP;Pista Norte;Abalroamento longitudinal;1;2;0;0;0;0;1
04/01/2016;21:14:00;670;com vítima;146,1;BR-116/SP;Pista Sul;Choque em veículo parado na pista;1;3;0;1;0;0;2
05/01/2016;11:16:00;365;sem vítima;146,3;BR-116/SP;Pista Sul;Abalroamento - Longitudinal;1;5;0;0;0;0;1
17/02/2016;02:43:00;55;com vítima;146,5;BR-116/SP;Pista Sul;Colisão Traseira;1;1;4;;;;1
08/03/2016;09:43:00;351;com vítima;146,89999389648438;BR-116/SP;Pista Norte;Tombamento;1;0;1;;;;1
19/03/2016;00:56:00;29;sem vítima;146,08999633789062;BR-116/SP;Pista Sul;Tombamento;1;1;;;;;1
25/03/2016;05:10:00;103;com vítima;146,5;BR-116/SP;Pista Sul;Engavetamento;1;2;1;;;1;3
29/03/2016;18:15:00;700;com vítima;146,0500030517578;BR-116/SP;Pista Sul;Abalroamento - Longitudinal;1;1;;;;1;3
07/04/2016;04:50:00;80;com vítima;146;BR-116/SP;Pista Sul;Queda de moto;1;1;2;;;;1
12/04/2016;12:10:00;482;com vítima;146,5;BR-116/SP;Pista Sul;Abalroamento - Longitudinal;1;1;1;;;;1
25/05/2016;07:54:00;214;com vítima;146,39999389648438;BR-116/SP;Pista Sul;Colisão Traseira;1;1;;;1;;2
11/06/2016;13:48:00;449;sem vítima;146;BR-116/SP;Pista Sul;Colisão Traseira;2;3;;;;;1
16/06/2016;11:15:00;416;sem vítima;146,3000030517578;BR-116/SP;Pista Norte;Colisão Traseira;1;3;;;;;1
16/06/2016;17:31:00;717;sem vítima;146,5;BR-116/SP;Pista Norte;Abalroamento - Longitudinal;1;5;;;;;1
27/06/2016;21:43:00;845;sem vítima;146,39999389648438;BR-116/SP;Pista Norte;Abalroamento - Longitudinal;1;2;;;;;1
09/07/2016;05:35:00;102;sem vítima;146,60000610351562;BR-116/SP;Pista Sul;Abalroamento - Longitudinal;1;2;;;;;1
15/07/2016;15:29:00;694;sem vítima;146;BR-116/SP;Pista Norte;Abalroamento - Longitudinal;1;5;;;;;1
15/08/2016;11:59:00;436;sem vítima;146,5;BR-116/SP;Pista Norte;Tombamento;2;11;0;0;0;0;1
21/01/2016;07:56:00;172;com vítima;147,5;BR-116/SP;Pista Sul;Engavetamento;1;2;2;0;0;0;1
17/02/2016;12:15:00;501;com vítima;147,8000030517578;BR-116/SP;Pista Sul;Abalroamento - Longitudinal;1;1;1;;;;1
18/02/2016;12:12:00;491;sem vítima;147,8000030517578;BR-116/SP;Pista Sul;Colisão Traseira;1;2;;;;;1
08/03/2016;12:17:00;489;sem vítima;147,0500030517578;BR-116/SP;Pista Sul;Engavetamento;1;3;;;;;1
15/03/2016;00:10:00;14;com vítima;147,8000030517578;BR-116/SP;Pista Sul;Abalroamento - Longitudinal;1;1;1;;;;1
01/04/2016;10:02:00;343;sem vítima;147,10000610351562;BR-116/SP;Pista Norte;Abalroamento - Longitudinal;1;2;;;;;1
06/04/2016;16:09:00;653;com vítima;147;BR-116/SP;Pista Sul;Colisão Traseira;1;2;1;;;;1
15/06/2016;07:39:00;173;sem vítima;147,60000610351562;BR-116/SP;Pista Norte;Colisão Traseira;1;2;;;;;1
15/02/2016;04:35:00;70;com vítima;148,89999389648438;BR-116/SP;Pista Sul;Choque em objeto fixo;1;0;1;;;;1
24/03/2016;22:39:00;928;sem vítima;148,89999389648438;BR-116/SP;Pista Sul;Choque em objeto fixo;1;1;;;;;1
05/06/2016;11:25:00;293;sem vítima;148,60000610351562;BR-116/SP;Pista Norte;Tombamento;1;1;;;;;1
22/06/2016;15:32:00;591;sem vítima;148,89999389648438;BR-116/SP;Pista Sul;Choque em objeto fixo;1;1;;;;;1
17/02/2016;08:12:00;242;sem vítima;149;BR-116/SP;Pista Sul;Abalroamento - Longitudinal;2;4;;;;;1
16/02/2016;16:04:00;550;sem vítima;149,3000030517578;BR-116/SP;Pista Sul;Abalroamento - Longitudinal;1;2;;;;;1
01/04/2016;03:39:00;75;sem vítima;149;BR-116/SP;Pista Sul;Choque em Barreira New Jersey;1;1;;;;;1
26/05/2016;15:24:00;552;sem vítima;149,4499969482422;BR-116/SP;Pista Norte;Choque em objeto fixo;1;2;;;;;1
10/06/2016;20:23:00;792;sem vítima;150,5500030517578;BR-116/SP;Pista Sul;Colisão Traseira;1;2;;;;;1
05/07/2016;08:06:00;170;sem vítima;150,10000610351562;BR-116/SP;Pista Norte;Colisão Traseira;2;2;;;;;1
06/07/2016;19:33:00;827;sem vítima;150,6999969482422;BR-116/SP;Pista Norte;Abalroamento - Longitudinal;1;3;;;;;1
07/06/2016;05:59:00;99;sem vítima;152,05999755859375;BR-116/SP;Pista Sul;Choque em Defensa;1;1;;;;;1
10/08/2016;08:48:00;243;com vítima;152,3;BR-116/SP;Pista Sul;Engavetamento;1;3;1;0;0;0;1
03/02/2016;07:20:00;167;com vítima;153,9499969482422;BR-116/SP;Pista Sul;Abalroamento - Longitudinal;1;1;1;;;;1
13/03/2016;06:00:00;101;sem vítima;153;BR-116/SP;Pista Sul;Colisão Traseira;1;2;;;;;1
28/03/2016;12:06:00;449;sem vítima;153,8000030517578;BR-116/SP;Pista Sul;Choque em objeto fixo;1;1;;;;;1
27/06/2016;19:48:00;792;com vítima;153,5;BR-116/SP;Pista Norte;Colisão Traseira;1;1;;;1;;2
05/08/2016;00:39:00;15;sem vítima;153,7;BR-116/SP;Pista Sul;Tombamento;1;2;0;0;0;0;1
27/08/2016;12:43:00;426;sem vítima;153,9;BR-116/SP;Pista Norte;Abalroamento longitudinal;1;3;0;0;0;0;1
29/08/2016;12:23:00;443;sem vítima;153,1;BR-116/SP;Pista Norte;Abalroamento longitudinal;1;2;0;0;0;0;1
25/01/2016;06:28:00;89;sem vítima;154,9;BR-116/SP;Pista Sul;Abalroamento - Longitudinal;1;2;0;0;0;0;1
02/03/2016;08:12:00;229;com vítima;154,3000030517578;BR-116/SP;Pista Norte;Abalroamento - Longitudinal;1;1;;1;;;2
10/04/2016;17:24:00;527;com vítima;154,3000030517578;BR-116/SP;Pista Sul;Engavetamento;1;6;2;;;;1
31/05/2016;21:25:00;858;sem vítima;154,39999389648438;BR-116/SP;Pista Sul;Choque em objeto na pista;1;2;;;;;1
27/06/2016;20:03:00;799;sem vítima;154,1999969482422;BR-116/SP;Pista Norte;Engavetamento;1;3;;;;;1
08/07/2016;19:12:00;772;com vítima;154,39999389648438;BR-116/SP;Pista Sul;Colisão Traseira;1;1;1;;;;1
14/07/2016;07:59:00;210;com vítima;154,35000610351562;BR-116/SP;Pista Norte;Colisão Traseira;1;1;1;;;;1
12/03/2016;20:57:00;774;com vítima;155,3000030517578;BR-116/SP;Pista Sul;Choque em Defensa;1;2;3;;;;1
05/04/2016;15:44:00;674;sem vítima;155;BR-116/SP;Pista Sul;Abalroamento - Longitudinal;1;2;;;;;1
29/07/2016;19:50:00;847;sem vítima;155,8000030517578;BR-116/SP;Pista Sul;Abalroamento - Longitudinal;1;2;;;;;1
02/08/2016;08:15:00;235;sem vítima;155;BR-116/SP;Pista Norte;Colisão traseira;1;2;0;0;0;0;1
26/08/2016;16:30:00;688;com vítima;155,3;BR-116/SP;Pista Sul;Colisão traseira;1;1;1;1;0;0;2
26/01/2016;17:28:00;683;sem vítima;156,3;BR-116/SP;Pista Norte;Tombamento;1;6;0;0;0;0;1
13/06/2016;08:21:00;257;sem vítima;156,6999969482422;BR-116/SP;Pista Norte;Abalroamento - Longitudinal;1;7;;;;;1
19/06/2016;20:23:00;693;sem vítima;156,1999969482422;BR-116/SP;Pista Norte;Abalroamento - Longitudinal;1;6;;;;;1
20/07/2016;17:38:00;716;sem vítima;156,1999969482422;BR-116/SP;Pista Sul;Colisão Traseira;1;3;;;;;1
26/01/2016;18:15:00;726;sem vítima;157,1;BR-116/SP;Pista Norte;Colisão traseira;1;2;0;0;0;0;1
11/03/2016;17:34:00;803;sem vítima;157;BR-116/SP;Pista Sul;Colisão Traseira;1;2;;;;;1
23/08/2016;06:23:00;110;sem vítima;157,9;BR-116/SP;Pista Sul;Choque em barreira New Jersey;1;1;0;0;0;0;1
29/01/2016;23:38:00;824;sem vítima;158,1;BR-116/SP;Pista Sul;Colisão traseira;1;2;0;0;0;0;1
20/01/2016;15:15:00;583;com vítima;158,8;BR-116/SP;Pista Sul;Colisão traseira;1;1;0;0;1;0;2
29/01/2016;07:38:00;155;sem vítima;163,2;BR-116/RJ;Pista Norte;Abalroamento - Longitudinal;1;5;0;0;0;0;1
02/05/2016;09:27:00;317;sem vítima;159,8000030517578;BR-116/SP;Pista Norte;Choque em Defensa;1;1;;;;;1
04/07/2016;07:34:00;147;sem vítima;159,8000030517578;BR-116/SP;Pista Norte;Colisão Traseira;1;2;;;;;1
11/03/2016;05:22:00;140;com vítima;163,6999969482422;BR-116/RJ;Pista Norte;Engavetamento;2;3;;2;;;2
03/04/2016;14:54:00;448;sem vítima;163;BR-116/RJ;Pista Sul;Colisão Traseira;1;2;;;;;1
30/05/2016;05:37:00;100;sem vítima;163,89999389648438;BR-116/RJ;Pista Norte;Abalroamento - Longitudinal;1;2;;;;;1
28/06/2016;19:13:00;782;sem vítima;163,77999877929688;BR-116/RJ;Pista Sul;Choque em Barreira New Jersey;1;1;;;;;1
11/07/2016;18:10:00;749;sem vítima;163;BR-116/RJ;Pista Sul;Colisão Traseira;1;2;;;;;1
24/07/2016;11:32:00;292;com vítima;163;BR-116/RJ;Pista Sul;Colisão Traseira;1;1;2;;;;1
16/01/2016;05:04:00;125;sem vítima;164;BR-116/RJ;Pista Norte;Choque em defensa;1;1;0;0;0;0;1
19/02/2016;10:50:00;385;sem vítima;164,10000610351562;BR-116/RJ;Pista Norte;Colisão Traseira;1;2;;;;;1
26/02/2016;23:28:00;971;sem vítima;164,3000030517578;BR-116/RJ;Pista Sul;Choque em Barreira New Jersey;2;2;;;;;1
01/03/2016;07:50:00;157;com vítima;164,8000030517578;BR-116/RJ;Pista Norte;Colisão Traseira;1;4;1;;;;1
17/03/2016;05:47:00;109;sem vítima;164;BR-116/RJ;Pista Sul;Engavetamento;2;3;;;;;1
26/04/2016;20:06:00;793;sem vítima;164,89999389648438;BR-116/RJ;Pista Sul;Abalroamento - Longitudinal;1;2;;;;;1
29/04/2016;06:58:00;130;sem vítima;164,89999389648438;BR-116/RJ;Pista Norte;Engavetamento;1;24;;;;;1
19/05/2016;06:25:00;118;sem vítima;164,4499969482422;BR-116/RJ;Pista Norte;Engavetamento;2;6;;;;;1
12/02/2016;18:02:00;705;sem vítima;160,4499969482422;BR-116/SP;Pista Sul;Abalroamento - Longitudinal;1;2;;;;;1
14/06/2016;15:40:00;628;com vítima;164;BR-116/RJ;Pista Sul;Abalroamento - Longitudinal;1;3;1;;;1;3
19/06/2016;22:08:00;736;sem vítima;164,8000030517578;BR-116/RJ;Pista Norte;Abalroamento - Transversal;1;6;;;;;1
30/07/2016;08:22:00;229;com vítima;164;BR-116/RJ;Pista Norte;Abalroamento - Longitudinal;1;1;1;;;;1
18/08/2016;17:03:00;690;sem vítima;164;BR-116/RJ;Pista Sul;Engavetamento;2;6;0;0;0;0;1
29/05/2016;09:25:00;190;com vítima;161,3000030517578;BR-116/SP;Pista Sul;Choque em Defensa;1;0;1;;;;1
10/06/2016;17:38:00;679;sem vítima;161,10000610351562;BR-116/SP;Pista Norte;Abalroamento - Longitudinal;1;3;;;;;1
18/08/2016;07:52:00;206;com vítima;161,8;BR-116/SP;Pista Norte;Engavetamento;1;7;1;0;0;0;1
23/08/2016;09:00:00;276;sem vítima;161;BR-116/SP;Pista Norte;Abalroamento longitudinal;1;4;0;0;0;0;1