data;horario;n_da_ocorrencia;tipo_de_ocorrencia;km;trecho;sentido;tipo_de_acidente;caminhao;ilesos;levemente_feridos;moderadamente_feridos;gravemente_feridos;mortos;3
18/03/2016;03:28:00;71;com vítima;162,75;BR-116/SP;Pista Sul;Colisão Traseira;2;1;;1;;;2
25/03/2016;04:58:00;99;sem vítima;162,6999969482422;BR-116/SP;Pista Sul;Colisão Traseira;1;5;;;;;1
19/01/2016;20:15:00;666;sem vítima;165,3;BR-116/RJ;Pista Sul;Choque em barreira New Jersey;1;1;0;0;0;0;1
26/06/2016;20:03:00;638;com vítima;164,60000610351562;BR-116/SP;Pista Norte;Engavetamento;2;6;;1;;;2
25/01/2016;17:36:00;632;sem vítima;165,5;BR-116/RJ;Pista Sul;Colisão traseira;1;3;0;0;0;0;1
12/02/2016;09:44:00;322;sem vítima;165,8000030517578;BR-116/RJ;Pista Sul;Colisão Traseira;1;2;;;;;1
05/03/2016;09:50:00;279;sem vítima;165,60000610351562;BR-116/RJ;Pista Sul;Abalroamento - Longitudinal;1;2;;;;;1
10/03/2016;06:20:00;137;sem vítima;165,8000030517578;BR-116/RJ;Pista Norte;Colisão Traseira;1;2;;;;;1
22/03/2016;08:09:00;231;sem vítima;165,3000030517578;BR-116/RJ;Pista Sul;Colisão Traseira;1;16;;;;;1
01/04/2016;17:33:00;720;sem vítima;165;BR-116/RJ;Pista Sul;Engavetamento;1;3;;;;;1
07/04/2016;05:22:00;87;sem vítima;165,5;BR-116/RJ;Pista Norte;Colisão Traseira;1;2;;;;;1
26/04/2016;07:51:00;211;sem vítima;165;BR-116/RJ;Pista Norte;Engavetamento;1;3;;;;;1
30/05/2016;18:38:00;733;sem vítima;165,4499969482422;BR-116/RJ;Pista Sul;Colisão Traseira;1;22;;;;;1
30/05/2016;20:21:00;789;sem vítima;165,8000030517578;BR-116/RJ;Pista Sul;Choque em objeto fixo;1;1;;;;;1
27/06/2016;05:33:00;109;sem vítima;165;BR-116/RJ;Pista Norte;Engavetamento;2;8;;;;;1
19/02/2016;16:29:00;622;sem vítima;166;BR-116/RJ;Pista Sul;Colisão Traseira;1;3;;;;;1
29/02/2016;07:01:00;150;com vítima;166;BR-116/RJ;Pista Norte;Engavetamento;1;5;2;3;;;2
14/01/2016;21:51:00;773;sem vítima;166,05;BR-116/RJ;Pista Sul;Colisão traseira;1;2;0;0;0;0;1
14/01/2016;06:55:00;111;sem vítima;166,5;BR-116/RJ;Pista Norte;Colisão traseira;1;3;0;0;0;0;1
09/03/2016;05:45:00;104;com vítima;166,39999389648438;BR-116/RJ;Pista Norte;Abalroamento - Longitudinal;1;3;1;;;;1
14/03/2016;22:42:00;889;com vítima;166,5;BR-116/RJ;Pista Norte;Colisão Traseira;1;1;1;;;;1
12/04/2016;06:58:00;162;com vítima;166;BR-116/RJ;Pista Norte;Abalroamento - Longitudinal;2;6;;1;;;2
11/07/2016;16:25:00;671;sem vítima;166,1999969482422;BR-116/RJ;Pista Sul;Engavetamento;3;4;;;;;1
11/07/2016;20:57:00;862;com vítima;166,8000030517578;BR-116/RJ;Pista Norte;Colisão Traseira;1;2;;;1;;2
12/07/2016;18:29:00;799;sem vítima;166,60000610351562;BR-116/RJ;Pista Sul;Abalroamento - Longitudinal;1;2;;;;;1
12/08/2016;10:31:00;393;com vítima;166,7;BR-116/RJ;Pista Norte;Tombamento;1;1;2;0;0;0;1
06/02/2016;08:50:00;248;com vítima;167;BR-116/RJ;Pista Norte;Engavetamento;1;2;1;;;;1
10/01/2016;03:52:00;58;com vítima;167,2;BR-116/RJ;Pista Norte;Choque em veículo parado na pista;1;2;1;0;0;0;1
25/02/2016;14:45:00;543;sem vítima;167,6999969482422;BR-116/RJ;Pista Sul;Colisão Traseira;1;2;;;;;1
23/05/2016;17:56:00;628;com vítima;167,5;BR-116/RJ;Pista Sul;Abalroamento - Longitudinal;1;3;1;;;;1
10/06/2016;22:51:00;873;sem vítima;167,8000030517578;BR-116/RJ;Pista Sul;Colisão Traseira;1;3;;;;;1
29/07/2016;04:54:00;92;sem vítima;167,3000030517578;BR-116/RJ;Pista Norte;Colisão Traseira;1;3;;;;;1
22/02/2016;08:29:00;236;sem vítima;168;BR-116/RJ;Pista Sul;Abalroamento - Longitudinal;1;2;;;;;1
13/01/2016;09:16:00;261;sem vítima;165;BR-116/SP;Pista Norte;Colisão traseira;1;3;0;0;0;0;1
22/01/2016;06:51:00;100;sem vítima;165;BR-116/SP;Pista Norte;Outros;1;1;0;0;0;0;1
19/02/2016;14:10:00;520;sem vítima;168,6999969482422;BR-116/RJ;Pista Norte;Colisão Traseira;2;2;;;;;1
14/02/2016;22:52:00;739;sem vítima;168,8000030517578;BR-116/RJ;Pista Norte;Abalroamento - Longitudinal;2;2;;;;;1
26/04/2016;19:04:00;749;com vítima;168,1999969482422;BR-116/RJ;Pista Sul;Choque em veículo parado na pista;2;3;2;;;;1
27/06/2016;15:19:00;601;sem vítima;168,3000030517578;BR-116/RJ;Pista Sul;Abalroamento - Longitudinal;1;3;;;;;1
05/07/2016;13:12:00;429;sem vítima;168,3000030517578;BR-116/RJ;Pista Norte;Colisão Traseira;1;2;;;;;1
06/07/2016;13:39:00;561;sem vítima;168,8000030517578;BR-116/RJ;Pista Sul;Colisão Traseira;2;2;;;;;1
22/08/2016;08:49:00;245;com vítima;168;BR-116/RJ;Pista Norte;Choque em barreira New Jersey;1;1;1;0;0;0;1
02/02/2016;15:50:00;544;sem vítima;165,1999969482422;BR-116/SP;Pista Norte;Colisão Traseira;1;2;;;;;1
11/02/2016;02:07:00;40;sem vítima;165,1999969482422;BR-116/SP;Pista Sul;Colisão Traseira;2;2;;;;;1
15/02/2016;10:58:00;339;sem vítima;165,1999969482422;BR-116/SP;Pista Sul;Colisão Traseira;3;5;;;;;1
18/02/2016;07:31:00;190;sem vítima;165,1999969482422;BR-116/SP;Pista Sul;Colisão Traseira;2;2;;;;;1
19/02/2016;14:45:00;540;com vítima;165,1999969482422;BR-116/SP;Pista Norte;Colisão Traseira;1;3;1;;;;1
22/02/2016;14:32:00;514;sem vítima;165,1999969482422;BR-116/SP;Pista Sul;Colisão Traseira;2;2;;;;;1
06/04/2016;08:32:00;256;sem vítima;169;BR-116/RJ;Pista Norte;Colisão Traseira;1;2;;;;;1
18/04/2016;02:35:00;48;com vítima;169,5;BR-116/RJ;Pista Norte;Colisão Traseira;3;1;3;;;;1
02/05/2016;19:42:00;727;sem vítima;169,89999389648438;BR-116/RJ;Pista Sul;Choque em Barreira New Jersey;1;3;;;;;1
21/08/2016;11:53:00;285;com vítima;169;BR-116/RJ;Pista Sul;Queda de moto;1;1;1;0;0;0;1
23/08/2016;22:22:00;845;com vítima;169,4;BR-116/RJ;Pista Norte;Colisão traseira;1;1;1;0;0;0;1
23/08/2016;22:44:00;856;sem vítima;169,5;BR-116/RJ;Pista Norte;Engavetamento;2;6;0;0;0;0;1
28/08/2016;15:22:00;475;com vítima;169,6;BR-116/RJ;Pista Sul;Engavetamento;1;2;1;0;0;0;1
14/01/2016;11:54:00;381;sem vítima;165,2;BR-116/SP;Pista Sul;Colisão traseira;2;4;0;0;0;0;1
10/03/2016;16:49:00;646;sem vítima;170,39999389648438;BR-116/RJ;Pista Norte;Choque em Barreira New Jersey;1;2;;;;;1
01/04/2016;07:58:00;200;com vítima;170,60000610351562;BR-116/RJ;Pista Sul;Abalroamento - Longitudinal;1;5;;;;1;3
07/05/2016;22:48:00;805;sem vítima;170,60000610351562;BR-116/RJ;Pista Norte;Choque em Barreira New Jersey;1;1;;;;;1
10/03/2016;01:04:00;41;sem vítima;165,1999969482422;BR-116/SP;Pista Sul;Colisão Traseira;2;2;;;;;1
16/03/2016;17:28:00;741;sem vítima;165,1999969482422;BR-116/SP;Pista Norte;Choque em Barreira New Jersey;1;1;;;;;1
17/03/2016;16:51:00;707;sem vítima;165,1999969482422;BR-116/SP;Pista Norte;Engavetamento;1;11;;;;;1
28/03/2016;06:12:00;123;sem vítima;165;BR-116/SP;Pista Sul;Abalroamento - Longitudinal;1;4;;;;;1
15/04/2016;07:13:00;180;sem vítima;165,1999969482422;BR-116/SP;Pista Sul;Engavetamento;1;3;;;;;1
21/04/2016;06:36:00;142;sem vítima;165;BR-116/SP;Pista Norte;Colisão Traseira;1;6;;;;;1
21/04/2016;11:53:00;388;sem vítima;165;BR-116/SP;Pista Sul;Colisão Traseira;1;2;;;;;1
26/02/2016;14:44:00;614;com vítima;171,89999389648438;BR-116/RJ;Pista Norte;Capotamento;2;3;1;;;;1
04/05/2016;10:35:00;376;sem vítima;165;BR-116/SP;Pista Sul;Colisão Traseira;1;2;;;;;1
07/05/2016;21:42:00;780;sem vítima;165;BR-116/SP;Pista Sul;Abalroamento - Longitudinal;1;5;;;;;1
10/05/2016;06:39:00;136;sem vítima;165;BR-116/SP;Pista Sul;Colisão Traseira;1;2;;;;;1
11/05/2016;10:00:00;366;sem vítima;165,60000610351562;BR-116/SP;Pista Sul;Abalroamento - Longitudinal;1;2;;;;;1
08/04/2016;01:52:00;43;sem vítima;171,60000610351562;BR-116/RJ;Pista Norte;Colisão Traseira;1;2;;;;;1
28/06/2016;17:02:00;671;com vítima;171,6999969482422;BR-116/RJ;Pista Sul;Engavetamento;1;3;1;;;;1
25/05/2016;21:11:00;880;sem vítima;165,1999969482422;BR-116/SP;Pista Sul;Abalroamento - Longitudinal;1;2;;;;;1
02/06/2016;07:13:00;143;sem vítima;165,1999969482422;BR-116/SP;Pista Norte;Colisão Traseira;1;7;;;;;1
23/08/2016;02:20:00;41;sem vítima;171,9;BR-116/RJ;Pista Norte;Choque em barreira New Jersey;1;1;0;0;0;0;1
15/06/2016;22:33:00;867;sem vítima;165,3000030517578;BR-116/SP;Pista Sul;Choque em objeto na pista;1;2;;;;;1
17/06/2016;11:35:00;466;sem vítima;165,1999969482422;BR-116/SP;Pista Norte;Engavetamento;2;3;;;;;1
22/06/2016;08:14:00;242;sem vítima;165,39999389648438;BR-116/SP;Pista Sul;Abalroamento - Longitudinal;1;2;;;;;1
06/07/2016;21:53:00;920;sem vítima;165,1999969482422;BR-116/SP;Pista Norte;Colisão Traseira;1;3;;;;;1
08/07/2016;16:46:00;646;sem vítima;165;BR-116/SP;Pista Sul;Colisão Traseira;2;4;;;;;1
11/07/2016;23:25:00;936;sem vítima;165,1999969482422;BR-116/SP;Pista Norte;Queda de Carga;1;1;;;;;1
04/08/2016;22:38:00;933;sem vítima;165,2;BR-116/SP;Pista Norte;Colisão traseira;1;2;0;0;0;0;1
15/02/2016;12:07:00;383;sem vítima;172;BR-116/RJ;Pista Norte;Colisão Traseira;1;2;;;;;1
17/02/2016;18:02:00;797;com vítima;166,89999389648438;BR-116/SP;Pista Norte;Engavetamento;3;9;3;;;;1
20/02/2016;16:03:00;455;com vítima;166,89999389648438;BR-116/SP;Pista Sul;Colisão Traseira;2;1;1;;;;1
06/04/2016;10:49:00;402;sem vítima;172;BR-116/RJ;Pista Norte;Choque em Barreira New Jersey;1;2;;;;;1
20/04/2016;20:39:00;859;sem vítima;172,25;BR-116/RJ;Pista Sul;Abalroamento - Longitudinal;1;2;;;;;1
19/07/2016;03:55:00;75;sem vítima;172,4499969482422;BR-116/RJ;Pista Norte;Abalroamento - Longitudinal;1;4;;;;;1
15/07/2016;15:33:00;698;com vítima;166,6999969482422;BR-116/SP;Pista Sul;Colisão Traseira;1;2;1;;;;1
15/02/2016;09:57:00;295;com vítima;173,3000030517578;BR-116/RJ;Pista Norte;Colisão Traseira;1;2;1;;;;1
19/01/2016;14:40:00;444;sem vítima;173,5;BR-116/RJ;Pista Sul;Colisão traseira;1;2;0;0;0;0;1
15/03/2016;00:53:00;31;sem vítima;167;BR-116/SP;Pista Norte;Colisão Traseira;2;2;;;;;1
18/03/2016;15:21:00;619;sem vítima;173,10000610351562;BR-116/RJ;Pista Sul;Engavetamento;1;3;;;;;1
17/06/2016;16:32:00;690;com vítima;173,5;BR-116/RJ;Pista Sul;Colisão Traseira;1;1;;;;1;3
04/08/2016;10:40:00;389;com vítima;173,2;BR-116/RJ;Pista Sul;Colisão traseira;1;1;1;0;0;0;1
26/08/2016;09:22:00;346;sem vítima;173,4;BR-116/RJ;Pista Sul;Colisão traseira;1;2;0;0;0;0;1
26/02/2016;15:38:00;656;sem vítima;174;BR-116/RJ;Pista Norte;Engavetamento;1;6;;;;;1
02/02/2016;12:14:00;392;com vítima;174,6999969482422;BR-116/RJ;Pista Sul;Choque em Barreira New Jersey;1;1;1;;;;1
07/05/2016;08:00:00;188;com vítima;174,6999969482422;BR-116/RJ;Pista Sul;Abalroamento - Longitudinal;1;1;;1;;;2
09/05/2016;19:24:00;752;sem vítima;174,5;BR-116/RJ;Pista Sul;Abalroamento - Longitudinal;1;3;;;;;1
01/06/2016;09:46:00;333;com vítima;174,39999389648438;BR-116/RJ;Pista Sul;Tombamento;1;4;2;;;;1
24/08/2016;12:44:00;420;sem vítima;174,2;BR-116/RJ;Pista Sul;Engavetamento;2;5;0;0;0;0;1
31/01/2016;07:05:00;110;sem vítima;175;BR-116/RJ;Pista Sul;Abalroamento - Longitudinal;1;2;0;0;0;0;1
28/04/2016;01:27:00;24;sem vítima;168,3000030517578;BR-116/SP;Pista Norte;Choque em veículo parado na pista;2;2;;;;;1
24/06/2016;02:26:00;54;sem vítima;168,60000610351562;BR-116/SP;Pista Norte;Colisão Traseira;1;2;;;;;1
02/01/2016;02:22:00;38;sem vítima;175,4;BR-116/RJ;Pista Sul;Colisão traseira;1;1;0;0;0;0;1
18/02/2016;11:45:00;469;sem vítima;169;BR-116/SP;Pista Norte;Colisão Traseira;1;2;;;;;1
04/03/2016;04:17:00;74;sem vítima;175,3000030517578;BR-116/RJ;Pista Sul;Colisão Traseira;2;2;;;;;1
14/03/2016;18:47:00;753;sem vítima;175,89999389648438;BR-116/RJ;Pista Sul;Colisão Traseira;1;4;;;;;1
18/04/2016;14:04:00;517;com vítima;175,0500030517578;BR-116/RJ;Pista Sul;Engavetamento;1;2;1;;;;1
18/04/2016;15:04:00;558;sem vítima;175,39999389648438;BR-116/RJ;Pista Sul;Colisão Traseira;1;2;;;;;1
15/05/2016;22:39:00;719;sem vítima;175,5;BR-116/RJ;Pista Sul;Colisão Traseira;2;2;;;;;1
20/05/2016;15:23:00;581;sem vítima;175,89999389648438;BR-116/RJ;Pista Sul;Abalroamento - Longitudinal;1;3;;;;;1
30/07/2016;04:04:00;75;sem vítima;175,1999969482422;BR-116/RJ;Pista Norte;Choque em objeto fixo;1;1;;;;;1
27/01/2016;17:56:00;693;sem vítima;176,1;BR-116/RJ;Pista Sul;Colisão traseira;1;2;0;0;0;0;1
29/01/2016;18:36:00;632;sem vítima;176,1;BR-116/RJ;Pista Sul;Abalroamento - Longitudinal;2;2;0;0;0;0;1
11/02/2016;18:39:00;637;sem vítima;176,10000610351562;BR-116/RJ;Pista Sul;Abalroamento - Longitudinal;1;4;;;;;1
03/04/2016;04:46:00;109;sem vítima;169,5;BR-116/SP;Pista Norte;Choque em Barreira New Jersey;1;1;;;;;1
11/01/2016;13:58:00;461;sem vítima;176,3;BR-116/RJ;Pista Sul;Abalroamento - Longitudinal;1;3;0;0;0;0;1
21/03/2016;19:43:00;817;sem vítima;176,10000610351562;BR-116/RJ;Pista Sul;Abalroamento - Longitudinal;1;2;;;;;1
30/03/2016;18:30:00;780;sem vítima;176,8000030517578;BR-116/RJ;Pista Sul;Colisão Traseira;1;2;;;;;1
12/04/2016;17:47:00;724;sem vítima;176,1999969482422;BR-116/RJ;Pista Sul;Abalroamento - Longitudinal;1;3;;;;;1
25/05/2016;13:46:00;522;sem vítima;176;BR-116/RJ;Pista Sul;Abalroamento - Longitudinal;1;2;;;;;1
03/06/2016;16:25:00;632;com vítima;176,89999389648438;BR-116/RJ;Pista Sul;Abalroamento - Longitudinal;1;1;;;1;;2
23/06/2016;18:00:00;754;sem vítima;176,3000030517578;BR-116/RJ;Pista Sul;Abalroamento - Longitudinal;1;2;;;;;1
16/08/2016;15:21:00;553;sem vítima;176,3;BR-116/RJ;Pista Sul;Engavetamento;1;22;0;0;0;0;1
23/08/2016;17:41:00;695;sem vítima;176,2;BR-116/RJ;Pista Sul;Abalroamento longitudinal;1;2;0;0;0;0;1
26/08/2016;07:22:00;189;com vítima;176,5;BR-116/RJ;Pista Sul;Abalroamento longitudinal;1;1;1;0;0;0;1
28/03/2016;18:08:00;698;sem vítima;170,0500030517578;BR-116/SP;Pista Norte;Outros;1;1;;;;;1
15/04/2016;10:14:00;391;com vítima;170,6999969482422;BR-116/SP;Pista Sul;Choque em Barreira New Jersey;1;0;;1;;;2
15/08/2016;17:46:00;747;sem vítima;171,5;BR-116/SP;Pista Norte;Abalroamento longitudinal;1;3;0;0;0;0;1
11/03/2016;09:24:00;372;sem vítima;177;BR-116/RJ;Pista Sul;Colisão Traseira;1;4;;;;;1
28/03/2016;17:21:00;671;sem vítima;177,10000610351562;BR-116/RJ;Pista Sul;Colisão Traseira;1;2;;;;;1
02/04/2016;00:26:00;12;com vítima;177,0500030517578;BR-116/RJ;Pista Sul;Engavetamento;1;21;8;1;;;2
04/04/2016;05:14:00;83;sem vítima;177,89999389648438;BR-116/RJ;Pista Norte;Colisão Traseira;1;2;;;;;1
05/04/2016;18:41:00;793;sem vítima;177,39999389648438;BR-116/RJ;Pista Sul;Engavetamento;1;3;;;;;1
22/04/2016;18:29:00;675;sem vítima;177,8000030517578;BR-116/RJ;Pista Sul;Abalroamento - Longitudinal;1;3;;;;;1
02/05/2016;05:03:00;79;com vítima;177,39999389648438;BR-116/RJ;Pista Sul;Tombamento;1;0;1;;;;1
27/06/2016;15:48:00;626;sem vítima;177,39999389648438;BR-116/RJ;Pista Sul;Colisão Traseira;1;2;;;;;1
01/07/2016;20:22:00;906;sem vítima;177,1999969482422;BR-116/RJ;Pista Sul;Colisão Traseira;1;2;;;;;1
04/02/2016;03:22:00;70;com vítima;178,10000610351562;BR-116/RJ;Pista Norte;Colisão Traseira;1;8;2;1;;;2
03/02/2016;04:48:00;78;com vítima;178,3000030517578;BR-116/RJ;Pista Norte;Colisão Traseira;1;25;1;;;;1
03/02/2016;05:39:00;96;sem vítima;178,60000610351562;BR-116/RJ;Pista Norte;Colisão Traseira;1;4;;;;;1
28/01/2016;13:08:00;447;com vítima;178,7;BR-116/RJ;Pista Norte;Abalroamento - Longitudinal;1;22;1;0;0;0;1
25/06/2016;08:32:00;195;sem vítima;172;BR-116/SP;Pista Sul;Colisão Traseira;1;4;;;;;1
16/04/2016;05:34:00;91;com vítima;178,5;BR-116/RJ;Pista Norte;Colisão Traseira;2;1;1;;;;1
28/04/2016;00:56:00;17;sem vítima;178,14999389648438;BR-116/RJ;Pista Norte;Abalroamento - Longitudinal;2;3;;;;;1
06/05/2016;04:52:00;75;com vítima;178,1999969482422;BR-116/RJ;Pista Sul;Colisão Traseira;1;3;1;;;;1
25/05/2016;04:04:00;59;com vítima;178,97999572753906;BR-116/RJ;Pista Sul;Choque em veículo parado na pista;1;1;4;;;;1
01/07/2016;04:26:00;80;com vítima;172;BR-116/SP;Pista Sul;Colisão Traseira;1;1;1;;;;1
01/08/2016;07:47:00;206;com vítima;178,8;BR-116/RJ;Pista Norte;Abalroamento transversal;1;1;1;0;0;0;1
17/08/2016;15:39:00;584;sem vítima;178,5;BR-116/RJ;Pista Norte;Engavetamento;1;3;0;0;0;0;1
16/08/2016;01:24:00;34;com vítima;178,5;BR-116/RJ;Pista Norte;Atropelamento de pedestre caminhando;3;12;1;0;0;1;3
16/08/2016;01:28:00;35;com vítima;178,6;BR-116/RJ;Pista Sul;Tombamento;1;0;1;0;0;0;1
04/01/2016;04:14:00;61;com vítima;179;BR-116/RJ;Pista Norte;Engavetamento;1;2;0;1;0;0;2
15/01/2016;04:15:00;78;com vítima;179,5;BR-116/RJ;Pista Norte;Tombamento;1;0;1;0;0;0;1
23/05/2016;06:00:00;95;com vítima;179,3000030517578;BR-116/RJ;Pista Norte;Engavetamento;2;11;2;;;;1
20/07/2016;09:30:00;337;sem vítima;179,8000030517578;BR-116/RJ;Pista Norte;Colisão Traseira;2;2;;;;;1
09/08/2016;11:02:00;399;sem vítima;179,58;BR-116/RJ;Pista Norte;Colisão traseira;1;2;0;0;0;0;1
06/02/2016;20:49:00;681;sem vítima;174;BR-116/SP;Pista Norte;Colisão Traseira;1;6;;;;;1
29/02/2016;13:24:00;480;com vítima;180,1999969482422;BR-116/RJ;Pista Sul;Colisão Traseira;1;1;1;;;;1
13/01/2016;20:30:00;783;sem vítima;180,25;BR-116/RJ;Pista Sul;Choque em veículo parado na pista;1;2;0;0;0;0;1
02/02/2016;07:51:00;176;sem vítima;180,3000030517578;BR-116/RJ;Pista Norte;Engavetamento;2;3;;;;;1
26/03/2016;15:31:00;523;sem vítima;180,60000610351562;BR-116/RJ;Pista Norte;Abalroamento - Longitudinal;1;5;;;;;1
17/04/2016;19:13:00;576;sem vítima;180,75;BR-116/RJ;Pista Sul;Abalroamento - Longitudinal;1;6;;;;;1
10/06/2016;18:27:00;713;sem vítima;180,5;BR-116/RJ;Pista Sul;Colisão Traseira;1;3;;;;;1
15/07/2016;08:13:00;256;com vítima;180,60000610351562;BR-116/RJ;Pista Sul;Queda de moto;1;1;1;;;;1
17/01/2016;23:19:00;650;sem vítima;181,5;BR-116/RJ;Pista Norte;Colisão traseira;1;2;0;0;0;0;1
09/01/2016;21:05:00;679;sem vítima;175,3;BR-116/SP;Pista Sul;Choque em objeto na pista;1;1;0;0;0;0;1
22/03/2016;17:48:00;755;sem vítima;175;BR-116/SP;Pista Norte;Choque em Barreira New Jersey;2;3;;;;;1
25/05/2016;01:17:00;29;sem vítima;175,5;BR-116/SP;Pista Sul;Colisão Traseira;2;2;;;;;1
02/03/2016;05:16:00;82;com vítima;176,1999969482422;BR-116/SP;Pista Sul;Abalroamento - Longitudinal;1;10;1;;;;1
30/08/2016;06:17:00;122;sem vítima;176,9;BR-116/SP;Pista Norte;Choque em barreira New Jersey;1;2;0;0;0;0;1
08/02/2016;16:41:00;503;sem vítima;177,8000030517578;BR-116/SP;Pista Norte;Choque em Barreira New Jersey;1;2;;;;;1
02/02/2016;07:57:00;180;com vítima;181,8000030517578;BR-116/RJ;Pista Norte;Engavetamento;1;6;2;;;;1
30/01/2016;03:26:00;72;com vítima;179,8;BR-116/SP;Pista Norte;Engavetamento;3;2;1;0;0;0;1
04/04/2016;03:17:00;60;sem vítima;179,4499969482422;BR-116/SP;Pista Norte;Choque em objeto fixo;1;1;;;;;1
15/04/2016;20:07:00;857;sem vítima;179;BR-116/SP;Pista Norte;Choque em objeto na pista;1;2;;;;;1
06/04/2016;18:47:00;779;sem vítima;181,3000030517578;BR-116/RJ;Pista Norte;Colisão Traseira;1;3;;;;;1
30/06/2016;10:27:00;387;sem vítima;181,60000610351562;BR-116/RJ;Pista Norte;Abalroamento - Longitudinal;1;2;;;;;1
13/07/2016;12:14:00;466;com vítima;181,8000030517578;BR-116/RJ;Pista Norte;Engavetamento;2;3;3;;;;1
26/08/2016;12:35:00;502;com vítima;179,1;BR-116/SP;Pista Sul;Abalroamento longitudinal;1;0;3;0;0;0;1
18/01/2016;10:33:00;330;sem vítima;180;BR-116/SP;Pista Sul;Colisão traseira;1;2;0;0;0;0;1
01/03/2016;18:27:00;626;com vítima;182,1999969482422;BR-116/RJ;Pista Sul;Abalroamento - Longitudinal;1;1;1;;;;1
03/05/2016;22:09:00;882;com vítima;182,3000030517578;BR-116/RJ;Pista Sul;Abalroamento - Longitudinal;1;74;2;;;;1
18/07/2016;15:19:00;569;sem vítima;182,89999389648438;BR-116/RJ;Pista Norte;Colisão Traseira;1;2;;;;;1
18/08/2016;12:10:00;473;sem vítima;180,8;BR-116/SP;Pista Sul;Abalroamento longitudinal;1;2;0;0;0;0;1
19/08/2016;12:36:00;422;sem vítima;180,3;BR-116/SP;Pista Sul;Colisão traseira;2;2;0;0;0;0;1
01/03/2016;20:08:00;690;sem vítima;183,3000030517578;BR-116/RJ;Pista Sul;Engavetamento;1;3;;;;;1
05/03/2016;10:09:00;288;com vítima;183,89999389648438;BR-116/RJ;Pista Norte;Colisão Traseira;1;2;1;;;;1
19/04/2016;13:10:00;504;sem vítima;183,3000030517578;BR-116/RJ;Pista Sul;Colisão Traseira;1;2;;;;;1
22/07/2016;22:28:00;866;com vítima;183,6999969482422;BR-116/RJ;Pista Sul;Atropelamento - Pedestre atravessando;1;1;;;1;;2
24/07/2016;05:11:00;96;sem vítima;183,14999389648438;BR-116/RJ;Pista Sul;Choque em veículo parado na pista;1;2;;;;;1
18/08/2016;12:57:00;500;sem vítima;183,4;BR-116/RJ;Pista Sul;Engavetamento;1;6;0;0;0;0;1
13/03/2016;00:39:00;19;sem vítima;181,10000610351562;BR-116/SP;Pista Sul;Abalroamento - Longitudinal;1;3;;;;;1
07/06/2016;14:01:00;453;sem vítima;181,10000610351562;BR-116/SP;Pista Sul;Colisão Traseira;1;2;;;;;1
08/06/2016;08:33:00;249;sem vítima;181,60000610351562;BR-116/SP;Pista Norte;Engavetamento;3;5;;;;;1
25/03/2016;01:29:00;47;sem vítima;184,10000610351562;BR-116/RJ;Pista Sul;Choque em Barreira New Jersey;1;1;;;;;1
28/05/2016;12:46:00;335;sem vítima;184;BR-116/RJ;Pista Sul;Abalroamento - Longitudinal;1;2;;;;;1
19/02/2016;18:07:00;686;sem vítima;185,6999969482422;BR-116/RJ;Pista Norte;Colisão Traseira;1;3;;;;;1
10/04/2016;18:40:00;585;com vítima;185,10000610351562;BR-116/RJ;Pista Sul;Colisão Traseira;1;2;1;;;;1
27/05/2016;16:21:00;554;com vítima;185,85000610351562;BR-116/RJ;Pista Sul;Abalroamento - Longitudinal;1;1;1;;;;1
05/01/2016;20:57:00;739;sem vítima;182,3;BR-116/SP;Pista Norte;Choque em objeto fixo;1;1;0;0;0;0;1
22/01/2016;21:52:00;744;sem vítima;182,3;BR-116/SP;Pista Norte;Colisão traseira;1;2;0;0;0;0;1
28/01/2016;19:35:00;693;sem vítima;182,3;BR-116/SP;Pista Norte;Choque em objeto fixo;2;2;0;0;0;0;1
02/02/2016;00:07:00;8;sem vítima;182,3000030517578;BR-116/SP;Pista Norte;Colisão Traseira;1;5;;;;;1
19/02/2016;23:43:00;866;com vítima;182,3000030517578;BR-116/SP;Pista Norte;Choque em veículo parado na pista;1;5;2;;;;1
06/04/2016;10:59:00;414;sem vítima;182;BR-116/SP;Pista Norte;Colisão Traseira;2;2;;;;;1
21/04/2016;02:08:00;50;sem vítima;182,3000030517578;BR-116/SP;Pista Norte;Choque em veículo parado na pista;1;5;;;;;1
26/04/2016;18:50:00;744;sem vítima;182,3000030517578;BR-116/SP;Pista Norte;Colisão Traseira;1;4;;;;;1
27/04/2016;21:48:00;808;sem vítima;182,3000030517578;BR-116/SP;Pista Norte;Choque em veículo parado na pista;1;3;;;;;1
29/04/2016;17:10:00;614;sem vítima;182,1999969482422;BR-116/SP;Pista Norte;Colisão Traseira;1;3;;;;;1