data;horario;n_da_ocorrencia;tipo_de_ocorrencia;km;trecho;sentido;tipo_de_acidente;caminhao;ilesos;levemente_feridos;moderadamente_feridos;gravemente_feridos;mortos;3
19/07/2016;00:02:00;8;com vítima;217,39999389648438;BR-116/SP;Pista Norte;Colisão Traseira;1;10;1;;;;1
19/02/2016;10:16:00;354;com vítima;218,1999969482422;BR-116/SP;Pista Sul;Colisão Traseira;1;1;1;;;;1
27/01/2016;15:56:00;590;com vítima;218,2;BR-116/SP;Pista Norte;Colisão traseira;1;2;1;0;0;0;1
10/05/2016;04:34:00;88;sem vítima;214,6999969482422;BR-116/RJ;Pista Sul;Abalroamento - Longitudinal;2;2;;;;;1
26/02/2016;23:00:00;959;com vítima;218,5;BR-116/SP;Pista Norte;Choque em objeto na pista;1;1;;1;;;2
22/01/2016;08:58:00;224;sem vítima;218,6;BR-116/SP;Pista Sul;Colisão traseira;1;6;0;0;0;0;1
27/02/2016;08:26:00;260;sem vítima;218,60000610351562;BR-116/SP;Pista Norte;Abalroamento - Longitudinal;1;3;;;;;1
22/03/2016;21:06:00;882;sem vítima;215,64999389648438;BR-116/RJ;Pista Norte;Colisão Traseira;2;2;;;;;1
16/06/2016;23:08:00;911;sem vítima;215,89999389648438;BR-116/RJ;Pista Norte;Choque em Barreira New Jersey;1;1;;;;;1
14/03/2016;10:18:00;377;sem vítima;218,9499969482422;BR-116/SP;Pista Sul;Colisão Traseira;1;5;;;;;1
14/03/2016;22:14:00;879;sem vítima;218,8000030517578;BR-116/SP;Pista Sul;Choque em Defensa;1;1;;;;;1
05/04/2016;03:46:00;60;sem vítima;218,5;BR-116/SP;Pista Sul;Abalroamento - Longitudinal;1;5;;;;;1
12/04/2016;10:43:00;404;sem vítima;218,6999969482422;BR-116/SP;Pista Norte;Colisão Traseira;1;3;;;;;1
13/04/2016;22:07:00;920;sem vítima;218,89999389648438;BR-116/SP;Pista Sul;Abalroamento - Longitudinal;2;2;;;;;1
10/06/2016;18:17:00;709;sem vítima;218,5;BR-116/SP;Pista Norte;Abalroamento - Longitudinal;1;2;;;;;1
27/06/2016;09:06:00;320;com vítima;218,10000610351562;BR-116/SP;Pista Sul;Colisão Traseira;1;2;2;;;;1
03/08/2016;19:18:00;833;sem vítima;218,95;BR-116/SP;Pista Norte;Abalroamento longitudinal;1;3;0;0;0;0;1
10/08/2016;09:38:00;278;com vítima;218,6;BR-116/SP;Pista Norte;Abalroamento longitudinal;1;2;3;0;0;0;1
11/08/2016;18:24:00;704;sem vítima;218,5;BR-116/SP;Pista Sul;Colisão traseira;1;3;0;0;0;0;1
27/08/2016;14:44:00;517;com vítima;218;BR-116/SP;Pista Norte;Abalroamento longitudinal;1;1;1;0;0;0;1
29/08/2016;16:26:00;629;sem vítima;218,8;BR-116/SP;Pista Norte;Engavetamento;1;5;0;0;0;0;1
21/01/2016;00:31:00;14;sem vítima;217;BR-116/RJ;Pista Sul;Choque em objeto fixo;1;1;0;0;0;0;1
23/02/2016;16:26:00;655;sem vítima;217,10000610351562;BR-116/RJ;Pista Norte;Colisão Traseira;1;2;;;;;1
10/02/2016;17:49:00;597;sem vítima;219;BR-116/SP;Pista Sul;Abalroamento - Longitudinal;1;6;;;;;1
09/03/2016;15:30:00;626;sem vítima;217,72000122070312;BR-116/RJ;Pista Sul;Colisão Traseira;2;2;;;;;1
19/05/2016;09:34:00;320;sem vítima;217,6999969482422;BR-116/RJ;Pista Norte;Abalroamento - Longitudinal;1;2;;;;;1
02/06/2016;15:27:00;573;sem vítima;217,89999389648438;BR-116/RJ;Pista Norte;Colisão Traseira;2;2;;;;;1
24/08/2016;17:35:00;616;sem vítima;217;BR-116/RJ;Pista Norte;Abalroamento longitudinal;2;3;0;0;0;0;1
01/03/2016;13:52:00;417;com vítima;218,25;BR-116/RJ;Pista Norte;Tombamento;1;0;;1;;;2
19/01/2016;11:15:00;310;sem vítima;219,3;BR-116/RJ;Pista Norte;Colisão traseira;2;2;0;0;0;0;1
04/02/2016;01:50:00;44;sem vítima;219,3000030517578;BR-116/RJ;Pista Norte;Abalroamento - Longitudinal;1;2;;;;;1
01/03/2016;21:19:00;728;sem vítima;219,10000610351562;BR-116/RJ;Pista Norte;Abalroamento - Longitudinal;1;2;;;;;1
29/03/2016;16:27:00;623;sem vítima;219,3000030517578;BR-116/RJ;Pista Sul;Abalroamento - Longitudinal;1;4;;;;;1
04/04/2016;07:30:00;181;com vítima;219,10000610351562;BR-116/RJ;Pista Norte;Tombamento;1;0;1;;;;1
22/04/2016;09:05:00;255;com vítima;219,39999389648438;BR-116/RJ;Pista Norte;Tombamento;1;0;;1;;;2
11/02/2016;17:15:00;587;sem vítima;219,6999969482422;BR-116/SP;Pista Sul;Colisão Traseira;1;3;;;;;1
02/03/2016;17:33:00;692;sem vítima;219,8000030517578;BR-116/SP;Pista Sul;Engavetamento;1;3;;;;;1
22/03/2016;14:49:00;605;sem vítima;219,6999969482422;BR-116/SP;Pista Norte;Engavetamento;1;3;;;;;1
29/04/2016;14:39:00;506;com vítima;219,60000610351562;BR-116/SP;Pista Norte;Abalroamento - Longitudinal;1;2;1;;;;1
04/05/2016;10:41:00;380;com vítima;219,10000610351562;BR-116/SP;Pista Norte;Colisão Traseira;1;1;1;;;;1
12/05/2016;07:13:00;205;sem vítima;219;BR-116/SP;Pista Sul;Colisão Traseira;1;2;;;;;1
02/06/2016;18:21:00;708;sem vítima;219,10000610351562;BR-116/SP;Pista Sul;Colisão Traseira;1;2;;;;;1
01/07/2016;15:08:00;652;sem vítima;219;BR-116/SP;Pista Norte;Colisão Traseira;1;3;;;;;1
04/07/2016;21:38:00;786;sem vítima;219,60000610351562;BR-116/SP;Pista Sul;Choque em Barreira New Jersey;1;1;;;;;1
12/08/2016;18:56:00;787;com vítima;219,8;BR-116/SP;Pista Sul;Abalroamento longitudinal;1;4;2;0;0;0;1
27/08/2016;23:19:00;802;sem vítima;219,1;BR-116/SP;Pista Sul;Colisão traseira;1;3;0;0;0;0;1
29/08/2016;12:07:00;435;sem vítima;219;BR-116/SP;Pista Norte;Abalroamento longitudinal;1;2;0;0;0;0;1
15/01/2016;09:00:00;317;sem vítima;220,3;BR-116/RJ;Pista Sul;Choque em objeto fixo;1;3;0;0;0;0;1
26/02/2016;16:18:00;678;sem vítima;220,3000030517578;BR-116/RJ;Pista Sul;Tombamento;1;1;;;;;1
14/02/2016;16:51:00;527;sem vítima;220,39999389648438;BR-116/RJ;Pista Norte;Engavetamento;1;10;;;;;1
02/02/2016;08:15:00;200;sem vítima;220,47000122070312;BR-116/RJ;Pista Norte;Capotamento;1;1;;;;;1
11/02/2016;19:06:00;655;sem vítima;220,60000610351562;BR-116/RJ;Pista Sul;Choque em objeto fixo;1;1;;;;;1
14/04/2016;00:01:00;10;com vítima;220,39999389648438;BR-116/SP;Pista Sul;Choque em Barreira New Jersey;1;1;1;;;;1
28/04/2016;12:09:00;438;sem vítima;220,6999969482422;BR-116/SP;Pista Norte;Colisão Traseira;1;2;;;;;1
13/05/2016;08:34:00;260;sem vítima;220,5;BR-116/SP;Pista Norte;Abalroamento - Longitudinal;1;3;;;;;1
12/08/2016;07:30:00;184;com vítima;220,8;BR-116/SP;Pista Sul;Abalroamento longitudinal;1;2;0;0;0;1;3
19/08/2016;21:44:00;841;sem vítima;220,8;BR-116/SP;Pista Norte;Abalroamento longitudinal;1;3;0;0;0;0;1
24/08/2016;11:34:00;372;sem vítima;220;BR-116/SP;Pista Sul;Abalroamento longitudinal;1;2;0;0;0;0;1
11/02/2016;16:38:00;561;sem vítima;220,8000030517578;BR-116/RJ;Pista Sul;Outros;1;1;;;;;1
23/03/2016;21:10:00;838;sem vítima;220,5800018310547;BR-116/RJ;Pista Sul;Choque em objeto fixo;1;1;;;;;1
29/03/2016;13:04:00;476;com vítima;220,39999389648438;BR-116/RJ;Pista Sul;Tombamento;1;0;1;;;;1
17/05/2016;09:11:00;353;sem vítima;220,60000610351562;BR-116/RJ;Pista Sul;Choque em objeto fixo;1;1;;;;;1
21/05/2016;12:58:00;437;sem vítima;220,3000030517578;BR-116/RJ;Pista Sul;Tombamento;1;1;;;;;1
27/05/2016;05:39:00;103;com vítima;220,85000610351562;BR-116/RJ;Pista Sul;Queda de ribanceira;1;0;1;;;;1
03/06/2016;12:58:00;467;sem vítima;220,3000030517578;BR-116/RJ;Pista Sul;Tombamento;1;1;;;;;1
11/06/2016;07:19:00;170;sem vítima;220;BR-116/RJ;Pista Norte;Colisão Traseira;1;3;;;;;1
22/07/2016;05:14:00;94;sem vítima;220,6999969482422;BR-116/RJ;Pista Sul;Choque em objeto fixo;1;1;;;;;1
02/08/2016;03:34:00;72;com vítima;220,9;BR-116/RJ;Pista Norte;Queda de Carga;1;1;1;0;0;0;1
31/08/2016;11:47:00;528;sem vítima;220,25;BR-116/RJ;Pista Sul;Tombamento;1;1;0;0;0;0;1
24/02/2016;18:46:00;668;sem vítima;221;BR-116/SP;Pista Sul;Abalroamento - Longitudinal;1;2;;;;;1
09/03/2016;16:32:00;677;sem vítima;221,60000610351562;BR-116/SP;Pista Sul;Colisão Traseira;1;5;;;;;1
01/04/2016;04:02:00;80;com vítima;221,5;BR-116/SP;Pista Norte;Colisão Traseira;1;1;1;;;;1
11/04/2016;11:40:00;419;sem vítima;221,10000610351562;BR-116/SP;Pista Norte;Engavetamento;1;3;;;;;1
17/04/2016;19:50:00;596;com vítima;221,64999389648438;BR-116/SP;Pista Sul;Choque em veículo parado na pista;1;9;1;;;;1
30/04/2016;08:29:00;185;sem vítima;221,10000610351562;BR-116/SP;Pista Norte;Abalroamento - Longitudinal;1;3;;;;;1
10/05/2016;16:58:00;620;sem vítima;221,5;BR-116/SP;Pista Norte;Colisão Traseira;1;2;;;;;1
02/06/2016;09:01:00;285;sem vítima;221;BR-116/SP;Pista Sul;Abalroamento - Longitudinal;1;2;;;;;1
23/06/2016;06:41:00;120;com vítima;221;BR-116/SP;Pista Sul;Abalroamento - Longitudinal;1;5;1;;;;1
13/08/2016;18:39:00;613;sem vítima;221,6;BR-116/SP;Pista Sul;Abalroamento longitudinal;1;2;0;0;0;0;1
14/05/2016;07:56:00;191;sem vítima;221,3000030517578;BR-116/RJ;Pista Sul;Outros;1;1;;;;;1
17/07/2016;23:59:00;779;sem vítima;221,8000030517578;BR-116/RJ;Pista Sul;Abalroamento - Longitudinal;2;2;;;;;1
23/07/2016;11:58:00;367;sem vítima;221,5;BR-116/RJ;Pista Norte;Choque Talude;1;1;;;;;1
10/08/2016;09:50:00;286;sem vítima;221,6;BR-116/RJ;Pista Sul;Choque em objeto fixo;1;1;0;0;0;0;1
14/01/2016;16:28:00;568;sem vítima;222;BR-116/RJ;Pista Norte;Colisão traseira;1;3;0;0;0;0;1
04/01/2016;09:23:00;257;com vítima;222,1;BR-116/RJ;Pista Norte;Queda de ribanceira;1;0;0;1;0;0;2
11/01/2016;09:40:00;287;sem vítima;222,1;BR-116/RJ;Pista Norte;Tombamento;1;3;0;0;0;0;1
04/01/2016;09:40:00;274;sem vítima;222,25;BR-116/RJ;Pista Norte;Colisão traseira;2;2;0;0;0;0;1
19/01/2016;03:56:00;50;com vítima;222,5;BR-116/RJ;Pista Norte;Choque em barreira New Jersey;1;1;1;0;0;0;1
05/01/2016;16:39:00;578;sem vítima;222,6;BR-116/RJ;Pista Sul;Colisão traseira;1;6;0;0;0;0;1
11/01/2016;15:09:00;502;sem vítima;222,5;BR-116/SP;Pista Norte;Abalroamento - Longitudinal;1;4;0;0;0;0;1
22/02/2016;14:56:00;530;sem vítima;222,60000610351562;BR-116/SP;Pista Norte;Engavetamento;1;3;;;;;1
13/03/2016;22:30:00;771;sem vítima;222,1999969482422;BR-116/RJ;Pista Norte;Colisão Traseira;1;2;;;;;1
23/03/2016;07:38:00;188;sem vítima;222,3000030517578;BR-116/RJ;Pista Norte;Choque em Defensa;1;1;;;;;1
28/03/2016;22:19:00;861;sem vítima;222,10000610351562;BR-116/RJ;Pista Norte;Tombamento;1;1;;;;;1
02/06/2016;07:32:00;167;sem vítima;222,0500030517578;BR-116/RJ;Pista Norte;Tombamento;1;1;;;;;1
04/06/2016;13:23:00;401;com vítima;222,39999389648438;BR-116/RJ;Pista Norte;Tombamento;1;0;1;;;;1
10/06/2016;08:49:00;286;sem vítima;222,10000610351562;BR-116/RJ;Pista Norte;Colisão Traseira;2;2;;;;;1
04/07/2016;13:02:00;422;sem vítima;222,3000030517578;BR-116/RJ;Pista Norte;Tombamento;1;1;;;;;1
23/07/2016;20:32:00;675;com vítima;222,10000610351562;BR-116/RJ;Pista Norte;Tombamento;1;0;1;;;;1
24/01/2016;21:17:00;531;sem vítima;223,1;BR-116/RJ;Pista Norte;Queda de Carga;1;4;0;0;0;0;1
26/01/2016;12:08:00;454;com vítima;223,1;BR-116/RJ;Pista Norte;Colisão traseira;2;2;1;0;0;0;1
30/03/2016;15:28:00;664;com vítima;222,25;BR-116/SP;Pista Norte;Colisão Traseira;1;3;1;;;;1
12/05/2016;12:15:00;469;com vítima;222,5;BR-116/SP;Pista Norte;Abalroamento - Longitudinal;1;4;;;;1;3
28/02/2016;20:08:00;627;com vítima;223,1999969482422;BR-116/RJ;Pista Norte;Abalroamento - Longitudinal;1;3;;2;;;2
26/07/2016;21:49:00;884;sem vítima;222,6999969482422;BR-116/SP;Pista Sul;Colisão Traseira;1;2;;;;;1
26/08/2016;07:36:00;206;com vítima;222,2;BR-116/SP;Pista Sul;Colisão traseira;1;2;1;1;0;0;2
27/01/2016;00:20:00;13;sem vítima;223,2;BR-116/RJ;Pista Norte;Colisão traseira;2;2;0;0;0;0;1
14/01/2016;21:42:00;768;sem vítima;223,3;BR-116/RJ;Pista Sul;Abalroamento - Longitudinal;2;2;0;0;0;0;1
09/02/2016;23:04:00;726;sem vítima;223,39999389648438;BR-116/RJ;Pista Norte;Choque em objeto fixo;1;1;;;;;1
19/01/2016;00:44:00;17;sem vítima;223,5;BR-116/RJ;Pista Norte;Tombamento;1;1;0;0;0;0;1
25/02/2016;04:40:00;70;sem vítima;223,60000610351562;BR-116/RJ;Pista Norte;Abalroamento - Longitudinal;1;2;;;;;1
26/02/2016;04:35:00;66;sem vítima;223,89999389648438;BR-116/RJ;Pista Norte;Colisão Traseira;2;4;;;;;1
09/03/2016;21:33:00;879;com vítima;223,10000610351562;BR-116/RJ;Pista Norte;Abalroamento - Longitudinal;2;25;1;;;;1
11/03/2016;23:49:00;1024;sem vítima;223,8000030517578;BR-116/RJ;Pista Norte;Tombamento;1;2;;;;;1
15/03/2016;15:20:00;589;sem vítima;223,27999877929688;BR-116/RJ;Pista Norte;Tombamento;1;1;;;;;1
22/03/2016;14:41:00;598;com vítima;223,38999938964844;BR-116/RJ;Pista Norte;Choque Talude;1;0;1;;;;1
22/03/2016;15:18:00;634;sem vítima;223,5;BR-116/RJ;Pista Norte;Colisão Traseira;2;2;;;;;1
07/04/2016;08:47:00;280;sem vítima;223,3000030517578;BR-116/RJ;Pista Norte;Choque Talude;1;1;;;;;1
12/04/2016;19:48:00;818;com vítima;223,1999969482422;BR-116/RJ;Pista Norte;Colisão Traseira;2;1;1;;;;1
20/04/2016;06:33:00;148;sem vítima;223,22000122070312;BR-116/RJ;Pista Norte;Choque Talude;1;1;;;;;1
27/05/2016;16:29:00;557;sem vítima;223,8000030517578;BR-116/RJ;Pista Norte;Tombamento;1;7;;;;;1
08/06/2016;18:49:00;773;sem vítima;223,6999969482422;BR-116/RJ;Pista Norte;Choque em objeto fixo;1;1;;;;;1
04/07/2016;04:44:00;69;com vítima;223,39999389648438;BR-116/RJ;Pista Norte;Colisão Traseira;2;1;1;;;;1
06/07/2016;08:07:00;234;sem vítima;223,3000030517578;BR-116/RJ;Pista Norte;Colisão Traseira;2;2;;;;;1
07/07/2016;20:40:00;918;sem vítima;223,14999389648438;BR-116/RJ;Pista Norte;Choque em objeto fixo;1;1;;;;;1
28/07/2016;00:39:00;26;sem vítima;223,3000030517578;BR-116/RJ;Pista Norte;Choque Talude;1;1;;;;;1
17/08/2016;07:56:00;190;sem vítima;223,25;BR-116/RJ;Pista Norte;Colisão traseira;2;2;0;0;0;0;1
20/08/2016;04:59:00;98;sem vítima;223,6;BR-116/RJ;Pista Norte;Engavetamento;3;3;0;0;0;0;1
12/02/2016;10:12:00;349;sem vítima;223,6999969482422;BR-116/SP;Pista Norte;Colisão Traseira;1;3;;;;;1
12/01/2016;12:00:00;408;sem vítima;223,9;BR-116/SP;Pista Norte;Abalroamento - Longitudinal;1;2;0;0;0;0;1
15/03/2016;12:58:00;503;com vítima;223,1999969482422;BR-116/SP;Pista Norte;Colisão Traseira;1;1;;1;;;2
16/03/2016;15:20:00;640;com vítima;223;BR-116/SP;Pista Norte;Colisão Traseira;1;3;1;;;;1
21/03/2016;10:23:00;392;sem vítima;223;BR-116/SP;Pista Sul;Colisão Traseira;1;4;;;;;1
22/03/2016;15:16:00;631;sem vítima;223;BR-116/SP;Pista Sul;Choque em objeto fixo;1;1;;;;;1
06/05/2016;17:43:00;722;sem vítima;223,39999389648438;BR-116/SP;Pista Sul;Choque em Defensa;1;2;;;;;1
06/05/2016;17:47:00;727;com vítima;223,39999389648438;BR-116/SP;Pista Norte;Outros;1;10;1;;;;1
03/06/2016;19:53:00;802;sem vítima;223;BR-116/SP;Pista Norte;Colisão Traseira;1;2;;;;;1
20/07/2016;12:06:00;468;com vítima;223;BR-116/SP;Pista Norte;Colisão Traseira;1;1;1;;;;1
22/08/2016;09:20:00;275;sem vítima;223,7;BR-116/SP;Pista Sul;Colisão traseira;2;2;0;0;0;0;1
21/01/2016;18:42:00;686;sem vítima;224,1;BR-116/SP;Pista Norte;Abalroamento - Longitudinal;1;2;0;0;0;0;1
18/02/2016;09:50:00;355;sem vítima;224,3000030517578;BR-116/RJ;Pista Norte;Choque Talude;2;2;;;;;1
22/01/2016;15:59:00;510;sem vítima;224,4;BR-116/RJ;Pista Sul;Abalroamento - Longitudinal;1;2;0;0;0;0;1
23/01/2016;18:29:00;479;sem vítima;224,4;BR-116/SP;Pista Sul;Abalroamento - Longitudinal;1;2;0;0;0;0;1
20/01/2016;15:47:00;601;sem vítima;224,6;BR-116/RJ;Pista Norte;Choque em barreira New Jersey;1;2;0;0;0;0;1
06/01/2016;15:14:00;541;sem vítima;224,7;BR-116/RJ;Pista Norte;Choque em objeto fixo;1;2;0;0;0;0;1
04/03/2016;08:23:00;216;sem vítima;224,3000030517578;BR-116/RJ;Pista Sul;Choque em objeto fixo;1;1;;;;;1
14/03/2016;21:01:00;831;com vítima;224,10000610351562;BR-116/RJ;Pista Norte;Choque em objeto fixo;1;0;1;;;;1
24/03/2016;05:04:00;81;sem vítima;224,60000610351562;BR-116/RJ;Pista Norte;Abalroamento - Longitudinal;3;3;;;;;1
13/05/2016;08:03:00;223;sem vítima;224,6999969482422;BR-116/RJ;Pista Norte;Choque em Barreira New Jersey;1;2;;;;;1
13/05/2016;16:20:00;631;sem vítima;224,0500030517578;BR-116/RJ;Pista Norte;Choque em objeto fixo;1;3;;;;;1
24/05/2016;21:23:00;797;sem vítima;224,39999389648438;BR-116/RJ;Pista Sul;Choque em objeto fixo;1;4;;;;;1
20/06/2016;01:11:00;30;sem vítima;224,39999389648438;BR-116/RJ;Pista Sul;Abalroamento - Longitudinal;1;2;;;;;1
07/07/2016;18:55:00;844;sem vítima;224,8000030517578;BR-116/RJ;Pista Sul;Choque em objeto fixo;1;1;;;;;1
21/07/2016;21:24:00;850;sem vítima;224,60000610351562;BR-116/RJ;Pista Sul;Abalroamento - Longitudinal;2;2;;;;;1
03/08/2016;06:52:00;136;sem vítima;224,7;BR-116/RJ;Pista Norte;Abalroamento longitudinal;1;2;0;0;0;0;1
17/08/2016;22:55:00;885;com vítima;224,78;BR-116/RJ;Pista Norte;Tombamento;1;1;1;0;0;0;1
31/08/2016;20:18:00;893;sem vítima;224,1;BR-116/RJ;Pista Norte;Choque em barreira New Jersey;1;1;0;0;0;0;1
18/06/2016;05:20:00;98;sem vítima;224;BR-116/SP;Pista Norte;Colisão Traseira;1;2;;;;;1
29/02/2016;07:06:00;155;sem vítima;225;BR-116/RJ;Pista Norte;Abalroamento - Longitudinal;1;2;;;;;1
28/06/2016;07:12:00;149;com vítima;224,60000610351562;BR-116/SP;Pista Sul;Abalroamento - Longitudinal;1;2;1;;;;1
18/08/2016;05:21:00;92;sem vítima;224,9;BR-116/SP;Pista Sul;Abalroamento longitudinal;1;4;0;0;0;0;1
31/08/2016;16:49:00;736;com vítima;224;BR-116/SP;Pista Norte;Colisão traseira;1;1;1;0;0;0;1
17/02/2016;17:53:00;785;sem vítima;225,60000610351562;BR-116/RJ;Pista Norte;Choque em objeto fixo;1;4;;;;;1
28/02/2016;11:16:00;306;sem vítima;225,6999969482422;BR-116/RJ;Pista Norte;Queda de Carga;1;2;;;;;1
12/05/2016;07:14:00;207;sem vítima;225,8300018310547;BR-116/RJ;Pista Norte;Tombamento;1;1;;;;;1
21/07/2016;17:01:00;671;com vítima;225,8000030517578;BR-116/RJ;Pista Norte;Tombamento;1;0;;1;;;2
29/08/2016;06:29:00;121;sem vítima;225,5;BR-116/RJ;Pista Norte;Tombamento;1;1;0;0;0;0;1
15/01/2016;00:32:00;19;com vítima;225;BR-116/SP;Pista Norte;Colisão traseira;1;1;0;1;0;0;2
29/01/2016;16:59:00;559;sem vítima;225;BR-116/SP;Pista Norte;Colisão traseira;1;3;0;0;0;0;1
17/02/2016;04:53:00;86;sem vítima;226,1999969482422;BR-116/RJ;Pista Sul;Colisão Traseira;2;3;;;;;1
04/02/2016;19:27:00;818;sem vítima;225,3000030517578;BR-116/SP;Pista Sul;Colisão Traseira;1;2;;;;;1
21/01/2016;11:10:00;377;sem vítima;225,68;BR-116/SP;Pista Norte;Colisão traseira;1;2;0;0;0;0;1
16/02/2016;01:54:00;34;sem vítima;225,89999389648438;BR-116/SP;Pista Sul;Choque em veículo parado na pista;1;3;;;;;1
17/03/2016;12:28:00;492;sem vítima;225,39999389648438;BR-116/SP;Pista Sul;Abalroamento - Longitudinal;1;2;;;;;1
06/04/2016;10:54:00;409;sem vítima;225,10000610351562;BR-116/SP;Pista Sul;Colisão Traseira;1;2;;;;;1
22/04/2016;06:24:00;100;com vítima;225,6999969482422;BR-116/SP;Pista Sul;Colisão Traseira;1;1;1;;;;1
20/05/2016;09:25:00;318;com vítima;225,3000030517578;BR-116/SP;Pista Norte;Abalroamento - Longitudinal;1;2;1;;;;1
14/06/2016;13:41:00;542;com vítima;225,39999389648438;BR-116/SP;Pista Norte;Colisão Traseira;1;1;1;;;;1
07/07/2016;12:51:00;525;sem vítima;225;BR-116/SP;Pista Sul;Abalroamento - Longitudinal;1;35;;;;;1
12/07/2016;14:36:00;588;com vítima;225,6999969482422;BR-116/SP;Pista Norte;Colisão Traseira;2;2;1;;;;1
17/07/2016;09:17:00;228;com vítima;225;BR-116/SP;Pista Sul;Colisão Traseira;1;1;2;;;;1
17/08/2016;00:49:00;17;com vítima;225,55;BR-116/SP;Pista Sul;Choque em veículo parado na pista;1;1;0;2;0;0;2
25/01/2016;07:45:00;151;sem vítima;226;BR-116/SP;Pista Norte;Abalroamento - Longitudinal;2;2;0;0;0;0;1
04/01/2016;03:19:00;53;sem vítima;226,4;BR-116/SP;Pista Norte;Choque em objeto na pista;1;5;0;0;0;0;1
28/03/2016;06:57:00;151;com vítima;226;BR-116/RJ;Pista Sul;Colisão Traseira;1;1;1;1;;;2
03/07/2016;15:36:00;483;sem vítima;226,39999389648438;BR-116/RJ;Pista Norte;Abalroamento - Longitudinal;2;2;;;;;1
11/08/2016;10:21:00;341;sem vítima;226,9;BR-116/RJ;Pista Norte;Abalroamento longitudinal;2;2;0;0;0;0;1
17/08/2016;18:48:00;746;sem vítima;226,3;BR-116/RJ;Pista Sul;Colisão traseira;2;2;0;0;0;0;1
18/08/2016;06:53:00;141;com vítima;226,65;BR-116/RJ;Pista Norte;Choque Talude;1;0;2;0;0;0;1
21/08/2016;09:43:00;204;sem vítima;226,3;BR-116/RJ;Pista Norte;Choque Talude;1;1;0;0;0;0;1
21/01/2016;22:47:00;823;com vítima;226,9;BR-116/SP;Pista Sul;Atropelamento - Pedestre atravessando;1;1;0;0;0;1;3
08/01/2016;15:46:00;541;sem vítima;227;BR-116/RJ;Pista Sul;Choque em objeto fixo;1;1;0;0;0;0;1
24/03/2016;05:15:00;85;sem vítima;226,10000610351562;BR-116/SP;Pista Norte;Colisão Traseira;2;2;;;;;1
07/06/2016;18:55:00;654;sem vítima;226,60000610351562;BR-116/SP;Pista Norte;Engavetamento;1;7;;;;;1
21/06/2016;12:43:00;455;sem vítima;226,89999389648438;BR-116/SP;Pista Norte;Colisão Traseira;2;2;;;;;1
22/08/2016;05:38:00;82;sem vítima;226,25;BR-116/SP;Pista Sul;Abalroamento longitudinal;1;4;0;0;0;0;1
19/02/2016;20:34:00;790;sem vítima;227,1999969482422;BR-116/RJ;Pista Norte;Queda de Carga;1;1;;;;;1
15/01/2016;09:10:00;324;sem vítima;227,2;BR-116/RJ;Pista Norte;Choque em barreira New Jersey;1;3;0;0;0;0;1
08/01/2016;08:08:00;193;sem vítima;227,7;BR-116/RJ;Pista Norte;Engavetamento;2;3;0;0;0;0;1
16/01/2016;18:27:00;708;com vítima;227;BR-116/SP;Pista Sul;Colisão traseira;1;3;1;0;0;0;1
11/02/2016;21:42:00;738;sem vítima;227,89999389648438;BR-116/RJ;Pista Sul;Abalroamento - Longitudinal;1;3;;;;;1
26/02/2016;17:51:00;753;com vítima;227,10000610351562;BR-116/SP;Pista Norte;Abalroamento - Longitudinal;1;1;1;;;;1
15/04/2016;13:07:00;516;com vítima;227,8000030517578;BR-116/RJ;Pista Sul;Engavetamento;2;5;1;;;;1
20/04/2016;09:35:00;345;sem vítima;227,60000610351562;BR-116/RJ;Pista Norte;Choque em veículo parado na pista;1;2;;;;;1
28/04/2016;15:22:00;568;sem vítima;227,9499969482422;BR-116/RJ;Pista Norte;Colisão Traseira;1;4;;;;;1
16/05/2016;06:52:00;131;sem vítima;227,14999389648438;BR-116/RJ;Pista Norte;Abalroamento - Longitudinal;1;4;;;;;1
11/04/2016;13:02:00;475;com vítima;227,10000610351562;BR-116/SP;Pista Norte;Colisão Traseira;1;2;1;;;;1
02/05/2016;08:23:00;247;sem vítima;227;BR-116/SP;Pista Sul;Engavetamento;1;3;;;;;1
25/05/2016;01:02:00;25;sem vítima;227,6999969482422;BR-116/SP;Pista Sul;Choque em Defensa;1;1;;;;;1
15/06/2016;07:30:00;164;sem vítima;227,89999389648438;BR-116/SP;Pista Sul;Engavetamento;2;4;;;;;1
29/06/2016;07:47:00;219;sem vítima;227;BR-116/SP;Pista Sul;Abalroamento - Longitudinal;1;4;;;;;1
06/07/2016;14:59:00;616;sem vítima;227,5;BR-116/SP;Pista Sul;Abalroamento - Longitudinal;1;3;;;;;1
29/07/2016;19:16:00;814;sem vítima;227,05999755859375;BR-116/SP;Pista Norte;Colisão Traseira;1;2;;;;;1