data;horario;n_da_ocorrencia;tipo_de_ocorrencia;km;trecho;sentido;tipo_de_acidente;caminhao;ilesos;levemente_feridos;moderadamente_feridos;gravemente_feridos;mortos;3
04/08/2016;21:12:00;897;sem vítima;227,5;BR-116/SP;Pista Sul;Tombamento;2;2;0;0;0;0;1
10/08/2016;06:24:00;120;sem vítima;227;BR-116/SP;Pista Sul;Abalroamento longitudinal;1;2;0;0;0;0;1
15/08/2016;14:51:00;594;sem vítima;227,2;BR-116/SP;Pista Norte;Engavetamento;1;3;0;0;0;0;1
25/08/2016;13:38:00;481;sem vítima;227,9;BR-116/SP;Pista Sul;Abalroamento longitudinal;1;3;0;0;0;0;1
19/01/2016;22:33:00;726;com vítima;228;BR-116/SP;Pista Norte;Abalroamento - Longitudinal;1;3;2;0;0;0;1
25/01/2016;09:57:00;302;sem vítima;228,1;BR-116/SP;Pista Norte;Abalroamento - Longitudinal;1;3;0;0;0;0;1
04/01/2016;04:01:00;59;sem vítima;228,6;BR-116/SP;Pista Norte;Choque em defensa;1;1;0;0;0;0;1
07/03/2016;16:11:00;662;sem vítima;228,89999389648438;BR-116/SP;Pista Norte;Colisão Traseira;2;2;;;;;1
13/03/2016;06:57:00;140;com vítima;228,6999969482422;BR-116/SP;Pista Norte;Abalroamento - Longitudinal;1;1;1;;;;1
16/03/2016;22:58:00;924;sem vítima;228;BR-116/SP;Pista Norte;Abalroamento - Longitudinal;1;2;;;;;1
28/03/2016;11:36:00;421;com vítima;228,8000030517578;BR-116/SP;Pista Sul;Outros;2;2;1;;;1;3
29/03/2016;10:30:00;380;sem vítima;228,3000030517578;BR-116/SP;Pista Norte;Abalroamento - Longitudinal;1;2;;;;;1
06/03/2016;18:02:00;565;sem vítima;228,10000610351562;BR-116/RJ;Pista Norte;Colisão Traseira;1;6;;;;;1
23/03/2016;17:51:00;719;sem vítima;228,0500030517578;BR-116/RJ;Pista Sul;Abalroamento - Longitudinal;1;2;;;;;1
14/04/2016;04:16:00;71;sem vítima;228,89999389648438;BR-116/RJ;Pista Norte;Choque em Barreira New Jersey;1;1;;;;;1
29/05/2016;23:25:00;708;sem vítima;228,60000610351562;BR-116/SP;Pista Norte;Colisão Traseira;1;3;;;;;1
09/06/2016;09:12:00;310;com vítima;228,6999969482422;BR-116/SP;Pista Sul;Engavetamento;3;4;1;;;;1
30/06/2016;10:38:00;393;sem vítima;228;BR-116/SP;Pista Sul;Abalroamento - Longitudinal;2;2;;;;;1
15/07/2016;11:58:00;524;com vítima;228,10000610351562;BR-116/SP;Pista Sul;Colisão Traseira;1;6;;;1;;2
26/07/2016;03:58:00;70;com vítima;228,6999969482422;BR-116/SP;Pista Sul;Tombamento;2;1;1;;;;1
15/08/2016;16:17:00;663;sem vítima;228,5;BR-116/SP;Pista Norte;Colisão traseira;1;2;0;0;0;0;1
18/08/2016;09:43:00;344;sem vítima;228,7;BR-116/SP;Pista Norte;Abalroamento longitudinal;1;2;0;0;0;0;1
25/08/2016;10:38:00;367;com vítima;228,43;BR-116/SP;Pista Sul;Colisão traseira;1;5;1;1;0;0;2
30/04/2016;02:56:00;59;sem vítima;228;BR-116/RJ;Pista Sul;Choque em Barreira New Jersey;1;1;;;;;1
06/05/2016;16:55:00;685;sem vítima;228,1999969482422;BR-116/RJ;Pista Sul;Queda de Carga;2;2;;;;;1
10/08/2016;09:35:00;276;sem vítima;228,2;BR-116/RJ;Pista Norte;Engavetamento;1;3;0;0;0;0;1
19/02/2016;15:02:00;552;com vítima;229,4499969482422;BR-116/SP;Pista Sul;Abalroamento - Longitudinal;1;3;1;;;;1
27/01/2016;09:28:00;312;sem vítima;229;BR-116/RJ;Pista Sul;Choque em barreira New Jersey;1;4;0;0;0;0;1
25/02/2016;08:47:00;263;sem vítima;229,5399932861328;BR-116/SP;Pista Sul;Choque em Defensa;1;2;;;;;1
21/04/2016;17:31:00;583;sem vítima;229,39999389648438;BR-116/SP;Pista Norte;Abalroamento - Longitudinal;1;2;;;;;1
25/04/2016;04:13:00;72;sem vítima;229,1999969482422;BR-116/SP;Pista Norte;Choque em Defensa;1;1;;;;;1
08/05/2016;07:03:00;140;sem vítima;229;BR-116/SP;Pista Norte;Colisão Traseira;1;3;;;;;1
21/06/2016;17:36:00;653;sem vítima;229,0500030517578;BR-116/SP;Pista Norte;Choque em veículo parado na pista;1;4;;;;;1
27/06/2016;13:32:00;525;sem vítima;229;BR-116/SP;Pista Norte;Abalroamento - Longitudinal;1;3;;;;;1
02/07/2016;16:50:00;643;sem vítima;229,39999389648438;BR-116/SP;Pista Norte;Abalroamento - Longitudinal;1;4;;;;;1
14/07/2016;15:32:00;663;com vítima;229,6999969482422;BR-116/SP;Pista Norte;Abalroamento - Longitudinal;1;1;;1;;;2
19/07/2016;14:58:00;575;sem vítima;229;BR-116/SP;Pista Norte;Abalroamento - Longitudinal;1;2;;;;;1
25/07/2016;14:12:00;564;sem vítima;229,89999389648438;BR-116/SP;Pista Sul;Engavetamento;1;10;;;;;1
29/07/2016;04:56:00;95;sem vítima;229,5;BR-116/SP;Pista Sul;Colisão Traseira;1;2;;;;;1
28/08/2016;18:23:00;626;sem vítima;229,2;BR-116/SP;Pista Norte;Abalroamento longitudinal;1;2;0;0;0;0;1
03/01/2016;07:03:00;110;sem vítima;229,65;BR-116/RJ;Pista Sul;Choque em barreira New Jersey;1;6;0;0;0;0;1
08/01/2016;03:14:00;56;sem vítima;229,7;BR-116/RJ;Pista Norte;Choque em objeto fixo;1;1;0;0;0;0;1
19/05/2016;13:16:00;473;com vítima;229,60000610351562;BR-116/RJ;Pista Norte;Abalroamento - Longitudinal;1;1;3;;;;1
05/06/2016;13:27:00;354;sem vítima;229,8000030517578;BR-116/RJ;Pista Norte;Colisão Traseira;1;2;;;;;1
21/07/2016;01:10:00;32;sem vítima;229,6999969482422;BR-116/RJ;Pista Norte;Tombamento;1;1;;;;;1
05/06/2016;16:14:00;454;com vítima;230,10000610351562;BR-116/RJ;Pista Norte;Capotamento;1;2;2;;;;1
15/08/2016;16:51:00;691;sem vítima;231,4;BR-116/RJ;Pista Norte;Colisão traseira;1;2;0;0;0;0;1
15/02/2016;15:54:00;544;sem vítima;232,10000610351562;BR-116/RJ;Pista Norte;Choque em Barreira New Jersey;1;2;;;;;1
02/02/2016;16:33:00;578;sem vítima;232,14999389648438;BR-116/RJ;Pista Norte;Choque em Barreira New Jersey;1;1;;;;;1
15/01/2016;18:39:00;777;sem vítima;232,35;BR-116/RJ;Pista Norte;Engavetamento;1;5;0;0;0;0;1
21/07/2016;03:42:00;66;sem vítima;232,60000610351562;BR-116/RJ;Pista Norte;Engavetamento;2;4;;;;;1
02/02/2016;14:29:00;467;com vítima;233,89999389648438;BR-116/RJ;Pista Norte;Atropelamento - Pedestre atravessando;1;1;1;;;;1
16/04/2016;03:47:00;73;com vítima;233,75;BR-116/RJ;Pista Norte;Colisão Traseira;2;2;;1;;;2
28/01/2016;05:08:00;84;com vítima;234,5;BR-116/RJ;Pista Norte;Colisão traseira;1;1;1;0;0;2;3
11/03/2016;17:48:00;813;com vítima;234,6999969482422;BR-116/RJ;Pista Norte;Abalroamento - Longitudinal;1;2;4;;;;1
26/01/2016;14:35:00;557;com vítima;236,1;BR-116/RJ;Pista Norte;Colisão traseira;3;2;1;0;0;0;1
03/02/2016;07:39:00;182;sem vítima;236,89999389648438;BR-116/RJ;Pista Sul;Outros;1;2;;;;;1
26/08/2016;09:11:00;332;sem vítima;236,8;BR-116/RJ;Pista Sul;Abalroamento longitudinal;2;2;0;0;0;0;1
10/03/2016;08:19:00;253;sem vítima;237;BR-116/RJ;Pista Norte;Colisão Traseira;1;5;;;;;1
21/04/2016;22:26:00;737;sem vítima;237;BR-116/RJ;Pista Norte;Colisão Traseira;1;2;;;;;1
17/02/2016;08:14:00;244;sem vítima;238,5;BR-116/RJ;Pista Sul;Outros;2;2;;;;;1
19/02/2016;10:52:00;388;sem vítima;238,5399932861328;BR-116/RJ;Pista Sul;Colisão Traseira;1;3;;;;;1
14/01/2016;07:04:00;116;sem vítima;239,4;BR-116/RJ;Pista Sul;Choque em objeto fixo;1;1;0;0;0;0;1
10/01/2016;23:14:00;643;com vítima;239,5;BR-116/RJ;Pista Norte;Choque em barreira New Jersey;1;0;1;0;0;0;1
06/01/2016;04:18:00;46;sem vítima;239,7;BR-116/RJ;Pista Norte;Tombamento;1;1;0;0;0;0;1
15/06/2016;15:45:00;627;com vítima;239;BR-116/RJ;Pista Sul;Colisão Traseira;1;1;1;;;;1
20/06/2016;18:24:00;747;com vítima;239,5;BR-116/RJ;Pista Norte;Tombamento;1;0;1;;;;1
12/07/2016;05:22:00;95;com vítima;239,58999633789062;BR-116/RJ;Pista Norte;Tombamento;1;0;1;1;;;2
29/07/2016;06:28:00;129;sem vítima;239,10000610351562;BR-116/RJ;Pista Sul;Abalroamento - Longitudinal;1;2;;;;;1
10/08/2016;03:39:00;75;com vítima;239,9;BR-116/RJ;Pista Norte;Choque em barreira New Jersey;1;1;1;0;0;0;1
06/03/2016;13:43:00;398;com vítima;240,6999969482422;BR-116/RJ;Pista Sul;Choque em Barreira New Jersey;1;1;2;;;;1
24/06/2016;07:35:00;193;sem vítima;240,5;BR-116/RJ;Pista Sul;Abalroamento - Longitudinal;1;2;;;;;1
15/01/2016;01:20:00;32;sem vítima;241,5;BR-116/RJ;Pista Norte;Choque em objeto na pista;2;2;0;0;0;0;1
04/06/2016;14:03:00;431;sem vítima;241,39999389648438;BR-116/RJ;Pista Sul;Choque em Barreira New Jersey;1;1;;;;;1
05/07/2016;18:38:00;657;com vítima;241,89999389648438;BR-116/RJ;Pista Sul;Engavetamento;1;1;3;2;;;2
05/03/2016;01:46:00;56;sem vítima;242,5500030517578;BR-116/RJ;Pista Norte;Abalroamento - Longitudinal;1;5;;;;;1
30/07/2016;19:19:00;689;sem vítima;242,60000610351562;BR-116/RJ;Pista Norte;Choque em objeto na pista;1;3;;;;;1
25/01/2016;16:50:00;595;sem vítima;243,7;BR-116/RJ;Pista Norte;Choque em objeto na pista;1;3;0;0;0;0;1
25/02/2016;04:49:00;72;sem vítima;244,5;BR-116/RJ;Pista Norte;Colisão Traseira;1;7;;;;;1
31/03/2016;01:12:00;34;sem vítima;244,3000030517578;BR-116/RJ;Pista Norte;Colisão Traseira;1;2;;;;;1
06/06/2016;02:15:00;40;com vítima;244,39999389648438;BR-116/RJ;Pista Norte;Colisão Traseira;2;1;;;1;;2
06/07/2016;06:03:00;105;sem vítima;244,5;BR-116/RJ;Pista Norte;Colisão Traseira;2;2;;;;;1
12/08/2016;16:47:00;691;sem vítima;244,6;BR-116/RJ;Pista Norte;Colisão traseira;1;2;0;0;0;0;1
26/07/2016;05:52:00;94;sem vítima;245,60000610351562;BR-116/RJ;Pista Norte;Colisão Traseira;2;2;;;;;1
28/03/2016;07:38:00;189;com vítima;246;BR-116/RJ;Pista Norte;Colisão Traseira;1;2;1;;;;1
22/06/2016;15:24:00;586;sem vítima;246,5;BR-116/RJ;Pista Norte;Abalroamento - Longitudinal;1;2;;;;;1
27/01/2016;13:12:00;478;com vítima;247,5;BR-116/RJ;Pista Sul;Queda de ribanceira;1;0;0;1;0;0;2
15/02/2016;15:15:00;525;sem vítima;247,6999969482422;BR-116/RJ;Pista Norte;Choque em Barreira New Jersey;1;1;;;;;1
28/03/2016;03:20:00;58;sem vítima;247,60000610351562;BR-116/RJ;Pista Norte;Engavetamento;2;3;;;;;1
12/04/2016;20:32:00;841;sem vítima;247,6999969482422;BR-116/RJ;Pista Sul;Choque em veículo parado na pista;2;2;;;;;1
16/08/2016;04:28:00;72;com vítima;249,8;BR-116/RJ;Pista Sul;Choque Talude;1;0;1;0;0;0;1
22/01/2016;12:03:00;359;com vítima;251,5;BR-116/RJ;Pista Sul;Choque em defensa;1;0;1;0;0;0;1
12/03/2016;02:48:00;58;sem vítima;251,6999969482422;BR-116/RJ;Pista Sul;Choque em objeto fixo;1;1;;;;;1
29/02/2016;08:04:00;204;com vítima;252;BR-116/RJ;Pista Norte;Abalroamento - Longitudinal;1;1;1;;;;1
25/03/2016;12:13:00;442;sem vítima;252;BR-116/RJ;Pista Sul;Abalroamento - Longitudinal;1;4;;;;;1
21/06/2016;20:28:00;760;sem vítima;253,60000610351562;BR-116/RJ;Pista Sul;Abalroamento - Longitudinal;2;2;;;;;1
01/02/2016;14:23:00;484;sem vítima;254,6999969482422;BR-116/RJ;Pista Sul;Colisão Traseira;1;2;;;;;1
12/01/2016;04:59:00;65;sem vítima;254,7;BR-116/RJ;Pista Norte;Colisão traseira;2;2;0;0;0;0;1
21/03/2016;14:28:00;566;sem vítima;254,3000030517578;BR-116/RJ;Pista Sul;Colisão Traseira;1;2;;;;;1
05/06/2016;13:36:00;361;com vítima;254,60000610351562;BR-116/RJ;Pista Norte;Engavetamento;1;2;2;1;;;2
03/08/2016;21:20:00;909;sem vítima;255,8;BR-116/RJ;Pista Sul;Colisão traseira;2;3;0;0;0;0;1
15/04/2016;18:08:00;750;sem vítima;256,79998779296875;BR-116/RJ;Pista Sul;Engavetamento;1;3;;;;;1
09/01/2016;06:38:00;117;sem vítima;257;BR-116/RJ;Pista Norte;Abalroamento - Longitudinal;2;4;0;0;0;0;1
20/01/2016;00:55:00;26;sem vítima;257,4;BR-116/RJ;Pista Sul;Colisão traseira;2;2;0;0;0;0;1
21/03/2016;21:41:00;881;com vítima;258,20001220703125;BR-116/RJ;Pista Norte;Colisão Traseira;2;1;1;;;;1
05/04/2016;20:51:00;869;com vítima;258,1000061035156;BR-116/RJ;Pista Norte;Colisão Traseira;1;1;1;;;;1
13/04/2016;10:46:00;404;sem vítima;258,6000061035156;BR-116/RJ;Pista Sul;Abalroamento - Longitudinal;1;3;;;;;1
23/05/2016;08:04:00;176;sem vítima;258,6000061035156;BR-116/RJ;Pista Sul;Choque em objeto fixo;1;2;;;;;1
31/08/2016;03:25:00;75;sem vítima;258,2;BR-116/RJ;Pista Norte;Colisão traseira;2;2;0;0;0;0;1
03/03/2016;21:46:00;934;com vítima;259,8999938964844;BR-116/RJ;Pista Norte;Abalroamento - Longitudinal;1;5;1;;;;1
08/08/2016;15:16:00;622;sem vítima;259,4;BR-116/RJ;Pista Norte;Choque Talude;1;1;0;0;0;0;1
12/01/2016;19:08:00;689;sem vítima;261,5;BR-116/RJ;Pista Sul;Colisão traseira;1;57;0;0;0;0;1
19/02/2016;16:34:00;627;sem vítima;261,5;BR-116/RJ;Pista Norte;Outros;1;1;;;;;1
08/01/2016;14:14:00;468;sem vítima;261,9;BR-116/RJ;Pista Norte;Choque em objeto na pista;1;5;0;0;0;0;1
29/04/2016;21:33:00;796;com vítima;261,5;BR-116/RJ;Pista Norte;Choque em Barreira New Jersey;1;0;1;;;;1
19/01/2016;10:22:00;276;sem vítima;262,5;BR-116/RJ;Pista Sul;Choque em defensa;1;1;0;0;0;0;1
24/03/2016;01:01:00;24;com vítima;263,6000061035156;BR-116/RJ;Pista Sul;Choque em Barreira New Jersey;1;1;;1;;;2
08/04/2016;03:16:00;55;sem vítima;263,5;BR-116/RJ;Pista Sul;Abalroamento - Longitudinal;1;2;;;;;1
07/06/2016;06:48:00;115;com vítima;263,3999938964844;BR-116/RJ;Pista Sul;Engavetamento;2;3;;1;;;2
10/08/2016;00:08:00;8;sem vítima;263,2;BR-116/RJ;Pista Sul;Abalroamento longitudinal;1;2;0;0;0;0;1
27/01/2016;07:13:00;145;sem vítima;264;BR-116/RJ;Pista Sul;Queda de ribanceira;1;2;0;0;0;0;1
25/01/2016;23:07:00;838;com vítima;264,7;BR-116/RJ;Pista Norte;Colisão traseira;2;1;0;1;0;0;2
27/02/2016;15:32:00;565;com vítima;264,79998779296875;BR-116/RJ;Pista Sul;Colisão Traseira;1;3;2;;;;1
25/05/2016;14:25:00;548;sem vítima;264;BR-116/RJ;Pista Sul;Abalroamento - Longitudinal;1;4;;;;;1
16/08/2016;17:32:00;634;sem vítima;264,4;BR-116/RJ;Pista Norte;Choque em barreira New Jersey;1;1;0;0;0;0;1
18/02/2016;05:27:00;101;com vítima;265;BR-116/RJ;Pista Norte;Colisão Traseira;2;2;;1;;;2
16/01/2016;04:38:00;113;sem vítima;265,2;BR-116/RJ;Pista Norte;Abalroamento - Longitudinal;1;2;0;0;0;0;1
22/02/2016;06:50:00;121;sem vítima;265,20001220703125;BR-116/RJ;Pista Norte;Abalroamento - Longitudinal;1;3;;;;;1
12/02/2016;09:22:00;293;com vítima;265,29998779296875;BR-116/RJ;Pista Norte;Tombamento;1;0;;1;;;2
11/02/2016;06:35:00;106;sem vítima;265,3999938964844;BR-116/RJ;Pista Sul;Colisão Traseira;1;3;;;;;1
30/03/2016;20:07:00;847;sem vítima;265,6000061035156;BR-116/RJ;Pista Sul;Choque em objeto fixo;1;1;;;;;1
03/05/2016;05:57:00;102;com vítima;265,1000061035156;BR-116/RJ;Pista Norte;Colisão Traseira;2;2;;1;;;2
11/05/2016;12:56:00;500;sem vítima;265,3999938964844;BR-116/RJ;Pista Sul;Engavetamento;2;4;;;;;1
14/05/2016;06:15:00;114;com vítima;265,6000061035156;BR-116/RJ;Pista Norte;Colisão Traseira;1;1;1;;;;1
20/05/2016;18:53:00;737;sem vítima;265,3999938964844;BR-116/RJ;Pista Norte;Abalroamento - Longitudinal;2;2;;;;;1
04/06/2016;16:03:00;516;com vítima;265;BR-116/RJ;Pista Sul;Choque em Barreira New Jersey;1;1;;1;;;2
18/07/2016;15:56:00;600;sem vítima;265,29998779296875;BR-116/RJ;Pista Sul;Abalroamento - Longitudinal;1;5;;;;;1
28/07/2016;05:33:00;87;sem vítima;265;BR-116/RJ;Pista Norte;Colisão Traseira;1;3;;;;;1
15/08/2016;21:35:00;891;sem vítima;265;BR-116/RJ;Pista Sul;Engavetamento;2;3;0;0;0;0;1
13/04/2016;17:01:00;694;com vítima;266,5;BR-116/RJ;Pista Norte;Abalroamento - Longitudinal;1;2;1;;;;1
15/04/2016;19:15:00;814;sem vítima;266,70001220703125;BR-116/RJ;Pista Sul;Abalroamento - Longitudinal;1;2;;;;;1
02/06/2016;08:26:00;246;com vítima;266,1000061035156;BR-116/RJ;Pista Sul;Colisão Traseira;2;0;;2;;;2
15/08/2016;19:56:00;837;sem vítima;266,1;BR-116/RJ;Pista Sul;Choque em barreira New Jersey;1;1;0;0;0;0;1
23/02/2016;16:09:00;637;sem vítima;267;BR-116/RJ;Pista Norte;Abalroamento - Longitudinal;1;2;;;;;1
10/01/2016;03:35:00;56;sem vítima;267,05;BR-116/RJ;Pista Norte;Choque em objeto na pista;1;2;0;0;0;0;1
06/05/2016;20:18:00;828;sem vítima;267;BR-116/RJ;Pista Sul;Abalroamento - Longitudinal;1;2;;;;;1
08/06/2016;18:21:00;745;sem vítima;267,5;BR-116/RJ;Pista Sul;Choque Talude;1;1;;;;;1
24/06/2016;12:35:00;487;sem vítima;267,3999938964844;BR-116/RJ;Pista Sul;Colisão Traseira;2;2;;;;;1
19/07/2016;05:55:00;105;sem vítima;267,6499938964844;BR-116/RJ;Pista Sul;Choque em Barreira New Jersey;1;1;;;;;1
24/02/2016;18:42:00;667;sem vítima;268,29998779296875;BR-116/RJ;Pista Sul;Choque em objeto na pista;1;3;;;;;1
09/01/2016;11:56:00;332;sem vítima;268,5;BR-116/RJ;Pista Norte;Abalroamento - Longitudinal;1;5;0;0;0;0;1
29/03/2016;06:57:00;143;sem vítima;268,1000061035156;BR-116/RJ;Pista Norte;Abalroamento - Longitudinal;1;2;;;;;1
03/04/2016;23:58:00;766;com vítima;268,79998779296875;BR-116/RJ;Pista Sul;Choque em Barreira New Jersey;1;1;1;1;;;2
09/04/2016;11:24:00;367;sem vítima;268,95001220703125;BR-116/RJ;Pista Norte;Abalroamento - Longitudinal;1;3;;;;;1
18/05/2016;20:47:00;785;sem vítima;268,45001220703125;BR-116/RJ;Pista Sul;Choque em Barreira New Jersey;1;2;;;;;1
18/05/2016;21:05:00;795;sem vítima;268,45001220703125;BR-116/RJ;Pista Sul;Choque em veículo parado na pista;1;3;;;;;1
01/07/2016;15:55:00;704;sem vítima;268,8999938964844;BR-116/RJ;Pista Sul;Queda de Carga;1;1;;;;;1
18/07/2016;13:59:00;502;com vítima;268,1000061035156;BR-116/RJ;Pista Sul;Engavetamento;1;29;6;3;;;2
09/08/2016;21:10:00;838;sem vítima;268,6;BR-116/RJ;Pista Sul;Atropelamento de animal;1;1;0;0;0;0;1
24/01/2016;19:10:00;475;com vítima;269,4;BR-116/RJ;Pista Sul;Tombamento;1;0;1;0;0;0;1
02/03/2016;07:44:00;206;sem vítima;269,29998779296875;BR-116/RJ;Pista Norte;Abalroamento - Longitudinal;2;2;;;;;1
07/04/2016;18:33:00;812;sem vítima;269,5;BR-116/RJ;Pista Sul;Abalroamento - Longitudinal;1;3;;;;;1
01/07/2016;16:14:00;714;sem vítima;269;BR-116/RJ;Pista Sul;Outros;1;1;;;;;1
20/07/2016;09:54:00;364;com vítima;269,1499938964844;BR-116/RJ;Pista Sul;Engavetamento;3;5;1;;1;;2
22/07/2016;13:17:00;471;sem vítima;269,6499938964844;BR-116/RJ;Pista Sul;Colisão Traseira;1;2;;;;;1
09/08/2016;14:43:00;560;sem vítima;269,7;BR-116/RJ;Pista Norte;Choque em defensa;1;5;0;0;0;0;1
12/01/2016;12:08:00;416;sem vítima;270;BR-116/RJ;Pista Sul;Abalroamento - Longitudinal;1;2;0;0;0;0;1
20/02/2016;11:00:00;258;com vítima;270,79998779296875;BR-116/RJ;Pista Sul;Abalroamento - Longitudinal;1;23;1;;;;1
30/06/2016;07:33:00;178;com vítima;270;BR-116/RJ;Pista Sul;Tombamento;1;0;1;;;;1
15/03/2016;09:50:00;367;sem vítima;271,5;BR-116/RJ;Pista Sul;Abalroamento - Longitudinal;1;2;;;;;1
16/03/2016;01:19:00;36;com vítima;271,5;BR-116/RJ;Pista Sul;Tombamento;1;0;;;1;;2
05/02/2016;18:53:00;776;sem vítima;272,32000732421875;BR-116/RJ;Pista Norte;Abalroamento - Longitudinal;1;4;;;;;1
11/03/2016;11:02:00;484;com vítima;272,79998779296875;BR-116/RJ;Pista Sul;Abalroamento - Longitudinal;1;2;1;;;;1
06/04/2016;10:35:00;387;sem vítima;272,1000061035156;BR-116/RJ;Pista Norte;Colisão Traseira;2;8;;;;;1
16/06/2016;20:53:00;843;com vítima;272;BR-116/RJ;Pista Norte;Colisão Traseira;2;2;1;;;;1
11/07/2016;13:23:00;515;sem vítima;272,3999938964844;BR-116/RJ;Pista Sul;Abalroamento - Longitudinal;1;3;;;;;1
08/08/2016;15:33:00;635;sem vítima;272,5;BR-116/RJ;Pista Sul;Abalroamento longitudinal;1;2;0;0;0;0;1
01/02/2016;14:51:00;505;com vítima;273,79998779296875;BR-116/RJ;Pista Sul;Colisão Traseira;1;1;1;;;;1
04/05/2016;23:44:00;909;com vítima;273,8500061035156;BR-116/RJ;Pista Sul;Queda de Carga;1;2;;1;;;2
14/06/2016;18:32:00;751;sem vítima;273,8999938964844;BR-116/RJ;Pista Sul;Colisão Traseira;2;2;;;;;1
08/07/2016;04:10:00;61;sem vítima;273,20001220703125;BR-116/RJ;Pista Norte;Atropelamento - Animal;2;2;;;;;1
05/01/2016;11:11:00;361;sem vítima;274,9;BR-116/RJ;Pista Norte;Choque em objeto na pista;1;1;0;0;0;0;1
01/03/2016;16:03:00;500;sem vítima;274;BR-116/RJ;Pista Sul;Choque em Barreira New Jersey;2;3;;;;;1
31/03/2016;18:46:00;822;sem vítima;274,5;BR-116/RJ;Pista Sul;Colisão Traseira;2;3;;;;;1
29/04/2016;19:26:00;732;sem vítima;274,95001220703125;BR-116/RJ;Pista Norte;Colisão Traseira;1;2;;;;;1
28/06/2016;05:30:00;86;sem vítima;274;BR-116/RJ;Pista Sul;Colisão Traseira;1;2;;;;;1
03/07/2016;22:43:00;739;sem vítima;274,70001220703125;BR-116/RJ;Pista Sul;Choque em objeto fixo;1;1;;;;;1
07/08/2016;09:43:00;231;com vítima;274;BR-116/RJ;Pista Norte;Abalroamento longitudinal;2;2;1;0;0;0;1
28/01/2016;09:42:00;306;com vítima;275;BR-116/RJ;Pista Norte;Engavetamento;2;0;4;0;0;0;1
20/02/2016;18:56:00;551;sem vítima;275,70001220703125;BR-116/RJ;Pista Sul;Abalroamento - Longitudinal;1;2;;;;;1
20/07/2016;18:28:00;759;sem vítima;276;BR-116/RJ;Pista Sul;Abalroamento - Longitudinal;1;2;;;;;1
17/08/2016;18:39:00;736;sem vítima;276,6;BR-116/RJ;Pista Sul;Colisão traseira;2;2;0;0;0;0;1
29/01/2016;11:14:00;335;sem vítima;277,4;BR-116/RJ;Pista Norte;Abalroamento - Longitudinal;1;2;0;0;0;0;1
25/02/2016;10:56:00;388;com vítima;277,79998779296875;BR-116/RJ;Pista Sul;Abalroamento - Longitudinal;2;1;1;;;;1
28/01/2016;06:51:00;126;sem vítima;277,8;BR-116/RJ;Pista Sul;Colisão traseira;1;2;0;0;0;0;1
11/03/2016;12:25:00;544;com vítima;277,1000061035156;BR-116/RJ;Pista Norte;Choque em Barreira New Jersey;1;1;;1;;;2
05/05/2016;15:51:00;569;sem vítima;277,1000061035156;BR-116/RJ;Pista Sul;Choque em veículo parado na pista;2;2;;;;;1
25/07/2016;16:08:00;673;sem vítima;277,6000061035156;BR-116/RJ;Pista Sul;Colisão Traseira;1;3;;;;;1
31/07/2016;05:38:00;108;sem vítima;277,29998779296875;BR-116/RJ;Pista Sul;Abalroamento - Longitudinal;2;52;;;;;1
25/02/2016;15:04:00;562;sem vítima;278;BR-116/RJ;Pista Sul;Colisão Traseira;1;2;;;;;1
16/06/2016;00:10:00;8;com vítima;278,3999938964844;BR-116/RJ;Pista Norte;Colisão Traseira;2;1;;;1;;2
02/05/2016;10:50:00;388;sem vítima;279,5;BR-116/RJ;Pista Sul;Choque em Barreira New Jersey;1;2;;;;;1
01/06/2016;03:20:00;62;sem vítima;279,8800048828125;BR-116/RJ;Pista Sul;Choque em Defensa;1;1;;;;;1
11/08/2016;12:26:00;438;sem vítima;279,3;BR-116/RJ;Pista Norte;Abalroamento longitudinal;1;2;0;0;0;0;1
05/08/2016;01:33:00;29;sem vítima;279,8;BR-116/RJ;Pista Norte;Choque em objeto na pista;1;1;0;0;0;0;1
20/08/2016;23:49:00;688;sem vítima;279,1;BR-116/RJ;Pista Sul;Abalroamento longitudinal;1;5;0;0;0;0;1
28/05/2016;20:03:00;569;com vítima;280,5;BR-116/RJ;Pista Norte;Choque em objeto na pista;1;0;1;;;;1
16/06/2016;23:14:00;917;sem vítima;280,1000061035156;BR-116/RJ;Pista Norte;Colisão Traseira;2;2;;;;;1
25/04/2016;16:29:00;647;sem vítima;283;BR-116/RJ;Pista Norte;Abalroamento - Longitudinal;1;2;;;;;1
26/06/2016;06:31:00;136;sem vítima;284,6000061035156;BR-116/RJ;Pista Sul;Colisão Traseira;1;2;;;;;1
18/02/2016;14:26:00;587;com vítima;285,29998779296875;BR-116/RJ;Pista Norte;Choque Talude;1;1;1;;;;1