data;horario;n_da_ocorrencia;tipo_de_ocorrencia;km;trecho;sentido;tipo_de_acidente;caminhao;ilesos;levemente_feridos;moderadamente_feridos;gravemente_feridos;mortos;3
09/11/2016;14:03:00;566;sem vítima;80,19999694824219;BR-116/SP;Pista Norte;Colisão Traseira;2;2;;;;;1
09/11/2016;14:30:00;590;sem vítima;223,60000610351562;BR-116/RJ;Pista Norte;Colisão Traseira;2;2;;;;;1
09/11/2016;17:32:00;743;sem vítima;265,1000061035156;BR-116/RJ;Pista Norte;Abalroamento Longitudinal;2;2;;;;;1
09/11/2016;18:19:00;779;sem vítima;224,64999389648438;BR-116/RJ;Pista Sul;Abalroamento Longitudinal;1;2;;;;;1
09/11/2016;19:32:00;839;com vítima;228,0500030517578;BR-116/SP;Pista Norte;Abalroamento Longitudinal;1;4;1;;;;1
09/11/2016;21:46:00;919;sem vítima;174,89999389648438;BR-116/RJ;Pista Norte;Colisão Traseira;1;2;;;;;1
10/11/2016;01:46:00;35;com vítima;56,5;BR-116/SP;Pista Norte;Colisão Traseira;2;1;1;;;;1
10/11/2016;02:47:00;51;sem vítima;204,5;BR-116/SP;Pista Sul;Colisão Traseira;2;3;;;;;1
10/11/2016;03:01:00;55;sem vítima;223,89999389648438;BR-116/SP;Pista Norte;Tombamento;1;1;;;;;1
10/11/2016;04:51:00;83;sem vítima;223,10000610351562;BR-116/RJ;Pista Norte;Queda de Carga;1;1;;;;;1
10/11/2016;07:47:00;201;com vítima;140;BR-116/SP;Pista Norte;Engavetamento;1;4;2;;;;1
10/11/2016;09:18:00;325;sem vítima;127,9000015258789;BR-116/SP;Pista Sul;Colisão Traseira;2;2;;;;;1
10/11/2016;09:20:00;328;sem vítima;141,8000030517578;BR-116/SP;Pista Norte;Engavetamento;1;5;;;;;1
10/11/2016;13:33:00;573;sem vítima;117,9000015258789;BR-116/SP;Pista Sul;Colisão Traseira;2;2;;;;;1
10/11/2016;18:34:00;828;com vítima;163,39999389648438;BR-116/RJ;Pista Sul;Abalroamento Longitudinal;1;55;2;;;;1
10/11/2016;18:52:00;847;com vítima;163,3000030517578;BR-116/RJ;Pista Sul;Atropelamento de Pedestre Atravessando;1;1;;1;;;2
11/11/2016;03:25:00;66;sem vítima;111,5999984741211;BR-116/SP;Pista Norte;Colisão Traseira;1;2;;;;;1
11/11/2016;08:54:00;306;sem vítima;211,39999389648438;BR-116/SP;Pista Norte;Abalroamento Longitudinal;1;2;;;;;1
11/11/2016;08:58:00;309;sem vítima;226,1999969482422;BR-116/RJ;Pista Norte;Colisão Traseira;2;2;;;;;1
11/11/2016;12:15:00;473;sem vítima;34,70000076293945;BR-116/SP;Pista Sul;Abalroamento Longitudinal;1;2;;;;;1
11/11/2016;13:13:00;527;sem vítima;222,5;BR-116/SP;Pista Norte;Colisão Traseira;1;3;;;;;1
11/11/2016;13:14:00;528;com vítima;57,099998474121094;BR-116/SP;Pista Sul;Queda de ribanceira;1;0;1;;;;1
11/11/2016;13:56:00;574;com vítima;314,20001220703125;BR-116/RJ;Pista Norte;Colisão Traseira;1;1;1;;;;1
11/11/2016;14:14:00;588;com vítima;273,79998779296875;BR-116/RJ;Pista Sul;Capotamento;1;1;1;2;;;2
11/11/2016;15:56:00;690;sem vítima;118,0999984741211;BR-116/SP;Pista Sul;Colisão Traseira;2;2;;;;;1
11/11/2016;16:16:00;712;sem vítima;224;BR-116/SP;Pista Norte;Engavetamento;1;6;;;;;1
11/11/2016;16:23:00;721;sem vítima;155,10000610351562;BR-116/SP;Pista Sul;Engavetamento;1;4;;;;;1
11/11/2016;18:01:00;799;sem vítima;136;BR-116/SP;Pista Sul;Choque em Barreira New Jersey;1;4;;;;;1
11/11/2016;20:22:00;907;sem vítima;186,39999389648438;BR-116/SP;Pista Norte;Choque em objeto fixo;1;1;;;;;1
11/11/2016;20:49:00;932;sem vítima;302,67999267578125;BR-116/RJ;Pista Norte;Colisão Traseira;1;2;;;;;1
11/11/2016;20:51:00;935;sem vítima;124;BR-116/SP;Pista Norte;Colisão Traseira;1;2;;;;;1
11/11/2016;21:19:00;957;sem vítima;295,6000061035156;BR-116/RJ;Pista Sul;Choque em Defensa;1;1;;;;;1
11/11/2016;22:49:00;1008;sem vítima;95;BR-116/SP;Pista Norte;Abalroamento Longitudinal;1;2;;;;;1
11/11/2016;23:42:00;1029;sem vítima;185,39999389648438;BR-116/RJ;Pista Norte;Abalroamento Longitudinal;1;2;;;;;1
12/11/2016;00:25:00;13;sem vítima;273;BR-116/RJ;Pista Sul;Choque em objeto fixo;1;1;;;;;1
12/11/2016;03:10:00;71;com vítima;62,900001525878906;BR-116/SP;Pista Norte;Atropelamento de Pedestre Atravessando;1;1;;;;1;3
12/11/2016;11:19:00;379;sem vítima;249,5500030517578;BR-116/RJ;Pista Sul;Choque em objeto na pista;1;4;;;;;1
12/11/2016;16:14:00;595;sem vítima;318;BR-116/RJ;Pista Sul;Colisão Traseira;1;2;;;;;1
12/11/2016;17:26:00;631;sem vítima;176,10000610351562;BR-116/RJ;Pista Sul;Abalroamento Longitudinal;1;6;;;;;1
12/11/2016;21:08:00;759;sem vítima;225,39999389648438;BR-116/SP;Pista Sul;Abalroamento Longitudinal;1;2;;;;;1
13/11/2016;00:07:00;4;sem vítima;230,3000030517578;BR-116/SP;Pista Sul;Outros;1;3;;;;;1
13/11/2016;08:46:00;194;sem vítima;222,6999969482422;BR-116/RJ;Pista Sul;Outros;1;1;;;;;1
13/11/2016;10:26:00;250;sem vítima;227;BR-116/RJ;Pista Norte;Outros;1;1;;;;;1
13/11/2016;10:52:00;260;sem vítima;273;BR-116/RJ;Pista Sul;Colisão Traseira;1;4;;;;;1
13/11/2016;12:50:00;332;com vítima;253,60000610351562;BR-116/RJ;Pista Norte;Abalroamento Longitudinal;1;5;;2;;;2
13/11/2016;18:01:00;509;sem vítima;213,10000610351562;BR-116/RJ;Pista Norte;Colisão Traseira;1;4;;;;;1
13/11/2016;18:27:00;533;sem vítima;163,6999969482422;BR-116/RJ;Pista Norte;Abalroamento Longitudinal;1;2;;;;;1
13/11/2016;21:22:00;629;com vítima;310,6000061035156;BR-116/RJ;Pista Norte;Abalroamento Longitudinal;1;1;2;;;;1
14/11/2016;00:32:00;11;com vítima;332,6000061035156;BR-116/RJ;Pista Sul;Atropelamento de Pedestre Atravessando;1;1;1;;;;1
14/11/2016;06:05:00;88;sem vítima;232,3000030517578;BR-116/RJ;Pista Norte;Abalroamento Longitudinal;1;2;;;;;1
14/11/2016;07:43:00;167;com vítima;212,9499969482422;BR-116/RJ;Pista Sul;Tombamento;1;1;3;;;;1
14/11/2016;11:37:00;350;sem vítima;272,70001220703125;BR-116/RJ;Pista Sul;Colisão Traseira;1;5;;;;;1
14/11/2016;14:07:00;440;sem vítima;207,10000610351562;BR-116/RJ;Pista Sul;Choque em objeto na pista;1;1;;;;;1
14/11/2016;19:43:00;699;com vítima;326,94000244140625;BR-116/RJ;Pista Sul;Choque em Defensa;1;0;1;;;;1
14/11/2016;21:27:00;751;sem vítima;204,1999969482422;BR-116/RJ;Pista Norte;Choque em objeto fixo;1;1;;;;;1
15/11/2016;00:26:00;17;sem vítima;13,899999618530273;BR-116/SP;Pista Norte;Tombamento;1;1;;;;;1
15/11/2016;07:03:00;141;sem vítima;223,3000030517578;BR-116/RJ;Pista Norte;Choque Talude;1;1;;;;;1
15/11/2016;14:26:00;458;sem vítima;318,29998779296875;BR-116/RJ;Pista Sul;Colisão Traseira;1;29;;;;;1
15/11/2016;15:20:00;507;sem vítima;34,20000076293945;BR-116/SP;Pista Sul;Colisão Traseira;1;2;;;;;1
15/11/2016;17:05:00;607;sem vítima;34,79999923706055;BR-116/SP;Pista Sul;Colisão Traseira;1;2;;;;;1
15/11/2016;17:44:00;638;sem vítima;270,5;BR-116/RJ;Pista Norte;Engavetamento;1;7;;;;;1
15/11/2016;23:20:00;860;com vítima;180,1999969482422;BR-116/RJ;Pista Sul;Atropelamento de Pedestre Atravessando;1;1;1;;;;1
16/11/2016;05:54:00;111;sem vítima;95;BR-116/SP;Pista Sul;Colisão Traseira;1;3;;;;;1
16/11/2016;08:53:00;283;sem vítima;144,6999969482422;BR-116/SP;Pista Sul;Engavetamento;1;5;;;;;1
16/11/2016;10:54:00;389;sem vítima;229;BR-116/SP;Pista Sul;Abalroamento Longitudinal;1;2;;;;;1
16/11/2016;14:13:00;523;com vítima;227,02999877929688;BR-116/SP;Pista Norte;Colisão Traseira;3;4;;1;;;2
16/11/2016;18:43:00;710;sem vítima;158,10000610351562;BR-116/SP;Pista Norte;Colisão Traseira;1;2;;;;;1
16/11/2016;19:47:00;765;com vítima;315,1000061035156;BR-116/RJ;Pista Sul;Abalroamento Longitudinal;1;23;1;;;;1
17/11/2016;00:46:00;15;sem vítima;145,5;BR-116/SP;Pista Norte;Engavetamento;1;3;;;;;1
17/11/2016;01:59:00;38;sem vítima;167,10000610351562;BR-116/SP;Pista Norte;Choque em veículo parado na pista;2;2;;;;;1
17/11/2016;07:08:00;129;sem vítima;220,10000610351562;BR-116/RJ;Pista Sul;Tombamento;1;1;;;;;1
17/11/2016;07:49:00;168;sem vítima;318,8999938964844;BR-116/RJ;Pista Norte;Colisão Traseira;2;2;;;;;1
17/11/2016;10:39:00;340;com vítima;224,5;BR-116/SP;Pista Norte;Abalroamento Longitudinal;2;2;;1;;;2
17/11/2016;11:38:00;381;sem vítima;165,1999969482422;BR-116/SP;Pista Sul;Abalroamento Longitudinal;2;4;;;;;1
17/11/2016;14:36:00;507;com vítima;225,5;BR-116/SP;Pista Sul;Abalroamento Longitudinal;1;2;1;;;;1
17/11/2016;16:20:00;579;sem vítima;90,12999725341797;BR-116/SP;Pista Sul;Abalroamento Longitudinal;1;2;;;;;1
17/11/2016;16:24:00;584;com vítima;136;BR-116/SP;Pista Sul;Queda de moto;1;1;1;;;;1
17/11/2016;17:26:00;627;com vítima;196,85000610351562;BR-116/SP;Pista Norte;Engavetamento;2;25;;2;1;;2
18/11/2016;00:11:00;10;sem vítima;45,29999923706055;BR-116/SP;Pista Norte;Colisão Traseira;1;2;;;;;1
18/11/2016;05:06:00;73;sem vítima;199,1999969482422;BR-116/RJ;Pista Sul;Colisão Traseira;1;2;;;;;1
18/11/2016;05:33:00;81;sem vítima;177,8000030517578;BR-116/RJ;Pista Norte;Colisão Traseira;1;2;;;;;1
18/11/2016;06:11:00;101;com vítima;181,6999969482422;BR-116/RJ;Pista Norte;Colisão Traseira;2;8;1;;;;1
18/11/2016;10:54:00;425;sem vítima;148;BR-116/SP;Pista Sul;Abalroamento Longitudinal;1;5;;;;;1
18/11/2016;13:51:00;571;sem vítima;232;BR-116/RJ;Pista Norte;Choque em Barreira New Jersey;1;2;;;;;1
19/11/2016;11:35:00;465;sem vítima;204,5;BR-116/SP;Pista Sul;Choque em objeto fixo;1;1;;;;;1
20/11/2016;06:33:00;135;sem vítima;67,5999984741211;BR-116/SP;Pista Norte;Choque em Barreira New Jersey;1;1;;;;;1
20/11/2016;10:49:00;279;com vítima;220,39999389648438;BR-116/RJ;Pista Norte;Choque Talude;1;0;2;2;;;2
20/11/2016;21:38:00;672;com vítima;62,29999923706055;BR-116/SP;Pista Norte;Colisão Traseira;2;1;;;1;;2
21/11/2016;02:59:00;58;sem vítima;236,5;BR-116/RJ;Pista Norte;Colisão Traseira;2;2;;;;;1
21/11/2016;05:34:00;112;sem vítima;112,5;BR-116/SP;Pista Norte;Engavetamento;1;4;;;;;1
21/11/2016;07:35:00;220;sem vítima;217,5;BR-116/RJ;Pista Norte;Abalroamento Longitudinal;2;2;;;;;1
21/11/2016;07:59:00;243;sem vítima;222,89999389648438;BR-116/RJ;Pista Norte;Colisão Traseira;2;2;;;;;1
21/11/2016;10:54:00;399;sem vítima;205,1999969482422;BR-116/SP;Pista Norte;Abalroamento Longitudinal;1;3;;;;;1
21/11/2016;16:03:00;582;com vítima;65;BR-116/SP;Pista Sul;Abalroamento Longitudinal;1;1;1;;;;1
21/11/2016;20:32:00;767;sem vítima;168,1999969482422;BR-116/RJ;Pista Sul;Abalroamento Longitudinal;1;2;;;;;1
22/11/2016;09:33:00;324;com vítima;199,3000030517578;BR-116/RJ;Pista Norte;Colisão Frontal;2;2;;1;;;2
23/11/2016;14:58:00;600;sem vítima;133,89999389648438;BR-116/SP;Pista Sul;Colisão Traseira;3;6;;;;;1
23/11/2016;15:08:00;613;sem vítima;182,3000030517578;BR-116/SP;Pista Norte;Colisão Traseira;2;2;;;;;1
23/11/2016;16:28:00;675;sem vítima;228,89999389648438;BR-116/SP;Pista Norte;Abalroamento Longitudinal;1;2;;;;;1
23/11/2016;17:56:00;741;sem vítima;165,1999969482422;BR-116/SP;Pista Norte;Colisão Traseira;2;2;;;;;1
24/11/2016;08:17:00;279;com vítima;222,89999389648438;BR-116/RJ;Pista Norte;Queda de moto;1;1;;;;1;3
24/11/2016;10:08:00;418;com vítima;223,39999389648438;BR-116/SP;Pista Sul;Engavetamento;1;3;1;;;;1
24/11/2016;15:16:00;679;sem vítima;24,5;BR-116/SP;Pista Norte;Choque em Barreira New Jersey;1;1;;;;;1
24/11/2016;17:30:00;788;sem vítima;184,8000030517578;BR-116/RJ;Pista Norte;Colisão Traseira;2;2;;;;;1
24/11/2016;18:41:00;844;sem vítima;225,5;BR-116/SP;Pista Norte;Colisão Traseira;1;2;;;;;1
24/11/2016;18:44:00;847;com vítima;248,1999969482422;BR-116/RJ;Pista Sul;Colisão Traseira;1;1;1;;;;1
24/11/2016;19:30:00;872;sem vítima;168,1999969482422;BR-116/RJ;Pista Norte;Abalroamento Longitudinal;1;2;;;;;1
24/11/2016;22:11:00;966;com vítima;30,5;BR-116/SP;Pista Sul;Colisão Traseira;2;1;;1;;;2
25/11/2016;00:06:00;7;sem vítima;151,5;BR-116/SP;Pista Sul;Abalroamento Longitudinal;2;2;;;;;1
25/11/2016;00:26:00;13;sem vítima;109;BR-116/SP;Pista Norte;Colisão Traseira;1;5;;;;;1
25/11/2016;01:39:00;31;sem vítima;165,1999969482422;BR-116/SP;Pista Norte;Colisão Traseira;2;2;;;;;1
25/11/2016;03:37:00;61;sem vítima;186,10000610351562;BR-116/RJ;Pista Norte;Colisão Traseira;1;2;;;;;1
25/11/2016;06:06:00;103;sem vítima;117;BR-116/SP;Pista Sul;Choque em objeto fixo;1;1;;;;;1
25/11/2016;06:17:00;111;sem vítima;201,6999969482422;BR-116/RJ;Pista Sul;Choque em Defensa;1;1;;;;;1
25/11/2016;07:57:00;210;com vítima;141,8000030517578;BR-116/SP;Pista Norte;Abalroamento Longitudinal;1;4;1;;;;1
25/11/2016;10:40:00;380;com vítima;125,44999694824219;BR-116/SP;Pista Norte;Abalroamento Longitudinal;1;1;1;;;;1
25/11/2016;13:31:00;500;com vítima;270;BR-116/RJ;Pista Sul;Choque em objeto fixo;1;0;1;1;;;2
25/11/2016;14:24:00;544;sem vítima;225,4499969482422;BR-116/SP;Pista Norte;Colisão Traseira;2;2;;;;;1
25/11/2016;17:59:00;697;sem vítima;218,8000030517578;BR-116/SP;Pista Sul;Abalroamento Longitudinal;1;2;;;;;1
25/11/2016;18:22:00;719;sem vítima;154,8000030517578;BR-116/SP;Pista Sul;Abalroamento Longitudinal;1;2;;;;;1
25/11/2016;19:15:00;769;sem vítima;86,94999694824219;BR-116/SP;Pista Sul;Abalroamento Longitudinal;1;3;;;;;1
25/11/2016;21:50:00;871;sem vítima;167,6999969482422;BR-116/RJ;Pista Sul;Colisão Traseira;1;2;;;;;1
26/11/2016;02:28:00;32;com vítima;8,649999618530273;BR-116/SP;Pista Sul;Outros;2;1;;;;1;3
26/11/2016;03:56:00;52;sem vítima;106,30000305175781;BR-116/SP;Pista Norte;Choque em objeto na pista;1;2;;;;;1
26/11/2016;07:04:00;133;sem vítima;210,3000030517578;BR-116/SP;Pista Sul;Abalroamento Longitudinal;1;2;;;;;1
26/11/2016;16:08:00;492;sem vítima;248,3000030517578;BR-116/RJ;Pista Sul;Tombamento;1;1;;;;;1
26/11/2016;19:32:00;625;sem vítima;198,3000030517578;BR-116/SP;Pista Sul;Abalroamento Longitudinal;1;3;;;;;1
26/11/2016;20:28:00;656;sem vítima;227,89999389648438;BR-116/SP;Pista Norte;Abalroamento Longitudinal;1;2;;;;;1
27/11/2016;15:46:00;462;sem vítima;268,5;BR-116/RJ;Pista Sul;Abalroamento Longitudinal;1;3;;;;;1
27/11/2016;22:40:00;740;sem vítima;224,60000610351562;BR-116/RJ;Pista Sul;Choque em objeto fixo;1;2;;;;;1
27/11/2016;23:24:00;760;com vítima;23,5;BR-116/SP;Pista Norte;Colisão Traseira;2;2;;1;;;2
28/11/2016;12:32:00;494;sem vítima;195,10000610351562;BR-116/RJ;Pista Norte;Choque em Defensa;1;2;;;;;1
28/11/2016;16:39:00;711;sem vítima;242,1999969482422;BR-116/RJ;Pista Sul;Abalroamento Longitudinal;1;2;;;;;1
28/11/2016;16:54:00;726;sem vítima;226,6999969482422;BR-116/RJ;Pista Norte;Abalroamento Longitudinal;2;2;;;;;1
28/11/2016;17:04:00;730;sem vítima;227,3000030517578;BR-116/SP;Pista Norte;Outros;1;1;;;;;1
29/11/2016;01:01:00;25;sem vítima;64,31999969482422;BR-116/SP;Pista Norte;Atropelamento de Animal;1;1;;;;;1
29/11/2016;01:23:00;34;com vítima;138,02999877929688;BR-116/SP;Pista Sul;Colisão Traseira;1;2;;1;;;2
29/11/2016;06:54:00;173;com vítima;286;BR-116/RJ;Pista Norte;Colisão Traseira;2;1;1;;;;1
29/11/2016;09:55:00;354;sem vítima;230,89999389648438;BR-116/SP;Pista Sul;Colisão Traseira;1;4;;;;;1
29/11/2016;10:39:00;397;sem vítima;165;BR-116/SP;Pista Sul;Abalroamento Longitudinal;1;2;;;;;1
29/11/2016;11:49:00;455;com vítima;176,3000030517578;BR-116/RJ;Pista Sul;Colisão Traseira;1;1;1;;;;1
29/11/2016;12:58:00;518;sem vítima;165,1999969482422;BR-116/RJ;Pista Sul;Colisão Traseira;1;22;;;;;1
29/11/2016;13:04:00;526;com vítima;229,60000610351562;BR-116/SP;Pista Norte;Abalroamento Longitudinal;1;2;1;;;;1
29/11/2016;13:59:00;569;com vítima;165,6999969482422;BR-116/RJ;Pista Sul;Engavetamento;3;4;1;;;;1
29/11/2016;18:03:00;756;sem vítima;267,04998779296875;BR-116/RJ;Pista Sul;Tombamento;1;1;;;;;1
29/11/2016;18:06:00;758;sem vítima;222,6999969482422;BR-116/RJ;Pista Sul;Choque em objeto fixo;1;1;;;;;1
30/11/2016;04:29:00;75;com vítima;54,5;BR-116/SP;Pista Norte;Atropelamento de Pedestre Atravessando;2;2;;;;2;3
30/11/2016;05:47:00;90;com vítima;214,6999969482422;BR-116/SP;Pista Norte;Capotamento;1;2;1;;;;1
30/11/2016;06:57:00;136;com vítima;290,1000061035156;BR-116/RJ;Pista Norte;Capotamento;1;1;;1;;;2
30/11/2016;07:17:00;158;sem vítima;182,10000610351562;BR-116/SP;Pista Norte;Abalroamento Longitudinal;1;2;;;;;1
30/11/2016;11:03:00;385;sem vítima;204,5;BR-116/SP;Pista Sul;Colisão Traseira;2;3;;;;;1
30/11/2016;15:57:00;563;sem vítima;204,6999969482422;BR-116/SP;Pista Sul;Choque em Barreira New Jersey;1;2;;;;;1
30/11/2016;20:14:00;720;sem vítima;230;BR-116/SP;Pista Norte;Choque em objeto na pista;1;3;;;;;1
30/11/2016;22:24:00;782;com vítima;230,89999389648438;BR-116/SP;Pista Sul;Atropelamento de Pedestre Caminhando;1;1;;;;1;3
30/11/2016;23:38:00;817;sem vítima;321,75;BR-116/RJ;Pista Sul;Abalroamento Longitudinal;1;2;;;;;1
01/10/2016;00:22:00;5;sem vítima;237,89999389648438;BR-116/RJ;Pista Sul;Colisão Traseira;1;2;;;;;1
01/10/2016;03:20:00;62;sem vítima;239,6999969482422;BR-116/RJ;Pista Norte;Outros;2;2;;;;;1
01/10/2016;04:22:00;74;sem vítima;240,3000030517578;BR-116/RJ;Pista Norte;Colisão Traseira;1;2;;;;;1
01/10/2016;04:49:00;83;sem vítima;211,39999389648438;BR-116/SP;Pista Sul;Colisão Traseira;1;3;;;;;1
01/10/2016;07:03:00;138;sem vítima;222,60000610351562;BR-116/RJ;Pista Sul;Choque em objeto fixo;1;1;;;;;1
01/10/2016;08:03:00;188;com vítima;240,8000030517578;BR-116/RJ;Pista Norte;Choque em veículo parado na pista;1;0;;2;1;;2
02/10/2016;12:19:00;274;sem vítima;182;BR-116/SP;Pista Norte;Colisão Traseira;2;3;;;;;1
03/10/2016;02:25:00;33;sem vítima;258,6000061035156;BR-116/RJ;Pista Norte;Colisão Traseira;1;4;;;;;1
03/10/2016;04:21:00;68;sem vítima;133,8000030517578;BR-116/SP;Pista Norte;Choque em objeto na pista;1;1;;;;;1
03/10/2016;07:19:00;179;com vítima;165;BR-116/RJ;Pista Norte;Colisão Traseira;1;43;9;1;;;2
03/10/2016;07:48:00;204;sem vítima;137,8000030517578;BR-116/SP;Pista Sul;Colisão Traseira;2;3;;;;;1
03/10/2016;08:29:00;253;sem vítima;134,8000030517578;BR-116/SP;Pista Sul;Abalroamento Longitudinal;1;2;;;;;1
03/10/2016;13:16:00;475;com vítima;228,6999969482422;BR-116/SP;Pista Sul;Choque em Defensa;1;0;1;;;;1
03/10/2016;14:34:00;523;sem vítima;202,3000030517578;BR-116/SP;Pista Sul;Choque em Barreira New Jersey;1;2;;;;;1
03/10/2016;15:15:00;557;com vítima;286,29998779296875;BR-116/RJ;Pista Norte;Abalroamento Longitudinal;1;4;;1;1;;2
03/10/2016;15:30:00;571;sem vítima;218,8000030517578;BR-116/SP;Pista Sul;Abalroamento Longitudinal;1;3;;;;;1
03/10/2016;17:01:00;619;sem vítima;27,600000381469727;BR-116/SP;Pista Norte;Abalroamento Longitudinal;1;2;;;;;1
03/10/2016;17:04:00;623;com vítima;224;BR-116/RJ;Pista Norte;Queda de ribanceira;1;0;;1;;;2
03/10/2016;17:16:00;628;sem vítima;102,5999984741211;BR-116/SP;Pista Sul;Tombamento;1;2;;;;;1
03/10/2016;20:16:00;741;com vítima;267,20001220703125;BR-116/RJ;Pista Sul;Colisão Traseira;1;1;1;;;;1
03/10/2016;20:27:00;745;com vítima;271,3999938964844;BR-116/RJ;Pista Norte;Colisão Frontal;1;2;1;;;;1
03/10/2016;22:49:00;796;sem vítima;275,1000061035156;BR-116/RJ;Pista Norte;Choque em Defensa;1;1;;;;;1
04/10/2016;05:57:00;81;sem vítima;261;BR-116/RJ;Pista Norte;Choque em objeto fixo;1;2;;;;;1
04/10/2016;07:30:00;142;sem vítima;252;BR-116/RJ;Pista Norte;Choque em objeto fixo;1;3;;;;;1
04/10/2016;07:41:00;152;sem vítima;285,20001220703125;BR-116/RJ;Pista Norte;Colisão Traseira;2;2;;;;;1
04/10/2016;08:20:00;205;sem vítima;174,5;BR-116/RJ;Pista Sul;Colisão Traseira;1;5;;;;;1
04/10/2016;09:13:00;255;com vítima;328,5;BR-116/RJ;Pista Sul;Choque em veículo parado na pista;1;1;;;1;;2
04/10/2016;09:53:00;301;sem vítima;269,1000061035156;BR-116/RJ;Pista Sul;Colisão Frontal;1;2;;;;;1
05/10/2016;00:54:00;22;sem vítima;224,10000610351562;BR-116/RJ;Pista Sul;Choque em objeto fixo;1;1;;;;;1
05/10/2016;01:13:00;27;com vítima;55,150001525878906;BR-116/SP;Pista Norte;Colisão Traseira;2;1;1;;;;1
05/10/2016;06:27:00;111;com vítima;167;BR-116/RJ;Pista Norte;Abalroamento Longitudinal;1;1;1;;;;1
05/10/2016;10:52:00;395;sem vítima;75;BR-116/SP;Pista Sul;Abalroamento Longitudinal;1;5;;;;;1
05/10/2016;14:00:00;524;com vítima;311;BR-116/RJ;Pista Sul;Abalroamento Longitudinal;1;0;3;;1;;2
05/10/2016;15:53:00;614;sem vítima;165;BR-116/RJ;Pista Sul;Engavetamento;1;23;;;;;1
05/10/2016;18:46:00;739;sem vítima;156,4499969482422;BR-116/SP;Pista Norte;Abalroamento Longitudinal;1;2;;;;;1
06/10/2016;08:03:00;236;com vítima;221,52999877929688;BR-116/SP;Pista Sul;Colisão Traseira;1;5;1;;;;1
06/10/2016;11:32:00;435;com vítima;98,6500015258789;BR-116/SP;Pista Sul;Choque em Barreira New Jersey;1;1;;2;;;2
06/10/2016;11:41:00;438;sem vítima;238,39999389648438;BR-116/RJ;Pista Sul;Colisão Traseira;2;2;;;;;1
06/10/2016;12:26:00;458;sem vítima;269,1000061035156;BR-116/RJ;Pista Norte;Choque em Barreira New Jersey;1;1;;;;;1
06/10/2016;12:45:00;469;sem vítima;211;BR-116/SP;Pista Sul;Colisão Traseira;1;2;;;;;1
06/10/2016;14:50:00;566;com vítima;331,8999938964844;BR-116/RJ;Pista Sul;Colisão Traseira;2;1;;1;;;2
06/10/2016;15:35:00;594;sem vítima;70,06700134277344;BR-116/SP;Pista Norte;Choque em objeto fixo;1;1;;;;;1
06/10/2016;16:28:00;639;sem vítima;209;BR-116/SP;Pista Sul;Choque Talude;1;1;;;;;1
06/10/2016;17:25:00;680;sem vítima;212;BR-116/SP;Pista Sul;Colisão Traseira;1;2;;;;;1
06/10/2016;18:01:00;711;sem vítima;153,39999389648438;BR-116/SP;Pista Norte;Engavetamento;1;3;;;;;1
07/10/2016;04:29:00;103;com vítima;216,8000030517578;BR-116/SP;Pista Norte;Colisão Traseira;1;2;1;;;;1
07/10/2016;05:02:00;112;com vítima;23,600000381469727;BR-116/SP;Pista Norte;Colisão Traseira;2;1;1;;;;1
07/10/2016;07:47:00;276;sem vítima;297,79998779296875;BR-116/RJ;Pista Sul;Abalroamento Longitudinal;1;2;;;;;1
07/10/2016;08:15:00;312;com vítima;181,89999389648438;BR-116/RJ;Pista Norte;Colisão Traseira;1;1;;;1;;2
07/10/2016;08:33:00;337;sem vítima;168,39999389648438;BR-116/SP;Pista Sul;Colisão Traseira;1;2;;;;;1
07/10/2016;11:20:00;525;sem vítima;228,39999389648438;BR-116/SP;Pista Norte;Abalroamento Longitudinal;1;4;;;;;1
07/10/2016;19:18:00;935;com vítima;145,5;BR-116/SP;Pista Norte;Queda de moto;1;2;;;;1;3
07/10/2016;20:40:00;986;com vítima;310;BR-116/RJ;Pista Norte;Engavetamento;2;3;1;;;;1
08/10/2016;09:42:00;359;sem vítima;115,30000305175781;BR-116/SP;Pista Norte;Abalroamento Longitudinal;2;3;;;;;1
08/10/2016;10:42:00;403;sem vítima;175,3000030517578;BR-116/RJ;Pista Sul;Abalroamento Longitudinal;1;2;;;;;1