data;horario;n_da_ocorrencia;tipo_de_ocorrencia;km;trecho;sentido;tipo_de_acidente;caminhao;ilesos;levemente_feridos;moderadamente_feridos;gravemente_feridos;mortos;3
08/10/2016;19:17:00;818;sem vítima;180;BR-116/RJ;Pista Sul;Abalroamento Longitudinal;1;6;;;;;1
08/10/2016;20:33:00;868;com vítima;102,19999694824219;BR-116/SP;Pista Norte;Abalroamento Longitudinal;1;1;1;;;;1
09/10/2016;06:38:00;145;sem vítima;204,5;BR-116/SP;Pista Norte;Colisão Traseira;1;1;;;;;1
09/10/2016;16:39:00;598;com vítima;158,1999969482422;BR-116/SP;Pista Norte;Abalroamento Longitudinal;1;2;1;;;;1
09/10/2016;18:44:00;702;com vítima;55,29999923706055;BR-116/SP;Pista Sul;Colisão Traseira;1;4;2;;;;1
09/10/2016;19:37:00;732;sem vítima;125;BR-116/SP;Pista Norte;Choque em objeto na pista;1;8;;;;;1
10/10/2016;19:13:00;818;sem vítima;163,3000030517578;BR-116/RJ;Pista Sul;Abalroamento Longitudinal;1;2;;;;;1
11/10/2016;00:12:00;10;sem vítima;278,6000061035156;BR-116/RJ;Pista Norte;Choque em objeto na pista;1;1;;;;;1
11/10/2016;09:00:00;285;com vítima;147,39999389648438;BR-116/SP;Pista Sul;Colisão Traseira;1;1;;;;1;3
11/10/2016;09:21:00;307;sem vítima;228,8000030517578;BR-116/SP;Pista Sul;Abalroamento Longitudinal;1;5;;;;;1
11/10/2016;11:04:00;398;sem vítima;219,1999969482422;BR-116/SP;Pista Norte;Colisão Traseira;1;3;;;;;1
12/10/2016;03:23:00;71;sem vítima;20,149999618530273;BR-116/SP;Pista Norte;Choque em Barreira New Jersey;1;1;;;;;1
13/10/2016;10:46:00;418;sem vítima;230;BR-116/SP;Pista Sul;Colisão Traseira;1;3;;;;;1
13/10/2016;16:17:00;689;sem vítima;33,900001525878906;BR-116/SP;Pista Norte;Choque em objeto fixo;1;1;;;;;1
13/10/2016;17:23:00;740;sem vítima;235,5;BR-116/RJ;Pista Sul;Colisão Traseira;1;2;;;;;1
13/10/2016;17:28:00;744;sem vítima;204,5;BR-116/SP;Pista Sul;Outros;1;1;;;;;1
13/10/2016;17:39:00;757;sem vítima;164,8000030517578;BR-116/SP;Pista Norte;Outros;1;1;;;;;1
13/10/2016;18:23:00;785;sem vítima;236,89999389648438;BR-116/RJ;Pista Sul;Abalroamento Longitudinal;1;2;;;;;1
13/10/2016;19:16:00;829;com vítima;227,3000030517578;BR-116/SP;Pista Norte;Abalroamento Longitudinal;1;1;1;;;;1
13/10/2016;20:10:00;864;sem vítima;225;BR-116/SP;Pista Sul;Abalroamento Longitudinal;1;4;;;;;1
13/10/2016;20:34:00;877;sem vítima;236,89999389648438;BR-116/RJ;Pista Sul;Colisão Traseira;1;2;;;;;1
13/10/2016;21:05:00;901;sem vítima;200,1999969482422;BR-116/SP;Pista Norte;Queda de ribanceira;1;2;;;;;1
14/10/2016;01:04:00;18;sem vítima;186;BR-116/RJ;Pista Norte;Engavetamento;2;10;;;;;1
14/10/2016;04:20:00;75;sem vítima;285,20001220703125;BR-116/RJ;Pista Norte;Choque em Barreira New Jersey;1;1;;;;;1
14/10/2016;04:56:00;82;sem vítima;284,95001220703125;BR-116/RJ;Pista Norte;Choque em Barreira New Jersey;1;5;;;;;1
14/10/2016;07:15:00;163;com vítima;73;BR-116/SP;Pista Norte;Colisão Traseira;1;2;4;;;;1
14/10/2016;11:21:00;435;sem vítima;183;BR-116/SP;Pista Sul;Colisão Traseira;1;2;;;;;1
14/10/2016;15:37:00;622;sem vítima;207,10000610351562;BR-116/RJ;Pista Sul;Colisão Traseira;1;2;;;;;1
14/10/2016;19:40:00;800;sem vítima;175,1999969482422;BR-116/RJ;Pista Sul;Abalroamento Longitudinal;1;2;;;;;1
15/10/2016;16:27:00;614;com vítima;3,5999999046325684;BR-116/SP;Pista Sul;Choque em Barreira New Jersey;1;0;1;;;;1
15/10/2016;17:06:00;638;sem vítima;267,1000061035156;BR-116/RJ;Pista Sul;Tombamento;1;3;;;;;1
16/10/2016;07:38:00;136;sem vítima;272,79998779296875;BR-116/RJ;Pista Sul;Outros;1;1;;;;;1
16/10/2016;08:04:00;150;sem vítima;187,3000030517578;BR-116/RJ;Pista Norte;Choque em veículo parado na pista;1;3;;;;;1
16/10/2016;18:48:00;583;com vítima;204,5;BR-116/SP;Pista Sul;Colisão Traseira;1;4;1;;;;1
17/10/2016;13:09:00;460;com vítima;199,64999389648438;BR-116/SP;Pista Sul;Choque em objeto fixo;2;3;1;;;;1
17/10/2016;18:26:00;726;sem vítima;104,5999984741211;BR-116/SP;Pista Sul;Choque em veículo parado na pista;1;2;;;;;1
17/10/2016;19:15:00;764;sem vítima;269,5;BR-116/RJ;Pista Norte;Colisão Traseira;1;16;;;;;1
17/10/2016;21:16:00;832;sem vítima;188,89999389648438;BR-116/SP;Pista Sul;Abalroamento Longitudinal;1;2;;;;;1
17/10/2016;21:25:00;838;com vítima;119,0999984741211;BR-116/SP;Pista Norte;Abalroamento Longitudinal;1;2;1;2;;;2
18/10/2016;00:58:00;22;com vítima;292,29998779296875;BR-116/RJ;Pista Norte;Colisão Traseira;2;1;1;;;;1
18/10/2016;05:13:00;100;sem vítima;207;BR-116/SP;Pista Norte;Choque em objeto na pista;1;1;;;;;1
18/10/2016;14:01:00;564;sem vítima;214;BR-116/SP;Pista Norte;Engavetamento;1;4;;;;;1
18/10/2016;17:40:00;740;sem vítima;210,0500030517578;BR-116/SP;Pista Sul;Abalroamento Longitudinal;1;2;;;;;1
19/10/2016;04:56:00;86;com vítima;226,39999389648438;BR-116/SP;Pista Norte;Colisão Traseira;2;0;2;;;;1
19/10/2016;05:59:00;99;sem vítima;203,8300018310547;BR-116/RJ;Pista Sul;Queda de ribanceira;1;2;;;;;1
19/10/2016;07:24:00;158;sem vítima;234,39999389648438;BR-116/RJ;Pista Norte;Colisão Traseira;2;2;;;;;1
19/10/2016;09:14:00;297;sem vítima;165,1999969482422;BR-116/SP;Pista Norte;Colisão Traseira;1;2;;;;;1
19/10/2016;10:09:00;354;sem vítima;280,3500061035156;BR-116/RJ;Pista Sul;Colisão Traseira;1;2;;;;;1
19/10/2016;12:44:00;473;sem vítima;43,04999923706055;BR-116/SP;Pista Norte;Choque em objeto na pista;1;4;;;;;1
19/10/2016;14:03:00;536;sem vítima;217;BR-116/RJ;Pista Sul;Colisão Traseira;1;2;;;;;1
19/10/2016;18:03:00;745;sem vítima;166;BR-116/RJ;Pista Sul;Abalroamento Longitudinal;1;2;;;;;1
19/10/2016;22:22:00;914;sem vítima;156,1999969482422;BR-116/SP;Pista Sul;Choque em veículo parado na pista;1;2;;;;;1
20/10/2016;01:32:00;37;com vítima;198,61000061035156;BR-116/SP;Pista Sul;Colisão Traseira;2;2;1;;;;1
20/10/2016;02:11:00;55;sem vítima;204,5;BR-116/SP;Pista Sul;Colisão Traseira;1;42;;;;;1
20/10/2016;07:01:00;177;sem vítima;162,10000610351562;BR-116/SP;Pista Norte;Choque em Defensa;1;2;;;;;1
20/10/2016;07:40:00;218;sem vítima;143,10000610351562;BR-116/SP;Pista Norte;Colisão Traseira;1;3;;;;;1
20/10/2016;11:10:00;409;sem vítima;231,39999389648438;BR-116/SP;Pista Sul;Colisão Traseira;2;2;;;;;1
20/10/2016;15:19:00;588;sem vítima;224,10000610351562;BR-116/SP;Pista Norte;Abalroamento Longitudinal;2;6;;;;;1
20/10/2016;18:03:00;721;com vítima;216,10000610351562;BR-116/SP;Pista Norte;Choque em Barreira New Jersey;1;0;1;;;;1
20/10/2016;20:45:00;816;sem vítima;220,8000030517578;BR-116/SP;Pista Norte;Abalroamento Longitudinal;1;3;;;;;1
21/10/2016;01:08:00;33;com vítima;23,700000762939453;BR-116/SP;Pista Sul;Colisão Traseira;2;1;1;;;;1
21/10/2016;03:38:00;83;com vítima;333,20001220703125;BR-116/RJ;Pista Norte;Colisão Traseira;2;1;;1;;;2
21/10/2016;06:33:00;145;com vítima;297;BR-116/RJ;Pista Sul;Colisão Traseira;1;3;;2;;;2
21/10/2016;09:55:00;406;com vítima;209,8000030517578;BR-116/SP;Pista Sul;Engavetamento;1;5;1;;;;1
21/10/2016;10:44:00;449;sem vítima;177,60000610351562;BR-116/RJ;Pista Sul;Colisão Traseira;1;6;;;;;1
21/10/2016;14:09:00;603;sem vítima;5,300000190734863;BR-116/SP;Pista Sul;Choque em Barreira New Jersey;1;1;;;;;1
21/10/2016;15:04:00;641;sem vítima;171,10000610351562;BR-116/RJ;Pista Sul;Colisão Traseira;1;2;;;;;1
21/10/2016;17:06:00;748;sem vítima;146,3000030517578;BR-116/SP;Pista Sul;Engavetamento;2;6;;;;;1
21/10/2016;19:57:00;899;com vítima;109;BR-116/SP;Pista Sul;Colisão Traseira;1;4;1;;1;;2
22/10/2016;01:45:00;54;sem vítima;203,85000610351562;BR-116/RJ;Pista Sul;Queda de ponte/viaduto;1;1;;;;;1
22/10/2016;01:51:00;58;sem vítima;224;BR-116/RJ;Pista Norte;Choque em objeto fixo;1;1;;;;;1
22/10/2016;04:44:00;102;sem vítima;253,60000610351562;BR-116/RJ;Pista Norte;Outros;1;1;;;;;1
22/10/2016;07:19:00;184;sem vítima;40,29999923706055;BR-116/SP;Pista Norte;Choque em objeto fixo;1;1;;;;;1
22/10/2016;07:34:00;201;com vítima;221,3000030517578;BR-116/SP;Pista Sul;Abalroamento Longitudinal;1;4;1;;;;1
22/10/2016;08:42:00;268;sem vítima;160,6999969482422;BR-116/SP;Pista Norte;Colisão Traseira;1;4;;;;;1
23/10/2016;07:04:00;163;sem vítima;224,89999389648438;BR-116/RJ;Pista Norte;Abalroamento Longitudinal;1;2;;;;;1
23/10/2016;20:05:00;717;sem vítima;165,1999969482422;BR-116/SP;Pista Sul;Colisão Traseira;2;2;;;;;1
24/10/2016;00:51:00;22;com vítima;185,10000610351562;BR-116/RJ;Pista Sul;Colisão Traseira;2;1;1;;;;1
24/10/2016;14:31:00;518;sem vítima;221,3000030517578;BR-116/RJ;Pista Norte;Abalroamento Longitudinal;1;5;;;;;1
24/10/2016;16:21:00;599;com vítima;41,529998779296875;BR-116/SP;Pista Norte;Queda de ribanceira;1;0;1;;;;1
24/10/2016;18:55:00;736;sem vítima;31,75;BR-116/SP;Pista Sul;Choque em Defensa;1;1;;;;;1
24/10/2016;23:11:00;862;sem vítima;278,79998779296875;BR-116/RJ;Pista Sul;Choque em Barreira New Jersey;1;1;;;;;1
25/10/2016;00:04:00;5;sem vítima;247,5;BR-116/RJ;Pista Norte;Abalroamento Longitudinal;2;2;;;;;1
25/10/2016;02:17:00;47;com vítima;112,69999694824219;BR-116/SP;Pista Sul;Choque em objeto fixo;1;0;1;;;;1
25/10/2016;07:02:00;131;sem vítima;15,399999618530273;BR-116/SP;Pista Sul;Choque em Barreira New Jersey;1;2;;;;;1
25/10/2016;12:29:00;407;com vítima;139;BR-116/SP;Pista Norte;Tombamento;1;0;1;;;;1
25/10/2016;15:05:00;511;sem vítima;229,89999389648438;BR-116/SP;Pista Sul;Colisão Traseira;1;2;;;;;1
25/10/2016;15:06:00;513;sem vítima;19;BR-116/SP;Pista Sul;Choque em veículo parado na pista;2;3;;;;;1
25/10/2016;17:46:00;619;sem vítima;161,8000030517578;BR-116/SP;Pista Sul;Engavetamento;2;8;;;;;1
26/10/2016;00:57:00;27;sem vítima;145;BR-116/SP;Pista Sul;Colisão Traseira;1;3;;;;;1
26/10/2016;02:58:00;63;sem vítima;45,20000076293945;BR-116/SP;Pista Norte;Choque em Barreira New Jersey;2;2;;;;;1
26/10/2016;07:31:00;181;com vítima;137,60000610351562;BR-116/SP;Pista Sul;Engavetamento;3;6;7;;;;1
26/10/2016;12:04:00;453;sem vítima;220,25;BR-116/RJ;Pista Sul;Tombamento;1;1;;;;;1
26/10/2016;14:48:00;586;com vítima;145,89999389648438;BR-116/SP;Pista Norte;Colisão Traseira;1;2;1;;;;1
26/10/2016;17:49:00;753;sem vítima;165,1999969482422;BR-116/SP;Pista Norte;Colisão Traseira;1;3;;;;;1
26/10/2016;18:56:00;826;sem vítima;144,5;BR-116/SP;Pista Norte;Abalroamento Longitudinal;1;2;;;;;1
27/10/2016;01:45:00;33;com vítima;191,47999572753906;BR-116/SP;Pista Sul;Colisão Traseira;1;1;1;;;;1
27/10/2016;02:12:00;41;com vítima;332,9599914550781;BR-116/RJ;Pista Norte;Colisão Traseira;2;1;1;;;;1
27/10/2016;02:32:00;49;sem vítima;222,39999389648438;BR-116/RJ;Pista Sul;Colisão Traseira;2;2;;;;;1
27/10/2016;05:49:00;117;sem vítima;239,60000610351562;BR-116/RJ;Pista Norte;Choque em Barreira New Jersey;1;2;;;;;1
27/10/2016;11:12:00;453;com vítima;178;BR-116/RJ;Pista Sul;Colisão Traseira;1;1;1;;;;1
27/10/2016;14:46:00;620;sem vítima;225;BR-116/SP;Pista Norte;Colisão Traseira;1;2;;;;;1
27/10/2016;17:08:00;755;sem vítima;222,8000030517578;BR-116/RJ;Pista Norte;Engavetamento;2;3;;;;;1
28/10/2016;03:01:00;61;com vítima;42,5;BR-116/SP;Pista Norte;Abalroamento Longitudinal;1;1;2;;;;1
28/10/2016;04:35:00;94;sem vítima;266,6000061035156;BR-116/RJ;Pista Norte;Choque em objeto fixo;1;3;;;;;1
28/10/2016;08:00:00;231;sem vítima;136,1999969482422;BR-116/SP;Pista Sul;Engavetamento;2;3;;;;;1
28/10/2016;08:44:00;288;sem vítima;137,8000030517578;BR-116/SP;Pista Sul;Abalroamento Longitudinal;2;2;;;;;1
28/10/2016;09:51:00;361;sem vítima;35,599998474121094;BR-116/SP;Pista Sul;Choque em objeto fixo;1;1;;;;;1
28/10/2016;12:31:00;492;sem vítima;219;BR-116/SP;Pista Sul;Colisão Traseira;1;3;;;;;1
28/10/2016;13:45:00;535;sem vítima;309;BR-116/RJ;Pista Sul;Choque em Barreira New Jersey;1;1;;;;;1
28/10/2016;15:45:00;648;sem vítima;152;BR-116/SP;Pista Norte;Colisão Traseira;2;3;;;;;1
28/10/2016;17:36:00;737;com vítima;182,5;BR-116/SP;Pista Norte;Colisão Traseira;2;0;2;;;;1
29/10/2016;11:42:00;346;sem vítima;219;BR-116/SP;Pista Sul;Colisão Traseira;1;3;;;;;1
29/10/2016;16:09:00;532;com vítima;206,39999389648438;BR-116/SP;Pista Norte;Abalroamento Longitudinal;1;2;;1;;;2
29/10/2016;19:35:00;668;sem vítima;224;BR-116/RJ;Pista Norte;Choque em objeto na pista;1;2;;;;;1
29/10/2016;20:28:00;686;sem vítima;222,5;BR-116/SP;Pista Norte;Abalroamento Longitudinal;1;3;;;;;1
29/10/2016;23:42:00;771;sem vítima;177,1999969482422;BR-116/RJ;Pista Sul;Abalroamento Longitudinal;1;2;;;;;1
30/10/2016;03:19:00;54;sem vítima;230,1999969482422;BR-116/SP;Pista Sul;Colisão Traseira;2;2;;;;;1
30/10/2016;12:35:00;330;sem vítima;146,5;BR-116/SP;Pista Sul;Engavetamento;2;8;;;;;1
31/10/2016;04:34:00;74;com vítima;192,60000610351562;BR-116/SP;Pista Norte;Atropelamento de Pedestre Caminhando;1;1;;;1;;2
31/10/2016;13:23:00;511;sem vítima;271,29998779296875;BR-116/RJ;Pista Sul;Engavetamento;3;3;;;;;1
31/10/2016;15:36:00;629;sem vítima;174,39999389648438;BR-116/SP;Pista Sul;Choque em Barreira New Jersey;1;1;;;;;1
31/10/2016;17:19:00;710;sem vítima;154,5;BR-116/SP;Pista Sul;Abalroamento Longitudinal;1;2;;;;;1
31/10/2016;17:42:00;727;sem vítima;226,5;BR-116/SP;Pista Norte;Abalroamento Longitudinal;1;3;;;;;1
31/10/2016;18:08:00;744;sem vítima;205,60000610351562;BR-116/SP;Pista Sul;Choque em objeto fixo;1;4;;;;;1
31/10/2016;19:11:00;797;sem vítima;176,10000610351562;BR-116/RJ;Pista Sul;Abalroamento Longitudinal;1;2;;;;;1
01/09/2016;00:30:00;13;com vítima;302,6499938964844;BR-116/RJ;Pista Norte;Colisão Traseira;1;2;;2;;;2
01/09/2016;03:13:00;57;com vítima;272,29998779296875;BR-116/RJ;Pista Norte;Colisão Traseira;2;1;;;1;;2
01/09/2016;08:06:00;231;sem vítima;145,3000030517578;BR-116/SP;Pista Sul;Abalroamento Longitudinal;1;2;;;;;1
01/09/2016;18:33:00;774;sem vítima;231,10000610351562;BR-116/SP;Pista Norte;Colisão Traseira;1;4;;;;;1
01/09/2016;18:58:00;796;sem vítima;145,35000610351562;BR-116/SP;Pista Norte;Colisão Traseira;1;5;;;;;1
01/09/2016;19:20:00;812;sem vítima;174,1999969482422;BR-116/SP;Pista Norte;Abalroamento Longitudinal;1;3;;;;;1
01/09/2016;22:09:00;889;com vítima;103,0999984741211;BR-116/SP;Pista Norte;Choque em objeto na pista;1;1;2;;;;1
02/09/2016;04:56:00;75;sem vítima;52,5;BR-116/SP;Pista Sul;Colisão Traseira;2;55;;;;;1
02/09/2016;05:45:00;86;sem vítima;26;BR-116/SP;Pista Norte;Choque em objeto na pista;1;3;;;;;1
02/09/2016;16:25:00;650;sem vítima;146,8000030517578;BR-116/SP;Pista Norte;Engavetamento;1;15;;;;;1
02/09/2016;16:55:00;676;sem vítima;165,1999969482422;BR-116/SP;Pista Sul;Abalroamento Longitudinal;1;4;;;;;1
02/09/2016;18:46:00;757;sem vítima;179,35000610351562;BR-116/SP;Pista Norte;Colisão Traseira;1;4;;;;;1
02/09/2016;19:36:00;796;sem vítima;301,3999938964844;BR-116/RJ;Pista Sul;Choque em Barreira New Jersey;1;1;;;;;1
02/09/2016;20:51:00;837;com vítima;210,3000030517578;BR-116/SP;Pista Sul;Abalroamento Longitudinal;1;1;1;;;;1
02/09/2016;21:51:00;881;com vítima;156,64999389648438;BR-116/SP;Pista Norte;Atropelamento de Pedestre Atravessando;1;1;1;;;;1
03/09/2016;14:18:00;464;sem vítima;230,8000030517578;BR-116/SP;Pista Sul;Colisão Traseira;1;2;;;;;1
04/09/2016;15:27:00;402;sem vítima;268,29998779296875;BR-116/RJ;Pista Norte;Choque em Barreira New Jersey;1;2;;;;;1
04/09/2016;15:42:00;414;sem vítima;227,89999389648438;BR-116/SP;Pista Sul;Abalroamento Longitudinal;1;4;;;;;1
05/09/2016;00:18:00;9;sem vítima;133,60000610351562;BR-116/SP;Pista Norte;Colisão Traseira;1;2;;;;;1
05/09/2016;09:55:00;418;sem vítima;148,39999389648438;BR-116/SP;Pista Sul;Colisão Traseira;2;2;;;;;1
05/09/2016;12:13:00;556;sem vítima;229,6999969482422;BR-116/SP;Pista Norte;Abalroamento Longitudinal;1;2;;;;;1
05/09/2016;14:46:00;679;sem vítima;182,3000030517578;BR-116/SP;Pista Norte;Colisão Traseira;1;2;;;;;1
05/09/2016;15:02:00;694;sem vítima;290,79998779296875;BR-116/RJ;Pista Sul;Colisão Traseira;1;3;;;;;1
05/09/2016;15:05:00;697;sem vítima;168,5;BR-116/RJ;Pista Norte;Abalroamento Longitudinal;1;4;;;;;1
06/09/2016;01:03:00;25;sem vítima;35;BR-116/SP;Pista Norte;Choque em objeto na pista;1;2;;;;;1
06/09/2016;06:27:00;108;sem vítima;154,89999389648438;BR-116/SP;Pista Sul;Engavetamento;3;3;;;;;1
06/09/2016;08:23:00;234;sem vítima;153,89999389648438;BR-116/SP;Pista Sul;Colisão Traseira;1;2;;;;;1
06/09/2016;08:25:00;238;com vítima;313,20001220703125;BR-116/RJ;Pista Sul;Colisão Traseira;1;1;3;;;;1
06/09/2016;09:55:00;347;sem vítima;225,6999969482422;BR-116/SP;Pista Norte;Engavetamento;1;3;;;;;1
06/09/2016;10:38:00;378;sem vítima;58,20000076293945;BR-116/SP;Pista Norte;Abalroamento Longitudinal;1;2;;;;;1
06/09/2016;11:51:00;421;com vítima;205,14999389648438;BR-116/RJ;Pista Norte;Colisão Traseira;1;0;;;2;;2
06/09/2016;19:05:00;732;sem vítima;146,89999389648438;BR-116/SP;Pista Sul;Abalroamento Longitudinal;1;2;;;;;1
06/09/2016;21:31:00;812;sem vítima;221,5;BR-116/SP;Pista Sul;Colisão Traseira;1;3;;;;;1
07/09/2016;02:25:00;55;com vítima;119,1449966430664;BR-116/SP;Pista Sul;Colisão Frontal;1;2;1;;;1;3
07/09/2016;07:07:00;151;sem vítima;277,427001953125;BR-116/RJ;Pista Norte;Colisão Traseira;2;2;;;;;1
07/09/2016;08:58:00;242;com vítima;108,96800231933594;BR-116/SP;Pista Norte;Colisão Traseira;1;5;1;;;;1
07/09/2016;11:29:00;367;com vítima;36,70000076293945;BR-116/SP;Pista Sul;Tombamento;1;0;1;;;;1
07/09/2016;15:48:00;535;sem vítima;262,3999938964844;BR-116/RJ;Pista Norte;Colisão Traseira;1;3;;;;;1
08/09/2016;02:27:00;49;com vítima;300,20001220703125;BR-116/RJ;Pista Sul;Atropelamento de Pedestre Atravessando;1;2;;;1;;2
08/09/2016;07:39:00;196;com vítima;213;BR-116/SP;Pista Sul;Abalroamento Longitudinal;1;1;1;;;;1
08/09/2016;11:15:00;421;com vítima;220,10000610351562;BR-116/RJ;Pista Sul;Tombamento;1;0;;1;;;2
08/09/2016;14:33:00;538;com vítima;25,790000915527344;BR-116/SP;Pista Norte;Colisão Traseira;1;4;;;;1;3
08/09/2016;14:34:00;540;com vítima;317;BR-116/RJ;Pista Sul;Colisão Traseira;1;1;2;;;;1
09/09/2016;00:47:00;21;sem vítima;125,30000305175781;BR-116/SP;Pista Norte;Choque Talude;1;2;;;;;1
09/09/2016;08:33:00;302;sem vítima;225,39999389648438;BR-116/SP;Pista Sul;Abalroamento Longitudinal;1;3;;;;;1
09/09/2016;14:27:00;626;com vítima;50,79999923706055;BR-116/SP;Pista Sul;Abalroamento Longitudinal;1;2;;1;;;2
09/09/2016;21:00:00;967;sem vítima;223,89999389648438;BR-116/SP;Pista Sul;Engavetamento;1;6;;;;;1
10/09/2016;18:30:00;742;com vítima;274,79998779296875;BR-116/RJ;Pista Norte;Engavetamento;1;4;1;;;;1
10/09/2016;18:48:00;752;sem vítima;216,3000030517578;BR-116/SP;Pista Sul;Colisão Traseira;1;3;;;;;1
11/09/2016;01:50:00;39;com vítima;181,3000030517578;BR-116/RJ;Pista Norte;Colisão Traseira;1;0;4;;;;1
11/09/2016;16:40:00;515;sem vítima;220,3000030517578;BR-116/RJ;Pista Sul;Tombamento;1;1;;;;;1
11/09/2016;16:54:00;523;sem vítima;86,94999694824219;BR-116/SP;Pista Norte;Colisão Traseira;1;2;;;;;1
11/09/2016;20:27:00;692;com vítima;142,4499969482422;BR-116/SP;Pista Norte;Choque em veículo parado na pista;1;1;;1;;1;3
12/09/2016;06:18:00;125;com vítima;53;BR-116/SP;Pista Norte;Colisão Traseira;1;1;1;;;;1
12/09/2016;06:27:00;132;sem vítima;175,89999389648438;BR-116/SP;Pista Norte;Abalroamento Longitudinal;1;2;;;;;1
12/09/2016;11:19:00;402;com vítima;222;BR-116/SP;Pista Norte;Colisão Traseira;1;19;2;;;;1
12/09/2016;13:53:00;506;sem vítima;280;BR-116/RJ;Pista Norte;Choque em Barreira New Jersey;1;1;;;;;1
12/09/2016;17:08:00;661;com vítima;175;BR-116/RJ;Pista Sul;Abalroamento Longitudinal;1;1;1;1;;;2
12/09/2016;17:44:00;695;sem vítima;134,6999969482422;BR-116/SP;Pista Sul;Engavetamento;2;3;;;;;1
12/09/2016;18:46:00;730;sem vítima;278,7950134277344;BR-116/RJ;Pista Sul;Choque em Defensa;1;1;;;;;1
13/09/2016;00:30:00;12;sem vítima;18,200000762939453;BR-116/SP;Pista Norte;Colisão Traseira;1;4;;;;;1
13/09/2016;01:01:00;25;com vítima;293,8999938964844;BR-116/RJ;Pista Sul;Choque em veículo parado na pista;1;7;2;;;;1
13/09/2016;03:50:00;66;com vítima;99,3499984741211;BR-116/SP;Pista Sul;Colisão Traseira;1;1;1;1;;;2
13/09/2016;06:41:00;137;sem vítima;167,5;BR-116/SP;Pista Norte;Choque em veículo parado na pista;1;2;;;;;1
13/09/2016;12:14:00;459;sem vítima;191,60000610351562;BR-116/SP;Pista Norte;Queda de ribanceira;1;2;;;;;1
13/09/2016;17:02:00;710;sem vítima;35,400001525878906;BR-116/SP;Pista Sul;Colisão Traseira;2;2;;;;;1
13/09/2016;19:51:00;843;sem vítima;221,0500030517578;BR-116/RJ;Pista Sul;Colisão Traseira;1;2;;;;;1
14/09/2016;06:09:00;125;sem vítima;203,6999969482422;BR-116/SP;Pista Norte;Abalroamento Longitudinal;1;5;;;;;1
14/09/2016;08:37:00;306;sem vítima;216,9499969482422;BR-116/SP;Pista Sul;Outros;1;2;;;;;1
14/09/2016;14:12:00;639;sem vítima;133,67999267578125;BR-116/SP;Pista Sul;Outros;1;2;;;;;1
14/09/2016;15:53:00;723;sem vítima;220,14999389648438;BR-116/RJ;Pista Sul;Choque em objeto fixo;1;1;;;;;1
14/09/2016;16:14:00;736;sem vítima;226,10000610351562;BR-116/SP;Pista Sul;Abalroamento Longitudinal;1;3;;;;;1
14/09/2016;16:36:00;750;sem vítima;274,70001220703125;BR-116/RJ;Pista Norte;Choque em Barreira New Jersey;1;1;;;;;1
14/09/2016;17:14:00;783;sem vítima;18,799999237060547;BR-116/SP;Pista Norte;Colisão Traseira;2;2;;;;;1
15/09/2016;01:34:00;29;com vítima;196,60000610351562;BR-116/RJ;Pista Sul;Choque em veículo parado na pista;2;1;;1;;;2
15/09/2016;08:57:00;331;sem vítima;31,600000381469727;BR-116/SP;Pista Norte;Colisão Traseira;1;2;;;;;1
15/09/2016;17:32:00;735;com vítima;269,79998779296875;BR-116/RJ;Pista Norte;Engavetamento;2;4;1;;;;1
15/09/2016;17:58:00;762;sem vítima;227;BR-116/SP;Pista Sul;Abalroamento Longitudinal;2;2;;;;;1
16/09/2016;13:47:00;544;sem vítima;219;BR-116/SP;Pista Norte;Abalroamento Longitudinal;2;4;;;;;1
16/09/2016;14:05:00;557;sem vítima;176,1999969482422;BR-116/RJ;Pista Sul;Colisão Traseira;1;4;;;;;1
16/09/2016;22:34:00;892;sem vítima;204,5;BR-116/SP;Pista Norte;Colisão Traseira;1;4;;;;;1
17/09/2016;03:19:00;52;com vítima;279,1000061035156;BR-116/RJ;Pista Norte;Capotamento;1;1;;;;1;3
17/09/2016;03:39:00;58;sem vítima;224,1999969482422;BR-116/RJ;Pista Sul;Choque em objeto fixo;1;1;;;;;1
17/09/2016;07:34:00;157;com vítima;33,900001525878906;BR-116/SP;Pista Norte;Tombamento;1;1;2;;;;1