data;horario;n_da_ocorrencia;tipo_de_ocorrencia;km;trecho;sentido;tipo_de_acidente;caminhao;ilesos;levemente_feridos;moderadamente_feridos;gravemente_feridos;mortos;3
17/09/2016;10:51:00;307;com vítima;239,5;BR-116/RJ;Pista Norte;Tombamento;1;0;1;;;;1
18/09/2016;16:18:00;551;sem vítima;286,8999938964844;BR-116/RJ;Pista Norte;Abalroamento Longitudinal;1;4;;;;;1
18/09/2016;19:46:00;751;sem vítima;155,5;BR-116/SP;Pista Norte;Abalroamento Longitudinal;1;2;;;;;1
19/09/2016;08:43:00;318;sem vítima;273,79998779296875;BR-116/RJ;Pista Norte;Abalroamento Longitudinal;1;2;;;;;1
19/09/2016;09:43:00;401;sem vítima;195,60000610351562;BR-116/SP;Pista Sul;Colisão Traseira;1;2;;;;;1
19/09/2016;11:00:00;474;com vítima;227,1999969482422;BR-116/SP;Pista Sul;Engavetamento;1;3;;1;;;2
19/09/2016;11:11:00;482;sem vítima;107,30000305175781;BR-116/SP;Pista Sul;Colisão Traseira;2;2;;;;;1
20/09/2016;08:00:00;231;sem vítima;80,4000015258789;BR-116/SP;Pista Sul;Abalroamento Longitudinal;1;3;;;;;1
20/09/2016;10:46:00;420;sem vítima;125,4000015258789;BR-116/SP;Pista Sul;Colisão Traseira;1;6;;;;;1
20/09/2016;14:47:00;609;com vítima;220,8000030517578;BR-116/SP;Pista Norte;Abalroamento Longitudinal;1;1;1;;;;1
20/09/2016;15:54:00;665;com vítima;269,20001220703125;BR-116/RJ;Pista Norte;Tombamento;1;0;;1;;;2
20/09/2016;17:35:00;740;sem vítima;170,8000030517578;BR-116/RJ;Pista Sul;Abalroamento Longitudinal;1;3;;;;;1
20/09/2016;19:25:00;824;sem vítima;299,79998779296875;BR-116/RJ;Pista Sul;Colisão Traseira;1;2;;;;;1
20/09/2016;20:30:00;863;sem vítima;226,39999389648438;BR-116/RJ;Pista Sul;Colisão Traseira;1;2;;;;;1
21/09/2016;05:02:00;80;sem vítima;222,14999389648438;BR-116/RJ;Pista Sul;Tombamento;1;1;;;;;1
21/09/2016;05:47:00;94;sem vítima;218,3000030517578;BR-116/SP;Pista Sul;Colisão Traseira;2;3;;;;;1
21/09/2016;07:51:00;209;sem vítima;213,10000610351562;BR-116/RJ;Pista Norte;Choque em objeto fixo;1;1;;;;;1
21/09/2016;12:52:00;473;sem vítima;165,1999969482422;BR-116/SP;Pista Sul;Colisão Traseira;1;4;;;;;1
21/09/2016;22:01:00;882;sem vítima;198,1999969482422;BR-116/SP;Pista Sul;Colisão Traseira;1;3;;;;;1
22/09/2016;11:41:00;443;sem vítima;239,3000030517578;BR-116/RJ;Pista Sul;Colisão Traseira;1;2;;;;;1
22/09/2016;11:51:00;448;com vítima;293,20001220703125;BR-116/RJ;Pista Sul;Abalroamento Longitudinal;1;1;;1;;;2
22/09/2016;12:44:00;467;com vítima;165,60000610351562;BR-116/RJ;Pista Sul;Engavetamento;1;3;1;;;;1
22/09/2016;17:40:00;711;sem vítima;218;BR-116/SP;Pista Sul;Colisão Traseira;1;3;;;;;1
22/09/2016;17:41:00;714;sem vítima;300,6000061035156;BR-116/RJ;Pista Sul;Abalroamento Longitudinal;1;2;;;;;1
22/09/2016;19:00:00;764;com vítima;213,10000610351562;BR-116/SP;Pista Sul;Atropelamento de Pedestre Atravessando;1;1;;;1;;2
22/09/2016;21:56:00;881;com vítima;146,8000030517578;BR-116/SP;Pista Sul;Choque em veículo parado na pista;2;1;;1;;;2
23/09/2016;05:34:00;93;sem vítima;208,60000610351562;BR-116/RJ;Pista Sul;Colisão Traseira;2;3;;;;;1
23/09/2016;10:45:00;448;sem vítima;275,20001220703125;BR-116/RJ;Pista Norte;Colisão Traseira;1;2;;;;;1
23/09/2016;14:01:00;620;com vítima;70,5999984741211;BR-116/SP;Pista Norte;Colisão Traseira;2;2;1;;;;1
23/09/2016;17:01:00;776;sem vítima;54,900001525878906;BR-116/SP;Pista Sul;Abalroamento Longitudinal;1;2;;;;;1
23/09/2016;18:57:00;885;com vítima;150,3000030517578;BR-116/SP;Pista Norte;Colisão Traseira;2;1;1;;;;1
23/09/2016;20:21:00;947;sem vítima;165;BR-116/SP;Pista Norte;Choque em objeto fixo;1;1;;;;;1
24/09/2016;01:10:00;34;sem vítima;245,10000610351562;BR-116/RJ;Pista Norte;Queda de ribanceira;1;1;;;;;1
24/09/2016;07:09:00;172;sem vítima;149,3000030517578;BR-116/SP;Pista Sul;Abalroamento Longitudinal;2;2;;;;;1
24/09/2016;10:28:00;331;sem vítima;174,39999389648438;BR-116/RJ;Pista Sul;Colisão Traseira;1;2;;;;;1
24/09/2016;10:28:00;332;com vítima;218,14999389648438;BR-116/RJ;Pista Norte;Abalroamento Longitudinal;1;1;1;;;;1
25/09/2016;01:49:00;35;com vítima;176,8000030517578;BR-116/RJ;Pista Sul;Colisão Traseira;1;1;;;;1;3
25/09/2016;08:34:00;195;sem vítima;227,10000610351562;BR-116/RJ;Pista Norte;Choque em Barreira New Jersey;1;1;;;;;1
25/09/2016;09:03:00;214;sem vítima;229,60000610351562;BR-116/RJ;Pista Sul;Outros;1;1;;;;;1
25/09/2016;10:10:00;270;com vítima;223,1999969482422;BR-116/SP;Pista Norte;Abalroamento Longitudinal;1;2;2;;;;1
25/09/2016;18:47:00;598;sem vítima;251,8000030517578;BR-116/RJ;Pista Norte;Abalroamento Longitudinal;1;2;;;;;1
25/09/2016;23:09:00;715;sem vítima;166,89999389648438;BR-116/RJ;Pista Norte;Abalroamento Longitudinal;1;5;;;;;1
26/09/2016;01:06:00;16;com vítima;30;BR-116/SP;Pista Norte;Colisão Traseira;2;1;;1;;;2
26/09/2016;08:05:00;216;sem vítima;38,70000076293945;BR-116/SP;Pista Norte;Tombamento;1;2;;;;;1
26/09/2016;09:39:00;307;sem vítima;219;BR-116/SP;Pista Sul;Colisão Traseira;1;3;;;;;1
26/09/2016;18:39:00;729;sem vítima;226,5;BR-116/SP;Pista Norte;Abalroamento Longitudinal;1;2;;;;;1
26/09/2016;19:20:00;755;sem vítima;22,399999618530273;BR-116/SP;Pista Sul;Tombamento;1;1;;;;;1
27/09/2016;03:16:00;58;sem vítima;181,3000030517578;BR-116/RJ;Pista Norte;Colisão Traseira;1;2;;;;;1
27/09/2016;05:27:00;95;sem vítima;274,29998779296875;BR-116/RJ;Pista Norte;Colisão Traseira;2;3;;;;;1
27/09/2016;07:47:00;214;sem vítima;138;BR-116/SP;Pista Sul;Engavetamento;1;3;;;;;1
27/09/2016;08:53:00;292;sem vítima;273,70001220703125;BR-116/RJ;Pista Norte;Choque em Barreira New Jersey;1;2;;;;;1
27/09/2016;13:50:00;518;sem vítima;204,5;BR-116/SP;Pista Sul;Colisão Traseira;2;3;;;;;1
28/09/2016;04:49:00;96;com vítima;323,20001220703125;BR-116/RJ;Pista Sul;Colisão Traseira;2;1;1;;;;1
28/09/2016;10:23:00;427;sem vítima;182,3000030517578;BR-116/SP;Pista Norte;Colisão Traseira;1;2;;;;;1
28/09/2016;10:45:00;441;sem vítima;131;BR-116/SP;Pista Sul;Colisão Traseira;2;2;;;;;1
28/09/2016;11:15:00;470;com vítima;256,8299865722656;BR-116/RJ;Pista Sul;Abalroamento Longitudinal;2;2;;1;;;2
28/09/2016;12:40:00;527;com vítima;310,8999938964844;BR-116/RJ;Pista Sul;Tombamento;1;0;1;;;;1
28/09/2016;13:05:00;547;com vítima;152,0500030517578;BR-116/SP;Pista Sul;Colisão Traseira;1;1;2;;;;1
28/09/2016;14:58:00;644;sem vítima;228,60000610351562;BR-116/SP;Pista Norte;Abalroamento Longitudinal;1;4;;;;;1
28/09/2016;20:06:00;865;sem vítima;64;BR-116/SP;Pista Norte;Choque em veículo parado na pista;1;2;;;;;1
29/09/2016;01:35:00;31;com vítima;244,1999969482422;BR-116/RJ;Pista Norte;Choque em objeto fixo;1;2;1;;;;1
29/09/2016;06:27:00;134;com vítima;70,5999984741211;BR-116/SP;Pista Norte;Tombamento;1;0;;1;;;2
29/09/2016;06:39:00;152;com vítima;208,0399932861328;BR-116/SP;Pista Sul;Colisão Traseira;1;1;1;;;;1
29/09/2016;08:12:00;259;com vítima;183,5;BR-116/RJ;Pista Norte;Abalroamento Longitudinal;1;1;;1;;;2
29/09/2016;12:42:00;521;com vítima;186,4499969482422;BR-116/SP;Pista Norte;Choque Talude;1;0;1;;;;1
29/09/2016;18:54:00;829;sem vítima;174,8000030517578;BR-116/RJ;Pista Sul;Colisão Traseira;1;2;;;;;1
29/09/2016;21:31:00;925;sem vítima;200,1999969482422;BR-116/SP;Pista Norte;Colisão Traseira;1;2;;;;;1
30/09/2016;01:36:00;42;com vítima;280,8500061035156;BR-116/RJ;Pista Sul;Colisão Traseira;2;1;;2;;;2
30/09/2016;02:54:00;65;sem vítima;181,5;BR-116/RJ;Pista Norte;Colisão Traseira;1;2;;;;;1
30/09/2016;03:27:00;75;sem vítima;278,8999938964844;BR-116/RJ;Pista Norte;Choque em Barreira New Jersey;1;1;;;;;1
30/09/2016;05:38:00;113;sem vítima;244,6999969482422;BR-116/RJ;Pista Sul;Choque em Defensa;1;1;;;;;1
30/09/2016;06:27:00;149;com vítima;156;BR-116/SP;Pista Norte;Colisão Traseira;1;1;1;;;;1
30/09/2016;06:49:00;169;sem vítima;188,5;BR-116/RJ;Pista Norte;Colisão Traseira;2;2;;;;;1
30/09/2016;09:36:00;354;com vítima;184,9499969482422;BR-116/RJ;Pista Norte;Colisão Traseira;2;2;1;1;;;2
30/09/2016;09:53:00;370;sem vítima;281,6000061035156;BR-116/RJ;Pista Norte;Abalroamento Longitudinal;1;5;;;;;1
30/09/2016;10:03:00;379;sem vítima;139,8000030517578;BR-116/SP;Pista Norte;Abalroamento Longitudinal;1;2;;;;;1
30/09/2016;10:49:00;403;sem vítima;142;BR-116/SP;Pista Norte;Colisão Traseira;1;3;;;;;1
30/09/2016;11:12:00;417;sem vítima;226;BR-116/SP;Pista Norte;Colisão Traseira;1;2;;;;;1
30/09/2016;13:42:00;520;sem vítima;192,3000030517578;BR-116/SP;Pista Sul;Abalroamento Longitudinal;1;4;;;;;1
30/09/2016;18:28:00;724;com vítima;220,6999969482422;BR-116/RJ;Pista Sul;Outros;1;0;;1;;;2
30/09/2016;22:24:00;874;sem vítima;227,1999969482422;BR-116/RJ;Pista Norte;Choque em Barreira New Jersey;1;1;;;;;1
01/12/2016;06:21:00;103;sem vítima;27,75;BR-116/SP;Pista Norte;Tombamento;1;1;;;;;1
01/12/2016;11:01:00;360;sem vítima;145,10000610351562;BR-116/SP;Pista Sul;Abalroamento Longitudinal;1;2;;;;;1
01/12/2016;12:17:00;404;sem vítima;132,8000030517578;BR-116/SP;Pista Sul;Engavetamento;1;5;;;;;1
01/12/2016;12:28:00;410;sem vítima;279;BR-116/RJ;Pista Sul;Colisão Traseira;1;2;;;;;1
01/12/2016;15:22:00;518;sem vítima;276;BR-116/RJ;Pista Norte;Choque em veículo parado na pista;2;2;;;;;1
01/12/2016;15:33:00;526;sem vítima;77,9000015258789;BR-116/SP;Pista Norte;Choque em objeto fixo;1;2;;;;;1
01/12/2016;16:30:00;566;sem vítima;158,39999389648438;BR-116/SP;Pista Sul;Abalroamento Longitudinal;1;2;;;;;1
01/12/2016;17:52:00;623;sem vítima;182,3000030517578;BR-116/SP;Pista Norte;Colisão Traseira;2;3;;;;;1
01/12/2016;17:53:00;625;sem vítima;310,79998779296875;BR-116/RJ;Pista Norte;Tombamento;1;1;;;;;1
01/12/2016;22:46:00;804;sem vítima;16;BR-116/SP;Pista Sul;Abalroamento Longitudinal;2;4;;;;;1
02/12/2016;03:38:00;57;com vítima;203,60000610351562;BR-116/RJ;Pista Norte;Queda de ribanceira;1;0;1;;;;1
02/12/2016;07:54:00;212;com vítima;180,6999969482422;BR-116/RJ;Pista Norte;Engavetamento;2;5;2;;;;1
02/12/2016;15:20:00;606;com vítima;219;BR-116/SP;Pista Norte;Engavetamento;1;3;;1;;;2
03/12/2016;02:14:00;47;sem vítima;247,39999389648438;BR-116/RJ;Pista Norte;Atropelamento de Animal;1;2;;;;;1
03/12/2016;07:33:00;191;sem vítima;163,6999969482422;BR-116/RJ;Pista Norte;Engavetamento;1;3;;;;;1
03/12/2016;09:15:00;284;sem vítima;225,8000030517578;BR-116/RJ;Pista Norte;Abalroamento Longitudinal;2;2;;;;;1
03/12/2016;11:34:00;371;sem vítima;297,4800109863281;BR-116/RJ;Pista Sul;Colisão Traseira;1;4;;;;;1
03/12/2016;14:51:00;492;sem vítima;86,4000015258789;BR-116/SP;Pista Norte;Colisão Traseira;1;4;;;;;1
03/12/2016;20:04:00;720;sem vítima;207,89999389648438;BR-116/SP;Pista Sul;Engavetamento;1;5;;;;;1
03/12/2016;22:56:00;789;sem vítima;182,39999389648438;BR-116/SP;Pista Norte;Abalroamento Longitudinal;1;3;;;;;1
04/12/2016;18:30:00;626;sem vítima;229,6999969482422;BR-116/RJ;Pista Norte;Tombamento;1;1;;;;;1
05/12/2016;06:37:00;119;sem vítima;255,6999969482422;BR-116/RJ;Pista Sul;Choque em objeto fixo;1;1;;;;;1
05/12/2016;07:04:00;148;sem vítima;302;BR-116/RJ;Pista Norte;Abalroamento Longitudinal;1;2;;;;;1
05/12/2016;07:15:00;158;sem vítima;220,3000030517578;BR-116/RJ;Pista Sul;Tombamento;1;1;;;;;1
05/12/2016;11:46:00;389;sem vítima;230,10000610351562;BR-116/SP;Pista Sul;Abalroamento Longitudinal;1;2;;;;;1
05/12/2016;12:42:00;418;sem vítima;222,35000610351562;BR-116/RJ;Pista Norte;Choque Talude;1;1;;;;;1
05/12/2016;16:45:00;593;sem vítima;181,5;BR-116/RJ;Pista Norte;Colisão Traseira;1;2;;;;;1
06/12/2016;01:54:00;41;com vítima;100,5;BR-116/SP;Pista Norte;Colisão Traseira;1;30;1;;;;1
06/12/2016;04:25:00;79;com vítima;103,0999984741211;BR-116/SP;Pista Norte;Colisão Traseira;2;1;;3;;1;3
06/12/2016;17:18:00;685;sem vítima;177,60000610351562;BR-116/RJ;Pista Norte;Abalroamento Longitudinal;1;3;;;;;1
06/12/2016;18:16:00;744;sem vítima;236,6999969482422;BR-116/RJ;Pista Sul;Abalroamento Longitudinal;1;3;;;;;1
06/12/2016;22:58:00;922;com vítima;222,89999389648438;BR-116/RJ;Pista Norte;Colisão Traseira;2;2;1;;;;1
06/12/2016;23:54:00;946;com vítima;225,89999389648438;BR-116/RJ;Pista Sul;Colisão Traseira;2;1;1;;;;1
07/12/2016;03:22:00;76;com vítima;129,3000030517578;BR-116/SP;Pista Norte;Colisão Traseira;1;1;1;;;;1
07/12/2016;10:59:00;423;sem vítima;226,5;BR-116/RJ;Pista Norte;Choque em objeto fixo;1;1;;;;;1
07/12/2016;15:37:00;664;com vítima;156,1999969482422;BR-116/SP;Pista Sul;Engavetamento;4;4;1;;;;1
07/12/2016;17:02:00;734;sem vítima;273,8999938964844;BR-116/RJ;Pista Norte;Colisão Traseira;1;2;;;;;1
07/12/2016;17:32:00;758;sem vítima;145,3000030517578;BR-116/SP;Pista Norte;Abalroamento Longitudinal;1;4;;;;;1
07/12/2016;17:35:00;761;sem vítima;177,60000610351562;BR-116/RJ;Pista Norte;Abalroamento Longitudinal;1;3;;;;;1
07/12/2016;22:22:00;966;com vítima;40,04999923706055;BR-116/SP;Pista Norte;Colisão Traseira;1;2;;3;;;2
08/12/2016;00:04:00;6;sem vítima;89;BR-116/SP;Pista Sul;Choque em objeto na pista;1;2;;;;;1
08/12/2016;04:26:00;88;com vítima;244,5500030517578;BR-116/RJ;Pista Norte;Colisão Traseira;2;1;;1;;;2
08/12/2016;08:07:00;265;sem vítima;162;BR-116/SP;Pista Norte;Colisão Traseira;2;3;;;;;1
08/12/2016;08:51:00;317;sem vítima;215,60000610351562;BR-116/SP;Pista Norte;Choque em Barreira New Jersey;1;1;;;;;1
08/12/2016;09:31:00;361;com vítima;225,5;BR-116/SP;Pista Norte;Choque em veículo parado na pista;1;2;1;;;;1
08/12/2016;14:39:00;602;sem vítima;301,3999938964844;BR-116/RJ;Pista Sul;Colisão Traseira;1;2;;;;;1
08/12/2016;16:48:00;729;sem vítima;148,3000030517578;BR-116/SP;Pista Norte;Abalroamento Longitudinal;1;2;;;;;1
08/12/2016;18:11:00;807;sem vítima;270,1000061035156;BR-116/RJ;Pista Sul;Choque em Barreira New Jersey;1;2;;;;;1
08/12/2016;19:08:00;868;com vítima;232,3000030517578;BR-116/RJ;Pista Norte;Choque em Barreira New Jersey;1;1;;1;;;2
08/12/2016;19:12:00;873;sem vítima;257,29998779296875;BR-116/RJ;Pista Norte;Colisão Traseira;1;5;;;;;1
08/12/2016;19:16:00;878;com vítima;269,20001220703125;BR-116/RJ;Pista Norte;Choque em Barreira New Jersey;1;0;;1;;;2
09/12/2016;00:19:00;11;com vítima;122,4000015258789;BR-116/SP;Pista Sul;Colisão Traseira;2;1;;1;;;2
09/12/2016;03:28:00;70;sem vítima;92,5;BR-116/SP;Pista Sul;Colisão Traseira;1;3;;;;;1
09/12/2016;07:44:00;253;sem vítima;182,3000030517578;BR-116/SP;Pista Norte;Colisão Traseira;1;2;;;;;1
09/12/2016;08:04:00;281;sem vítima;180,5;BR-116/RJ;Pista Norte;Abalroamento Longitudinal;1;2;;;;;1
09/12/2016;09:28:00;356;sem vítima;139,6999969482422;BR-116/SP;Pista Sul;Abalroamento Longitudinal;1;3;;;;;1
09/12/2016;13:03:00;523;sem vítima;299;BR-116/RJ;Pista Sul;Outros;1;2;;;;;1
09/12/2016;13:32:00;550;sem vítima;180;BR-116/SP;Pista Sul;Outros;1;2;;;;;1
09/12/2016;14:42:00;607;sem vítima;220,10000610351562;BR-116/SP;Pista Norte;Colisão Traseira;1;2;;;;;1
09/12/2016;15:54:00;661;sem vítima;161,1999969482422;BR-116/SP;Pista Norte;Colisão Traseira;1;2;;;;;1
09/12/2016;16:41:00;702;sem vítima;165,5;BR-116/RJ;Pista Sul;Engavetamento;1;6;;;;;1
09/12/2016;16:52:00;714;sem vítima;207,10000610351562;BR-116/RJ;Pista Norte;Colisão Traseira;1;3;;;;;1
09/12/2016;18:17:00;767;sem vítima;179,39999389648438;BR-116/SP;Pista Norte;Abalroamento Longitudinal;1;3;;;;;1
09/12/2016;18:59:00;812;sem vítima;173,89999389648438;BR-116/RJ;Pista Sul;Abalroamento Longitudinal;1;3;;;;;1
09/12/2016;22:29:00;961;sem vítima;34,29999923706055;BR-116/SP;Pista Sul;Tombamento;1;3;;;;;1
10/12/2016;07:49:00;207;sem vítima;165,1999969482422;BR-116/SP;Pista Sul;Colisão Traseira;2;2;;;;;1
10/12/2016;15:25:00;525;sem vítima;165,1999969482422;BR-116/SP;Pista Norte;Colisão Traseira;1;2;;;;;1
10/12/2016;16:30:00;580;com vítima;248,1999969482422;BR-116/RJ;Pista Sul;Capotamento;1;0;;;1;;2
10/12/2016;18:26:00;663;sem vítima;97,80000305175781;BR-116/SP;Pista Sul;Choque em objeto fixo;1;3;;;;;1
10/12/2016;19:15:00;710;sem vítima;226,39999389648438;BR-116/RJ;Pista Sul;Colisão Traseira;1;4;;;;;1
10/12/2016;22:21:00;806;com vítima;280,1000061035156;BR-116/RJ;Pista Norte;Colisão Traseira;1;3;2;;;;1
11/12/2016;02:06:00;55;sem vítima;34;BR-116/SP;Pista Sul;Choque Talude;1;1;;;;;1
11/12/2016;12:23:00;374;sem vítima;163;BR-116/RJ;Pista Norte;Abalroamento Longitudinal;1;2;;;;;1
11/12/2016;13:48:00;426;sem vítima;230,8000030517578;BR-116/SP;Pista Norte;Abalroamento Longitudinal;1;2;;;;;1
11/12/2016;21:26:00;735;sem vítima;68,5999984741211;BR-116/SP;Pista Norte;Abalroamento Longitudinal;1;2;;;;;1
11/12/2016;23:11:00;780;sem vítima;36,400001525878906;BR-116/SP;Pista Sul;Colisão Traseira;1;47;;;;;1
12/12/2016;04:12:00;73;sem vítima;198,60000610351562;BR-116/SP;Pista Sul;Tombamento;1;1;;;;;1
12/12/2016;09:52:00;354;sem vítima;221;BR-116/RJ;Pista Norte;Engavetamento;1;1;;;;;1
12/12/2016;09:58:00;359;com vítima;221,39999389648438;BR-116/SP;Pista Norte;Engavetamento;1;6;1;;;;1
12/12/2016;14:29:00;543;sem vítima;166,5;BR-116/RJ;Pista Sul;Colisão Traseira;1;4;;;;;1
12/12/2016;17:16:00;664;sem vítima;223,10000610351562;BR-116/RJ;Pista Norte;Choque Talude;2;2;;;;;1
12/12/2016;17:48:00;697;sem vítima;112,80000305175781;BR-116/SP;Pista Sul;Abalroamento Longitudinal;1;4;;;;;1
12/12/2016;19:35:00;772;sem vítima;209,39999389648438;BR-116/RJ;Pista Sul;Outros;1;1;;;;;1
13/12/2016;00:26:00;8;com vítima;238,3000030517578;BR-116/RJ;Pista Norte;Tombamento;1;1;2;;;;1
13/12/2016;00:43:00;12;com vítima;101,30000305175781;BR-116/SP;Pista Norte;Choque em veículo parado na pista;2;3;2;;;;1
13/12/2016;00:53:00;20;com vítima;193;BR-116/SP;Pista Norte;Colisão Traseira;2;1;1;;;;1
13/12/2016;01:40:00;36;sem vítima;224,6999969482422;BR-116/RJ;Pista Sul;Choque em objeto fixo;1;1;;;;;1
13/12/2016;02:01:00;43;sem vítima;222,6999969482422;BR-116/RJ;Pista Sul;Choque em objeto fixo;1;1;;;;;1
13/12/2016;05:00:00;83;com vítima;217,39999389648438;BR-116/RJ;Pista Norte;Colisão Traseira;2;1;1;;;;1
13/12/2016;05:08:00;86;com vítima;222,10000610351562;BR-116/RJ;Pista Norte;Tombamento;1;0;;1;;;2
13/12/2016;08:17:00;245;sem vítima;36;BR-116/SP;Pista Sul;Colisão Traseira;2;2;;;;;1
13/12/2016;10:09:00;372;com vítima;171,47999572753906;BR-116/SP;Pista Norte;Abalroamento Longitudinal;1;1;;1;;;2
13/12/2016;11:14:00;422;com vítima;228,14999389648438;BR-116/RJ;Pista Sul;Tombamento;1;0;;1;;;2
13/12/2016;16:12:00;636;sem vítima;205,10000610351562;BR-116/RJ;Pista Norte;Abalroamento Longitudinal;1;2;;;;;1
13/12/2016;16:36:00;654;com vítima;322,5;BR-116/RJ;Pista Norte;Colisão Traseira;1;0;2;;;;1
13/12/2016;17:36:00;702;sem vítima;210,89999389648438;BR-116/SP;Pista Sul;Engavetamento;2;4;;;;;1
13/12/2016;19:07:00;785;com vítima;314,3999938964844;BR-116/RJ;Pista Sul;Engavetamento;1;2;1;1;;;2
13/12/2016;19:52:00;810;sem vítima;269,1000061035156;BR-116/RJ;Pista Norte;Colisão Traseira;2;2;;;;;1
13/12/2016;20:02:00;821;sem vítima;142,8000030517578;BR-116/SP;Pista Norte;Abalroamento Longitudinal;1;8;;;;;1
13/12/2016;20:37:00;836;sem vítima;267,70001220703125;BR-116/RJ;Pista Sul;Abalroamento Longitudinal;1;2;;;;;1
13/12/2016;21:13:00;863;sem vítima;192,5;BR-116/RJ;Pista Norte;Atropelamento de Animal;1;2;;;;;1
13/12/2016;22:02:00;892;sem vítima;190,1999969482422;BR-116/SP;Pista Norte;Abalroamento Longitudinal;1;7;;;;;1
14/12/2016;03:02:00;56;sem vítima;145,8000030517578;BR-116/SP;Pista Norte;Colisão Traseira;1;2;;;;;1
14/12/2016;07:13:00;144;sem vítima;167;BR-116/RJ;Pista Sul;Colisão Traseira;1;2;;;;;1
14/12/2016;08:55:00;260;sem vítima;273;BR-116/RJ;Pista Sul;Choque em veículo parado na pista;1;2;;;;;1
14/12/2016;09:18:00;295;sem vítima;213,5;BR-116/RJ;Pista Norte;Tombamento;1;1;;;;;1
14/12/2016;11:34:00;406;com vítima;307,20001220703125;BR-116/RJ;Pista Norte;Colisão Traseira;1;2;;1;;;2
14/12/2016;11:38:00;410;com vítima;306,5;BR-116/RJ;Pista Norte;Tombamento;1;0;1;;;;1
14/12/2016;14:09:00;508;com vítima;231,60000610351562;BR-116/SP;Pista Norte;Colisão Traseira;2;0;1;1;;;2
14/12/2016;16:05:00;582;sem vítima;230,3000030517578;BR-116/SP;Pista Sul;Colisão Traseira;1;5;;;;;1
15/12/2016;00:22:00;15;sem vítima;217,4499969482422;BR-116/RJ;Pista Sul;Choque em objeto fixo;1;1;;;;;1
15/12/2016;03:52:00;73;com vítima;183,6999969482422;BR-116/SP;Pista Sul;Colisão Traseira;1;37;2;;;;1
15/12/2016;10:14:00;375;com vítima;222,14999389648438;BR-116/SP;Pista Norte;Colisão Traseira;1;29;1;;;;1
15/12/2016;10:48:00;398;sem vítima;219,6999969482422;BR-116/SP;Pista Sul;Colisão Traseira;1;2;;;;;1
16/12/2016;10:34:00;416;sem vítima;227,89999389648438;BR-116/RJ;Pista Norte;Colisão Traseira;1;2;;;;;1
16/12/2016;16:25:00;708;sem vítima;142,3000030517578;BR-116/SP;Pista Norte;Engavetamento;1;6;;;;;1
16/12/2016;17:37:00;763;sem vítima;114,30000305175781;BR-116/SP;Pista Sul;Colisão Traseira;1;3;;;;;1
16/12/2016;20:09:00;893;com vítima;149;BR-116/SP;Pista Norte;Engavetamento;2;2;1;;;;1
16/12/2016;20:53:00;924;sem vítima;219,1999969482422;BR-116/RJ;Pista Norte;Abalroamento Longitudinal;1;3;;;;;1
16/12/2016;21:27:00;947;sem vítima;176,1999969482422;BR-116/RJ;Pista Sul;Abalroamento Longitudinal;1;2;;;;;1
16/12/2016;22:48:00;991;sem vítima;167,3000030517578;BR-116/RJ;Pista Sul;Engavetamento;1;4;;;;;1
16/12/2016;23:46:00;1009;com vítima;184,8000030517578;BR-116/RJ;Pista Norte;Abalroamento Longitudinal;1;2;1;;;;1
17/12/2016;02:12:00;35;sem vítima;188,0500030517578;BR-116/RJ;Pista Sul;Colisão Traseira;1;2;;;;;1
17/12/2016;03:06:00;49;sem vítima;224,75;BR-116/RJ;Pista Norte;Choque Talude;1;1;;;;;1
18/12/2016;06:02:00;105;sem vítima;225;BR-116/SP;Pista Sul;Abalroamento Longitudinal;2;2;;;;;1
18/12/2016;12:28:00;389;sem vítima;318,8999938964844;BR-116/RJ;Pista Sul;Abalroamento Longitudinal;1;2;;;;;1
18/12/2016;17:54:00;653;sem vítima;286;BR-116/RJ;Pista Norte;Engavetamento;1;12;;;;;1
18/12/2016;21:12:00;804;sem vítima;215,3000030517578;BR-116/RJ;Pista Norte;Colisão Traseira;1;4;;;;;1
18/12/2016;22:36:00;848;sem vítima;228;BR-116/SP;Pista Norte;Choque em veículo parado na pista;2;2;;;;;1
18/12/2016;22:37:00;850;com vítima;95;BR-116/SP;Pista Norte;Queda de moto;1;1;2;;;;1