data;horario;n_da_ocorrencia;tipo_de_ocorrencia;km;trecho;sentido;tipo_de_acidente;caminhao;ilesos;levemente_feridos;moderadamente_feridos;gravemente_feridos;mortos;3
19/12/2016;05:38:00;71;sem vítima;206,39999389648438;BR-116/SP;Pista Sul;Abalroamento Longitudinal;2;3;;;;;1
19/12/2016;05:47:00;75;sem vítima;297,70001220703125;BR-116/RJ;Pista Norte;Atropelamento de Animal;1;1;;;;;1
19/12/2016;06:59:00;131;com vítima;208,5;BR-116/RJ;Pista Norte;Engavetamento;1;3;2;;;;1
19/12/2016;11:04:00;364;sem vítima;217;BR-116/SP;Pista Norte;Colisão Traseira;2;4;;;;;1
19/12/2016;12:00:00;413;sem vítima;128,1999969482422;BR-116/SP;Pista Norte;Colisão Traseira;2;2;;;;;1
19/12/2016;12:28:00;429;com vítima;269,29998779296875;BR-116/RJ;Pista Sul;Tombamento;1;0;1;1;;;2
19/12/2016;17:28:00;666;com vítima;225,39999389648438;BR-116/SP;Pista Norte;Abalroamento Longitudinal;1;1;1;;;;1
19/12/2016;18:38:00;723;sem vítima;259,20001220703125;BR-116/RJ;Pista Norte;Abalroamento Longitudinal;1;2;;;;;1
20/12/2016;00:02:00;5;sem vítima;228,1999969482422;BR-116/SP;Pista Norte;Abalroamento Longitudinal;1;3;;;;;1
20/12/2016;11:09:00;434;sem vítima;219,60000610351562;BR-116/SP;Pista Norte;Abalroamento Longitudinal;1;2;;;;;1
20/12/2016;14:41:00;591;com vítima;271,79998779296875;BR-116/RJ;Pista Sul;Abalroamento Longitudinal;1;1;;2;;;2
20/12/2016;15:19:00;614;com vítima;169,39999389648438;BR-116/RJ;Pista Norte;Colisão Traseira;1;1;1;;;;1
20/12/2016;18:23:00;754;sem vítima;154;BR-116/SP;Pista Sul;Capotamento;1;2;;;;;1
20/12/2016;18:58:00;787;sem vítima;301,5;BR-116/RJ;Pista Sul;Engavetamento;3;3;;;;;1
21/12/2016;00:39:00;12;sem vítima;277,8999938964844;BR-116/RJ;Pista Norte;Colisão Traseira;2;2;;;;;1
21/12/2016;00:57:00;21;com vítima;123,0999984741211;BR-116/SP;Pista Sul;Colisão Traseira;1;1;3;1;;;2
21/12/2016;02:48:00;56;sem vítima;226,3000030517578;BR-116/SP;Pista Norte;Choque em Defensa;1;3;;;;;1
21/12/2016;04:03:00;86;sem vítima;262,6000061035156;BR-116/RJ;Pista Norte;Colisão Traseira;2;3;;;;;1
21/12/2016;07:58:00;224;sem vítima;225,5;BR-116/SP;Pista Sul;Abalroamento Longitudinal;1;4;;;;;1
21/12/2016;18:36:00;822;com vítima;311;BR-116/RJ;Pista Sul;Abalroamento Longitudinal;1;1;;;1;;2
21/12/2016;20:52:00;907;sem vítima;270,8999938964844;BR-116/RJ;Pista Sul;Colisão Traseira;1;2;;;;;1
21/12/2016;21:23:00;915;com vítima;217,5;BR-116/RJ;Pista Norte;Colisão Traseira;1;1;1;;;;1
21/12/2016;21:59:00;934;sem vítima;210,8000030517578;BR-116/RJ;Pista Sul;Abalroamento Longitudinal;1;2;;;;;1
21/12/2016;22:44:00;957;com vítima;186,3000030517578;BR-116/SP;Pista Norte;Colisão Traseira;1;3;3;;;;1
22/12/2016;06:14:00;128;sem vítima;100,9000015258789;BR-116/SP;Pista Norte;Colisão Traseira;1;3;;;;;1
22/12/2016;07:27:00;195;sem vítima;270,20001220703125;BR-116/RJ;Pista Sul;Abalroamento Longitudinal;1;2;;;;;1
22/12/2016;13:15:00;554;sem vítima;223,3000030517578;BR-116/RJ;Pista Norte;Choque Talude;1;1;;;;;1
22/12/2016;17:21:00;791;sem vítima;193,3000030517578;BR-116/SP;Pista Sul;Choque em objeto na pista;1;3;;;;;1
22/12/2016;17:27:00;799;sem vítima;146,25;BR-116/SP;Pista Sul;Engavetamento;1;3;;;;;1
22/12/2016;20:19:00;937;sem vítima;169,39999389648438;BR-116/RJ;Pista Sul;Engavetamento;1;3;;;;;1
22/12/2016;20:31:00;944;sem vítima;86,69999694824219;BR-116/SP;Pista Sul;Abalroamento Longitudinal;1;2;;;;;1
22/12/2016;21:16:00;977;com vítima;260,5;BR-116/RJ;Pista Sul;Atropelamento de Animal;1;0;1;;;;1
23/12/2016;03:42:00;71;sem vítima;170,1999969482422;BR-116/RJ;Pista Norte;Engavetamento;3;4;;;;;1
23/12/2016;15:53:00;683;com vítima;222,5;BR-116/RJ;Pista Norte;Queda de ribanceira;1;0;;1;;;2
23/12/2016;21:55:00;993;sem vítima;223,1999969482422;BR-116/RJ;Pista Sul;Choque em objeto fixo;1;2;;;;;1
24/12/2016;01:55:00;42;com vítima;214,39999389648438;BR-116/RJ;Pista Norte;Capotamento;1;0;;;;2;3
24/12/2016;15:40:00;520;sem vítima;182,3000030517578;BR-116/SP;Pista Norte;Colisão Traseira;1;2;;;;;1
25/12/2016;16:19:00;401;com vítima;306,29998779296875;BR-116/RJ;Pista Norte;Colisão Traseira;1;2;1;;;;1
25/12/2016;18:47:00;515;sem vítima;180,60000610351562;BR-116/SP;Pista Sul;Abalroamento Longitudinal;1;5;;;;;1
26/12/2016;04:35:00;74;com vítima;279,5;BR-116/RJ;Pista Norte;Colisão Traseira;2;2;;1;;1;3
26/12/2016;09:40:00;292;sem vítima;172,89999389648438;BR-116/RJ;Pista Norte;Abalroamento Longitudinal;1;2;;;;;1
26/12/2016;10:17:00;332;sem vítima;265,29998779296875;BR-116/RJ;Pista Norte;Abalroamento Longitudinal;2;4;;;;;1
26/12/2016;10:34:00;350;com vítima;221,60000610351562;BR-116/SP;Pista Sul;Colisão Traseira;1;4;1;;;;1
26/12/2016;16:45:00;659;sem vítima;20,5;BR-116/SP;Pista Sul;Choque em objeto na pista;1;1;;;;;1
26/12/2016;17:31:00;705;sem vítima;297,6000061035156;BR-116/RJ;Pista Norte;Abalroamento Longitudinal;1;4;;;;;1
26/12/2016;17:56:00;733;sem vítima;225;BR-116/RJ;Pista Sul;Choque em objeto fixo;1;1;;;;;1
27/12/2016;01:54:00;49;sem vítima;201,25;BR-116/RJ;Pista Norte;Atropelamento de Animal;2;8;;;;;1
27/12/2016;03:53:00;78;com vítima;174,88999938964844;BR-116/RJ;Pista Sul;Colisão Traseira;1;1;1;;;;1
27/12/2016;08:17:00;260;com vítima;291;BR-116/RJ;Pista Sul;Abalroamento Longitudinal;1;3;;1;;;2
27/12/2016;09:07:00;328;sem vítima;164,89999389648438;BR-116/RJ;Pista Norte;Engavetamento;1;6;;;;;1
27/12/2016;17:00:00;742;sem vítima;169,6999969482422;BR-116/RJ;Pista Sul;Choque em Barreira New Jersey;1;1;;;;;1
27/12/2016;17:39:00;772;sem vítima;53;BR-116/SP;Pista Norte;Choque em objeto na pista;1;6;;;;;1
27/12/2016;17:40:00;775;sem vítima;225,64999389648438;BR-116/RJ;Pista Sul;Colisão Traseira;1;3;;;;;1
27/12/2016;18:53:00;842;sem vítima;180,89999389648438;BR-116/RJ;Pista Norte;Engavetamento;2;6;;;;;1
27/12/2016;21:05:00;931;sem vítima;4,599999904632568;BR-116/SP;Pista Norte;Abalroamento Longitudinal;1;2;;;;;1
28/12/2016;05:37:00;90;sem vítima;145,89999389648438;BR-116/SP;Pista Sul;Abalroamento Longitudinal;1;2;;;;;1
28/12/2016;08:56:00;299;sem vítima;152,39999389648438;BR-116/SP;Pista Norte;Abalroamento Longitudinal;1;5;;;;;1
28/12/2016;14:57:00;602;sem vítima;173,39999389648438;BR-116/RJ;Pista Sul;Colisão Traseira;1;3;;;;;1
28/12/2016;18:05:00;761;sem vítima;182,64999389648438;BR-116/RJ;Pista Norte;Abalroamento Longitudinal;1;2;;;;;1
28/12/2016;19:10:00;821;com vítima;175,1999969482422;BR-116/SP;Pista Norte;Choque em Barreira New Jersey;1;0;;;;1;3
29/12/2016;06:06:00;100;sem vítima;214,39999389648438;BR-116/SP;Pista Norte;Choque em Barreira New Jersey;1;1;;;;;1
29/12/2016;11:30:00;398;sem vítima;204,5;BR-116/SP;Pista Norte;Choque em objeto fixo;1;1;;;;;1
29/12/2016;13:39:00;477;sem vítima;258,6000061035156;BR-116/RJ;Pista Norte;Queda de ribanceira;1;1;;;;;1
29/12/2016;15:34:00;581;sem vítima;109,5;BR-116/SP;Pista Sul;Colisão Traseira;2;2;;;;;1
30/12/2016;00:58:00;19;com vítima;169,3000030517578;BR-116/SP;Pista Norte;Colisão Traseira;1;26;13;8;2;1;3
30/12/2016;07:50:00;193;sem vítima;157;BR-116/SP;Pista Norte;Engavetamento;1;5;;;;;1
30/12/2016;11:30:00;360;sem vítima;116,5999984741211;BR-116/SP;Pista Norte;Abalroamento Longitudinal;1;3;;;;;1
30/12/2016;14:16:00;475;com vítima;265;BR-116/RJ;Pista Norte;Colisão Traseira;1;1;1;;;;1
31/12/2016;00:20:00;12;sem vítima;1,899999976158142;BR-116/SP;Pista Sul;Tombamento;1;1;;;;;1
31/12/2016;02:54:00;62;sem vítima;89,19999694824219;BR-116/SP;Pista Norte;Colisão Traseira;1;22;;;;;1
31/12/2016;04:59:00;80;sem vítima;207;BR-116/SP;Pista Norte;Colisão Traseira;1;2;;;;;1
31/12/2016;05:15:00;86;sem vítima;67,5;BR-116/SP;Pista Norte;Colisão Traseira;1;2;;;;;1
31/12/2016;14:16:00;395;sem vítima;83,4000015258789;BR-116/SP;Pista Sul;Colisão Traseira;1;7;;;;;1
01/02/2017;00:06:00;11;com vítima;192,60000610351562;BR-116/SP;Pista Sul;Atropelamento de Pedestre Atravessando;1;2;;1;;;2
01/02/2017;02:02:00;40;sem vítima;83,0999984741211;BR-116/SP;Pista Norte;Colisão Traseira;1;2;;;;;1
01/02/2017;11:11:00;448;sem vítima;179,9499969482422;BR-116/RJ;Pista Norte;Engavetamento;2;5;;;;;1
01/02/2017;14:06:00;577;sem vítima;60,29999923706055;BR-116/SP;Pista Sul;Choque em Barreira New Jersey;1;2;;;;;1
01/02/2017;14:18:00;589;com vítima;191,5;BR-116/RJ;Pista Sul;Atropelamento de Pedestre Atravessando;1;1;;1;;;2
02/02/2017;00:05:00;11;com vítima;145,39999389648438;BR-116/SP;Pista Norte;Colisão Traseira;1;1;;1;;;2
02/02/2017;01:07:00;26;com vítima;23,18000030517578;BR-116/SP;Pista Norte;Tombamento;1;0;;1;;;2
02/02/2017;02:50:00;58;com vítima;101;BR-116/SP;Pista Norte;Colisão Traseira;1;3;;1;;;2
02/02/2017;07:22:00;192;sem vítima;127,0999984741211;BR-116/SP;Pista Norte;Colisão Traseira;1;2;;;;;1
02/02/2017;08:24:00;273;sem vítima;165,1999969482422;BR-116/SP;Pista Norte;Colisão Traseira;1;2;;;;;1
02/02/2017;15:53:00;652;sem vítima;103,0999984741211;BR-116/SP;Pista Sul;Abalroamento Longitudinal;1;3;;;;;1
02/02/2017;17:11:00;704;sem vítima;220,5500030517578;BR-116/RJ;Pista Sul;Choque Talude;1;1;;;;;1
02/02/2017;18:23:00;772;com vítima;286,3999938964844;BR-116/RJ;Pista Norte;Choque em Barreira New Jersey;1;2;1;;;;1
02/02/2017;18:24:00;774;com vítima;300,8999938964844;BR-116/RJ;Pista Sul;Abalroamento Longitudinal;2;1;1;;;;1
02/02/2017;19:51:00;847;sem vítima;180,6999969482422;BR-116/RJ;Pista Norte;Abalroamento Longitudinal;1;2;;;;;1
02/02/2017;22:01:00;905;sem vítima;224,60000610351562;BR-116/RJ;Pista Norte;Colisão Traseira;1;2;;;;;1
03/02/2017;16:52:00;685;com vítima;175,10000610351562;BR-116/RJ;Pista Sul;Abalroamento Longitudinal;2;2;;2;;;2
03/02/2017;18:13:00;756;com vítima;221;BR-116/SP;Pista Norte;Abalroamento Longitudinal;1;4;1;;;;1
03/02/2017;23:39:00;953;sem vítima;223,8000030517578;BR-116/SP;Pista Sul;Abalroamento Longitudinal;1;4;;;;;1
04/02/2017;00:28:00;16;sem vítima;267,20001220703125;BR-116/RJ;Pista Sul;Colisão Traseira;1;2;;;;;1
04/02/2017;10:43:00;335;sem vítima;219,89999389648438;BR-116/SP;Pista Sul;Abalroamento Longitudinal;1;5;;;;;1
04/02/2017;10:46:00;337;sem vítima;164,10000610351562;BR-116/RJ;Pista Norte;Abalroamento Longitudinal;1;2;;;;;1
04/02/2017;19:06:00;638;sem vítima;264,29998779296875;BR-116/RJ;Pista Norte;Tombamento;1;3;;;;;1
04/02/2017;19:20:00;647;sem vítima;204,5;BR-116/SP;Pista Norte;Colisão Traseira;1;2;;;;;1
05/02/2017;03:10:00;56;sem vítima;222,35000610351562;BR-116/SP;Pista Norte;Colisão Traseira;1;3;;;;;1
05/02/2017;18:05:00;545;sem vítima;174,1999969482422;BR-116/SP;Pista Norte;Choque em Barreira New Jersey;1;1;;;;;1
06/02/2017;09:19:00;296;sem vítima;154,5;BR-116/SP;Pista Sul;Abalroamento Longitudinal;1;2;;;;;1
06/02/2017;10:33:00;368;sem vítima;274,20001220703125;BR-116/RJ;Pista Sul;Colisão Traseira;1;2;;;;;1
06/02/2017;15:39:00;570;sem vítima;130,60000610351562;BR-116/SP;Pista Norte;Capotamento;1;3;;;;;1
06/02/2017;15:57:00;581;com vítima;159,10000610351562;BR-116/SP;Pista Sul;Engavetamento;2;3;1;;;;1
06/02/2017;18:37:00;701;com vítima;69,80000305175781;BR-116/SP;Pista Norte;Colisão Traseira;1;2;1;;;;1
07/02/2017;00:14:00;11;com vítima;91,30000305175781;BR-116/SP;Pista Sul;Colisão Traseira;1;1;;1;;;2
07/02/2017;00:30:00;20;com vítima;57;BR-116/SP;Pista Norte;Colisão Traseira;1;2;1;;;;1
07/02/2017;01:09:00;39;sem vítima;171,75;BR-116/SP;Pista Norte;Choque em objeto fixo;1;1;;;;;1
07/02/2017;08:15:00;253;sem vítima;222,5;BR-116/SP;Pista Sul;Abalroamento Longitudinal;1;2;;;;;1
07/02/2017;09:50:00;352;sem vítima;101,9000015258789;BR-116/SP;Pista Norte;Engavetamento;1;3;;;;;1
07/02/2017;11:07:00;396;sem vítima;101,19999694824219;BR-116/SP;Pista Norte;Colisão Traseira;1;2;;;;;1
07/02/2017;14:41:00;548;com vítima;318,20001220703125;BR-116/RJ;Pista Norte;Colisão Frontal;1;1;1;;;;1
07/02/2017;17:23:00;659;sem vítima;131,8000030517578;BR-116/SP;Pista Sul;Colisão Traseira;1;2;;;;;1
07/02/2017;23:14:00;870;sem vítima;10,899999618530273;BR-116/SP;Pista Sul;Queda de ribanceira;1;1;;;;;1
08/02/2017;05:46:00;80;sem vítima;225,5;BR-116/RJ;Pista Norte;Choque em objeto fixo;1;1;;;;;1
08/02/2017;07:21:00;144;sem vítima;145;BR-116/SP;Pista Sul;Abalroamento Longitudinal;1;2;;;;;1
08/02/2017;13:39:00;482;sem vítima;271,29998779296875;BR-116/RJ;Pista Sul;Outros;1;1;;;;;1
08/02/2017;16:45:00;629;sem vítima;75,5999984741211;BR-116/SP;Pista Sul;Engavetamento;1;3;;;;;1
08/02/2017;20:37:00;801;sem vítima;318,29998779296875;BR-116/RJ;Pista Sul;Choque em Defensa;1;1;;;;;1
09/02/2017;00:51:00;28;com vítima;261,6000061035156;BR-116/RJ;Pista Sul;Tombamento;1;0;1;1;;;2
09/02/2017;01:39:00;48;sem vítima;87,4000015258789;BR-116/SP;Pista Norte;Choque em objeto na pista;1;1;;;;;1
09/02/2017;01:40:00;49;sem vítima;107,4000015258789;BR-116/SP;Pista Norte;Choque em objeto na pista;1;1;;;;;1
09/02/2017;03:25:00;80;sem vítima;100;BR-116/SP;Pista Norte;Choque em objeto na pista;1;1;;;;;1
09/02/2017;05:49:00;105;com vítima;211,75;BR-116/RJ;Pista Norte;Atropelamento de Pedestre Atravessando;1;1;;;;1;3
09/02/2017;09:05:00;301;com vítima;152,9499969482422;BR-116/SP;Pista Norte;Choque em objeto na pista;1;1;1;1;;;2
09/02/2017;09:26:00;321;sem vítima;131;BR-116/SP;Pista Sul;Abalroamento Longitudinal;1;2;;;;;1
09/02/2017;12:29:00;444;com vítima;280,29998779296875;BR-116/RJ;Pista Sul;Abalroamento Longitudinal;1;1;1;;;;1
09/02/2017;12:40:00;457;com vítima;189,89999389648438;BR-116/RJ;Pista Sul;Tombamento;1;1;;1;;;2
09/02/2017;15:45:00;596;com vítima;190,89999389648438;BR-116/RJ;Pista Sul;Abalroamento Longitudinal;1;1;1;;;;1
09/02/2017;18:13:00;695;sem vítima;218,75;BR-116/SP;Pista Sul;Colisão Traseira;1;5;;;;;1
10/02/2017;15:47:00;657;sem vítima;267,20001220703125;BR-116/RJ;Pista Norte;Colisão Traseira;1;2;;;;;1
10/02/2017;20:30:00;885;com vítima;256,8999938964844;BR-116/RJ;Pista Sul;Abalroamento Longitudinal;1;3;1;;;;1
11/02/2017;07:47:00;195;sem vítima;285;BR-116/RJ;Pista Sul;Colisão Traseira;1;3;;;;;1
11/02/2017;09:55:00;304;com vítima;167,9499969482422;BR-116/RJ;Pista Norte;Tombamento;1;0;4;;;;1
13/02/2017;08:20:00;259;com vítima;148,8000030517578;BR-116/SP;Pista Sul;Outros;1;0;1;;;;1
13/02/2017;11:05:00;421;sem vítima;231,60000610351562;BR-116/RJ;Pista Sul;Colisão Traseira;2;4;;;;;1
13/02/2017;18:08:00;725;sem vítima;180,8000030517578;BR-116/SP;Pista Sul;Colisão Traseira;1;2;;;;;1
14/02/2017;03:40:00;69;com vítima;226,5;BR-116/SP;Pista Norte;Choque em objeto fixo;1;2;1;;;;1
14/02/2017;05:44:00;104;sem vítima;230;BR-116/RJ;Pista Norte;Choque em Barreira New Jersey;1;4;;;;;1
14/02/2017;06:20:00;123;sem vítima;163;BR-116/RJ;Pista Norte;Colisão Traseira;2;4;;;;;1
14/02/2017;09:36:00;350;sem vítima;274,79998779296875;BR-116/RJ;Pista Sul;Abalroamento Longitudinal;1;14;;;;;1
14/02/2017;11:12:00;414;sem vítima;229,5;BR-116/SP;Pista Sul;Colisão Traseira;2;3;;;;;1
14/02/2017;16:25:00;635;sem vítima;129;BR-116/SP;Pista Sul;Colisão Traseira;1;2;;;;;1
14/02/2017;17:05:00;667;sem vítima;285,1000061035156;BR-116/RJ;Pista Sul;Colisão Traseira;2;2;;;;;1
14/02/2017;17:36:00;695;sem vítima;201,60000610351562;BR-116/SP;Pista Norte;Abalroamento Longitudinal;2;32;;;;;1
14/02/2017;18:52:00;765;sem vítima;223,39999389648438;BR-116/SP;Pista Norte;Abalroamento Longitudinal;1;5;;;;;1
14/02/2017;19:14:00;783;sem vítima;216,5;BR-116/SP;Pista Norte;Colisão Traseira;1;6;;;;;1
14/02/2017;22:49:00;883;com vítima;211,10000610351562;BR-116/SP;Pista Sul;Abalroamento Longitudinal;1;3;;;;1;3
15/02/2017;03:59:00;93;sem vítima;185,8000030517578;BR-116/SP;Pista Sul;Atropelamento de Animal;2;4;;;;;1
15/02/2017;07:14:00;190;sem vítima;161;BR-116/SP;Pista Norte;Abalroamento Longitudinal;1;3;;;;;1
15/02/2017;12:26:00;460;sem vítima;304,9800109863281;BR-116/RJ;Pista Sul;Choque em Barreira New Jersey;1;1;;;;;1
15/02/2017;13:50:00;531;sem vítima;285,20001220703125;BR-116/RJ;Pista Sul;Colisão Traseira;1;2;;;;;1
16/02/2017;00:48:00;17;sem vítima;120,4000015258789;BR-116/SP;Pista Sul;Choque em veículo parado na pista;2;2;;;;;1
16/02/2017;06:19:00;105;sem vítima;226,89999389648438;BR-116/RJ;Pista Norte;Choque em objeto fixo;1;1;;;;;1
16/02/2017;12:24:00;440;sem vítima;221,39999389648438;BR-116/SP;Pista Sul;Abalroamento Longitudinal;1;2;;;;;1
16/02/2017;19:37:00;814;com vítima;171,5;BR-116/RJ;Pista Sul;Abalroamento Longitudinal;1;2;;1;;;2
17/02/2017;10:30:00;379;sem vítima;159,89999389648438;BR-116/SP;Pista Sul;Abalroamento Longitudinal;2;2;;;;;1
17/02/2017;15:34:00;623;sem vítima;24,299999237060547;BR-116/SP;Pista Norte;Colisão Traseira;1;3;;;;;1
17/02/2017;18:01:00;757;sem vítima;224,64999389648438;BR-116/RJ;Pista Sul;Colisão Traseira;1;3;;;;;1
17/02/2017;18:20:00;774;sem vítima;272,79998779296875;BR-116/RJ;Pista Norte;Colisão Traseira;2;2;;;;;1
17/02/2017;21:26:00;888;sem vítima;192,5;BR-116/SP;Pista Norte;Colisão Traseira;1;2;;;;;1
17/02/2017;23:42:00;952;sem vítima;273;BR-116/RJ;Pista Norte;Queda de Carga;1;3;;;;;1
18/02/2017;04:20:00;87;sem vítima;197,39999389648438;BR-116/RJ;Pista Sul;Tombamento;1;1;;;;;1
18/02/2017;06:59:00;141;sem vítima;167;BR-116/RJ;Pista Norte;Colisão Traseira;1;4;;;;;1
18/02/2017;16:42:00;593;sem vítima;25,700000762939453;BR-116/SP;Pista Sul;Colisão Traseira;1;7;;;;;1
18/02/2017;17:18:00;617;sem vítima;180;BR-116/SP;Pista Sul;Colisão Traseira;1;7;;;;;1
19/02/2017;00:25:00;20;com vítima;53,099998474121094;BR-116/SP;Pista Norte;Choque em veículo parado na pista;1;2;1;;;;1
19/02/2017;12:26:00;323;sem vítima;76,19999694824219;BR-116/SP;Pista Sul;Abalroamento Longitudinal;1;2;;;;;1
19/02/2017;14:13:00;400;com vítima;303;BR-116/RJ;Pista Norte;Abalroamento Longitudinal;1;1;5;;;;1
20/02/2017;00:23:00;19;sem vítima;28,100000381469727;BR-116/SP;Pista Sul;Engavetamento;2;3;;;;;1
20/02/2017;22:52:00;953;sem vítima;182,89999389648438;BR-116/RJ;Pista Norte;Choque em Barreira New Jersey;1;2;;;;;1
20/02/2017;23:35:00;970;sem vítima;89,30000305175781;BR-116/SP;Pista Norte;Atropelamento de Animal;1;1;;;;;1
21/02/2017;05:34:00;93;com vítima;179,10000610351562;BR-116/RJ;Pista Norte;Engavetamento;1;5;1;;;;1
21/02/2017;14:47:00;604;sem vítima;182,10000610351562;BR-116/RJ;Pista Norte;Engavetamento;1;4;;;;;1
21/02/2017;16:34:00;679;com vítima;146,89999389648438;BR-116/SP;Pista Norte;Abalroamento Longitudinal;1;3;1;;;;1
22/02/2017;01:26:00;33;com vítima;25,5;BR-116/SP;Pista Norte;Colisão Traseira;2;1;1;;;;1
22/02/2017;06:21:00;123;com vítima;134,89999389648438;BR-116/SP;Pista Norte;Capotamento;1;1;1;;;;1
22/02/2017;06:37:00;134;sem vítima;224,1999969482422;BR-116/RJ;Pista Norte;Tombamento;1;1;;;;;1
22/02/2017;07:16:00;173;sem vítima;226,8800048828125;BR-116/SP;Pista Norte;Capotamento;1;2;;;;;1
22/02/2017;11:23:00;412;com vítima;162;BR-116/SP;Pista Sul;Abalroamento Longitudinal;1;1;1;;;;1
22/02/2017;17:16:00;667;com vítima;269,75;BR-116/RJ;Pista Sul;Abalroamento Longitudinal;1;1;3;;;;1
22/02/2017;23:56:00;910;com vítima;278,29998779296875;BR-116/RJ;Pista Norte;Abalroamento Longitudinal;1;5;3;;;;1
23/02/2017;03:33:00;60;com vítima;167,10000610351562;BR-116/RJ;Pista Norte;Atropelamento de Pedestre Caminhando;1;1;;;1;;2
23/02/2017;10:11:00;391;com vítima;142,8000030517578;BR-116/SP;Pista Norte;Abalroamento Longitudinal;1;1;1;;;;1
23/02/2017;11:06:00;428;sem vítima;37,29999923706055;BR-116/SP;Pista Sul;Colisão Traseira;1;3;;;;;1
23/02/2017;18:14:00;766;com vítima;297,8900146484375;BR-116/RJ;Pista Sul;Queda de ribanceira;1;0;1;;;;1
23/02/2017;18:17:00;769;sem vítima;228,60000610351562;BR-116/SP;Pista Norte;Abalroamento Longitudinal;1;2;;;;;1
23/02/2017;22:24:00;952;sem vítima;4,099999904632568;BR-116/SP;Pista Norte;Atropelamento de Animal;2;2;;;;;1
24/02/2017;04:29:00;93;sem vítima;214,60000610351562;BR-116/RJ;Pista Norte;Atropelamento de Animal;1;1;;;;;1
24/02/2017;08:49:00;340;sem vítima;140,60000610351562;BR-116/SP;Pista Sul;Colisão Traseira;1;32;;;;;1
24/02/2017;12:47:00;550;sem vítima;253,89999389648438;BR-116/RJ;Pista Sul;Abalroamento Longitudinal;1;2;;;;;1
24/02/2017;15:05:00;672;sem vítima;328,29998779296875;BR-116/RJ;Pista Norte;Colisão Traseira;1;2;;;;;1
24/02/2017;16:00:00;729;sem vítima;237;BR-116/RJ;Pista Norte;Engavetamento;1;5;;;;;1
24/02/2017;17:04:00;785;com vítima;70,30000305175781;BR-116/SP;Pista Sul;Queda de ponte/viaduto;1;0;;1;1;;2
24/02/2017;17:16:00;798;sem vítima;207,8000030517578;BR-116/RJ;Pista Sul;Abalroamento Longitudinal;1;5;;;;;1
24/02/2017;17:35:00;818;sem vítima;197,10000610351562;BR-116/SP;Pista Norte;Colisão Traseira;2;2;;;;;1
24/02/2017;18:32:00;885;com vítima;293,3999938964844;BR-116/RJ;Pista Sul;Colisão Traseira;2;1;;1;;;2
24/02/2017;18:51:00;905;sem vítima;117,30000305175781;BR-116/SP;Pista Norte;Abalroamento Longitudinal;1;3;;;;;1
24/02/2017;21:17:00;1005;sem vítima;247,60000610351562;BR-116/RJ;Pista Sul;Outros;1;1;;;;;1
24/02/2017;22:25:00;1046;com vítima;177,3000030517578;BR-116/SP;Pista Sul;Colisão Traseira;1;2;1;;;;1
24/02/2017;23:41:00;1081;sem vítima;239,60000610351562;BR-116/RJ;Pista Norte;Choque em Barreira New Jersey;1;11;;;;;1
25/02/2017;08:35:00;278;sem vítima;142,60000610351562;BR-116/SP;Pista Norte;Colisão Traseira;1;2;;;;;1
25/02/2017;10:02:00;360;com vítima;148,10000610351562;BR-116/SP;Pista Norte;Engavetamento;1;4;1;;;;1
25/02/2017;12:18:00;444;sem vítima;23;BR-116/SP;Pista Sul;Abalroamento Longitudinal;1;2;;;;;1
25/02/2017;13:08:00;465;com vítima;212,39999389648438;BR-116/SP;Pista Sul;Colisão Traseira;1;2;1;;;;1
25/02/2017;15:44:00;567;sem vítima;167,5;BR-116/SP;Pista Norte;Colisão Traseira;1;3;;;;;1
25/02/2017;16:26:00;599;sem vítima;228,89999389648438;BR-116/SP;Pista Norte;Engavetamento;1;6;;;;;1
26/02/2017;14:53:00;415;sem vítima;104,91999816894531;BR-116/SP;Pista Sul;Abalroamento Longitudinal;1;34;;;;;1
27/02/2017;13:19:00;399;sem vítima;184,8000030517578;BR-116/RJ;Pista Norte;Colisão Traseira;1;2;;;;;1
27/02/2017;15:04:00;471;sem vítima;278,79998779296875;BR-116/RJ;Pista Sul;Choque em Barreira New Jersey;1;1;;;;;1