data;horario;n_da_ocorrencia;tipo_de_ocorrencia;km;trecho;sentido;tipo_de_acidente;caminhao;ilesos;levemente_feridos;moderadamente_feridos;gravemente_feridos;mortos;3
27/02/2017;15:28:00;485;sem vítima;146,6999969482422;BR-116/SP;Pista Sul;Abalroamento Longitudinal;1;2;;;;;1
27/02/2017;16:44:00;523;com vítima;109,4000015258789;BR-116/SP;Pista Sul;Engavetamento;1;5;;1;;;2
27/02/2017;17:10:00;536;sem vítima;220,3000030517578;BR-116/RJ;Pista Sul;Tombamento;1;1;;;;;1
27/02/2017;22:47:00;670;com vítima;278,04998779296875;BR-116/RJ;Pista Norte;Colisão Traseira;1;1;1;;;;1
28/02/2017;10:35:00;236;sem vítima;272,1000061035156;BR-116/RJ;Pista Sul;Engavetamento;1;3;;;;;1
28/02/2017;12:35:00;288;sem vítima;211,6999969482422;BR-116/SP;Pista Sul;Abalroamento Longitudinal;1;2;;;;;1
28/02/2017;23:19:00;645;sem vítima;299;BR-116/RJ;Pista Norte;Abalroamento Longitudinal;1;3;;;;;1
01/01/2017;04:28:00;67;sem vítima;208,89999389648438;BR-116/RJ;Pista Sul;Atropelamento de Animal;1;1;;;;;1
01/01/2017;17:52:00;510;sem vítima;205,6999969482422;BR-116/SP;Pista Sul;Colisão Traseira;1;4;;;;;1
01/01/2017;18:25:00;545;com vítima;57;BR-116/SP;Pista Norte;Tombamento;1;0;;1;;;2
02/01/2017;17:12:00;674;com vítima;195,99000549316406;BR-116/RJ;Pista Sul;Abalroamento Longitudinal;1;1;2;1;;;2
03/01/2017;01:29:00;24;sem vítima;26,899999618530273;BR-116/SP;Pista Norte;Choque em veículo parado na pista;1;2;;;;;1
03/01/2017;09:44:00;315;sem vítima;167,60000610351562;BR-116/SP;Pista Sul;Colisão Traseira;1;4;;;;;1
03/01/2017;11:56:00;424;sem vítima;101,4000015258789;BR-116/SP;Pista Sul;Colisão Traseira;1;3;;;;;1
03/01/2017;13:06:00;476;sem vítima;193;BR-116/RJ;Pista Sul;Engavetamento;1;4;;;;;1
03/01/2017;19:02:00;771;sem vítima;286;BR-116/RJ;Pista Norte;Abalroamento Longitudinal;1;6;;;;;1
03/01/2017;19:31:00;791;sem vítima;286,3999938964844;BR-116/RJ;Pista Norte;Choque em Defensa;1;3;;;;;1
03/01/2017;19:57:00;812;sem vítima;218,89999389648438;BR-116/RJ;Pista Norte;Abalroamento Longitudinal;1;5;;;;;1
03/01/2017;22:37:00;881;sem vítima;223,0500030517578;BR-116/SP;Pista Norte;Colisão Traseira;1;2;;;;;1
04/01/2017;14:43:00;532;sem vítima;130,8000030517578;BR-116/SP;Pista Sul;Engavetamento;2;8;;;;;1
04/01/2017;15:20:00;566;com vítima;205,85000610351562;BR-116/RJ;Pista Norte;Tombamento;1;0;1;;;;1
04/01/2017;17:42:00;676;sem vítima;281;BR-116/RJ;Pista Norte;Colisão Traseira;2;3;;;;;1
05/01/2017;04:14:00;75;com vítima;184,10000610351562;BR-116/RJ;Pista Norte;Colisão Traseira;1;1;1;;;;1
05/01/2017;07:30:00;168;com vítima;164,1999969482422;BR-116/RJ;Pista Norte;Colisão Traseira;1;3;1;;;;1
05/01/2017;12:51:00;461;sem vítima;183,75;BR-116/RJ;Pista Norte;Colisão Traseira;2;2;;;;;1
05/01/2017;12:58:00;467;sem vítima;168;BR-116/RJ;Pista Sul;Engavetamento;1;2;;;;;1
05/01/2017;14:20:00;526;sem vítima;231,3000030517578;BR-116/SP;Pista Norte;Engavetamento;1;5;;;;;1
05/01/2017;17:58:00;698;sem vítima;156,8000030517578;BR-116/SP;Pista Norte;Abalroamento Longitudinal;1;3;;;;;1
05/01/2017;19:05:00;756;sem vítima;224,1999969482422;BR-116/RJ;Pista Sul;Choque em objeto fixo;1;1;;;;;1
05/01/2017;21:13:00;823;sem vítima;109,8499984741211;BR-116/SP;Pista Norte;Colisão Traseira;1;2;;;;;1
05/01/2017;22:46:00;864;sem vítima;28,399999618530273;BR-116/SP;Pista Sul;Choque em objeto na pista;1;5;;;;;1
06/01/2017;10:04:00;356;sem vítima;176,8000030517578;BR-116/RJ;Pista Sul;Colisão Traseira;1;2;;;;;1
06/01/2017;15:32:00;576;sem vítima;223,64999389648438;BR-116/SP;Pista Sul;Colisão Traseira;1;4;;;;;1
06/01/2017;16:38:00;638;sem vítima;172;BR-116/SP;Pista Norte;Engavetamento;1;7;;;;;1
06/01/2017;17:19:00;672;sem vítima;297,6000061035156;BR-116/RJ;Pista Norte;Colisão Traseira;1;5;;;;;1
06/01/2017;17:54:00;700;sem vítima;213,3000030517578;BR-116/RJ;Pista Sul;Choque em objeto fixo;1;1;;;;;1
06/01/2017;19:04:00;758;sem vítima;165,6999969482422;BR-116/RJ;Pista Sul;Abalroamento Longitudinal;1;2;;;;;1
06/01/2017;23:25:00;906;sem vítima;102,5;BR-116/SP;Pista Norte;Tombamento;1;1;;;;;1
07/01/2017;10:16:00;305;com vítima;90,4000015258789;BR-116/SP;Pista Sul;Atropelamento de Pedestre Atravessando;1;1;;;1;;2
07/01/2017;17:30:00;592;sem vítima;279;BR-116/RJ;Pista Sul;Abalroamento Longitudinal;2;2;;;;;1
07/01/2017;23:55:00;747;com vítima;293,3500061035156;BR-116/RJ;Pista Norte;Queda de ribanceira;1;0;;1;;;2
08/01/2017;04:13:00;50;sem vítima;114,69999694824219;BR-116/SP;Pista Norte;Colisão Traseira;1;4;;;;;1
08/01/2017;10:29:00;230;sem vítima;318,8999938964844;BR-116/RJ;Pista Sul;Abalroamento Longitudinal;1;5;;;;;1
08/01/2017;20:26:00;647;sem vítima;33,400001525878906;BR-116/SP;Pista Norte;Choque em objeto fixo;1;1;;;;;1
09/01/2017;12:53:00;527;sem vítima;282;BR-116/RJ;Pista Norte;Choque em objeto na pista;1;5;;;;;1
09/01/2017;15:16:00;642;sem vítima;107,4000015258789;BR-116/SP;Pista Sul;Colisão Traseira;2;2;;;;;1
09/01/2017;16:29:00;708;com vítima;188,1999969482422;BR-116/RJ;Pista Sul;Abalroamento Longitudinal;1;2;;;1;;2
09/01/2017;20:41:00;880;sem vítima;206,39999389648438;BR-116/SP;Pista Sul;Choque em Defensa;1;1;;;;;1
10/01/2017;06:27:00;124;sem vítima;211;BR-116/SP;Pista Norte;Colisão Traseira;1;2;;;;;1
10/01/2017;14:28:00;543;com vítima;208,89999389648438;BR-116/SP;Pista Norte;Colisão Traseira;1;1;1;;;;1
10/01/2017;15:34:00;601;sem vítima;178;BR-116/RJ;Pista Sul;Colisão Traseira;1;2;;;;;1
10/01/2017;16:16:00;634;sem vítima;176,3000030517578;BR-116/RJ;Pista Sul;Engavetamento;1;8;;;;;1
10/01/2017;18:21:00;724;com vítima;218,75;BR-116/SP;Pista Sul;Engavetamento;1;7;;1;;;2
10/01/2017;21:45:00;884;sem vítima;225,89999389648438;BR-116/RJ;Pista Norte;Tombamento;1;1;;;;;1
10/01/2017;23:00:00;920;com vítima;200,6999969482422;BR-116/SP;Pista Norte;Atropelamento de Animal;1;1;;1;;;2
10/01/2017;23:27:00;924;sem vítima;193,5;BR-116/RJ;Pista Norte;Atropelamento de Animal;1;1;;;;;1
11/01/2017;05:46:00;73;sem vítima;222,5;BR-116/RJ;Pista Norte;Abalroamento Longitudinal;2;2;;;;;1
11/01/2017;07:35:00;140;sem vítima;221,6999969482422;BR-116/SP;Pista Sul;Engavetamento;1;3;;;;;1
11/01/2017;09:16:00;265;sem vítima;183;BR-116/RJ;Pista Sul;Colisão Traseira;1;2;;;;;1
11/01/2017;11:12:00;364;com vítima;204,5;BR-116/RJ;Pista Sul;Colisão Traseira;1;1;1;;;;1
11/01/2017;13:32:00;464;sem vítima;227,89999389648438;BR-116/SP;Pista Sul;Abalroamento Longitudinal;1;3;;;;;1
11/01/2017;15:05:00;526;sem vítima;169,8000030517578;BR-116/RJ;Pista Norte;Colisão Traseira;1;16;;;;;1
11/01/2017;19:27:00;733;sem vítima;130,35000610351562;BR-116/SP;Pista Norte;Choque em objeto fixo;1;1;;;;;1
12/01/2017;00:28:00;16;com vítima;175,89999389648438;BR-116/SP;Pista Norte;Choque em Barreira New Jersey;1;0;1;;;;1
12/01/2017;04:51:00;75;com vítima;20,299999237060547;BR-116/SP;Pista Norte;Tombamento;1;1;3;;;;1
12/01/2017;10:17:00;312;sem vítima;138;BR-116/SP;Pista Sul;Colisão Traseira;1;3;;;;;1
12/01/2017;12:52:00;431;sem vítima;1,899999976158142;BR-116/SP;Pista Sul;Queda de ribanceira;1;1;;;;;1
12/01/2017;14:33:00;497;sem vítima;226,14999389648438;BR-116/SP;Pista Norte;Abalroamento Longitudinal;1;6;;;;;1
12/01/2017;17:58:00;650;com vítima;102;BR-116/SP;Pista Norte;Choque em objeto fixo;1;1;1;;;;1
12/01/2017;21:28:00;786;sem vítima;204,5;BR-116/SP;Pista Norte;Colisão Traseira;1;2;;;;;1
13/01/2017;00:18:00;10;com vítima;110,4000015258789;BR-116/SP;Pista Norte;Queda de moto;1;1;2;;;;1
13/01/2017;02:24:00;45;sem vítima;261,70001220703125;BR-116/RJ;Pista Norte;Choque em Barreira New Jersey;1;1;;;;;1
13/01/2017;05:30:00;102;sem vítima;255,27999877929688;BR-116/RJ;Pista Norte;Choque em Barreira New Jersey;1;1;;;;;1
13/01/2017;09:32:00;334;sem vítima;224,8000030517578;BR-116/RJ;Pista Norte;Colisão Traseira;2;2;;;;;1
13/01/2017;12:33:00;477;sem vítima;231;BR-116/SP;Pista Sul;Abalroamento Longitudinal;1;3;;;;;1
13/01/2017;12:49:00;487;sem vítima;174,39999389648438;BR-116/RJ;Pista Sul;Colisão Traseira;1;2;;;;;1
13/01/2017;12:49:00;488;sem vítima;59,79999923706055;BR-116/SP;Pista Sul;Choque em Barreira New Jersey;1;2;;;;;1
13/01/2017;15:36:00;624;sem vítima;123,5999984741211;BR-116/SP;Pista Sul;Colisão Traseira;1;5;;;;;1
13/01/2017;16:56:00;684;com vítima;215,1999969482422;BR-116/SP;Pista Sul;Colisão Traseira;1;3;2;;;;1
13/01/2017;18:18:00;744;sem vítima;30,700000762939453;BR-116/SP;Pista Sul;Tombamento;1;1;;;;;1
13/01/2017;21:50:00;870;sem vítima;202,60000610351562;BR-116/RJ;Pista Sul;Colisão Traseira;1;2;;;;;1
13/01/2017;22:49:00;901;sem vítima;290,20001220703125;BR-116/RJ;Pista Norte;Colisão Traseira;1;2;;;;;1
13/01/2017;23:48:00;924;sem vítima;46,900001525878906;BR-116/SP;Pista Sul;Colisão Traseira;1;2;;;;;1
14/01/2017;00:04:00;4;sem vítima;22;BR-116/SP;Pista Norte;Choque em veículo parado na pista;2;2;;;;;1
14/01/2017;00:24:00;13;sem vítima;210,5;BR-116/SP;Pista Norte;Choque em objeto na pista;1;1;;;;;1
14/01/2017;01:33:00;31;sem vítima;65;BR-116/SP;Pista Sul;Abalroamento Longitudinal;2;2;;;;;1
14/01/2017;08:52:00;268;com vítima;224;BR-116/SP;Pista Sul;Colisão Traseira;1;3;2;;;;1
14/01/2017;12:47:00;432;sem vítima;168;BR-116/RJ;Pista Norte;Colisão Traseira;1;2;;;;;1
14/01/2017;14:44:00;532;sem vítima;169;BR-116/SP;Pista Sul;Colisão Traseira;1;3;;;;;1
14/01/2017;16:18:00;598;com vítima;232,89999389648438;BR-116/RJ;Pista Sul;Abalroamento Longitudinal;1;1;2;;;;1
15/01/2017;04:30:00;79;sem vítima;59,400001525878906;BR-116/SP;Pista Sul;Choque em objeto fixo;1;1;;;;;1
15/01/2017;07:51:00;186;sem vítima;38,29999923706055;BR-116/SP;Pista Sul;Abalroamento Longitudinal;2;3;;;;;1
15/01/2017;16:28:00;525;sem vítima;183,85000610351562;BR-116/RJ;Pista Sul;Colisão Traseira;1;2;;;;;1
16/01/2017;01:48:00;46;sem vítima;125;BR-116/SP;Pista Sul;Colisão Traseira;1;6;;;;;1
16/01/2017;02:06:00;50;sem vítima;203,85000610351562;BR-116/RJ;Pista Sul;Queda de ribanceira;1;3;;;;;1
16/01/2017;06:00:00;121;com vítima;291,79998779296875;BR-116/RJ;Pista Norte;Colisão Traseira;1;1;;1;;;2
16/01/2017;06:47:00;150;com vítima;188,1999969482422;BR-116/RJ;Pista Norte;Colisão Traseira;1;46;3;;;;1
16/01/2017;09:03:00;280;sem vítima;188,10000610351562;BR-116/RJ;Pista Sul;Abalroamento Longitudinal;1;2;;;;;1
16/01/2017;11:52:00;417;com vítima;199,8000030517578;BR-116/RJ;Pista Norte;Colisão Traseira;1;2;1;;;;1
16/01/2017;12:18:00;434;sem vítima;220,39999389648438;BR-116/RJ;Pista Norte;Tombamento;1;1;;;;;1
16/01/2017;15:28:00;561;sem vítima;218,8000030517578;BR-116/SP;Pista Sul;Abalroamento Longitudinal;1;3;;;;;1
16/01/2017;16:14:00;593;sem vítima;155,10000610351562;BR-116/SP;Pista Sul;Colisão Traseira;1;11;;;;;1
17/01/2017;01:02:00;20;sem vítima;309,3999938964844;BR-116/RJ;Pista Sul;Colisão Traseira;2;2;;;;;1
17/01/2017;06:27:00;112;com vítima;125,9000015258789;BR-116/SP;Pista Sul;Outros;1;1;1;;1;1;3
17/01/2017;08:42:00;254;sem vítima;254,10000610351562;BR-116/RJ;Pista Norte;Colisão Traseira;2;2;;;;;1
17/01/2017;10:57:00;342;com vítima;185,0500030517578;BR-116/RJ;Pista Sul;Tombamento;1;0;1;1;;;2
17/01/2017;15:53:00;490;com vítima;204,89999389648438;BR-116/SP;Pista Sul;Abalroamento Longitudinal;1;2;3;;;;1
17/01/2017;16:29:00;508;sem vítima;116;BR-116/SP;Pista Norte;Abalroamento Longitudinal;1;2;;;;;1
18/01/2017;03:48:00;63;sem vítima;143,5;BR-116/SP;Pista Norte;Engavetamento;2;6;;;;;1
18/01/2017;04:49:00;77;sem vítima;222,60000610351562;BR-116/RJ;Pista Norte;Choque em Barreira New Jersey;1;1;;;;;1
18/01/2017;05:10:00;80;sem vítima;264,3999938964844;BR-116/RJ;Pista Norte;Colisão Traseira;1;2;;;;;1
18/01/2017;06:54:00;132;sem vítima;139,6999969482422;BR-116/SP;Pista Norte;Colisão Traseira;1;2;;;;;1
18/01/2017;11:23:00;419;sem vítima;165,10000610351562;BR-116/SP;Pista Norte;Colisão Traseira;1;2;;;;;1
18/01/2017;14:19:00;550;sem vítima;224;BR-116/SP;Pista Norte;Choque em Defensa;1;1;;;;;1
18/01/2017;15:38:00;610;sem vítima;230,39999389648438;BR-116/SP;Pista Norte;Abalroamento Longitudinal;1;3;;;;;1
18/01/2017;23:21:00;879;com vítima;15,100000381469727;BR-116/SP;Pista Sul;Choque em objeto fixo;1;0;;1;;;2
19/01/2017;03:38:00;63;sem vítima;228,02000427246094;BR-116/SP;Pista Norte;Choque em Defensa;1;2;;;;;1
19/01/2017;04:06:00;69;sem vítima;126,5;BR-116/SP;Pista Norte;Atropelamento de Animal;1;2;;;;;1
19/01/2017;09:54:00;367;sem vítima;156;BR-116/SP;Pista Norte;Abalroamento Longitudinal;1;5;;;;;1
19/01/2017;12:53:00;515;sem vítima;21,600000381469727;BR-116/SP;Pista Norte;Colisão Traseira;2;2;;;;;1
19/01/2017;12:56:00;518;com vítima;180,8000030517578;BR-116/SP;Pista Sul;Colisão Traseira;1;14;;1;;;2
19/01/2017;16:59:00;696;sem vítima;274,6000061035156;BR-116/RJ;Pista Sul;Colisão Traseira;1;2;;;;;1
19/01/2017;19:05:00;778;sem vítima;34,5;BR-116/SP;Pista Sul;Abalroamento Longitudinal;2;4;;;;;1
20/01/2017;07:08:00;147;com vítima;304,6000061035156;BR-116/RJ;Pista Sul;Abalroamento Longitudinal;1;1;1;;;;1
20/01/2017;07:32:00;167;com vítima;220,3000030517578;BR-116/RJ;Pista Sul;Tombamento;1;0;3;;;;1
20/01/2017;14:30:00;487;sem vítima;172,6999969482422;BR-116/RJ;Pista Sul;Colisão Traseira;1;2;;;;;1
20/01/2017;15:26:00;534;com vítima;304;BR-116/RJ;Pista Norte;Abalroamento Longitudinal;1;1;;;;1;3
20/01/2017;17:31:00;598;sem vítima;278,70001220703125;BR-116/RJ;Pista Sul;Choque em Barreira New Jersey;1;1;;;;;1
20/01/2017;17:44:00;609;sem vítima;218,5;BR-116/SP;Pista Sul;Abalroamento Longitudinal;1;2;;;;;1
20/01/2017;18:06:00;620;sem vítima;278,3500061035156;BR-116/RJ;Pista Sul;Choque em Defensa;1;1;;;;;1
20/01/2017;18:27:00;632;sem vítima;275,20001220703125;BR-116/RJ;Pista Sul;Engavetamento;2;13;;;;;1
20/01/2017;18:32:00;637;sem vítima;155,39999389648438;BR-116/SP;Pista Norte;Outros;1;2;;;;;1
21/01/2017;04:05:00;58;sem vítima;51,20000076293945;BR-116/SP;Pista Norte;Colisão Traseira;1;23;;;;;1
21/01/2017;21:39:00;642;com vítima;98,80000305175781;BR-116/SP;Pista Sul;Engavetamento;1;4;1;;;;1
22/01/2017;08:12:00;160;sem vítima;253,60000610351562;BR-116/RJ;Pista Norte;Choque em Barreira New Jersey;1;2;;;;;1
22/01/2017;17:56:00;471;sem vítima;213,8000030517578;BR-116/SP;Pista Sul;Abalroamento Longitudinal;1;2;;;;;1
22/01/2017;21:24:00;602;sem vítima;177,3000030517578;BR-116/SP;Pista Norte;Outros;1;1;;;;;1
23/01/2017;06:34:00;131;sem vítima;102,5999984741211;BR-116/SP;Pista Norte;Choque em Barreira New Jersey;1;2;;;;;1
23/01/2017;07:03:00;163;sem vítima;225,5;BR-116/SP;Pista Sul;Abalroamento Longitudinal;1;2;;;;;1
23/01/2017;21:37:00;912;com vítima;226,5;BR-116/SP;Pista Norte;Colisão Traseira;1;2;1;;;;1
23/01/2017;22:36:00;936;sem vítima;178,60000610351562;BR-116/RJ;Pista Sul;Choque em veículo parado na pista;1;2;;;;;1
23/01/2017;22:53:00;942;sem vítima;166,17999267578125;BR-116/SP;Pista Sul;Choque em objeto na pista;2;6;;;;;1
24/01/2017;11:52:00;408;com vítima;318,8999938964844;BR-116/RJ;Pista Sul;Choque em objeto fixo;1;0;1;;;;1
24/01/2017;12:17:00;435;sem vítima;269;BR-116/RJ;Pista Sul;Colisão Traseira;2;3;;;;;1
24/01/2017;14:13:00;504;sem vítima;274,1000061035156;BR-116/RJ;Pista Sul;Abalroamento Longitudinal;1;2;;;;;1
24/01/2017;18:56:00;717;com vítima;191,8000030517578;BR-116/SP;Pista Norte;Choque em Barreira New Jersey;1;1;1;;;;1
25/01/2017;04:54:00;77;sem vítima;286,6000061035156;BR-116/RJ;Pista Norte;Colisão Traseira;2;3;;;;;1
25/01/2017;06:04:00;97;com vítima;264,1000061035156;BR-116/RJ;Pista Norte;Tombamento;1;0;;1;;;2
25/01/2017;06:36:00;117;sem vítima;31,899999618530273;BR-116/SP;Pista Sul;Queda de ribanceira;1;1;;;;;1
25/01/2017;12:45:00;433;com vítima;214,10000610351562;BR-116/RJ;Pista Norte;Tombamento;2;1;1;;;;1
25/01/2017;13:04:00;438;sem vítima;227,8000030517578;BR-116/RJ;Pista Norte;Choque em objeto fixo;1;1;;;;;1
25/01/2017;15:40:00;553;com vítima;123;BR-116/SP;Pista Sul;Colisão Traseira;1;1;1;;;;1
25/01/2017;16:19:00;578;sem vítima;165;BR-116/SP;Pista Norte;Colisão Traseira;2;2;;;;;1
25/01/2017;18:19:00;653;sem vítima;325,8999938964844;BR-116/RJ;Pista Sul;Choque em objeto na pista;1;1;;;;;1
26/01/2017;07:42:00;171;sem vítima;165;BR-116/SP;Pista Sul;Abalroamento Longitudinal;1;2;;;;;1
26/01/2017;10:43:00;354;sem vítima;227,39999389648438;BR-116/RJ;Pista Sul;Abalroamento Longitudinal;1;2;;;;;1
26/01/2017;15:29:00;530;com vítima;239,10000610351562;BR-116/RJ;Pista Norte;Engavetamento;2;45;;1;;;2
26/01/2017;15:51:00;546;sem vítima;281,3999938964844;BR-116/RJ;Pista Sul;Outros;1;1;;;;;1
26/01/2017;16:59:00;602;sem vítima;286;BR-116/RJ;Pista Sul;Outros;1;1;;;;;1
26/01/2017;18:05:00;655;sem vítima;0,5;BR-116/SP;Pista Sul;Abalroamento Longitudinal;1;3;;;;;1
26/01/2017;19:08:00;695;sem vítima;256,70001220703125;BR-116/RJ;Pista Sul;Abalroamento Longitudinal;2;4;;;;;1
26/01/2017;21:48:00;768;com vítima;298,20001220703125;BR-116/RJ;Pista Sul;Engavetamento;1;2;2;;;;1
26/01/2017;21:53:00;769;sem vítima;86,94999694824219;BR-116/SP;Pista Norte;Colisão Traseira;2;2;;;;;1
27/01/2017;09:02:00;304;sem vítima;66,69000244140625;BR-116/SP;Pista Sul;Choque em objeto fixo;1;1;;;;;1
27/01/2017;10:37:00;401;sem vítima;165,60000610351562;BR-116/RJ;Pista Sul;Colisão Traseira;1;2;;;;;1
27/01/2017;13:11:00;507;sem vítima;216,64999389648438;BR-116/SP;Pista Norte;Choque em Barreira New Jersey;1;1;;;;;1
27/01/2017;13:22:00;520;com vítima;170,60000610351562;BR-116/RJ;Pista Sul;Engavetamento;3;5;2;;1;1;3
27/01/2017;16:16:00;660;sem vítima;190,75;BR-116/SP;Pista Sul;Tombamento;1;2;;;;;1
27/01/2017;21:16:00;894;com vítima;328,20001220703125;BR-116/RJ;Pista Norte;Tombamento;1;0;1;1;;;2
27/01/2017;22:24:00;931;sem vítima;331;BR-116/RJ;Pista Sul;Colisão Traseira;2;2;;;;;1
28/01/2017;17:16:00;578;com vítima;100,19999694824219;BR-116/SP;Pista Norte;Choque em objeto na pista;1;2;;1;;;2
28/01/2017;17:45:00;594;sem vítima;318,8999938964844;BR-116/RJ;Pista Norte;Colisão Traseira;1;2;;;;;1
29/01/2017;05:21:00;85;com vítima;195;BR-116/RJ;Pista Sul;Colisão Traseira;1;1;2;;;;1
29/01/2017;13:07:00;364;sem vítima;22;BR-116/SP;Pista Sul;Choque em Defensa;1;21;;;;;1
30/01/2017;01:29:00;31;com vítima;50,29999923706055;BR-116/SP;Pista Norte;Atropelamento de Animal;2;2;1;;;;1
30/01/2017;03:22:00;67;sem vítima;210,60000610351562;BR-116/SP;Pista Sul;Colisão Traseira;1;2;;;;;1
30/01/2017;04:35:00;84;com vítima;332,1000061035156;BR-116/RJ;Pista Norte;Choque em objeto na pista;1;3;2;;;;1
30/01/2017;06:42:00;131;sem vítima;225,17999267578125;BR-116/RJ;Pista Norte;Choque em Barreira New Jersey;1;1;;;;;1
30/01/2017;11:08:00;356;com vítima;187,8000030517578;BR-116/SP;Pista Norte;Choque em objeto na pista;1;2;6;;;;1
30/01/2017;18:09:00;671;sem vítima;204,5;BR-116/SP;Pista Sul;Colisão Traseira;1;2;;;;;1
30/01/2017;18:39:00;692;sem vítima;225,60000610351562;BR-116/SP;Pista Norte;Colisão Traseira;1;3;;;;;1
30/01/2017;20:12:00;758;sem vítima;218,8000030517578;BR-116/SP;Pista Norte;Abalroamento Longitudinal;1;3;;;;;1
31/01/2017;09:25:00;318;sem vítima;235,89999389648438;BR-116/RJ;Pista Sul;Colisão Traseira;2;4;;;;;1
31/01/2017;11:36:00;443;sem vítima;183;BR-116/RJ;Pista Sul;Abalroamento Longitudinal;1;2;;;;;1
31/01/2017;14:27:00;577;sem vítima;220,1999969482422;BR-116/SP;Pista Norte;Colisão Traseira;2;2;;;;;1
31/01/2017;16:27:00;687;sem vítima;197,39999389648438;BR-116/SP;Pista Sul;Colisão Traseira;1;2;;;;;1
31/01/2017;18:06:00;766;sem vítima;163,89999389648438;BR-116/SP;Pista Norte;Colisão Traseira;1;2;;;;;1
01/03/2017;01:10:00;40;sem vítima;267,5;BR-116/RJ;Pista Norte;Atropelamento de animal;1;1;0;0;0;0;1
02/03/2017;02:27:00;52;sem vítima;275,3;BR-116/RJ;Pista Norte;Choque em objeto fixo;1;1;0;0;0;0;1
02/03/2017;08:35:00;256;com vítima;96;BR-116/SP;Pista Norte;Abalroamento longitudinal;1;1;0;1;0;0;2
02/03/2017;11:44:00;426;com vítima;167,8;BR-116/RJ;Pista Norte;Colisão traseira;1;1;0;0;1;0;2
02/03/2017;14:36:00;541;sem vítima;64,7;BR-116/SP;Pista Sul;Colisão traseira;1;6;0;0;0;0;1
02/03/2017;19:45:00;767;sem vítima;207,25;BR-116/RJ;Pista Sul;Choque em objeto fixo;2;2;0;0;0;0;1
03/03/2017;00:56:00;24;com vítima;319,9;BR-116/RJ;Pista Sul;Colisão traseira;2;0;2;0;0;0;1
03/03/2017;03:50:00;60;sem vítima;224,25;BR-116/RJ;Pista Norte;Choque Talude;1;1;0;0;0;0;1
03/03/2017;06:16:00;106;sem vítima;216;BR-116/RJ;Pista Norte;Colisão traseira;2;3;0;0;0;0;1
03/03/2017;06:34:00;116;sem vítima;168,3;BR-116/SP;Pista Norte;Abalroamento longitudinal;1;2;0;0;0;0;1
03/03/2017;07:12:00;145;sem vítima;118,7;BR-116/SP;Pista Norte;Colisão traseira;1;2;0;0;0;0;1
03/03/2017;16:22:00;522;sem vítima;129,1;BR-116/SP;Pista Sul;Abalroamento longitudinal;1;2;0;0;0;0;1
03/03/2017;17:04:00;550;sem vítima;146;BR-116/SP;Pista Sul;Colisão traseira;1;3;0;0;0;0;1
03/03/2017;17:20:00;566;com vítima;264,7;BR-116/RJ;Pista Norte;Tombamento;1;1;1;0;0;0;1
03/03/2017;18:31:00;625;com vítima;178,55;BR-116/RJ;Pista Norte;Abalroamento longitudinal;1;1;1;0;0;0;1
03/03/2017;19:56:00;670;com vítima;291,75;BR-116/RJ;Pista Sul;Choque em veículo parado na pista;1;0;2;2;0;0;2
14/03/2017;23:24:00;819;com vítima;177,1;BR-116/RJ;Pista Norte;Choque em barreira New Jersey;1;0;0;0;0;1;3
30/03/2017;13:36:00;534;sem vítima;204,5;BR-116/SP;Pista Sul;Colisão traseira;2;2;0;0;0;0;1
04/03/2017;16:37:00;535;sem vítima;218,5;BR-116/SP;Pista Norte;Colisão traseira;1;2;0;0;0;0;1
05/03/2017;10:46:00;266;com vítima;270;BR-116/RJ;Pista Sul;Colisão traseira;1;1;2;0;0;0;1
05/03/2017;16:00:00;452;sem vítima;32;BR-116/SP;Pista Norte;Engavetamento;2;3;0;0;0;0;1
05/03/2017;18:47:00;563;sem vítima;239,2;BR-116/RJ;Pista Norte;Colisão traseira;1;7;0;0;0;0;1
05/03/2017;21:30:00;655;com vítima;279,05;BR-116/RJ;Pista Norte;Choque em barreira New Jersey;1;2;1;0;0;0;1
06/03/2017;06:08:00;106;sem vítima;270,1;BR-116/RJ;Pista Sul;Colisão traseira;1;2;0;0;0;0;1
06/03/2017;10:50:00;386;com vítima;325,2;BR-116/RJ;Pista Norte;Colisão traseira;1;1;1;0;0;0;1
06/03/2017;13:41:00;492;sem vítima;182,3;BR-116/SP;Pista Norte;Colisão traseira;1;4;0;0;0;0;1