data;horario;n_da_ocorrencia;tipo_de_ocorrencia;km;trecho;sentido;tipo_de_acidente;caminhao;ilesos;levemente_feridos;moderadamente_feridos;gravemente_feridos;mortos;3
06/03/2017;14:55:00;549;sem vítima;201,2;BR-116/SP;Pista Norte;Choque em objeto fixo;1;1;0;0;0;0;1
06/03/2017;15:04:00;553;sem vítima;269,1;BR-116/RJ;Pista Norte;Tombamento;1;1;0;0;0;0;1
06/03/2017;16:06:00;600;sem vítima;222,4;BR-116/RJ;Pista Sul;Abalroamento longitudinal;2;2;0;0;0;0;1
06/03/2017;17:01:00;624;sem vítima;230,35;BR-116/RJ;Pista Sul;Tombamento;3;3;0;0;0;0;1
06/03/2017;20:02:00;721;sem vítima;177,8;BR-116/RJ;Pista Sul;Choque em objeto fixo;1;6;0;0;0;0;1
07/03/2017;11:56:00;412;sem vítima;100,5;BR-116/SP;Pista Sul;Queda de ribanceira;1;1;0;0;0;0;1
07/03/2017;13:27:00;468;com vítima;215,9;BR-116/SP;Pista Sul;Abalroamento longitudinal;1;4;1;0;0;0;1
07/03/2017;15:05:00;533;sem vítima;88,6;BR-116/SP;Pista Sul;Colisão traseira;2;2;0;0;0;0;1
07/03/2017;17:24:00;627;sem vítima;163,15;BR-116/RJ;Pista Sul;Engavetamento;1;6;0;0;0;0;1
07/03/2017;18:21:00;686;sem vítima;176,3;BR-116/RJ;Pista Sul;Abalroamento longitudinal;1;2;0;0;0;0;1
07/03/2017;18:58:00;719;com vítima;174,7;BR-116/RJ;Pista Sul;Abalroamento longitudinal;1;3;1;0;0;0;1
07/03/2017;19:00:00;720;sem vítima;171,7;BR-116/RJ;Pista Sul;Colisão traseira;1;2;0;0;0;0;1
07/03/2017;19:29:00;740;sem vítima;150,5;BR-116/SP;Pista Norte;Colisão traseira;1;2;0;0;0;0;1
07/03/2017;22:20:00;837;sem vítima;318,95;BR-116/RJ;Pista Norte;Colisão traseira;2;2;0;0;0;0;1
07/03/2017;22:42:00;847;sem vítima;137,8;BR-116/SP;Pista Sul;Abalroamento longitudinal;1;2;0;0;0;0;1
08/03/2017;01:40:00;40;sem vítima;29,3;BR-116/SP;Pista Sul;Colisão traseira;1;2;0;0;0;0;1
08/03/2017;01:55:00;47;sem vítima;142,7;BR-116/SP;Pista Norte;Tombamento;1;1;0;0;0;0;1
08/03/2017;03:49:00;66;sem vítima;254,8;BR-116/RJ;Pista Norte;Choque em barreira New Jersey;1;2;0;0;0;0;1
08/03/2017;04:56:00;75;com vítima;225,6;BR-116/SP;Pista Sul;Colisão traseira;1;3;0;1;0;0;2
08/03/2017;06:57:00;141;sem vítima;223,5;BR-116/RJ;Pista Sul;Abalroamento longitudinal;1;2;0;0;0;0;1
09/03/2017;01:15:00;32;sem vítima;318,9;BR-116/RJ;Pista Norte;Colisão traseira;2;2;0;0;0;0;1
09/03/2017;05:01:00;102;sem vítima;245,4;BR-116/RJ;Pista Norte;Abalroamento longitudinal;1;2;0;0;0;0;1
09/03/2017;07:56:00;219;sem vítima;140;BR-116/SP;Pista Sul;Engavetamento;1;3;0;0;0;0;1
09/03/2017;08:30:00;261;sem vítima;135,2;BR-116/SP;Pista Sul;Colisão traseira;2;3;0;0;0;0;1
09/03/2017;13:43:00;498;sem vítima;101;BR-116/SP;Pista Norte;Colisão traseira;1;2;0;0;0;0;1
10/03/2017;00:33:00;26;sem vítima;142,6;BR-116/SP;Pista Sul;Queda de ribanceira;1;1;0;0;0;0;1
10/03/2017;04:23:00;98;sem vítima;224;BR-116/RJ;Pista Norte;Choque em objeto fixo;1;1;0;0;0;0;1
10/03/2017;07:11:00;199;com vítima;213;BR-116/RJ;Pista Norte;Engavetamento;2;2;1;0;0;0;1
10/03/2017;07:31:00;226;com vítima;213,9;BR-116/RJ;Pista Norte;Colisão traseira;1;1;1;0;0;0;1
10/03/2017;12:34:00;472;sem vítima;165,2;BR-116/SP;Pista Norte;Colisão traseira;2;2;0;0;0;0;1
10/03/2017;13:53:00;535;sem vítima;168,9;BR-116/SP;Pista Norte;Colisão traseira;2;2;0;0;0;0;1
10/03/2017;14:55:00;574;com vítima;158,1;BR-116/SP;Pista Sul;Engavetamento;1;7;2;0;0;0;1
10/03/2017;15:12:00;587;com vítima;155;BR-116/SP;Pista Sul;Abalroamento longitudinal;1;1;1;0;0;0;1
10/03/2017;15:31:00;602;sem vítima;305,3;BR-116/RJ;Pista Sul;Abalroamento longitudinal;1;3;0;0;0;0;1
10/03/2017;17:52:00;698;sem vítima;293,7;BR-116/RJ;Pista Sul;Abalroamento longitudinal;1;2;0;0;0;0;1
10/03/2017;18:12:00;722;sem vítima;134,8;BR-116/SP;Pista Sul;Colisão traseira;1;2;0;0;0;0;1
10/03/2017;19:14:00;786;sem vítima;218,2;BR-116/SP;Pista Sul;Colisão traseira;1;2;0;0;0;0;1
10/03/2017;19:25:00;796;sem vítima;135,75;BR-116/SP;Pista Sul;Abalroamento longitudinal;1;6;0;0;0;0;1
11/03/2017;00:49:00;20;sem vítima;141;BR-116/SP;Pista Norte;Colisão traseira;1;2;0;0;0;0;1
11/03/2017;05:06:00;88;sem vítima;165,2;BR-116/SP;Pista Sul;Colisão traseira;1;26;0;0;0;0;1
11/03/2017;06:46:00;134;sem vítima;86,95;BR-116/SP;Pista Sul;Colisão traseira;1;2;0;0;0;0;1
11/03/2017;06:47:00;135;com vítima;172,9;BR-116/RJ;Pista Sul;Choque em barreira New Jersey;1;2;0;1;0;0;2
12/03/2017;10:07:00;284;sem vítima;227,6;BR-116/SP;Pista Norte;Colisão traseira;1;2;0;0;0;0;1
12/03/2017;17:06:00;533;com vítima;300;BR-116/RJ;Pista Sul;Colisão traseira;1;4;0;1;0;0;2
12/03/2017;17:11:00;536;sem vítima;318,9;BR-116/RJ;Pista Norte;Colisão traseira;1;2;0;0;0;0;1
13/03/2017;05:52:00;94;sem vítima;223,5;BR-116/RJ;Pista Norte;Choque em barreira New Jersey;1;1;0;0;0;0;1
13/03/2017;10:04:00;346;com vítima;213,8;BR-116/SP;Pista Sul;Abalroamento longitudinal;1;1;1;0;0;0;1
13/03/2017;11:38:00;406;com vítima;221,1;BR-116/SP;Pista Sul;Abalroamento longitudinal;1;1;1;0;0;0;1
13/03/2017;11:58:00;414;sem vítima;178,25;BR-116/RJ;Pista Norte;Choque em objeto na pista;1;5;0;0;0;0;1
13/03/2017;13:17:00;475;sem vítima;187,3;BR-116/SP;Pista Norte;Choque em barreira New Jersey;1;1;0;0;0;0;1
13/03/2017;13:49:00;503;sem vítima;187,34;BR-116/SP;Pista Norte;Tombamento;1;1;0;0;0;0;1
13/03/2017;15:23:00;563;com vítima;171,2;BR-116/RJ;Pista Sul;Colisão traseira;1;1;1;0;0;0;1
13/03/2017;17:05:00;631;com vítima;43;BR-116/SP;Pista Norte;Colisão traseira;1;1;1;0;0;0;1
14/03/2017;03:56:00;64;com vítima;27,2;BR-116/SP;Pista Norte;Colisão traseira;1;1;2;0;0;0;1
14/03/2017;11:31:00;392;sem vítima;155;BR-116/SP;Pista Sul;Engavetamento;2;4;0;0;0;0;1
14/03/2017;15:31:00;568;com vítima;263,6;BR-116/RJ;Pista Sul;Choque Talude;1;1;1;0;0;0;1
14/03/2017;19:15:00;719;sem vítima;165,5;BR-116/SP;Pista Sul;Abalroamento longitudinal;1;2;0;0;0;0;1
14/03/2017;19:18:00;726;sem vítima;198,2;BR-116/RJ;Pista Norte;Colisão traseira;1;4;0;0;0;0;1
14/03/2017;20:06:00;747;com vítima;315;BR-116/RJ;Pista Norte;Abalroamento longitudinal;1;1;1;0;0;0;1
14/03/2017;21:03:00;767;com vítima;266,15;BR-116/RJ;Pista Sul;Choque em barreira New Jersey;1;0;1;0;0;0;1
15/03/2017;14:33:00;559;sem vítima;173,2;BR-116/RJ;Pista Norte;Abalroamento longitudinal;1;2;0;0;0;0;1
15/03/2017;16:13:00;631;com vítima;210,1;BR-116/SP;Pista Sul;Colisão traseira;1;2;1;0;0;0;1
15/03/2017;18:50:00;747;com vítima;208,8;BR-116/RJ;Pista Norte;Colisão traseira;2;2;1;0;0;0;1
15/03/2017;19:41:00;767;com vítima;207,1;BR-116/RJ;Pista Sul;Colisão traseira;1;1;1;0;0;0;1
15/03/2017;20:11:00;778;sem vítima;190,6;BR-116/RJ;Pista Sul;Colisão traseira;1;2;0;0;0;0;1
15/03/2017;23:08:00;857;sem vítima;277;BR-116/RJ;Pista Sul;Abalroamento longitudinal;1;44;0;0;0;0;1
16/03/2017;04:05:00;79;com vítima;129,9;BR-116/SP;Pista Sul;Abalroamento longitudinal;1;2;1;0;0;0;1
16/03/2017;05:23:00;101;com vítima;225,7;BR-116/SP;Pista Sul;Colisão traseira;1;2;1;0;0;0;1
16/03/2017;06:29:00;140;com vítima;222,1;BR-116/RJ;Pista Norte;Tombamento;1;0;2;0;0;0;1
16/03/2017;07:19:00;189;sem vítima;225,9;BR-116/SP;Pista Sul;Colisão traseira;1;3;0;0;0;0;1
16/03/2017;11:51:00;436;sem vítima;197,7;BR-116/SP;Pista Norte;Choque em barreira New Jersey;1;1;0;0;0;0;1
16/03/2017;12:04:00;443;sem vítima;224,8;BR-116/RJ;Pista Sul;Colisão frontal;1;2;0;0;0;0;1
16/03/2017;16:35:00;626;com vítima;230,3;BR-116/SP;Pista Norte;Abalroamento longitudinal;1;1;1;0;0;0;1
16/03/2017;17:58:00;676;sem vítima;60;BR-116/SP;Pista Sul;Colisão traseira;1;2;0;0;0;0;1
16/03/2017;20:31:00;789;sem vítima;176;BR-116/RJ;Pista Sul;Abalroamento longitudinal;1;6;0;0;0;0;1
16/03/2017;21:02:00;809;com vítima;146,1;BR-116/SP;Pista Sul;Engavetamento;1;5;1;0;0;0;1
16/03/2017;21:50:00;832;sem vítima;227;BR-116/SP;Pista Norte;Abalroamento longitudinal;1;2;0;0;0;0;1
16/03/2017;22:04:00;845;sem vítima;174;BR-116/RJ;Pista Sul;Choque em barreira New Jersey;1;1;0;0;0;0;1
17/03/2017;03:43:00;65;com vítima;117,1;BR-116/SP;Pista Sul;Colisão traseira;1;1;1;1;0;0;2
17/03/2017;04:17:00;78;sem vítima;163,5;BR-116/SP;Pista Sul;Tombamento;1;1;0;0;0;0;1
17/03/2017;07:46:00;209;sem vítima;139,7;BR-116/SP;Pista Sul;Engavetamento;1;3;0;0;0;0;1
17/03/2017;14:28:00;509;sem vítima;241,4;BR-116/RJ;Pista Norte;Choque Talude;1;1;0;0;0;0;1
17/03/2017;20:54:00;773;sem vítima;221,7;BR-116/SP;Pista Norte;Choque em objeto na pista;1;3;0;0;0;0;1
18/03/2017;12:03:00;339;sem vítima;188,35;BR-116/SP;Pista Norte;Abalroamento longitudinal;1;2;0;0;0;0;1
18/03/2017;13:24:00;374;com vítima;112;BR-116/SP;Pista Sul;Queda de ribanceira;1;0;1;0;0;0;1
18/03/2017;19:59:00;560;sem vítima;79,9;BR-116/SP;Pista Norte;Abalroamento longitudinal;1;2;0;0;0;0;1
18/03/2017;21:29:00;589;sem vítima;220,3;BR-116/RJ;Pista Sul;Outros;1;1;0;0;0;0;1
19/03/2017;10:54:00;221;com vítima;110;BR-116/SP;Pista Norte;Queda de moto;1;2;1;0;0;0;1
19/03/2017;13:30:00;285;sem vítima;158,4;BR-116/SP;Pista Sul;Abalroamento longitudinal;1;4;0;0;0;0;1
21/03/2017;00:27:00;19;sem vítima;53,5;BR-116/SP;Pista Sul;Queda de ribanceira;1;1;0;0;0;0;1
21/03/2017;07:58:00;218;sem vítima;211;BR-116/SP;Pista Sul;Abalroamento longitudinal;1;2;0;0;0;0;1
22/03/2017;07:16:00;178;sem vítima;301,4;BR-116/RJ;Pista Sul;Abalroamento longitudinal;1;2;0;0;0;0;1
22/03/2017;11:38:00;412;sem vítima;86,95;BR-116/SP;Pista Sul;Engavetamento;1;5;0;0;0;0;1
22/03/2017;12:21:00;437;sem vítima;179,2;BR-116/RJ;Pista Sul;Abalroamento longitudinal;1;2;0;0;0;0;1
22/03/2017;15:18:00;552;sem vítima;223;BR-116/SP;Pista Sul;Engavetamento;1;4;0;0;0;0;1
22/03/2017;15:20:00;556;sem vítima;217;BR-116/SP;Pista Norte;Colisão traseira;1;2;0;0;0;0;1
22/03/2017;18:30:00;695;com vítima;255,73;BR-116/RJ;Pista Sul;Abalroamento longitudinal;1;1;1;0;0;0;1
22/03/2017;19:13:00;726;sem vítima;218,6;BR-116/SP;Pista Sul;Colisão traseira;1;6;0;0;0;0;1
23/03/2017;01:06:00;35;sem vítima;99,2;BR-116/SP;Pista Sul;Colisão traseira;2;2;0;0;0;0;1
23/03/2017;05:21:00;111;sem vítima;106,85;BR-116/SP;Pista Norte;Choque em objeto fixo;1;1;0;0;0;0;1
23/03/2017;08:29:00;286;com vítima;221,7;BR-116/SP;Pista Sul;Colisão traseira;1;1;1;0;0;0;1
23/03/2017;14:22:00;546;sem vítima;247;BR-116/RJ;Pista Norte;Abalroamento longitudinal;2;2;0;0;0;0;1
24/03/2017;04:10:00;96;sem vítima;278,1;BR-116/RJ;Pista Norte;Colisão traseira;2;2;0;0;0;0;1
24/03/2017;04:58:00;112;com vítima;302,28;BR-116/RJ;Pista Norte;Atropelamento de pedestre atravessando;1;1;0;1;0;0;2
24/03/2017;08:07:00;249;com vítima;220,3;BR-116/SP;Pista Sul;Abalroamento longitudinal;1;1;1;0;0;0;1
24/03/2017;08:23:00;260;sem vítima;274,4;BR-116/RJ;Pista Norte;Choque Talude;1;1;0;0;0;0;1
24/03/2017;09:34:00;334;com vítima;315,4;BR-116/RJ;Pista Norte;Colisão traseira;2;1;0;1;0;0;2
24/03/2017;11:25:00;419;sem vítima;213,1;BR-116/SP;Pista Sul;Choque em objeto fixo;1;1;0;0;0;0;1
24/03/2017;12:22:00;449;sem vítima;163,2;BR-116/RJ;Pista Sul;Abalroamento longitudinal;1;2;0;0;0;0;1
24/03/2017;14:10:00;530;sem vítima;222,4;BR-116/SP;Pista Norte;Choque em barreira New Jersey;1;1;0;0;0;0;1
24/03/2017;15:24:00;578;sem vítima;62,8;BR-116/SP;Pista Sul;Abalroamento longitudinal;1;4;0;0;0;0;1
24/03/2017;16:01:00;610;com vítima;237,5;BR-116/RJ;Pista Norte;Abalroamento longitudinal;1;1;1;0;0;0;1
24/03/2017;16:12:00;616;sem vítima;237,8;BR-116/RJ;Pista Norte;Abalroamento longitudinal;2;2;0;0;0;0;1
24/03/2017;20:44:00;817;sem vítima;165,2;BR-116/SP;Pista Norte;Colisão traseira;1;3;0;0;0;0;1
24/03/2017;21:07:00;840;sem vítima;171,8;BR-116/SP;Pista Sul;Colisão traseira;2;2;0;0;0;0;1
24/03/2017;23:52:00;937;sem vítima;181,2;BR-116/RJ;Pista Sul;Colisão traseira;1;2;0;0;0;0;1
25/03/2017;01:47:00;52;com vítima;153,4;BR-116/SP;Pista Sul;Colisão traseira;1;1;1;0;0;0;1
25/03/2017;01:49:00;53;sem vítima;204,6;BR-116/RJ;Pista Norte;Atropelamento de animal;1;1;0;0;0;0;1
25/03/2017;03:12:00;69;sem vítima;142,3;BR-116/SP;Pista Norte;Abalroamento longitudinal;1;5;0;0;0;0;1
25/03/2017;05:24:00;103;com vítima;272,2;BR-116/RJ;Pista Norte;Colisão traseira;1;18;4;1;0;0;2
25/03/2017;08:49:00;244;com vítima;223,1;BR-116/RJ;Pista Norte;Choque Talude;1;1;1;0;0;0;1
25/03/2017;10:12:00;310;sem vítima;301,4;BR-116/RJ;Pista Sul;Abalroamento longitudinal;2;2;0;0;0;0;1
25/03/2017;13:45:00;420;sem vítima;263,5;BR-116/RJ;Pista Sul;Choque em barreira New Jersey;1;1;0;0;0;0;1
25/03/2017;13:55:00;423;sem vítima;264,7;BR-116/RJ;Pista Sul;Choque em barreira New Jersey;1;1;0;0;0;0;1
25/03/2017;14:19:00;435;sem vítima;264,7;BR-116/RJ;Pista Sul;Abalroamento longitudinal;2;2;0;0;0;0;1
25/03/2017;15:31:00;469;sem vítima;298;BR-116/RJ;Pista Norte;Abalroamento longitudinal;1;3;0;0;0;0;1
25/03/2017;18:57:00;576;sem vítima;311,3;BR-116/RJ;Pista Sul;Colisão traseira;1;3;0;0;0;0;1
25/03/2017;19:33:00;593;sem vítima;218,5;BR-116/SP;Pista Sul;Engavetamento;1;4;0;0;0;0;1
26/03/2017;09:15:00;188;sem vítima;204,5;BR-116/SP;Pista Norte;Engavetamento;2;4;0;0;0;0;1
26/03/2017;10:20:00;231;sem vítima;220,3;BR-116/RJ;Pista Sul;Tombamento;1;1;0;0;0;0;1
26/03/2017;15:33:00;359;com vítima;5;BR-116/SP;Pista Sul;Abalroamento longitudinal;1;1;1;0;0;0;1
26/03/2017;18:03:00;470;com vítima;274,8;BR-116/RJ;Pista Sul;Engavetamento;1;1;1;0;0;0;1
26/03/2017;20:20:00;570;sem vítima;204,7;BR-116/SP;Pista Sul;Abalroamento longitudinal;1;3;0;0;0;0;1
27/03/2017;01:24:00;40;sem vítima;328,3;BR-116/RJ;Pista Norte;Choque em defensa;1;1;0;0;0;0;1
27/03/2017;07:04:00;175;sem vítima;168,7;BR-116/SP;Pista Sul;Colisão traseira;2;4;0;0;0;0;1
27/03/2017;07:25:00;191;com vítima;70,71;BR-116/SP;Pista Norte;Choque em objeto fixo;1;0;1;0;0;0;1
27/03/2017;07:34:00;199;sem vítima;221;BR-116/RJ;Pista Norte;Choque Talude;1;1;0;0;0;0;1
27/03/2017;16:05:00;583;com vítima;174,5;BR-116/RJ;Pista Sul;Colisão traseira;1;1;1;0;0;0;1
28/03/2017;01:29:00;40;com vítima;155,65;BR-116/SP;Pista Norte;Tombamento;1;0;0;1;0;0;2
28/03/2017;05:44:00;76;sem vítima;52,4;BR-116/SP;Pista Sul;Colisão traseira;1;2;0;0;0;0;1
28/03/2017;11:31:00;405;sem vítima;238,3;BR-116/RJ;Pista Norte;Choque em barreira New Jersey;1;3;0;0;0;0;1
28/03/2017;13:20:00;459;sem vítima;316,55;BR-116/RJ;Pista Norte;Tombamento;1;1;0;0;0;0;1
28/03/2017;14:37:00;498;sem vítima;53,1;BR-116/SP;Pista Sul;Colisão traseira;1;2;0;0;0;0;1
28/03/2017;15:37:00;539;sem vítima;267,5;BR-116/RJ;Pista Sul;Abalroamento longitudinal;1;2;0;0;0;0;1
28/03/2017;20:33:00;714;sem vítima;208,15;BR-116/RJ;Pista Norte;Abalroamento longitudinal;1;4;0;0;0;0;1
28/03/2017;20:50:00;725;sem vítima;223,2;BR-116/SP;Pista Norte;Colisão traseira;2;2;0;0;0;0;1
29/03/2017;03:21:00;68;com vítima;264,7;BR-116/RJ;Pista Norte;Colisão traseira;1;1;1;0;0;0;1
29/03/2017;16:44:00;600;sem vítima;293,2;BR-116/RJ;Pista Sul;Colisão traseira;2;2;0;0;0;0;1
29/03/2017;19:21:00;726;sem vítima;227;BR-116/SP;Pista Norte;Engavetamento;1;5;0;0;0;0;1
29/03/2017;19:22:00;729;sem vítima;272,8;BR-116/RJ;Pista Norte;Choque em objeto fixo;1;1;0;0;0;0;1
29/03/2017;20:20:00;764;sem vítima;213,6;BR-116/RJ;Pista Sul;Colisão traseira;2;2;0;0;0;0;1
29/03/2017;21:32:00;810;com vítima;180,25;BR-116/RJ;Pista Sul;Abalroamento longitudinal;1;1;1;0;0;0;1
29/03/2017;21:57:00;820;com vítima;270,2;BR-116/RJ;Pista Sul;Choque em barreira New Jersey;2;0;1;0;1;0;2
30/03/2017;07:33:00;214;sem vítima;109;BR-116/SP;Pista Sul;Engavetamento;1;5;0;0;0;0;1
30/03/2017;09:44:00;361;sem vítima;180,9;BR-116/SP;Pista Sul;Colisão traseira;1;4;0;0;0;0;1
30/03/2017;11:35:00;456;sem vítima;266,88;BR-116/RJ;Pista Norte;Choque em objeto fixo;1;1;0;0;0;0;1
30/03/2017;17:10:00;681;sem vítima;34,2;BR-116/SP;Pista Norte;Colisão traseira;1;2;0;0;0;0;1
30/03/2017;22:14:00;894;sem vítima;211,3;BR-116/SP;Pista Norte;Engavetamento;3;3;0;0;0;0;1
30/03/2017;23:03:00;913;com vítima;213;BR-116/RJ;Pista Sul;Queda de ribanceira;1;0;0;1;0;0;2
30/03/2017;23:25:00;920;com vítima;223,3;BR-116/SP;Pista Norte;Abalroamento longitudinal;1;3;1;0;0;0;1
31/03/2017;06:41:00;149;sem vítima;165,5;BR-116/SP;Pista Sul;Abalroamento longitudinal;1;2;0;0;0;0;1
31/03/2017;10:29:00;387;sem vítima;207,1;BR-116/RJ;Pista Sul;Colisão traseira;1;2;0;0;0;0;1
02/04/2017;12:39:00;308;sem vítima;264,7;BR-116/RJ;Pista Norte;Colisão traseira;1;2;0;0;0;0;1
02/04/2017;22:51:00;640;com vítima;90,45;BR-116/SP;Pista Norte;Choque em objeto fixo;1;0;0;1;0;0;2
03/04/2017;04:03:00;82;sem vítima;115,25;BR-116/SP;Pista Sul;Colisão traseira;2;2;0;0;0;0;1
03/04/2017;06:30:00;135;sem vítima;165,1;BR-116/RJ;Pista Norte;Abalroamento longitudinal;1;5;0;0;0;0;1
03/04/2017;06:51:00;147;sem vítima;230,45;BR-116/RJ;Pista Norte;Abalroamento longitudinal;1;5;0;0;0;0;1
03/04/2017;12:31:00;469;sem vítima;151,1;BR-116/SP;Pista Norte;Choque em objeto na pista;1;1;0;0;0;0;1
03/04/2017;14:28:00;549;sem vítima;177,2;BR-116/RJ;Pista Sul;Abalroamento longitudinal;1;3;0;0;0;0;1
03/04/2017;15:51:00;611;sem vítima;177;BR-116/RJ;Pista Sul;Abalroamento longitudinal;1;2;0;0;0;0;1
03/04/2017;17:02:00;659;sem vítima;268,9;BR-116/RJ;Pista Sul;Tombamento;1;1;0;0;0;0;1
03/04/2017;17:36:00;680;sem vítima;174,9;BR-116/RJ;Pista Sul;Engavetamento;1;6;0;0;0;0;1
03/04/2017;19:12:00;785;sem vítima;302,6;BR-116/RJ;Pista Norte;Colisão traseira;1;2;0;0;0;0;1
04/04/2017;07:58:00;227;sem vítima;318,9;BR-116/RJ;Pista Norte;Choque em objeto fixo;1;1;0;0;0;0;1
04/04/2017;12:45:00;475;sem vítima;229,6;BR-116/SP;Pista Sul;Colisão traseira;1;59;0;0;0;0;1
04/04/2017;16:04:00;628;sem vítima;177,5;BR-116/RJ;Pista Sul;Colisão traseira;1;2;0;0;0;0;1
04/04/2017;17:35:00;695;com vítima;75,6;BR-116/SP;Pista Sul;Choque em barreira New Jersey;1;1;2;0;0;0;1
04/04/2017;19:36:00;791;sem vítima;176,2;BR-116/RJ;Pista Sul;Abalroamento longitudinal;1;2;0;0;0;0;1
04/04/2017;22:34:00;872;sem vítima;247,8;BR-116/RJ;Pista Norte;Colisão traseira;1;2;0;0;0;0;1
05/04/2017;07:13:00;171;sem vítima;276,8;BR-116/RJ;Pista Sul;Colisão traseira;1;3;0;0;0;0;1
05/04/2017;08:21:00;252;sem vítima;140,3;BR-116/SP;Pista Sul;Engavetamento;3;6;0;0;0;0;1
05/04/2017;08:46:00;286;sem vítima;145;BR-116/SP;Pista Sul;Colisão traseira;1;2;0;0;0;0;1
05/04/2017;09:40:00;335;sem vítima;229;BR-116/SP;Pista Norte;Abalroamento longitudinal;1;2;0;0;0;0;1
05/04/2017;12:03:00;439;sem vítima;211,55;BR-116/SP;Pista Sul;Choque em barreira New Jersey;1;1;0;0;0;0;1
05/04/2017;17:26:00;637;com vítima;110,3;BR-116/SP;Pista Norte;Atropelamento de pedestre atravessando;1;1;0;1;0;0;2
06/04/2017;09:26:00;318;sem vítima;218,8;BR-116/SP;Pista Sul;Abalroamento longitudinal;1;3;0;0;0;0;1
06/04/2017;10:12:00;358;sem vítima;220,2;BR-116/RJ;Pista Sul;Tombamento;1;1;0;0;0;0;1
06/04/2017;00:37:00;30;sem vítima;86,95;BR-116/SP;Pista Sul;Colisão traseira;2;3;0;0;0;0;1
06/04/2017;03:31:00;67;com vítima;229,9;BR-116/SP;Pista Sul;Colisão traseira;1;1;0;0;0;1;3
06/04/2017;10:30:00;370;sem vítima;176,2;BR-116/SP;Pista Norte;Tombamento;1;2;0;0;0;0;1
06/04/2017;16:09:00;602;sem vítima;125,2;BR-116/SP;Pista Norte;Abalroamento longitudinal;1;2;0;0;0;0;1
06/04/2017;19:25:00;721;com vítima;221,8;BR-116/SP;Pista Sul;Abalroamento longitudinal;1;2;1;0;0;0;1
07/04/2017;05:10:00;108;sem vítima;169;BR-116/RJ;Pista Norte;Colisão traseira;1;5;0;0;0;0;1
07/04/2017;05:12:00;109;com vítima;223,5;BR-116/RJ;Pista Norte;Choque Talude;1;0;1;0;0;0;1
07/04/2017;06:58:00;158;sem vítima;283,88;BR-116/RJ;Pista Sul;Choque em barreira New Jersey;1;1;0;0;0;0;1
07/04/2017;07:20:00;184;sem vítima;269,4;BR-116/RJ;Pista Sul;Choque em objeto fixo;1;1;0;0;0;0;1
07/04/2017;09:44:00;316;com vítima;228,1;BR-116/RJ;Pista Sul;Choque em barreira New Jersey;1;2;4;0;0;0;1
07/04/2017;10:39:00;356;sem vítima;269;BR-116/RJ;Pista Norte;Abalroamento longitudinal;1;2;0;0;0;0;1
07/04/2017;10:46:00;362;sem vítima;220,4;BR-116/SP;Pista Norte;Engavetamento;1;4;0;0;0;0;1
07/04/2017;11:08:00;372;sem vítima;264,6;BR-116/RJ;Pista Sul;Abalroamento longitudinal;1;2;0;0;0;0;1
07/04/2017;18:15:00;676;sem vítima;205;BR-116/SP;Pista Norte;Abalroamento longitudinal;1;2;0;0;0;0;1
07/04/2017;18:21:00;680;sem vítima;222,9;BR-116/SP;Pista Norte;Colisão traseira;1;2;0;0;0;0;1
07/04/2017;18:29:00;686;sem vítima;110;BR-116/SP;Pista Norte;Colisão traseira;1;2;0;0;0;0;1
08/04/2017;11:28:00;317;sem vítima;270,9;BR-116/RJ;Pista Sul;Abalroamento longitudinal;1;2;0;0;0;0;1
08/04/2017;00:07:00;17;sem vítima;203,85;BR-116/RJ;Pista Sul;Queda de ribanceira;1;1;0;0;0;0;1
08/04/2017;04:54:00;76;com vítima;169,7;BR-116/RJ;Pista Norte;Choque em barreira New Jersey;2;4;1;0;0;0;1
08/04/2017;06:30:00;108;sem vítima;223,3;BR-116/RJ;Pista Norte;Choque em objeto fixo;1;1;0;0;0;0;1
09/04/2017;12:00:00;322;com vítima;73,58;BR-116/SP;Pista Sul;Abalroamento longitudinal;1;4;0;1;0;0;2
10/04/2017;05:19:00;93;com vítima;52,3;BR-116/SP;Pista Sul;Colisão traseira;1;3;1;0;0;0;1
10/04/2017;06:20:00;130;sem vítima;222;BR-116/RJ;Pista Sul;Choque em objeto fixo;1;1;0;0;0;0;1
10/04/2017;06:53:00;151;com vítima;175;BR-116/SP;Pista Sul;Choque em veículo parado na pista;1;1;2;0;0;0;1
10/04/2017;08:15:00;227;sem vítima;220,3;BR-116/SP;Pista Norte;Engavetamento;1;4;0;0;0;0;1
10/04/2017;09:33:00;307;sem vítima;193,4;BR-116/RJ;Pista Norte;Abalroamento longitudinal;1;3;0;0;0;0;1
10/04/2017;15:12:00;548;sem vítima;213,39;BR-116/SP;Pista Norte;Abalroamento longitudinal;2;2;0;0;0;0;1
10/04/2017;15:41:00;584;sem vítima;52,9;BR-116/SP;Pista Sul;Abalroamento longitudinal;1;3;0;0;0;0;1
11/04/2017;05:06:00;111;com vítima;203,7;BR-116/SP;Pista Sul;Colisão traseira;2;0;0;2;0;0;2
11/04/2017;07:50:00;224;sem vítima;175,5;BR-116/RJ;Pista Sul;Colisão traseira;1;2;0;0;0;0;1
11/04/2017;08:51:00;299;sem vítima;223,4;BR-116/SP;Pista Sul;Engavetamento;2;3;0;0;0;0;1
11/04/2017;13:13:00;510;sem vítima;159,9;BR-116/SP;Pista Sul;Colisão traseira;1;3;0;0;0;0;1
11/04/2017;14:37:00;572;sem vítima;168,2;BR-116/RJ;Pista Norte;Abalroamento longitudinal;1;2;0;0;0;0;1
11/04/2017;15:46:00;613;sem vítima;223,9;BR-116/SP;Pista Sul;Colisão traseira;1;3;0;0;0;0;1
12/04/2017;09:08:00;318;sem vítima;74,2;BR-116/SP;Pista Norte;Choque em barreira New Jersey;1;4;0;0;0;0;1