data;horario;n_da_ocorrencia;tipo_de_ocorrencia;km;trecho;sentido;tipo_de_acidente;caminhao;ilesos;levemente_feridos;moderadamente_feridos;gravemente_feridos;mortos;3
12/04/2017;09:19:00;332;sem vítima;182,7;BR-116/SP;Pista Norte;Colisão traseira;1;3;0;0;0;0;1
12/04/2017;13:30:00;507;sem vítima;121;BR-116/SP;Pista Sul;Abalroamento longitudinal;1;3;0;0;0;0;1
12/04/2017;14:27:00;531;sem vítima;275,3;BR-116/RJ;Pista Sul;Choque em objeto fixo;1;2;0;0;0;0;1
12/04/2017;14:33:00;536;com vítima;238,5;BR-116/RJ;Pista Sul;Outros;1;0;0;1;1;0;2
12/04/2017;14:50:00;548;com vítima;238,1;BR-116/RJ;Pista Norte;Atropelamento de pedestre atravessando;1;1;0;1;1;0;2
12/04/2017;14:56:00;550;com vítima;238,6;BR-116/RJ;Pista Norte;Abalroamento longitudinal;1;43;8;4;2;1;3
12/04/2017;17:55:00;637;sem vítima;238,85;BR-116/RJ;Pista Norte;Engavetamento;1;8;0;0;0;0;1
12/04/2017;22:38:00;800;sem vítima;227,6;BR-116/RJ;Pista Sul;Colisão traseira;1;2;0;0;0;0;1
13/04/2017;02:34:00;64;com vítima;124;BR-116/SP;Pista Norte;Colisão traseira;1;1;1;0;0;0;1
13/04/2017;06:22:00;139;com vítima;216,16;BR-116/SP;Pista Sul;Colisão traseira;1;3;1;0;0;0;1
13/04/2017;10:51:00;380;com vítima;228;BR-116/RJ;Pista Sul;Engavetamento;1;3;1;0;0;0;1
13/04/2017;11:41:00;412;com vítima;163,7;BR-116/RJ;Pista Norte;Engavetamento;1;2;1;0;0;0;1
13/04/2017;13:21:00;478;com vítima;169;BR-116/RJ;Pista Sul;Engavetamento;1;3;18;1;2;0;2
13/04/2017;14:41:00;549;sem vítima;209,6;BR-116/SP;Pista Sul;Colisão traseira;1;3;0;0;0;0;1
14/04/2017;01:52:00;56;sem vítima;221,5;BR-116/SP;Pista Norte;Abalroamento longitudinal;1;3;0;0;0;0;1
14/04/2017;12:30:00;431;sem vítima;311,2;BR-116/RJ;Pista Norte;Colisão traseira;1;2;0;0;0;0;1
15/04/2017;09:28:00;238;sem vítima;183;BR-116/RJ;Pista Norte;Abalroamento longitudinal;1;2;0;0;0;0;1
15/04/2017;11:21:00;296;com vítima;208,45;BR-116/SP;Pista Sul;Choque em barreira New Jersey;1;1;3;0;0;0;1
15/04/2017;19:02:00;550;sem vítima;177,2;BR-116/RJ;Pista Norte;Abalroamento longitudinal;1;7;0;0;0;0;1
16/04/2017;12:01:00;267;sem vítima;119,7;BR-116/SP;Pista Sul;Choque em objeto na pista;1;10;0;0;0;0;1
16/04/2017;16:27:00;441;sem vítima;238,9;BR-116/RJ;Pista Norte;Colisão traseira;1;2;0;0;0;0;1
17/04/2017;15:28:00;625;sem vítima;271,55;BR-116/RJ;Pista Sul;Choque em objeto fixo;1;1;0;0;0;0;1
17/04/2017;17:58:00;723;sem vítima;193,8;BR-116/RJ;Pista Sul;Abalroamento longitudinal;1;4;0;0;0;0;1
18/04/2017;01:10:00;27;com vítima;297,2;BR-116/RJ;Pista Norte;Colisão traseira;3;0;4;0;0;0;1
18/04/2017;05:27:00;82;com vítima;204,5;BR-116/SP;Pista Sul;Abalroamento longitudinal;1;2;4;0;0;0;1
18/04/2017;07:31:00;201;sem vítima;181;BR-116/RJ;Pista Norte;Engavetamento;1;4;0;0;0;0;1
18/04/2017;08:39:00;285;sem vítima;145,7;BR-116/SP;Pista Sul;Abalroamento longitudinal;1;2;0;0;0;0;1
18/04/2017;08:51:00;300;sem vítima;86,9;BR-116/SP;Pista Sul;Colisão traseira;2;2;0;0;0;0;1
18/04/2017;09:11:00;318;sem vítima;297,2;BR-116/RJ;Pista Norte;Colisão traseira;1;2;0;0;0;0;1
18/04/2017;14:21:00;561;com vítima;278,3;BR-116/RJ;Pista Sul;Outros;1;18;1;0;0;0;1
18/04/2017;18:32:00;762;sem vítima;86,8;BR-116/SP;Pista Sul;Abalroamento longitudinal;1;2;0;0;0;0;1
19/04/2017;02:56:00;61;sem vítima;172;BR-116/SP;Pista Norte;Abalroamento longitudinal;2;2;0;0;0;0;1
19/04/2017;07:28:00;180;sem vítima;222;BR-116/SP;Pista Norte;Abalroamento longitudinal;1;2;0;0;0;0;1
19/04/2017;09:38:00;303;sem vítima;220,7;BR-116/RJ;Pista Norte;Tombamento;1;1;0;0;0;0;1
19/04/2017;09:44:00;310;com vítima;258,4;BR-116/RJ;Pista Norte;Colisão traseira;1;1;1;0;0;0;1
19/04/2017;12:25:00;406;sem vítima;208,4;BR-116/SP;Pista Sul;Abalroamento longitudinal;1;3;0;0;0;0;1
19/04/2017;14:41:00;481;com vítima;316,7;BR-116/RJ;Pista Norte;Tombamento;1;1;1;0;1;0;2
19/04/2017;15:54:00;518;sem vítima;14,4;BR-116/SP;Pista Sul;Choque em objeto fixo;1;2;0;0;0;0;1
20/04/2017;07:51:00;225;sem vítima;1,5;BR-116/SP;Pista Sul;Abalroamento longitudinal;1;43;0;0;0;0;1
20/04/2017;11:28:00;428;sem vítima;165,6;BR-116/RJ;Pista Norte;Engavetamento;2;5;0;0;0;0;1
20/04/2017;15:31:00;605;sem vítima;179,2;BR-116/RJ;Pista Norte;Abalroamento longitudinal;1;2;0;0;0;0;1
20/04/2017;18:36:00;760;com vítima;220,3;BR-116/SP;Pista Norte;Colisão traseira;1;0;2;0;0;0;1
21/04/2017;01:10:00;34;com vítima;199,4;BR-116/SP;Pista Sul;Colisão traseira;1;2;0;0;1;0;2
21/04/2017;01:38:00;44;sem vítima;53,2;BR-116/SP;Pista Sul;Capotamento;1;4;0;0;0;0;1
21/04/2017;02:47:00;61;com vítima;184,6;BR-116/SP;Pista Norte;Engavetamento;1;8;0;0;1;0;2
21/04/2017;03:24:00;74;sem vítima;227,3;BR-116/SP;Pista Norte;Colisão traseira;1;4;0;0;0;0;1
21/04/2017;19:06:00;749;sem vítima;239,5;BR-116/RJ;Pista Norte;Choque em objeto fixo;2;3;0;0;0;0;1
22/04/2017;07:59:00;180;sem vítima;64;BR-116/SP;Pista Sul;Colisão traseira;1;2;0;0;0;0;1
23/04/2017;11:55:00;303;sem vítima;226,4;BR-116/RJ;Pista Sul;Abalroamento longitudinal;1;3;0;0;0;0;1
23/04/2017;13:08:00;337;com vítima;70,05;BR-116/SP;Pista Norte;Abalroamento longitudinal;1;2;0;1;0;1;3
24/04/2017;09:29:00;335;com vítima;129,7;BR-116/SP;Pista Sul;Engavetamento;1;2;3;0;0;0;1
24/04/2017;12:40:00;463;sem vítima;225;BR-116/RJ;Pista Norte;Colisão traseira;2;3;0;0;0;0;1
24/04/2017;15:33:00;600;com vítima;165,4;BR-116/SP;Pista Sul;Abalroamento longitudinal;1;5;1;0;0;0;1
24/04/2017;16:37:00;659;sem vítima;70,2;BR-116/SP;Pista Norte;Colisão traseira;3;3;0;0;0;0;1
25/04/2017;12:05:00;475;com vítima;267,6;BR-116/RJ;Pista Norte;Colisão traseira;1;1;3;2;0;0;2
25/04/2017;12:49:00;499;sem vítima;178,2;BR-116/SP;Pista Norte;Tombamento;1;1;0;0;0;0;1
25/04/2017;00:40:00;25;com vítima;113,9;BR-116/SP;Pista Sul;Colisão traseira;1;6;0;2;0;0;2
25/04/2017;02:38:00;58;sem vítima;52,8;BR-116/SP;Pista Sul;Choque em objeto fixo;1;1;0;0;0;0;1
25/04/2017;06:16:00;129;com vítima;201,3;BR-116/SP;Pista Norte;Colisão traseira;1;1;2;0;0;0;1
25/04/2017;07:41:00;216;sem vítima;208;BR-116/SP;Pista Sul;Abalroamento longitudinal;1;2;0;0;0;0;1
25/04/2017;14:03:00;536;com vítima;128,9;BR-116/SP;Pista Sul;Colisão traseira;1;1;1;0;0;0;1
25/04/2017;18:36:00;746;com vítima;207,2;BR-116/SP;Pista Sul;Tombamento;1;0;1;0;0;0;1
25/04/2017;23:01:00;877;com vítima;264,1;BR-116/RJ;Pista Norte;Colisão traseira;2;1;0;1;0;0;2
25/04/2017;23:14:00;880;com vítima;224,3;BR-116/SP;Pista Norte;Engavetamento;1;3;2;0;0;0;1
26/04/2017;00:25:00;23;com vítima;246;BR-116/RJ;Pista Norte;Colisão traseira;2;1;1;0;0;0;1
26/04/2017;00:38:00;31;sem vítima;102,4;BR-116/SP;Pista Norte;Abalroamento longitudinal;1;3;0;0;0;0;1
26/04/2017;03:06:00;64;sem vítima;282,79;BR-116/RJ;Pista Norte;Choque em objeto fixo;1;1;0;0;0;0;1
26/04/2017;04:44:00;92;com vítima;186,5;BR-116/SP;Pista Norte;Colisão traseira;2;1;0;0;1;0;2
26/04/2017;13:02:00;523;sem vítima;166,2;BR-116/RJ;Pista Sul;Abalroamento longitudinal;1;2;0;0;0;0;1
26/04/2017;14:38:00;577;com vítima;230,1;BR-116/SP;Pista Sul;Engavetamento;2;5;1;0;0;0;1
26/04/2017;17:27:00;680;sem vítima;304;BR-116/RJ;Pista Sul;Choque em objeto fixo;1;1;0;0;0;0;1
26/04/2017;17:36:00;685;sem vítima;305,2;BR-116/RJ;Pista Sul;Colisão traseira;2;2;0;0;0;0;1
26/04/2017;19:15:00;772;sem vítima;37,8;BR-116/SP;Pista Norte;Abalroamento longitudinal;1;2;0;0;0;0;1
26/04/2017;23:21:00;883;sem vítima;230;BR-116/SP;Pista Sul;Colisão traseira;1;3;0;0;0;0;1
27/04/2017;13:48:00;559;sem vítima;53,45;BR-116/SP;Pista Sul;Choque em objeto fixo;1;1;0;0;0;0;1
27/04/2017;16:42:00;686;sem vítima;108,4;BR-116/SP;Pista Sul;Colisão traseira;1;2;0;0;0;0;1
27/04/2017;19:20:00;812;sem vítima;220,45;BR-116/RJ;Pista Norte;Choque em defensa;1;1;0;0;0;0;1
28/04/2017;03:42:00;80;com vítima;12,55;BR-116/SP;Pista Norte;Choque Talude;1;0;1;0;0;0;1
28/04/2017;05:00:00;99;com vítima;211,9;BR-116/SP;Pista Sul;Colisão traseira;1;1;1;0;0;0;1
28/04/2017;05:04:00;100;sem vítima;212,5;BR-116/SP;Pista Norte;Colisão traseira;1;2;0;0;0;0;1
28/04/2017;11:45:00;404;sem vítima;94;BR-116/SP;Pista Sul;Outros;1;4;0;0;0;0;1
28/04/2017;12:33:00;436;sem vítima;304,35;BR-116/RJ;Pista Norte;Colisão traseira;1;2;0;0;0;0;1
28/04/2017;14:42:00;536;sem vítima;216,5;BR-116/SP;Pista Sul;Engavetamento;2;5;0;0;0;0;1
28/04/2017;19:52:00;749;sem vítima;71,05;BR-116/SP;Pista Sul;Outros;1;1;0;0;0;0;1
29/04/2017;09:10:00;261;sem vítima;142,5;BR-116/SP;Pista Norte;Abalroamento longitudinal;1;3;0;0;0;0;1
29/04/2017;10:14:00;311;sem vítima;163,2;BR-116/RJ;Pista Sul;Abalroamento longitudinal;1;2;0;0;0;0;1
29/04/2017;17:17:00;575;com vítima;198,7;BR-116/RJ;Pista Norte;Colisão traseira;1;1;4;0;0;0;1
29/04/2017;21:48:00;731;sem vítima;266,3;BR-116/RJ;Pista Norte;Abalroamento longitudinal;2;3;0;0;0;0;1
30/04/2017;08:45:00;193;com vítima;136,5;BR-116/SP;Pista Norte;Engavetamento;1;9;3;0;0;0;1
30/04/2017;06:24:00;105;sem vítima;56,6;BR-116/SP;Pista Norte;Colisão traseira;1;2;0;0;0;0;1
30/04/2017;13:18:00;328;sem vítima;167,2;BR-116/SP;Pista Norte;Abalroamento longitudinal;1;2;0;0;0;0;1
30/04/2017;20:24:00;558;sem vítima;180,8;BR-116/SP;Pista Sul;Colisão traseira;1;2;0;0;0;0;1
30/04/2017;22:36:00;607;com vítima;144,5;BR-116/SP;Pista Norte;Choque em veículo parado na pista;1;1;1;0;0;0;1
01/05/2017;09:04:00;215;sem vítima;165,2;BR-116/SP;Pista Sul;Colisão traseira;1;4;0;0;0;0;1
01/05/2017;11:40:00;316;sem vítima;148,8;BR-116/SP;Pista Sul;Choque em objeto fixo;1;1;0;0;0;0;1
02/05/2017;00:55:00;26;sem vítima;209,85;BR-116/RJ;Pista Norte;Colisão traseira;2;3;0;0;0;0;1
02/05/2017;07:09:00;183;sem vítima;240,1;BR-116/RJ;Pista Norte;Choque em barreira New Jersey;1;1;0;0;0;0;1
02/05/2017;13:24:00;525;sem vítima;148,8;BR-116/SP;Pista Sul;Choque em objeto fixo;1;1;0;0;0;0;1
02/05/2017;16:21:00;650;com vítima;226,6;BR-116/SP;Pista Norte;Abalroamento longitudinal;1;1;1;0;0;0;1
02/05/2017;19:14:00;794;sem vítima;210,8;BR-116/RJ;Pista Sul;Atropelamento de animal;1;1;0;0;0;0;1
03/05/2017;03:57:00;78;com vítima;286,7;BR-116/RJ;Pista Norte;Colisão traseira;2;1;1;2;0;0;2
03/05/2017;19:38:00;779;sem vítima;226;BR-116/SP;Pista Sul;Abalroamento longitudinal;1;2;0;0;0;0;1
03/05/2017;21:54:00;856;com vítima;168,1;BR-116/SP;Pista Norte;Colisão traseira;1;1;2;0;0;0;1
04/05/2017;03:52:00;109;sem vítima;215,2;BR-116/RJ;Pista Norte;Choque em objeto fixo;1;1;0;0;0;0;1
04/05/2017;08:23:00;282;sem vítima;225,1;BR-116/SP;Pista Sul;Abalroamento longitudinal;1;2;0;0;0;0;1
04/05/2017;20:55:00;839;sem vítima;170,3;BR-116/RJ;Pista Norte;Colisão traseira;1;2;0;0;0;0;1
05/05/2017;00:48:00;42;sem vítima;179,5;BR-116/SP;Pista Norte;Tombamento;1;2;0;0;0;0;1
05/05/2017;01:36:00;57;com vítima;265;BR-116/RJ;Pista Sul;Colisão traseira;1;1;1;0;0;0;1
05/05/2017;02:56:00;82;sem vítima;230,2;BR-116/SP;Pista Norte;Colisão traseira;1;2;0;0;0;0;1
05/05/2017;03:15:00;87;sem vítima;29,7;BR-116/SP;Pista Norte;Choque em barreira New Jersey;2;2;0;0;0;0;1
05/05/2017;09:14:00;297;sem vítima;206,6;BR-116/SP;Pista Sul;Colisão traseira;1;4;0;0;0;0;1
05/05/2017;11:51:00;404;sem vítima;153,9;BR-116/SP;Pista Sul;Abalroamento longitudinal;1;3;0;0;0;0;1
05/05/2017;14:26:00;500;com vítima;266,3;BR-116/RJ;Pista Sul;Choque Talude;2;1;1;0;1;0;2
05/05/2017;15:26:00;550;sem vítima;265,8;BR-116/RJ;Pista Norte;Engavetamento;1;3;0;0;0;0;1
05/05/2017;20:37:00;759;com vítima;236,2;BR-116/RJ;Pista Norte;Colisão traseira;1;1;1;1;0;0;2
06/05/2017;04:39:00;106;sem vítima;165,2;BR-116/SP;Pista Sul;Choque em objeto fixo;1;1;0;0;0;0;1
06/05/2017;05:16:00;115;com vítima;228,4;BR-116/SP;Pista Norte;Colisão traseira;3;4;1;1;0;0;2
06/05/2017;05:53:00;126;com vítima;48,6;BR-116/SP;Pista Norte;Atropelamento de pedestre caminhando;1;1;0;0;1;0;2
06/05/2017;05:55:00;128;sem vítima;311,7;BR-116/RJ;Pista Sul;Colisão traseira;1;2;0;0;0;0;1
06/05/2017;06:37:00;149;sem vítima;146;BR-116/SP;Pista Sul;Colisão traseira;1;3;0;0;0;0;1
06/05/2017;09:58:00;280;com vítima;147,8;BR-116/SP;Pista Sul;Choque em defensa;1;1;1;0;0;0;1
06/05/2017;14:30:00;454;sem vítima;123,1;BR-116/SP;Pista Norte;Abalroamento longitudinal;1;3;0;0;0;0;1
06/05/2017;19:39:00;635;sem vítima;299;BR-116/RJ;Pista Sul;Abalroamento longitudinal;1;3;0;0;0;0;1
07/05/2017;01:15:00;41;sem vítima;203,8;BR-116/RJ;Pista Sul;Tombamento;1;1;0;0;0;0;1
07/05/2017;02:15:00;60;sem vítima;145,7;BR-116/SP;Pista Sul;Choque em objeto na pista;1;16;0;0;0;0;1
07/05/2017;22:01:00;705;com vítima;274;BR-116/RJ;Pista Norte;Colisão traseira;1;1;1;0;0;0;1
08/05/2017;12:12:00;479;sem vítima;189,9;BR-116/RJ;Pista Sul;Colisão traseira;1;2;0;0;0;0;1
08/05/2017;12:56:00;501;sem vítima;219,8;BR-116/SP;Pista Norte;Engavetamento;1;4;0;0;0;0;1
08/05/2017;19:41:00;817;sem vítima;134,2;BR-116/SP;Pista Sul;Engavetamento;3;3;0;0;0;0;1
08/05/2017;20:03:00;833;sem vítima;72,7;BR-116/SP;Pista Norte;Abalroamento longitudinal;1;3;0;0;0;0;1
09/05/2017;17:57:00;683;sem vítima;165,3;BR-116/SP;Pista Norte;Abalroamento longitudinal;1;2;0;0;0;0;1
09/05/2017;06:15:00;132;com vítima;224,2;BR-116/RJ;Pista Norte;Tombamento;1;0;1;0;0;0;1
09/05/2017;07:41:00;221;sem vítima;228,7;BR-116/SP;Pista Sul;Colisão traseira;1;5;0;0;0;0;1
09/05/2017;08:45:00;284;sem vítima;235,3;BR-116/RJ;Pista Norte;Abalroamento longitudinal;2;3;0;0;0;0;1
09/05/2017;08:50:00;291;sem vítima;207,1;BR-116/RJ;Pista Sul;Colisão traseira;1;5;0;0;0;0;1
09/05/2017;09:46:00;341;sem vítima;220,7;BR-116/RJ;Pista Sul;Choque Talude;1;1;0;0;0;0;1
09/05/2017;09:56:00;352;com vítima;208,5;BR-116/RJ;Pista Norte;Colisão traseira;1;4;1;0;0;0;1
09/05/2017;12:18:00;444;com vítima;200,85;BR-116/SP;Pista Norte;Abalroamento longitudinal;1;2;1;1;0;0;2
09/05/2017;12:57:00;463;sem vítima;156,6;BR-116/SP;Pista Norte;Colisão frontal;1;2;0;0;0;0;1
09/05/2017;20:12:00;795;com vítima;300,8;BR-116/RJ;Pista Sul;Abalroamento longitudinal;1;3;1;0;0;0;1
09/05/2017;22:26:00;874;sem vítima;261,5;BR-116/RJ;Pista Sul;Colisão traseira;1;3;0;0;0;0;1
09/05/2017;22:38:00;879;sem vítima;157,55;BR-116/SP;Pista Sul;Choque em barreira New Jersey;1;2;0;0;0;0;1
10/05/2017;02:33:00;75;sem vítima;278,3;BR-116/RJ;Pista Norte;Colisão traseira;2;2;0;0;0;0;1
10/05/2017;06:53:00;175;sem vítima;65,6;BR-116/SP;Pista Sul;Abalroamento longitudinal;1;3;0;0;0;0;1
10/05/2017;10:14:00;419;com vítima;227,9;BR-116/RJ;Pista Norte;Engavetamento;2;5;2;0;0;0;1
10/05/2017;18:07:00;778;com vítima;117;BR-116/SP;Pista Sul;Choque em veículo parado na pista;1;1;1;0;0;0;1
10/05/2017;20:06:00;864;com vítima;254,55;BR-116/RJ;Pista Sul;Atropelamento de pedestre atravessando;1;1;0;0;0;1;3
11/05/2017;04:29:00;95;sem vítima;184,1;BR-116/SP;Pista Norte;Tombamento;1;1;0;0;0;0;1
11/05/2017;05:53:00;119;com vítima;198,85;BR-116/SP;Pista Sul;Colisão traseira;2;1;1;0;0;0;1
11/05/2017;06:34:00;153;sem vítima;235,9;BR-116/RJ;Pista Sul;Choque em barreira New Jersey;1;1;0;0;0;0;1
11/05/2017;06:50:00;173;sem vítima;235,6;BR-116/RJ;Pista Norte;Colisão traseira;2;2;0;0;0;0;1
11/05/2017;08:44:00;272;sem vítima;73,4;BR-116/SP;Pista Norte;Tombamento;1;1;0;0;0;0;1
11/05/2017;10:23:00;359;sem vítima;268,5;BR-116/RJ;Pista Sul;Tombamento;1;1;0;0;0;0;1
11/05/2017;14:31:00;507;sem vítima;178,5;BR-116/RJ;Pista Norte;Abalroamento longitudinal;1;2;0;0;0;0;1
11/05/2017;18:33:00;679;sem vítima;2;BR-116/SP;Pista Sul;Choque em defensa;2;2;0;0;0;0;1
11/05/2017;20:21:00;754;sem vítima;223;BR-116/SP;Pista Sul;Engavetamento;1;4;0;0;0;0;1
12/05/2017;01:47:00;49;com vítima;263,4;BR-116/RJ;Pista Sul;Tombamento;1;0;0;0;1;0;2
12/05/2017;07:23:00;211;com vítima;110;BR-116/SP;Pista Sul;Engavetamento;1;6;0;1;0;0;2
12/05/2017;13:29:00;518;sem vítima;280,4;BR-116/RJ;Pista Sul;Choque em defensa;1;1;0;0;0;0;1
12/05/2017;13:41:00;530;sem vítima;224,1;BR-116/SP;Pista Sul;Choque em barreira New Jersey;1;1;0;0;0;0;1
12/05/2017;14:12:00;550;com vítima;302,9;BR-116/RJ;Pista Sul;Engavetamento;1;7;1;1;0;0;2
12/05/2017;20:50:00;839;sem vítima;204,1;BR-116/RJ;Pista Norte;Colisão traseira;1;4;0;0;0;0;1
13/05/2017;01:51:00;45;com vítima;306,9;BR-116/RJ;Pista Norte;Colisão traseira;1;4;1;0;0;0;1
13/05/2017;03:11:00;71;sem vítima;326;BR-116/RJ;Pista Sul;Colisão traseira;1;3;0;0;0;0;1
13/05/2017;05:05:00;108;sem vítima;266,4;BR-116/RJ;Pista Norte;Abalroamento longitudinal;1;2;0;0;0;0;1
13/05/2017;05:37:00;119;sem vítima;131;BR-116/SP;Pista Norte;Colisão traseira;1;3;0;0;0;0;1
13/05/2017;06:53:00;174;sem vítima;183,2;BR-116/RJ;Pista Norte;Colisão traseira;1;4;0;0;0;0;1
13/05/2017;07:51:00;225;sem vítima;207,1;BR-116/RJ;Pista Sul;Abalroamento longitudinal;2;18;0;0;0;0;1
13/05/2017;19:15:00;717;sem vítima;156;BR-116/SP;Pista Sul;Abalroamento longitudinal;1;2;0;0;0;0;1
13/05/2017;20:39:00;777;sem vítima;180,1;BR-116/SP;Pista Sul;Colisão traseira;1;6;0;0;0;0;1
14/05/2017;07:43:00;182;sem vítima;318;BR-116/RJ;Pista Norte;Colisão traseira;1;3;0;0;0;0;1
15/05/2017;07:51:00;237;sem vítima;154,7;BR-116/SP;Pista Norte;Abalroamento longitudinal;1;2;0;0;0;0;1
16/05/2017;05:53:00;92;sem vítima;301,4;BR-116/RJ;Pista Norte;Outros;1;2;0;0;0;0;1
16/05/2017;07:29:00;176;com vítima;223,2;BR-116/RJ;Pista Norte;Choque em barreira New Jersey;1;0;1;0;0;0;1
16/05/2017;05:40:00;87;com vítima;197,2;BR-116/SP;Pista Sul;Engavetamento;3;1;3;0;0;0;1
16/05/2017;07:36:00;183;sem vítima;192,2;BR-116/RJ;Pista Sul;Abalroamento longitudinal;1;2;0;0;0;0;1
16/05/2017;11:49:00;401;com vítima;270,2;BR-116/RJ;Pista Norte;Colisão traseira;2;1;1;0;0;0;1
16/05/2017;14:57:00;527;sem vítima;179,4;BR-116/RJ;Pista Norte;Abalroamento longitudinal;1;2;0;0;0;0;1
16/05/2017;19:12:00;709;sem vítima;152,4;BR-116/SP;Pista Norte;Colisão traseira;2;5;0;0;0;0;1
16/05/2017;20:51:00;756;sem vítima;24,45;BR-116/SP;Pista Sul;Choque Talude;1;1;0;0;0;0;1
16/05/2017;21:07:00;767;sem vítima;215,1;BR-116/RJ;Pista Sul;Choque em defensa;1;1;0;0;0;0;1
17/05/2017;17:22:00;641;sem vítima;217,3;BR-116/SP;Pista Norte;Colisão traseira;1;2;0;0;0;0;1
17/05/2017;09:03:00;282;com vítima;167;BR-116/RJ;Pista Norte;Engavetamento;1;42;1;0;0;0;1
17/05/2017;09:37:00;325;com vítima;226,5;BR-116/RJ;Pista Norte;Choque em objeto fixo;1;0;1;0;0;0;1
17/05/2017;11:59:00;430;sem vítima;202,6;BR-116/RJ;Pista Norte;Colisão traseira;1;2;0;0;0;0;1
17/05/2017;12:57:00;463;com vítima;186;BR-116/SP;Pista Norte;Tombamento;1;2;1;0;0;0;1
17/05/2017;13:16:00;478;sem vítima;212,7;BR-116/SP;Pista Sul;Abalroamento longitudinal;1;3;0;0;0;0;1
17/05/2017;16:11:00;599;sem vítima;173,4;BR-116/SP;Pista Sul;Colisão traseira;2;2;0;0;0;0;1
17/05/2017;20:00:00;746;sem vítima;155,7;BR-116/SP;Pista Sul;Colisão traseira;2;2;0;0;0;0;1
17/05/2017;22:50:00;809;sem vítima;195,5;BR-116/SP;Pista Norte;Colisão traseira;1;2;0;0;0;0;1
18/05/2017;08:55:00;306;sem vítima;208,5;BR-116/RJ;Pista Sul;Choque em objeto fixo;1;2;0;0;0;0;1
18/05/2017;09:20:00;329;sem vítima;182,3;BR-116/SP;Pista Norte;Abalroamento longitudinal;1;2;0;0;0;0;1
18/05/2017;09:52:00;367;sem vítima;202,4;BR-116/SP;Pista Sul;Capotamento;1;2;0;0;0;0;1
18/05/2017;12:00:00;468;sem vítima;71;BR-116/SP;Pista Sul;Abalroamento longitudinal;1;2;0;0;0;0;1
18/05/2017;16:29:00;675;sem vítima;168;BR-116/SP;Pista Sul;Abalroamento longitudinal;2;2;0;0;0;0;1
18/05/2017;17:06:00;693;sem vítima;73;BR-116/SP;Pista Sul;Abalroamento longitudinal;1;2;0;0;0;0;1
18/05/2017;22:35:00;887;sem vítima;201;BR-116/SP;Pista Sul;Abalroamento longitudinal;1;6;0;0;0;0;1
19/05/2017;01:23:00;53;com vítima;184,6;BR-116/SP;Pista Sul;Tombamento;1;1;1;0;0;0;1
19/05/2017;05:41:00;130;sem vítima;22,3;BR-116/SP;Pista Norte;Tombamento;1;1;0;0;0;0;1
19/05/2017;06:16:00;150;com vítima;239,4;BR-116/RJ;Pista Norte;Engavetamento;5;7;2;0;0;0;1
19/05/2017;07:42:00;200;sem vítima;165,4;BR-116/SP;Pista Sul;Queda de Carga;2;3;0;0;0;0;1
19/05/2017;08:03:00;218;com vítima;218,8;BR-116/SP;Pista Sul;Queda de moto;1;2;0;1;0;0;2
19/05/2017;08:07:00;223;sem vítima;108;BR-116/SP;Pista Sul;Outros;1;1;0;0;0;0;1
19/05/2017;08:25:00;236;sem vítima;109;BR-116/SP;Pista Norte;Colisão traseira;2;2;0;0;0;0;1
19/05/2017;11:56:00;388;sem vítima;176,1;BR-116/RJ;Pista Sul;Colisão traseira;1;2;0;0;0;0;1
19/05/2017;14:00:00;466;sem vítima;56,6;BR-116/SP;Pista Norte;Abalroamento longitudinal;1;2;0;0;0;0;1
19/05/2017;14:03:00;469;sem vítima;48,5;BR-116/SP;Pista Sul;Abalroamento longitudinal;1;5;0;0;0;0;1
19/05/2017;16:07:00;558;sem vítima;314,3;BR-116/RJ;Pista Norte;Choque em barreira New Jersey;1;1;0;0;0;0;1
19/05/2017;16:49:00;577;sem vítima;266;BR-116/RJ;Pista Sul;Engavetamento;2;5;0;0;0;0;1
19/05/2017;18:24:00;647;com vítima;25;BR-116/SP;Pista Norte;Choque em objeto na pista;1;0;1;0;0;0;1
19/05/2017;18:55:00;668;sem vítima;221,2;BR-116/RJ;Pista Norte;Choque em barreira New Jersey;1;1;0;0;0;0;1
19/05/2017;19:11:00;684;sem vítima;174,6;BR-116/RJ;Pista Sul;Abalroamento longitudinal;1;5;0;0;0;0;1
19/05/2017;19:36:00;716;sem vítima;328;BR-116/RJ;Pista Sul;Colisão traseira;1;2;0;0;0;0;1
19/05/2017;23:37:00;851;sem vítima;125;BR-116/SP;Pista Sul;Choque em objeto fixo;1;1;0;0;0;0;1
20/05/2017;03:29:00;69;com vítima;181,1;BR-116/RJ;Pista Sul;Choque em barreira New Jersey;1;1;1;0;0;0;1
20/05/2017;05:40:00;107;sem vítima;221,9;BR-116/RJ;Pista Norte;Colisão traseira;1;3;0;0;0;0;1
20/05/2017;06:56:00;152;sem vítima;222,2;BR-116/RJ;Pista Sul;Colisão traseira;1;2;0;0;0;0;1
20/05/2017;10:34:00;321;sem vítima;215,7;BR-116/SP;Pista Sul;Abalroamento longitudinal;1;2;0;0;0;0;1
20/05/2017;14:19:00;454;sem vítima;230,7;BR-116/SP;Pista Norte;Abalroamento longitudinal;1;3;0;0;0;0;1
20/05/2017;18:49:00;621;sem vítima;165,7;BR-116/SP;Pista Sul;Abalroamento longitudinal;1;4;0;0;0;0;1
21/05/2017;08:05:00;181;sem vítima;272,95;BR-116/RJ;Pista Norte;Tombamento;1;1;0;0;0;0;1
21/05/2017;14:03:00;370;sem vítima;182,3;BR-116/SP;Pista Norte;Choque em objeto fixo;1;1;0;0;0;0;1
21/05/2017;16:46:00;469;sem vítima;273,9;BR-116/RJ;Pista Norte;Colisão traseira;1;4;0;0;0;0;1