data;horario;n_da_ocorrencia;tipo_de_ocorrencia;km;trecho;sentido;tipo_de_acidente;caminhao;ilesos;levemente_feridos;moderadamente_feridos;gravemente_feridos;mortos;3
21/05/2017;18:33:00;549;sem vítima;210;BR-116/SP;Pista Sul;Colisão traseira;1;5;0;0;0;0;1
21/05/2017;19:51:00;594;sem vítima;225,61;BR-116/SP;Pista Norte;Choque em defensa;1;2;0;0;0;0;1
22/05/2017;06:12:00;97;com vítima;112,68;BR-116/SP;Pista Norte;Colisão traseira;2;1;0;1;0;0;2
22/05/2017;08:05:00;182;sem vítima;268,5;BR-116/RJ;Pista Norte;Engavetamento;1;3;0;0;0;0;1
22/05/2017;08:26:00;210;sem vítima;229,8;BR-116/SP;Pista Norte;Colisão traseira;1;2;0;0;0;0;1
22/05/2017;14:38:00;500;sem vítima;231;BR-116/SP;Pista Sul;Engavetamento;1;4;0;0;0;0;1
22/05/2017;23:18:00;823;sem vítima;186,1;BR-116/SP;Pista Norte;Tombamento;1;1;0;0;0;0;1
23/05/2017;02:47:00;72;com vítima;62,3;BR-116/SP;Pista Norte;Colisão traseira;2;1;0;2;0;0;2
23/05/2017;05:14:00;111;sem vítima;223,4;BR-116/RJ;Pista Norte;Choque Talude;1;1;0;0;0;0;1
23/05/2017;06:32:00;144;sem vítima;192,4;BR-116/RJ;Pista Norte;Abalroamento longitudinal;1;2;0;0;0;0;1
23/05/2017;08:37:00;288;sem vítima;223,1;BR-116/RJ;Pista Norte;Choque em objeto fixo;1;1;0;0;0;0;1
23/05/2017;08:55:00;306;sem vítima;228,5;BR-116/SP;Pista Sul;Colisão traseira;1;3;0;0;0;0;1
23/05/2017;11:51:00;417;sem vítima;211;BR-116/SP;Pista Sul;Abalroamento longitudinal;1;2;0;0;0;0;1
23/05/2017;20:43:00;755;sem vítima;165,6;BR-116/SP;Pista Norte;Abalroamento longitudinal;1;5;0;0;0;0;1
23/05/2017;22:39:00;821;sem vítima;306,6;BR-116/RJ;Pista Sul;Abalroamento longitudinal;1;2;0;0;0;0;1
24/05/2017;02:18:00;70;sem vítima;132,5;BR-116/SP;Pista Norte;Colisão traseira;2;2;0;0;0;0;1
24/05/2017;03:31:00;91;sem vítima;109,45;BR-116/SP;Pista Sul;Colisão traseira;2;3;0;0;0;0;1
24/05/2017;05:34:00;110;sem vítima;221,1;BR-116/RJ;Pista Norte;Choque Talude;1;1;0;0;0;0;1
24/05/2017;07:29:00;208;sem vítima;118;BR-116/SP;Pista Sul;Colisão traseira;2;2;0;0;0;0;1
24/05/2017;12:37:00;478;sem vítima;229;BR-116/RJ;Pista Sul;Abalroamento longitudinal;2;2;0;0;0;0;1
24/05/2017;14:05:00;539;com vítima;83,5;BR-116/SP;Pista Norte;Capotamento;1;0;1;0;0;0;1
24/05/2017;16:25:00;630;sem vítima;158,9;BR-116/SP;Pista Sul;Colisão traseira;2;2;0;0;0;0;1
25/05/2017;05:12:00;76;com vítima;177,4;BR-116/SP;Pista Norte;Colisão traseira;2;3;1;0;0;0;1
25/05/2017;09:27:00;296;sem vítima;291,2;BR-116/RJ;Pista Sul;Abalroamento longitudinal;1;3;0;0;0;0;1
25/05/2017;10:01:00;326;sem vítima;135,1;BR-116/SP;Pista Norte;Colisão traseira;1;35;0;0;0;0;1
25/05/2017;11:54:00;403;com vítima;161,8;BR-116/SP;Pista Sul;Tombamento;1;0;1;0;0;0;1
25/05/2017;19:41:00;739;sem vítima;116;BR-116/SP;Pista Norte;Colisão traseira;1;4;0;0;0;0;1
26/05/2017;00:06:00;17;sem vítima;175,4;BR-116/SP;Pista Sul;Choque em objeto na pista;1;3;0;0;0;0;1
26/05/2017;11:58:00;467;sem vítima;170,6;BR-116/RJ;Pista Sul;Colisão traseira;1;2;0;0;0;0;1
26/05/2017;15:52:00;624;sem vítima;108,9;BR-116/SP;Pista Sul;Colisão traseira;1;7;0;0;0;0;1
26/05/2017;16:00:00;629;sem vítima;129,1;BR-116/SP;Pista Norte;Abalroamento longitudinal;1;2;0;0;0;0;1
26/05/2017;16:36:00;647;sem vítima;180,8;BR-116/RJ;Pista Norte;Engavetamento;1;4;0;0;0;0;1
26/05/2017;17:07:00;670;com vítima;263,65;BR-116/RJ;Pista Sul;Tombamento;1;0;1;0;2;0;2
26/05/2017;18:02:00;709;sem vítima;203,4;BR-116/RJ;Pista Sul;Choque em barreira New Jersey;1;1;0;0;0;0;1
26/05/2017;18:34:00;733;sem vítima;174,3;BR-116/SP;Pista Sul;Tombamento;1;2;0;0;0;0;1
26/05/2017;20:45:00;832;sem vítima;227;BR-116/SP;Pista Sul;Colisão traseira;1;2;0;0;0;0;1
28/05/2017;23:51:00;648;com vítima;246,9;BR-116/RJ;Pista Sul;Colisão traseira;1;1;3;2;0;0;2
28/05/2017;15:15:00;368;com vítima;47,3;BR-116/SP;Pista Sul;Colisão traseira;1;2;2;0;0;0;1
28/05/2017;17:00:00;442;sem vítima;204,5;BR-116/SP;Pista Norte;Colisão traseira;1;2;0;0;0;0;1
28/05/2017;23:50:00;647;sem vítima;290;BR-116/RJ;Pista Norte;Atropelamento de animal;1;1;0;0;0;0;1
29/05/2017;00:25:00;15;com vítima;29,1;BR-116/SP;Pista Sul;Outros;1;2;1;0;0;0;1
29/05/2017;00:41:00;17;sem vítima;221,3;BR-116/SP;Pista Norte;Choque em objeto na pista;1;6;0;0;0;0;1
29/05/2017;01:51:00;39;sem vítima;282,4;BR-116/RJ;Pista Sul;Choque em objeto na pista;1;3;0;0;0;0;1
29/05/2017;10:00:00;358;com vítima;229,4;BR-116/SP;Pista Sul;Abalroamento longitudinal;1;2;2;0;0;0;1
29/05/2017;11:10:00;394;sem vítima;163,8;BR-116/RJ;Pista Norte;Abalroamento longitudinal;1;32;0;0;0;0;1
29/05/2017;11:33:00;403;com vítima;207,6;BR-116/SP;Pista Sul;Engavetamento;3;2;0;1;0;0;2
29/05/2017;21:28:00;801;sem vítima;165,2;BR-116/SP;Pista Sul;Abalroamento longitudinal;2;3;0;0;0;0;1
30/05/2017;02:30:00;68;sem vítima;131,8;BR-116/SP;Pista Norte;Colisão traseira;1;3;0;0;0;0;1
30/05/2017;06:09:00;114;com vítima;68,9;BR-116/SP;Pista Sul;Choque em objeto na pista;1;42;1;0;0;0;1
30/05/2017;06:49:00;141;sem vítima;166;BR-116/RJ;Pista Norte;Abalroamento longitudinal;1;2;0;0;0;0;1
30/05/2017;07:41:00;192;sem vítima;209;BR-116/SP;Pista Sul;Abalroamento longitudinal;1;5;0;0;0;0;1
30/05/2017;08:33:00;254;sem vítima;218,4;BR-116/SP;Pista Sul;Abalroamento longitudinal;2;2;0;0;0;0;1
30/05/2017;11:20:00;424;com vítima;295,6;BR-116/RJ;Pista Sul;Colisão traseira;1;1;2;0;0;0;1
30/05/2017;18:21:00;708;sem vítima;166;BR-116/RJ;Pista Norte;Colisão traseira;1;2;0;0;0;0;1
30/05/2017;19:11:00;746;com vítima;33;BR-116/SP;Pista Sul;Abalroamento longitudinal;1;1;2;0;0;0;1
31/05/2017;04:44:00;93;sem vítima;188,7;BR-116/SP;Pista Sul;Colisão traseira;1;16;0;0;0;0;1
31/05/2017;07:23:00;174;sem vítima;208;BR-116/SP;Pista Norte;Abalroamento longitudinal;1;4;0;0;0;0;1
31/05/2017;08:54:00;274;sem vítima;228,3;BR-116/SP;Pista Sul;Abalroamento longitudinal;1;2;0;0;0;0;1
31/05/2017;11:58:00;419;sem vítima;179,8;BR-116/RJ;Pista Sul;Abalroamento longitudinal;1;4;0;0;0;0;1
01/06/2017;06:51:00;166;com vítima;89,6;BR-116/SP;Pista Norte;Colisão traseira;1;1;0;1;0;0;2
01/06/2017;12:25:00;444;sem vítima;215;BR-116/SP;Pista Norte;Colisão traseira;2;22;0;0;0;0;1
01/06/2017;16:47:00;641;sem vítima;168;BR-116/RJ;Pista Norte;Engavetamento;1;7;0;0;0;0;1
01/06/2017;22:22:00;835;com vítima;178,8;BR-116/RJ;Pista Norte;Atropelamento de pedestre caminhando;1;1;0;1;0;0;2
02/06/2017;05:38:00;133;sem vítima;316,7;BR-116/RJ;Pista Sul;Abalroamento longitudinal;1;2;0;0;0;0;1
02/06/2017;07:36:00;219;sem vítima;147;BR-116/SP;Pista Norte;Colisão traseira;1;2;0;0;0;0;1
02/06/2017;09:02:00;322;sem vítima;138,2;BR-116/SP;Pista Sul;Outros;2;3;0;0;0;0;1
02/06/2017;11:49:00;472;sem vítima;136,5;BR-116/SP;Pista Norte;Abalroamento longitudinal;1;2;0;0;0;0;1
02/06/2017;14:05:00;555;com vítima;142,3;BR-116/SP;Pista Norte;Engavetamento;2;3;2;0;0;0;1
02/06/2017;14:21:00;563;sem vítima;171;BR-116/RJ;Pista Sul;Choque em barreira New Jersey;1;2;0;0;0;0;1
02/06/2017;23:15:00;936;com vítima;274;BR-116/RJ;Pista Sul;Colisão traseira;1;1;1;0;0;0;1
03/06/2017;05:36:00;125;sem vítima;164,8;BR-116/SP;Pista Norte;Colisão traseira;1;5;0;0;0;0;1
03/06/2017;06:11:00;134;com vítima;174,1;BR-116/SP;Pista Norte;Queda de moto;1;1;0;1;0;0;2
03/06/2017;08:18:00;243;com vítima;174,5;BR-116/SP;Pista Norte;Choque em barreira New Jersey;1;5;1;0;0;0;1
03/06/2017;11:17:00;383;sem vítima;170,5;BR-116/RJ;Pista Sul;Colisão traseira;1;2;0;0;0;0;1
03/06/2017;12:15:00;423;com vítima;36,6;BR-116/SP;Pista Sul;Tombamento;1;0;0;0;0;1;3
04/06/2017;14:02:00;410;sem vítima;63,1;BR-116/SP;Pista Sul;Choque em barreira New Jersey;1;1;0;0;0;0;1
04/06/2017;15:14:00;450;sem vítima;63,3;BR-116/SP;Pista Sul;Colisão traseira;1;4;0;0;0;0;1
05/06/2017;00:03:00;15;com vítima;168,4;BR-116/RJ;Pista Norte;Colisão traseira;1;1;0;1;0;0;2
05/06/2017;07:14:00;231;sem vítima;168,7;BR-116/RJ;Pista Norte;Abalroamento longitudinal;2;2;0;0;0;0;1
05/06/2017;10:48:00;445;sem vítima;148,3;BR-116/SP;Pista Norte;Colisão traseira;1;2;0;0;0;0;1
05/06/2017;17:56:00;735;sem vítima;220,4;BR-116/SP;Pista Norte;Abalroamento longitudinal;1;3;0;0;0;0;1
05/06/2017;22:06:00;875;com vítima;88,69;BR-116/SP;Pista Norte;Engavetamento;3;2;0;1;0;0;2
05/06/2017;22:26:00;884;sem vítima;88,5;BR-116/SP;Pista Sul;Choque em objeto na pista;1;4;0;0;0;0;1
05/06/2017;23:03:00;902;sem vítima;91,5;BR-116/SP;Pista Norte;Abalroamento longitudinal;2;2;0;0;0;0;1
06/06/2017;06:02:00;109;sem vítima;138,3;BR-116/SP;Pista Sul;Colisão traseira;2;3;0;0;0;0;1
06/06/2017;08:20:00;245;sem vítima;133,1;BR-116/SP;Pista Sul;Colisão traseira;1;2;0;0;0;0;1
06/06/2017;14:51:00;537;sem vítima;156;BR-116/SP;Pista Norte;Colisão traseira;1;2;0;0;0;0;1
06/06/2017;20:38:00;768;sem vítima;224,5;BR-116/RJ;Pista Norte;Choque Talude;1;1;0;0;0;0;1
07/06/2017;01:13:00;40;sem vítima;139,6;BR-116/SP;Pista Sul;Atropelamento de animal;1;1;0;0;0;0;1
07/06/2017;06:09:00;134;com vítima;278,1;BR-116/RJ;Pista Norte;Colisão traseira;2;1;0;0;0;1;3
07/06/2017;07:32:00;210;sem vítima;165,2;BR-116/SP;Pista Norte;Colisão traseira;2;2;0;0;0;0;1
07/06/2017;09:19:00;332;com vítima;86,2;BR-116/SP;Pista Sul;Colisão traseira;1;1;0;1;0;0;2
07/06/2017;10:47:00;410;com vítima;168,5;BR-116/RJ;Pista Norte;Colisão traseira;1;1;1;0;0;0;1
07/06/2017;11:28:00;436;sem vítima;34,1;BR-116/SP;Pista Norte;Colisão traseira;1;2;0;0;0;0;1
07/06/2017;13:48:00;522;com vítima;159,6;BR-116/SP;Pista Sul;Colisão traseira;1;1;1;0;0;0;1
07/06/2017;16:46:00;655;com vítima;175,5;BR-116/RJ;Pista Norte;Engavetamento;2;3;0;0;0;1;3
07/06/2017;18:25:00;733;com vítima;218,75;BR-116/SP;Pista Norte;Colisão traseira;1;1;0;1;0;0;2
08/06/2017;11:47:00;480;sem vítima;199,9;BR-116/RJ;Pista Norte;Abalroamento longitudinal;1;5;0;0;0;0;1
08/06/2017;15:30:00;661;sem vítima;15,5;BR-116/SP;Pista Sul;Choque em defensa;1;1;0;0;0;0;1
08/06/2017;15:55:00;677;sem vítima;107,5;BR-116/SP;Pista Norte;Abalroamento longitudinal;1;2;0;0;0;0;1
08/06/2017;17:15:00;740;sem vítima;221,7;BR-116/SP;Pista Norte;Abalroamento longitudinal;1;2;0;0;0;0;1
08/06/2017;17:55:00;769;com vítima;298,8;BR-116/RJ;Pista Sul;Engavetamento;1;3;1;1;0;0;2
08/06/2017;18:22:00;795;sem vítima;227;BR-116/SP;Pista Norte;Colisão traseira;1;2;0;0;0;0;1
08/06/2017;18:36:00;808;sem vítima;298,8;BR-116/RJ;Pista Sul;Abalroamento longitudinal;1;2;0;0;0;0;1
09/06/2017;01:45:00;53;com vítima;272,15;BR-116/RJ;Pista Norte;Engavetamento;3;1;1;0;0;1;3
09/06/2017;04:25:00;107;sem vítima;143,1;BR-116/SP;Pista Norte;Abalroamento longitudinal;1;6;0;0;0;0;1
09/06/2017;06:18:00;140;sem vítima;214,5;BR-116/RJ;Pista Norte;Queda de ribanceira;1;1;0;0;0;0;1
09/06/2017;07:31:00;208;sem vítima;144,7;BR-116/SP;Pista Norte;Engavetamento;1;4;0;0;0;0;1
09/06/2017;11:59:00;466;sem vítima;219,8;BR-116/SP;Pista Norte;Colisão traseira;1;3;0;0;0;0;1
09/06/2017;16:42:00;652;sem vítima;108,2;BR-116/SP;Pista Sul;Colisão traseira;1;2;0;0;0;0;1
09/06/2017;17:07:00;676;sem vítima;111,8;BR-116/SP;Pista Sul;Abalroamento longitudinal;1;2;0;0;0;0;1
09/06/2017;17:09:00;678;com vítima;264,4;BR-116/RJ;Pista Norte;Choque em objeto fixo;1;2;1;0;0;0;1
09/06/2017;18:14:00;732;sem vítima;153,8;BR-116/SP;Pista Sul;Colisão traseira;1;2;0;0;0;0;1
09/06/2017;18:28:00;742;sem vítima;322,5;BR-116/RJ;Pista Sul;Colisão traseira;2;2;0;0;0;0;1
09/06/2017;19:06:00;781;sem vítima;152,3;BR-116/SP;Pista Norte;Abalroamento longitudinal;1;3;0;0;0;0;1
09/06/2017;19:33:00;796;com vítima;218,6;BR-116/SP;Pista Sul;Colisão traseira;1;1;1;0;0;0;1
09/06/2017;19:49:00;804;com vítima;269;BR-116/RJ;Pista Sul;Colisão traseira;1;1;2;0;0;0;1
10/06/2017;04:36:00;98;com vítima;235,8;BR-116/RJ;Pista Sul;Colisão frontal;1;1;0;0;1;0;2
10/06/2017;07:26:00;196;sem vítima;229,22;BR-116/SP;Pista Sul;Abalroamento longitudinal;1;2;0;0;0;0;1
10/06/2017;21:02:00;748;sem vítima;171;BR-116/RJ;Pista Sul;Colisão traseira;2;2;0;0;0;0;1
11/06/2017;04:46:00;88;com vítima;217,05;BR-116/SP;Pista Norte;Colisão traseira;1;1;0;1;0;0;2
11/06/2017;16:09:00;445;sem vítima;186;BR-116/SP;Pista Norte;Abalroamento longitudinal;1;7;0;0;0;0;1
11/06/2017;20:45:00;603;sem vítima;237,6;BR-116/RJ;Pista Norte;Tombamento;1;1;0;0;0;0;1
12/06/2017;03:30:00;74;com vítima;86,95;BR-116/SP;Pista Sul;Colisão traseira;1;3;1;0;0;0;1
12/06/2017;06:36:00;135;com vítima;168,2;BR-116/RJ;Pista Norte;Colisão traseira;1;2;1;0;0;0;1
12/06/2017;07:02:00;166;sem vítima;38,6;BR-116/SP;Pista Norte;Abalroamento longitudinal;1;2;0;0;0;0;1
12/06/2017;12:05:00;438;com vítima;220,8;BR-116/SP;Pista Sul;Abalroamento longitudinal;1;1;1;0;0;0;1
12/06/2017;13:38:00;492;sem vítima;328,5;BR-116/RJ;Pista Sul;Tombamento;1;1;0;0;0;0;1
12/06/2017;18:49:00;704;com vítima;260,9;BR-116/RJ;Pista Sul;Colisão traseira;1;1;1;0;0;0;1
12/06/2017;23:01:00;846;sem vítima;230,4;BR-116/SP;Pista Sul;Colisão traseira;1;4;0;0;0;0;1
12/06/2017;23:50:00;859;sem vítima;215,7;BR-116/SP;Pista Norte;Colisão traseira;1;2;0;0;0;0;1
13/06/2017;11:06:00;447;sem vítima;297,2;BR-116/RJ;Pista Sul;Abalroamento longitudinal;1;3;0;0;0;0;1
13/06/2017;11:58:00;482;com vítima;219,9;BR-116/SP;Pista Sul;Abalroamento longitudinal;1;2;0;1;0;0;2
13/06/2017;09:36:00;365;sem vítima;237,4;BR-116/RJ;Pista Sul;Abalroamento longitudinal;1;2;0;0;0;0;1
13/06/2017;18:10:00;723;sem vítima;223,36;BR-116/SP;Pista Norte;Colisão traseira;1;2;0;0;0;0;1
13/06/2017;18:13:00;729;sem vítima;138,9;BR-116/SP;Pista Norte;Abalroamento longitudinal;1;2;0;0;0;0;1
13/06/2017;19:54:00;787;sem vítima;219;BR-116/SP;Pista Norte;Abalroamento longitudinal;1;3;0;0;0;0;1
13/06/2017;20:24:00;810;com vítima;166,1;BR-116/RJ;Pista Sul;Colisão traseira;1;2;1;0;0;0;1
13/06/2017;21:29:00;833;sem vítima;221,5;BR-116/RJ;Pista Sul;Outros;1;1;0;0;0;0;1
14/06/2017;05:37:00;153;sem vítima;222,5;BR-116/RJ;Pista Sul;Choque em objeto fixo;1;1;0;0;0;0;1
14/06/2017;05:43:00;158;sem vítima;203,8;BR-116/RJ;Pista Sul;Queda de ribanceira;1;3;0;0;0;0;1
14/06/2017;07:39:00;268;sem vítima;143,2;BR-116/SP;Pista Norte;Colisão traseira;1;2;0;0;0;0;1
14/06/2017;07:52:00;282;sem vítima;240;BR-116/RJ;Pista Norte;Choque em objeto na pista;2;3;0;0;0;0;1
14/06/2017;10:11:00;429;sem vítima;170,6;BR-116/RJ;Pista Sul;Abalroamento longitudinal;1;3;0;0;0;0;1
14/06/2017;13:12:00;555;com vítima;228,5;BR-116/SP;Pista Norte;Colisão traseira;1;1;1;0;0;0;1
14/06/2017;16:10:00;682;com vítima;163,1;BR-116/RJ;Pista Norte;Abalroamento longitudinal;1;1;2;0;0;0;1
14/06/2017;16:23:00;694;sem vítima;191,9;BR-116/SP;Pista Norte;Choque em objeto fixo;1;1;0;0;0;0;1
14/06/2017;16:24:00;697;sem vítima;86,95;BR-116/SP;Pista Norte;Abalroamento longitudinal;1;3;0;0;0;0;1
14/06/2017;18:41:00;789;sem vítima;204,1;BR-116/SP;Pista Norte;Colisão traseira;1;2;0;0;0;0;1
14/06/2017;19:05:00;804;sem vítima;156,6;BR-116/SP;Pista Norte;Engavetamento;1;6;0;0;0;0;1
15/06/2017;06:13:00;134;sem vítima;133,95;BR-116/SP;Pista Sul;Colisão traseira;1;2;0;0;0;0;1
15/06/2017;07:08:00;172;sem vítima;226,85;BR-116/RJ;Pista Norte;Choque Talude;1;1;0;0;0;0;1
15/06/2017;07:55:00;196;sem vítima;157,3;BR-116/SP;Pista Norte;Abalroamento longitudinal;1;2;0;0;0;0;1
15/06/2017;10:14:00;296;sem vítima;212,5;BR-116/SP;Pista Norte;Colisão traseira;1;4;0;0;0;0;1
15/06/2017;10:15:00;298;com vítima;181,4;BR-116/SP;Pista Sul;Abalroamento longitudinal;1;4;3;0;0;0;1
15/06/2017;19:09:00;620;sem vítima;185,8;BR-116/SP;Pista Norte;Abalroamento longitudinal;1;5;0;0;0;0;1
16/06/2017;13:58:00;451;sem vítima;227,2;BR-116/RJ;Pista Norte;Choque em objeto fixo;1;1;0;0;0;0;1
16/06/2017;15:40:00;532;sem vítima;169,9;BR-116/RJ;Pista Sul;Colisão traseira;1;2;0;0;0;0;1
16/06/2017;16:27:00;581;sem vítima;174,55;BR-116/RJ;Pista Sul;Abalroamento longitudinal;1;2;0;0;0;0;1
16/06/2017;19:17:00;718;com vítima;152,75;BR-116/SP;Pista Norte;Capotamento;1;1;1;0;0;0;1
17/06/2017;09:39:00;288;sem vítima;165,2;BR-116/SP;Pista Sul;Outros;1;5;0;0;0;0;1
17/06/2017;17:36:00;600;sem vítima;316,5;BR-116/RJ;Pista Sul;Outros;1;1;0;0;0;0;1
17/06/2017;18:25:00;643;com vítima;65,2;BR-116/SP;Pista Sul;Engavetamento;1;8;1;0;0;0;1
18/06/2017;03:58:00;100;sem vítima;266;BR-116/RJ;Pista Norte;Abalroamento longitudinal;1;3;0;0;0;0;1
18/06/2017;13:27:00;419;com vítima;217;BR-116/RJ;Pista Norte;Colisão traseira;1;1;1;1;1;0;2
18/06/2017;19:25:00;703;com vítima;255,5;BR-116/RJ;Pista Sul;Colisão traseira;1;6;1;0;0;0;1
18/06/2017;20:00:00;728;sem vítima;21;BR-116/SP;Pista Norte;Colisão traseira;2;2;0;0;0;0;1
19/06/2017;00:53:00;40;sem vítima;239,8;BR-116/RJ;Pista Sul;Colisão traseira;2;2;0;0;0;0;1
19/06/2017;01:03:00;42;sem vítima;86,55;BR-116/SP;Pista Sul;Choque em defensa;1;1;0;0;0;0;1
19/06/2017;04:33:00;99;sem vítima;195,15;BR-116/SP;Pista Sul;Colisão traseira;1;2;0;0;0;0;1
19/06/2017;08:32:00;273;sem vítima;162,4;BR-116/SP;Pista Norte;Colisão traseira;1;3;0;0;0;0;1
19/06/2017;10:51:00;401;com vítima;102,5;BR-116/SP;Pista Norte;Engavetamento;1;9;1;0;0;0;1
19/06/2017;12:50:00;470;com vítima;84,7;BR-116/SP;Pista Norte;Atropelamento de pedestre atravessando;1;1;1;0;0;0;1
19/06/2017;15:02:00;551;sem vítima;217,4;BR-116/SP;Pista Norte;Colisão traseira;2;69;0;0;0;0;1
20/06/2017;06:05:00;134;sem vítima;204,5;BR-116/SP;Pista Norte;Choque em barreira New Jersey;1;1;0;0;0;0;1
20/06/2017;07:20:00;208;sem vítima;215,3;BR-116/SP;Pista Sul;Colisão traseira;1;2;0;0;0;0;1
20/06/2017;08:06:00;257;sem vítima;209,8;BR-116/SP;Pista Sul;Abalroamento longitudinal;1;3;0;0;0;0;1
21/06/2017;06:59:00;159;sem vítima;229,4;BR-116/RJ;Pista Norte;Abalroamento longitudinal;1;2;0;0;0;0;1
21/06/2017;08:01:00;207;sem vítima;227,9;BR-116/RJ;Pista Norte;Abalroamento longitudinal;1;2;0;0;0;0;1
21/06/2017;20:46:00;789;sem vítima;207,6;BR-116/RJ;Pista Sul;Engavetamento;1;4;0;0;0;0;1
21/06/2017;23:45:00;876;sem vítima;106,87;BR-116/SP;Pista Norte;Choque em objeto na pista;3;3;0;0;0;0;1
22/06/2017;10:47:00;436;sem vítima;165,2;BR-116/SP;Pista Sul;Colisão traseira;2;2;0;0;0;0;1
22/06/2017;11:39:00;471;com vítima;186,48;BR-116/SP;Pista Norte;Abalroamento longitudinal;1;1;1;0;0;0;1
22/06/2017;16:39:00;675;sem vítima;165,2;BR-116/SP;Pista Norte;Engavetamento;2;8;0;0;0;0;1
23/06/2017;08:21:00;284;sem vítima;0,2;BR-116/SP;Pista Sul;Choque em objeto fixo;1;2;0;0;0;0;1
23/06/2017;01:59:00;63;sem vítima;167,5;BR-116/SP;Pista Norte;Colisão traseira;1;2;0;0;0;0;1
23/06/2017;05:48:00;134;sem vítima;73;BR-116/SP;Pista Norte;Abalroamento longitudinal;1;2;0;0;0;0;1
23/06/2017;06:14:00;149;sem vítima;195,9;BR-116/SP;Pista Sul;Colisão traseira;1;2;0;0;0;0;1
23/06/2017;09:45:00;362;com vítima;139,2;BR-116/SP;Pista Sul;Colisão traseira;1;1;1;0;0;0;1
23/06/2017;10:47:00;405;com vítima;227,06;BR-116/SP;Pista Sul;Engavetamento;1;20;3;0;0;0;1
23/06/2017;10:55:00;411;sem vítima;41,1;BR-116/SP;Pista Sul;Tombamento;2;2;0;0;0;0;1
24/06/2017;03:57:00;89;com vítima;71,4;BR-116/SP;Pista Norte;Capotamento;1;0;0;0;0;1;3
24/06/2017;07:21:00;190;sem vítima;167,8;BR-116/SP;Pista Norte;Colisão traseira;1;2;0;0;0;0;1
24/06/2017;12:23:00;390;sem vítima;146,6;BR-116/SP;Pista Norte;Abalroamento longitudinal;1;2;0;0;0;0;1
25/06/2017;19:52:00;588;sem vítima;106,6;BR-116/SP;Pista Norte;Abalroamento longitudinal;1;2;0;0;0;0;1
25/06/2017;23:54:00;697;sem vítima;158,2;BR-116/SP;Pista Norte;Atropelamento de animal;1;1;0;0;0;0;1
26/06/2017;22:19:00;830;com vítima;25,1;BR-116/SP;Pista Sul;Colisão traseira;1;1;1;0;0;0;1
26/06/2017;01:46:00;42;com vítima;312,05;BR-116/RJ;Pista Norte;Tombamento;1;0;1;0;0;0;1
26/06/2017;03:17:00;62;com vítima;187,2;BR-116/SP;Pista Norte;Colisão traseira;1;1;1;0;0;0;1
26/06/2017;07:51:00;203;sem vítima;224,3;BR-116/RJ;Pista Norte;Choque Talude;1;1;0;0;0;0;1
26/06/2017;12:30:00;440;com vítima;222,9;BR-116/SP;Pista Norte;Tombamento;1;0;1;0;0;0;1
27/06/2017;05:48:00;121;sem vítima;178;BR-116/RJ;Pista Norte;Abalroamento longitudinal;1;2;0;0;0;0;1
27/06/2017;05:54:00;125;sem vítima;98,8;BR-116/SP;Pista Sul;Abalroamento longitudinal;1;5;0;0;0;0;1
27/06/2017;08:48:00;295;sem vítima;86,95;BR-116/SP;Pista Sul;Capotamento;2;2;0;0;0;0;1
27/06/2017;13:13:00;488;com vítima;186;BR-116/SP;Pista Norte;Abalroamento longitudinal;1;1;1;0;0;0;1
27/06/2017;16:21:00;605;com vítima;172;BR-116/RJ;Pista Sul;Colisão traseira;1;2;0;2;0;0;2
27/06/2017;17:23:00;643;sem vítima;171,1;BR-116/RJ;Pista Sul;Colisão traseira;1;4;0;0;0;0;1
28/06/2017;03:27:00;98;com vítima;187,4;BR-116/SP;Pista Norte;Tombamento;1;0;1;0;0;0;1
28/06/2017;04:42:00;108;sem vítima;231,4;BR-116/SP;Pista Norte;Colisão traseira;2;3;0;0;0;0;1
28/06/2017;06:25:00;149;com vítima;184,3;BR-116/SP;Pista Sul;Colisão traseira;1;3;1;0;0;0;1
28/06/2017;11:18:00;431;sem vítima;109,25;BR-116/SP;Pista Norte;Abalroamento longitudinal;2;3;0;0;0;0;1
28/06/2017;14:13:00;562;sem vítima;289,4;BR-116/RJ;Pista Sul;Colisão traseira;1;2;0;0;0;0;1
28/06/2017;14:39:00;588;sem vítima;119,8;BR-116/SP;Pista Norte;Abalroamento longitudinal;1;2;0;0;0;0;1
28/06/2017;14:50:00;595;com vítima;287,2;BR-116/RJ;Pista Sul;Atropelamento de pedestre atravessando;1;1;0;1;0;0;2
28/06/2017;16:07:00;647;sem vítima;302;BR-116/RJ;Pista Norte;Abalroamento longitudinal;1;3;0;0;0;0;1
28/06/2017;18:02:00;740;sem vítima;151,3;BR-116/SP;Pista Norte;Abalroamento longitudinal;2;2;0;0;0;0;1
28/06/2017;18:32:00;754;sem vítima;171,2;BR-116/RJ;Pista Sul;Colisão traseira;1;2;0;0;0;0;1
29/06/2017;02:25:00;71;com vítima;24,7;BR-116/SP;Pista Norte;Colisão traseira;2;1;0;1;0;0;2
29/06/2017;06:56:00;171;sem vítima;180,8;BR-116/SP;Pista Sul;Colisão traseira;1;2;0;0;0;0;1
29/06/2017;10:25:00;384;sem vítima;144;BR-116/SP;Pista Norte;Colisão traseira;1;2;0;0;0;0;1
29/06/2017;13:13:00;502;sem vítima;210;BR-116/SP;Pista Sul;Colisão traseira;1;2;0;0;0;0;1
29/06/2017;13:23:00;509;sem vítima;232,8;BR-116/RJ;Pista Sul;Abalroamento longitudinal;1;2;0;0;0;0;1
29/06/2017;14:10:00;538;sem vítima;230;BR-116/SP;Pista Norte;Abalroamento longitudinal;1;2;0;0;0;0;1
29/06/2017;16:11:00;641;sem vítima;124,9;BR-116/SP;Pista Sul;Colisão traseira;1;2;0;0;0;0;1