data;horario;n_da_ocorrencia;tipo_de_ocorrencia;km;trecho;sentido;tipo_de_acidente;caminhao;ilesos;levemente_feridos;moderadamente_feridos;gravemente_feridos;mortos;3
29/06/2017;18:07:00;720;sem vítima;202,85;BR-116/RJ;Pista Norte;Choque em defensa;1;1;0;0;0;0;1
29/06/2017;22:16:00;852;sem vítima;217,1;BR-116/SP;Pista Norte;Colisão traseira;1;2;0;0;0;0;1
29/06/2017;23:38:00;887;com vítima;229,9;BR-116/RJ;Pista Sul;Choque em objeto fixo;1;0;1;0;0;0;1
30/06/2017;05:59:00;126;sem vítima;205,55;BR-116/RJ;Pista Sul;Engavetamento;2;3;0;0;0;0;1
30/06/2017;06:24:00;145;sem vítima;163,8;BR-116/RJ;Pista Norte;Colisão traseira;1;6;0;0;0;0;1
30/06/2017;06:59:00;170;com vítima;97,3;BR-116/SP;Pista Norte;Engavetamento;5;4;3;1;1;0;2
30/06/2017;13:32:00;481;com vítima;167,2;BR-116/RJ;Pista Sul;Abalroamento longitudinal;1;3;1;0;0;0;1
30/06/2017;14:48:00;538;sem vítima;166,3;BR-116/RJ;Pista Sul;Colisão traseira;1;2;0;0;0;0;1
30/06/2017;18:31:00;704;com vítima;170;BR-116/RJ;Pista Sul;Abalroamento longitudinal;1;1;0;1;1;0;2
30/06/2017;19:10:00;732;com vítima;58,4;BR-116/SP;Pista Sul;Colisão traseira;1;3;1;0;0;0;1
30/06/2017;19:30:00;749;sem vítima;135,55;BR-116/SP;Pista Sul;Colisão traseira;1;2;0;0;0;0;1
30/06/2017;23:31:00;890;com vítima;223,55;BR-116/SP;Pista Norte;Abalroamento longitudinal;2;1;0;1;0;0;2
30/06/2017;23:39:00;895;sem vítima;165,2;BR-116/SP;Pista Norte;Abalroamento longitudinal;1;7;0;0;0;0;1
01/07/2017;12:44:00;437;sem vítima;176,1;BR-116/RJ;Pista Sul;Abalroamento longitudinal;1;2;0;0;0;0;1
01/07/2017;14:49:00;513;com vítima;109,2;BR-116/SP;Pista Norte;Colisão traseira;1;1;1;0;0;0;1
01/07/2017;17:00:00;608;sem vítima;108,7;BR-116/SP;Pista Sul;Queda de Carga;1;41;0;0;0;0;1
01/07/2017;18:34:00;674;com vítima;284,6;BR-116/RJ;Pista Sul;Queda de Carga;1;15;9;0;0;0;1
02/07/2017;03:59:00;91;com vítima;267,1;BR-116/RJ;Pista Norte;Choque em barreira New Jersey;1;1;4;0;0;0;1
03/07/2017;05:32:00;108;sem vítima;226,8;BR-116/RJ;Pista Sul;Choque Talude;1;1;0;0;0;0;1
13/07/2017;08:14:00;257;com vítima;120,9;BR-116/SP;Pista Sul;Engavetamento;1;3;0;1;0;0;2
14/07/2017;23:43:00;989;sem vítima;270,3;BR-116/RJ;Pista Sul;Abalroamento longitudinal;1;3;0;0;0;0;1
26/07/2017;07:31:00;187;com vítima;134,4;BR-116/SP;Pista Norte;Abalroamento longitudinal;1;3;0;1;0;0;2
26/07/2017;11:06:00;407;com vítima;229,6;BR-116/SP;Pista Sul;Colisão traseira;2;1;0;1;0;0;2
02/07/2017;15:04:00;416;com vítima;229,08;BR-116/RJ;Pista Norte;Colisão traseira;1;1;5;0;0;0;1
02/07/2017;20:53:00;637;sem vítima;167;BR-116/RJ;Pista Norte;Abalroamento longitudinal;1;2;0;0;0;0;1
03/07/2017;00:28:00;34;sem vítima;227,2;BR-116/RJ;Pista Norte;Choque em barreira New Jersey;1;1;0;0;0;0;1
03/07/2017;07:57:00;226;sem vítima;220,95;BR-116/SP;Pista Norte;Abalroamento longitudinal;1;3;0;0;0;0;1
03/07/2017;08:18:00;261;sem vítima;207,1;BR-116/RJ;Pista Sul;Choque em objeto na pista;1;2;0;0;0;0;1
03/07/2017;08:49:00;299;sem vítima;225;BR-116/SP;Pista Norte;Colisão traseira;1;2;0;0;0;0;1
03/07/2017;14:57:00;550;sem vítima;218,5;BR-116/SP;Pista Norte;Colisão traseira;2;2;0;0;0;0;1
03/07/2017;16:50:00;629;sem vítima;225;BR-116/SP;Pista Norte;Abalroamento longitudinal;1;2;0;0;0;0;1
04/07/2017;07:54:00;234;sem vítima;155;BR-116/SP;Pista Sul;Abalroamento longitudinal;1;2;0;0;0;0;1
04/07/2017;14:49:00;524;sem vítima;134,4;BR-116/SP;Pista Sul;Colisão traseira;2;3;0;0;0;0;1
04/07/2017;23:50:00;803;com vítima;178,2;BR-116/RJ;Pista Sul;Colisão traseira;1;1;0;0;0;1;3
05/07/2017;00:18:00;22;sem vítima;65,45;BR-116/SP;Pista Norte;Choque em defensa;1;1;0;0;0;0;1
05/07/2017;02:06:00;58;com vítima;169,5;BR-116/RJ;Pista Norte;Colisão traseira;2;2;1;0;0;0;1
05/07/2017;05:07:00;102;sem vítima;104,8;BR-116/SP;Pista Sul;Abalroamento longitudinal;1;2;0;0;0;0;1
05/07/2017;06:11:00;127;sem vítima;288;BR-116/RJ;Pista Sul;Choque em objeto na pista;1;8;0;0;0;0;1
05/07/2017;07:15:00;194;sem vítima;45,1;BR-116/SP;Pista Norte;Choque em barreira New Jersey;1;3;0;0;0;0;1
05/07/2017;07:37:00;219;sem vítima;198,9;BR-116/SP;Pista Norte;Choque em objeto na pista;1;6;0;0;0;0;1
05/07/2017;12:41:00;488;sem vítima;230,8;BR-116/SP;Pista Norte;Abalroamento longitudinal;1;2;0;0;0;0;1
05/07/2017;13:13:00;510;sem vítima;172,2;BR-116/RJ;Pista Sul;Colisão traseira;1;2;0;0;0;0;1
05/07/2017;16:03:00;631;sem vítima;106;BR-116/SP;Pista Sul;Colisão traseira;2;2;0;0;0;0;1
06/07/2017;02:00:00;68;sem vítima;81,85;BR-116/SP;Pista Norte;Choque em objeto na pista;1;1;0;0;0;0;1
06/07/2017;02:52:00;93;sem vítima;0;BR-116/SP;Pista Norte;Choque em objeto na pista;1;5;0;0;0;0;1
06/07/2017;03:29:00;107;sem vítima;264,5;BR-116/RJ;Pista Norte;Colisão traseira;1;2;0;0;0;0;1
06/07/2017;05:46:00;146;com vítima;231,2;BR-116/SP;Pista Norte;Colisão traseira;1;1;1;0;0;0;1
06/07/2017;09:52:00;382;sem vítima;210,8;BR-116/SP;Pista Sul;Engavetamento;2;3;0;0;0;0;1
06/07/2017;10:56:00;440;sem vítima;221,6;BR-116/RJ;Pista Sul;Tombamento;1;1;0;0;0;0;1
06/07/2017;10:59:00;442;sem vítima;207,1;BR-116/RJ;Pista Norte;Choque em objeto fixo;1;1;0;0;0;0;1
06/07/2017;11:48:00;476;com vítima;219,3;BR-116/SP;Pista Norte;Abalroamento longitudinal;1;1;0;1;0;0;2
06/07/2017;22:56:00;914;com vítima;308,4;BR-116/RJ;Pista Sul;Colisão traseira;1;2;1;0;0;0;1
07/07/2017;07:18:00;197;sem vítima;315,6;BR-116/RJ;Pista Norte;Engavetamento;2;5;0;0;0;0;1
07/07/2017;07:22:00;199;sem vítima;222,2;BR-116/RJ;Pista Norte;Abalroamento longitudinal;2;2;0;0;0;0;1
07/07/2017;08:24:00;271;sem vítima;161;BR-116/SP;Pista Norte;Abalroamento longitudinal;1;3;0;0;0;0;1
07/07/2017;09:02:00;327;sem vítima;119,5;BR-116/SP;Pista Norte;Engavetamento;1;3;0;0;0;0;1
07/07/2017;09:38:00;363;sem vítima;124,1;BR-116/SP;Pista Norte;Engavetamento;1;6;0;0;0;0;1
07/07/2017;13:52:00;529;com vítima;40,05;BR-116/SP;Pista Norte;Abalroamento longitudinal;2;5;1;0;0;1;3
07/07/2017;15:15:00;571;sem vítima;178,3;BR-116/RJ;Pista Norte;Abalroamento longitudinal;1;3;0;0;0;0;1
07/07/2017;16:13:00;624;sem vítima;4,4;BR-116/SP;Pista Norte;Colisão traseira;2;2;0;0;0;0;1
07/07/2017;16:39:00;645;sem vítima;34,3;BR-116/SP;Pista Norte;Abalroamento longitudinal;1;3;0;0;0;0;1
07/07/2017;20:23:00;791;sem vítima;305,7;BR-116/RJ;Pista Norte;Colisão traseira;1;5;0;0;0;0;1
08/07/2017;01:58:00;53;com vítima;318,9;BR-116/RJ;Pista Sul;Colisão traseira;1;1;1;1;0;0;2
08/07/2017;02:14:00;56;sem vítima;201,1;BR-116/RJ;Pista Norte;Choque em defensa;1;1;0;0;0;0;1
08/07/2017;23:19:00;781;com vítima;211,3;BR-116/SP;Pista Norte;Colisão traseira;1;1;0;0;1;1;3
08/07/2017;23:59:00;793;sem vítima;170,25;BR-116/RJ;Pista Sul;Abalroamento longitudinal;1;2;0;0;0;0;1
09/07/2017;01:57:00;48;com vítima;298,6;BR-116/RJ;Pista Sul;Colisão traseira;1;1;0;1;0;0;2
09/07/2017;04:29:00;82;sem vítima;207,6;BR-116/RJ;Pista Norte;Choque em objeto fixo;1;2;0;0;0;0;1
09/07/2017;18:51:00;569;sem vítima;314;BR-116/RJ;Pista Sul;Engavetamento;1;4;0;0;0;0;1
10/07/2017;08:33:00;278;sem vítima;177;BR-116/RJ;Pista Sul;Colisão traseira;1;2;0;0;0;0;1
10/07/2017;10:28:00;395;sem vítima;179,85;BR-116/RJ;Pista Norte;Abalroamento longitudinal;1;2;0;0;0;0;1
10/07/2017;14:46:00;567;com vítima;192,35;BR-116/RJ;Pista Sul;Abalroamento longitudinal;1;2;0;1;0;0;2
10/07/2017;15:19:00;584;sem vítima;208,5;BR-116/RJ;Pista Sul;Abalroamento longitudinal;1;2;0;0;0;0;1
10/07/2017;15:37:00;603;sem vítima;121;BR-116/SP;Pista Norte;Abalroamento longitudinal;1;3;0;0;0;0;1
10/07/2017;16:48:00;649;sem vítima;145,8;BR-116/SP;Pista Norte;Abalroamento longitudinal;1;2;0;0;0;0;1
11/07/2017;01:11:00;38;sem vítima;165,2;BR-116/SP;Pista Norte;Colisão traseira;1;2;0;0;0;0;1
11/07/2017;07:38:00;203;com vítima;258;BR-116/RJ;Pista Norte;Colisão traseira;2;1;0;1;0;0;2
11/07/2017;12:56:00;476;sem vítima;167;BR-116/RJ;Pista Sul;Engavetamento;1;3;0;0;0;0;1
11/07/2017;14:31:00;545;com vítima;111,4;BR-116/SP;Pista Sul;Abalroamento longitudinal;2;2;0;0;0;2;3
11/07/2017;17:18:00;648;sem vítima;176,1;BR-116/RJ;Pista Sul;Abalroamento longitudinal;1;4;0;0;0;0;1
11/07/2017;23:03:00;849;sem vítima;224,1;BR-116/RJ;Pista Norte;Colisão traseira;1;3;0;0;0;0;1
12/07/2017;04:20:00;96;sem vítima;138,25;BR-116/SP;Pista Norte;Tombamento;1;1;0;0;0;0;1
12/07/2017;08:04:00;231;sem vítima;220,9;BR-116/RJ;Pista Norte;Colisão traseira;2;2;0;0;0;0;1
12/07/2017;23:41:00;827;com vítima;263,2;BR-116/RJ;Pista Norte;Colisão traseira;1;1;0;1;0;0;2
13/07/2017;02:50:00;73;sem vítima;295,6;BR-116/RJ;Pista Norte;Abalroamento longitudinal;1;5;0;0;0;0;1
13/07/2017;11:30:00;432;com vítima;230,4;BR-116/SP;Pista Sul;Engavetamento;2;6;0;4;0;0;2
13/07/2017;19:45:00;795;sem vítima;300,7;BR-116/RJ;Pista Sul;Abalroamento longitudinal;1;2;0;0;0;0;1
14/07/2017;07:48:00;221;sem vítima;228,4;BR-116/SP;Pista Sul;Choque Talude;1;1;0;0;0;0;1
14/07/2017;10:35:00;409;sem vítima;219;BR-116/SP;Pista Sul;Colisão traseira;1;3;0;0;0;0;1
14/07/2017;11:20:00;440;sem vítima;218;BR-116/RJ;Pista Norte;Abalroamento longitudinal;1;2;0;0;0;0;1
14/07/2017;12:10:00;483;sem vítima;59,4;BR-116/SP;Pista Norte;Abalroamento longitudinal;1;2;0;0;0;0;1
14/07/2017;14:39:00;582;sem vítima;220,2;BR-116/RJ;Pista Norte;Choque em veículo parado na pista;1;2;0;0;0;0;1
14/07/2017;15:47:00;653;sem vítima;318,9;BR-116/RJ;Pista Norte;Abalroamento longitudinal;1;3;0;0;0;0;1
14/07/2017;15:55:00;663;sem vítima;230;BR-116/SP;Pista Norte;Abalroamento longitudinal;1;4;0;0;0;0;1
14/07/2017;23:25:00;980;sem vítima;221,6;BR-116/SP;Pista Norte;Colisão traseira;1;2;0;0;0;0;1
16/07/2017;06:54:00;122;sem vítima;171,3;BR-116/SP;Pista Sul;Colisão traseira;1;3;0;0;0;0;1
16/07/2017;22:02:00;780;sem vítima;104,8;BR-116/SP;Pista Sul;Abalroamento longitudinal;1;2;0;0;0;0;1
16/07/2017;22:38:00;796;com vítima;108;BR-116/SP;Pista Sul;Colisão traseira;1;1;1;0;0;0;1
17/07/2017;05:48:00;137;com vítima;268,1;BR-116/RJ;Pista Sul;Colisão traseira;1;1;19;10;0;1;3
17/07/2017;15:49:00;588;com vítima;169,8;BR-116/RJ;Pista Sul;Engavetamento;1;15;1;0;0;0;1
18/07/2017;06:27:00;144;sem vítima;179,2;BR-116/RJ;Pista Norte;Abalroamento longitudinal;1;2;0;0;0;0;1
18/07/2017;07:08:00;185;sem vítima;155;BR-116/SP;Pista Norte;Choque em objeto na pista;2;2;0;0;0;0;1
18/07/2017;10:49:00;399;sem vítima;201,7;BR-116/RJ;Pista Sul;Colisão traseira;2;2;0;0;0;0;1
18/07/2017;14:23:00;524;sem vítima;230;BR-116/SP;Pista Sul;Colisão traseira;1;2;0;0;0;0;1
18/07/2017;23:30:00;818;sem vítima;271,3;BR-116/RJ;Pista Norte;Colisão traseira;1;3;0;0;0;0;1
19/07/2017;00:46:00;26;sem vítima;21,9;BR-116/SP;Pista Norte;Choque em barreira New Jersey;1;1;0;0;0;0;1
19/07/2017;06:02:00;121;sem vítima;224,6;BR-116/RJ;Pista Norte;Choque em objeto fixo;1;2;0;0;0;0;1
19/07/2017;10:01:00;349;sem vítima;171,6;BR-116/RJ;Pista Sul;Choque em objeto fixo;1;1;0;0;0;0;1
19/07/2017;10:12:00;360;sem vítima;222;BR-116/SP;Pista Norte;Choque em barreira New Jersey;1;3;0;0;0;0;1
19/07/2017;20:05:00;755;sem vítima;168,3;BR-116/RJ;Pista Sul;Colisão traseira;1;2;0;0;0;0;1
19/07/2017;21:38:00;823;sem vítima;1,8;BR-116/SP;Pista Norte;Colisão traseira;2;2;0;0;0;0;1
20/07/2017;05:48:00;151;sem vítima;186,8;BR-116/RJ;Pista Norte;Choque em objeto fixo;1;4;0;0;0;0;1
20/07/2017;10:04:00;423;com vítima;103,95;BR-116/SP;Pista Sul;Colisão traseira;1;1;0;0;1;0;2
20/07/2017;10:40:00;451;sem vítima;146;BR-116/SP;Pista Norte;Abalroamento longitudinal;1;2;0;0;0;0;1
20/07/2017;11:21:00;479;com vítima;226;BR-116/SP;Pista Norte;Engavetamento;2;4;0;1;0;0;2
20/07/2017;16:04:00;686;sem vítima;204,2;BR-116/SP;Pista Norte;Abalroamento longitudinal;1;1;0;0;0;0;1
20/07/2017;17:11:00;738;com vítima;35,46;BR-116/SP;Pista Norte;Abalroamento longitudinal;1;1;1;0;0;0;1
20/07/2017;18:06:00;789;sem vítima;242,4;BR-116/RJ;Pista Sul;Abalroamento longitudinal;1;32;0;0;0;0;1
20/07/2017;18:13:00;800;sem vítima;163,94;BR-116/SP;Pista Norte;Colisão traseira;1;5;0;0;0;0;1
21/07/2017;02:09:00;58;sem vítima;28,1;BR-116/SP;Pista Norte;Queda de Carga;1;1;0;0;0;0;1
21/07/2017;04:14:00;91;sem vítima;112,8;BR-116/SP;Pista Sul;Colisão traseira;2;2;0;0;0;0;1
21/07/2017;07:53:00;244;com vítima;298,5;BR-116/RJ;Pista Norte;Engavetamento;3;6;0;2;0;0;2
21/07/2017;08:02:00;255;com vítima;300,9;BR-116/RJ;Pista Norte;Engavetamento;2;3;0;1;1;1;3
21/07/2017;08:02:00;256;com vítima;301,3;BR-116/RJ;Pista Norte;Engavetamento;2;2;0;1;0;0;2
21/07/2017;09:40:00;356;sem vítima;238,1;BR-116/RJ;Pista Sul;Choque em objeto na pista;1;4;0;0;0;0;1
21/07/2017;12:11:00;451;sem vítima;300,9;BR-116/RJ;Pista Norte;Colisão traseira;1;2;0;0;0;0;1
21/07/2017;16:08:00;625;sem vítima;124;BR-116/SP;Pista Sul;Abalroamento longitudinal;1;2;0;0;0;0;1
21/07/2017;18:32:00;726;sem vítima;87,4;BR-116/SP;Pista Norte;Outros;1;48;0;0;0;0;1
22/07/2017;07:50:00;200;sem vítima;176,4;BR-116/RJ;Pista Sul;Abalroamento longitudinal;1;2;0;0;0;0;1
22/07/2017;13:41:00;444;sem vítima;176,1;BR-116/RJ;Pista Sul;Abalroamento longitudinal;1;2;0;0;0;0;1
22/07/2017;14:12:00;469;sem vítima;246,7;BR-116/RJ;Pista Sul;Tombamento;1;1;0;0;0;0;1
22/07/2017;15:35:00;522;sem vítima;139,8;BR-116/SP;Pista Sul;Colisão traseira;1;4;0;0;0;0;1
22/07/2017;16:44:00;564;sem vítima;220,5;BR-116/SP;Pista Norte;Abalroamento longitudinal;1;2;0;0;0;0;1
22/07/2017;16:58:00;571;com vítima;227,6;BR-116/SP;Pista Sul;Capotamento;1;0;1;0;0;0;1
24/07/2017;06:09:00;133;sem vítima;224,1;BR-116/RJ;Pista Norte;Colisão traseira;2;4;0;0;0;0;1
25/07/2017;01:56:00;66;sem vítima;216,2;BR-116/SP;Pista Norte;Colisão traseira;1;5;0;0;0;0;1
25/07/2017;02:35:00;79;sem vítima;170,1;BR-116/SP;Pista Norte;Choque em objeto na pista;1;1;0;0;0;0;1
25/07/2017;05:19:00;121;sem vítima;206;BR-116/RJ;Pista Sul;Abalroamento longitudinal;2;2;0;0;0;0;1
25/07/2017;05:25:00;123;com vítima;175,55;BR-116/SP;Pista Sul;Colisão traseira;2;1;0;0;0;1;3
25/07/2017;06:54:00;190;sem vítima;38;BR-116/SP;Pista Norte;Abalroamento longitudinal;1;4;0;0;0;0;1
25/07/2017;11:38:00;430;sem vítima;224,5;BR-116/SP;Pista Sul;Abalroamento longitudinal;1;3;0;0;0;0;1
25/07/2017;13:42:00;508;com vítima;210,5;BR-116/SP;Pista Sul;Colisão traseira;1;3;1;0;0;0;1
25/07/2017;20:01:00;809;com vítima;303,9;BR-116/RJ;Pista Sul;Choque em veículo parado na pista;1;1;1;1;0;0;2
25/07/2017;22:10:00;869;sem vítima;27;BR-116/SP;Pista Norte;Choque em defensa;1;1;0;0;0;0;1
26/07/2017;02:39:00;63;com vítima;167,4;BR-116/RJ;Pista Sul;Colisão traseira;1;0;1;1;0;0;2
26/07/2017;04:45:00;88;sem vítima;178,9;BR-116/RJ;Pista Norte;Engavetamento;3;3;0;0;0;0;1
26/07/2017;05:55:00;108;com vítima;210;BR-116/RJ;Pista Norte;Colisão traseira;2;1;1;0;0;0;1
26/07/2017;15:56:00;636;com vítima;173,65;BR-116/SP;Pista Sul;Engavetamento;3;2;0;1;0;0;2
26/07/2017;17:17:00;683;sem vítima;65,3;BR-116/SP;Pista Sul;Abalroamento longitudinal;1;6;0;0;0;0;1
26/07/2017;18:57:00;750;sem vítima;64,1;BR-116/SP;Pista Norte;Abalroamento longitudinal;1;2;0;0;0;0;1
27/07/2017;10:53:00;400;sem vítima;150;BR-116/SP;Pista Norte;Abalroamento longitudinal;1;4;0;0;0;0;1
27/07/2017;15:34:00;594;com vítima;277,4;BR-116/RJ;Pista Sul;Colisão traseira;2;1;0;0;1;0;2
27/07/2017;16:16:00;617;com vítima;273;BR-116/RJ;Pista Sul;Engavetamento;1;6;3;3;2;0;2
27/07/2017;17:47:00;682;sem vítima;266,5;BR-116/RJ;Pista Sul;Colisão traseira;1;6;0;0;0;0;1
27/07/2017;20:43:00;789;com vítima;117,2;BR-116/SP;Pista Norte;Queda de moto;2;2;1;0;0;0;1
27/07/2017;21:43:00;815;com vítima;246,8;BR-116/RJ;Pista Norte;Colisão traseira;2;1;0;1;0;0;2
28/07/2017;01:49:00;56;sem vítima;86,25;BR-116/SP;Pista Norte;Colisão traseira;2;2;0;0;0;0;1
28/07/2017;02:33:00;73;sem vítima;203;BR-116/SP;Pista Sul;Choque em barreira New Jersey;1;1;0;0;0;0;1
28/07/2017;05:39:00;128;sem vítima;223,8;BR-116/RJ;Pista Norte;Outros;1;1;0;0;0;0;1
28/07/2017;06:09:00;142;sem vítima;64,5;BR-116/SP;Pista Sul;Engavetamento;1;6;0;0;0;0;1
28/07/2017;10:32:00;393;sem vítima;228,5;BR-116/SP;Pista Sul;Engavetamento;3;7;0;0;0;0;1
28/07/2017;13:14:00;505;sem vítima;165,2;BR-116/SP;Pista Sul;Engavetamento;2;4;0;0;0;0;1
28/07/2017;14:23:00;566;com vítima;99;BR-116/SP;Pista Sul;Atropelamento de pedestre atravessando;1;1;1;0;0;0;1
28/07/2017;17:14:00;696;com vítima;218,5;BR-116/SP;Pista Sul;Atropelamento de pedestre atravessando;1;1;1;0;0;0;1
29/07/2017;11:35:00;380;sem vítima;199,85;BR-116/RJ;Pista Norte;Choque em defensa;1;2;0;0;0;0;1
29/07/2017;12:56:00;429;sem vítima;208;BR-116/RJ;Pista Norte;Colisão frontal;1;2;0;0;0;0;1
29/07/2017;13:14:00;439;sem vítima;176;BR-116/RJ;Pista Sul;Abalroamento longitudinal;1;5;0;0;0;0;1
29/07/2017;14:50:00;496;sem vítima;173,4;BR-116/RJ;Pista Norte;Colisão traseira;1;2;0;0;0;0;1
29/07/2017;15:59:00;544;sem vítima;147,5;BR-116/SP;Pista Sul;Abalroamento longitudinal;1;9;0;0;0;0;1
30/07/2017;21:47:00;747;sem vítima;284,8;BR-116/RJ;Pista Norte;Abalroamento longitudinal;1;3;0;0;0;0;1
31/07/2017;00:29:00;32;sem vítima;122;BR-116/SP;Pista Norte;Colisão traseira;1;2;0;0;0;0;1
31/07/2017;06:28:00;143;sem vítima;223,6;BR-116/RJ;Pista Norte;Colisão traseira;2;2;0;0;0;0;1
31/07/2017;09:29:00;314;com vítima;228,6;BR-116/SP;Pista Sul;Abalroamento longitudinal;1;3;1;0;0;0;1
31/07/2017;10:14:00;354;sem vítima;220,1;BR-116/RJ;Pista Sul;Tombamento;1;2;0;0;0;0;1
31/07/2017;11:14:00;406;sem vítima;270,5;BR-116/RJ;Pista Sul;Abalroamento longitudinal;1;2;0;0;0;0;1
31/07/2017;16:42:00;623;sem vítima;168,8;BR-116/RJ;Pista Sul;Colisão traseira;2;28;0;0;0;0;1
01/08/2017;00:15:00;18;com vítima;7,75;BR-116/SP;Pista Sul;Abalroamento Longitudinal;2;0;;1;1;;2
01/08/2017;16:05:00;623;com vítima;303,8999938964844;BR-116/RJ;Pista Sul;Abalroamento Longitudinal;1;2;1;;;;1
02/08/2017;05:20:00;109;com vítima;168,39999389648438;BR-116/SP;Pista Sul;Colisão Traseira;2;1;1;;;;1
02/08/2017;07:01:00;166;sem vítima;204,5;BR-116/SP;Pista Sul;Colisão Traseira;2;3;;;;;1
02/08/2017;07:28:00;189;sem vítima;207,3000030517578;BR-116/SP;Pista Sul;Colisão Traseira;1;3;;;;;1
02/08/2017;12:26:00;454;com vítima;91,69999694824219;BR-116/SP;Pista Sul;Abalroamento Longitudinal;1;1;;1;;;2
02/08/2017;12:56:00;478;sem vítima;220,3000030517578;BR-116/SP;Pista Norte;Abalroamento Longitudinal;1;3;;;;;1
02/08/2017;22:25:00;864;sem vítima;268,3999938964844;BR-116/RJ;Pista Norte;Abalroamento Longitudinal;1;2;;;;;1
03/08/2017;02:05:00;77;sem vítima;330;BR-116/RJ;Pista Norte;Colisão Traseira;1;2;;;;;1
03/08/2017;02:57:00;88;com vítima;235,89999389648438;BR-116/RJ;Pista Sul;Tombamento;1;0;1;;;;1
03/08/2017;05:39:00;134;com vítima;146,89999389648438;BR-116/SP;Pista Sul;Choque em veículo parado na pista;1;2;;1;;;2
03/08/2017;07:54:00;248;com vítima;137;BR-116/SP;Pista Sul;Engavetamento;1;3;;;1;;2
03/08/2017;08:21:00;277;com vítima;134,8000030517578;BR-116/SP;Pista Sul;Abalroamento Longitudinal;1;1;1;;;;1
03/08/2017;09:30:00;348;sem vítima;134,8000030517578;BR-116/SP;Pista Sul;Abalroamento Longitudinal;1;2;;;;;1
03/08/2017;12:06:00;466;sem vítima;0,800000011920929;BR-116/SP;Pista Norte;Colisão Traseira;2;2;;;;;1
03/08/2017;12:10:00;473;sem vítima;17,799999237060547;BR-116/SP;Pista Norte;Tombamento;1;1;;;;;1
03/08/2017;12:35:00;491;sem vítima;220,3000030517578;BR-116/RJ;Pista Sul;Tombamento;1;1;;;;;1
03/08/2017;20:12:00;852;sem vítima;203,3000030517578;BR-116/RJ;Pista Sul;Queda de ribanceira;1;1;;;;;1
04/08/2017;00:00:00;24;sem vítima;192,8000030517578;BR-116/SP;Pista Norte;Choque em objeto na pista;1;1;;;;;1
04/08/2017;07:57:00;237;sem vítima;228,6999969482422;BR-116/RJ;Pista Sul;Queda de ribanceira;1;1;;;;;1
04/08/2017;09:17:00;311;sem vítima;139;BR-116/SP;Pista Sul;Colisão Traseira;1;2;;;;;1
04/08/2017;10:18:00;364;sem vítima;66,5999984741211;BR-116/SP;Pista Sul;Choque em objeto na pista;1;1;;;;;1
04/08/2017;13:34:00;500;sem vítima;170,4499969482422;BR-116/RJ;Pista Sul;Abalroamento Longitudinal;1;3;;;;;1
04/08/2017;15:19:00;581;sem vítima;168,8000030517578;BR-116/RJ;Pista Norte;Abalroamento Longitudinal;1;5;;;;;1
05/08/2017;01:35:00;48;sem vítima;204,5;BR-116/SP;Pista Norte;Colisão Traseira;2;2;;;;;1
05/08/2017;11:17:00;373;sem vítima;211;BR-116/SP;Pista Norte;Choque em Barreira New Jersey;1;1;;;;;1
05/08/2017;11:39:00;386;sem vítima;266,1000061035156;BR-116/RJ;Pista Sul;Queda de ribanceira;1;1;;;;;1
06/08/2017;07:06:00;150;com vítima;39,599998474121094;BR-116/SP;Pista Sul;Colisão Traseira;1;2;1;;;;1
06/08/2017;11:36:00;335;sem vítima;262,1000061035156;BR-116/RJ;Pista Sul;Colisão Traseira;1;2;;;;;1
06/08/2017;15:25:00;463;sem vítima;222,89999389648438;BR-116/SP;Pista Norte;Abalroamento Longitudinal;2;5;;;;;1
06/08/2017;22:26:00;709;sem vítima;236,6999969482422;BR-116/RJ;Pista Norte;Queda de Carga;1;2;;;;;1
07/08/2017;07:13:00;180;sem vítima;278,8999938964844;BR-116/RJ;Pista Sul;Abalroamento Longitudinal;1;2;;;;;1
07/08/2017;07:19:00;187;com vítima;220,6999969482422;BR-116/SP;Pista Sul;Tombamento;1;0;1;;;;1
07/08/2017;13:22:00;493;sem vítima;229,1999969482422;BR-116/SP;Pista Norte;Colisão Traseira;1;4;;;;;1
07/08/2017;15:11:00;565;sem vítima;153,1999969482422;BR-116/SP;Pista Norte;Tombamento;1;1;;;;;1
07/08/2017;15:26:00;582;sem vítima;153,3000030517578;BR-116/SP;Pista Norte;Colisão Traseira;1;2;;;;;1
07/08/2017;17:05:00;664;com vítima;176,8000030517578;BR-116/RJ;Pista Sul;Abalroamento Longitudinal;1;2;1;;;;1
07/08/2017;19:50:00;788;sem vítima;165;BR-116/RJ;Pista Sul;Abalroamento Longitudinal;1;2;;;;;1
08/08/2017;01:15:00;48;com vítima;153,8000030517578;BR-116/SP;Pista Sul;Tombamento;1;0;1;;;;1
08/08/2017;01:36:00;54;com vítima;213,6999969482422;BR-116/SP;Pista Norte;Choque em Barreira New Jersey;2;1;2;2;;;2
08/08/2017;05:28:00;121;sem vítima;64,0999984741211;BR-116/SP;Pista Norte;Choque em objeto na pista;2;2;;;;;1
08/08/2017;07:53:00;237;com vítima;218,3000030517578;BR-116/SP;Pista Sul;Engavetamento;1;4;1;;;;1
08/08/2017;09:07:00;314;sem vítima;166,5;BR-116/RJ;Pista Norte;Abalroamento Longitudinal;1;3;;;;;1