data;horario;n_da_ocorrencia;tipo_de_ocorrencia;km;trecho;sentido;tipo_de_acidente;caminhao;ilesos;levemente_feridos;moderadamente_feridos;gravemente_feridos;mortos;3
08/08/2017;09:37:00;346;sem vítima;222,39999389648438;BR-116/SP;Pista Sul;Colisão Traseira;1;2;;;;;1
08/08/2017;10:44:00;405;sem vítima;169,89999389648438;BR-116/SP;Pista Sul;Abalroamento Longitudinal;2;2;;;;;1
08/08/2017;12:24:00;468;com vítima;175,89999389648438;BR-116/RJ;Pista Sul;Abalroamento Longitudinal;1;1;;1;;;2
08/08/2017;13:22:00;528;com vítima;236,8000030517578;BR-116/RJ;Pista Sul;Abalroamento Longitudinal;1;3;1;;;;1
08/08/2017;17:51:00;744;sem vítima;207,10000610351562;BR-116/RJ;Pista Sul;Colisão Traseira;2;2;;;;;1
08/08/2017;18:34:00;781;sem vítima;105,69999694824219;BR-116/SP;Pista Sul;Choque em Barreira New Jersey;1;2;;;;;1
09/08/2017;01:46:00;49;com vítima;182,60000610351562;BR-116/RJ;Pista Norte;Choque em Barreira New Jersey;1;1;;1;3;;2
09/08/2017;04:21:00;89;com vítima;118,19999694824219;BR-116/SP;Pista Sul;Colisão Traseira;1;2;;;1;;2
09/08/2017;09:12:00;289;sem vítima;163,10000610351562;BR-116/RJ;Pista Norte;Abalroamento Longitudinal;1;2;;;;;1
09/08/2017;12:19:00;447;sem vítima;220,6999969482422;BR-116/SP;Pista Norte;Abalroamento Longitudinal;1;3;;;;;1
09/08/2017;16:02:00;638;sem vítima;225,1999969482422;BR-116/RJ;Pista Norte;Tombamento;1;1;;;;;1
10/08/2017;05:56:00;119;sem vítima;256,1000061035156;BR-116/RJ;Pista Norte;Colisão Traseira;1;2;;;;;1
10/08/2017;08:33:00;292;sem vítima;223,39999389648438;BR-116/RJ;Pista Norte;Colisão Traseira;2;2;;;;;1
10/08/2017;10:56:00;420;sem vítima;183,39999389648438;BR-116/RJ;Pista Norte;Abalroamento Longitudinal;1;2;;;;;1
10/08/2017;14:57:00;563;sem vítima;86,94999694824219;BR-116/SP;Pista Sul;Colisão Traseira;1;5;;;;;1
10/08/2017;17:45:00;689;sem vítima;127,4000015258789;BR-116/SP;Pista Sul;Outros;1;2;;;;;1
10/08/2017;22:55:00;860;sem vítima;122,1500015258789;BR-116/SP;Pista Sul;Colisão Traseira;1;2;;;;;1
11/08/2017;06:16:00;126;sem vítima;278,20001220703125;BR-116/RJ;Pista Sul;Choque em Barreira New Jersey;1;5;;;;;1
11/08/2017;10:40:00;422;sem vítima;143,6999969482422;BR-116/SP;Pista Sul;Colisão Traseira;1;2;;;;;1
11/08/2017;16:21:00;664;sem vítima;184,89999389648438;BR-116/RJ;Pista Sul;Choque em Barreira New Jersey;1;1;;;;;1
11/08/2017;17:41:00;730;sem vítima;155;BR-116/SP;Pista Norte;Choque em veículo parado na pista;1;3;;;;;1
11/08/2017;22:56:00;966;sem vítima;158,89999389648438;BR-116/SP;Pista Norte;Colisão Traseira;1;2;;;;;1
12/08/2017;00:42:00;38;com vítima;226,39999389648438;BR-116/SP;Pista Sul;Colisão Traseira;1;2;2;;;;1
12/08/2017;06:23:00;180;sem vítima;184,9499969482422;BR-116/RJ;Pista Norte;Abalroamento Longitudinal;1;2;;;;;1
12/08/2017;15:56:00;560;sem vítima;206,1999969482422;BR-116/SP;Pista Sul;Choque em veículo parado na pista;1;3;;;;;1
12/08/2017;18:25:00;650;com vítima;68,5;BR-116/SP;Pista Sul;Choque em objeto na pista;1;1;1;;;;1
12/08/2017;23:03:00;782;sem vítima;331,79998779296875;BR-116/RJ;Pista Sul;Colisão Traseira;1;2;;;;;1
12/08/2017;23:26:00;790;com vítima;60,380001068115234;BR-116/SP;Pista Sul;Choque em objeto fixo;1;0;;1;;;2
13/08/2017;01:30:00;50;sem vítima;102;BR-116/SP;Pista Norte;Colisão Traseira;1;2;;;;;1
14/08/2017;07:17:00;174;sem vítima;223,10000610351562;BR-116/SP;Pista Sul;Abalroamento Longitudinal;1;3;;;;;1
14/08/2017;11:53:00;426;com vítima;216,3000030517578;BR-116/SP;Pista Norte;Colisão Traseira;1;1;1;;;;1
14/08/2017;13:55:00;506;sem vítima;148,89999389648438;BR-116/SP;Pista Sul;Colisão Traseira;1;3;;;;;1
15/08/2017;08:16:00;257;sem vítima;211;BR-116/SP;Pista Norte;Abalroamento Longitudinal;1;4;;;;;1
15/08/2017;09:42:00;363;sem vítima;138,52999877929688;BR-116/SP;Pista Norte;Abalroamento Longitudinal;1;2;;;;;1
15/08/2017;10:46:00;417;com vítima;224;BR-116/RJ;Pista Norte;Tombamento;1;0;;1;;;2
15/08/2017;19:54:00;770;sem vítima;297;BR-116/RJ;Pista Sul;Abalroamento Longitudinal;1;2;;;;;1
15/08/2017;20:56:00;798;com vítima;286,8999938964844;BR-116/RJ;Pista Norte;Choque em objeto na pista;1;0;2;;;;1
16/08/2017;04:59:00;78;com vítima;189,3000030517578;BR-116/RJ;Pista Sul;Abalroamento Longitudinal;1;4;;1;;1;3
16/08/2017;05:40:00;86;sem vítima;23,399999618530273;BR-116/SP;Pista Norte;Choque em objeto na pista;3;5;;;;;1
16/08/2017;05:52:00;89;sem vítima;182,5;BR-116/RJ;Pista Norte;Engavetamento;1;4;;;;;1
16/08/2017;06:27:00;110;sem vítima;189,3000030517578;BR-116/RJ;Pista Norte;Colisão Traseira;1;5;;;;;1
16/08/2017;07:54:00;190;com vítima;139,89999389648438;BR-116/SP;Pista Sul;Engavetamento;2;3;1;;;;1
16/08/2017;08:49:00;244;sem vítima;239;BR-116/RJ;Pista Sul;Choque em Defensa;1;1;;;;;1
16/08/2017;09:55:00;305;sem vítima;226,5;BR-116/RJ;Pista Sul;Tombamento;1;1;;;;;1
16/08/2017;17:57:00;577;sem vítima;289,70001220703125;BR-116/RJ;Pista Sul;Choque em veículo parado na pista;1;2;;;;;1
16/08/2017;18:13:00;584;sem vítima;224;BR-116/SP;Pista Norte;Abalroamento Longitudinal;1;2;;;;;1
17/08/2017;12:44:00;508;com vítima;109,9000015258789;BR-116/SP;Pista Norte;Abalroamento Longitudinal;1;1;;1;;;2
17/08/2017;13:24:00;532;sem vítima;202,6999969482422;BR-116/SP;Pista Sul;Choque em objeto na pista;1;4;;;;;1
17/08/2017;13:42:00;549;com vítima;327,70001220703125;BR-116/RJ;Pista Norte;Choque em Barreira New Jersey;1;0;1;;;;1
17/08/2017;14:24:00;575;sem vítima;106,80000305175781;BR-116/SP;Pista Sul;Colisão Traseira;1;2;;;;;1
17/08/2017;17:32:00;691;sem vítima;306,3999938964844;BR-116/RJ;Pista Norte;Choque em objeto fixo;1;1;;;;;1
17/08/2017;19:20:00;761;sem vítima;8;BR-116/SP;Pista Sul;Choque em objeto fixo;1;1;;;;;1
17/08/2017;20:25:00;792;sem vítima;85;BR-116/SP;Pista Sul;Abalroamento Longitudinal;1;2;;;;;1
17/08/2017;20:33:00;796;sem vítima;125;BR-116/SP;Pista Sul;Abalroamento Longitudinal;1;2;;;;;1
17/08/2017;22:07:00;836;com vítima;248,10000610351562;BR-116/RJ;Pista Norte;Tombamento;1;0;;1;;;2
17/08/2017;22:23:00;843;com vítima;278,79998779296875;BR-116/RJ;Pista Norte;Choque em Barreira New Jersey;1;1;;;;1;3
18/08/2017;00:17:00;22;com vítima;317,5;BR-116/RJ;Pista Norte;Tombamento;1;0;1;;;;1
18/08/2017;00:50:00;29;sem vítima;200,8000030517578;BR-116/SP;Pista Sul;Colisão Traseira;1;2;;;;;1
18/08/2017;05:49:00;108;com vítima;84,9000015258789;BR-116/SP;Pista Sul;Colisão Traseira;1;2;;1;;;2
18/08/2017;05:55:00;110;sem vítima;247,60000610351562;BR-116/RJ;Pista Norte;Engavetamento;3;3;;;;;1
18/08/2017;13:05:00;468;sem vítima;220,89999389648438;BR-116/SP;Pista Norte;Choque em objeto na pista;1;2;;;;;1
18/08/2017;13:36:00;484;sem vítima;160,3000030517578;BR-116/SP;Pista Norte;Abalroamento Longitudinal;1;2;;;;;1
18/08/2017;14:36:00;535;com vítima;157,0500030517578;BR-116/SP;Pista Sul;Choque em Barreira New Jersey;1;2;1;;;;1
18/08/2017;17:12:00;635;com vítima;265,79998779296875;BR-116/RJ;Pista Sul;Outros;1;0;1;;;;1
18/08/2017;17:57:00;664;sem vítima;212,10000610351562;BR-116/RJ;Pista Sul;Colisão Traseira;1;16;;;;;1
18/08/2017;19:50:00;745;sem vítima;221,89999389648438;BR-116/RJ;Pista Sul;Choque em objeto fixo;1;2;;;;;1
18/08/2017;20:27:00;763;sem vítima;221,5;BR-116/RJ;Pista Sul;Choque em objeto fixo;1;1;;;;;1
18/08/2017;21:22:00;800;com vítima;28,950000762939453;BR-116/SP;Pista Sul;Colisão Traseira;2;1;1;;;;1
18/08/2017;21:23:00;801;sem vítima;291;BR-116/RJ;Pista Norte;Choque em objeto fixo;1;2;;;;;1
19/08/2017;00:49:00;41;sem vítima;17,450000762939453;BR-116/SP;Pista Norte;Colisão Traseira;1;2;;;;;1
20/08/2017;16:00:00;494;com vítima;252,1999969482422;BR-116/RJ;Pista Norte;Choque em objeto fixo;1;0;;;1;;2
20/08/2017;20:16:00;631;sem vítima;314,3500061035156;BR-116/RJ;Pista Norte;Abalroamento Longitudinal;1;2;;;;;1
20/08/2017;20:21:00;633;sem vítima;27,899999618530273;BR-116/SP;Pista Norte;Engavetamento;2;9;;;;;1
21/08/2017;00:46:00;36;sem vítima;277,5;BR-116/RJ;Pista Sul;Colisão Traseira;1;31;;;;;1
21/08/2017;01:38:00;52;com vítima;99,80000305175781;BR-116/SP;Pista Sul;Colisão Traseira;1;4;1;;;;1
21/08/2017;09:57:00;350;sem vítima;220,39999389648438;BR-116/RJ;Pista Sul;Choque em objeto fixo;1;1;;;;;1
21/08/2017;12:55:00;470;sem vítima;176,1999969482422;BR-116/RJ;Pista Sul;Engavetamento;1;3;;;;;1
21/08/2017;14:40:00;545;sem vítima;219,0500030517578;BR-116/SP;Pista Norte;Choque em Defensa;1;4;;;;;1
22/08/2017;02:02:00;53;sem vítima;244,39999389648438;BR-116/RJ;Pista Norte;Colisão Traseira;2;2;;;;;1
22/08/2017;03:53:00;80;sem vítima;72,30000305175781;BR-116/SP;Pista Sul;Choque em Barreira New Jersey;1;1;;;;;1
22/08/2017;07:37:00;224;sem vítima;33,400001525878906;BR-116/SP;Pista Sul;Tombamento;1;1;;;;;1
22/08/2017;16:17:00;637;sem vítima;155,5;BR-116/SP;Pista Norte;Abalroamento Longitudinal;1;2;;;;;1
22/08/2017;16:32:00;655;sem vítima;155,60000610351562;BR-116/SP;Pista Norte;Abalroamento Longitudinal;1;2;;;;;1
23/08/2017;04:32:00;106;sem vítima;164;BR-116/RJ;Pista Sul;Colisão Traseira;1;3;;;;;1
23/08/2017;05:19:00;118;com vítima;173,10000610351562;BR-116/RJ;Pista Norte;Outros;1;1;1;;;;1
23/08/2017;05:23:00;119;sem vítima;26,700000762939453;BR-116/SP;Pista Sul;Colisão Traseira;1;2;;;;;1
23/08/2017;07:20:00;201;sem vítima;2,5999999046325684;BR-116/SP;Pista Norte;Queda de ribanceira;1;2;;;;;1
23/08/2017;10:49:00;416;sem vítima;274,1000061035156;BR-116/RJ;Pista Norte;Abalroamento Longitudinal;2;2;;;;;1
23/08/2017;10:59:00;429;sem vítima;165,10000610351562;BR-116/SP;Pista Sul;Colisão Traseira;2;2;;;;;1
24/08/2017;02:05:00;66;sem vítima;121,69999694824219;BR-116/SP;Pista Norte;Abalroamento Longitudinal;2;2;;;;;1
24/08/2017;04:49:00;91;com vítima;276,20001220703125;BR-116/RJ;Pista Sul;Colisão Traseira;2;1;1;;;;1
24/08/2017;05:21:00;97;com vítima;223,3000030517578;BR-116/RJ;Pista Norte;Colisão Traseira;1;1;1;;;;1
24/08/2017;07:48:00;210;sem vítima;180,5500030517578;BR-116/RJ;Pista Norte;Engavetamento;1;4;;;;;1
24/08/2017;11:41:00;450;sem vítima;165,1999969482422;BR-116/SP;Pista Sul;Colisão Traseira;2;3;;;;;1
24/08/2017;16:23:00;624;sem vítima;86,05000305175781;BR-116/SP;Pista Sul;Abalroamento Longitudinal;1;4;;;;;1
25/08/2017;06:27:00;133;sem vítima;169,6999969482422;BR-116/RJ;Pista Norte;Abalroamento Longitudinal;1;2;;;;;1
25/08/2017;08:08:00;262;sem vítima;226,44000244140625;BR-116/RJ;Pista Norte;Colisão Traseira;2;2;;;;;1
25/08/2017;08:33:00;277;sem vítima;208,5;BR-116/SP;Pista Sul;Engavetamento;1;3;;;;;1
25/08/2017;09:16:00;342;sem vítima;268,1000061035156;BR-116/RJ;Pista Norte;Choque em veículo parado na pista;2;2;;;;;1
25/08/2017;18:40:00;805;sem vítima;149;BR-116/SP;Pista Norte;Colisão Traseira;1;2;;;;;1
25/08/2017;19:55:00;855;sem vítima;102,9000015258789;BR-116/SP;Pista Norte;Choque em veículo parado na pista;2;2;;;;;1
25/08/2017;22:56:00;974;com vítima;294,20001220703125;BR-116/RJ;Pista Sul;Colisão Traseira;2;1;;;1;;2
26/08/2017;00:09:00;31;com vítima;107,5;BR-116/SP;Pista Norte;Choque em veículo parado na pista;1;1;;;;1;3
26/08/2017;02:09:00;89;sem vítima;118,9000015258789;BR-116/SP;Pista Norte;Choque em Defensa;1;2;;;;;1
26/08/2017;05:25:00;143;sem vítima;267,04998779296875;BR-116/RJ;Pista Norte;Tombamento;1;1;;;;;1
26/08/2017;20:09:00;798;com vítima;315,29998779296875;BR-116/RJ;Pista Sul;Choque em veículo parado na pista;1;1;1;;;;1
27/08/2017;03:04:00;82;sem vítima;186;BR-116/SP;Pista Sul;Abalroamento Longitudinal;1;3;;;;;1
27/08/2017;14:34:00;479;sem vítima;88,0999984741211;BR-116/SP;Pista Sul;Abalroamento Longitudinal;1;5;;;;;1
28/08/2017;06:23:00;142;com vítima;199,6999969482422;BR-116/SP;Pista Sul;Colisão Traseira;1;1;1;;;;1
28/08/2017;07:12:00;187;sem vítima;223,5;BR-116/RJ;Pista Norte;Colisão Traseira;2;2;;;;;1
28/08/2017;07:41:00;219;sem vítima;293,20001220703125;BR-116/RJ;Pista Sul;Abalroamento Longitudinal;2;4;;;;;1
28/08/2017;08:20:00;253;sem vítima;292,5;BR-116/RJ;Pista Norte;Colisão Traseira;2;2;;;;;1
28/08/2017;14:49:00;574;sem vítima;229;BR-116/SP;Pista Norte;Abalroamento Longitudinal;1;4;;;;;1
28/08/2017;15:48:00;606;sem vítima;125;BR-116/SP;Pista Norte;Colisão Traseira;2;2;;;;;1
28/08/2017;16:27:00;642;sem vítima;125,0999984741211;BR-116/SP;Pista Norte;Abalroamento Longitudinal;1;2;;;;;1
28/08/2017;17:08:00;668;sem vítima;218,89999389648438;BR-116/SP;Pista Norte;Engavetamento;1;4;;;;;1
28/08/2017;21:51:00;857;sem vítima;35,5;BR-116/SP;Pista Sul;Outros;1;3;;;;;1
29/08/2017;01:04:00;40;sem vítima;223,36000061035156;BR-116/RJ;Pista Norte;Choque Talude;1;1;;;;;1
29/08/2017;13:17:00;487;com vítima;213,3000030517578;BR-116/SP;Pista Sul;Abalroamento Longitudinal;1;1;1;;;;1
29/08/2017;15:34:00;575;sem vítima;182,89999389648438;BR-116/RJ;Pista Norte;Colisão Traseira;1;4;;;;;1
30/08/2017;05:03:00;101;com vítima;302,3999938964844;BR-116/RJ;Pista Norte;Colisão Traseira;2;1;;2;;;2
30/08/2017;06:48:00;156;sem vítima;314;BR-116/RJ;Pista Sul;Abalroamento Longitudinal;2;3;;;;;1
30/08/2017;08:35:00;286;sem vítima;183,58999633789062;BR-116/SP;Pista Sul;Colisão Traseira;2;2;;;;;1
30/08/2017;11:18:00;438;sem vítima;226;BR-116/RJ;Pista Norte;Tombamento;1;1;;;;;1
30/08/2017;13:06:00;497;com vítima;318,8999938964844;BR-116/RJ;Pista Sul;Colisão Traseira;1;1;1;;;;1
30/08/2017;15:09:00;595;sem vítima;165,10000610351562;BR-116/SP;Pista Norte;Abalroamento Longitudinal;1;3;;;;;1
30/08/2017;17:57:00;740;sem vítima;114;BR-116/SP;Pista Sul;Choque em objeto na pista;1;1;;;;;1
30/08/2017;18:27:00;760;sem vítima;147,5;BR-116/SP;Pista Norte;Abalroamento Longitudinal;1;2;;;;;1
30/08/2017;20:52:00;864;com vítima;305,8500061035156;BR-116/RJ;Pista Sul;Colisão Traseira;2;1;1;;;;1
30/08/2017;20:57:00;868;sem vítima;225,5;BR-116/RJ;Pista Sul;Outros;2;3;;;;;1
30/08/2017;23:46:00;950;com vítima;171,39999389648438;BR-116/SP;Pista Sul;Queda de ribanceira;1;0;;2;;;2
31/08/2017;02:18:00;57;com vítima;330,29998779296875;BR-116/RJ;Pista Sul;Colisão Traseira;1;1;;;1;;2
31/08/2017;05:20:00;114;sem vítima;236,89999389648438;BR-116/RJ;Pista Sul;Capotamento;1;2;;;;;1
31/08/2017;09:07:00;333;sem vítima;139,60000610351562;BR-116/SP;Pista Sul;Colisão Traseira;2;2;;;;;1
31/08/2017;09:12:00;341;com vítima;205,10000610351562;BR-116/SP;Pista Sul;Tombamento;1;1;1;;;;1
31/08/2017;23:59:00;980;sem vítima;182,3000030517578;BR-116/SP;Pista Norte;Abalroamento Longitudinal;1;2;;;;;1
01/09/2017;06:57:00;172;com vítima;180,6;BR-116/RJ;Pista Norte;Colisão traseira;1;2;1;0;0;0;1
01/09/2017;08:11:00;257;sem vítima;210;BR-116/RJ;Pista Norte;Colisão traseira;2;2;0;0;0;0;1
01/09/2017;10:19:00;400;sem vítima;201,15;BR-116/SP;Pista Norte;Abalroamento longitudinal;1;2;0;0;0;0;1
01/09/2017;13:03:00;502;sem vítima;211,9;BR-116/SP;Pista Sul;Colisão traseira;1;2;0;0;0;0;1
01/09/2017;17:36:00;701;sem vítima;125,3;BR-116/SP;Pista Sul;Colisão traseira;1;2;0;0;0;0;1
01/09/2017;23:30:00;900;sem vítima;165,2;BR-116/SP;Pista Norte;Abalroamento longitudinal;1;2;0;0;0;0;1
03/09/2017;17:16:00;490;com vítima;186,1;BR-116/RJ;Pista Norte;Engavetamento;2;13;1;0;0;0;1
03/09/2017;20:58:00;648;sem vítima;276,8;BR-116/RJ;Pista Sul;Colisão traseira;2;2;0;0;0;0;1
03/09/2017;21:00:00;649;sem vítima;179,6;BR-116/RJ;Pista Norte;Abalroamento longitudinal;1;2;0;0;0;0;1
04/09/2017;06:03:00;122;sem vítima;46,7;BR-116/SP;Pista Sul;Colisão traseira;2;2;0;0;0;0;1
04/09/2017;08:02:00;244;sem vítima;197,4;BR-116/SP;Pista Sul;Colisão traseira;1;2;0;0;0;0;1
04/09/2017;09:02:00;314;sem vítima;163,65;BR-116/RJ;Pista Sul;Abalroamento longitudinal;1;4;0;0;0;0;1
04/09/2017;13:39:00;525;sem vítima;204,7;BR-116/SP;Pista Norte;Abalroamento longitudinal;1;2;0;0;0;0;1
04/09/2017;14:32:00;577;sem vítima;180,2;BR-116/RJ;Pista Sul;Choque em objeto fixo;1;4;0;0;0;0;1
04/09/2017;19:43:00;830;com vítima;69,9;BR-116/SP;Pista Norte;Abalroamento longitudinal;1;2;1;0;0;0;1
05/09/2017;08:24:00;268;com vítima;129,9;BR-116/SP;Pista Norte;Outros;1;3;1;0;0;0;1
05/09/2017;09:45:00;367;sem vítima;225,3;BR-116/SP;Pista Sul;Engavetamento;2;3;0;0;0;0;1
05/09/2017;19:13:00;829;sem vítima;207,1;BR-116/RJ;Pista Sul;Choque em objeto fixo;1;1;0;0;0;0;1
05/09/2017;22:19:00;925;sem vítima;162,4;BR-116/SP;Pista Sul;Choque em defensa;2;3;0;0;0;0;1
06/09/2017;01:13:00;38;sem vítima;7;BR-116/SP;Pista Norte;Colisão traseira;2;2;0;0;0;0;1
06/09/2017;04:37:00;95;com vítima;227,8;BR-116/SP;Pista Sul;Abalroamento longitudinal;1;1;2;0;0;0;1
08/09/2017;15:28:00;638;sem vítima;159,7;BR-116/SP;Pista Norte;Abalroamento longitudinal;1;2;0;0;0;0;1
08/09/2017;17:41:00;742;sem vítima;288,1;BR-116/RJ;Pista Norte;Choque em objeto na pista;1;1;0;0;0;0;1
06/09/2017;06:52:00;176;com vítima;218,6;BR-116/SP;Pista Sul;Colisão traseira;1;1;0;1;0;0;2
06/09/2017;19:08:00;807;sem vítima;147,2;BR-116/SP;Pista Norte;Colisão traseira;1;4;0;0;0;0;1
06/09/2017;19:09:00;810;sem vítima;165;BR-116/SP;Pista Norte;Abalroamento longitudinal;1;5;0;0;0;0;1
07/09/2017;03:01:00;89;com vítima;226,7;BR-116/SP;Pista Norte;Engavetamento;1;6;1;0;0;0;1
07/09/2017;13:46:00;465;com vítima;160;BR-116/SP;Pista Sul;Abalroamento longitudinal;1;1;2;0;0;0;1
07/09/2017;14:13:00;482;com vítima;178;BR-116/SP;Pista Norte;Abalroamento longitudinal;1;2;1;0;0;0;1
07/09/2017;18:45:00;663;sem vítima;319,1;BR-116/RJ;Pista Norte;Abalroamento longitudinal;1;2;0;0;0;0;1
08/09/2017;00:27:00;23;com vítima;217,3;BR-116/SP;Pista Sul;Abalroamento longitudinal;1;2;0;2;1;0;2
08/09/2017;11:22:00;431;sem vítima;228;BR-116/RJ;Pista Sul;Abalroamento longitudinal;1;3;0;0;0;0;1
08/09/2017;23:46:00;978;com vítima;226,8;BR-116/SP;Pista Sul;Choque em veículo parado na pista;4;2;1;1;0;0;2
09/09/2017;11:32:00;375;com vítima;205,95;BR-116/SP;Pista Sul;Abalroamento longitudinal;1;2;1;0;0;0;1
09/09/2017;23:20:00;792;sem vítima;218;BR-116/SP;Pista Norte;Abalroamento longitudinal;1;7;0;0;0;0;1
10/09/2017;12:25:00;381;com vítima;275;BR-116/RJ;Pista Norte;Abalroamento longitudinal;1;1;1;0;0;0;1
10/09/2017;14:01:00;443;sem vítima;160;BR-116/SP;Pista Norte;Abalroamento longitudinal;1;4;0;0;0;0;1
11/09/2017;05:33:00;142;sem vítima;232,8;BR-116/RJ;Pista Norte;Choque em objeto na pista;1;3;0;0;0;0;1
11/09/2017;07:06:00;203;sem vítima;183,4;BR-116/RJ;Pista Sul;Colisão traseira;1;2;0;0;0;0;1
11/09/2017;15:55:00;671;com vítima;214;BR-116/SP;Pista Norte;Abalroamento longitudinal;1;2;0;1;0;0;2
11/09/2017;17:43:00;747;sem vítima;157,2;BR-116/SP;Pista Sul;Engavetamento;1;8;0;0;0;0;1
11/09/2017;22:18:00;931;com vítima;200,8;BR-116/RJ;Pista Sul;Colisão traseira;1;3;1;0;0;0;1
12/09/2017;04:45:00;95;com vítima;183,4;BR-116/SP;Pista Sul;Colisão traseira;2;1;0;0;1;2;3
12/09/2017;05:52:00;113;sem vítima;222;BR-116/RJ;Pista Norte;Colisão traseira;1;3;0;0;0;0;1
12/09/2017;06:01:00;118;sem vítima;15;BR-116/SP;Pista Norte;Colisão traseira;1;2;0;0;0;0;1
12/09/2017;07:55:00;213;sem vítima;278,05;BR-116/RJ;Pista Norte;Engavetamento;3;3;0;0;0;0;1
12/09/2017;12:15:00;465;sem vítima;125,6;BR-116/SP;Pista Sul;Choque em barreira New Jersey;1;2;0;0;0;0;1
12/09/2017;13:13:00;512;sem vítima;176,15;BR-116/RJ;Pista Sul;Abalroamento longitudinal;1;2;0;0;0;0;1
12/09/2017;15:38:00;624;sem vítima;272,1;BR-116/RJ;Pista Sul;Choque em objeto fixo;1;1;0;0;0;0;1
12/09/2017;20:20:00;848;sem vítima;174,2;BR-116/RJ;Pista Sul;Choque em objeto na pista;1;3;0;0;0;0;1
13/09/2017;00:44:00;25;com vítima;23,65;BR-116/SP;Pista Sul;Colisão traseira;1;1;1;0;0;0;1
13/09/2017;05:31:00;107;sem vítima;263,4;BR-116/RJ;Pista Sul;Choque em defensa;1;2;0;0;0;0;1
13/09/2017;07:24:00;214;com vítima;301,65;BR-116/RJ;Pista Sul;Atropelamento de pedestre atravessando;1;1;0;1;0;0;2
13/09/2017;08:21:00;276;sem vítima;208,3;BR-116/SP;Pista Sul;Colisão traseira;1;3;0;0;0;0;1
13/09/2017;08:33:00;289;sem vítima;224,3;BR-116/RJ;Pista Norte;Choque Talude;1;2;0;0;0;0;1
14/09/2017;01:27:00;56;sem vítima;118,85;BR-116/SP;Pista Norte;Colisão traseira;2;2;0;0;0;0;1
14/09/2017;01:45:00;63;com vítima;31;BR-116/SP;Pista Norte;Queda de ribanceira;1;0;1;0;0;0;1
14/09/2017;03:17:00;92;sem vítima;60;BR-116/SP;Pista Sul;Atropelamento de animal;1;1;0;0;0;0;1
14/09/2017;12:25:00;530;sem vítima;176;BR-116/RJ;Pista Sul;Colisão traseira;1;3;0;0;0;0;1
14/09/2017;15:30:00;677;sem vítima;301;BR-116/RJ;Pista Sul;Colisão traseira;2;2;0;0;0;0;1
14/09/2017;16:18:00;718;sem vítima;176,5;BR-116/RJ;Pista Sul;Colisão traseira;1;2;0;0;0;0;1
14/09/2017;22:04:00;973;sem vítima;202;BR-116/SP;Pista Norte;Colisão traseira;2;2;0;0;0;0;1
15/09/2017;05:05:00;136;com vítima;173,5;BR-116/RJ;Pista Norte;Abalroamento longitudinal;1;41;5;0;0;0;1
15/09/2017;05:55:00;169;sem vítima;22,1;BR-116/SP;Pista Norte;Colisão traseira;2;2;0;0;0;0;1
15/09/2017;07:19:00;234;sem vítima;23,05;BR-116/SP;Pista Norte;Engavetamento;3;4;0;0;0;0;1
15/09/2017;18:45:00;816;sem vítima;146,8;BR-116/SP;Pista Norte;Abalroamento longitudinal;1;2;0;0;0;0;1
15/09/2017;19:14:00;842;sem vítima;196,2;BR-116/SP;Pista Norte;Abalroamento longitudinal;1;3;0;0;0;0;1
15/09/2017;21:09:00;911;sem vítima;255,8;BR-116/RJ;Pista Sul;Choque em veículo parado na pista;2;2;0;0;0;0;1
16/09/2017;01:14:00;47;sem vítima;175,2;BR-116/SP;Pista Norte;Colisão traseira;1;13;0;0;0;0;1
16/09/2017;07:24:00;214;com vítima;128,8;BR-116/SP;Pista Norte;Colisão traseira;1;9;1;0;0;0;1
16/09/2017;11:11:00;377;sem vítima;52,4;BR-116/SP;Pista Sul;Abalroamento longitudinal;1;3;0;0;0;0;1
16/09/2017;12:12:00;419;sem vítima;170,3;BR-116/RJ;Pista Sul;Colisão traseira;1;2;0;0;0;0;1
17/09/2017;13:08:00;379;sem vítima;317;BR-116/RJ;Pista Norte;Colisão traseira;1;2;0;0;0;0;1
17/09/2017;20:49:00;715;com vítima;282;BR-116/RJ;Pista Norte;Abalroamento longitudinal;1;1;1;0;0;0;1
18/09/2017;06:20:00;177;com vítima;229,9;BR-116/RJ;Pista Norte;Engavetamento;2;4;1;0;0;0;1
18/09/2017;07:35:00;236;sem vítima;27,5;BR-116/SP;Pista Norte;Choque em defensa;1;1;0;0;0;0;1
18/09/2017;10:19:00;409;sem vítima;217;BR-116/RJ;Pista Norte;Colisão traseira;2;2;0;0;0;0;1