data;horario;n_da_ocorrencia;tipo_de_ocorrencia;km;trecho;sentido;tipo_de_acidente;caminhao;ilesos;levemente_feridos;moderadamente_feridos;gravemente_feridos;mortos;3
18/09/2017;15:19:00;616;sem vítima;265;BR-116/RJ;Pista Norte;Abalroamento longitudinal;1;2;0;0;0;0;1
18/09/2017;17:34:00;722;sem vítima;89;BR-116/SP;Pista Sul;Abalroamento longitudinal;2;3;0;0;0;0;1
19/09/2017;06:10:00;142;sem vítima;221,1;BR-116/RJ;Pista Norte;Choque em barreira New Jersey;1;2;0;0;0;0;1
19/09/2017;18:15:00;763;sem vítima;107,3;BR-116/SP;Pista Norte;Abalroamento longitudinal;2;2;0;0;0;0;1
19/09/2017;18:36:00;777;sem vítima;221,5;BR-116/RJ;Pista Sul;Choque em veículo parado na pista;2;2;0;0;0;0;1
19/09/2017;19:03:00;796;sem vítima;290,7;BR-116/RJ;Pista Norte;Abalroamento longitudinal;1;2;0;0;0;0;1
20/09/2017;02:55:00;77;com vítima;220,3;BR-116/RJ;Pista Sul;Tombamento;1;0;1;0;0;0;1
20/09/2017;06:44:00;169;com vítima;276,8;BR-116/RJ;Pista Norte;Tombamento;1;0;1;0;0;0;1
20/09/2017;10:23:00;372;sem vítima;229,5;BR-116/SP;Pista Sul;Colisão traseira;2;2;0;0;0;0;1
20/09/2017;10:32:00;379;sem vítima;168,4;BR-116/RJ;Pista Norte;Abalroamento longitudinal;1;2;0;0;0;0;1
20/09/2017;11:34:00;426;sem vítima;230,6;BR-116/SP;Pista Sul;Abalroamento longitudinal;1;2;0;0;0;0;1
20/09/2017;15:18:00;584;sem vítima;211,9;BR-116/SP;Pista Sul;Colisão traseira;2;2;0;0;0;0;1
20/09/2017;15:59:00;601;com vítima;146,68;BR-116/SP;Pista Norte;Choque em barreira New Jersey;1;0;0;1;0;0;2
20/09/2017;21:21:00;818;sem vítima;112,55;BR-116/SP;Pista Norte;Abalroamento longitudinal;1;2;0;0;0;0;1
21/09/2017;03:14:00;81;com vítima;322,8;BR-116/RJ;Pista Norte;Colisão traseira;1;1;0;2;0;0;2
21/09/2017;03:49:00;94;sem vítima;188,4;BR-116/SP;Pista Sul;Colisão traseira;1;2;0;0;0;0;1
24/09/2017;03:55:00;73;sem vítima;202;BR-116/RJ;Pista Sul;Choque em defensa;1;4;0;0;0;0;1
26/09/2017;12:53:00;487;sem vítima;225;BR-116/SP;Pista Norte;Colisão traseira;1;2;0;0;0;0;1
30/09/2017;00:44:00;30;sem vítima;88;BR-116/SP;Pista Norte;Abalroamento longitudinal;2;2;0;0;0;0;1
30/09/2017;01:03:00;37;com vítima;109,2;BR-116/SP;Pista Sul;Choque em objeto fixo;1;2;1;0;0;0;1
21/09/2017;10:42:00;450;sem vítima;146,9;BR-116/SP;Pista Norte;Abalroamento longitudinal;1;2;0;0;0;0;1
21/09/2017;11:48:00;500;sem vítima;219;BR-116/SP;Pista Norte;Abalroamento longitudinal;1;2;0;0;0;0;1
21/09/2017;12:48:00;537;sem vítima;266,9;BR-116/RJ;Pista Sul;Choque em objeto na pista;1;1;0;0;0;0;1
21/09/2017;13:42:00;567;sem vítima;188,7;BR-116/SP;Pista Norte;Abalroamento longitudinal;2;2;0;0;0;0;1
21/09/2017;20:44:00;855;com vítima;225,4;BR-116/SP;Pista Norte;Queda de ribanceira;1;0;1;0;1;0;2
21/09/2017;22:55:00;906;com vítima;311,6;BR-116/RJ;Pista Sul;Colisão traseira;1;2;3;0;0;0;1
22/09/2017;00:07:00;18;sem vítima;222,55;BR-116/RJ;Pista Sul;Tombamento;1;1;0;0;0;0;1
22/09/2017;08:49:00;316;sem vítima;145,4;BR-116/SP;Pista Norte;Colisão traseira;1;8;0;0;0;0;1
22/09/2017;09:11:00;344;sem vítima;198,5;BR-116/SP;Pista Norte;Tombamento;1;1;0;0;0;0;1
22/09/2017;10:28:00;412;sem vítima;310,8;BR-116/RJ;Pista Sul;Abalroamento longitudinal;1;2;0;0;0;0;1
22/09/2017;10:38:00;421;sem vítima;168,7;BR-116/SP;Pista Sul;Colisão traseira;1;2;0;0;0;0;1
22/09/2017;18:47:00;793;sem vítima;259,2;BR-116/RJ;Pista Norte;Colisão traseira;1;2;0;0;0;0;1
23/09/2017;00:24:00;30;com vítima;219,5;BR-116/SP;Pista Norte;Colisão traseira;1;3;0;1;0;0;2
23/09/2017;12:05:00;416;sem vítima;224,2;BR-116/SP;Pista Sul;Abalroamento longitudinal;1;3;0;0;0;0;1
23/09/2017;15:20:00;552;sem vítima;296,2;BR-116/RJ;Pista Sul;Abalroamento longitudinal;2;2;0;0;0;0;1
24/09/2017;02:44:00;53;com vítima;69;BR-116/SP;Pista Sul;Atropelamento de pedestre atravessando;1;1;0;0;0;1;3
24/09/2017;10:27:00;293;com vítima;179,23;BR-116/SP;Pista Sul;Colisão traseira;1;1;0;1;0;0;2
24/09/2017;19:27:00;624;com vítima;83;BR-116/SP;Pista Norte;Colisão traseira;1;2;0;1;0;0;2
25/09/2017;11:48:00;447;sem vítima;332,3;BR-116/RJ;Pista Sul;Engavetamento;1;6;0;0;0;0;1
25/09/2017;18:22:00;753;sem vítima;146,7;BR-116/SP;Pista Norte;Abalroamento longitudinal;1;2;0;0;0;0;1
26/09/2017;01:39:00;42;sem vítima;211,9;BR-116/RJ;Pista Sul;Choque em objeto na pista;1;1;0;0;0;0;1
26/09/2017;04:11:00;76;sem vítima;234,75;BR-116/RJ;Pista Norte;Choque em objeto fixo;1;1;0;0;0;0;1
26/09/2017;05:19:00;86;com vítima;187;BR-116/RJ;Pista Norte;Colisão traseira;1;34;8;0;0;0;1
26/09/2017;05:54:00;108;sem vítima;174;BR-116/RJ;Pista Norte;Abalroamento longitudinal;1;2;0;0;0;0;1
26/09/2017;06:34:00;139;sem vítima;165,2;BR-116/SP;Pista Norte;Colisão traseira;1;5;0;0;0;0;1
26/09/2017;07:16:00;193;sem vítima;187,6;BR-116/RJ;Pista Sul;Abalroamento longitudinal;1;2;0;0;0;0;1
26/09/2017;21:48:00;852;com vítima;315,28;BR-116/RJ;Pista Sul;Colisão traseira;2;1;0;1;0;0;2
27/09/2017;02:49:00;80;sem vítima;143,6;BR-116/SP;Pista Norte;Colisão traseira;1;2;0;0;0;0;1
27/09/2017;07:07:00;216;sem vítima;208,4;BR-116/SP;Pista Sul;Abalroamento longitudinal;1;3;0;0;0;0;1
27/09/2017;09:33:00;379;com vítima;189,05;BR-116/SP;Pista Sul;Colisão traseira;1;1;0;1;0;0;2
27/09/2017;11:27:00;480;sem vítima;222,9;BR-116/SP;Pista Sul;Colisão traseira;1;2;0;0;0;0;1
27/09/2017;13:00:00;536;com vítima;152,3;BR-116/SP;Pista Norte;Tombamento;1;0;1;0;0;0;1
28/09/2017;00:34:00;31;sem vítima;223,9;BR-116/RJ;Pista Norte;Colisão traseira;2;2;0;0;0;0;1
28/09/2017;03:29:00;98;sem vítima;223,7;BR-116/RJ;Pista Norte;Choque em objeto fixo;1;1;0;0;0;0;1
28/09/2017;07:13:00;220;sem vítima;207,9;BR-116/SP;Pista Sul;Engavetamento;1;3;0;0;0;0;1
28/09/2017;09:14:00;352;sem vítima;223,3;BR-116/RJ;Pista Norte;Tombamento;1;1;0;0;0;0;1
28/09/2017;09:24:00;366;sem vítima;225,8;BR-116/RJ;Pista Norte;Tombamento;2;2;0;0;0;0;1
28/09/2017;14:21:00;608;sem vítima;203,8;BR-116/RJ;Pista Sul;Colisão traseira;1;3;0;0;0;0;1
28/09/2017;20:01:00;871;sem vítima;56,3;BR-116/SP;Pista Sul;Atropelamento de animal;1;1;0;0;0;0;1
28/09/2017;21:09:00;904;sem vítima;163,7;BR-116/RJ;Pista Sul;Colisão traseira;1;68;0;0;0;0;1
28/09/2017;23:30:00;962;sem vítima;165,2;BR-116/SP;Pista Norte;Outros;1;3;0;0;0;0;1
28/09/2017;23:55:00;971;com vítima;304;BR-116/RJ;Pista Sul;Abalroamento longitudinal;1;3;1;0;0;0;1
29/09/2017;00:58:00;39;sem vítima;180,2;BR-116/RJ;Pista Norte;Choque Talude;1;1;0;0;0;0;1
29/09/2017;05:44:00;120;sem vítima;130,2;BR-116/SP;Pista Sul;Choque em objeto na pista;1;1;0;0;0;0;1
29/09/2017;05:46:00;121;sem vítima;157,5;BR-116/SP;Pista Sul;Abalroamento longitudinal;1;3;0;0;0;0;1
29/09/2017;07:35:00;217;com vítima;218,42;BR-116/RJ;Pista Sul;Capotamento;1;0;1;0;0;0;1
29/09/2017;11:57:00;489;com vítima;146,6;BR-116/SP;Pista Norte;Colisão traseira;2;1;0;1;0;0;2
29/09/2017;15:44:00;651;sem vítima;328,5;BR-116/RJ;Pista Sul;Colisão traseira;1;2;0;0;0;0;1
29/09/2017;17:02:00;708;sem vítima;268,2;BR-116/RJ;Pista Sul;Abalroamento longitudinal;1;3;0;0;0;0;1
29/09/2017;18:07:00;764;sem vítima;101;BR-116/SP;Pista Norte;Abalroamento longitudinal;1;2;0;0;0;0;1
29/09/2017;22:37:00;911;sem vítima;301,6;BR-116/RJ;Pista Sul;Abalroamento longitudinal;1;2;0;0;0;0;1
29/09/2017;23:18:00;931;sem vítima;108;BR-116/SP;Pista Sul;Colisão traseira;1;3;0;0;0;0;1
30/09/2017;05:18:00;106;sem vítima;264,4;BR-116/RJ;Pista Norte;Choque em barreira New Jersey;1;3;0;0;0;0;1
30/09/2017;05:45:00;122;sem vítima;278,8;BR-116/RJ;Pista Sul;Tombamento;2;3;0;0;0;0;1
30/09/2017;06:10:00;139;sem vítima;278,5;BR-116/RJ;Pista Norte;Choque em objeto na pista;1;6;0;0;0;0;1
30/09/2017;07:26:00;187;sem vítima;214,6;BR-116/RJ;Pista Sul;Choque em barreira New Jersey;1;1;0;0;0;0;1
30/09/2017;08:17:00;218;com vítima;171;BR-116/RJ;Pista Sul;Engavetamento;1;2;2;0;0;0;1
30/09/2017;08:46:00;237;com vítima;283,9;BR-116/RJ;Pista Sul;Queda de ribanceira;1;0;3;0;0;0;1
30/09/2017;09:00:00;241;sem vítima;238,1;BR-116/RJ;Pista Norte;Abalroamento longitudinal;1;6;0;0;0;0;1
30/09/2017;09:02:00;243;com vítima;197;BR-116/RJ;Pista Sul;Colisão traseira;1;1;2;0;0;0;1
30/09/2017;09:37:00;268;sem vítima;183,8;BR-116/RJ;Pista Sul;Colisão traseira;1;2;0;0;0;0;1
30/09/2017;12:24:00;377;sem vítima;226,4;BR-116/RJ;Pista Sul;Abalroamento longitudinal;1;2;0;0;0;0;1
30/09/2017;14:13:00;448;com vítima;206;BR-116/SP;Pista Norte;Abalroamento longitudinal;1;1;2;0;0;0;1
30/09/2017;16:08:00;522;com vítima;86,95;BR-116/SP;Pista Sul;Colisão traseira;1;1;32;4;0;0;2
01/10/2017;06:55:00;128;com vítima;133,9;BR-116/SP;Pista Sul;Queda de ribanceira;1;0;0;0;1;0;2
01/10/2017;16:20:00;459;sem vítima;78,7;BR-116/SP;Pista Sul;Abalroamento longitudinal;1;3;0;0;0;0;1
01/10/2017;18:33:00;550;com vítima;238,55;BR-116/RJ;Pista Sul;Outros;1;1;1;0;0;0;1
02/10/2017;03:29:00;70;sem vítima;213;BR-116/SP;Pista Sul;Abalroamento longitudinal;1;26;0;0;0;0;1
02/10/2017;05:23:00;104;com vítima;209,3;BR-116/SP;Pista Norte;Engavetamento;2;7;1;0;0;0;1
02/10/2017;07:41:00;230;sem vítima;222,1;BR-116/RJ;Pista Norte;Choque em defensa;1;1;0;0;0;0;1
02/10/2017;10:04:00;386;sem vítima;27,9;BR-116/SP;Pista Sul;Choque em objeto na pista;1;1;0;0;0;0;1
02/10/2017;12:10:00;464;sem vítima;191;BR-116/SP;Pista Sul;Tombamento;1;1;0;0;0;0;1
02/10/2017;12:27:00;476;com vítima;246,8;BR-116/RJ;Pista Norte;Outros;1;0;2;0;0;0;1
02/10/2017;12:32:00;479;sem vítima;228,1;BR-116/SP;Pista Norte;Colisão traseira;1;4;0;0;0;0;1
02/10/2017;12:48:00;486;sem vítima;238,1;BR-116/RJ;Pista Norte;Choque em veículo parado na pista;1;3;0;0;0;0;1
02/10/2017;12:59:00;490;sem vítima;190,4;BR-116/SP;Pista Sul;Engavetamento;1;3;0;0;0;0;1
02/10/2017;13:35:00;522;com vítima;303,1;BR-116/RJ;Pista Sul;Abalroamento longitudinal;1;3;1;0;0;0;1
02/10/2017;14:54:00;579;com vítima;219;BR-116/SP;Pista Norte;Colisão traseira;1;1;0;1;0;0;2
02/10/2017;15:41:00;602;sem vítima;27,7;BR-116/SP;Pista Norte;Abalroamento longitudinal;1;3;0;0;0;0;1
02/10/2017;16:02:00;615;com vítima;187,18;BR-116/SP;Pista Sul;Abalroamento longitudinal;1;1;1;0;0;0;1
03/10/2017;03:39:00;88;sem vítima;121,4;BR-116/SP;Pista Norte;Choque em objeto na pista;1;2;0;0;0;0;1
03/10/2017;03:59:00;94;sem vítima;121,4;BR-116/SP;Pista Norte;Colisão traseira;1;3;0;0;0;0;1
03/10/2017;08:50:00;306;sem vítima;247,55;BR-116/RJ;Pista Norte;Choque em barreira New Jersey;1;1;0;0;0;0;1
07/10/2017;01:03:00;43;sem vítima;284,8;BR-116/RJ;Pista Sul;Choque em defensa;1;1;0;0;0;0;1
07/10/2017;05:14:00;120;com vítima;278;BR-116/RJ;Pista Norte;Colisão traseira;1;2;12;4;0;0;2
10/10/2017;12:33:00;514;sem vítima;50,3;BR-116/SP;Pista Norte;Abalroamento longitudinal;1;2;0;0;0;0;1
16/10/2017;06:51:00;150;sem vítima;227,9;BR-116/RJ;Pista Norte;Abalroamento longitudinal;1;3;0;0;0;0;1
03/10/2017;09:35:00;343;sem vítima;216,3;BR-116/SP;Pista Sul;Choque em barreira New Jersey;1;1;0;0;0;0;1
03/10/2017;16:02:00;591;sem vítima;210;BR-116/SP;Pista Sul;Colisão traseira;2;2;0;0;0;0;1
03/10/2017;17:43:00;668;sem vítima;176,3;BR-116/RJ;Pista Sul;Abalroamento longitudinal;1;2;0;0;0;0;1
03/10/2017;18:39:00;718;sem vítima;150,9;BR-116/SP;Pista Norte;Colisão traseira;2;2;0;0;0;0;1
04/10/2017;03:15:00;66;com vítima;186,4;BR-116/RJ;Pista Norte;Abalroamento longitudinal;1;1;0;0;2;0;2
04/10/2017;15:38:00;673;sem vítima;222,5;BR-116/SP;Pista Norte;Colisão traseira;2;3;0;0;0;0;1
04/10/2017;16:22:00;702;sem vítima;279;BR-116/RJ;Pista Sul;Abalroamento longitudinal;1;2;0;0;0;0;1
05/10/2017;06:46:00;169;sem vítima;167,2;BR-116/RJ;Pista Norte;Colisão traseira;1;2;0;0;0;0;1
05/10/2017;07:20:00;203;sem vítima;200,15;BR-116/RJ;Pista Norte;Abalroamento longitudinal;1;3;0;0;0;0;1
05/10/2017;10:09:00;391;sem vítima;165;BR-116/RJ;Pista Norte;Colisão traseira;1;3;0;0;0;0;1
05/10/2017;11:04:00;440;sem vítima;168,4;BR-116/RJ;Pista Sul;Colisão traseira;1;2;0;0;0;0;1
05/10/2017;11:48:00;471;sem vítima;221,8;BR-116/SP;Pista Sul;Colisão traseira;1;3;0;0;0;0;1
05/10/2017;13:14:00;529;com vítima;110,4;BR-116/SP;Pista Norte;Queda de moto;1;1;0;0;1;0;2
05/10/2017;16:03:00;685;com vítima;167;BR-116/RJ;Pista Sul;Colisão traseira;1;1;0;1;0;0;2
05/10/2017;17:44:00;780;sem vítima;165,5;BR-116/SP;Pista Norte;Abalroamento longitudinal;1;2;0;0;0;0;1
05/10/2017;22:20:00;951;com vítima;202,1;BR-116/RJ;Pista Sul;Abalroamento longitudinal;1;1;2;0;0;0;1
05/10/2017;23:10:00;972;com vítima;7;BR-116/SP;Pista Norte;Tombamento;1;0;0;0;0;1;3
06/10/2017;04:10:00;103;sem vítima;245,5;BR-116/RJ;Pista Norte;Choque em objeto fixo;1;1;0;0;0;0;1
06/10/2017;07:34:00;235;sem vítima;221,2;BR-116/SP;Pista Sul;Engavetamento;1;5;0;0;0;0;1
06/10/2017;14:00:00;593;sem vítima;170;BR-116/RJ;Pista Norte;Choque em barreira New Jersey;1;2;0;0;0;0;1
06/10/2017;15:06:00;659;com vítima;143,6;BR-116/SP;Pista Norte;Engavetamento;3;4;1;0;0;0;1
06/10/2017;17:18:00;774;sem vítima;173,1;BR-116/RJ;Pista Sul;Colisão traseira;1;4;0;0;0;0;1
07/10/2017;10:27:00;377;com vítima;168;BR-116/RJ;Pista Norte;Colisão traseira;1;1;1;0;0;0;1
07/10/2017;10:35:00;385;sem vítima;217,9;BR-116/SP;Pista Norte;Outros;1;2;0;0;0;0;1
07/10/2017;10:49:00;400;sem vítima;227,6;BR-116/RJ;Pista Norte;Colisão traseira;1;2;0;0;0;0;1
07/10/2017;12:08:00;440;sem vítima;113,3;BR-116/SP;Pista Norte;Colisão traseira;1;2;0;0;0;0;1
07/10/2017;15:11:00;564;sem vítima;228;BR-116/RJ;Pista Sul;Abalroamento longitudinal;1;2;0;0;0;0;1
08/10/2017;03:00:00;70;com vítima;231;BR-116/SP;Pista Norte;Choque em veículo parado na pista;1;1;1;0;0;0;1
08/10/2017;04:26:00;85;sem vítima;226,8;BR-116/RJ;Pista Norte;Choque Talude;1;1;0;0;0;0;1
08/10/2017;20:20:00;640;sem vítima;20;BR-116/SP;Pista Norte;Engavetamento;2;3;0;0;0;0;1
09/10/2017;03:54:00;71;sem vítima;221,8;BR-116/SP;Pista Norte;Choque em veículo parado na pista;1;3;0;0;0;0;1
09/10/2017;13:00:00;552;sem vítima;177,7;BR-116/RJ;Pista Sul;Abalroamento longitudinal;1;2;0;0;0;0;1
09/10/2017;13:06:00;554;sem vítima;210,5;BR-116/SP;Pista Sul;Abalroamento longitudinal;2;2;0;0;0;0;1
09/10/2017;14:57:00;640;sem vítima;216,5;BR-116/SP;Pista Sul;Colisão traseira;1;3;0;0;0;0;1
09/10/2017;16:05:00;696;sem vítima;260,58;BR-116/RJ;Pista Norte;Choque em objeto na pista;1;1;0;0;0;0;1
09/10/2017;19:31:00;889;sem vítima;133,4;BR-116/SP;Pista Sul;Colisão traseira;1;2;0;0;0;0;1
09/10/2017;20:01:00;912;sem vítima;174,9;BR-116/RJ;Pista Sul;Engavetamento;1;6;0;0;0;0;1
10/10/2017;01:02:00;41;sem vítima;204,5;BR-116/SP;Pista Norte;Colisão traseira;1;4;0;0;0;0;1
10/10/2017;05:26:00;100;sem vítima;276,4;BR-116/RJ;Pista Sul;Tombamento;1;1;0;0;0;0;1
10/10/2017;07:17:00;187;sem vítima;158,7;BR-116/SP;Pista Norte;Colisão traseira;2;3;0;0;0;0;1
10/10/2017;07:50:00;236;sem vítima;178,8;BR-116/SP;Pista Norte;Colisão traseira;2;3;0;0;0;0;1
10/10/2017;08:09:00;259;sem vítima;202,04;BR-116/RJ;Pista Sul;Choque em objeto na pista;2;2;0;0;0;0;1
10/10/2017;18:06:00;808;sem vítima;297;BR-116/RJ;Pista Sul;Colisão traseira;1;2;0;0;0;0;1
10/10/2017;19:19:00;870;sem vítima;162,1;BR-116/SP;Pista Norte;Abalroamento longitudinal;2;3;0;0;0;0;1
10/10/2017;22:00:00;977;sem vítima;230,1;BR-116/SP;Pista Norte;Colisão traseira;1;2;0;0;0;0;1
10/10/2017;23:24:00;1008;sem vítima;203,2;BR-116/RJ;Pista Sul;Tombamento;1;2;0;0;0;0;1
11/10/2017;13:08:00;567;com vítima;64,53;BR-116/SP;Pista Sul;Choque em barreira New Jersey;1;0;1;0;0;0;1
11/10/2017;15:33:00;696;sem vítima;174,5;BR-116/RJ;Pista Sul;Colisão traseira;1;2;0;0;0;0;1
11/10/2017;18:21:00;873;sem vítima;224,8;BR-116/SP;Pista Norte;Colisão traseira;1;3;0;0;0;0;1
12/10/2017;08:52:00;291;com vítima;290,3;BR-116/RJ;Pista Sul;Abalroamento longitudinal;1;1;2;0;0;0;1
12/10/2017;13:15:00;487;com vítima;267,3;BR-116/RJ;Pista Norte;Abalroamento longitudinal;1;1;0;4;0;0;2
12/10/2017;20:56:00;845;sem vítima;333;BR-116/RJ;Pista Norte;Colisão traseira;2;2;0;0;0;0;1
13/10/2017;01:16:00;42;com vítima;108,75;BR-116/SP;Pista Sul;Abalroamento longitudinal;1;1;1;0;0;0;1
13/10/2017;04:28:00;69;sem vítima;217,25;BR-116/SP;Pista Norte;Choque em objeto na pista;2;3;0;0;0;0;1
13/10/2017;14:25:00;541;sem vítima;205,8;BR-116/SP;Pista Sul;Choque em objeto fixo;1;1;0;0;0;0;1
13/10/2017;16:44:00;662;sem vítima;182,3;BR-116/SP;Pista Norte;Choque em objeto fixo;1;1;0;0;0;0;1
13/10/2017;20:28:00;866;sem vítima;177,2;BR-116/SP;Pista Norte;Choque em objeto na pista;1;4;0;0;0;0;1
13/10/2017;20:57:00;889;sem vítima;219,7;BR-116/SP;Pista Norte;Colisão traseira;1;2;0;0;0;0;1
13/10/2017;22:36:00;933;sem vítima;284,9;BR-116/RJ;Pista Sul;Colisão traseira;1;2;0;0;0;0;1
14/10/2017;15:39:00;567;sem vítima;132,4;BR-116/SP;Pista Norte;Colisão traseira;2;2;0;0;0;0;1
14/10/2017;16:30:00;609;sem vítima;296;BR-116/RJ;Pista Sul;Colisão traseira;1;2;0;0;0;0;1
15/10/2017;20:45:00;645;sem vítima;189,1;BR-116/SP;Pista Norte;Abalroamento longitudinal;1;3;0;0;0;0;1
16/10/2017;00:54:00;41;com vítima;198,9;BR-116/SP;Pista Norte;Colisão traseira;1;0;0;2;0;0;2
16/10/2017;09:07:00;283;sem vítima;161;BR-116/SP;Pista Norte;Outros;1;2;0;0;0;0;1
16/10/2017;17:02:00;637;com vítima;222,5;BR-116/RJ;Pista Sul;Colisão traseira;1;2;0;1;0;0;2
16/10/2017;18:00:00;675;com vítima;62,3;BR-116/SP;Pista Sul;Engavetamento;1;5;0;2;0;0;2
16/10/2017;18:31:00;702;com vítima;221,1;BR-116/SP;Pista Sul;Abalroamento longitudinal;1;2;1;0;0;0;1
16/10/2017;19:31:00;737;com vítima;167,3;BR-116/RJ;Pista Norte;Colisão traseira;1;4;1;0;0;0;1
16/10/2017;20:09:00;760;com vítima;231,4;BR-116/SP;Pista Norte;Atropelamento de pedestre caminhando;1;2;0;1;0;0;2
16/10/2017;21:40:00;810;sem vítima;268,2;BR-116/RJ;Pista Norte;Abalroamento longitudinal;1;6;0;0;0;0;1
17/10/2017;09:32:00;314;sem vítima;220;BR-116/RJ;Pista Norte;Tombamento;1;1;0;0;0;0;1
17/10/2017;15:57:00;579;com vítima;212,3;BR-116/RJ;Pista Sul;Colisão traseira;1;1;2;1;0;0;2
17/10/2017;22:02:00;832;sem vítima;152,8;BR-116/SP;Pista Norte;Colisão traseira;2;2;0;0;0;0;1
18/10/2017;01:33:00;51;sem vítima;233,9;BR-116/RJ;Pista Norte;Choque em veículo parado na pista;2;2;0;0;0;0;1
18/10/2017;07:46:00;239;sem vítima;295;BR-116/RJ;Pista Sul;Abalroamento longitudinal;1;2;0;0;0;0;1
18/10/2017;10:46:00;422;sem vítima;65;BR-116/SP;Pista Sul;Abalroamento longitudinal;2;2;0;0;0;0;1
18/10/2017;11:42:00;452;sem vítima;65,4;BR-116/SP;Pista Norte;Choque em defensa;1;1;0;0;0;0;1
18/10/2017;18:48:00;789;com vítima;47,6;BR-116/SP;Pista Norte;Choque em objeto na pista;1;2;2;0;0;0;1
18/10/2017;22:43:00;929;com vítima;223,9;BR-116/RJ;Pista Norte;Choque Talude;1;0;1;0;0;0;1
18/10/2017;23:56:00;952;com vítima;106,8;BR-116/SP;Pista Norte;Colisão traseira;1;1;1;0;0;0;1
19/10/2017;03:09:00;75;sem vítima;323,5;BR-116/RJ;Pista Norte;Colisão traseira;2;3;0;0;0;0;1
19/10/2017;08:05:00;260;com vítima;169,9;BR-116/SP;Pista Sul;Choque em barreira New Jersey;1;0;1;0;0;0;1
19/10/2017;10:27:00;419;sem vítima;223,05;BR-116/RJ;Pista Norte;Choque Talude;1;2;0;0;0;0;1
19/10/2017;10:56:00;441;sem vítima;65;BR-116/SP;Pista Sul;Colisão traseira;1;6;0;0;0;0;1
19/10/2017;11:20:00;458;sem vítima;220,25;BR-116/SP;Pista Sul;Abalroamento longitudinal;2;4;0;0;0;0;1
19/10/2017;12:46:00;514;sem vítima;207,1;BR-116/RJ;Pista Sul;Colisão traseira;1;2;0;0;0;0;1
19/10/2017;13:25:00;550;sem vítima;72,6;BR-116/SP;Pista Norte;Choque em defensa;1;1;0;0;0;0;1
19/10/2017;16:41:00;723;sem vítima;166,2;BR-116/RJ;Pista Norte;Colisão traseira;2;2;0;0;0;0;1
19/10/2017;17:27:00;757;sem vítima;113;BR-116/SP;Pista Norte;Abalroamento longitudinal;1;3;0;0;0;0;1
19/10/2017;20:10:00;930;sem vítima;297;BR-116/RJ;Pista Sul;Choque em objeto na pista;1;1;0;0;0;0;1
19/10/2017;21:21:00;973;com vítima;297,5;BR-116/RJ;Pista Norte;Colisão traseira;2;1;3;0;0;1;3
20/10/2017;06:44:00;158;sem vítima;288,7;BR-116/RJ;Pista Norte;Abalroamento longitudinal;1;2;0;0;0;0;1
20/10/2017;07:45:00;229;sem vítima;183;BR-116/RJ;Pista Norte;Abalroamento longitudinal;1;6;0;0;0;0;1
20/10/2017;08:40:00;306;com vítima;277,7;BR-116/RJ;Pista Sul;Colisão traseira;1;1;1;0;0;0;1
20/10/2017;16:12:00;694;sem vítima;225,9;BR-116/RJ;Pista Sul;Abalroamento longitudinal;1;5;0;0;0;0;1
21/10/2017;04:21:00;99;com vítima;210,15;BR-116/SP;Pista Sul;Choque em veículo parado na pista;1;1;4;0;0;0;1
21/10/2017;07:58:00;229;sem vítima;146;BR-116/SP;Pista Norte;Abalroamento longitudinal;1;5;0;0;0;0;1
21/10/2017;12:33:00;419;sem vítima;161,8;BR-116/SP;Pista Norte;Abalroamento longitudinal;1;3;0;0;0;0;1
21/10/2017;15:17:00;529;com vítima;216,3;BR-116/SP;Pista Norte;Colisão traseira;1;1;2;0;0;0;1
21/10/2017;21:04:00;741;sem vítima;164,55;BR-116/RJ;Pista Sul;Abalroamento longitudinal;1;3;0;0;0;0;1
29/10/2017;06:06:00;116;com vítima;48,15;BR-116/SP;Pista Sul;Atropelamento de pedestre atravessando;2;2;0;0;0;1;3
22/10/2017;00:05:00;16;com vítima;116;BR-116/SP;Pista Norte;Colisão traseira;1;1;2;0;0;0;1
22/10/2017;01:58:00;43;com vítima;86,95;BR-116/SP;Pista Norte;Colisão traseira;1;28;2;0;0;0;1
22/10/2017;06:44:00;111;com vítima;100,5;BR-116/SP;Pista Norte;Capotamento;1;1;1;0;0;0;1
22/10/2017;10:16:00;245;com vítima;95,9;BR-116/SP;Pista Sul;Colisão traseira;2;0;0;2;0;0;2
22/10/2017;10:58:00;270;sem vítima;161,95;BR-116/SP;Pista Sul;Choque em defensa;1;1;0;0;0;0;1
22/10/2017;13:26:00;335;sem vítima;98,9;BR-116/SP;Pista Norte;Colisão traseira;2;2;0;0;0;0;1
22/10/2017;18:13:00;513;sem vítima;167,5;BR-116/RJ;Pista Norte;Colisão traseira;1;2;0;0;0;0;1
22/10/2017;19:01:00;546;sem vítima;172;BR-116/RJ;Pista Sul;Colisão traseira;1;6;0;0;0;0;1
23/10/2017;02:30:00;56;com vítima;205,4;BR-116/RJ;Pista Norte;Colisão traseira;1;2;1;0;0;0;1
23/10/2017;04:05:00;73;com vítima;207,17;BR-116/SP;Pista Sul;Choque em veículo parado na pista;1;3;1;0;0;0;1
23/10/2017;04:26:00;79;sem vítima;156,6;BR-116/SP;Pista Norte;Atropelamento de animal;1;1;0;0;0;0;1
23/10/2017;04:30:00;81;sem vítima;328,3;BR-116/RJ;Pista Norte;Choque em barreira New Jersey;1;1;0;0;0;0;1
23/10/2017;07:26:00;171;sem vítima;208;BR-116/RJ;Pista Norte;Colisão traseira;2;2;0;0;0;0;1