data;horario;n_da_ocorrencia;tipo_de_ocorrencia;km;trecho;sentido;tipo_de_acidente;caminhao;ilesos;levemente_feridos;moderadamente_feridos;gravemente_feridos;mortos;3
23/10/2017;08:45:00;262;sem vítima;327,7;BR-116/RJ;Pista Norte;Queda de ribanceira;1;2;0;0;0;0;1
23/10/2017;10:54:00;347;com vítima;279,05;BR-116/RJ;Pista Norte;Choque em objeto fixo;1;0;0;2;0;0;2
23/10/2017;11:47:00;375;com vítima;247,82;BR-116/RJ;Pista Norte;Queda de ribanceira;1;0;0;0;1;0;2
23/10/2017;12:14:00;391;com vítima;282,7;BR-116/RJ;Pista Norte;Engavetamento;1;1;1;1;0;0;2
23/10/2017;12:29:00;403;com vítima;282,9;BR-116/RJ;Pista Norte;Engavetamento;1;5;0;1;0;0;2
23/10/2017;13:29:00;440;sem vítima;174,2;BR-116/SP;Pista Norte;Choque em defensa;1;2;0;0;0;0;1
23/10/2017;14:45:00;489;com vítima;216,1;BR-116/SP;Pista Sul;Colisão traseira;1;1;1;0;0;0;1
23/10/2017;15:06:00;508;com vítima;173;BR-116/SP;Pista Sul;Tombamento;1;0;3;0;0;0;1
23/10/2017;16:37:00;570;com vítima;228,05;BR-116/RJ;Pista Norte;Colisão traseira;1;4;2;0;0;0;1
23/10/2017;17:01:00;583;com vítima;223,1;BR-116/SP;Pista Sul;Abalroamento longitudinal;1;1;1;0;0;0;1
23/10/2017;20:41:00;748;com vítima;69,8;BR-116/SP;Pista Sul;Choque em barreira New Jersey;1;2;4;0;0;0;1
23/10/2017;21:14:00;769;sem vítima;223;BR-116/RJ;Pista Sul;Abalroamento longitudinal;1;2;0;0;0;0;1
24/10/2017;04:00:00;84;sem vítima;65,6;BR-116/SP;Pista Sul;Colisão traseira;1;2;0;0;0;0;1
24/10/2017;08:39:00;247;sem vítima;96,5;BR-116/SP;Pista Norte;Choque em objeto na pista;1;1;0;0;0;0;1
24/10/2017;11:04:00;371;com vítima;166,1;BR-116/SP;Pista Norte;Atropelamento de pedestre atravessando;1;1;0;0;1;0;2
24/10/2017;13:11:00;460;sem vítima;177;BR-116/RJ;Pista Sul;Colisão traseira;1;2;0;0;0;0;1
24/10/2017;17:44:00;649;sem vítima;209,5;BR-116/SP;Pista Sul;Abalroamento longitudinal;1;3;0;0;0;0;1
24/10/2017;17:49:00;655;sem vítima;155,3;BR-116/SP;Pista Norte;Abalroamento longitudinal;1;2;0;0;0;0;1
24/10/2017;17:51:00;658;sem vítima;133,6;BR-116/SP;Pista Sul;Engavetamento;1;3;0;0;0;0;1
24/10/2017;18:35:00;702;sem vítima;110,1;BR-116/SP;Pista Norte;Abalroamento longitudinal;1;4;0;0;0;0;1
24/10/2017;21:51:00;826;sem vítima;195,4;BR-116/RJ;Pista Norte;Abalroamento longitudinal;1;17;0;0;0;0;1
24/10/2017;23:16:00;874;com vítima;247,2;BR-116/RJ;Pista Norte;Colisão traseira;2;16;4;2;0;0;2
25/10/2017;03:00:00;71;sem vítima;212,58;BR-116/SP;Pista Sul;Colisão traseira;1;5;0;0;0;0;1
25/10/2017;05:21:00;95;com vítima;224,6;BR-116/RJ;Pista Norte;Tombamento;1;0;0;1;0;0;2
25/10/2017;06:27:00;125;sem vítima;32,7;BR-116/SP;Pista Norte;Tombamento;1;1;0;0;0;0;1
25/10/2017;14:45:00;536;com vítima;207,8;BR-116/SP;Pista Sul;Engavetamento;2;4;1;0;0;0;1
25/10/2017;19:30:00;778;sem vítima;168,1;BR-116/SP;Pista Norte;Abalroamento longitudinal;1;4;0;0;0;0;1
26/10/2017;06:37:00;136;sem vítima;224;BR-116/RJ;Pista Sul;Choque em objeto fixo;1;1;0;0;0;0;1
26/10/2017;06:52:00;146;sem vítima;238,8;BR-116/RJ;Pista Norte;Tombamento;1;1;0;0;0;0;1
26/10/2017;07:45:00;190;com vítima;140;BR-116/SP;Pista Norte;Abalroamento longitudinal;2;1;1;0;0;0;1
26/10/2017;07:59:00;206;sem vítima;238,9;BR-116/RJ;Pista Norte;Choque em veículo parado na pista;1;2;0;0;0;0;1
26/10/2017;11:41:00;394;sem vítima;25,5;BR-116/SP;Pista Norte;Abalroamento longitudinal;1;2;0;0;0;0;1
26/10/2017;12:17:00;420;sem vítima;218,3;BR-116/SP;Pista Sul;Abalroamento longitudinal;1;2;0;0;0;0;1
26/10/2017;14:09:00;498;sem vítima;187,75;BR-116/RJ;Pista Sul;Colisão traseira;1;11;0;0;0;0;1
26/10/2017;14:38:00;516;com vítima;230,2;BR-116/SP;Pista Sul;Abalroamento longitudinal;1;1;1;0;0;0;1
26/10/2017;22:20:00;831;com vítima;256,8;BR-116/RJ;Pista Sul;Colisão traseira;2;1;1;0;0;0;1
27/10/2017;00:27:00;26;sem vítima;273,4;BR-116/RJ;Pista Norte;Choque em objeto na pista;1;4;0;0;0;0;1
27/10/2017;06:35:00;157;com vítima;207,76;BR-116/SP;Pista Sul;Engavetamento;1;4;2;1;0;0;2
27/10/2017;10:19:00;363;sem vítima;269,4;BR-116/RJ;Pista Sul;Colisão traseira;1;2;0;0;0;0;1
27/10/2017;11:18:00;399;sem vítima;113;BR-116/SP;Pista Norte;Choque em veículo parado na pista;1;6;0;0;0;0;1
27/10/2017;12:22:00;446;sem vítima;222,1;BR-116/RJ;Pista Norte;Tombamento;1;1;0;0;0;0;1
27/10/2017;12:39:00;463;sem vítima;136;BR-116/SP;Pista Sul;Abalroamento longitudinal;1;5;0;0;0;0;1
27/10/2017;16:18:00;636;sem vítima;209,4;BR-116/RJ;Pista Sul;Colisão traseira;1;6;0;0;0;0;1
27/10/2017;18:21:00;724;sem vítima;104,4;BR-116/SP;Pista Sul;Abalroamento longitudinal;1;2;0;0;0;0;1
28/10/2017;04:15:00;67;sem vítima;128,74;BR-116/SP;Pista Norte;Choque em objeto na pista;1;2;0;0;0;0;1
28/10/2017;06:29:00;116;com vítima;159,8;BR-116/SP;Pista Norte;Abalroamento longitudinal;1;1;1;0;0;0;1
28/10/2017;12:16:00;430;sem vítima;178,3;BR-116/RJ;Pista Sul;Abalroamento longitudinal;1;2;0;0;0;0;1
28/10/2017;15:38:00;560;com vítima;16,5;BR-116/SP;Pista Sul;Choque em veículo parado na pista;1;1;0;1;0;0;2
29/10/2017;20:50:00;660;sem vítima;177,7;BR-116/RJ;Pista Norte;Abalroamento longitudinal;2;4;0;0;0;0;1
29/10/2017;22:22:00;696;sem vítima;165,2;BR-116/SP;Pista Norte;Colisão traseira;1;2;0;0;0;0;1
30/10/2017;07:42:00;218;sem vítima;300,2;BR-116/RJ;Pista Norte;Colisão traseira;1;2;0;0;0;0;1
30/10/2017;07:57:00;235;sem vítima;205,12;BR-116/SP;Pista Sul;Colisão traseira;1;3;0;0;0;0;1
30/10/2017;13:47:00;533;com vítima;188;BR-116/SP;Pista Sul;Abalroamento longitudinal;1;2;1;0;0;0;1
30/10/2017;14:28:00;564;sem vítima;268,4;BR-116/RJ;Pista Norte;Colisão traseira;2;2;0;0;0;0;1
30/10/2017;18:23:00;740;sem vítima;270,55;BR-116/RJ;Pista Sul;Colisão traseira;1;2;0;0;0;0;1
30/10/2017;21:20:00;870;com vítima;269,45;BR-116/RJ;Pista Sul;Tombamento;1;0;0;2;0;0;2
30/10/2017;21:28:00;874;com vítima;266;BR-116/RJ;Pista Sul;Queda de ribanceira;1;0;1;0;0;0;1
30/10/2017;23:58:00;917;sem vítima;146,2;BR-116/SP;Pista Sul;Choque em objeto na pista;1;2;0;0;0;0;1
31/10/2017;02:14:00;55;sem vítima;201,2;BR-116/SP;Pista Norte;Abalroamento longitudinal;1;2;0;0;0;0;1
31/10/2017;06:08:00;127;sem vítima;135,8;BR-116/SP;Pista Sul;Abalroamento longitudinal;1;3;0;0;0;0;1
31/10/2017;10:52:00;425;sem vítima;189;BR-116/RJ;Pista Sul;Colisão traseira;1;2;0;0;0;0;1
31/10/2017;10:52:00;426;sem vítima;208,2;BR-116/SP;Pista Sul;Colisão traseira;2;2;0;0;0;0;1
31/10/2017;11:48:00;467;com vítima;216;BR-116/SP;Pista Sul;Tombamento;1;0;1;0;0;0;1
31/10/2017;12:41:00;494;sem vítima;225,4;BR-116/SP;Pista Sul;Abalroamento longitudinal;1;3;0;0;0;0;1
31/10/2017;15:37:00;622;sem vítima;205;BR-116/RJ;Pista Norte;Colisão traseira;1;2;0;0;0;0;1
31/10/2017;17:20:00;690;com vítima;18,5;BR-116/SP;Pista Norte;Choque em barreira New Jersey;1;3;1;0;0;0;1
31/10/2017;21:43:00;848;com vítima;225,3;BR-116/SP;Pista Sul;Abalroamento longitudinal;1;2;1;0;0;0;1
01/11/2017;05:50:00;109;sem vítima;30,799999237060547;BR-116/SP;Pista Norte;Colisão Traseira;2;2;;;;;1
01/11/2017;06:03:00;113;sem vítima;80,5;BR-116/SP;Pista Sul;Queda de ribanceira;1;1;;;;;1
01/11/2017;06:49:00;151;sem vítima;28,799999237060547;BR-116/SP;Pista Sul;Outros;1;1;;;;;1
01/11/2017;08:40:00;260;sem vítima;226,1999969482422;BR-116/SP;Pista Sul;Colisão Traseira;2;3;;;;;1
02/11/2017;06:50:00;143;com vítima;191,10000610351562;BR-116/SP;Pista Norte;Choque em Barreira New Jersey;1;2;;1;;;2
02/11/2017;11:30:00;383;sem vítima;117,5;BR-116/SP;Pista Norte;Colisão Traseira;1;2;;;;;1
02/11/2017;11:46:00;394;sem vítima;285,79998779296875;BR-116/RJ;Pista Sul;Colisão Traseira;1;3;;;;;1
03/11/2017;09:05:00;272;sem vítima;222,10000610351562;BR-116/RJ;Pista Norte;Tombamento;1;1;;;;;1
03/11/2017;09:22:00;295;sem vítima;225,5;BR-116/SP;Pista Sul;Colisão Traseira;1;2;;;;;1
03/11/2017;15:24:00;545;sem vítima;113,80000305175781;BR-116/SP;Pista Norte;Choque em objeto fixo;1;1;;;;;1
03/11/2017;20:06:00;772;sem vítima;286,20001220703125;BR-116/RJ;Pista Sul;Colisão Traseira;1;2;;;;;1
05/11/2017;01:02:00;27;sem vítima;228,10000610351562;BR-116/SP;Pista Sul;Abalroamento Longitudinal;1;6;;;;;1
05/11/2017;16:13:00;466;sem vítima;310,8999938964844;BR-116/RJ;Pista Norte;Choque em objeto fixo;1;1;;;;;1
05/11/2017;17:33:00;513;com vítima;105,80000305175781;BR-116/SP;Pista Norte;Colisão Traseira;2;1;;1;;;2
05/11/2017;18:12:00;546;com vítima;239,89999389648438;BR-116/RJ;Pista Norte;Engavetamento;1;22;3;4;2;;2
05/11/2017;18:24:00;559;sem vítima;195,10000610351562;BR-116/RJ;Pista Norte;Colisão Traseira;1;3;;;;;1
06/11/2017;03:20:00;68;com vítima;197,5;BR-116/SP;Pista Sul;Colisão Traseira;1;2;1;;;;1
06/11/2017;19:06:00;694;com vítima;223,10000610351562;BR-116/SP;Pista Norte;Colisão Traseira;1;2;;1;;;2
06/11/2017;22:22:00;797;sem vítima;148,8000030517578;BR-116/SP;Pista Norte;Abalroamento Longitudinal;1;2;;;;;1
07/11/2017;09:37:00;344;com vítima;187;BR-116/RJ;Pista Sul;Colisão Traseira;1;1;;;1;;2
07/11/2017;13:43:00;513;sem vítima;223,89999389648438;BR-116/RJ;Pista Norte;Abalroamento Longitudinal;2;2;;;;;1
07/11/2017;20:23:00;808;sem vítima;143,3000030517578;BR-116/SP;Pista Norte;Choque em veículo parado na pista;1;2;;;;;1
08/11/2017;01:19:00;40;sem vítima;223,85000610351562;BR-116/RJ;Pista Norte;Choque Talude;1;1;;;;;1
08/11/2017;10:37:00;382;sem vítima;202,89999389648438;BR-116/RJ;Pista Sul;Colisão Traseira;1;2;;;;;1
08/11/2017;11:50:00;427;sem vítima;211,5;BR-116/SP;Pista Sul;Outros;2;3;;;;;1
09/11/2017;03:49:00;94;com vítima;64,9000015258789;BR-116/SP;Pista Sul;Tombamento;1;1;;;;1;3
09/11/2017;15:31:00;596;sem vítima;224,5;BR-116/SP;Pista Norte;Engavetamento;1;3;;;;;1
10/11/2017;14:34:00;631;sem vítima;229,1999969482422;BR-116/SP;Pista Sul;Choque em Defensa;1;1;;;;;1
10/11/2017;17:19:00;775;sem vítima;229,89999389648438;BR-116/SP;Pista Norte;Abalroamento Longitudinal;1;2;;;;;1
10/11/2017;18:18:00;823;sem vítima;58,849998474121094;BR-116/SP;Pista Norte;Abalroamento Longitudinal;1;2;;;;;1
11/11/2017;04:16:00;95;sem vítima;200,8000030517578;BR-116/SP;Pista Sul;Colisão Traseira;1;23;;;;;1
11/11/2017;04:51:00;100;sem vítima;76,19999694824219;BR-116/SP;Pista Sul;Colisão Traseira;1;2;;;;;1
11/11/2017;13:33:00;427;sem vítima;33,400001525878906;BR-116/SP;Pista Sul;Tombamento;2;2;;;;;1
11/11/2017;15:49:00;499;com vítima;247,64999389648438;BR-116/RJ;Pista Norte;Choque em objeto fixo;1;2;1;;;;1
11/11/2017;16:01:00;513;com vítima;279;BR-116/RJ;Pista Norte;Colisão Traseira;1;1;1;;;;1
12/11/2017;00:22:00;28;com vítima;297,8999938964844;BR-116/RJ;Pista Sul;Colisão Traseira;2;1;1;;;;1
12/11/2017;07:11:00;120;sem vítima;110;BR-116/SP;Pista Norte;Colisão Traseira;1;2;;;;;1
12/11/2017;09:00:00;171;sem vítima;86,4000015258789;BR-116/SP;Pista Norte;Colisão Traseira;1;6;;;;;1
12/11/2017;10:57:00;258;sem vítima;108;BR-116/SP;Pista Norte;Capotamento;1;3;;;;;1
12/11/2017;11:24:00;271;com vítima;65,44999694824219;BR-116/SP;Pista Norte;Colisão Traseira;1;2;;;;1;3
12/11/2017;14:57:00;383;sem vítima;299;BR-116/RJ;Pista Norte;Abalroamento Longitudinal;1;2;;;;;1
12/11/2017;17:00:00;465;sem vítima;182,3000030517578;BR-116/SP;Pista Norte;Engavetamento;1;3;;;;;1
12/11/2017;18:14:00;534;sem vítima;172,1999969482422;BR-116/RJ;Pista Norte;Choque em Barreira New Jersey;1;1;;;;;1
13/11/2017;05:25:00;116;sem vítima;302,5;BR-116/RJ;Pista Norte;Abalroamento Longitudinal;2;3;;;;;1
13/11/2017;06:51:00;178;sem vítima;128,5;BR-116/SP;Pista Norte;Engavetamento;3;3;;;;;1
13/11/2017;06:57:00;182;sem vítima;227,67999267578125;BR-116/RJ;Pista Norte;Engavetamento;3;4;;;;;1
13/11/2017;07:21:00;195;sem vítima;229,3000030517578;BR-116/RJ;Pista Norte;Colisão Traseira;1;3;;;;;1
13/11/2017;08:30:00;277;sem vítima;128,10000610351562;BR-116/SP;Pista Norte;Abalroamento Longitudinal;1;3;;;;;1
13/11/2017;10:14:00;377;sem vítima;169;BR-116/RJ;Pista Norte;Colisão Traseira;1;2;;;;;1
13/11/2017;13:49:00;522;sem vítima;223;BR-116/SP;Pista Norte;Abalroamento Longitudinal;1;3;;;;;1
13/11/2017;16:13:00;631;sem vítima;89,9000015258789;BR-116/SP;Pista Sul;Abalroamento Longitudinal;1;3;;;;;1
13/11/2017;23:57:00;926;sem vítima;193;BR-116/SP;Pista Norte;Abalroamento Longitudinal;1;5;;;;;1
14/11/2017;04:53:00;87;com vítima;81,9000015258789;BR-116/SP;Pista Norte;Atropelamento de Pedestre Atravessando;1;1;;;;1;3
14/11/2017;07:38:00;211;com vítima;223,39999389648438;BR-116/RJ;Pista Norte;Colisão Traseira;2;1;1;;;;1
14/11/2017;08:44:00;295;com vítima;216,60000610351562;BR-116/SP;Pista Sul;Choque em veículo parado na pista;1;39;9;;;;1
14/11/2017;13:41:00;515;sem vítima;229,10000610351562;BR-116/RJ;Pista Norte;Colisão Traseira;1;2;;;;;1
14/11/2017;17:13:00;680;com vítima;229,3000030517578;BR-116/SP;Pista Norte;Abalroamento Longitudinal;1;2;1;;;;1
14/11/2017;18:26:00;752;sem vítima;207;BR-116/RJ;Pista Sul;Colisão Traseira;1;6;;;;;1
14/11/2017;18:41:00;767;sem vítima;145,6999969482422;BR-116/SP;Pista Norte;Colisão Traseira;1;3;;;;;1
14/11/2017;20:02:00;842;sem vítima;280,29998779296875;BR-116/RJ;Pista Sul;Abalroamento Longitudinal;1;3;;;;;1
15/11/2017;03:13:00;74;sem vítima;151;BR-116/SP;Pista Sul;Colisão Traseira;2;2;;;;;1
15/11/2017;05:05:00;92;sem vítima;224,17999267578125;BR-116/RJ;Pista Norte;Choque em objeto fixo;1;1;;;;;1
15/11/2017;13:22:00;381;sem vítima;321,20001220703125;BR-116/RJ;Pista Norte;Colisão Traseira;1;2;;;;;1
15/11/2017;14:49:00;432;sem vítima;108;BR-116/SP;Pista Sul;Colisão Traseira;1;4;;;;;1
15/11/2017;15:10:00;450;sem vítima;227,5;BR-116/RJ;Pista Sul;Colisão Traseira;2;2;;;;;1
15/11/2017;15:27:00;457;sem vítima;199,39999389648438;BR-116/SP;Pista Sul;Colisão Traseira;2;2;;;;;1
15/11/2017;18:33:00;595;sem vítima;248,60000610351562;BR-116/RJ;Pista Sul;Choque em objeto fixo;1;2;;;;;1
15/11/2017;21:27:00;708;sem vítima;105,30000305175781;BR-116/SP;Pista Sul;Choque em objeto na pista;2;3;;;;;1
16/11/2017;02:28:00;51;com vítima;103,9000015258789;BR-116/SP;Pista Norte;Choque em veículo parado na pista;2;2;1;;;;1
16/11/2017;04:35:00;77;sem vítima;222,4499969482422;BR-116/SP;Pista Norte;Abalroamento Longitudinal;1;5;;;;;1
16/11/2017;05:33:00;87;sem vítima;24,600000381469727;BR-116/SP;Pista Sul;Colisão Traseira;2;3;;;;;1
16/11/2017;09:15:00;286;sem vítima;165,3000030517578;BR-116/RJ;Pista Norte;Engavetamento;2;3;;;;;1
16/11/2017;13:13:00;486;sem vítima;205,1999969482422;BR-116/RJ;Pista Norte;Choque em Defensa;1;1;;;;;1
16/11/2017;14:50:00;573;sem vítima;222,25;BR-116/RJ;Pista Norte;Abalroamento Longitudinal;1;3;;;;;1
16/11/2017;22:20:00;917;sem vítima;157,5;BR-116/SP;Pista Sul;Tombamento;1;1;;;;;1
17/11/2017;00:47:00;28;sem vítima;324,8599853515625;BR-116/RJ;Pista Sul;Colisão Traseira;2;2;;;;;1
17/11/2017;06:34:00;151;sem vítima;168,39999389648438;BR-116/SP;Pista Sul;Choque em objeto na pista;2;3;;;;;1
17/11/2017;07:25:00;225;sem vítima;225,8000030517578;BR-116/RJ;Pista Norte;Colisão Traseira;1;2;;;;;1
17/11/2017;08:59:00;336;sem vítima;54,5;BR-116/SP;Pista Sul;Abalroamento Longitudinal;1;4;;;;;1
17/11/2017;09:24:00;363;sem vítima;328;BR-116/RJ;Pista Sul;Abalroamento Longitudinal;2;2;;;;;1
17/11/2017;10:14:00;408;sem vítima;205;BR-116/SP;Pista Sul;Outros;1;1;;;;;1
17/11/2017;12:15:00;497;sem vítima;257,29998779296875;BR-116/RJ;Pista Norte;Abalroamento Longitudinal;1;2;;;;;1
17/11/2017;13:40:00;564;sem vítima;177,10000610351562;BR-116/RJ;Pista Sul;Colisão Traseira;1;3;;;;;1
17/11/2017;14:49:00;617;sem vítima;201,8000030517578;BR-116/SP;Pista Norte;Colisão Traseira;2;2;;;;;1
17/11/2017;17:46:00;774;com vítima;163,8000030517578;BR-116/SP;Pista Norte;Engavetamento;2;3;1;;;;1
17/11/2017;20:42:00;954;com vítima;67,25;BR-116/SP;Pista Sul;Colisão Traseira;2;2;1;;;;1
17/11/2017;22:22:00;1015;sem vítima;175,3000030517578;BR-116/RJ;Pista Sul;Choque em veículo parado na pista;1;5;;;;;1
17/11/2017;23:21:00;1047;sem vítima;195,5;BR-116/RJ;Pista Sul;Queda de ribanceira;1;1;;;;;1
18/11/2017;04:42:00;105;sem vítima;97,9000015258789;BR-116/SP;Pista Norte;Tombamento;1;1;;;;;1
18/11/2017;06:00:00;142;sem vítima;146,60000610351562;BR-116/SP;Pista Sul;Colisão Traseira;1;3;;;;;1
18/11/2017;07:40:00;230;sem vítima;70,69999694824219;BR-116/SP;Pista Norte;Abalroamento Longitudinal;1;2;;;;;1
18/11/2017;16:46:00;645;sem vítima;225;BR-116/RJ;Pista Norte;Abalroamento Longitudinal;1;2;;;;;1
18/11/2017;23:44:00;894;sem vítima;229,60000610351562;BR-116/SP;Pista Norte;Capotamento;1;5;;;;;1
19/11/2017;15:28:00;453;sem vítima;17,600000381469727;BR-116/SP;Pista Norte;Colisão Traseira;1;3;;;;;1
19/11/2017;16:36:00;491;sem vítima;235,8000030517578;BR-116/RJ;Pista Sul;Queda de ribanceira;1;2;;;;;1
19/11/2017;17:44:00;540;sem vítima;238;BR-116/RJ;Pista Norte;Choque em Barreira New Jersey;1;1;;;;;1
20/11/2017;07:45:00;136;sem vítima;270,20001220703125;BR-116/RJ;Pista Sul;Choque em objeto fixo;1;1;;;;;1
20/11/2017;08:23:00;156;sem vítima;158,10000610351562;BR-116/SP;Pista Sul;Abalroamento Longitudinal;1;5;;;;;1
20/11/2017;09:14:00;182;com vítima;169,6999969482422;BR-116/RJ;Pista Sul;Engavetamento;1;5;1;;;;1
20/11/2017;11:54:00;275;sem vítima;258;BR-116/RJ;Pista Sul;Choque em objeto fixo;1;1;;;;;1
20/11/2017;15:37:00;417;com vítima;27,950000762939453;BR-116/SP;Pista Sul;Colisão Traseira;1;6;2;;;;1
20/11/2017;16:03:00;441;com vítima;18;BR-116/SP;Pista Norte;Abalroamento Longitudinal;1;1;1;;;;1
20/11/2017;16:26:00;461;sem vítima;92;BR-116/SP;Pista Sul;Colisão Traseira;1;4;;;;;1
20/11/2017;18:36:00;558;sem vítima;178,39999389648438;BR-116/SP;Pista Norte;Abalroamento Longitudinal;1;4;;;;;1
20/11/2017;21:26:00;670;sem vítima;229,6699981689453;BR-116/SP;Pista Norte;Choque em Defensa;1;1;;;;;1
20/11/2017;23:35:00;709;sem vítima;51,20000076293945;BR-116/SP;Pista Norte;Abalroamento Longitudinal;1;20;;;;;1
21/11/2017;00:23:00;13;com vítima;30,600000381469727;BR-116/SP;Pista Norte;Colisão Traseira;2;1;1;;;;1
21/11/2017;04:58:00;93;sem vítima;302,79998779296875;BR-116/RJ;Pista Sul;Colisão Traseira;1;2;;;;;1
21/11/2017;07:41:00;194;com vítima;305,6000061035156;BR-116/RJ;Pista Norte;Engavetamento;1;2;1;;;;1
21/11/2017;07:44:00;195;sem vítima;209,89999389648438;BR-116/SP;Pista Sul;Abalroamento Longitudinal;1;2;;;;;1
21/11/2017;09:04:00;272;com vítima;202,39999389648438;BR-116/RJ;Pista Norte;Tombamento;1;0;2;;;;1
21/11/2017;09:12:00;281;sem vítima;198,6999969482422;BR-116/SP;Pista Sul;Abalroamento Longitudinal;1;2;;;;;1
21/11/2017;10:02:00;333;com vítima;211,39999389648438;BR-116/SP;Pista Norte;Colisão Traseira;1;3;1;;;;1
21/11/2017;11:55:00;420;sem vítima;167,0070037841797;BR-116/RJ;Pista Norte;Abalroamento Longitudinal;1;2;;;;;1
21/11/2017;13:41:00;495;sem vítima;209,89999389648438;BR-116/SP;Pista Sul;Abalroamento Longitudinal;1;3;;;;;1
21/11/2017;14:32:00;542;sem vítima;182,3000030517578;BR-116/SP;Pista Norte;Colisão Traseira;1;3;;;;;1
21/11/2017;15:53:00;599;com vítima;26,799999237060547;BR-116/SP;Pista Sul;Choque em veículo parado na pista;3;2;;;1;;2
21/11/2017;17:13:00;661;sem vítima;35,459999084472656;BR-116/SP;Pista Norte;Abalroamento Longitudinal;1;5;;;;;1
21/11/2017;22:23:00;859;sem vítima;65,5;BR-116/SP;Pista Sul;Tombamento;1;1;;;;;1
21/11/2017;22:46:00;874;sem vítima;88,30000305175781;BR-116/SP;Pista Sul;Queda de ribanceira;1;1;;;;;1
21/11/2017;23:06:00;882;sem vítima;230;BR-116/RJ;Pista Sul;Colisão Traseira;1;2;;;;;1
22/11/2017;08:11:00;220;sem vítima;174,8000030517578;BR-116/RJ;Pista Sul;Colisão Traseira;1;2;;;;;1
22/11/2017;10:33:00;335;sem vítima;225,35000610351562;BR-116/SP;Pista Norte;Abalroamento Longitudinal;1;2;;;;;1
22/11/2017;11:21:00;366;sem vítima;142;BR-116/SP;Pista Norte;Colisão Traseira;2;2;;;;;1
22/11/2017;12:39:00;405;sem vítima;218,1999969482422;BR-116/RJ;Pista Norte;Choque em Barreira New Jersey;1;3;;;;;1
22/11/2017;12:51:00;415;sem vítima;204;BR-116/RJ;Pista Sul;Choque em objeto fixo;1;1;;;;;1
22/11/2017;12:58:00;421;sem vítima;65,05000305175781;BR-116/SP;Pista Sul;Abalroamento Longitudinal;1;2;;;;;1
22/11/2017;13:48:00;452;sem vítima;155,6999969482422;BR-116/SP;Pista Norte;Choque em Barreira New Jersey;1;1;;;;;1
22/11/2017;14:19:00;478;com vítima;277,79998779296875;BR-116/RJ;Pista Norte;Colisão Traseira;2;2;1;;;;1
22/11/2017;16:08:00;557;sem vítima;223,89999389648438;BR-116/SP;Pista Norte;Abalroamento Longitudinal;1;2;;;;;1
22/11/2017;16:22:00;565;sem vítima;222,6999969482422;BR-116/SP;Pista Norte;Colisão Traseira;1;6;;;;;1
22/11/2017;16:25:00;567;sem vítima;125,9000015258789;BR-116/SP;Pista Sul;Colisão Traseira;2;2;;;;;1
22/11/2017;17:18:00;594;sem vítima;23,950000762939453;BR-116/SP;Pista Norte;Choque em Barreira New Jersey;1;2;;;;;1
22/11/2017;19:38:00;713;sem vítima;23,899999618530273;BR-116/SP;Pista Norte;Colisão Traseira;2;2;;;;;1
22/11/2017;20:01:00;729;sem vítima;60,599998474121094;BR-116/SP;Pista Sul;Abalroamento Longitudinal;1;2;;;;;1
22/11/2017;22:12:00;819;com vítima;209,8000030517578;BR-116/SP;Pista Norte;Colisão Traseira;1;1;2;;;;1
22/11/2017;23:44:00;845;sem vítima;226,8000030517578;BR-116/RJ;Pista Norte;Colisão Traseira;2;2;;;;;1
23/11/2017;09:15:00;297;com vítima;225,6999969482422;BR-116/SP;Pista Sul;Colisão Traseira;1;1;;;;1;3
23/11/2017;10:09:00;342;com vítima;163,39999389648438;BR-116/RJ;Pista Norte;Abalroamento Longitudinal;1;1;1;;;;1
23/11/2017;12:53:00;457;sem vítima;225,35000610351562;BR-116/SP;Pista Sul;Colisão Traseira;1;4;;;;;1
23/11/2017;13:50:00;497;sem vítima;125,4000015258789;BR-116/SP;Pista Sul;Colisão Traseira;2;2;;;;;1
23/11/2017;13:54:00;500;sem vítima;139,6999969482422;BR-116/SP;Pista Sul;Colisão Traseira;1;4;;;;;1
23/11/2017;19:04:00;732;sem vítima;86,9000015258789;BR-116/SP;Pista Sul;Colisão Traseira;1;2;;;;;1
24/11/2017;00:37:00;32;sem vítima;175;BR-116/SP;Pista Sul;Colisão Traseira;2;2;;;;;1
24/11/2017;01:51:00;59;com vítima;5,329999923706055;BR-116/SP;Pista Norte;Choque em Barreira New Jersey;1;3;;1;;;2
24/11/2017;05:40:00;145;sem vítima;254,60000610351562;BR-116/RJ;Pista Norte;Choque em objeto na pista;1;4;;;;;1
24/11/2017;08:41:00;317;sem vítima;140,25;BR-116/SP;Pista Sul;Colisão Traseira;1;3;;;;;1