data;horario;n_da_ocorrencia;tipo_de_ocorrencia;km;trecho;sentido;tipo_de_acidente;caminhao;ilesos;levemente_feridos;moderadamente_feridos;gravemente_feridos;mortos;3
24/11/2017;08:59:00;343;sem vítima;163,8000030517578;BR-116/RJ;Pista Norte;Colisão Traseira;1;2;;;;;1
24/11/2017;13:21:00;563;com vítima;139;BR-116/SP;Pista Sul;Colisão Traseira;1;3;1;;;;1
24/11/2017;15:39:00;665;sem vítima;202,5;BR-116/RJ;Pista Sul;Colisão Traseira;1;3;;;;;1
24/11/2017;21:55:00;965;sem vítima;219,10000610351562;BR-116/SP;Pista Norte;Abalroamento Longitudinal;1;2;;;;;1
25/11/2017;08:56:00;276;sem vítima;35;BR-116/SP;Pista Sul;Colisão Traseira;2;2;;;;;1
25/11/2017;09:08:00;282;com vítima;71;BR-116/SP;Pista Sul;Colisão Traseira;1;1;1;;;;1
25/11/2017;09:11:00;285;com vítima;7,849999904632568;BR-116/SP;Pista Sul;Outros;1;0;;;1;;2
25/11/2017;10:43:00;354;sem vítima;35,79999923706055;BR-116/SP;Pista Norte;Abalroamento Longitudinal;1;3;;;;;1
25/11/2017;14:31:00;488;sem vítima;165,1999969482422;BR-116/SP;Pista Norte;Colisão Traseira;1;3;;;;;1
25/11/2017;22:01:00;790;com vítima;182,14999389648438;BR-116/RJ;Pista Sul;Colisão Traseira;1;1;1;1;;;2
26/11/2017;03:57:00;76;com vítima;55,099998474121094;BR-116/SP;Pista Norte;Atropelamento de Pedestre Atravessando;1;1;;;;1;3
26/11/2017;06:19:00;116;sem vítima;318,8999938964844;BR-116/RJ;Pista Sul;Colisão Traseira;1;2;;;;;1
26/11/2017;06:44:00;129;sem vítima;222,10000610351562;BR-116/RJ;Pista Sul;Abalroamento Longitudinal;1;2;;;;;1
26/11/2017;15:01:00;398;sem vítima;32,400001525878906;BR-116/SP;Pista Sul;Tombamento;1;1;;;;;1
26/11/2017;23:26:00;709;sem vítima;135,1999969482422;BR-116/SP;Pista Norte;Atropelamento de Animal;1;1;;;;;1
27/11/2017;04:10:00;89;com vítima;247,60000610351562;BR-116/RJ;Pista Norte;Colisão Traseira;2;1;1;;;;1
27/11/2017;06:37:00;153;sem vítima;179;BR-116/SP;Pista Sul;Colisão Traseira;1;2;;;;;1
27/11/2017;08:26:00;267;com vítima;289,95001220703125;BR-116/RJ;Pista Norte;Choque em objeto na pista;2;2;1;;;;1
27/11/2017;09:02:00;310;sem vítima;314,5;BR-116/RJ;Pista Norte;Abalroamento Longitudinal;2;2;;;;;1
27/11/2017;09:33:00;342;sem vítima;208,5;BR-116/RJ;Pista Norte;Abalroamento Longitudinal;1;2;;;;;1
27/11/2017;09:38:00;348;sem vítima;223,25;BR-116/RJ;Pista Norte;Outros;1;1;;;;;1
27/11/2017;10:38:00;408;sem vítima;207,6999969482422;BR-116/SP;Pista Sul;Colisão Traseira;1;2;;;;;1
27/11/2017;14:19:00;553;com vítima;301,8999938964844;BR-116/RJ;Pista Sul;Colisão Traseira;1;1;1;;;;1
27/11/2017;14:30:00;561;sem vítima;219;BR-116/SP;Pista Norte;Colisão Traseira;2;3;;;;;1
28/11/2017;00:29:00;22;com vítima;6,099999904632568;BR-116/SP;Pista Sul;Engavetamento;3;2;;1;;;2
28/11/2017;05:17:00;118;sem vítima;174,10000610351562;BR-116/RJ;Pista Norte;Engavetamento;1;8;;;;;1
28/11/2017;12:39:00;510;com vítima;167,8000030517578;BR-116/RJ;Pista Norte;Abalroamento Longitudinal;1;3;2;;;;1
28/11/2017;16:40:00;698;sem vítima;167,60000610351562;BR-116/RJ;Pista Norte;Colisão Traseira;1;2;;;;;1
28/11/2017;17:07:00;724;sem vítima;301,3999938964844;BR-116/RJ;Pista Sul;Choque em objeto fixo;1;1;;;;;1
28/11/2017;17:46:00;755;sem vítima;146,6999969482422;BR-116/SP;Pista Sul;Abalroamento Longitudinal;1;2;;;;;1
28/11/2017;21:25:00;898;com vítima;224,16000366210938;BR-116/SP;Pista Sul;Abalroamento Longitudinal;1;2;1;;;;1
29/11/2017;04:24:00;79;sem vítima;196,3000030517578;BR-116/SP;Pista Sul;Colisão Traseira;1;2;;;;;1
29/11/2017;04:58:00;88;com vítima;245;BR-116/RJ;Pista Norte;Queda de ribanceira;1;0;;1;;;2
29/11/2017;07:31:00;179;sem vítima;209,63999938964844;BR-116/SP;Pista Sul;Engavetamento;1;3;;;;;1
29/11/2017;07:50:00;199;sem vítima;209,60000610351562;BR-116/SP;Pista Sul;Colisão Traseira;1;3;;;;;1
29/11/2017;12:38:00;436;sem vítima;224,60000610351562;BR-116/SP;Pista Sul;Colisão Traseira;1;2;;;;;1
29/11/2017;13:54:00;480;sem vítima;103,4000015258789;BR-116/SP;Pista Norte;Abalroamento Longitudinal;1;3;;;;;1
29/11/2017;13:59:00;484;sem vítima;263,70001220703125;BR-116/RJ;Pista Sul;Choque em objeto na pista;2;2;;;;;1
29/11/2017;16:38:00;592;com vítima;96,30000305175781;BR-116/SP;Pista Norte;Engavetamento;3;19;1;;;;1
29/11/2017;17:12:00;611;com vítima;277;BR-116/RJ;Pista Sul;Engavetamento;2;3;1;1;;;2
29/11/2017;17:41:00;630;sem vítima;224;BR-116/SP;Pista Norte;Abalroamento Longitudinal;1;4;;;;;1
29/11/2017;18:27:00;668;sem vítima;275;BR-116/RJ;Pista Sul;Colisão Traseira;1;2;;;;;1
30/11/2017;00:27:00;19;com vítima;228,5500030517578;BR-116/SP;Pista Norte;Capotamento;2;2;1;;;;1
30/11/2017;06:47:00;141;sem vítima;324,79998779296875;BR-116/RJ;Pista Norte;Choque em Barreira New Jersey;2;3;;;;;1
30/11/2017;08:17:00;223;sem vítima;301,04998779296875;BR-116/RJ;Pista Sul;Colisão Traseira;1;3;;;;;1
30/11/2017;10:23:00;348;sem vítima;224,39999389648438;BR-116/SP;Pista Sul;Abalroamento Longitudinal;1;3;;;;;1
30/11/2017;12:52:00;452;sem vítima;136,1999969482422;BR-116/SP;Pista Norte;Abalroamento Longitudinal;1;2;;;;;1
30/11/2017;16:06:00;586;sem vítima;266;BR-116/RJ;Pista Norte;Abalroamento Transversal;1;2;;;;;1
30/11/2017;17:09:00;621;sem vítima;332,29998779296875;BR-116/RJ;Pista Sul;Engavetamento;3;3;;;;;1
30/11/2017;19:22:00;725;sem vítima;27,700000762939453;BR-116/SP;Pista Norte;Choque em Barreira New Jersey;1;2;;;;;1
30/11/2017;20:36:00;766;sem vítima;278,79998779296875;BR-116/RJ;Pista Sul;Choque em Barreira New Jersey;1;2;;;;;1
01/12/2017;03:06:00;65;com vítima;213;BR-116/RJ;Pista Norte;Colisão traseira;2;1;0;1;0;0;2
01/12/2017;03:32:00;70;sem vítima;264,6;BR-116/RJ;Pista Norte;Colisão traseira;2;2;0;0;0;0;1
01/12/2017;09:47:00;333;sem vítima;27,7;BR-116/SP;Pista Norte;Colisão traseira;1;3;0;0;0;0;1
01/12/2017;09:49:00;337;sem vítima;227;BR-116/SP;Pista Sul;Engavetamento;1;41;0;0;0;0;1
01/12/2017;10:36:00;364;sem vítima;246,45;BR-116/RJ;Pista Norte;Choque Talude;1;1;0;0;0;0;1
04/12/2017;18:29:00;669;com vítima;223,7;BR-116/SP;Pista Norte;Colisão traseira;1;3;1;0;0;0;1
04/12/2017;22:33:00;810;com vítima;30,9;BR-116/SP;Pista Sul;Tombamento;1;0;1;0;0;0;1
07/12/2017;12:15:00;481;sem vítima;84;BR-116/SP;Pista Norte;Queda de ribanceira;1;1;0;0;0;0;1
01/12/2017;13:59:00;485;sem vítima;220;BR-116/SP;Pista Norte;Abalroamento longitudinal;1;3;0;0;0;0;1
01/12/2017;17:33:00;656;sem vítima;142,9;BR-116/SP;Pista Norte;Colisão traseira;1;3;0;0;0;0;1
01/12/2017;18:53:00;740;sem vítima;267,2;BR-116/RJ;Pista Sul;Abalroamento longitudinal;1;2;0;0;0;0;1
01/12/2017;21:18:00;843;sem vítima;209,5;BR-116/SP;Pista Norte;Choque em defensa;1;1;0;0;0;0;1
02/12/2017;09:51:00;372;sem vítima;175,9;BR-116/SP;Pista Norte;Engavetamento;1;5;0;0;0;0;1
03/12/2017;05:29:00;110;sem vítima;179,8;BR-116/RJ;Pista Sul;Colisão traseira;1;3;0;0;0;0;1
04/12/2017;05:18:00;90;com vítima;204,7;BR-116/SP;Pista Sul;Colisão traseira;1;1;1;0;0;0;1
04/12/2017;07:00:00;141;sem vítima;140,5;BR-116/SP;Pista Sul;Abalroamento longitudinal;1;4;0;0;0;0;1
04/12/2017;18:13:00;654;com vítima;318,9;BR-116/RJ;Pista Sul;Colisão traseira;2;1;0;0;0;1;3
05/12/2017;07:03:00;150;sem vítima;292;BR-116/RJ;Pista Norte;Colisão traseira;1;2;0;0;0;0;1
05/12/2017;10:49:00;395;com vítima;211,9;BR-116/SP;Pista Norte;Choque em barreira New Jersey;1;0;1;1;0;0;2
05/12/2017;13:13:00;466;com vítima;221,3;BR-116/SP;Pista Norte;Engavetamento;1;2;0;1;0;0;2
05/12/2017;13:25:00;474;sem vítima;221,7;BR-116/SP;Pista Sul;Abalroamento longitudinal;1;2;0;0;0;0;1
05/12/2017;13:58:00;494;sem vítima;86,9;BR-116/SP;Pista Sul;Outros;1;1;0;0;0;0;1
05/12/2017;14:08:00;498;sem vítima;267,8;BR-116/RJ;Pista Sul;Colisão traseira;1;2;0;0;0;0;1
05/12/2017;14:13:00;501;com vítima;276,8;BR-116/RJ;Pista Sul;Colisão traseira;2;1;0;0;1;0;2
05/12/2017;15:03:00;531;sem vítima;183;BR-116/RJ;Pista Sul;Colisão traseira;1;6;0;0;0;0;1
06/12/2017;00:37:00;21;com vítima;64,9;BR-116/SP;Pista Sul;Tombamento;1;1;2;0;0;0;1
06/12/2017;01:05:00;36;com vítima;144,55;BR-116/SP;Pista Norte;Engavetamento;3;2;0;1;2;1;3
06/12/2017;01:12:00;39;com vítima;145,2;BR-116/SP;Pista Norte;Engavetamento;3;2;0;0;1;0;2
06/12/2017;05:40:00;114;sem vítima;95,4;BR-116/SP;Pista Sul;Abalroamento longitudinal;1;2;0;0;0;0;1
06/12/2017;05:47:00;117;sem vítima;211,65;BR-116/SP;Pista Norte;Colisão traseira;2;3;0;0;0;0;1
06/12/2017;05:59:00;122;sem vítima;36,1;BR-116/SP;Pista Norte;Abalroamento longitudinal;1;4;0;0;0;0;1
06/12/2017;06:06:00;125;sem vítima;292,6;BR-116/RJ;Pista Norte;Choque em objeto na pista;1;1;0;0;0;0;1
06/12/2017;07:49:00;217;sem vítima;232,6;BR-116/RJ;Pista Sul;Tombamento;1;1;0;0;0;0;1
06/12/2017;08:18:00;244;sem vítima;42,5;BR-116/SP;Pista Sul;Tombamento;1;1;0;0;0;0;1
06/12/2017;08:27:00;253;com vítima;177,7;BR-116/RJ;Pista Norte;Abalroamento longitudinal;1;1;1;0;0;0;1
06/12/2017;10:47:00;373;sem vítima;267,2;BR-116/RJ;Pista Sul;Colisão traseira;2;2;0;0;0;0;1
06/12/2017;14:09:00;491;sem vítima;309,2;BR-116/RJ;Pista Norte;Abalroamento longitudinal;2;2;0;0;0;0;1
06/12/2017;17:41:00;653;sem vítima;222,7;BR-116/RJ;Pista Sul;Colisão traseira;2;2;0;0;0;0;1
07/12/2017;13:10:00;514;sem vítima;225,3;BR-116/RJ;Pista Norte;Abalroamento longitudinal;1;2;0;0;0;0;1
07/12/2017;15:25:00;616;sem vítima;174;BR-116/RJ;Pista Sul;Abalroamento longitudinal;1;2;0;0;0;0;1
07/12/2017;20:07:00;851;sem vítima;177,6;BR-116/RJ;Pista Sul;Colisão traseira;1;2;0;0;0;0;1
07/12/2017;23:50:00;958;com vítima;183,8;BR-116/RJ;Pista Norte;Choque em veículo parado na pista;1;1;1;0;0;0;1
08/12/2017;03:39:00;76;sem vítima;298,9;BR-116/RJ;Pista Norte;Choque em veículo parado na pista;2;2;0;0;0;0;1
08/12/2017;03:41:00;77;com vítima;323,8;BR-116/RJ;Pista Norte;Colisão traseira;2;2;1;0;0;0;1
08/12/2017;06:06:00;109;sem vítima;111;BR-116/SP;Pista Sul;Abalroamento longitudinal;2;2;0;0;0;0;1
08/12/2017;07:49:00;218;sem vítima;142,4;BR-116/SP;Pista Norte;Abalroamento longitudinal;1;2;0;0;0;0;1
08/12/2017;12:31:00;485;sem vítima;49;BR-116/SP;Pista Sul;Colisão traseira;2;2;0;0;0;0;1
08/12/2017;13:08:00;515;com vítima;302,8;BR-116/RJ;Pista Sul;Colisão traseira;1;1;2;0;0;0;1
08/12/2017;17:39:00;740;sem vítima;209,8;BR-116/SP;Pista Sul;Abalroamento longitudinal;1;2;0;0;0;0;1
08/12/2017;18:20:00;785;sem vítima;209,2;BR-116/RJ;Pista Sul;Choque em defensa;1;1;0;0;0;0;1
08/12/2017;20:21:00;888;sem vítima;30,5;BR-116/SP;Pista Norte;Colisão traseira;1;6;0;0;0;0;1
08/12/2017;22:28:00;962;com vítima;218,1;BR-116/SP;Pista Norte;Colisão traseira;1;1;0;1;0;0;2
08/12/2017;22:59:00;974;sem vítima;34,2;BR-116/SP;Pista Norte;Choque em objeto fixo;1;1;0;0;0;0;1
08/12/2017;23:16:00;982;com vítima;174;BR-116/RJ;Pista Sul;Colisão traseira;1;2;1;0;0;0;1
10/12/2017;04:59:00;115;com vítima;173,3;BR-116/RJ;Pista Norte;Colisão traseira;1;1;0;0;1;1;3
10/12/2017;14:39:00;463;sem vítima;182,3;BR-116/SP;Pista Norte;Colisão traseira;1;5;0;0;0;0;1
10/12/2017;17:44:00;604;sem vítima;173,3;BR-116/SP;Pista Sul;Choque em objeto fixo;1;1;0;0;0;0;1
10/12/2017;18:17:00;641;com vítima;239;BR-116/RJ;Pista Norte;Queda de moto;1;1;0;0;0;1;3
10/12/2017;23:59:00;847;sem vítima;265,2;BR-116/RJ;Pista Sul;Abalroamento longitudinal;1;2;0;0;0;0;1
15/12/2017;15:16:00;628;com vítima;27,8;BR-116/SP;Pista Norte;Abalroamento longitudinal;1;6;1;0;0;0;1
29/12/2017;17:59:00;676;sem vítima;41,65;BR-116/SP;Pista Sul;Abalroamento longitudinal;1;3;0;0;0;0;1
11/12/2017;04:34:00;87;com vítima;243,5;BR-116/RJ;Pista Norte;Colisão traseira;1;1;0;1;0;0;2
11/12/2017;06:00:00;114;sem vítima;203,9;BR-116/RJ;Pista Sul;Queda de ribanceira;1;1;0;0;0;0;1
11/12/2017;10:25:00;371;com vítima;205,3;BR-116/SP;Pista Sul;Tombamento;1;0;1;1;0;0;2
11/12/2017;14:45:00;569;sem vítima;165,9;BR-116/RJ;Pista Norte;Abalroamento longitudinal;1;2;0;0;0;0;1
11/12/2017;16:32:00;650;sem vítima;217,3;BR-116/SP;Pista Norte;Abalroamento longitudinal;1;3;0;0;0;0;1
11/12/2017;17:07:00;666;sem vítima;178,8;BR-116/RJ;Pista Sul;Colisão traseira;1;3;0;0;0;0;1
12/12/2017;00:49:00;37;sem vítima;133,85;BR-116/SP;Pista Sul;Engavetamento;2;4;0;0;0;0;1
12/12/2017;06:27:00;151;sem vítima;209,4;BR-116/SP;Pista Sul;Abalroamento longitudinal;1;5;0;0;0;0;1
12/12/2017;09:50:00;359;sem vítima;62,2;BR-116/SP;Pista Norte;Colisão traseira;1;3;0;0;0;0;1
12/12/2017;18:00:00;706;sem vítima;219,7;BR-116/SP;Pista Norte;Abalroamento longitudinal;2;2;0;0;0;0;1
12/12/2017;22:47:00;869;sem vítima;160,5;BR-116/SP;Pista Norte;Colisão traseira;2;3;0;0;0;0;1
13/12/2017;11:03:00;384;sem vítima;236;BR-116/RJ;Pista Norte;Colisão traseira;1;5;0;0;0;0;1
13/12/2017;14:38:00;518;sem vítima;266,4;BR-116/RJ;Pista Sul;Colisão traseira;1;3;0;0;0;0;1
13/12/2017;18:21:00;671;sem vítima;265,7;BR-116/RJ;Pista Sul;Outros;1;7;0;0;0;0;1
14/12/2017;03:20:00;86;com vítima;277,7;BR-116/RJ;Pista Norte;Engavetamento;2;2;0;1;0;0;2
14/12/2017;08:46:00;281;sem vítima;212,7;BR-116/SP;Pista Sul;Choque em objeto fixo;1;3;0;0;0;0;1
14/12/2017;10:26:00;389;sem vítima;296;BR-116/RJ;Pista Norte;Abalroamento longitudinal;1;4;0;0;0;0;1
14/12/2017;13:24:00;502;sem vítima;111,1;BR-116/SP;Pista Sul;Abalroamento longitudinal;1;3;0;0;0;0;1
14/12/2017;14:12:00;535;sem vítima;147,6;BR-116/SP;Pista Sul;Abalroamento longitudinal;1;3;0;0;0;0;1
14/12/2017;18:10:00;730;sem vítima;132,5;BR-116/SP;Pista Sul;Engavetamento;1;3;0;0;0;0;1
14/12/2017;18:42:00;757;sem vítima;218,8;BR-116/SP;Pista Sul;Abalroamento longitudinal;1;2;0;0;0;0;1
14/12/2017;19:08:00;782;sem vítima;111,8;BR-116/SP;Pista Sul;Abalroamento longitudinal;1;3;0;0;0;0;1
14/12/2017;20:23:00;833;sem vítima;152,2;BR-116/SP;Pista Norte;Choque em veículo parado na pista;1;3;0;0;0;0;1
14/12/2017;23:32:00;923;sem vítima;55,9;BR-116/SP;Pista Sul;Tombamento;1;1;0;0;0;0;1
15/12/2017;07:49:00;244;sem vítima;156;BR-116/SP;Pista Norte;Engavetamento;1;3;0;0;0;0;1
15/12/2017;07:49:00;245;sem vítima;296;BR-116/RJ;Pista Norte;Engavetamento;1;5;0;0;0;0;1
15/12/2017;09:06:00;333;com vítima;139,6;BR-116/SP;Pista Sul;Abalroamento longitudinal;1;1;1;0;0;0;1
15/12/2017;10:43:00;429;sem vítima;219;BR-116/SP;Pista Sul;Abalroamento longitudinal;1;5;0;0;0;0;1
15/12/2017;12:45:00;508;sem vítima;202,7;BR-116/RJ;Pista Sul;Abalroamento longitudinal;1;2;0;0;0;0;1
15/12/2017;13:08:00;527;sem vítima;142,4;BR-116/SP;Pista Norte;Colisão traseira;2;2;0;0;0;0;1
15/12/2017;18:45:00;776;sem vítima;71;BR-116/SP;Pista Norte;Colisão traseira;1;2;0;0;0;0;1
15/12/2017;19:07:00;794;sem vítima;70,9;BR-116/SP;Pista Norte;Engavetamento;1;4;0;0;0;0;1
15/12/2017;22:39:00;949;com vítima;180;BR-116/RJ;Pista Norte;Colisão traseira;1;1;1;0;0;0;1
15/12/2017;22:40:00;950;sem vítima;229,1;BR-116/SP;Pista Norte;Colisão traseira;1;4;0;0;0;0;1
16/12/2017;00:23:00;25;sem vítima;304,5;BR-116/RJ;Pista Norte;Colisão traseira;1;2;0;0;0;0;1
16/12/2017;02:40:00;66;sem vítima;184,3;BR-116/SP;Pista Norte;Choque em objeto na pista;1;1;0;0;0;0;1
16/12/2017;07:49:00;193;com vítima;204;BR-116/SP;Pista Norte;Abalroamento longitudinal;1;1;0;1;0;0;2
16/12/2017;07:54:00;196;sem vítima;172,3;BR-116/RJ;Pista Norte;Abalroamento longitudinal;1;2;0;0;0;0;1
16/12/2017;11:32:00;339;sem vítima;257,75;BR-116/RJ;Pista Norte;Abalroamento longitudinal;1;3;0;0;0;0;1
16/12/2017;13:42:00;400;sem vítima;187;BR-116/SP;Pista Sul;Choque em barreira New Jersey;1;1;0;0;0;0;1
16/12/2017;15:27:00;467;com vítima;140;BR-116/SP;Pista Sul;Colisão traseira;1;1;1;0;0;0;1
16/12/2017;16:08:00;493;com vítima;332,2;BR-116/RJ;Pista Sul;Colisão traseira;1;5;1;0;0;0;1
16/12/2017;18:16:00;602;sem vítima;117,05;BR-116/SP;Pista Norte;Colisão traseira;1;4;0;0;0;0;1
17/12/2017;01:12:00;29;sem vítima;270,2;BR-116/RJ;Pista Sul;Colisão traseira;1;2;0;0;0;0;1
17/12/2017;02:09:00;52;com vítima;202,9;BR-116/RJ;Pista Norte;Atropelamento de animal;1;3;3;0;0;0;1
17/12/2017;05:23:00;102;com vítima;44,3;BR-116/SP;Pista Norte;Colisão traseira;1;2;0;0;1;0;2
17/12/2017;07:25:00;170;com vítima;66,1;BR-116/SP;Pista Sul;Queda de ribanceira;1;0;0;1;0;0;2
17/12/2017;14:26:00;435;sem vítima;265,35;BR-116/RJ;Pista Norte;Abalroamento longitudinal;1;2;0;0;0;0;1
17/12/2017;14:45:00;453;sem vítima;288,1;BR-116/RJ;Pista Sul;Colisão traseira;2;2;0;0;0;0;1
17/12/2017;16:54:00;557;com vítima;262,5;BR-116/RJ;Pista Norte;Engavetamento;1;11;3;0;0;0;1
17/12/2017;21:29:00;801;com vítima;69,68;BR-116/SP;Pista Sul;Atropelamento de pedestre atravessando;1;1;0;0;0;1;3
18/12/2017;01:35:00;53;sem vítima;326,9;BR-116/RJ;Pista Norte;Choque em defensa;1;1;0;0;0;0;1
18/12/2017;01:43:00;55;sem vítima;194,35;BR-116/RJ;Pista Norte;Colisão traseira;1;3;0;0;0;0;1
18/12/2017;14:39:00;584;com vítima;139,65;BR-116/SP;Pista Sul;Engavetamento;3;3;0;0;1;0;2
18/12/2017;14:46:00;592;sem vítima;227,2;BR-116/SP;Pista Sul;Abalroamento longitudinal;2;2;0;0;0;0;1
18/12/2017;15:26:00;618;sem vítima;74,9;BR-116/SP;Pista Sul;Abalroamento longitudinal;1;2;0;0;0;0;1
18/12/2017;15:39:00;627;sem vítima;177,3;BR-116/RJ;Pista Norte;Colisão traseira;1;3;0;0;0;0;1
18/12/2017;15:45:00;630;com vítima;144;BR-116/SP;Pista Norte;Engavetamento;1;3;1;0;0;0;1
18/12/2017;16:33:00;668;com vítima;184,6;BR-116/RJ;Pista Sul;Engavetamento;1;5;1;0;0;0;1
18/12/2017;16:46:00;678;com vítima;226,8;BR-116/SP;Pista Norte;Abalroamento longitudinal;1;2;1;0;0;0;1
18/12/2017;17:27:00;701;com vítima;116,2;BR-116/SP;Pista Sul;Abalroamento longitudinal;1;4;1;0;0;0;1
18/12/2017;18:26:00;753;sem vítima;176,5;BR-116/RJ;Pista Sul;Colisão traseira;1;3;0;0;0;0;1
18/12/2017;20:34:00;843;sem vítima;9,1;BR-116/SP;Pista Sul;Abalroamento longitudinal;2;2;0;0;0;0;1
19/12/2017;00:02:00;8;com vítima;30,9;BR-116/SP;Pista Sul;Colisão traseira;1;1;1;0;0;0;1
19/12/2017;00:49:00;30;sem vítima;307,46;BR-116/RJ;Pista Norte;Choque em objeto na pista;1;2;0;0;0;0;1
19/12/2017;02:28:00;59;com vítima;198,28;BR-116/SP;Pista Sul;Colisão traseira;1;1;0;0;0;1;3
19/12/2017;13:21:00;525;com vítima;215,9;BR-116/SP;Pista Norte;Colisão traseira;1;2;0;1;0;0;2
19/12/2017;13:27:00;532;sem vítima;226,7;BR-116/RJ;Pista Norte;Abalroamento longitudinal;1;3;0;0;0;0;1
19/12/2017;19:02:00;800;sem vítima;144,5;BR-116/SP;Pista Sul;Abalroamento longitudinal;1;2;0;0;0;0;1
20/12/2017;05:16:00;103;sem vítima;271,8;BR-116/RJ;Pista Norte;Abalroamento longitudinal;2;4;0;0;0;0;1
20/12/2017;06:56:00;189;sem vítima;276,9;BR-116/RJ;Pista Sul;Tombamento;2;2;0;0;0;0;1
20/12/2017;07:04:00;197;com vítima;180,2;BR-116/RJ;Pista Norte;Atropelamento de pedestre atravessando;1;1;0;0;1;0;2
20/12/2017;10:27:00;434;sem vítima;238,9;BR-116/RJ;Pista Norte;Queda de ribanceira;1;3;0;0;0;0;1
20/12/2017;12:56:00;523;sem vítima;230,1;BR-116/SP;Pista Sul;Colisão traseira;2;2;0;0;0;0;1
20/12/2017;14:08:00;577;sem vítima;121,5;BR-116/SP;Pista Sul;Choque em objeto fixo;1;2;0;0;0;0;1
20/12/2017;14:18:00;585;sem vítima;179,8;BR-116/RJ;Pista Norte;Engavetamento;2;3;0;0;0;0;1
20/12/2017;18:42:00;795;sem vítima;180,75;BR-116/RJ;Pista Norte;Colisão traseira;1;2;0;0;0;0;1
20/12/2017;21:08:00;908;sem vítima;286,2;BR-116/RJ;Pista Sul;Choque em veículo parado na pista;1;10;0;0;0;0;1
20/12/2017;21:52:00;928;sem vítima;127,6;BR-116/SP;Pista Sul;Choque em objeto na pista;1;1;0;0;0;0;1
21/12/2017;01:09:00;48;sem vítima;111,6;BR-116/SP;Pista Norte;Choque em defensa;1;1;0;0;0;0;1
21/12/2017;02:10:00;76;sem vítima;110,6;BR-116/SP;Pista Norte;Choque em objeto na pista;1;2;0;0;0;0;1
21/12/2017;09:31:00;388;sem vítima;212,2;BR-116/SP;Pista Norte;Abalroamento longitudinal;1;2;0;0;0;0;1
21/12/2017;10:57:00;472;sem vítima;302;BR-116/RJ;Pista Sul;Choque em objeto fixo;1;1;0;0;0;0;1
21/12/2017;13:40:00;601;sem vítima;306,8;BR-116/RJ;Pista Norte;Outros;2;6;0;0;0;0;1
21/12/2017;15:08:00;665;sem vítima;111,7;BR-116/SP;Pista Norte;Choque em barreira New Jersey;1;1;0;0;0;0;1
21/12/2017;15:49:00;698;sem vítima;278,4;BR-116/RJ;Pista Norte;Choque em barreira New Jersey;1;1;0;0;0;0;1
21/12/2017;16:05:00;710;sem vítima;266,2;BR-116/RJ;Pista Sul;Abalroamento longitudinal;1;2;0;0;0;0;1
21/12/2017;16:09:00;713;sem vítima;197,5;BR-116/SP;Pista Norte;Abalroamento longitudinal;1;3;0;0;0;0;1
21/12/2017;16:37:00;734;sem vítima;275,1;BR-116/RJ;Pista Sul;Engavetamento;3;3;0;0;0;0;1
21/12/2017;16:43:00;745;sem vítima;63,4;BR-116/SP;Pista Norte;Colisão traseira;2;4;0;0;0;0;1
21/12/2017;16:52:00;751;sem vítima;222,4;BR-116/SP;Pista Norte;Engavetamento;2;7;0;0;0;0;1
21/12/2017;17:45:00;782;sem vítima;265,1;BR-116/RJ;Pista Norte;Colisão traseira;1;3;0;0;0;0;1
21/12/2017;19:47:00;871;sem vítima;262,15;BR-116/RJ;Pista Sul;Colisão traseira;1;2;0;0;0;0;1
21/12/2017;19:59:00;875;sem vítima;272,4;BR-116/RJ;Pista Sul;Colisão traseira;1;2;0;0;0;0;1
21/12/2017;22:36:00;970;sem vítima;256,7;BR-116/RJ;Pista Sul;Colisão traseira;2;6;0;0;0;0;1
21/12/2017;22:38:00;971;com vítima;118,4;BR-116/SP;Pista Norte;Abalroamento longitudinal;1;1;1;0;0;0;1
21/12/2017;23:49:00;996;sem vítima;284,75;BR-116/RJ;Pista Sul;Choque em objeto fixo;1;1;0;0;0;0;1
22/12/2017;02:12:00;53;sem vítima;178,3;BR-116/SP;Pista Sul;Capotamento;1;2;0;0;0;0;1
22/12/2017;04:06:00;80;com vítima;328,3;BR-116/RJ;Pista Sul;Choque em objeto fixo;1;0;1;0;0;0;1
22/12/2017;05:15:00;102;sem vítima;226,5;BR-116/RJ;Pista Norte;Tombamento;1;1;0;0;0;0;1
22/12/2017;05:26:00;107;sem vítima;186,9;BR-116/SP;Pista Norte;Choque em objeto fixo;1;2;0;0;0;0;1
22/12/2017;05:30:00;108;com vítima;101,3;BR-116/SP;Pista Norte;Colisão traseira;2;1;0;2;1;0;2
22/12/2017;06:02:00;124;sem vítima;102;BR-116/SP;Pista Sul;Colisão traseira;1;6;0;0;0;0;1
22/12/2017;07:41:00;197;sem vítima;104,6;BR-116/SP;Pista Norte;Engavetamento;1;4;0;0;0;0;1
22/12/2017;13:28:00;491;com vítima;220,3;BR-116/SP;Pista Norte;Colisão traseira;1;5;0;1;0;0;2
22/12/2017;13:47:00;505;sem vítima;235,8;BR-116/RJ;Pista Sul;Abalroamento longitudinal;2;2;0;0;0;0;1
22/12/2017;13:53:00;511;sem vítima;169,3;BR-116/RJ;Pista Sul;Engavetamento;1;6;0;0;0;0;1