data;horario;n_da_ocorrencia;tipo_de_ocorrencia;km;trecho;sentido;tipo_de_acidente;caminhao;ilesos;levemente_feridos;moderadamente_feridos;gravemente_feridos;mortos;3
22/12/2017;14:52:00;568;sem vítima;231,1;BR-116/SP;Pista Sul;Colisão traseira;1;2;0;0;0;0;1
22/12/2017;16:38:00;654;sem vítima;217,1;BR-116/SP;Pista Norte;Colisão traseira;1;3;0;0;0;0;1
22/12/2017;16:45:00;659;sem vítima;266,8;BR-116/RJ;Pista Sul;Abalroamento longitudinal;1;2;0;0;0;0;1
22/12/2017;16:49:00;663;sem vítima;152,3;BR-116/SP;Pista Norte;Abalroamento longitudinal;1;3;0;0;0;0;1
22/12/2017;17:07:00;679;sem vítima;239,2;BR-116/RJ;Pista Sul;Colisão traseira;1;4;0;0;0;0;1
22/12/2017;20:59:00;884;com vítima;212,7;BR-116/SP;Pista Sul;Engavetamento;1;6;1;0;0;0;1
22/12/2017;21:43:00;910;sem vítima;66,1;BR-116/SP;Pista Sul;Abalroamento longitudinal;1;5;0;0;0;0;1
23/12/2017;01:23:00;45;sem vítima;139,9;BR-116/SP;Pista Norte;Choque em barreira New Jersey;1;1;0;0;0;0;1
23/12/2017;04:59:00;97;com vítima;137,56;BR-116/SP;Pista Sul;Queda de ribanceira;1;0;0;0;0;1;3
23/12/2017;09:33:00;311;com vítima;239;BR-116/RJ;Pista Norte;Colisão traseira;1;5;1;0;0;0;1
23/12/2017;18:43:00;781;com vítima;280,3;BR-116/RJ;Pista Sul;Colisão traseira;1;4;1;0;0;0;1
23/12/2017;19:09:00;803;sem vítima;221,6;BR-116/RJ;Pista Sul;Choque em objeto fixo;1;1;0;0;0;0;1
25/12/2017;20:49:00;605;sem vítima;26,3;BR-116/SP;Pista Sul;Colisão traseira;1;4;0;0;0;0;1
25/12/2017;21:31:00;633;sem vítima;277,6;BR-116/RJ;Pista Sul;Abalroamento longitudinal;1;2;0;0;0;0;1
26/12/2017;10:31:00;361;sem vítima;165,2;BR-116/SP;Pista Sul;Colisão traseira;2;2;0;0;0;0;1
26/12/2017;13:48:00;531;com vítima;289,1;BR-116/RJ;Pista Norte;Colisão traseira;1;4;2;0;0;0;1
26/12/2017;17:46:00;706;sem vítima;310;BR-116/RJ;Pista Norte;Choque em objeto fixo;1;1;0;0;0;0;1
26/12/2017;18:50:00;756;sem vítima;155,3;BR-116/SP;Pista Norte;Abalroamento longitudinal;1;4;0;0;0;0;1
26/12/2017;19:08:00;773;sem vítima;86,95;BR-116/SP;Pista Sul;Abalroamento longitudinal;1;4;0;0;0;0;1
27/12/2017;08:35:00;243;sem vítima;34,3;BR-116/SP;Pista Norte;Colisão traseira;2;2;0;0;0;0;1
27/12/2017;10:35:00;360;com vítima;183,8;BR-116/SP;Pista Norte;Abalroamento longitudinal;1;4;1;0;0;0;1
27/12/2017;11:55:00;424;com vítima;167;BR-116/RJ;Pista Norte;Abalroamento longitudinal;1;2;1;0;0;0;1
27/12/2017;13:02:00;466;sem vítima;117;BR-116/SP;Pista Norte;Abalroamento longitudinal;1;2;0;0;0;0;1
27/12/2017;14:05:00;517;sem vítima;318,9;BR-116/RJ;Pista Norte;Colisão traseira;1;4;0;0;0;0;1
27/12/2017;14:10:00;519;sem vítima;181,3;BR-116/RJ;Pista Sul;Engavetamento;1;7;0;0;0;0;1
27/12/2017;14:46:00;549;sem vítima;141,77;BR-116/SP;Pista Norte;Choque em defensa;1;1;0;0;0;0;1
27/12/2017;17:49:00;692;sem vítima;190,4;BR-116/SP;Pista Norte;Choque em defensa;1;1;0;0;0;0;1
27/12/2017;18:17:00;715;com vítima;90,1;BR-116/SP;Pista Sul;Colisão traseira;1;3;0;1;0;0;2
28/12/2017;01:00:00;26;sem vítima;176;BR-116/SP;Pista Norte;Colisão traseira;2;2;0;0;0;0;1
28/12/2017;08:52:00;233;sem vítima;162,3;BR-116/SP;Pista Norte;Engavetamento;1;9;0;0;0;0;1
28/12/2017;10:33:00;328;sem vítima;229,3;BR-116/RJ;Pista Norte;Choque em defensa;1;1;0;0;0;0;1
28/12/2017;16:19:00;570;sem vítima;97,6;BR-116/SP;Pista Sul;Colisão traseira;2;2;0;0;0;0;1
28/12/2017;19:02:00;698;sem vítima;265,3;BR-116/RJ;Pista Sul;Choque em objeto fixo;1;1;0;0;0;0;1
28/12/2017;21:32:00;778;sem vítima;220,8;BR-116/SP;Pista Sul;Colisão traseira;1;3;0;0;0;0;1
29/12/2017;04:16:00;83;sem vítima;218,62;BR-116/SP;Pista Sul;Colisão traseira;2;2;0;0;0;0;1
29/12/2017;07:33:00;208;sem vítima;72,1;BR-116/SP;Pista Norte;Abalroamento longitudinal;1;5;0;0;0;0;1
29/12/2017;08:51:00;292;sem vítima;328,9;BR-116/RJ;Pista Sul;Colisão traseira;1;2;0;0;0;0;1
29/12/2017;09:12:00;315;com vítima;122,4;BR-116/SP;Pista Norte;Engavetamento;1;8;1;0;0;0;1
29/12/2017;21:04:00;803;sem vítima;199,1;BR-116/SP;Pista Sul;Colisão traseira;1;2;0;0;0;0;1
29/12/2017;23:44:00;865;sem vítima;210,3;BR-116/SP;Pista Norte;Choque em defensa;1;1;0;0;0;0;1
30/12/2017;14:06:00;412;sem vítima;227,2;BR-116/RJ;Pista Norte;Choque em barreira New Jersey;1;2;0;0;0;0;1
30/12/2017;17:09:00;511;sem vítima;226;BR-116/RJ;Pista Sul;Colisão traseira;1;4;0;0;0;0;1
31/12/2017;05:34:00;69;sem vítima;212,95;BR-116/RJ;Pista Sul;Choque em defensa;1;1;0;0;0;0;1
01/01/2018;13:53:00;285;sem vítima;102;BR-116/SP;Pista Norte;Colisão traseira;1;2;0;0;0;0;1
01/01/2018;18:22:00;492;sem vítima;235,52;BR-116/RJ;Pista Sul;Tombamento;1;1;0;0;0;0;1
01/01/2018;20:11:00;583;com vítima;261,3;BR-116/RJ;Pista Norte;Choque em barreira New Jersey;2;7;1;0;0;0;1
02/01/2018;02:23:00;66;sem vítima;223,3;BR-116/RJ;Pista Norte;Choque Talude;1;1;0;0;0;0;1
02/01/2018;06:37:00;146;sem vítima;166,2;BR-116/RJ;Pista Sul;Abalroamento longitudinal;1;2;0;0;0;0;1
02/01/2018;07:25:00;191;sem vítima;310,84;BR-116/RJ;Pista Norte;Tombamento;1;1;0;0;0;0;1
02/01/2018;08:54:00;258;com vítima;179,85;BR-116/RJ;Pista Sul;Colisão traseira;1;2;3;0;0;0;1
02/01/2018;14:42:00;544;sem vítima;197,7;BR-116/SP;Pista Sul;Colisão traseira;1;2;0;0;0;0;1
02/01/2018;21:46:00;861;sem vítima;112;BR-116/SP;Pista Sul;Abalroamento longitudinal;1;3;0;0;0;0;1
02/01/2018;23:21:00;901;sem vítima;313,6;BR-116/RJ;Pista Norte;Choque em objeto na pista;1;1;0;0;0;0;1
03/01/2018;04:02:00;82;sem vítima;1,4;BR-116/SP;Pista Sul;Choque em objeto na pista;1;6;0;0;0;0;1
03/01/2018;06:26:00;129;sem vítima;218,8;BR-116/RJ;Pista Norte;Colisão traseira;1;2;0;0;0;0;1
03/01/2018;08:22:00;277;com vítima;84,8;BR-116/SP;Pista Sul;Colisão traseira;2;2;0;1;1;0;2
03/01/2018;11:10:00;430;sem vítima;230,6;BR-116/SP;Pista Sul;Abalroamento longitudinal;1;2;0;0;0;0;1
03/01/2018;12:12:00;471;com vítima;98,1;BR-116/SP;Pista Norte;Queda de ribanceira;1;4;1;0;0;0;1
03/01/2018;16:23:00;682;sem vítima;105,5;BR-116/SP;Pista Sul;Abalroamento longitudinal;1;2;0;0;0;0;1
04/01/2018;01:41:00;38;sem vítima;81,9;BR-116/SP;Pista Norte;Abalroamento longitudinal;1;4;0;0;0;0;1
04/01/2018;03:57:00;57;com vítima;134;BR-116/SP;Pista Norte;Colisão traseira;1;1;0;1;0;0;2
04/01/2018;12:38:00;416;sem vítima;165,5;BR-116/SP;Pista Norte;Colisão traseira;1;49;0;0;0;0;1
04/01/2018;23:43:00;835;com vítima;239,6;BR-116/RJ;Pista Norte;Choque em barreira New Jersey;1;0;1;0;0;0;1
05/01/2018;10:06:00;319;com vítima;263,2;BR-116/RJ;Pista Norte;Abalroamento longitudinal;1;2;1;0;0;0;1
05/01/2018;10:34:00;334;sem vítima;261,5;BR-116/RJ;Pista Norte;Choque em objeto fixo;1;1;0;0;0;0;1
05/01/2018;11:07:00;357;com vítima;235,7;BR-116/RJ;Pista Sul;Queda de ribanceira;1;0;1;1;0;0;2
05/01/2018;14:41:00;505;sem vítima;270,2;BR-116/RJ;Pista Sul;Colisão traseira;2;2;0;0;0;0;1
05/01/2018;15:16:00;527;com vítima;132,5;BR-116/SP;Pista Sul;Colisão traseira;1;1;1;0;0;0;1
05/01/2018;16:00:00;561;sem vítima;138,75;BR-116/SP;Pista Sul;Engavetamento;1;4;0;0;0;0;1
05/01/2018;16:50:00;603;sem vítima;306,5;BR-116/RJ;Pista Norte;Abalroamento longitudinal;1;2;0;0;0;0;1
05/01/2018;17:52:00;653;sem vítima;215,2;BR-116/RJ;Pista Sul;Choque em defensa;1;1;0;0;0;0;1
06/01/2018;08:28:00;205;sem vítima;232,65;BR-116/RJ;Pista Norte;Abalroamento longitudinal;2;3;0;0;0;0;1
06/01/2018;13:56:00;404;com vítima;224,8;BR-116/SP;Pista Norte;Colisão traseira;1;2;1;0;0;0;1
06/01/2018;17:15:00;533;sem vítima;205,05;BR-116/SP;Pista Sul;Choque em veículo parado na pista;1;491;0;0;0;0;1
08/01/2018;06:54:00;106;com vítima;167,6;BR-116/RJ;Pista Norte;Colisão traseira;2;1;2;0;0;0;1
08/01/2018;05:11:00;57;com vítima;299,7;BR-116/RJ;Pista Norte;Colisão traseira;1;1;1;0;0;0;1
08/01/2018;05:24:00;58;sem vítima;38,3;BR-116/SP;Pista Norte;Choque em objeto na pista;1;1;0;0;0;0;1
08/01/2018;06:57:00;111;com vítima;228,2;BR-116/RJ;Pista Norte;Outros;1;1;1;1;0;0;2
08/01/2018;08:21:00;188;sem vítima;139,4;BR-116/SP;Pista Sul;Tombamento;1;1;0;0;0;0;1
08/01/2018;15:31:00;515;com vítima;7,6;BR-116/SP;Pista Sul;Choque em barreira New Jersey;1;1;1;0;0;0;1
08/01/2018;22:21:00;749;sem vítima;23,1;BR-116/SP;Pista Norte;Colisão traseira;2;3;0;0;0;0;1
08/01/2018;22:32:00;757;com vítima;177,5;BR-116/SP;Pista Norte;Outros;2;1;1;0;0;0;1
08/01/2018;23:03:00;769;sem vítima;185,6;BR-116/RJ;Pista Sul;Colisão traseira;1;5;0;0;0;0;1
09/01/2018;09:59:00;330;sem vítima;193,6;BR-116/RJ;Pista Sul;Colisão traseira;1;3;0;0;0;0;1
09/01/2018;12:46:00;435;sem vítima;86,95;BR-116/SP;Pista Sul;Colisão traseira;1;2;0;0;0;0;1
09/01/2018;18:14:00;679;sem vítima;160,1;BR-116/SP;Pista Norte;Abalroamento longitudinal;1;2;0;0;0;0;1
10/01/2018;10:54:00;411;sem vítima;177,25;BR-116/RJ;Pista Sul;Colisão traseira;1;4;0;0;0;0;1
10/01/2018;13:39:00;516;com vítima;54,5;BR-116/SP;Pista Norte;Tombamento;1;0;1;1;0;0;2
10/01/2018;13:53:00;522;sem vítima;209,2;BR-116/RJ;Pista Sul;Abalroamento longitudinal;2;2;0;0;0;0;1
10/01/2018;17:58:00;708;sem vítima;227;BR-116/RJ;Pista Norte;Engavetamento;1;3;0;0;0;0;1
11/01/2018;04:55:00;99;sem vítima;224,1;BR-116/RJ;Pista Norte;Colisão traseira;2;2;0;0;0;0;1
11/01/2018;09:07:00;281;sem vítima;218,95;BR-116/SP;Pista Norte;Abalroamento longitudinal;1;2;0;0;0;0;1
11/01/2018;12:19:00;421;com vítima;314,1;BR-116/RJ;Pista Sul;Choque em objeto fixo;1;1;2;2;0;0;2
11/01/2018;15:18:00;561;sem vítima;182,3;BR-116/SP;Pista Norte;Choque em objeto fixo;1;1;0;0;0;0;1
12/01/2018;00:16:00;19;com vítima;210,3;BR-116/SP;Pista Norte;Abalroamento longitudinal;1;1;0;0;1;0;2
12/01/2018;04:59:00;89;com vítima;224,8;BR-116/RJ;Pista Norte;Choque em barreira New Jersey;1;0;0;0;0;1;3
12/01/2018;08:37:00;246;sem vítima;204,5;BR-116/SP;Pista Norte;Choque em objeto fixo;1;1;0;0;0;0;1
12/01/2018;09:41:00;321;com vítima;241;BR-116/RJ;Pista Norte;Engavetamento;3;6;1;2;0;0;2
12/01/2018;10:04:00;343;sem vítima;218,2;BR-116/RJ;Pista Sul;Colisão traseira;1;2;0;0;0;0;1
12/01/2018;13:00:00;447;sem vítima;232,7;BR-116/RJ;Pista Norte;Colisão traseira;1;6;0;0;0;0;1
12/01/2018;14:37:00;530;com vítima;140,05;BR-116/SP;Pista Sul;Engavetamento;2;15;0;0;0;1;3
12/01/2018;16:29:00;606;sem vítima;180,3;BR-116/RJ;Pista Sul;Colisão traseira;1;2;0;0;0;0;1
12/01/2018;16:29:00;607;sem vítima;220,3;BR-116/RJ;Pista Norte;Colisão traseira;2;2;0;0;0;0;1
12/01/2018;17:12:00;633;sem vítima;207,1;BR-116/RJ;Pista Sul;Abalroamento longitudinal;1;3;0;0;0;0;1
12/01/2018;19:58:00;788;com vítima;236,2;BR-116/RJ;Pista Sul;Abalroamento longitudinal;2;1;1;0;0;0;1
12/01/2018;21:15:00;843;sem vítima;275,2;BR-116/RJ;Pista Sul;Queda de Carga;1;4;0;0;0;0;1
12/01/2018;21:33:00;859;sem vítima;247,7;BR-116/RJ;Pista Sul;Choque em barreira New Jersey;1;1;0;0;0;0;1
13/01/2018;11:24:00;371;sem vítima;214;BR-116/SP;Pista Sul;Colisão traseira;1;3;0;0;0;0;1
13/01/2018;17:18:00;597;sem vítima;320,86;BR-116/RJ;Pista Sul;Abalroamento longitudinal;1;3;0;0;0;0;1
13/01/2018;17:24:00;600;sem vítima;232,6;BR-116/RJ;Pista Sul;Queda de ribanceira;1;1;0;0;0;0;1
13/01/2018;18:16:00;638;com vítima;239,2;BR-116/RJ;Pista Norte;Choque Talude;1;0;1;0;0;0;1
14/01/2018;11:34:00;274;com vítima;22,1;BR-116/SP;Pista Sul;Tombamento;1;0;0;1;0;0;2
14/01/2018;21:52:00;680;sem vítima;23,35;BR-116/SP;Pista Norte;Tombamento;1;2;0;0;0;0;1
15/01/2018;06:16:00;85;sem vítima;75,85;BR-116/SP;Pista Sul;Colisão traseira;1;3;0;0;0;0;1
15/01/2018;08:23:00;226;sem vítima;228;BR-116/RJ;Pista Norte;Queda de Carga;1;1;0;0;0;0;1
15/01/2018;18:24:00;709;sem vítima;175,1;BR-116/SP;Pista Norte;Colisão traseira;1;2;0;0;0;0;1
15/01/2018;23:56:00;875;sem vítima;218;BR-116/RJ;Pista Norte;Choque em objeto na pista;1;1;0;0;0;0;1
16/01/2018;07:43:00;187;sem vítima;158;BR-116/SP;Pista Norte;Engavetamento;1;5;0;0;0;0;1
16/01/2018;20:38:00;844;sem vítima;104,7;BR-116/SP;Pista Sul;Tombamento;1;1;0;0;0;0;1
16/01/2018;20:53:00;850;com vítima;200,8;BR-116/SP;Pista Sul;Atropelamento de pedestre caminhando;1;1;0;0;0;1;3
17/01/2018;00:09:00;14;com vítima;277,9;BR-116/RJ;Pista Sul;Colisão traseira;2;0;2;0;0;0;1
17/01/2018;04:47:00;72;sem vítima;285,3;BR-116/RJ;Pista Norte;Tombamento;1;1;0;0;0;0;1
17/01/2018;05:31:00;83;sem vítima;150,7;BR-116/SP;Pista Sul;Colisão traseira;1;2;0;0;0;0;1
17/01/2018;14:51:00;568;sem vítima;181;BR-116/SP;Pista Sul;Abalroamento longitudinal;1;4;0;0;0;0;1
17/01/2018;16:27:00;647;com vítima;134,69;BR-116/SP;Pista Norte;Colisão traseira;2;1;0;1;0;0;2
18/01/2018;06:50:00;141;sem vítima;214,4;BR-116/RJ;Pista Norte;Abalroamento longitudinal;1;4;0;0;0;0;1
18/01/2018;08:11:00;236;sem vítima;110,6;BR-116/SP;Pista Sul;Engavetamento;1;5;0;0;0;0;1
18/01/2018;13:48:00;511;sem vítima;213;BR-116/SP;Pista Norte;Engavetamento;1;5;0;0;0;0;1
18/01/2018;14:12:00;534;sem vítima;109,5;BR-116/SP;Pista Sul;Engavetamento;1;3;0;0;0;0;1
18/01/2018;15:20:00;601;sem vítima;112;BR-116/SP;Pista Sul;Colisão traseira;1;3;0;0;0;0;1
18/01/2018;17:42:00;732;sem vítima;62,7;BR-116/SP;Pista Sul;Colisão traseira;1;2;0;0;0;0;1
18/01/2018;17:57:00;751;com vítima;138,5;BR-116/SP;Pista Sul;Engavetamento;1;13;2;0;0;0;1
18/01/2018;23:55:00;981;com vítima;95,55;BR-116/SP;Pista Sul;Engavetamento;4;3;1;1;0;0;2
19/01/2018;00:50:00;24;sem vítima;106;BR-116/SP;Pista Norte;Colisão traseira;1;2;0;0;0;0;1
19/01/2018;08:59:00;271;com vítima;227,5;BR-116/SP;Pista Sul;Colisão traseira;1;1;0;1;0;0;2
19/01/2018;09:43:00;314;com vítima;180,35;BR-116/RJ;Pista Norte;Engavetamento;2;25;1;0;0;0;1
19/01/2018;16:37:00;655;com vítima;145,4;BR-116/SP;Pista Sul;Engavetamento;1;8;1;0;0;0;1
19/01/2018;17:19:00;684;sem vítima;290;BR-116/RJ;Pista Norte;Choque em objeto fixo;1;1;0;0;0;0;1
20/01/2018;04:13:00;80;sem vítima;204,5;BR-116/SP;Pista Sul;Colisão traseira;1;2;0;0;0;0;1
20/01/2018;05:38:00;94;sem vítima;47,3;BR-116/SP;Pista Norte;Choque em barreira New Jersey;1;5;0;0;0;0;1
20/01/2018;18:31:00;613;sem vítima;0,4;BR-116/SP;Pista Norte;Choque em barreira New Jersey;1;3;0;0;0;0;1
20/01/2018;19:07:00;637;sem vítima;164,9;BR-116/RJ;Pista Norte;Colisão traseira;1;2;0;0;0;0;1
21/01/2018;00:26:00;22;sem vítima;230,6;BR-116/SP;Pista Norte;Colisão traseira;1;8;0;0;0;0;1
21/01/2018;09:21:00;201;com vítima;111,1;BR-116/SP;Pista Sul;Abalroamento longitudinal;1;1;2;0;0;0;1
22/01/2018;06:40:00;124;sem vítima;265,9;BR-116/RJ;Pista Norte;Abalroamento longitudinal;1;2;0;0;0;0;1
22/01/2018;09:52:00;313;sem vítima;95;BR-116/SP;Pista Norte;Choque em defensa;1;1;0;0;0;0;1
22/01/2018;10:53:00;367;sem vítima;225,75;BR-116/RJ;Pista Norte;Abalroamento longitudinal;1;2;0;0;0;0;1
22/01/2018;15:58:00;607;sem vítima;278;BR-116/RJ;Pista Sul;Colisão traseira;1;2;0;0;0;0;1
22/01/2018;16:22:00;633;sem vítima;165,2;BR-116/SP;Pista Sul;Engavetamento;1;3;0;0;0;0;1
23/01/2018;11:00:00;456;sem vítima;220,25;BR-116/RJ;Pista Sul;Choque em objeto fixo;1;1;0;0;0;0;1
23/01/2018;05:04:00;104;com vítima;168,4;BR-116/RJ;Pista Sul;Colisão traseira;1;1;0;3;0;0;2
23/01/2018;08:15:00;280;sem vítima;16,9;BR-116/SP;Pista Sul;Choque em objeto fixo;1;1;0;0;0;0;1
23/01/2018;15:10:00;641;sem vítima;207,1;BR-116/RJ;Pista Sul;Outros;1;2;0;0;0;0;1
23/01/2018;15:56:00;684;com vítima;218,2;BR-116/SP;Pista Norte;Engavetamento;3;4;1;0;0;0;1
23/01/2018;16:08:00;694;sem vítima;182,3;BR-116/SP;Pista Norte;Choque em objeto fixo;1;1;0;0;0;0;1
23/01/2018;18:13:00;787;com vítima;167;BR-116/RJ;Pista Sul;Abalroamento longitudinal;1;2;1;0;0;0;1
23/01/2018;18:33:00;806;com vítima;219,9;BR-116/SP;Pista Sul;Colisão traseira;1;1;0;1;0;0;2
23/01/2018;22:10:00;941;com vítima;22,5;BR-116/SP;Pista Sul;Choque em barreira New Jersey;2;1;1;0;0;0;1
24/01/2018;03:03:00;72;com vítima;187,5;BR-116/RJ;Pista Norte;Colisão traseira;3;2;1;0;0;0;1
24/01/2018;04:11:00;94;sem vítima;187,5;BR-116/RJ;Pista Norte;Choque em defensa;1;1;0;0;0;0;1
24/01/2018;11:43:00;437;com vítima;216,6;BR-116/SP;Pista Sul;Engavetamento;1;4;1;0;0;0;1
24/01/2018;12:30:00;470;sem vítima;193,8;BR-116/SP;Pista Sul;Colisão traseira;2;3;0;0;0;0;1
24/01/2018;15:47:00;620;com vítima;212,1;BR-116/SP;Pista Sul;Engavetamento;3;3;1;0;0;0;1
24/01/2018;20:24:00;833;sem vítima;285,4;BR-116/RJ;Pista Norte;Choque em objeto fixo;1;1;0;0;0;0;1
25/01/2018;03:57:00;92;com vítima;131,95;BR-116/SP;Pista Sul;Colisão traseira;2;1;1;0;0;0;1
25/01/2018;08:57:00;298;sem vítima;177,3;BR-116/RJ;Pista Sul;Abalroamento longitudinal;1;3;0;0;0;0;1
25/01/2018;15:43:00;589;sem vítima;144,6;BR-116/SP;Pista Sul;Engavetamento;1;4;0;0;0;0;1
25/01/2018;17:51:00;692;sem vítima;150;BR-116/SP;Pista Sul;Choque em objeto na pista;1;6;0;0;0;0;1
25/01/2018;21:35:00;857;sem vítima;157;BR-116/SP;Pista Sul;Colisão traseira;1;2;0;0;0;0;1
26/01/2018;14:52:00;538;com vítima;172,4;BR-116/RJ;Pista Sul;Abalroamento longitudinal;1;1;1;0;0;0;1
26/01/2018;03:56:00;70;sem vítima;239,4;BR-116/RJ;Pista Norte;Engavetamento;3;5;0;0;0;0;1
26/01/2018;08:38:00;257;com vítima;17,5;BR-116/SP;Pista Sul;Choque em barreira New Jersey;1;0;1;0;0;0;1
26/01/2018;09:10:00;289;sem vítima;188,9;BR-116/RJ;Pista Norte;Colisão traseira;1;2;0;0;0;0;1
26/01/2018;11:24:00;403;sem vítima;42,1;BR-116/SP;Pista Norte;Abalroamento longitudinal;1;2;0;0;0;0;1
26/01/2018;12:38:00;450;sem vítima;255,2;BR-116/RJ;Pista Sul;Abalroamento longitudinal;1;2;0;0;0;0;1
26/01/2018;18:07:00;695;com vítima;139,4;BR-116/SP;Pista Sul;Engavetamento;1;4;3;0;0;0;1
26/01/2018;18:18:00;705;sem vítima;321,2;BR-116/RJ;Pista Sul;Outros;1;3;0;0;0;0;1
26/01/2018;19:43:00;763;com vítima;167,6;BR-116/RJ;Pista Sul;Engavetamento;1;7;1;0;0;0;1
26/01/2018;21:13:00;824;sem vítima;199,28;BR-116/SP;Pista Sul;Colisão traseira;1;6;0;0;0;0;1
27/01/2018;00:45:00;21;sem vítima;38,2;BR-116/SP;Pista Norte;Choque em objeto fixo;1;1;0;0;0;0;1
27/01/2018;01:12:00;30;com vítima;313,6;BR-116/RJ;Pista Sul;Colisão traseira;2;1;0;0;1;0;2
27/01/2018;04:10:00;86;sem vítima;178,9;BR-116/SP;Pista Sul;Choque em objeto fixo;1;1;0;0;0;0;1
27/01/2018;12:20:00;349;com vítima;200;BR-116/RJ;Pista Norte;Engavetamento;1;2;4;1;0;1;3
27/01/2018;18:55:00;568;sem vítima;228;BR-116/RJ;Pista Norte;Choque Talude;1;3;0;0;0;0;1
28/01/2018;10:02:00;212;com vítima;147,55;BR-116/SP;Pista Sul;Abalroamento longitudinal;1;1;1;0;0;0;1
28/01/2018;18:12:00;504;sem vítima;71,2;BR-116/SP;Pista Norte;Tombamento;1;2;0;0;0;0;1
28/01/2018;23:31:00;705;com vítima;146,8;BR-116/SP;Pista Norte;Colisão traseira;1;4;1;0;0;0;1
29/01/2018;00:54:00;36;com vítima;204,3;BR-116/RJ;Pista Sul;Choque em defensa;1;1;1;0;0;0;1
29/01/2018;10:59:00;382;sem vítima;296,7;BR-116/RJ;Pista Sul;Abalroamento longitudinal;1;3;0;0;0;0;1
29/01/2018;11:07:00;387;sem vítima;184;BR-116/RJ;Pista Sul;Colisão traseira;2;2;0;0;0;0;1
29/01/2018;11:29:00;403;sem vítima;111;BR-116/SP;Pista Norte;Choque em barreira New Jersey;1;2;0;0;0;0;1
29/01/2018;12:20:00;439;sem vítima;111;BR-116/SP;Pista Norte;Colisão traseira;1;3;0;0;0;0;1
29/01/2018;14:07:00;524;sem vítima;107,9;BR-116/SP;Pista Sul;Abalroamento longitudinal;1;2;0;0;0;0;1
29/01/2018;14:57:00;559;sem vítima;224,8;BR-116/SP;Pista Norte;Abalroamento longitudinal;1;2;0;0;0;0;1
29/01/2018;15:29:00;578;sem vítima;229,3;BR-116/SP;Pista Norte;Abalroamento longitudinal;1;2;0;0;0;0;1
30/01/2018;00:19:00;19;sem vítima;103;BR-116/SP;Pista Norte;Abalroamento longitudinal;2;3;0;0;0;0;1
30/01/2018;12:58:00;414;sem vítima;182,4;BR-116/SP;Pista Norte;Colisão traseira;1;26;0;0;0;0;1
30/01/2018;13:44:00;449;sem vítima;197,2;BR-116/RJ;Pista Norte;Abalroamento longitudinal;1;3;0;0;0;0;1
30/01/2018;14:03:00;458;com vítima;119,5;BR-116/SP;Pista Norte;Colisão traseira;1;1;0;1;0;0;2
30/01/2018;14:25:00;469;sem vítima;165,2;BR-116/SP;Pista Sul;Engavetamento;2;4;0;0;0;0;1
30/01/2018;14:46:00;480;sem vítima;192,3;BR-116/SP;Pista Sul;Colisão traseira;2;2;0;0;0;0;1
30/01/2018;20:50:00;717;sem vítima;220,6;BR-116/SP;Pista Sul;Abalroamento longitudinal;1;3;0;0;0;0;1
30/01/2018;21:30:00;735;sem vítima;131,7;BR-116/SP;Pista Sul;Outros;3;3;0;0;0;0;1
31/01/2018;01:17:00;32;com vítima;115,3;BR-116/SP;Pista Sul;Colisão traseira;2;1;0;1;0;0;2
31/01/2018;05:09:00;73;sem vítima;4,3;BR-116/SP;Pista Norte;Choque em objeto fixo;1;1;0;0;0;0;1
31/01/2018;07:49:00;201;sem vítima;142,7;BR-116/SP;Pista Sul;Engavetamento;2;5;0;0;0;0;1
31/01/2018;10:02:00;350;com vítima;184,1;BR-116/RJ;Pista Norte;Colisão traseira;1;2;0;1;0;0;2
31/01/2018;13:39:00;503;com vítima;29,2;BR-116/SP;Pista Sul;Colisão traseira;1;1;0;1;0;0;2
31/01/2018;17:13:00;687;sem vítima;148,6;BR-116/SP;Pista Norte;Colisão traseira;2;2;0;0;0;0;1
31/01/2018;17:18:00;690;com vítima;310,7;BR-116/RJ;Pista Norte;Colisão traseira;1;1;0;1;0;0;2
31/01/2018;17:21:00;691;sem vítima;226;BR-116/SP;Pista Norte;Colisão traseira;1;41;0;0;0;0;1
31/01/2018;18:56:00;772;sem vítima;225,5;BR-116/SP;Pista Norte;Choque em veículo parado na pista;2;2;0;0;0;0;1
01/02/2018;02:10:00;36;com vítima;212;BR-116/SP;Pista Norte;Colisão Traseira;1;1;1;;;;1
01/02/2018;07:06:00;166;sem vítima;251,1999969482422;BR-116/RJ;Pista Norte;Abalroamento Longitudinal;1;3;;;;;1
01/02/2018;07:56:00;219;sem vítima;318,95001220703125;BR-116/RJ;Pista Sul;Colisão Traseira;1;2;;;;;1
01/02/2018;12:10:00;465;sem vítima;30;BR-116/SP;Pista Norte;Engavetamento;2;7;;;;;1
01/02/2018;12:42:00;485;sem vítima;264,5;BR-116/RJ;Pista Norte;Choque em objeto na pista;1;1;;;;;1
01/02/2018;22:41:00;929;sem vítima;298,6000061035156;BR-116/RJ;Pista Sul;Choque em Defensa;1;1;;;;;1
01/02/2018;23:04:00;935;sem vítima;298,5;BR-116/RJ;Pista Sul;Colisão Traseira;1;2;;;;;1
02/02/2018;00:28:00;25;com vítima;209,64999389648438;BR-116/RJ;Pista Sul;Abalroamento Longitudinal;1;1;1;;;;1
02/02/2018;08:05:00;252;sem vítima;164,80099487304688;BR-116/RJ;Pista Norte;Abalroamento Longitudinal;1;3;;;;;1
02/02/2018;17:12:00;719;sem vítima;318,6000061035156;BR-116/RJ;Pista Sul;Colisão Traseira;1;3;;;;;1
02/02/2018;21:35:00;885;sem vítima;224,1999969482422;BR-116/RJ;Pista Norte;Choque Talude;1;1;;;;;1
02/02/2018;23:27:00;939;sem vítima;227,75;BR-116/RJ;Pista Norte;Capotamento;1;2;;;;;1