data;horario;n_da_ocorrencia;tipo_de_ocorrencia;km;trecho;sentido;tipo_de_acidente;caminhao;ilesos;levemente_feridos;moderadamente_feridos;gravemente_feridos;mortos;3
03/02/2018;16:16:00;480;sem vítima;222,39999389648438;BR-116/SP;Pista Sul;Abalroamento Longitudinal;1;2;;;;;1
05/02/2018;00:01:00;13;com vítima;13;BR-116/SP;Pista Sul;Colisão Traseira;2;1;;;1;;2
05/02/2018;05:57:00;111;sem vítima;179,89999389648438;BR-116/RJ;Pista Norte;Choque em Barreira New Jersey;1;1;;;;;1
05/02/2018;06:50:00;142;sem vítima;36,70000076293945;BR-116/SP;Pista Sul;Abalroamento Longitudinal;1;5;;;;;1
05/02/2018;08:11:00;224;sem vítima;223,3000030517578;BR-116/RJ;Pista Norte;Choque Talude;1;1;;;;;1
05/02/2018;11:04:00;382;sem vítima;192,10000610351562;BR-116/RJ;Pista Norte;Choque em Defensa;1;1;;;;;1
05/02/2018;13:33:00;467;com vítima;164,1999969482422;BR-116/RJ;Pista Norte;Colisão Traseira;1;9;2;;;;1
05/02/2018;14:32:00;498;sem vítima;99,19999694824219;BR-116/SP;Pista Norte;Abalroamento Longitudinal;1;3;;;;;1
05/02/2018;14:57:00;514;com vítima;189,6999969482422;BR-116/RJ;Pista Norte;Colisão Traseira;1;2;1;;;;1
05/02/2018;15:43:00;549;sem vítima;297,8999938964844;BR-116/RJ;Pista Sul;Engavetamento;1;3;;;;;1
05/02/2018;19:21:00;696;com vítima;173;BR-116/RJ;Pista Sul;Abalroamento Longitudinal;1;1;;1;;;2
06/02/2018;00:05:00;10;com vítima;175,10000610351562;BR-116/RJ;Pista Norte;Colisão Traseira;1;1;3;2;;;2
06/02/2018;05:07:00;89;com vítima;186,8000030517578;BR-116/RJ;Pista Norte;Choque em objeto fixo;2;2;2;;;;1
06/02/2018;05:52:00;104;sem vítima;203,85000610351562;BR-116/RJ;Pista Sul;Queda de ribanceira;1;1;;;;;1
06/02/2018;05:59:00;107;com vítima;156,8000030517578;BR-116/SP;Pista Sul;Colisão Traseira;3;2;;1;;1;3
06/02/2018;06:42:00;129;sem vítima;318,6000061035156;BR-116/RJ;Pista Sul;Choque em Defensa;1;1;;;;;1
06/02/2018;11:10:00;392;com vítima;167,60000610351562;BR-116/RJ;Pista Norte;Abalroamento Longitudinal;1;4;1;;;;1
06/02/2018;13:33:00;474;sem vítima;313,29998779296875;BR-116/RJ;Pista Sul;Choque em objeto na pista;2;2;;;;;1
06/02/2018;14:26:00;513;sem vítima;6;BR-116/SP;Pista Norte;Abalroamento Longitudinal;1;5;;;;;1
06/02/2018;21:31:00;791;com vítima;189;BR-116/SP;Pista Sul;Colisão Traseira;2;1;1;;;;1
06/02/2018;22:33:00;822;sem vítima;227,8000030517578;BR-116/SP;Pista Norte;Engavetamento;1;4;;;;;1
06/02/2018;22:56:00;837;sem vítima;225,1999969482422;BR-116/RJ;Pista Sul;Choque em Barreira New Jersey;1;1;;;;;1
07/02/2018;08:20:00;235;sem vítima;177,3000030517578;BR-116/SP;Pista Sul;Colisão Traseira;1;2;;;;;1
07/02/2018;13:10:00;495;sem vítima;16,799999237060547;BR-116/SP;Pista Sul;Choque Talude;1;1;;;;;1
07/02/2018;16:30:00;662;sem vítima;86,94999694824219;BR-116/SP;Pista Sul;Abalroamento Longitudinal;1;2;;;;;1
07/02/2018;16:32:00;667;com vítima;279,5;BR-116/RJ;Pista Sul;Choque em Barreira New Jersey;1;1;2;;;;1
07/02/2018;17:07:00;687;com vítima;280,29998779296875;BR-116/RJ;Pista Sul;Engavetamento;4;5;;1;;;2
07/02/2018;17:18:00;694;sem vítima;157,60000610351562;BR-116/SP;Pista Norte;Choque em veículo parado na pista;1;2;;;;;1
07/02/2018;22:18:00;888;sem vítima;293,45001220703125;BR-116/RJ;Pista Sul;Colisão Traseira;3;3;;;;;1
07/02/2018;23:28:00;914;sem vítima;143,5;BR-116/SP;Pista Norte;Choque em objeto fixo;1;2;;;;;1
08/02/2018;07:52:00;225;com vítima;109,80000305175781;BR-116/SP;Pista Norte;Engavetamento;1;5;1;1;;;2
08/02/2018;08:02:00;239;sem vítima;108,0999984741211;BR-116/SP;Pista Sul;Colisão Traseira;1;5;;;;;1
08/02/2018;11:58:00;440;sem vítima;219,3000030517578;BR-116/SP;Pista Norte;Engavetamento;2;5;;;;;1
08/02/2018;12:49:00;469;sem vítima;220,39999389648438;BR-116/SP;Pista Sul;Engavetamento;1;3;;;;;1
08/02/2018;15:18:00;594;sem vítima;201,05999755859375;BR-116/SP;Pista Norte;Abalroamento Longitudinal;1;2;;;;;1
08/02/2018;16:38:00;652;com vítima;300,6000061035156;BR-116/RJ;Pista Sul;Tombamento;1;0;1;;;;1
08/02/2018;17:27:00;687;sem vítima;246,3000030517578;BR-116/RJ;Pista Norte;Abalroamento Longitudinal;1;4;;;;;1
08/02/2018;18:02:00;714;sem vítima;139,89999389648438;BR-116/SP;Pista Sul;Engavetamento;2;6;;;;;1
08/02/2018;18:12:00;723;sem vítima;298,1000061035156;BR-116/RJ;Pista Sul;Colisão Traseira;2;2;;;;;1
09/02/2018;07:36:00;194;com vítima;181,3000030517578;BR-116/RJ;Pista Sul;Tombamento;1;3;1;;;;1
09/02/2018;08:58:00;274;sem vítima;220,6999969482422;BR-116/RJ;Pista Norte;Abalroamento Longitudinal;2;2;;;;;1
09/02/2018;11:06:00;405;com vítima;198,60000610351562;BR-116/SP;Pista Sul;Colisão Traseira;1;1;2;;;;1
09/02/2018;17:06:00;710;sem vítima;173,89999389648438;BR-116/RJ;Pista Sul;Abalroamento Longitudinal;1;2;;;;;1
09/02/2018;18:42:00;810;com vítima;211,60000610351562;BR-116/RJ;Pista Sul;Queda de ribanceira;1;0;3;;1;;2
09/02/2018;23:46:00;1022;sem vítima;8,649999618530273;BR-116/SP;Pista Sul;Choque em objeto fixo;1;2;;;;;1
10/02/2018;07:08:00;182;sem vítima;148,5;BR-116/SP;Pista Norte;Colisão Traseira;1;10;;;;;1
10/02/2018;16:58:00;625;sem vítima;151,67999267578125;BR-116/SP;Pista Sul;Abalroamento Longitudinal;1;4;;;;;1
10/02/2018;18:35:00;708;sem vítima;235,5;BR-116/RJ;Pista Sul;Queda de ribanceira;1;1;;;;;1
11/02/2018;07:44:00;162;sem vítima;165,1999969482422;BR-116/SP;Pista Sul;Colisão Traseira;2;2;;;;;1
11/02/2018;08:18:00;184;sem vítima;172,5;BR-116/RJ;Pista Sul;Colisão Traseira;1;3;;;;;1
11/02/2018;18:08:00;550;sem vítima;284,79998779296875;BR-116/RJ;Pista Sul;Choque em Barreira New Jersey;1;2;;;;;1
13/02/2018;18:21:00;520;sem vítima;205,1999969482422;BR-116/SP;Pista Sul;Abalroamento Longitudinal;1;3;;;;;1
14/02/2018;04:30:00;62;sem vítima;51,099998474121094;BR-116/SP;Pista Norte;Colisão Traseira;1;2;;;;;1
14/02/2018;07:54:00;149;sem vítima;224,5;BR-116/SP;Pista Norte;Colisão Traseira;1;2;;;;;1
14/02/2018;09:34:00;250;com vítima;51;BR-116/SP;Pista Sul;Abalroamento Longitudinal;1;2;1;;;;1
14/02/2018;10:52:00;316;sem vítima;231;BR-116/SP;Pista Sul;Engavetamento;2;3;;;;;1
14/02/2018;13:41:00;432;sem vítima;216,6999969482422;BR-116/SP;Pista Norte;Choque em Barreira New Jersey;1;2;;;;;1
14/02/2018;16:41:00;557;sem vítima;160,60000610351562;BR-116/SP;Pista Sul;Queda de ribanceira;1;1;;;;;1
14/02/2018;19:15:00;681;sem vítima;280,29998779296875;BR-116/RJ;Pista Sul;Colisão Traseira;1;4;;;;;1
14/02/2018;19:23:00;685;sem vítima;26,700000762939453;BR-116/SP;Pista Sul;Tombamento;1;1;;;;;1
14/02/2018;20:02:00;704;sem vítima;209,6999969482422;BR-116/SP;Pista Sul;Colisão Traseira;1;16;;;;;1
14/02/2018;23:17:00;781;sem vítima;209,1999969482422;BR-116/SP;Pista Sul;Choque em objeto na pista;1;2;;;;;1
15/02/2018;00:12:00;20;sem vítima;168,64999389648438;BR-116/RJ;Pista Sul;Atropelamento de Animal;1;1;;;;;1
15/02/2018;01:45:00;63;sem vítima;235,6999969482422;BR-116/RJ;Pista Sul;Tombamento;1;2;;;;;1
15/02/2018;05:59:00;115;sem vítima;252;BR-116/RJ;Pista Norte;Colisão Traseira;1;2;;;;;1
15/02/2018;07:07:00;154;sem vítima;198,5;BR-116/RJ;Pista Norte;Choque em Defensa;1;2;;;;;1
15/02/2018;18:11:00;687;sem vítima;207,10000610351562;BR-116/RJ;Pista Norte;Colisão Traseira;1;2;;;;;1
15/02/2018;22:28:00;866;sem vítima;212,5;BR-116/SP;Pista Sul;Choque em objeto fixo;1;1;;;;;1
15/02/2018;22:32:00;868;sem vítima;182,3000030517578;BR-116/SP;Pista Norte;Colisão Traseira;1;2;;;;;1
16/02/2018;04:08:00;77;sem vítima;287,5;BR-116/RJ;Pista Sul;Choque em objeto na pista;1;1;;;;;1
16/02/2018;10:33:00;375;com vítima;303,5;BR-116/RJ;Pista Norte;Abalroamento Longitudinal;1;1;1;;;;1
16/02/2018;12:03:00;423;sem vítima;227,8000030517578;BR-116/RJ;Pista Norte;Outros;1;1;;;;;1
16/02/2018;17:47:00;693;sem vítima;310,3999938964844;BR-116/RJ;Pista Norte;Colisão Traseira;1;2;;;;;1
17/02/2018;04:25:00;79;sem vítima;102,0999984741211;BR-116/SP;Pista Norte;Choque em objeto na pista;1;1;;;;;1
17/02/2018;07:28:00;152;com vítima;215,35000610351562;BR-116/SP;Pista Norte;Colisão Traseira;1;1;1;;;;1
17/02/2018;17:28:00;521;sem vítima;139,10000610351562;BR-116/SP;Pista Sul;Abalroamento Longitudinal;1;6;;;;;1
17/02/2018;18:56:00;577;sem vítima;227,60000610351562;BR-116/SP;Pista Sul;Abalroamento Longitudinal;1;3;;;;;1
17/02/2018;20:32:00;629;sem vítima;210,1999969482422;BR-116/SP;Pista Sul;Abalroamento Longitudinal;1;4;;;;;1
19/02/2018;05:49:00;105;com vítima;223,1999969482422;BR-116/RJ;Pista Norte;Abalroamento Longitudinal;3;2;1;;;;1
19/02/2018;08:24:00;247;sem vítima;238,6999969482422;BR-116/RJ;Pista Norte;Engavetamento;2;17;;;;;1
19/02/2018;10:38:00;348;sem vítima;157,5;BR-116/SP;Pista Norte;Colisão Traseira;1;2;;;;;1
19/02/2018;14:50:00;508;sem vítima;273;BR-116/RJ;Pista Norte;Abalroamento Longitudinal;1;2;;;;;1
19/02/2018;22:16:00;808;sem vítima;169;BR-116/SP;Pista Norte;Choque em objeto na pista;1;2;;;;;1
19/02/2018;23:49:00;837;sem vítima;221,5;BR-116/SP;Pista Norte;Abalroamento Longitudinal;1;3;;;;;1
20/02/2018;06:09:00;107;sem vítima;212,6999969482422;BR-116/SP;Pista Sul;Colisão Traseira;1;3;;;;;1
20/02/2018;07:53:00;224;sem vítima;273,3999938964844;BR-116/RJ;Pista Norte;Abalroamento Longitudinal;1;2;;;;;1
20/02/2018;09:23:00;347;sem vítima;61,5;BR-116/SP;Pista Sul;Colisão Traseira;1;3;;;;;1
20/02/2018;14:56:00;581;sem vítima;23,700000762939453;BR-116/SP;Pista Norte;Abalroamento Longitudinal;1;6;;;;;1
20/02/2018;15:30:00;609;sem vítima;304;BR-116/RJ;Pista Sul;Abalroamento Longitudinal;1;2;;;;;1
20/02/2018;18:17:00;736;sem vítima;318,8999938964844;BR-116/RJ;Pista Sul;Colisão Traseira;1;2;;;;;1
20/02/2018;19:20:00;783;sem vítima;298,70001220703125;BR-116/RJ;Pista Norte;Abalroamento Longitudinal;2;4;;;;;1
21/02/2018;00:15:00;17;sem vítima;157,10000610351562;BR-116/SP;Pista Sul;Abalroamento Longitudinal;1;2;;;;;1
21/02/2018;13:16:00;511;sem vítima;50,099998474121094;BR-116/SP;Pista Sul;Choque em objeto na pista;1;2;;;;;1
21/02/2018;14:44:00;564;sem vítima;98,20999908447266;BR-116/SP;Pista Norte;Choque em Barreira New Jersey;1;1;;;;;1
21/02/2018;17:41:00;693;sem vítima;202;BR-116/SP;Pista Norte;Abalroamento Longitudinal;1;2;;;;;1
21/02/2018;18:19:00;727;sem vítima;221,1999969482422;BR-116/SP;Pista Norte;Colisão Traseira;1;2;;;;;1
21/02/2018;20:42:00;813;sem vítima;278,29998779296875;BR-116/RJ;Pista Sul;Choque em Defensa;1;1;;;;;1
22/02/2018;07:40:00;211;sem vítima;264;BR-116/RJ;Pista Norte;Colisão Traseira;1;2;;;;;1
22/02/2018;08:57:00;299;sem vítima;228,39999389648438;BR-116/SP;Pista Sul;Abalroamento Longitudinal;1;3;;;;;1
22/02/2018;13:52:00;518;com vítima;112,63999938964844;BR-116/SP;Pista Norte;Colisão Traseira;1;2;;;1;;2
22/02/2018;14:28:00;545;com vítima;114,4000015258789;BR-116/SP;Pista Norte;Colisão Traseira;1;1;;;1;;2
22/02/2018;18:08:00;718;sem vítima;132,4499969482422;BR-116/SP;Pista Sul;Abalroamento Longitudinal;1;3;;;;;1
22/02/2018;18:45:00;755;sem vítima;263,3999938964844;BR-116/RJ;Pista Sul;Colisão Traseira;4;4;;;;;1
23/02/2018;06:22:00;127;sem vítima;327,04998779296875;BR-116/RJ;Pista Sul;Abalroamento Longitudinal;1;5;;;;;1
23/02/2018;08:50:00;283;sem vítima;191,89999389648438;BR-116/RJ;Pista Norte;Colisão Traseira;1;3;;;;;1
23/02/2018;11:35:00;436;sem vítima;236;BR-116/RJ;Pista Norte;Abalroamento Longitudinal;1;3;;;;;1
23/02/2018;12:14:00;455;sem vítima;215,10000610351562;BR-116/SP;Pista Sul;Abalroamento Longitudinal;1;2;;;;;1
23/02/2018;12:47:00;472;com vítima;174,1999969482422;BR-116/RJ;Pista Sul;Choque em Barreira New Jersey;1;2;1;;;;1
23/02/2018;13:48:00;519;sem vítima;269,70001220703125;BR-116/RJ;Pista Sul;Abalroamento Transversal;1;2;;;;;1
23/02/2018;18:01:00;694;sem vítima;300,8999938964844;BR-116/RJ;Pista Sul;Engavetamento;3;3;;;;;1
24/02/2018;00:40:00;24;com vítima;215;BR-116/SP;Pista Sul;Abalroamento Longitudinal;1;1;;;1;;2
24/02/2018;13:09:00;430;com vítima;333,4800109863281;BR-116/RJ;Pista Sul;Choque em Defensa;1;0;1;;;;1
24/02/2018;13:48:00;463;sem vítima;155,39999389648438;BR-116/SP;Pista Sul;Abalroamento Longitudinal;1;2;;;;;1
24/02/2018;16:11:00;535;sem vítima;165,1999969482422;BR-116/SP;Pista Norte;Colisão Traseira;1;2;;;;;1
25/02/2018;08:15:00;150;sem vítima;269,8500061035156;BR-116/RJ;Pista Sul;Colisão Traseira;1;2;;;;;1
25/02/2018;17:31:00;448;sem vítima;217,5;BR-116/RJ;Pista Norte;Abalroamento Longitudinal;1;2;;;;;1
25/02/2018;17:56:00;459;sem vítima;136,8000030517578;BR-116/SP;Pista Norte;Tombamento;1;2;;;;;1
26/02/2018;08:12:00;226;com vítima;180,89999389648438;BR-116/RJ;Pista Norte;Colisão Traseira;1;1;;1;;;2
26/02/2018;14:03:00;507;sem vítima;188,64999389648438;BR-116/SP;Pista Sul;Queda de ribanceira;1;1;;;;;1
26/02/2018;15:44:00;579;sem vítima;223;BR-116/RJ;Pista Norte;Colisão Traseira;1;3;;;;;1
26/02/2018;19:37:00;748;sem vítima;102,0999984741211;BR-116/SP;Pista Norte;Choque em objeto na pista;2;3;;;;;1
26/02/2018;22:29:00;810;sem vítima;214,10000610351562;BR-116/SP;Pista Norte;Colisão Traseira;1;3;;;;;1
27/02/2018;00:37:00;26;sem vítima;224,1999969482422;BR-116/RJ;Pista Sul;Colisão Traseira;2;2;;;;;1
27/02/2018;02:26:00;55;sem vítima;222,10000610351562;BR-116/SP;Pista Norte;Choque em Defensa;1;1;;;;;1
27/02/2018;02:46:00;58;sem vítima;15,800000190734863;BR-116/SP;Pista Norte;Choque em Barreira New Jersey;1;1;;;;;1
27/02/2018;13:45:00;502;sem vítima;223,8000030517578;BR-116/RJ;Pista Norte;Choque Talude;1;1;;;;;1
27/02/2018;13:59:00;516;sem vítima;268,79998779296875;BR-116/RJ;Pista Sul;Choque em Barreira New Jersey;1;1;;;;;1
27/02/2018;14:14:00;522;sem vítima;277,6000061035156;BR-116/RJ;Pista Sul;Choque em objeto fixo;1;1;;;;;1
27/02/2018;15:00:00;552;sem vítima;51,25;BR-116/SP;Pista Norte;Choque em Defensa;1;1;;;;;1
27/02/2018;15:18:00;563;sem vítima;265,79998779296875;BR-116/RJ;Pista Sul;Colisão Traseira;1;2;;;;;1
27/02/2018;21:11:00;771;sem vítima;193,10000610351562;BR-116/RJ;Pista Sul;Abalroamento Longitudinal;1;6;;;;;1
27/02/2018;21:57:00;786;com vítima;181,6999969482422;BR-116/SP;Pista Norte;Atropelamento de Pedestre Atravessando;1;1;;1;;;2
27/02/2018;22:53:00;803;sem vítima;231,10000610351562;BR-116/SP;Pista Norte;Abalroamento Longitudinal;1;5;;;;;1
28/02/2018;07:58:00;220;sem vítima;219,6999969482422;BR-116/SP;Pista Sul;Engavetamento;1;3;;;;;1
28/02/2018;10:13:00;375;sem vítima;220;BR-116/SP;Pista Sul;Engavetamento;1;4;;;;;1
28/02/2018;12:29:00;470;sem vítima;170;BR-116/RJ;Pista Sul;Abalroamento Longitudinal;2;2;;;;;1
28/02/2018;13:33:00;511;sem vítima;205,10000610351562;BR-116/RJ;Pista Sul;Abalroamento Longitudinal;1;2;;;;;1
28/02/2018;14:32:00;576;sem vítima;289,8999938964844;BR-116/RJ;Pista Sul;Choque em objeto na pista;1;1;;;;;1
28/02/2018;19:01:00;811;sem vítima;304,5;BR-116/RJ;Pista Sul;Abalroamento Longitudinal;1;2;;;;;1
28/02/2018;19:30:00;840;com vítima;300,5;BR-116/RJ;Pista Sul;Choque em veículo parado na pista;1;1;1;;;;1
28/02/2018;19:41:00;846;com vítima;304,70001220703125;BR-116/RJ;Pista Sul;Colisão Traseira;1;1;1;;;;1
28/02/2018;20:14:00;863;com vítima;264;BR-116/RJ;Pista Sul;Colisão Traseira;1;0;5;2;1;1;3
28/02/2018;21:48:00;899;sem vítima;231,39999389648438;BR-116/SP;Pista Sul;Colisão Traseira;1;2;;;;;1
01/04/2018;05:29:00;96;com vítima;204;BR-116/SP;Pista Sul;Colisão Traseira;1;6;2;;;;1
01/04/2018;08:56:00;203;com vítima;182,3000030517578;BR-116/RJ;Pista Norte;Atropelamento de Pedestre Atravessando;1;1;;1;;;2
01/04/2018;13:32:00;366;sem vítima;181,5;BR-116/RJ;Pista Norte;Abalroamento Longitudinal;1;2;;;;;1
01/04/2018;20:17:00;647;com vítima;283,8999938964844;BR-116/RJ;Pista Sul;Queda de ribanceira;1;0;;1;;;2
02/04/2018;02:23:00;51;sem vítima;53,5;BR-116/SP;Pista Norte;Choque em objeto fixo;1;1;;;;;1
02/04/2018;20:35:00;777;sem vítima;194,3000030517578;BR-116/RJ;Pista Sul;Colisão Traseira;1;2;;;;;1
02/04/2018;21:22:00;796;com vítima;176;BR-116/SP;Pista Sul;Choque em veículo parado na pista;3;2;1;;;;1
03/04/2018;06:42:00;124;com vítima;333;BR-116/RJ;Pista Sul;Colisão Traseira;2;1;;2;;;2
03/04/2018;07:03:00;147;sem vítima;161,8000030517578;BR-116/SP;Pista Norte;Colisão Traseira;1;2;;;;;1
03/04/2018;08:13:00;217;sem vítima;224,10000610351562;BR-116/RJ;Pista Norte;Colisão Traseira;1;12;;;;;1
03/04/2018;09:52:00;317;sem vítima;223,39999389648438;BR-116/RJ;Pista Norte;Abalroamento Longitudinal;1;2;;;;;1
03/04/2018;15:07:00;550;sem vítima;113,0999984741211;BR-116/SP;Pista Norte;Abalroamento Longitudinal;2;2;;;;;1
03/04/2018;18:27:00;687;sem vítima;303;BR-116/RJ;Pista Sul;Colisão Traseira;1;2;;;;;1
03/04/2018;18:47:00;702;sem vítima;157,5;BR-116/SP;Pista Sul;Outros;1;2;;;;;1
03/04/2018;23:40:00;829;sem vítima;220,6999969482422;BR-116/SP;Pista Norte;Abalroamento Longitudinal;1;3;;;;;1
04/04/2018;00:26:00;22;sem vítima;107,80000305175781;BR-116/SP;Pista Norte;Choque em objeto na pista;1;2;;;;;1
04/04/2018;14:44:00;501;sem vítima;176,1999969482422;BR-116/RJ;Pista Sul;Abalroamento Longitudinal;1;2;;;;;1
04/04/2018;17:38:00;609;sem vítima;165;BR-116/SP;Pista Norte;Colisão Traseira;1;2;;;;;1
04/04/2018;19:19:00;685;com vítima;212,89999389648438;BR-116/RJ;Pista Norte;Colisão Traseira;1;1;1;;;;1
05/04/2018;00:46:00;38;sem vítima;268,5;BR-116/RJ;Pista Norte;Colisão Traseira;2;2;;;;;1
05/04/2018;01:34:00;49;sem vítima;214,89999389648438;BR-116/SP;Pista Sul;Choque em Barreira New Jersey;1;1;;;;;1
05/04/2018;02:34:00;68;sem vítima;198;BR-116/SP;Pista Sul;Colisão Traseira;1;2;;;;;1
05/04/2018;14:32:00;574;sem vítima;158;BR-116/SP;Pista Norte;Tombamento;1;1;;;;;1
05/04/2018;17:05:00;683;sem vítima;210;BR-116/SP;Pista Sul;Abalroamento Longitudinal;1;2;;;;;1
05/04/2018;23:44:00;886;com vítima;109,5999984741211;BR-116/SP;Pista Sul;Colisão Traseira;2;1;2;;;;1
06/04/2018;02:20:00;55;com vítima;134,4499969482422;BR-116/SP;Pista Norte;Colisão Traseira;1;2;;;1;;2
06/04/2018;05:35:00;98;sem vítima;176;BR-116/RJ;Pista Norte;Choque em Barreira New Jersey;1;2;;;;;1
06/04/2018;13:58:00;521;sem vítima;165,1999969482422;BR-116/SP;Pista Norte;Colisão Traseira;1;2;;;;;1
06/04/2018;20:34:00;809;sem vítima;226,60000610351562;BR-116/SP;Pista Sul;Colisão Traseira;1;2;;;;;1
06/04/2018;22:15:00;865;com vítima;219,10000610351562;BR-116/SP;Pista Norte;Tombamento;1;0;;2;;;2
06/04/2018;23:25:00;899;sem vítima;165;BR-116/SP;Pista Norte;Abalroamento Longitudinal;1;2;;;;;1
07/04/2018;11:12:00;322;sem vítima;179;BR-116/RJ;Pista Norte;Engavetamento;1;4;;;;;1
07/04/2018;14:16:00;426;sem vítima;153,60000610351562;BR-116/SP;Pista Sul;Abalroamento Longitudinal;1;5;;;;;1
07/04/2018;15:33:00;487;com vítima;273,3399963378906;BR-116/RJ;Pista Sul;Tombamento;1;0;1;;;;1
08/04/2018;16:46:00;463;sem vítima;230,39999389648438;BR-116/SP;Pista Norte;Colisão Traseira;1;4;;;;;1
09/04/2018;06:27:00;140;sem vítima;150,10000610351562;BR-116/SP;Pista Sul;Choque em Barreira New Jersey;1;1;;;;;1
09/04/2018;07:53:00;232;sem vítima;145,39999389648438;BR-116/SP;Pista Sul;Colisão Traseira;1;2;;;;;1
09/04/2018;10:34:00;380;com vítima;280,3999938964844;BR-116/RJ;Pista Sul;Colisão Traseira;2;2;;;;1;3
09/04/2018;17:10:00;613;com vítima;175,60000610351562;BR-116/RJ;Pista Sul;Abalroamento Longitudinal;1;2;;;1;;2
10/04/2018;01:08:00;39;com vítima;117,30000305175781;BR-116/SP;Pista Norte;Capotamento;1;1;1;;;;1
10/04/2018;02:24:00;60;com vítima;192,39999389648438;BR-116/SP;Pista Norte;Colisão Traseira;2;1;;;1;;2
10/04/2018;03:17:00;74;sem vítima;91,0999984741211;BR-116/SP;Pista Sul;Choque em objeto na pista;1;1;;;;;1
10/04/2018;07:28:00;184;sem vítima;157,89999389648438;BR-116/SP;Pista Norte;Colisão Traseira;1;2;;;;;1
10/04/2018;08:01:00;220;sem vítima;161,5;BR-116/SP;Pista Norte;Engavetamento;2;10;;;;;1
10/04/2018;09:27:00;299;sem vítima;158;BR-116/SP;Pista Sul;Engavetamento;2;5;;;;;1
10/04/2018;10:32:00;363;sem vítima;109;BR-116/SP;Pista Sul;Choque em objeto fixo;1;1;;;;;1
10/04/2018;18:02:00;640;com vítima;165,10000610351562;BR-116/RJ;Pista Sul;Engavetamento;2;2;;1;;;2
10/04/2018;18:39:00;670;sem vítima;272,5;BR-116/RJ;Pista Norte;Colisão Traseira;1;2;;;;;1
10/04/2018;20:32:00;725;com vítima;164;BR-116/RJ;Pista Norte;Atropelamento de Pedestre Atravessando;1;2;1;;;;1
11/04/2018;02:40:00;59;com vítima;64,44999694824219;BR-116/SP;Pista Sul;Colisão Traseira;1;1;1;;;;1
11/04/2018;10:28:00;371;sem vítima;210,89999389648438;BR-116/SP;Pista Norte;Engavetamento;1;6;;;;;1
11/04/2018;17:49:00;665;com vítima;135,10000610351562;BR-116/SP;Pista Sul;Engavetamento;1;2;1;;;;1
11/04/2018;19:54:00;738;sem vítima;218,39999389648438;BR-116/RJ;Pista Sul;Choque em objeto fixo;1;1;;;;;1
12/04/2018;00:08:00;22;sem vítima;199,39999389648438;BR-116/SP;Pista Sul;Colisão Traseira;2;2;;;;;1
12/04/2018;01:28:00;44;sem vítima;326,6000061035156;BR-116/RJ;Pista Norte;Choque em Barreira New Jersey;2;3;;;;;1
12/04/2018;09:56:00;305;sem vítima;210,5;BR-116/SP;Pista Sul;Engavetamento;1;6;;;;;1
12/04/2018;14:11:00;483;com vítima;177,6999969482422;BR-116/RJ;Pista Norte;Colisão Traseira;1;1;;1;;;2
12/04/2018;15:57:00;556;com vítima;276,70001220703125;BR-116/RJ;Pista Sul;Abalroamento Longitudinal;2;4;4;;;;1
12/04/2018;22:26:00;815;sem vítima;251,6999969482422;BR-116/RJ;Pista Sul;Choque em objeto na pista;2;3;;;;;1
12/04/2018;23:06:00;828;com vítima;221,1999969482422;BR-116/SP;Pista Sul;Engavetamento;1;5;1;;;;1
13/04/2018;04:19:00;85;sem vítima;217,39999389648438;BR-116/SP;Pista Sul;Colisão Traseira;2;2;;;;;1
13/04/2018;07:06:00;161;sem vítima;174,60000610351562;BR-116/RJ;Pista Norte;Abalroamento Longitudinal;1;2;;;;;1
13/04/2018;07:28:00;188;sem vítima;145;BR-116/SP;Pista Norte;Engavetamento;1;6;;;;;1
13/04/2018;07:48:00;215;sem vítima;111,5999984741211;BR-116/SP;Pista Norte;Abalroamento Longitudinal;1;2;;;;;1
13/04/2018;08:49:00;296;sem vítima;219;BR-116/RJ;Pista Norte;Tombamento;1;1;;;;;1
13/04/2018;14:24:00;551;sem vítima;104,80000305175781;BR-116/SP;Pista Sul;Colisão Traseira;2;2;;;;;1
13/04/2018;14:39:00;558;sem vítima;223,0500030517578;BR-116/SP;Pista Norte;Queda de moto;1;2;;;;;1