data;horario;n_da_ocorrencia;tipo_de_ocorrencia;km;trecho;sentido;tipo_de_acidente;caminhao;ilesos;levemente_feridos;moderadamente_feridos;gravemente_feridos;mortos;3
13/04/2018;15:58:00;608;sem vítima;167;BR-116/RJ;Pista Sul;Abalroamento Longitudinal;1;2;;;;;1
13/04/2018;21:36:00;843;sem vítima;129,10000610351562;BR-116/SP;Pista Norte;Choque em objeto na pista;1;1;;;;;1
14/04/2018;00:54:00;29;sem vítima;154,39999389648438;BR-116/SP;Pista Sul;Abalroamento Longitudinal;1;2;;;;;1
14/04/2018;01:40:00;39;sem vítima;202,89999389648438;BR-116/SP;Pista Norte;Colisão Traseira;1;2;;;;;1
14/04/2018;02:58:00;46;com vítima;176,8000030517578;BR-116/RJ;Pista Sul;Abalroamento Longitudinal;2;8;1;;;;1
14/04/2018;07:24:00;122;sem vítima;221;BR-116/RJ;Pista Norte;Abalroamento Longitudinal;1;2;;;;;1
14/04/2018;11:57:00;314;sem vítima;144,3000030517578;BR-116/SP;Pista Sul;Engavetamento;1;5;;;;;1
15/04/2018;05:56:00;82;com vítima;116,5999984741211;BR-116/SP;Pista Sul;Engavetamento;1;2;1;2;;;2
15/04/2018;10:38:00;232;sem vítima;238,1999969482422;BR-116/RJ;Pista Norte;Choque em Barreira New Jersey;1;3;;;;;1
15/04/2018;19:38:00;519;sem vítima;65,3499984741211;BR-116/SP;Pista Norte;Colisão Traseira;1;5;;;;;1
16/04/2018;01:54:00;38;sem vítima;224;BR-116/SP;Pista Sul;Choque em objeto fixo;1;1;;;;;1
16/04/2018;06:44:00;108;com vítima;289,6000061035156;BR-116/RJ;Pista Sul;Engavetamento;1;6;;2;;;2
16/04/2018;08:27:00;208;sem vítima;287,70001220703125;BR-116/RJ;Pista Sul;Colisão Traseira;1;3;;;;;1
16/04/2018;08:59:00;237;sem vítima;28;BR-116/SP;Pista Norte;Engavetamento;1;5;;;;;1
16/04/2018;18:25:00;630;com vítima;214,10000610351562;BR-116/SP;Pista Norte;Colisão Traseira;1;1;1;;;;1
16/04/2018;18:28:00;632;com vítima;180,89999389648438;BR-116/RJ;Pista Norte;Engavetamento;1;5;1;;;;1
16/04/2018;20:16:00;701;sem vítima;328,2900085449219;BR-116/RJ;Pista Sul;Choque em Barreira New Jersey;1;1;;;;;1
16/04/2018;22:26:00;755;sem vítima;277,6000061035156;BR-116/RJ;Pista Sul;Colisão Traseira;2;2;;;;;1
16/04/2018;23:44:00;774;sem vítima;113,94999694824219;BR-116/SP;Pista Norte;Engavetamento;3;52;;;;;1
17/04/2018;05:21:00;100;com vítima;112;BR-116/SP;Pista Norte;Colisão Traseira;2;1;;1;;;2
17/04/2018;05:27:00;101;com vítima;225,6999969482422;BR-116/SP;Pista Sul;Colisão Traseira;1;1;1;;;;1
17/04/2018;05:32:00;104;com vítima;171,3000030517578;BR-116/RJ;Pista Sul;Colisão Traseira;1;3;1;;;;1
17/04/2018;06:04:00;111;sem vítima;63,099998474121094;BR-116/SP;Pista Sul;Abalroamento Longitudinal;1;2;;;;;1
17/04/2018;08:38:00;247;sem vítima;216,3000030517578;BR-116/SP;Pista Sul;Choque em Barreira New Jersey;1;2;;;;;1
17/04/2018;10:55:00;362;sem vítima;229,9499969482422;BR-116/SP;Pista Norte;Colisão Traseira;2;4;;;;;1
17/04/2018;14:26:00;505;sem vítima;126;BR-116/SP;Pista Sul;Abalroamento Longitudinal;1;2;;;;;1
17/04/2018;16:36:00;602;sem vítima;227,60000610351562;BR-116/SP;Pista Norte;Colisão Traseira;1;2;;;;;1
17/04/2018;17:49:00;647;com vítima;225,89999389648438;BR-116/RJ;Pista Norte;Tombamento;1;1;2;;;;1
17/04/2018;18:43:00;692;sem vítima;167,60000610351562;BR-116/RJ;Pista Sul;Engavetamento;1;5;;;;;1
17/04/2018;19:27:00;721;com vítima;200,10000610351562;BR-116/SP;Pista Norte;Abalroamento Longitudinal;1;1;2;;;;1
17/04/2018;20:10:00;743;sem vítima;86,94999694824219;BR-116/SP;Pista Sul;Engavetamento;1;5;;;;;1
18/04/2018;08:32:00;265;sem vítima;51,29999923706055;BR-116/SP;Pista Norte;Choque em Barreira New Jersey;1;2;;;;;1
18/04/2018;08:39:00;274;sem vítima;188,89999389648438;BR-116/SP;Pista Norte;Choque Talude;1;1;;;;;1
18/04/2018;10:17:00;351;com vítima;210,5;BR-116/SP;Pista Norte;Colisão Traseira;1;1;1;;;;1
18/04/2018;10:43:00;364;sem vítima;310,3999938964844;BR-116/RJ;Pista Sul;Choque em Barreira New Jersey;1;1;;;;;1
18/04/2018;11:22:00;385;sem vítima;138;BR-116/SP;Pista Norte;Choque em objeto na pista;1;1;;;;;1
18/04/2018;22:46:00;805;sem vítima;72,5999984741211;BR-116/SP;Pista Norte;Outros;1;2;;;;;1
19/04/2018;04:06:00;58;sem vítima;24,200000762939453;BR-116/SP;Pista Norte;Abalroamento Longitudinal;2;2;;;;;1
19/04/2018;04:22:00;66;sem vítima;172,10000610351562;BR-116/SP;Pista Norte;Choque em objeto fixo;1;1;;;;;1
19/04/2018;06:54:00;126;sem vítima;142;BR-116/SP;Pista Norte;Colisão Traseira;1;2;;;;;1
19/04/2018;08:16:00;225;sem vítima;165,39999389648438;BR-116/SP;Pista Sul;Colisão Traseira;1;2;;;;;1
19/04/2018;08:47:00;245;sem vítima;63,5;BR-116/SP;Pista Sul;Colisão Traseira;1;3;;;;;1
19/04/2018;09:43:00;298;sem vítima;179,8000030517578;BR-116/RJ;Pista Norte;Abalroamento Longitudinal;1;3;;;;;1
19/04/2018;09:49:00;305;com vítima;255,0500030517578;BR-116/RJ;Pista Sul;Choque em objeto fixo;1;0;;1;;;2
19/04/2018;13:49:00;446;sem vítima;219,8000030517578;BR-116/SP;Pista Norte;Abalroamento Longitudinal;1;2;;;;;1
19/04/2018;17:57:00;628;com vítima;37,61000061035156;BR-116/SP;Pista Norte;Choque em veículo parado na pista;1;2;;;;1;3
20/04/2018;04:12:00;71;sem vítima;186,0399932861328;BR-116/SP;Pista Norte;Abalroamento Longitudinal;1;2;;;;;1
20/04/2018;08:44:00;279;sem vítima;172,89999389648438;BR-116/RJ;Pista Norte;Colisão Traseira;1;2;;;;;1
20/04/2018;14:14:00;527;sem vítima;220,6999969482422;BR-116/RJ;Pista Sul;Colisão Traseira;2;3;;;;;1
20/04/2018;14:43:00;542;sem vítima;206,8000030517578;BR-116/RJ;Pista Sul;Engavetamento;1;3;;;;;1
20/04/2018;15:15:00;566;sem vítima;174,89999389648438;BR-116/RJ;Pista Sul;Abalroamento Longitudinal;1;4;;;;;1
20/04/2018;15:43:00;589;sem vítima;163,9499969482422;BR-116/RJ;Pista Sul;Colisão Traseira;1;11;;;;;1
20/04/2018;16:06:00;605;sem vítima;221,89999389648438;BR-116/RJ;Pista Sul;Colisão Traseira;1;2;;;;;1
20/04/2018;18:37:00;735;sem vítima;225,8000030517578;BR-116/RJ;Pista Sul;Abalroamento Longitudinal;2;3;;;;;1
20/04/2018;21:34:00;859;com vítima;179,1199951171875;BR-116/RJ;Pista Norte;Choque em Barreira New Jersey;1;3;;1;;;2
20/04/2018;23:21:00;905;sem vítima;182;BR-116/SP;Pista Norte;Colisão Traseira;2;5;;;;;1
21/04/2018;04:06:00;92;sem vítima;180,3000030517578;BR-116/RJ;Pista Sul;Abalroamento Longitudinal;1;6;;;;;1
21/04/2018;05:15:00;107;sem vítima;186;BR-116/SP;Pista Sul;Engavetamento;1;3;;;;;1
21/04/2018;08:11:00;215;sem vítima;64,94999694824219;BR-116/SP;Pista Sul;Abalroamento Longitudinal;1;2;;;;;1
21/04/2018;12:05:00;363;sem vítima;110;BR-116/SP;Pista Norte;Abalroamento Longitudinal;1;4;;;;;1
22/04/2018;05:10:00;94;sem vítima;230,6999969482422;BR-116/SP;Pista Sul;Colisão Traseira;1;2;;;;;1
22/04/2018;18:11:00;460;sem vítima;18,299999237060547;BR-116/SP;Pista Norte;Choque em objeto fixo;1;1;;;;;1
23/04/2018;04:03:00;81;com vítima;36,599998474121094;BR-116/SP;Pista Sul;Queda de ribanceira;1;0;;1;;;2
23/04/2018;10:35:00;350;sem vítima;216;BR-116/RJ;Pista Norte;Choque em Barreira New Jersey;1;1;;;;;1
23/04/2018;17:18:00;593;sem vítima;37,79999923706055;BR-116/SP;Pista Norte;Outros;1;1;;;;;1
24/04/2018;02:47:00;60;com vítima;93,69999694824219;BR-116/SP;Pista Sul;Colisão Traseira;2;2;1;;;;1
24/04/2018;03:26:00;69;com vítima;85,5999984741211;BR-116/SP;Pista Norte;Colisão Traseira;2;1;;1;;;2
24/04/2018;09:04:00;265;com vítima;184,60000610351562;BR-116/RJ;Pista Norte;Engavetamento;1;1;3;;;;1
24/04/2018;10:29:00;332;sem vítima;179,39999389648438;BR-116/RJ;Pista Norte;Engavetamento;1;3;;;;;1
24/04/2018;12:12:00;410;sem vítima;286,6000061035156;BR-116/RJ;Pista Sul;Colisão Traseira;2;3;;;;;1
24/04/2018;23:28:00;775;sem vítima;275,1000061035156;BR-116/RJ;Pista Norte;Tombamento;1;1;;;;;1
25/04/2018;08:58:00;287;com vítima;124,30000305175781;BR-116/SP;Pista Norte;Choque em Barreira New Jersey;1;1;1;;;;1
25/04/2018;09:24:00;316;sem vítima;229,8000030517578;BR-116/SP;Pista Norte;Tombamento;1;1;;;;;1
25/04/2018;14:18:00;516;sem vítima;188,6999969482422;BR-116/RJ;Pista Sul;Abalroamento Longitudinal;1;2;;;;;1
25/04/2018;14:44:00;535;sem vítima;180,39999389648438;BR-116/RJ;Pista Sul;Colisão Traseira;1;2;;;;;1
25/04/2018;17:53:00;682;sem vítima;166,10000610351562;BR-116/RJ;Pista Sul;Abalroamento Longitudinal;1;2;;;;;1
25/04/2018;23:41:00;862;sem vítima;46,599998474121094;BR-116/SP;Pista Sul;Colisão Traseira;1;2;;;;;1
26/04/2018;01:58:00;67;sem vítima;264,5;BR-116/RJ;Pista Norte;Tombamento;1;1;;;;;1
26/04/2018;14:41:00;579;sem vítima;180;BR-116/RJ;Pista Norte;Abalroamento Longitudinal;1;2;;;;;1
26/04/2018;17:34:00;718;sem vítima;155,1999969482422;BR-116/SP;Pista Norte;Colisão Traseira;2;2;;;;;1
26/04/2018;18:49:00;783;sem vítima;147;BR-116/SP;Pista Norte;Abalroamento Longitudinal;1;3;;;;;1
26/04/2018;21:11:00;883;sem vítima;118,5;BR-116/SP;Pista Sul;Choque em objeto na pista;1;2;;;;;1
27/04/2018;06:31:00;146;sem vítima;172,5;BR-116/RJ;Pista Norte;Colisão Traseira;1;2;;;;;1
27/04/2018;08:10:00;259;sem vítima;168,4499969482422;BR-116/RJ;Pista Norte;Colisão Traseira;1;4;;;;;1
27/04/2018;09:54:00;372;sem vítima;169;BR-116/SP;Pista Sul;Engavetamento;1;5;;;;;1
27/04/2018;13:31:00;535;com vítima;207,10000610351562;BR-116/RJ;Pista Norte;Colisão Traseira;1;0;2;;;;1
27/04/2018;16:03:00;670;sem vítima;191;BR-116/RJ;Pista Norte;Colisão Traseira;2;2;;;;;1
28/04/2018;02:05:00;56;sem vítima;214,8000030517578;BR-116/SP;Pista Sul;Choque em Barreira New Jersey;1;7;;;;;1
28/04/2018;05:47:00;107;sem vítima;64;BR-116/SP;Pista Sul;Abalroamento Longitudinal;2;2;;;;;1
28/04/2018;06:22:00;129;sem vítima;37;BR-116/SP;Pista Sul;Colisão Traseira;1;4;;;;;1
29/04/2018;16:19:00;490;sem vítima;240,9600067138672;BR-116/RJ;Pista Norte;Colisão Traseira;1;4;;;;;1
30/04/2018;01:21:00;42;sem vítima;214,39999389648438;BR-116/SP;Pista Norte;Choque em veículo parado na pista;1;2;;;;;1
30/04/2018;06:21:00;102;sem vítima;211,5;BR-116/RJ;Pista Norte;Colisão Traseira;1;2;;;;;1
30/04/2018;06:44:00;125;sem vítima;207,1999969482422;BR-116/SP;Pista Norte;Abalroamento Longitudinal;1;2;;;;;1
30/04/2018;09:34:00;267;sem vítima;224;BR-116/RJ;Pista Norte;Choque em objeto fixo;1;1;;;;;1
30/04/2018;10:20:00;291;sem vítima;223,35000610351562;BR-116/RJ;Pista Norte;Choque em objeto fixo;1;1;;;;;1
30/04/2018;14:23:00;442;sem vítima;224,1199951171875;BR-116/RJ;Pista Sul;Abalroamento Longitudinal;1;2;;;;;1
30/04/2018;16:30:00;530;sem vítima;191,89999389648438;BR-116/RJ;Pista Sul;Choque em Defensa;1;1;;;;;1
30/04/2018;16:35:00;533;sem vítima;204,5;BR-116/SP;Pista Norte;Colisão Traseira;2;2;;;;;1
30/04/2018;20:20:00;689;sem vítima;169,3000030517578;BR-116/RJ;Pista Norte;Engavetamento;2;15;;;;;1
01/03/2018;01:02:00;38;sem vítima;295,3;BR-116/RJ;Pista Sul;Queda de ribanceira;1;1;0;0;0;0;1
01/03/2018;06:55:00;182;sem vítima;222,1;BR-116/RJ;Pista Norte;Colisão traseira;2;2;0;0;0;0;1
01/03/2018;07:52:00;250;sem vítima;237;BR-116/RJ;Pista Sul;Abalroamento longitudinal;1;2;0;0;0;0;1
01/03/2018;15:01:00;599;sem vítima;204,5;BR-116/SP;Pista Sul;Colisão traseira;1;2;0;0;0;0;1
01/03/2018;16:42:00;673;sem vítima;17,7;BR-116/SP;Pista Norte;Choque em objeto fixo;1;1;0;0;0;0;1
01/03/2018;16:58:00;683;sem vítima;177,8;BR-116/SP;Pista Sul;Choque em barreira New Jersey;1;2;0;0;0;0;1
01/03/2018;23:15:00;901;com vítima;161,92;BR-116/SP;Pista Sul;Atropelamento de pedestre caminhando;1;1;0;0;0;1;3
02/03/2018;01:46:00;51;sem vítima;193,1;BR-116/RJ;Pista Norte;Abalroamento longitudinal;1;4;0;0;0;0;1
02/03/2018;08:04:00;234;sem vítima;165,2;BR-116/SP;Pista Sul;Colisão traseira;2;2;0;0;0;0;1
02/03/2018;11:52:00;436;sem vítima;269,95;BR-116/RJ;Pista Norte;Choque em barreira New Jersey;1;1;0;0;0;0;1
02/03/2018;13:48:00;509;sem vítima;124;BR-116/SP;Pista Sul;Queda de ribanceira;1;2;0;0;0;0;1
02/03/2018;16:27:00;636;com vítima;224,9;BR-116/SP;Pista Norte;Engavetamento;1;4;1;0;0;0;1
02/03/2018;17:27:00;687;sem vítima;229,3;BR-116/RJ;Pista Norte;Abalroamento longitudinal;1;4;0;0;0;0;1
02/03/2018;17:41:00;699;sem vítima;280,1;BR-116/RJ;Pista Sul;Choque em objeto na pista;1;2;0;0;0;0;1
02/03/2018;18:47:00;758;com vítima;163,8;BR-116/RJ;Pista Sul;Engavetamento;1;5;1;0;0;0;1
02/03/2018;19:15:00;771;com vítima;323,74;BR-116/RJ;Pista Sul;Abalroamento longitudinal;1;1;4;0;0;0;1
02/03/2018;19:44:00;787;sem vítima;149,1;BR-116/SP;Pista Norte;Engavetamento;1;4;0;0;0;0;1
02/03/2018;22:58:00;866;sem vítima;222,6;BR-116/SP;Pista Norte;Engavetamento;1;6;0;0;0;0;1
02/03/2018;23:16:00;876;com vítima;61,6;BR-116/SP;Pista Norte;Abalroamento longitudinal;1;1;0;0;1;0;2
03/03/2018;00:09:00;15;sem vítima;165,2;BR-116/SP;Pista Norte;Outros;1;2;0;0;0;0;1
03/03/2018;07:32:00;144;sem vítima;204,5;BR-116/SP;Pista Sul;Abalroamento longitudinal;1;4;0;0;0;0;1
03/03/2018;07:44:00;156;sem vítima;100,7;BR-116/SP;Pista Norte;Abalroamento longitudinal;2;2;0;0;0;0;1
03/03/2018;09:00:00;208;sem vítima;269;BR-116/RJ;Pista Sul;Abalroamento longitudinal;1;2;0;0;0;0;1
03/03/2018;12:48:00;356;sem vítima;183;BR-116/RJ;Pista Sul;Colisão traseira;1;2;0;0;0;0;1
03/03/2018;13:50:00;395;sem vítima;219,9;BR-116/SP;Pista Norte;Colisão traseira;1;2;0;0;0;0;1
04/03/2018;18:55:00;504;com vítima;51,6;BR-116/SP;Pista Norte;Colisão traseira;1;1;4;0;0;0;1
04/03/2018;02:22:00;48;com vítima;266,7;BR-116/RJ;Pista Sul;Colisão traseira;1;4;0;0;1;0;2
04/03/2018;06:02:00;92;com vítima;167,39;BR-116/RJ;Pista Sul;Choque em barreira New Jersey;1;0;1;0;0;0;1
04/03/2018;06:23:00;101;sem vítima;315;BR-116/RJ;Pista Sul;Choque em objeto fixo;1;1;0;0;0;0;1
04/03/2018;20:07:00;545;sem vítima;27,1;BR-116/SP;Pista Norte;Choque em barreira New Jersey;1;4;0;0;0;0;1
05/03/2018;02:02:00;44;com vítima;210,3;BR-116/SP;Pista Norte;Colisão traseira;1;1;1;0;0;0;1
05/03/2018;11:59:00;443;sem vítima;181,5;BR-116/RJ;Pista Norte;Colisão traseira;1;3;0;0;0;0;1
05/03/2018;15:40:00;614;sem vítima;165,2;BR-116/SP;Pista Norte;Colisão traseira;2;2;0;0;0;0;1
05/03/2018;19:41:00;816;com vítima;187,5;BR-116/RJ;Pista Norte;Atropelamento de pedestre caminhando;1;1;0;0;0;1;3
05/03/2018;20:03:00;827;com vítima;217,6;BR-116/SP;Pista Sul;Colisão traseira;2;2;0;1;0;0;2
05/03/2018;22:13:00;886;sem vítima;226,3;BR-116/SP;Pista Norte;Choque em defensa;1;2;0;0;0;0;1
06/03/2018;16:00:00;606;sem vítima;283,25;BR-116/RJ;Pista Sul;Choque em barreira New Jersey;1;1;0;0;0;0;1
06/03/2018;07:27:00;189;sem vítima;310,1;BR-116/RJ;Pista Norte;Colisão traseira;1;2;0;0;0;0;1
06/03/2018;12:23:00;452;com vítima;51,75;BR-116/SP;Pista Norte;Choque em barreira New Jersey;1;2;1;0;0;0;1
06/03/2018;16:20:00;620;com vítima;165,45;BR-116/RJ;Pista Sul;Engavetamento;2;3;2;0;0;0;1
07/03/2018;05:49:00;124;com vítima;183,05;BR-116/RJ;Pista Norte;Colisão traseira;2;49;3;0;0;0;1
07/03/2018;06:12:00;133;sem vítima;157,85;BR-116/SP;Pista Sul;Abalroamento longitudinal;1;2;0;0;0;0;1
07/03/2018;09:20:00;325;sem vítima;227,9;BR-116/SP;Pista Sul;Engavetamento;1;4;0;0;0;0;1
07/03/2018;16:02:00;636;com vítima;272,8;BR-116/RJ;Pista Sul;Abalroamento longitudinal;1;3;2;0;0;0;1
07/03/2018;16:08:00;639;com vítima;278,5;BR-116/RJ;Pista Sul;Engavetamento;2;5;1;0;0;0;1
07/03/2018;16:21:00;649;sem vítima;172,3;BR-116/SP;Pista Norte;Abalroamento longitudinal;2;2;0;0;0;0;1
07/03/2018;16:24:00;653;sem vítima;263;BR-116/RJ;Pista Norte;Colisão traseira;2;2;0;0;0;0;1
07/03/2018;18:46:00;752;com vítima;43,8;BR-116/SP;Pista Norte;Engavetamento;2;3;1;0;0;0;1
07/03/2018;20:25:00;810;sem vítima;285,1;BR-116/RJ;Pista Norte;Choque em objeto fixo;1;1;0;0;0;0;1
07/03/2018;23:12:00;877;com vítima;40,7;BR-116/SP;Pista Sul;Colisão traseira;2;0;1;1;0;0;2
08/03/2018;01:01:00;41;sem vítima;189,7;BR-116/RJ;Pista Sul;Choque em objeto na pista;1;4;0;0;0;0;1
08/03/2018;02:50:00;70;sem vítima;323,5;BR-116/RJ;Pista Norte;Choque em objeto na pista;1;2;0;0;0;0;1
08/03/2018;13:16:00;476;sem vítima;175,45;BR-116/RJ;Pista Norte;Colisão traseira;1;2;0;0;0;0;1
08/03/2018;13:29:00;486;com vítima;228,35;BR-116/RJ;Pista Sul;Choque em barreira New Jersey;1;0;1;0;0;0;1
08/03/2018;15:49:00;572;sem vítima;209,15;BR-116/RJ;Pista Norte;Engavetamento;1;5;0;0;0;0;1
08/03/2018;17:28:00;634;sem vítima;176,1;BR-116/RJ;Pista Sul;Abalroamento longitudinal;1;4;0;0;0;0;1
08/03/2018;22:58:00;807;com vítima;34,7;BR-116/SP;Pista Norte;Colisão traseira;1;5;0;1;0;0;2
09/03/2018;00:24:00;13;sem vítima;117,6;BR-116/SP;Pista Sul;Abalroamento longitudinal;1;2;0;0;0;0;1
09/03/2018;02:27:00;40;sem vítima;22,75;BR-116/SP;Pista Norte;Choque em barreira New Jersey;1;1;0;0;0;0;1
09/03/2018;06:02:00;79;sem vítima;275,1;BR-116/RJ;Pista Sul;Choque em barreira New Jersey;1;1;0;0;0;0;1
09/03/2018;11:26:00;374;com vítima;127,5;BR-116/SP;Pista Sul;Engavetamento;1;2;0;1;0;0;2
09/03/2018;16:18:00;583;sem vítima;270;BR-116/RJ;Pista Sul;Abalroamento longitudinal;1;2;0;0;0;0;1
09/03/2018;22:53:00;853;sem vítima;179,8;BR-116/SP;Pista Sul;Colisão traseira;2;2;0;0;0;0;1
10/03/2018;02:22:00;55;sem vítima;224;BR-116/RJ;Pista Norte;Choque em objeto fixo;1;1;0;0;0;0;1
10/03/2018;07:06:00;157;sem vítima;23;BR-116/SP;Pista Sul;Queda de Carga;1;3;0;0;0;0;1
10/03/2018;10:23:00;326;com vítima;192,8;BR-116/RJ;Pista Sul;Engavetamento;2;12;3;3;1;0;2
10/03/2018;14:00:00;443;sem vítima;192,4;BR-116/RJ;Pista Sul;Abalroamento longitudinal;1;28;0;0;0;0;1
10/03/2018;14:03:00;444;sem vítima;209,2;BR-116/SP;Pista Sul;Outros;1;1;0;0;0;0;1
10/03/2018;15:32:00;500;sem vítima;301,35;BR-116/RJ;Pista Sul;Colisão traseira;2;2;0;0;0;0;1
10/03/2018;19:28:00;634;sem vítima;146,93;BR-116/SP;Pista Sul;Abalroamento longitudinal;1;2;0;0;0;0;1
10/03/2018;20:01:00;646;sem vítima;243,8;BR-116/RJ;Pista Norte;Abalroamento longitudinal;1;2;0;0;0;0;1
10/03/2018;21:28:00;682;sem vítima;179,74;BR-116/RJ;Pista Sul;Colisão traseira;1;2;0;0;0;0;1
12/03/2018;11:10:00;406;sem vítima;217,8;BR-116/SP;Pista Sul;Colisão traseira;1;2;0;0;0;0;1
12/03/2018;12:50:00;485;sem vítima;212,7;BR-116/SP;Pista Sul;Choque em objeto na pista;2;2;0;0;0;0;1
12/03/2018;02:49:00;51;sem vítima;306,4;BR-116/RJ;Pista Norte;Outros;1;3;0;0;0;0;1
12/03/2018;07:18:00;164;sem vítima;241,6;BR-116/RJ;Pista Norte;Colisão traseira;2;2;0;0;0;0;1
12/03/2018;09:42:00;328;sem vítima;210,6;BR-116/SP;Pista Sul;Colisão traseira;1;2;0;0;0;0;1
12/03/2018;16:45:00;687;com vítima;267,7;BR-116/RJ;Pista Sul;Abalroamento longitudinal;1;1;0;1;0;0;2
12/03/2018;23:33:00;918;sem vítima;65,1;BR-116/SP;Pista Norte;Choque em objeto na pista;1;4;0;0;0;0;1
13/03/2018;05:37:00;75;sem vítima;165,4;BR-116/SP;Pista Sul;Colisão traseira;1;3;0;0;0;0;1
13/03/2018;09:05:00;244;com vítima;217,7;BR-116/SP;Pista Sul;Abalroamento longitudinal;1;1;1;0;0;0;1
13/03/2018;12:13:00;418;sem vítima;234,9;BR-116/RJ;Pista Norte;Colisão traseira;2;3;0;0;0;0;1
13/03/2018;13:07:00;456;sem vítima;118,6;BR-116/SP;Pista Norte;Colisão traseira;1;5;0;0;0;0;1
14/03/2018;18:04:00;676;sem vítima;225,65;BR-116/RJ;Pista Sul;Abalroamento longitudinal;1;2;0;0;0;0;1
14/03/2018;05:57:00;98;sem vítima;310,9;BR-116/RJ;Pista Norte;Choque em objeto na pista;1;1;0;0;0;0;1
14/03/2018;06:46:00;154;sem vítima;173,5;BR-116/RJ;Pista Norte;Colisão traseira;2;5;0;0;0;0;1
14/03/2018;07:26:00;198;sem vítima;0,8;BR-116/SP;Pista Norte;Colisão traseira;2;3;0;0;0;0;1
14/03/2018;10:10:00;360;com vítima;192,45;BR-116/RJ;Pista Norte;Colisão traseira;1;0;1;1;0;0;2
14/03/2018;10:27:00;372;com vítima;222,15;BR-116/SP;Pista Norte;Abalroamento longitudinal;1;1;1;0;0;0;1
14/03/2018;11:08:00;403;com vítima;225,7;BR-116/SP;Pista Norte;Colisão traseira;1;3;2;0;0;0;1
14/03/2018;11:29:00;419;sem vítima;224,5;BR-116/SP;Pista Norte;Colisão traseira;1;2;0;0;0;0;1
14/03/2018;11:58:00;436;sem vítima;214,7;BR-116/SP;Pista Norte;Tombamento;1;2;0;0;0;0;1
14/03/2018;15:13:00;554;sem vítima;144;BR-116/SP;Pista Sul;Abalroamento longitudinal;1;2;0;0;0;0;1
14/03/2018;15:56:00;586;sem vítima;23,4;BR-116/SP;Pista Norte;Choque em objeto fixo;1;1;0;0;0;0;1
14/03/2018;18:52:00;720;sem vítima;204,7;BR-116/RJ;Pista Sul;Colisão traseira;1;3;0;0;0;0;1
14/03/2018;19:59:00;759;sem vítima;199,6;BR-116/RJ;Pista Norte;Queda de ribanceira;1;1;0;0;0;0;1
14/03/2018;22:48:00;838;sem vítima;165,2;BR-116/SP;Pista Norte;Colisão traseira;1;2;0;0;0;0;1
15/03/2018;02:50:00;70;com vítima;215;BR-116/SP;Pista Sul;Abalroamento longitudinal;1;1;1;0;0;0;1
15/03/2018;11:49:00;433;com vítima;316,8;BR-116/RJ;Pista Sul;Tombamento;1;0;2;0;0;0;1
15/03/2018;12:10:00;444;sem vítima;261;BR-116/RJ;Pista Sul;Colisão traseira;1;2;0;0;0;0;1
15/03/2018;15:31:00;595;sem vítima;214,9;BR-116/SP;Pista Norte;Colisão traseira;1;2;0;0;0;0;1
15/03/2018;17:10:00;676;com vítima;182,15;BR-116/RJ;Pista Sul;Tombamento;1;5;2;0;0;1;3
15/03/2018;19:21:00;773;sem vítima;219,6;BR-116/SP;Pista Sul;Colisão traseira;1;2;0;0;0;0;1
15/03/2018;20:44:00;832;sem vítima;116,7;BR-116/SP;Pista Sul;Choque em objeto fixo;1;2;0;0;0;0;1
16/03/2018;06:24:00;155;sem vítima;174,2;BR-116/SP;Pista Norte;Colisão traseira;2;3;0;0;0;0;1
16/03/2018;08:50:00;313;sem vítima;222,6;BR-116/SP;Pista Norte;Colisão traseira;1;3;0;0;0;0;1
16/03/2018;09:25:00;342;sem vítima;293,64;BR-116/RJ;Pista Sul;Colisão traseira;1;4;0;0;0;0;1
16/03/2018;09:31:00;347;sem vítima;16,6;BR-116/SP;Pista Sul;Choque em barreira New Jersey;1;1;0;0;0;0;1
16/03/2018;13:33:00;532;com vítima;266,1;BR-116/RJ;Pista Sul;Tombamento;1;0;0;0;1;0;2
16/03/2018;17:53:00;723;sem vítima;179,6;BR-116/RJ;Pista Sul;Abalroamento longitudinal;1;2;0;0;0;0;1
17/03/2018;00:16:00;14;sem vítima;200,9;BR-116/RJ;Pista Sul;Abalroamento longitudinal;1;2;0;0;0;0;1
17/03/2018;02:17:00;53;sem vítima;81;BR-116/SP;Pista Norte;Choque em objeto na pista;1;2;0;0;0;0;1
17/03/2018;05:57:00;111;sem vítima;221,4;BR-116/SP;Pista Sul;Abalroamento longitudinal;1;4;0;0;0;0;1
17/03/2018;06:13:00;117;com vítima;219;BR-116/RJ;Pista Norte;Tombamento;1;0;1;0;0;0;1
17/03/2018;09:57:00;314;sem vítima;112;BR-116/SP;Pista Norte;Colisão traseira;1;3;0;0;0;0;1
17/03/2018;10:26:00;340;sem vítima;229;BR-116/SP;Pista Sul;Abalroamento longitudinal;1;3;0;0;0;0;1