data;horario;n_da_ocorrencia;tipo_de_ocorrencia;km;trecho;sentido;tipo_de_acidente;caminhao;ilesos;levemente_feridos;moderadamente_feridos;gravemente_feridos;mortos;3
02/06/2018;05:38:00;122;com vítima;51,20000076293945;BR-116/SP;Pista Norte;Colisão Traseira;1;3;1;;;;1
02/06/2018;08:15:00;211;sem vítima;223,39999389648438;BR-116/RJ;Pista Norte;Colisão Traseira;2;2;;;;;1
03/06/2018;09:52:00;214;com vítima;106,19999694824219;BR-116/SP;Pista Sul;Tombamento;1;0;1;;;;1
03/06/2018;11:51:00;266;sem vítima;120;BR-116/SP;Pista Sul;Engavetamento;1;8;;;;;1
03/06/2018;18:59:00;495;com vítima;51,59000015258789;BR-116/SP;Pista Sul;Abalroamento Longitudinal;1;1;;3;;;2
04/06/2018;01:41:00;67;com vítima;305,79998779296875;BR-116/RJ;Pista Norte;Choque em veículo parado na pista;2;4;2;;;;1
04/06/2018;17:26:00;605;sem vítima;142;BR-116/SP;Pista Norte;Abalroamento Longitudinal;1;2;;;;;1
04/06/2018;17:59:00;629;sem vítima;269,3999938964844;BR-116/RJ;Pista Sul;Abalroamento Longitudinal;1;4;;;;;1
04/06/2018;18:16:00;639;sem vítima;144,5;BR-116/SP;Pista Norte;Abalroamento Longitudinal;1;2;;;;;1
04/06/2018;19:02:00;670;sem vítima;187,89999389648438;BR-116/RJ;Pista Norte;Choque em Defensa;1;1;;;;;1
05/06/2018;07:06:00;179;com vítima;225;BR-116/RJ;Pista Norte;Colisão Traseira;1;2;1;;;;1
05/06/2018;08:16:00;259;sem vítima;244;BR-116/RJ;Pista Sul;Choque em objeto na pista;1;1;;;;;1
05/06/2018;13:03:00;478;sem vítima;101;BR-116/SP;Pista Sul;Engavetamento;2;8;;;;;1
05/06/2018;13:27:00;500;com vítima;10;BR-116/SP;Pista Sul;Abalroamento Longitudinal;2;2;;1;1;;2
05/06/2018;17:00:00;656;com vítima;212,60000610351562;BR-116/SP;Pista Norte;Atropelamento de Pedestre Atravessando;1;1;1;;;;1
05/06/2018;21:10:00;814;sem vítima;156,35000610351562;BR-116/SP;Pista Norte;Atropelamento de Animal;1;2;;;;;1
06/06/2018;04:12:00;96;com vítima;264,70001220703125;BR-116/RJ;Pista Norte;Colisão Traseira;2;1;1;;;;1
06/06/2018;08:46:00;285;sem vítima;225,60000610351562;BR-116/SP;Pista Norte;Abalroamento Longitudinal;1;4;;;;;1
06/06/2018;10:43:00;396;sem vítima;233,1999969482422;BR-116/RJ;Pista Sul;Choque em objeto na pista;1;1;;;;;1
06/06/2018;10:49:00;400;sem vítima;216,10000610351562;BR-116/SP;Pista Sul;Abalroamento Longitudinal;1;2;;;;;1
06/06/2018;10:53:00;401;sem vítima;160;BR-116/SP;Pista Sul;Colisão Traseira;1;2;;;;;1
06/06/2018;11:56:00;436;sem vítima;167,6999969482422;BR-116/RJ;Pista Norte;Choque em objeto fixo;1;1;;;;;1
06/06/2018;13:33:00;479;sem vítima;222,10000610351562;BR-116/SP;Pista Norte;Abalroamento Longitudinal;1;2;;;;;1
07/06/2018;05:00:00;103;sem vítima;4,5;BR-116/SP;Pista Norte;Abalroamento Longitudinal;1;1;;;;;1
07/06/2018;06:11:00;116;sem vítima;227,3000030517578;BR-116/SP;Pista Sul;Colisão Traseira;2;4;;;;;1
07/06/2018;13:36:00;444;com vítima;111,9000015258789;BR-116/SP;Pista Norte;Queda de moto;1;2;;;1;;2
07/06/2018;17:23:00;596;sem vítima;116,05000305175781;BR-116/SP;Pista Norte;Choque em objeto fixo;1;1;;;;;1
07/06/2018;21:35:00;752;sem vítima;146,5;BR-116/SP;Pista Norte;Colisão Frontal;1;2;;;;;1
07/06/2018;21:45:00;755;sem vítima;223,5;BR-116/SP;Pista Sul;Abalroamento Longitudinal;1;5;;;;;1
08/06/2018;03:16:00;84;sem vítima;100,80000305175781;BR-116/SP;Pista Sul;Choque em Barreira New Jersey;1;1;;;;;1
08/06/2018;06:33:00;139;sem vítima;173,6999969482422;BR-116/RJ;Pista Norte;Colisão Traseira;2;2;;;;;1
08/06/2018;07:58:00;243;com vítima;27,5;BR-116/SP;Pista Norte;Colisão Traseira;1;1;1;;;;1
08/06/2018;10:04:00;362;sem vítima;58;BR-116/SP;Pista Norte;Abalroamento Longitudinal;1;2;;;;;1
08/06/2018;17:48:00;686;sem vítima;204;BR-116/SP;Pista Norte;Engavetamento;2;3;;;;;1
08/06/2018;19:26:00;769;sem vítima;222;BR-116/SP;Pista Norte;Engavetamento;1;4;;;;;1
09/06/2018;06:41:00;134;com vítima;273,79998779296875;BR-116/RJ;Pista Norte;Colisão Traseira;1;1;1;;;;1
09/06/2018;07:10:00;158;sem vítima;230,89999389648438;BR-116/SP;Pista Norte;Choque em Barreira New Jersey;1;2;;;;;1
09/06/2018;11:09:00;359;sem vítima;22,5;BR-116/SP;Pista Sul;Choque em Barreira New Jersey;1;1;;;;;1
09/06/2018;13:00:00;420;sem vítima;225;BR-116/SP;Pista Sul;Colisão Traseira;1;2;;;;;1
10/06/2018;05:24:00;90;sem vítima;145;BR-116/SP;Pista Norte;Colisão Traseira;1;2;;;;;1
10/06/2018;10:06:00;224;sem vítima;86,94999694824219;BR-116/SP;Pista Norte;Colisão Traseira;2;2;;;;;1
10/06/2018;15:31:00;408;sem vítima;227,60000610351562;BR-116/RJ;Pista Norte;Colisão Traseira;1;10;;;;;1
11/06/2018;07:40:00;213;com vítima;182,3000030517578;BR-116/SP;Pista Norte;Engavetamento;1;2;1;;1;;2
11/06/2018;08:10:00;251;sem vítima;194,39999389648438;BR-116/RJ;Pista Norte;Abalroamento Longitudinal;1;2;;;;;1
11/06/2018;12:45:00;439;com vítima;51;BR-116/SP;Pista Sul;Colisão Traseira;1;2;1;;;;1
11/06/2018;14:07:00;477;sem vítima;221,10000610351562;BR-116/RJ;Pista Norte;Colisão Traseira;1;2;;;;;1
11/06/2018;14:10:00;482;com vítima;227;BR-116/SP;Pista Sul;Colisão Traseira;1;3;;1;;;2
11/06/2018;18:24:00;676;com vítima;256,5;BR-116/RJ;Pista Sul;Colisão Traseira;2;1;;1;;;2
11/06/2018;20:05:00;749;sem vítima;161,39999389648438;BR-116/SP;Pista Norte;Choque em veículo parado na pista;1;3;;;;;1
11/06/2018;23:04:00;836;sem vítima;207,10000610351562;BR-116/RJ;Pista Norte;Colisão Traseira;1;2;;;;;1
12/06/2018;05:45:00;84;sem vítima;220,60000610351562;BR-116/RJ;Pista Norte;Colisão Traseira;2;2;;;;;1
12/06/2018;07:53:00;181;com vítima;239,5;BR-116/RJ;Pista Norte;Tombamento;1;0;1;;;;1
12/06/2018;07:59:00;187;sem vítima;303,70001220703125;BR-116/RJ;Pista Sul;Colisão Traseira;1;2;;;;;1
12/06/2018;08:16:00;207;sem vítima;37;BR-116/SP;Pista Sul;Choque em veículo parado na pista;2;2;;;;;1
12/06/2018;10:22:00;316;sem vítima;318,1000061035156;BR-116/RJ;Pista Sul;Choque em objeto fixo;1;1;;;;;1
12/06/2018;11:07:00;348;sem vítima;130;BR-116/SP;Pista Norte;Colisão Traseira;1;2;;;;;1
12/06/2018;17:47:00;643;sem vítima;155,6999969482422;BR-116/SP;Pista Norte;Engavetamento;1;4;;;;;1
12/06/2018;19:06:00;702;sem vítima;139,6999969482422;BR-116/SP;Pista Sul;Engavetamento;1;3;;;;;1
12/06/2018;19:29:00;721;com vítima;219,5;BR-116/SP;Pista Norte;Engavetamento;1;3;1;;;;1
12/06/2018;23:23:00;810;com vítima;140,39999389648438;BR-116/SP;Pista Norte;Abalroamento Longitudinal;2;2;;;1;;2
13/06/2018;00:22:00;41;sem vítima;24,010000228881836;BR-116/SP;Pista Sul;Colisão Traseira;2;2;;;;;1
13/06/2018;00:28:00;43;sem vítima;1,7999999523162842;BR-116/SP;Pista Sul;Tombamento;1;1;;;;;1
13/06/2018;02:47:00;75;sem vítima;93,25;BR-116/SP;Pista Norte;Choque Talude;1;1;;;;;1
13/06/2018;07:35:00;198;sem vítima;141;BR-116/SP;Pista Norte;Abalroamento Longitudinal;1;2;;;;;1
13/06/2018;08:33:00;246;sem vítima;144;BR-116/SP;Pista Norte;Colisão Traseira;1;3;;;;;1
13/06/2018;10:47:00;366;sem vítima;143,3000030517578;BR-116/SP;Pista Norte;Colisão Traseira;1;3;;;;;1
13/06/2018;10:53:00;370;sem vítima;100;BR-116/SP;Pista Norte;Abalroamento Longitudinal;2;2;;;;;1
13/06/2018;12:58:00;437;sem vítima;165,1999969482422;BR-116/SP;Pista Sul;Choque em objeto fixo;2;2;;;;;1
13/06/2018;15:22:00;525;sem vítima;232,5;BR-116/RJ;Pista Norte;Colisão Traseira;1;2;;;;;1
13/06/2018;16:40:00;576;sem vítima;193;BR-116/SP;Pista Sul;Tombamento;1;1;;;;;1
13/06/2018;18:35:00;667;sem vítima;270;BR-116/RJ;Pista Norte;Abalroamento Longitudinal;1;2;;;;;1
13/06/2018;20:00:00;726;sem vítima;278;BR-116/RJ;Pista Norte;Colisão Traseira;1;2;;;;;1
14/06/2018;00:11:00;21;sem vítima;274,1000061035156;BR-116/RJ;Pista Norte;Abalroamento Longitudinal;1;2;;;;;1
14/06/2018;00:54:00;35;sem vítima;230,39999389648438;BR-116/RJ;Pista Norte;Choque em Defensa;1;2;;;;;1
14/06/2018;04:11:00;93;com vítima;251,8000030517578;BR-116/RJ;Pista Norte;Outros;3;2;;1;;;2
14/06/2018;06:49:00;155;com vítima;251,6999969482422;BR-116/RJ;Pista Sul;Colisão Traseira;1;1;;2;;;2
14/06/2018;07:22:00;185;sem vítima;327,70001220703125;BR-116/RJ;Pista Norte;Choque em Barreira New Jersey;2;2;;;;;1
14/06/2018;07:31:00;197;sem vítima;294,6000061035156;BR-116/RJ;Pista Sul;Abalroamento Longitudinal;1;3;;;;;1
14/06/2018;08:25:00;245;sem vítima;325,70001220703125;BR-116/RJ;Pista Norte;Queda de ribanceira;1;1;;;;;1
14/06/2018;10:26:00;359;sem vítima;175,39999389648438;BR-116/SP;Pista Sul;Abalroamento Longitudinal;1;2;;;;;1
14/06/2018;15:39:00;546;sem vítima;208,5;BR-116/SP;Pista Sul;Colisão Traseira;1;2;;;;;1
14/06/2018;17:42:00;624;com vítima;179,89999389648438;BR-116/RJ;Pista Norte;Abalroamento Longitudinal;1;2;1;;;;1
15/06/2018;01:36:00;39;sem vítima;281,95001220703125;BR-116/RJ;Pista Norte;Choque em objeto fixo;1;1;;;;;1
15/06/2018;06:21:00;114;sem vítima;183,3000030517578;BR-116/SP;Pista Sul;Colisão Traseira;1;2;;;;;1
15/06/2018;06:24:00;116;sem vítima;266,6000061035156;BR-116/RJ;Pista Norte;Choque em objeto fixo;1;1;;;;;1
15/06/2018;07:48:00;194;sem vítima;178,60000610351562;BR-116/RJ;Pista Norte;Abalroamento Longitudinal;1;3;;;;;1
15/06/2018;08:16:00;218;sem vítima;258,1000061035156;BR-116/RJ;Pista Norte;Colisão Traseira;1;3;;;;;1
15/06/2018;15:36:00;540;sem vítima;277,5;BR-116/RJ;Pista Sul;Colisão Traseira;1;2;;;;;1
15/06/2018;15:43:00;543;sem vítima;69,19999694824219;BR-116/SP;Pista Norte;Abalroamento Longitudinal;1;5;;;;;1
15/06/2018;17:21:00;610;sem vítima;112,19999694824219;BR-116/SP;Pista Norte;Abalroamento Longitudinal;1;4;;;;;1
15/06/2018;18:10:00;650;com vítima;172,60000610351562;BR-116/RJ;Pista Sul;Colisão Traseira;1;1;1;;;;1
15/06/2018;21:58:00;786;sem vítima;24,100000381469727;BR-116/SP;Pista Sul;Colisão Traseira;1;2;;;;;1
15/06/2018;23:14:00;811;sem vítima;174;BR-116/SP;Pista Norte;Abalroamento Longitudinal;1;2;;;;;1
16/06/2018;00:08:00;39;sem vítima;70,3499984741211;BR-116/SP;Pista Sul;Choque em objeto fixo;1;2;;;;;1
16/06/2018;00:29:00;47;sem vítima;319,5;BR-116/RJ;Pista Sul;Colisão Traseira;1;2;;;;;1
16/06/2018;02:24:00;67;sem vítima;204,5;BR-116/SP;Pista Norte;Abalroamento Longitudinal;2;2;;;;;1
16/06/2018;03:22:00;82;sem vítima;279,1000061035156;BR-116/RJ;Pista Norte;Choque Talude;1;2;;;;;1
16/06/2018;05:08:00;102;sem vítima;24,799999237060547;BR-116/SP;Pista Norte;Capotamento;1;2;;;;;1
16/06/2018;13:54:00;379;com vítima;71,9000015258789;BR-116/SP;Pista Norte;Choque em Barreira New Jersey;1;1;1;;;;1
16/06/2018;21:28:00;610;sem vítima;100,80000305175781;BR-116/SP;Pista Norte;Colisão Traseira;1;3;;;;;1
16/06/2018;23:20:00;636;sem vítima;224,1999969482422;BR-116/RJ;Pista Sul;Choque em objeto fixo;1;1;;;;;1
17/06/2018;12:22:00;267;sem vítima;158,3000030517578;BR-116/SP;Pista Norte;Abalroamento Longitudinal;2;2;;;;;1
17/06/2018;15:27:00;358;com vítima;228,5;BR-116/SP;Pista Norte;Engavetamento;1;5;1;;;;1
17/06/2018;21:35:00;523;com vítima;208,10000610351562;BR-116/RJ;Pista Norte;Colisão Traseira;1;1;1;;;;1
18/06/2018;07:07:00;162;sem vítima;220;BR-116/SP;Pista Sul;Colisão Traseira;1;2;;;;;1
18/06/2018;07:24:00;188;sem vítima;211,39999389648438;BR-116/RJ;Pista Norte;Colisão Traseira;2;2;;;;;1
18/06/2018;16:19:00;594;com vítima;193,1999969482422;BR-116/RJ;Pista Norte;Tombamento;1;1;1;;;;1
18/06/2018;20:01:00;728;sem vítima;177,10000610351562;BR-116/RJ;Pista Sul;Engavetamento;1;3;;;;;1
18/06/2018;23:20:00;808;sem vítima;158,60000610351562;BR-116/SP;Pista Sul;Abalroamento Longitudinal;1;4;;;;;1
19/06/2018;05:08:00;99;sem vítima;223,8000030517578;BR-116/SP;Pista Norte;Choque em Defensa;1;1;;;;;1
19/06/2018;06:42:00;151;sem vítima;127,75;BR-116/SP;Pista Norte;Abalroamento Longitudinal;1;2;;;;;1
19/06/2018;07:09:00;177;sem vítima;205;BR-116/RJ;Pista Norte;Abalroamento Longitudinal;1;2;;;;;1
19/06/2018;20:42:00;721;sem vítima;216;BR-116/SP;Pista Sul;Abalroamento Longitudinal;1;4;;;;;1
19/06/2018;21:08:00;734;sem vítima;198,8000030517578;BR-116/RJ;Pista Norte;Atropelamento de Animal;1;1;;;;;1
19/06/2018;21:48:00;757;sem vítima;243;BR-116/RJ;Pista Norte;Outros;1;1;;;;;1
20/06/2018;05:02:00;87;com vítima;285,20001220703125;BR-116/RJ;Pista Norte;Colisão Traseira;2;1;;1;;;2
20/06/2018;11:02:00;356;com vítima;219;BR-116/SP;Pista Sul;Colisão Traseira;1;2;1;;;;1
20/06/2018;12:44:00;408;sem vítima;132;BR-116/SP;Pista Sul;Colisão Traseira;1;2;;;;;1
20/06/2018;14:39:00;471;com vítima;156,1999969482422;BR-116/SP;Pista Sul;Choque em Barreira New Jersey;1;1;1;;;;1
20/06/2018;22:31:00;729;sem vítima;175,10000610351562;BR-116/RJ;Pista Sul;Choque em Barreira New Jersey;1;2;;;;;1
20/06/2018;23:42:00;751;com vítima;185;BR-116/SP;Pista Norte;Colisão Traseira;2;1;1;;;;1
21/06/2018;09:49:00;329;sem vítima;226,8000030517578;BR-116/RJ;Pista Norte;Abalroamento Longitudinal;2;2;;;;;1
21/06/2018;11:05:00;378;sem vítima;217,5;BR-116/SP;Pista Norte;Colisão Traseira;1;4;;;;;1
21/06/2018;16:59:00;631;sem vítima;147;BR-116/SP;Pista Sul;Abalroamento Longitudinal;3;4;;;;;1
21/06/2018;17:24:00;648;sem vítima;147;BR-116/SP;Pista Sul;Abalroamento Longitudinal;2;2;;;;;1
21/06/2018;18:02:00;670;sem vítima;146,7100067138672;BR-116/SP;Pista Norte;Abalroamento Longitudinal;1;2;;;;;1
21/06/2018;19:44:00;742;sem vítima;143,10000610351562;BR-116/SP;Pista Norte;Colisão Traseira;2;2;;;;;1
22/06/2018;00:18:00;42;sem vítima;182,60000610351562;BR-116/SP;Pista Sul;Choque em objeto na pista;1;8;;;;;1
22/06/2018;01:09:00;62;sem vítima;112,19999694824219;BR-116/SP;Pista Norte;Choque em objeto na pista;1;5;;;;;1
22/06/2018;07:14:00;173;sem vítima;107;BR-116/SP;Pista Norte;Colisão Traseira;1;4;;;;;1
22/06/2018;11:01:00;322;sem vítima;172,75;BR-116/RJ;Pista Norte;Colisão Traseira;1;5;;;;;1
22/06/2018;13:41:00;435;sem vítima;227,8000030517578;BR-116/SP;Pista Sul;Choque em Barreira New Jersey;1;1;;;;;1
23/06/2018;06:21:00;111;sem vítima;226;BR-116/SP;Pista Sul;Colisão Traseira;1;2;;;;;1
23/06/2018;10:21:00;269;sem vítima;172,1999969482422;BR-116/RJ;Pista Norte;Engavetamento;1;6;;;;;1
23/06/2018;16:32:00;465;sem vítima;138,3000030517578;BR-116/SP;Pista Norte;Colisão Traseira;1;1;;;;;1
24/06/2018;16:09:00;399;sem vítima;212;BR-116/SP;Pista Sul;Abalroamento Longitudinal;1;3;;;;;1
24/06/2018;23:08:00;616;com vítima;313,70001220703125;BR-116/RJ;Pista Norte;Colisão Traseira;2;1;1;;;;1
25/06/2018;04:21:00;72;sem vítima;246,5;BR-116/RJ;Pista Norte;Abalroamento Longitudinal;1;2;;;;;1
25/06/2018;12:11:00;399;sem vítima;45,900001525878906;BR-116/SP;Pista Sul;Colisão Traseira;1;3;;;;;1
25/06/2018;14:43:00;498;sem vítima;224;BR-116/SP;Pista Sul;Colisão Traseira;1;5;;;;;1
25/06/2018;23:59:00;783;com vítima;209;BR-116/SP;Pista Sul;Colisão Traseira;1;3;1;;;;1
26/06/2018;05:04:00;83;sem vítima;280;BR-116/RJ;Pista Norte;Choque em Barreira New Jersey;1;1;;;;;1
26/06/2018;05:32:00;88;sem vítima;216;BR-116/RJ;Pista Norte;Choque em objeto fixo;1;1;;;;;1
26/06/2018;07:58:00;205;com vítima;223,0800018310547;BR-116/SP;Pista Norte;Colisão Traseira;1;3;;;;1;3
26/06/2018;08:36:00;241;sem vítima;210,60000610351562;BR-116/SP;Pista Norte;Abalroamento Longitudinal;1;2;;;;;1
26/06/2018;14:44:00;489;sem vítima;219,39999389648438;BR-116/SP;Pista Norte;Abalroamento Longitudinal;1;2;;;;;1
26/06/2018;17:34:00;632;com vítima;37,75;BR-116/SP;Pista Norte;Tombamento;1;0;;;1;;2
26/06/2018;20:33:00;757;sem vítima;86,94999694824219;BR-116/SP;Pista Sul;Abalroamento Transversal;1;3;;;;;1
27/06/2018;01:29:00;51;sem vítima;223,39999389648438;BR-116/RJ;Pista Norte;Tombamento;1;1;;;;;1
27/06/2018;03:19:00;72;sem vítima;292,20001220703125;BR-116/RJ;Pista Norte;Colisão Traseira;2;2;;;;;1
27/06/2018;06:49:00;134;com vítima;188,64999389648438;BR-116/RJ;Pista Norte;Abalroamento Longitudinal;1;0;2;;;;1
27/06/2018;07:44:00;185;sem vítima;179,6999969482422;BR-116/RJ;Pista Norte;Abalroamento Longitudinal;1;2;;;;;1
27/06/2018;07:45:00;187;sem vítima;227,6999969482422;BR-116/SP;Pista Sul;Engavetamento;2;5;;;;;1
27/06/2018;08:08:00;210;sem vítima;147,3000030517578;BR-116/SP;Pista Norte;Colisão Traseira;1;5;;;;;1
27/06/2018;10:23:00;338;sem vítima;226,1999969482422;BR-116/SP;Pista Sul;Engavetamento;2;4;;;;;1
27/06/2018;11:09:00;369;sem vítima;129;BR-116/SP;Pista Norte;Choque em objeto fixo;1;2;;;;;1
27/06/2018;12:00:00;390;sem vítima;207;BR-116/SP;Pista Norte;Colisão Traseira;2;3;;;;;1
27/06/2018;14:20:00;478;sem vítima;265,79998779296875;BR-116/RJ;Pista Norte;Abalroamento Longitudinal;1;2;;;;;1
27/06/2018;14:52:00;504;sem vítima;230,1999969482422;BR-116/SP;Pista Sul;Engavetamento;1;5;;;;;1
27/06/2018;21:52:00;721;sem vítima;229,1999969482422;BR-116/SP;Pista Norte;Abalroamento Longitudinal;2;3;;;;;1
28/06/2018;04:09:00;77;sem vítima;100,19999694824219;BR-116/SP;Pista Sul;Colisão Traseira;2;2;;;;;1
28/06/2018;05:41:00;90;sem vítima;292,70001220703125;BR-116/RJ;Pista Sul;Abalroamento Longitudinal;1;2;;;;;1
28/06/2018;06:23:00;110;sem vítima;301,3999938964844;BR-116/RJ;Pista Sul;Choque em Barreira New Jersey;1;1;;;;;1
28/06/2018;06:50:00;135;sem vítima;192,64999389648438;BR-116/RJ;Pista Norte;Choque em Defensa;1;1;;;;;1
28/06/2018;07:24:00;167;sem vítima;222,8000030517578;BR-116/SP;Pista Norte;Abalroamento Longitudinal;1;2;;;;;1
28/06/2018;11:31:00;398;com vítima;97,69999694824219;BR-116/SP;Pista Norte;Choque em objeto na pista;1;1;1;;;;1
28/06/2018;11:57:00;410;com vítima;15,449999809265137;BR-116/SP;Pista Sul;Choque em Barreira New Jersey;1;0;1;;;;1
28/06/2018;19:04:00;679;sem vítima;62;BR-116/SP;Pista Sul;Colisão Traseira;1;2;;;;;1
28/06/2018;23:08:00;797;sem vítima;14,199999809265137;BR-116/SP;Pista Sul;Queda de ribanceira;1;1;;;;;1
29/06/2018;01:56:00;50;sem vítima;333,1000061035156;BR-116/RJ;Pista Sul;Colisão Traseira;1;1;;;;;1
29/06/2018;02:22:00;52;com vítima;291,6000061035156;BR-116/RJ;Pista Sul;Engavetamento;2;1;2;;;;1
29/06/2018;08:12:00;247;sem vítima;310,8999938964844;BR-116/RJ;Pista Sul;Colisão Traseira;1;2;;;;;1
29/06/2018;08:18:00;257;sem vítima;208,39999389648438;BR-116/SP;Pista Norte;Abalroamento Longitudinal;1;2;;;;;1
29/06/2018;09:08:00;294;sem vítima;268,3999938964844;BR-116/RJ;Pista Sul;Abalroamento Longitudinal;1;2;;;;;1
29/06/2018;09:42:00;327;sem vítima;229,6999969482422;BR-116/SP;Pista Sul;Abalroamento Longitudinal;2;3;;;;;1
29/06/2018;11:38:00;412;sem vítima;151,39999389648438;BR-116/SP;Pista Sul;Abalroamento Longitudinal;1;2;;;;;1
29/06/2018;15:58:00;594;sem vítima;231,1999969482422;BR-116/SP;Pista Sul;Colisão Traseira;1;2;;;;;1
29/06/2018;16:10:00;607;com vítima;167,39999389648438;BR-116/RJ;Pista Sul;Engavetamento;1;3;1;;;;1
29/06/2018;20:05:00;758;sem vítima;297,70001220703125;BR-116/RJ;Pista Sul;Abalroamento Longitudinal;1;2;;;;;1
29/06/2018;20:31:00;778;sem vítima;167;BR-116/RJ;Pista Sul;Abalroamento Longitudinal;1;2;;;;;1
30/06/2018;06:19:00;110;sem vítima;211,1999969482422;BR-116/SP;Pista Sul;Engavetamento;1;7;;;;;1
30/06/2018;07:01:00;131;com vítima;217,89999389648438;BR-116/RJ;Pista Norte;Tombamento;1;0;1;;;;1
30/06/2018;07:25:00;149;sem vítima;271,20001220703125;BR-116/RJ;Pista Norte;Abalroamento Longitudinal;2;2;;;;;1
30/06/2018;15:48:00;443;sem vítima;227,39999389648438;BR-116/SP;Pista Norte;Abalroamento Longitudinal;1;2;;;;;1
30/06/2018;15:52:00;445;sem vítima;165,1999969482422;BR-116/SP;Pista Sul;Colisão Traseira;1;2;;;;;1
02/07/2018;04:32:00;80;sem vítima;207;BR-116/SP;Pista Sul;Choque em objeto fixo;1;3;0;0;0;0;1
02/07/2018;18:33:00;598;com vítima;221;BR-116/SP;Pista Norte;Queda de moto;1;2;1;0;0;0;1
02/07/2018;20:10:00;643;sem vítima;145,4;BR-116/SP;Pista Sul;Colisão traseira;1;2;0;0;0;0;1
02/07/2018;22:23:00;690;sem vítima;332;BR-116/RJ;Pista Sul;Colisão traseira;2;2;0;0;0;0;1
03/07/2018;01:44:00;50;com vítima;24,3;BR-116/SP;Pista Norte;Colisão traseira;2;1;1;1;0;0;2
03/07/2018;07:32:00;163;com vítima;295,4;BR-116/RJ;Pista Sul;Engavetamento;1;38;13;2;0;0;2
03/07/2018;11:32:00;373;sem vítima;218,8;BR-116/SP;Pista Sul;Abalroamento longitudinal;1;2;0;0;0;0;1
03/07/2018;14:16:00;484;sem vítima;186,8;BR-116/SP;Pista Norte;Tombamento;1;1;0;0;0;0;1
03/07/2018;18:04:00;640;com vítima;206,13;BR-116/SP;Pista Norte;Atropelamento de pedestre caminhando;1;1;0;0;1;0;2
03/07/2018;18:35:00;662;sem vítima;75,15;BR-116/SP;Pista Norte;Choque em objeto fixo;1;2;0;0;0;0;1
03/07/2018;18:59:00;671;sem vítima;226,8;BR-116/SP;Pista Norte;Abalroamento longitudinal;1;2;0;0;0;0;1
03/07/2018;23:22:00;795;sem vítima;161;BR-116/SP;Pista Sul;Abalroamento longitudinal;1;2;0;0;0;0;1
04/07/2018;02:08:00;57;com vítima;323,05;BR-116/RJ;Pista Sul;Colisão traseira;1;32;1;2;0;0;2
04/07/2018;02:37:00;61;com vítima;228;BR-116/RJ;Pista Norte;Choque em defensa;1;1;1;0;0;0;1
04/07/2018;05:38:00;102;sem vítima;27,8;BR-116/SP;Pista Norte;Choque em barreira New Jersey;1;1;0;0;0;0;1
04/07/2018;06:03:00;114;com vítima;211,6;BR-116/SP;Pista Norte;Colisão traseira;1;2;1;0;0;0;1
04/07/2018;15:33:00;543;sem vítima;177,7;BR-116/RJ;Pista Sul;Colisão traseira;2;3;0;0;0;0;1
04/07/2018;15:42:00;553;sem vítima;210,5;BR-116/SP;Pista Norte;Abalroamento longitudinal;1;10;0;0;0;0;1
04/07/2018;16:45:00;593;sem vítima;165,9;BR-116/RJ;Pista Sul;Colisão traseira;2;4;0;0;0;0;1
04/07/2018;22:05:00;773;sem vítima;145,35;BR-116/SP;Pista Norte;Colisão traseira;1;2;0;0;0;0;1
05/07/2018;16:23:00;569;sem vítima;172,2;BR-116/RJ;Pista Sul;Engavetamento;1;8;0;0;0;0;1
05/07/2018;01:53:00;69;sem vítima;72,09;BR-116/SP;Pista Sul;Choque em barreira New Jersey;1;1;0;0;0;0;1
05/07/2018;02:21:00;78;com vítima;101,8;BR-116/SP;Pista Norte;Colisão traseira;3;3;1;0;0;1;3
05/07/2018;05:00:00;108;com vítima;197,2;BR-116/SP;Pista Sul;Engavetamento;2;2;0;0;0;3;3
05/07/2018;09:56:00;318;sem vítima;223,8;BR-116/RJ;Pista Norte;Abalroamento longitudinal;2;2;0;0;0;0;1
05/07/2018;11:20:00;387;sem vítima;223,9;BR-116/SP;Pista Norte;Colisão traseira;1;2;0;0;0;0;1
05/07/2018;12:22:00;423;com vítima;305;BR-116/RJ;Pista Sul;Outros;1;0;1;0;0;0;1
05/07/2018;19:53:00;729;sem vítima;179,6;BR-116/SP;Pista Norte;Abalroamento longitudinal;1;6;0;0;0;0;1