data;horario;n_da_ocorrencia;tipo_de_ocorrencia;km;trecho;sentido;tipo_de_acidente;caminhao;ilesos;levemente_feridos;moderadamente_feridos;gravemente_feridos;mortos;3
05/07/2018;21:19:00;783;sem vítima;145,9;BR-116/SP;Pista Norte;Abalroamento longitudinal;1;2;0;0;0;0;1
06/07/2018;05:24:00;108;com vítima;293,1;BR-116/RJ;Pista Norte;Colisão traseira;1;1;0;1;0;0;2
06/07/2018;11:40:00;410;sem vítima;218,7;BR-116/SP;Pista Sul;Choque em barreira New Jersey;1;1;0;0;0;0;1
06/07/2018;15:18:00;560;sem vítima;212,5;BR-116/SP;Pista Norte;Colisão traseira;1;2;0;0;0;0;1
06/07/2018;15:33:00;570;sem vítima;227,9;BR-116/SP;Pista Norte;Abalroamento longitudinal;1;2;0;0;0;0;1
06/07/2018;16:23:00;589;sem vítima;104,9;BR-116/SP;Pista Norte;Abalroamento longitudinal;1;2;0;0;0;0;1
06/07/2018;18:03:00;636;com vítima;149;BR-116/SP;Pista Norte;Engavetamento;1;2;2;0;0;0;1
06/07/2018;18:21:00;650;com vítima;142,3;BR-116/SP;Pista Sul;Capotamento;1;2;0;1;0;0;2
06/07/2018;18:35:00;656;com vítima;151;BR-116/SP;Pista Norte;Engavetamento;1;2;1;0;0;0;1
06/07/2018;22:28:00;756;com vítima;146,6;BR-116/SP;Pista Norte;Colisão traseira;2;2;1;2;0;0;2
07/07/2018;02:56:00;67;sem vítima;51,8;BR-116/SP;Pista Norte;Abalroamento longitudinal;1;2;0;0;0;0;1
08/07/2018;10:53:00;269;sem vítima;196,8;BR-116/SP;Pista Norte;Abalroamento longitudinal;1;2;0;0;0;0;1
08/07/2018;11:16:00;277;sem vítima;188,8;BR-116/SP;Pista Sul;Colisão traseira;1;2;0;0;0;0;1
08/07/2018;17:56:00;501;com vítima;18,3;BR-116/SP;Pista Norte;Colisão traseira;1;5;1;0;0;0;1
08/07/2018;18:50:00;543;sem vítima;181,6;BR-116/SP;Pista Sul;Colisão traseira;2;2;0;0;0;0;1
09/07/2018;06:56:00;104;sem vítima;227;BR-116/RJ;Pista Norte;Colisão traseira;2;2;0;0;0;0;1
09/07/2018;10:33:00;261;com vítima;249,05;BR-116/RJ;Pista Norte;Tombamento;1;0;1;0;0;0;1
09/07/2018;15:56:00;464;sem vítima;165,7;BR-116/RJ;Pista Sul;Engavetamento;2;3;0;0;0;0;1
10/07/2018;03:42:00;69;sem vítima;224,1;BR-116/RJ;Pista Norte;Choque Talude;1;1;0;0;0;0;1
10/07/2018;01:01:00;37;com vítima;164;BR-116/RJ;Pista Norte;Colisão traseira;1;2;1;0;0;0;1
10/07/2018;07:51:00;195;sem vítima;153;BR-116/SP;Pista Norte;Choque em objeto fixo;1;1;0;0;0;0;1
10/07/2018;08:56:00;260;sem vítima;236,5;BR-116/RJ;Pista Norte;Abalroamento longitudinal;1;2;0;0;0;0;1
10/07/2018;13:14:00;406;sem vítima;66,3;BR-116/SP;Pista Norte;Capotamento;2;2;0;0;0;0;1
10/07/2018;14:16:00;443;sem vítima;71,5;BR-116/SP;Pista Norte;Colisão traseira;1;3;0;0;0;0;1
10/07/2018;15:59:00;510;com vítima;261,1;BR-116/RJ;Pista Norte;Abalroamento longitudinal;1;1;0;1;0;0;2
10/07/2018;16:40:00;539;sem vítima;235,9;BR-116/RJ;Pista Sul;Tombamento;1;1;0;0;0;0;1
10/07/2018;17:53:00;582;com vítima;272,9;BR-116/RJ;Pista Norte;Tombamento;1;12;0;2;0;0;2
10/07/2018;20:07:00;655;sem vítima;274,5;BR-116/RJ;Pista Norte;Colisão traseira;2;2;0;0;0;0;1
10/07/2018;23:44:00;719;sem vítima;157;BR-116/SP;Pista Norte;Choque em veículo parado na pista;1;2;0;0;0;0;1
11/07/2018;01:03:00;40;sem vítima;54,25;BR-116/SP;Pista Sul;Abalroamento longitudinal;1;2;0;0;0;0;1
11/07/2018;02:31:00;63;sem vítima;280,7;BR-116/RJ;Pista Norte;Choque Talude;1;1;0;0;0;0;1
11/07/2018;06:55:00;141;com vítima;182,3;BR-116/SP;Pista Norte;Colisão traseira;1;3;1;0;0;0;1
11/07/2018;11:29:00;389;sem vítima;227,4;BR-116/SP;Pista Sul;Abalroamento longitudinal;1;2;0;0;0;0;1
11/07/2018;15:57:00;550;sem vítima;222,5;BR-116/RJ;Pista Norte;Tombamento;1;2;0;0;0;0;1
11/07/2018;18:14:00;628;sem vítima;166,1;BR-116/RJ;Pista Sul;Abalroamento longitudinal;1;4;0;0;0;0;1
12/07/2018;01:51:00;39;sem vítima;237,6;BR-116/RJ;Pista Norte;Atropelamento de animal;1;1;0;0;0;0;1
12/07/2018;08:43:00;243;com vítima;227;BR-116/SP;Pista Sul;Colisão traseira;1;1;0;1;0;0;2
12/07/2018;10:24:00;336;sem vítima;60,3;BR-116/SP;Pista Sul;Engavetamento;1;5;0;0;0;0;1
12/07/2018;10:26:00;338;sem vítima;251,65;BR-116/RJ;Pista Sul;Abalroamento longitudinal;2;4;0;0;0;0;1
12/07/2018;16:45:00;576;sem vítima;225,45;BR-116/SP;Pista Norte;Abalroamento longitudinal;1;5;0;0;0;0;1
12/07/2018;18:44:00;673;sem vítima;225,2;BR-116/SP;Pista Norte;Abalroamento longitudinal;1;3;0;0;0;0;1
12/07/2018;23:07:00;808;sem vítima;144,5;BR-116/SP;Pista Sul;Colisão traseira;1;2;0;0;0;0;1
13/07/2018;01:51:00;43;com vítima;174,4;BR-116/SP;Pista Sul;Colisão frontal;1;37;4;0;2;0;2
13/07/2018;01:52:00;45;sem vítima;216,3;BR-116/SP;Pista Sul;Tombamento;1;1;0;0;0;0;1
13/07/2018;05:46:00;95;sem vítima;297,6;BR-116/RJ;Pista Sul;Choque em barreira New Jersey;1;1;0;0;0;0;1
13/07/2018;12:28:00;404;com vítima;224,5;BR-116/RJ;Pista Norte;Choque Talude;1;0;0;1;0;0;2
13/07/2018;12:48:00;413;sem vítima;176;BR-116/RJ;Pista Sul;Engavetamento;1;3;0;0;0;0;1
13/07/2018;14:04:00;456;sem vítima;231,3;BR-116/SP;Pista Sul;Abalroamento longitudinal;1;3;0;0;0;0;1
13/07/2018;15:15:00;515;com vítima;138,9;BR-116/SP;Pista Sul;Engavetamento;3;3;0;1;0;0;2
13/07/2018;17:13:00;626;com vítima;125,28;BR-116/SP;Pista Sul;Tombamento;2;2;1;0;0;0;1
14/07/2018;05:39:00;105;sem vítima;114,5;BR-116/SP;Pista Norte;Colisão traseira;2;2;0;0;0;0;1
14/07/2018;02:15:00;71;com vítima;108,8;BR-116/SP;Pista Norte;Choque em veículo parado na pista;1;1;1;1;0;0;2
14/07/2018;05:32:00;103;sem vítima;183,3;BR-116/RJ;Pista Norte;Abalroamento longitudinal;1;2;0;0;0;0;1
14/07/2018;07:27:00;146;com vítima;188,5;BR-116/SP;Pista Norte;Choque em objeto fixo;1;0;0;0;0;1;3
14/07/2018;10:04:00;253;sem vítima;176,2;BR-116/RJ;Pista Sul;Colisão traseira;1;35;0;0;0;0;1
15/07/2018;01:38:00;59;sem vítima;207,1;BR-116/RJ;Pista Sul;Choque em barreira New Jersey;1;1;0;0;0;0;1
15/07/2018;19:00:00;497;sem vítima;302,5;BR-116/RJ;Pista Norte;Abalroamento longitudinal;1;2;0;0;0;0;1
16/07/2018;06:14:00;106;sem vítima;124,5;BR-116/SP;Pista Norte;Engavetamento;1;3;0;0;0;0;1
16/07/2018;08:46:00;246;com vítima;207;BR-116/SP;Pista Norte;Abalroamento longitudinal;1;2;1;0;0;0;1
16/07/2018;11:52:00;418;sem vítima;169,8;BR-116/RJ;Pista Norte;Choque em barreira New Jersey;1;1;0;0;0;0;1
16/07/2018;16:24:00;583;sem vítima;244,5;BR-116/RJ;Pista Norte;Abalroamento longitudinal;2;4;0;0;0;0;1
16/07/2018;23:06:00;801;sem vítima;37,8;BR-116/SP;Pista Norte;Choque em objeto na pista;1;1;0;0;0;0;1
17/07/2018;05:55:00;102;sem vítima;98,8;BR-116/SP;Pista Norte;Tombamento;1;1;0;0;0;0;1
17/07/2018;06:45:00;133;sem vítima;142,8;BR-116/SP;Pista Sul;Abalroamento longitudinal;1;3;0;0;0;0;1
17/07/2018;10:03:00;298;sem vítima;108,7;BR-116/SP;Pista Norte;Tombamento;1;1;0;0;0;0;1
17/07/2018;15:13:00;501;sem vítima;251,9;BR-116/RJ;Pista Sul;Abalroamento longitudinal;1;2;0;0;0;0;1
17/07/2018;15:57:00;532;com vítima;182,4;BR-116/RJ;Pista Sul;Abalroamento longitudinal;1;2;1;0;0;0;1
17/07/2018;16:28:00;553;com vítima;179;BR-116/SP;Pista Norte;Colisão traseira;1;1;1;0;0;0;1
17/07/2018;18:56:00;650;sem vítima;273,7;BR-116/RJ;Pista Sul;Abalroamento longitudinal;1;2;0;0;0;0;1
17/07/2018;20:16:00;685;sem vítima;225,4;BR-116/SP;Pista Sul;Abalroamento longitudinal;1;4;0;0;0;0;1
18/07/2018;02:44:00;62;sem vítima;48,65;BR-116/SP;Pista Sul;Choque em objeto na pista;1;2;0;0;0;0;1
18/07/2018;06:48:00;135;sem vítima;227;BR-116/SP;Pista Sul;Colisão traseira;2;2;0;0;0;0;1
18/07/2018;12:29:00;433;sem vítima;164,8;BR-116/RJ;Pista Sul;Abalroamento longitudinal;1;2;0;0;0;0;1
18/07/2018;13:13:00;467;sem vítima;216;BR-116/SP;Pista Sul;Choque em veículo parado na pista;2;2;0;0;0;0;1
18/07/2018;17:55:00;672;sem vítima;106,9;BR-116/SP;Pista Sul;Engavetamento;2;5;0;0;0;0;1
19/07/2018;11:35:00;378;sem vítima;222,3;BR-116/SP;Pista Norte;Abalroamento longitudinal;1;3;0;0;0;0;1
19/07/2018;12:46:00;426;sem vítima;162;BR-116/SP;Pista Sul;Choque em veículo parado na pista;1;1;0;0;0;0;1
19/07/2018;18:27:00;661;sem vítima;218,9;BR-116/SP;Pista Norte;Abalroamento longitudinal;1;2;0;0;0;0;1
20/07/2018;02:39:00;62;com vítima;332,9;BR-116/RJ;Pista Norte;Colisão traseira;2;2;1;0;0;0;1
20/07/2018;06:23:00;116;com vítima;53,4;BR-116/SP;Pista Norte;Choque em defensa;2;1;2;0;0;0;1
20/07/2018;07:36:00;198;com vítima;207,8;BR-116/SP;Pista Sul;Colisão traseira;1;1;1;0;0;0;1
20/07/2018;10:35:00;378;sem vítima;168,1;BR-116/RJ;Pista Norte;Engavetamento;1;3;0;0;0;0;1
20/07/2018;11:26:00;416;sem vítima;228,6;BR-116/SP;Pista Norte;Abalroamento longitudinal;1;3;0;0;0;0;1
20/07/2018;15:22:00;611;sem vítima;246;BR-116/RJ;Pista Sul;Abalroamento longitudinal;1;4;0;0;0;0;1
20/07/2018;16:20:00;664;sem vítima;239,8;BR-116/RJ;Pista Sul;Choque em barreira New Jersey;1;3;0;0;0;0;1
20/07/2018;17:14:00;709;sem vítima;99;BR-116/SP;Pista Norte;Choque em objeto na pista;1;2;0;0;0;0;1
20/07/2018;22:27:00;907;sem vítima;219;BR-116/SP;Pista Norte;Abalroamento longitudinal;1;2;0;0;0;0;1
20/07/2018;23:27:00;929;sem vítima;20,9;BR-116/SP;Pista Norte;Abalroamento longitudinal;1;4;0;0;0;0;1
21/07/2018;12:49:00;395;sem vítima;210,7;BR-116/SP;Pista Sul;Abalroamento longitudinal;1;2;0;0;0;0;1
21/07/2018;15:06:00;471;sem vítima;276,4;BR-116/RJ;Pista Norte;Tombamento;1;1;0;0;0;0;1
21/07/2018;15:28:00;481;sem vítima;224,8;BR-116/SP;Pista Norte;Choque em barreira New Jersey;1;1;0;0;0;0;1
21/07/2018;19:41:00;653;com vítima;228,1;BR-116/SP;Pista Sul;Abalroamento longitudinal;1;1;0;0;1;0;2
22/07/2018;11:05:00;250;sem vítima;256,8;BR-116/RJ;Pista Norte;Abalroamento longitudinal;1;2;0;0;0;0;1
22/07/2018;21:25:00;647;sem vítima;86,9;BR-116/SP;Pista Norte;Abalroamento longitudinal;1;2;0;0;0;0;1
23/07/2018;02:19:00;59;com vítima;222,5;BR-116/RJ;Pista Sul;Colisão traseira;1;1;0;1;0;0;2
23/07/2018;04:28:00;95;sem vítima;212,7;BR-116/SP;Pista Sul;Choque em barreira New Jersey;1;1;0;0;0;0;1
23/07/2018;05:38:00;117;sem vítima;216;BR-116/SP;Pista Sul;Abalroamento transversal;1;2;0;0;0;0;1
23/07/2018;07:06:00;161;sem vítima;99,6;BR-116/SP;Pista Norte;Colisão traseira;1;2;0;0;0;0;1
23/07/2018;09:39:00;341;com vítima;100,2;BR-116/SP;Pista Sul;Colisão traseira;2;1;0;0;1;0;2
23/07/2018;12:30:00;476;sem vítima;261,5;BR-116/RJ;Pista Sul;Abalroamento longitudinal;1;5;0;0;0;0;1
23/07/2018;13:18:00;505;sem vítima;262,7;BR-116/RJ;Pista Sul;Choque em barreira New Jersey;2;2;0;0;0;0;1
24/07/2018;07:54:00;194;com vítima;101,48;BR-116/SP;Pista Sul;Colisão traseira;1;1;1;0;0;0;1
24/07/2018;13:30:00;436;sem vítima;110,95;BR-116/SP;Pista Sul;Abalroamento longitudinal;1;2;0;0;0;0;1
24/07/2018;15:11:00;518;sem vítima;163,1;BR-116/RJ;Pista Sul;Colisão traseira;1;2;0;0;0;0;1
25/07/2018;03:54:00;87;sem vítima;132;BR-116/SP;Pista Norte;Abalroamento longitudinal;1;2;0;0;0;0;1
25/07/2018;04:06:00;92;sem vítima;53,4;BR-116/SP;Pista Norte;Colisão traseira;1;3;0;0;0;0;1
25/07/2018;06:00:00;116;com vítima;182,5;BR-116/RJ;Pista Norte;Abalroamento longitudinal;1;1;0;1;0;0;2
25/07/2018;07:44:00;199;sem vítima;223,4;BR-116/RJ;Pista Norte;Choque Talude;1;1;0;0;0;0;1
25/07/2018;09:55:00;326;sem vítima;226,08;BR-116/SP;Pista Norte;Abalroamento longitudinal;1;2;0;0;0;0;1
25/07/2018;11:26:00;394;sem vítima;216,3;BR-116/SP;Pista Sul;Choque em barreira New Jersey;1;1;0;0;0;0;1
25/07/2018;22:42:00;815;com vítima;204,7;BR-116/SP;Pista Norte;Choque Talude;1;0;1;0;0;0;1
26/07/2018;07:55:00;198;sem vítima;192,8;BR-116/RJ;Pista Norte;Abalroamento longitudinal;1;2;0;0;0;0;1
26/07/2018;14:32:00;495;sem vítima;170,325;BR-116/SP;Pista Sul;Choque em objeto na pista;1;3;0;0;0;0;1
26/07/2018;19:50:00;727;sem vítima;219;BR-116/SP;Pista Norte;Abalroamento longitudinal;1;2;0;0;0;0;1
27/07/2018;00:17:00;30;sem vítima;218,3;BR-116/SP;Pista Sul;Abalroamento longitudinal;1;2;0;0;0;0;1
27/07/2018;05:01:00;96;sem vítima;102,5;BR-116/SP;Pista Sul;Atropelamento de animal;3;25;0;0;0;0;1
27/07/2018;09:50:00;314;com vítima;98,9;BR-116/SP;Pista Norte;Abalroamento longitudinal;1;4;2;0;0;0;1
27/07/2018;11:09:00;358;sem vítima;220,9;BR-116/SP;Pista Sul;Engavetamento;1;7;0;0;0;0;1
27/07/2018;11:28:00;374;sem vítima;222,8;BR-116/SP;Pista Sul;Choque em veículo parado na pista;1;2;0;0;0;0;1
27/07/2018;11:45:00;385;sem vítima;288,45;BR-116/RJ;Pista Norte;Colisão traseira;1;2;0;0;0;0;1
27/07/2018;14:47:00;511;sem vítima;217,7;BR-116/RJ;Pista Sul;Abalroamento longitudinal;1;5;0;0;0;0;1
27/07/2018;16:20:00;582;sem vítima;59,8;BR-116/SP;Pista Sul;Choque em barreira New Jersey;1;2;0;0;0;0;1
27/07/2018;16:54:00;605;sem vítima;272,8;BR-116/RJ;Pista Norte;Abalroamento longitudinal;1;2;0;0;0;0;1
27/07/2018;18:39:00;691;sem vítima;251,8;BR-116/RJ;Pista Sul;Choque em barreira New Jersey;1;10;0;0;0;0;1
28/07/2018;05:07:00;115;sem vítima;298,8;BR-116/RJ;Pista Sul;Colisão traseira;1;3;0;0;0;0;1
28/07/2018;08:26:00;219;com vítima;224;BR-116/SP;Pista Sul;Abalroamento longitudinal;1;1;0;1;0;0;2
28/07/2018;10:29:00;304;com vítima;200,7;BR-116/RJ;Pista Sul;Colisão traseira;1;3;1;0;0;0;1
28/07/2018;15:49:00;490;com vítima;228,8;BR-116/RJ;Pista Sul;Abalroamento longitudinal;1;1;2;0;0;0;1
28/07/2018;16:50:00;532;sem vítima;303,2;BR-116/RJ;Pista Norte;Colisão traseira;1;11;0;0;0;0;1
29/07/2018;00:24:00;28;com vítima;194;BR-116/SP;Pista Sul;Colisão frontal;1;2;1;0;0;0;1
29/07/2018;14:17:00;327;sem vítima;320,1;BR-116/RJ;Pista Norte;Choque em defensa;1;1;0;0;0;0;1
29/07/2018;17:58:00;495;com vítima;202,2;BR-116/RJ;Pista Norte;Colisão traseira;1;1;0;1;0;0;2
29/07/2018;19:54:00;582;sem vítima;319,2;BR-116/RJ;Pista Norte;Abalroamento longitudinal;1;2;0;0;0;0;1
29/07/2018;23:42:00;688;sem vítima;255,85;BR-116/RJ;Pista Norte;Choque em objeto na pista;1;5;0;0;0;0;1
30/07/2018;10:27:00;342;sem vítima;218,6;BR-116/SP;Pista Sul;Abalroamento longitudinal;1;6;0;0;0;0;1
30/07/2018;02:36:00;58;com vítima;168,55;BR-116/SP;Pista Sul;Colisão traseira;2;1;0;1;0;0;2
30/07/2018;07:14:00;172;com vítima;247,8;BR-116/RJ;Pista Norte;Queda de ribanceira;1;2;0;3;0;0;2
30/07/2018;13:19:00;457;com vítima;114;BR-116/SP;Pista Norte;Choque em objeto na pista;1;1;1;1;0;0;2
30/07/2018;17:50:00;627;sem vítima;5;BR-116/SP;Pista Sul;Abalroamento longitudinal;1;31;0;0;0;0;1
30/07/2018;18:27:00;649;com vítima;152,03;BR-116/SP;Pista Norte;Engavetamento;4;2;2;0;0;0;1
30/07/2018;19:42:00;693;sem vítima;239,8;BR-116/RJ;Pista Sul;Colisão traseira;1;2;0;0;0;0;1
31/07/2018;07:28:00;166;sem vítima;207,5;BR-116/SP;Pista Sul;Abalroamento longitudinal;1;2;0;0;0;0;1
31/07/2018;08:29:00;226;com vítima;173,1;BR-116/RJ;Pista Norte;Abalroamento longitudinal;1;1;1;0;0;0;1
31/07/2018;08:55:00;239;sem vítima;228;BR-116/RJ;Pista Norte;Choque em barreira New Jersey;1;3;0;0;0;0;1
31/07/2018;10:40:00;320;sem vítima;212,1;BR-116/SP;Pista Sul;Colisão traseira;1;2;0;0;0;0;1
31/07/2018;10:55:00;325;sem vítima;322,6;BR-116/RJ;Pista Sul;Choque em objeto fixo;1;1;0;0;0;0;1
31/07/2018;11:29:00;343;com vítima;220,1;BR-116/RJ;Pista Sul;Choque em objeto fixo;1;0;1;0;0;0;1
31/07/2018;12:37:00;372;sem vítima;258,5;BR-116/RJ;Pista Norte;Choque em barreira New Jersey;1;2;0;0;0;0;1
31/07/2018;13:48:00;411;com vítima;234,2;BR-116/RJ;Pista Norte;Colisão traseira;1;2;1;0;0;0;1
31/07/2018;14:56:00;452;com vítima;270;BR-116/RJ;Pista Norte;Abalroamento longitudinal;1;1;1;0;0;0;1
31/07/2018;17:56:00;547;sem vítima;118,8;BR-116/SP;Pista Norte;Choque em defensa;1;1;0;0;0;0;1
01/08/2018;12:29:00;389;com vítima;28,100000381469727;BR-116/SP;Pista Sul;Tombamento;1;0;;1;;;2
01/08/2018;12:55:00;399;com vítima;243,5;BR-116/RJ;Pista Norte;Choque em veículo parado na pista;1;1;;1;;;2
01/08/2018;15:42:00;488;sem vítima;220,0500030517578;BR-116/RJ;Pista Sul;Choque em objeto fixo;1;1;;;;;1
01/08/2018;16:04:00;502;com vítima;235,5;BR-116/RJ;Pista Sul;Tombamento;4;4;1;1;1;;2
01/08/2018;17:35:00;554;sem vítima;108,5;BR-116/SP;Pista Sul;Engavetamento;3;4;;;;;1
01/08/2018;20:07:00;647;sem vítima;177,6999969482422;BR-116/RJ;Pista Sul;Engavetamento;1;3;;;;;1
01/08/2018;23:07:00;715;sem vítima;225,5;BR-116/RJ;Pista Sul;Choque em objeto fixo;1;1;;;;;1
02/08/2018;05:05:00;96;com vítima;49,79999923706055;BR-116/SP;Pista Sul;Tombamento;1;0;1;;;;1
02/08/2018;05:13:00;97;com vítima;221,39999389648438;BR-116/SP;Pista Norte;Abalroamento Longitudinal;1;1;1;;;;1
02/08/2018;07:33:00;170;sem vítima;138,5;BR-116/SP;Pista Sul;Colisão Traseira;2;2;;;;;1
02/08/2018;08:28:00;226;sem vítima;134,3000030517578;BR-116/SP;Pista Sul;Colisão Traseira;2;2;;;;;1
02/08/2018;15:55:00;532;sem vítima;215;BR-116/SP;Pista Norte;Engavetamento;1;3;;;;;1
02/08/2018;16:08:00;542;sem vítima;76,19999694824219;BR-116/SP;Pista Norte;Abalroamento Longitudinal;1;2;;;;;1
02/08/2018;18:11:00;630;sem vítima;250,3000030517578;BR-116/RJ;Pista Norte;Atropelamento de Animal;1;1;;;;;1
02/08/2018;20:32:00;705;com vítima;175,4499969482422;BR-116/RJ;Pista Sul;Engavetamento;3;8;5;;;;1
03/08/2018;00:40:00;28;sem vítima;184,3000030517578;BR-116/SP;Pista Norte;Atropelamento de Animal;1;1;;;;;1
03/08/2018;03:34:00;59;com vítima;228,1999969482422;BR-116/RJ;Pista Norte;Colisão Traseira;2;1;1;;;;1
03/08/2018;03:52:00;63;com vítima;265,3999938964844;BR-116/RJ;Pista Norte;Colisão Frontal;1;1;1;;;;1
03/08/2018;05:40:00;85;sem vítima;157,89999389648438;BR-116/SP;Pista Norte;Colisão Traseira;1;2;;;;;1
03/08/2018;07:04:00;119;sem vítima;150;BR-116/SP;Pista Sul;Colisão Traseira;1;2;;;;;1
03/08/2018;08:17:00;208;sem vítima;226;BR-116/SP;Pista Sul;Colisão Traseira;1;2;;;;;1
03/08/2018;09:31:00;261;sem vítima;163,89999389648438;BR-116/SP;Pista Norte;Abalroamento Longitudinal;2;2;;;;;1
03/08/2018;10:01:00;283;sem vítima;162;BR-116/SP;Pista Sul;Colisão Traseira;2;2;;;;;1
03/08/2018;11:20:00;332;com vítima;268,79998779296875;BR-116/RJ;Pista Norte;Colisão Traseira;1;2;1;;;;1
03/08/2018;13:33:00;399;sem vítima;0,10000000149011612;BR-116/SP;Pista Sul;Colisão Traseira;1;8;;;;;1
03/08/2018;14:25:00;423;sem vítima;239,10000610351562;BR-116/RJ;Pista Norte;Colisão Traseira;2;2;;;;;1
03/08/2018;14:27:00;425;sem vítima;286,3999938964844;BR-116/RJ;Pista Norte;Choque em Barreira New Jersey;1;1;;;;;1
03/08/2018;16:12:00;491;sem vítima;65,30000305175781;BR-116/SP;Pista Sul;Choque em Barreira New Jersey;1;2;;;;;1
03/08/2018;17:00:00;526;sem vítima;246,6999969482422;BR-116/RJ;Pista Norte;Choque em Barreira New Jersey;1;3;;;;;1
03/08/2018;17:22:00;539;sem vítima;209,60000610351562;BR-116/RJ;Pista Sul;Abalroamento Longitudinal;1;2;;;;;1
03/08/2018;19:47:00;646;sem vítima;155;BR-116/SP;Pista Sul;Abalroamento Longitudinal;1;3;;;;;1
03/08/2018;20:08:00;664;sem vítima;218,6999969482422;BR-116/SP;Pista Sul;Engavetamento;1;4;;;;;1
03/08/2018;20:28:00;683;sem vítima;218;BR-116/SP;Pista Sul;Colisão Traseira;1;3;;;;;1
04/08/2018;07:42:00;155;sem vítima;82,0999984741211;BR-116/SP;Pista Sul;Colisão Traseira;1;2;;;;;1
06/08/2018;05:58:00;103;sem vítima;165,1999969482422;BR-116/SP;Pista Norte;Colisão Traseira;1;1;;;;;1
06/08/2018;10:50:00;369;sem vítima;228;BR-116/RJ;Pista Norte;Colisão Traseira;1;4;;;;;1
07/08/2018;01:03:00;36;sem vítima;46,599998474121094;BR-116/SP;Pista Sul;Abalroamento Longitudinal;2;2;;;;;1
07/08/2018;03:42:00;73;sem vítima;239,39999389648438;BR-116/RJ;Pista Sul;Choque em objeto fixo;1;1;;;;;1
08/08/2018;05:26:00;85;sem vítima;280,20001220703125;BR-116/RJ;Pista Norte;Choque em Barreira New Jersey;1;1;;;;;1
08/08/2018;05:42:00;89;sem vítima;225,39999389648438;BR-116/SP;Pista Sul;Abalroamento Longitudinal;1;4;;;;;1
08/08/2018;06:44:00;127;com vítima;257,6000061035156;BR-116/RJ;Pista Sul;Colisão Traseira;1;1;;1;1;1;3
08/08/2018;06:58:00;140;com vítima;180,3000030517578;BR-116/RJ;Pista Norte;Engavetamento;1;6;1;;;;1
08/08/2018;07:15:00;157;sem vítima;176,3000030517578;BR-116/RJ;Pista Sul;Colisão Traseira;2;2;;;;;1
08/08/2018;10:03:00;330;sem vítima;39,5;BR-116/SP;Pista Norte;Abalroamento Longitudinal;1;2;;;;;1
08/08/2018;11:05:00;373;sem vítima;258,6000061035156;BR-116/RJ;Pista Sul;Outros;1;1;;;;;1
08/08/2018;15:04:00;529;sem vítima;243,9499969482422;BR-116/RJ;Pista Norte;Choque em objeto fixo;1;1;;;;;1
08/08/2018;17:50:00;641;com vítima;216,5;BR-116/SP;Pista Sul;Engavetamento;2;5;1;;;;1
08/08/2018;19:35:00;724;com vítima;210;BR-116/RJ;Pista Sul;Atropelamento de Pedestre Atravessando;1;1;;1;;;2
08/08/2018;21:55:00;787;com vítima;134,60000610351562;BR-116/SP;Pista Sul;Colisão Traseira;2;2;1;;;;1
08/08/2018;22:39:00;796;com vítima;206,89999389648438;BR-116/SP;Pista Norte;Engavetamento;1;7;1;;;;1
08/08/2018;22:42:00;798;sem vítima;204,5;BR-116/SP;Pista Norte;Colisão Traseira;1;2;;;;;1
09/08/2018;05:04:00;91;sem vítima;254,6999969482422;BR-116/RJ;Pista Norte;Choque em objeto na pista;1;1;;;;;1
09/08/2018;05:58:00;107;sem vítima;246,3000030517578;BR-116/RJ;Pista Norte;Choque em objeto na pista;1;1;;;;;1
09/08/2018;06:46:00;125;sem vítima;24,75;BR-116/SP;Pista Norte;Colisão Traseira;2;2;;;;;1
09/08/2018;09:17:00;274;sem vítima;209,25;BR-116/SP;Pista Sul;Colisão Traseira;2;2;;;;;1
09/08/2018;13:19:00;437;sem vítima;177,1999969482422;BR-116/RJ;Pista Sul;Engavetamento;2;3;;;;;1
09/08/2018;16:58:00;599;com vítima;207,10000610351562;BR-116/RJ;Pista Norte;Atropelamento de Pedestre Atravessando;1;1;1;;;;1
09/08/2018;17:18:00;615;sem vítima;153;BR-116/SP;Pista Norte;Abalroamento Longitudinal;1;2;;;;;1
09/08/2018;17:21:00;617;sem vítima;269,1000061035156;BR-116/RJ;Pista Norte;Tombamento;1;2;;;;;1
09/08/2018;17:26:00;623;com vítima;301,3999938964844;BR-116/RJ;Pista Sul;Abalroamento Longitudinal;1;5;1;;;;1
09/08/2018;20:55:00;774;sem vítima;212,3000030517578;BR-116/SP;Pista Sul;Tombamento;1;1;;;;;1
10/08/2018;00:20:00;21;sem vítima;150,89999389648438;BR-116/SP;Pista Sul;Choque em veículo parado na pista;2;2;;;;;1
10/08/2018;01:10:00;43;com vítima;231,8000030517578;BR-116/RJ;Pista Norte;Choque Talude;1;0;2;;;;1
10/08/2018;05:36:00;106;sem vítima;224,89999389648438;BR-116/RJ;Pista Norte;Colisão Traseira;2;2;;;;;1
10/08/2018;06:43:00;135;com vítima;311,70001220703125;BR-116/RJ;Pista Norte;Colisão Traseira;1;1;1;;;;1
10/08/2018;10:01:00;313;sem vítima;219,60000610351562;BR-116/SP;Pista Sul;Colisão Traseira;2;3;;;;;1