data;horario;n_da_ocorrencia;tipo_de_ocorrencia;km;trecho;sentido;tipo_de_acidente;caminhao;ilesos;levemente_feridos;moderadamente_feridos;gravemente_feridos;mortos;3
10/08/2018;14:50:00;503;sem vítima;116,80000305175781;BR-116/SP;Pista Sul;Abalroamento Longitudinal;1;3;;;;;1
10/08/2018;15:30:00;529;sem vítima;176;BR-116/RJ;Pista Sul;Abalroamento Longitudinal;1;4;;;;;1
10/08/2018;16:28:00;591;com vítima;146,60000610351562;BR-116/SP;Pista Norte;Abalroamento Longitudinal;1;1;1;;;;1
10/08/2018;17:35:00;652;sem vítima;166,5;BR-116/RJ;Pista Norte;Abalroamento Longitudinal;1;2;;;;;1
11/08/2018;03:46:00;79;com vítima;216,22000122070312;BR-116/SP;Pista Norte;Colisão Traseira;1;4;;;;1;3
11/08/2018;05:08:00;101;sem vítima;297,5;BR-116/RJ;Pista Sul;Colisão Traseira;1;2;;;;;1
11/08/2018;13:33:00;371;com vítima;64,5;BR-116/SP;Pista Sul;Tombamento;1;0;;;;1;3
11/08/2018;14:53:00;423;sem vítima;268,8999938964844;BR-116/RJ;Pista Norte;Colisão Traseira;1;2;;;;;1
11/08/2018;16:10:00;469;sem vítima;91,19999694824219;BR-116/SP;Pista Norte;Colisão Traseira;1;2;;;;;1
11/08/2018;16:46:00;491;sem vítima;165,1999969482422;BR-116/SP;Pista Sul;Colisão Traseira;1;5;;;;;1
13/08/2018;05:37:00;89;sem vítima;226;BR-116/SP;Pista Norte;Colisão Traseira;2;3;;;;;1
13/08/2018;08:44:00;252;sem vítima;10,5;BR-116/SP;Pista Norte;Abalroamento Longitudinal;1;3;;;;;1
13/08/2018;13:34:00;457;com vítima;236,1999969482422;BR-116/RJ;Pista Sul;Abalroamento Longitudinal;1;2;1;;;;1
13/08/2018;21:16:00;762;sem vítima;201;BR-116/SP;Pista Norte;Colisão Traseira;1;3;;;;;1
14/08/2018;00:37:00;26;sem vítima;126,80000305175781;BR-116/SP;Pista Norte;Colisão Traseira;1;2;;;;;1
14/08/2018;05:39:00;98;sem vítima;186;BR-116/SP;Pista Norte;Choque em objeto fixo;1;1;;;;;1
14/08/2018;05:52:00;103;sem vítima;58,599998474121094;BR-116/SP;Pista Norte;Colisão Traseira;1;2;;;;;1
14/08/2018;09:44:00;303;sem vítima;266,79998779296875;BR-116/RJ;Pista Norte;Choque em Barreira New Jersey;1;2;;;;;1
14/08/2018;18:24:00;636;com vítima;146,10000610351562;BR-116/SP;Pista Norte;Colisão Traseira;1;2;1;;;;1
14/08/2018;18:41:00;642;sem vítima;104,5999984741211;BR-116/SP;Pista Norte;Abalroamento Longitudinal;1;4;;;;;1
14/08/2018;21:49:00;745;sem vítima;145,60000610351562;BR-116/SP;Pista Norte;Abalroamento Longitudinal;1;3;;;;;1
15/08/2018;07:17:00;179;sem vítima;72,80000305175781;BR-116/SP;Pista Norte;Abalroamento Longitudinal;1;2;;;;;1
15/08/2018;07:58:00;222;sem vítima;85,0999984741211;BR-116/SP;Pista Sul;Abalroamento Longitudinal;1;2;;;;;1
15/08/2018;15:18:00;566;sem vítima;318,010009765625;BR-116/RJ;Pista Sul;Outros;1;1;;;;;1
15/08/2018;16:33:00;615;com vítima;7,650000095367432;BR-116/SP;Pista Sul;Abalroamento Longitudinal;1;1;1;;;;1
15/08/2018;16:56:00;628;sem vítima;212;BR-116/SP;Pista Sul;Colisão Traseira;1;2;;;;;1
15/08/2018;18:21:00;683;com vítima;208;BR-116/SP;Pista Sul;Abalroamento Longitudinal;1;93;3;;;;1
15/08/2018;22:21:00;817;sem vítima;278,79998779296875;BR-116/RJ;Pista Sul;Choque em objeto na pista;1;2;;;;;1
16/08/2018;14:21:00;517;sem vítima;102,4000015258789;BR-116/SP;Pista Sul;Outros;1;1;;;;;1
16/08/2018;16:24:00;604;sem vítima;176,10000610351562;BR-116/RJ;Pista Sul;Colisão Traseira;1;2;;;;;1
16/08/2018;17:13:00;637;sem vítima;163,4499969482422;BR-116/SP;Pista Sul;Queda de ribanceira;1;2;;;;;1
16/08/2018;17:37:00;650;sem vítima;137,5500030517578;BR-116/SP;Pista Sul;Colisão Traseira;2;3;;;;;1
16/08/2018;18:44:00;711;sem vítima;104,94999694824219;BR-116/SP;Pista Sul;Abalroamento Longitudinal;1;4;;;;;1
16/08/2018;21:05:00;787;com vítima;278,70001220703125;BR-116/RJ;Pista Norte;Choque em objeto na pista;2;1;1;1;1;1;3
17/08/2018;02:40:00;70;sem vítima;278,70001220703125;BR-116/RJ;Pista Norte;Colisão Traseira;2;2;;;;;1
17/08/2018;02:47:00;73;sem vítima;223,60000610351562;BR-116/RJ;Pista Norte;Choque em objeto fixo;1;1;;;;;1
17/08/2018;04:43:00;103;sem vítima;38,400001525878906;BR-116/SP;Pista Norte;Queda de ribanceira;1;1;;;;;1
17/08/2018;05:44:00;117;sem vítima;238,5;BR-116/RJ;Pista Norte;Choque Talude;1;1;;;;;1
17/08/2018;05:50:00;118;sem vítima;31,899999618530273;BR-116/SP;Pista Norte;Colisão Traseira;2;3;;;;;1
17/08/2018;13:48:00;448;sem vítima;141,77000427246094;BR-116/SP;Pista Norte;Engavetamento;2;5;;;;;1
17/08/2018;13:52:00;452;sem vítima;223,89999389648438;BR-116/RJ;Pista Norte;Choque em veículo parado na pista;1;2;;;;;1
17/08/2018;14:44:00;486;sem vítima;223,8000030517578;BR-116/SP;Pista Sul;Colisão Traseira;1;2;;;;;1
18/08/2018;09:26:00;217;sem vítima;166,10000610351562;BR-116/RJ;Pista Sul;Colisão Traseira;2;6;;;;;1
19/08/2018;02:25:00;52;com vítima;214,4499969482422;BR-116/SP;Pista Norte;Queda de moto;1;1;;;1;;2
19/08/2018;02:31:00;54;com vítima;229,10000610351562;BR-116/SP;Pista Norte;Colisão Traseira;1;1;1;;;;1
19/08/2018;12:17:00;272;sem vítima;318,8999938964844;BR-116/RJ;Pista Sul;Colisão Traseira;1;2;;;;;1
19/08/2018;18:38:00;499;sem vítima;304,29998779296875;BR-116/RJ;Pista Sul;Abalroamento Longitudinal;1;2;;;;;1
19/08/2018;21:46:00;598;com vítima;75;BR-116/SP;Pista Sul;Colisão Traseira;1;1;;;1;;2
19/08/2018;21:51:00;600;sem vítima;208;BR-116/SP;Pista Sul;Colisão Traseira;1;5;;;;;1
20/08/2018;01:45:00;43;sem vítima;313;BR-116/RJ;Pista Sul;Choque em Barreira New Jersey;1;1;;;;;1
20/08/2018;07:00:00;162;sem vítima;247,3000030517578;BR-116/RJ;Pista Norte;Colisão Traseira;2;2;;;;;1
20/08/2018;07:53:00;212;sem vítima;310,79998779296875;BR-116/RJ;Pista Norte;Queda de ribanceira;1;1;;;;;1
20/08/2018;12:15:00;416;sem vítima;97,0999984741211;BR-116/SP;Pista Norte;Choque em objeto na pista;1;1;;;;;1
20/08/2018;13:41:00;472;sem vítima;169;BR-116/RJ;Pista Sul;Abalroamento Longitudinal;1;2;;;;;1
20/08/2018;19:04:00;709;sem vítima;136;BR-116/SP;Pista Sul;Queda de ribanceira;1;1;;;;;1
20/08/2018;19:24:00;727;sem vítima;176,1999969482422;BR-116/RJ;Pista Sul;Abalroamento Longitudinal;1;2;;;;;1
20/08/2018;23:51:00;853;sem vítima;126,69999694824219;BR-116/SP;Pista Norte;Abalroamento Longitudinal;1;2;;;;;1
21/08/2018;04:00:00;76;sem vítima;155;BR-116/SP;Pista Sul;Abalroamento Longitudinal;1;2;;;;;1
21/08/2018;04:17:00;82;com vítima;150,89999389648438;BR-116/SP;Pista Norte;Colisão Traseira;1;1;1;;;;1
21/08/2018;11:19:00;412;com vítima;70;BR-116/SP;Pista Norte;Colisão Traseira;1;1;2;;;;1
22/08/2018;03:09:00;49;sem vítima;242,39999389648438;BR-116/RJ;Pista Norte;Tombamento;1;3;;;;;1
22/08/2018;04:47:00;74;sem vítima;228,4199981689453;BR-116/SP;Pista Sul;Colisão Traseira;1;3;;;;;1
22/08/2018;09:00:00;261;sem vítima;214,8000030517578;BR-116/SP;Pista Norte;Tombamento;1;1;;;;;1
22/08/2018;11:59:00;369;sem vítima;107,19999694824219;BR-116/SP;Pista Sul;Abalroamento Longitudinal;1;2;;;;;1
23/08/2018;03:06:00;53;sem vítima;211;BR-116/SP;Pista Norte;Colisão Traseira;2;2;;;;;1
23/08/2018;10:32:00;363;sem vítima;204,5;BR-116/SP;Pista Sul;Colisão Traseira;2;2;;;;;1
23/08/2018;11:01:00;386;sem vítima;163,1999969482422;BR-116/RJ;Pista Sul;Abalroamento Longitudinal;1;2;;;;;1
23/08/2018;12:40:00;458;sem vítima;220,3000030517578;BR-116/RJ;Pista Sul;Tombamento;1;1;;;;;1
23/08/2018;13:36:00;492;sem vítima;151,39999389648438;BR-116/SP;Pista Sul;Abalroamento Longitudinal;1;3;;;;;1
23/08/2018;15:49:00;584;sem vítima;182,3000030517578;BR-116/SP;Pista Norte;Colisão Traseira;2;2;;;;;1
23/08/2018;20:06:00;757;sem vítima;221,6999969482422;BR-116/RJ;Pista Sul;Abalroamento Longitudinal;2;2;;;;;1
23/08/2018;20:52:00;784;sem vítima;172,8000030517578;BR-116/SP;Pista Sul;Choque em objeto fixo;1;1;;;;;1
23/08/2018;23:15:00;836;sem vítima;23;BR-116/SP;Pista Norte;Colisão Traseira;1;1;;;;;1
24/08/2018;01:01:00;23;com vítima;190,60000610351562;BR-116/SP;Pista Norte;Atropelamento de Pedestre Atravessando;1;3;;;1;;2
24/08/2018;07:36:00;194;sem vítima;223;BR-116/RJ;Pista Norte;Colisão Traseira;2;3;;;;;1
24/08/2018;07:49:00;215;sem vítima;165,1999969482422;BR-116/SP;Pista Sul;Colisão Traseira;2;2;;;;;1
24/08/2018;08:34:00;255;sem vítima;138,5;BR-116/SP;Pista Sul;Colisão Traseira;2;2;;;;;1
24/08/2018;09:11:00;285;com vítima;134,8000030517578;BR-116/SP;Pista Sul;Engavetamento;1;5;1;;;;1
24/08/2018;11:42:00;394;sem vítima;165,1999969482422;BR-116/SP;Pista Norte;Colisão Traseira;1;2;;;;;1
24/08/2018;12:09:00;418;sem vítima;185,8000030517578;BR-116/RJ;Pista Sul;Abalroamento Longitudinal;1;2;;;;;1
24/08/2018;13:56:00;495;sem vítima;226;BR-116/SP;Pista Sul;Abalroamento Longitudinal;1;3;;;;;1
24/08/2018;16:12:00;606;com vítima;222,5;BR-116/RJ;Pista Norte;Tombamento;1;13;1;;;;1
24/08/2018;17:19:00;655;sem vítima;135,89999389648438;BR-116/SP;Pista Sul;Engavetamento;2;3;;;;;1
25/08/2018;07:07:00;123;sem vítima;98,20999908447266;BR-116/SP;Pista Norte;Choque em Barreira New Jersey;1;1;;;;;1
25/08/2018;07:43:00;144;sem vítima;147;BR-116/SP;Pista Norte;Abalroamento Longitudinal;1;4;;;;;1
25/08/2018;08:48:00;189;com vítima;96,0999984741211;BR-116/SP;Pista Sul;Abalroamento Longitudinal;1;2;1;;;;1
25/08/2018;09:27:00;208;sem vítima;214,3000030517578;BR-116/SP;Pista Norte;Engavetamento;1;6;;;;;1
25/08/2018;10:52:00;249;sem vítima;237;BR-116/RJ;Pista Norte;Choque em objeto fixo;1;1;;;;;1
25/08/2018;15:12:00;387;sem vítima;76;BR-116/SP;Pista Sul;Colisão Traseira;1;3;;;;;1
26/08/2018;11:35:00;265;sem vítima;218;BR-116/SP;Pista Norte;Choque em Barreira New Jersey;1;2;;;;;1
26/08/2018;12:27:00;287;sem vítima;135,64999389648438;BR-116/SP;Pista Sul;Tombamento;1;1;;;;;1
26/08/2018;15:08:00;357;com vítima;226;BR-116/SP;Pista Sul;Colisão Traseira;1;1;1;;;;1
26/08/2018;23:03:00;562;sem vítima;13,5;BR-116/SP;Pista Norte;Abalroamento Longitudinal;2;3;;;;;1
27/08/2018;07:51:00;160;sem vítima;218,6999969482422;BR-116/SP;Pista Norte;Abalroamento Longitudinal;1;4;;;;;1
27/08/2018;09:37:00;265;com vítima;183;BR-116/SP;Pista Norte;Colisão Traseira;1;1;;2;;;2
27/08/2018;10:16:00;295;sem vítima;230;BR-116/SP;Pista Sul;Engavetamento;2;5;;;;;1
27/08/2018;13:08:00;401;sem vítima;189,10000610351562;BR-116/RJ;Pista Sul;Choque em objeto na pista;2;2;;;;;1
27/08/2018;23:02:00;720;com vítima;22,200000762939453;BR-116/SP;Pista Sul;Choque em Barreira New Jersey;1;0;;1;;;2
28/08/2018;05:53:00;86;sem vítima;203,8000030517578;BR-116/RJ;Pista Sul;Queda de ribanceira;1;1;;;;;1
28/08/2018;09:37:00;266;sem vítima;96,30000305175781;BR-116/SP;Pista Norte;Colisão Traseira;1;2;;;;;1
28/08/2018;14:45:00;435;com vítima;206,1999969482422;BR-116/RJ;Pista Sul;Tombamento;1;0;;1;;;2
28/08/2018;17:52:00;567;sem vítima;135;BR-116/SP;Pista Sul;Abalroamento Longitudinal;1;2;;;;;1
28/08/2018;23:53:00;749;sem vítima;194,8000030517578;BR-116/SP;Pista Norte;Colisão Traseira;1;3;;;;;1
29/08/2018;02:45:00;57;sem vítima;162,1999969482422;BR-116/SP;Pista Norte;Choque em Defensa;1;1;;;;;1
29/08/2018;08:05:00;204;sem vítima;271,20001220703125;BR-116/RJ;Pista Sul;Abalroamento Longitudinal;1;4;;;;;1
29/08/2018;13:28:00;458;sem vítima;165,1999969482422;BR-116/SP;Pista Norte;Outros;1;1;;;;;1
29/08/2018;14:20:00;498;sem vítima;166,60000610351562;BR-116/SP;Pista Norte;Engavetamento;3;3;;;;;1
29/08/2018;14:29:00;505;sem vítima;167,8000030517578;BR-116/SP;Pista Norte;Colisão Traseira;1;2;;;;;1
29/08/2018;14:56:00;527;sem vítima;208,5;BR-116/RJ;Pista Norte;Colisão Traseira;1;2;;;;;1
29/08/2018;16:57:00;616;sem vítima;128;BR-116/SP;Pista Sul;Abalroamento Longitudinal;1;3;;;;;1
30/08/2018;09:15:00;280;sem vítima;223,6999969482422;BR-116/RJ;Pista Norte;Choque em objeto fixo;1;1;;;;;1
30/08/2018;11:23:00;371;sem vítima;311,79998779296875;BR-116/RJ;Pista Norte;Queda de ribanceira;1;1;;;;;1
30/08/2018;16:16:00;578;sem vítima;220;BR-116/SP;Pista Sul;Choque em objeto fixo;1;1;;;;;1
31/08/2018;00:59:00;35;sem vítima;182,39999389648438;BR-116/SP;Pista Norte;Colisão Traseira;1;2;;;;;1
31/08/2018;07:19:00;170;sem vítima;209,39999389648438;BR-116/SP;Pista Sul;Colisão Traseira;1;2;;;;;1
31/08/2018;08:23:00;241;sem vítima;134,6999969482422;BR-116/SP;Pista Sul;Colisão Traseira;2;2;;;;;1
31/08/2018;14:59:00;536;com vítima;330,1000061035156;BR-116/RJ;Pista Sul;Abalroamento Longitudinal;1;1;;;2;;2
31/08/2018;16:21:00;605;sem vítima;163,6999969482422;BR-116/RJ;Pista Norte;Colisão Traseira;1;2;;;;;1
31/08/2018;17:59:00;679;sem vítima;166,5;BR-116/RJ;Pista Sul;Abalroamento Longitudinal;1;2;;;;;1
31/08/2018;20:54:00;789;sem vítima;137;BR-116/SP;Pista Sul;Engavetamento;1;3;;;;;1
01/09/2018;04:01:00;78;com vítima;210,7;BR-116/SP;Pista Norte;Colisão traseira;1;1;0;1;0;0;2
01/09/2018;13:32:00;402;com vítima;102;BR-116/SP;Pista Norte;Colisão traseira;1;3;1;0;0;0;1
01/09/2018;20:33:00;666;sem vítima;201;BR-116/SP;Pista Norte;Abalroamento longitudinal;1;4;0;0;0;0;1
01/09/2018;23:26:00;710;com vítima;275,6;BR-116/RJ;Pista Norte;Colisão traseira;1;4;1;0;0;0;1
02/09/2018;12:21:00;256;com vítima;22,5;BR-116/SP;Pista Sul;Queda de Carga;1;0;1;0;0;0;1
02/09/2018;14:28:00;327;sem vítima;22,63;BR-116/SP;Pista Norte;Choque em objeto fixo;1;1;0;0;0;0;1
03/09/2018;08:29:00;240;sem vítima;216,5;BR-116/SP;Pista Sul;Choque em barreira New Jersey;1;1;0;0;0;0;1
03/09/2018;20:39:00;767;sem vítima;318,6;BR-116/RJ;Pista Sul;Colisão traseira;1;2;0;0;0;0;1
04/09/2018;00:40:00;27;sem vítima;223,6;BR-116/RJ;Pista Sul;Choque em objeto fixo;1;1;0;0;0;0;1
04/09/2018;00:53:00;31;com vítima;239,5;BR-116/RJ;Pista Norte;Colisão traseira;2;1;0;1;0;0;2
04/09/2018;02:08:00;38;sem vítima;239,5;BR-116/RJ;Pista Norte;Choque em barreira New Jersey;1;2;0;0;0;0;1
04/09/2018;02:51:00;49;com vítima;191,45;BR-116/SP;Pista Norte;Outros;1;0;1;0;0;0;1
04/09/2018;09:02:00;248;sem vítima;206,5;BR-116/SP;Pista Sul;Choque em objeto fixo;1;1;0;0;0;0;1
04/09/2018;09:40:00;287;sem vítima;167,2;BR-116/SP;Pista Norte;Choque em barreira New Jersey;1;1;0;0;0;0;1
04/09/2018;11:14:00;347;sem vítima;116,6;BR-116/SP;Pista Norte;Choque Talude;1;2;0;0;0;0;1
04/09/2018;13:04:00;410;com vítima;235,3;BR-116/RJ;Pista Sul;Choque em objeto fixo;1;0;1;0;0;0;1
04/09/2018;18:53:00;639;sem vítima;165,8;BR-116/SP;Pista Sul;Abalroamento longitudinal;1;3;0;0;0;0;1
04/09/2018;22:31:00;739;sem vítima;222,6;BR-116/RJ;Pista Norte;Tombamento;1;1;0;0;0;0;1
05/09/2018;10:17:00;328;sem vítima;156;BR-116/SP;Pista Norte;Abalroamento longitudinal;1;2;0;0;0;0;1
05/09/2018;19:29:00;681;com vítima;126,52;BR-116/SP;Pista Sul;Atropelamento de pedestre caminhando;1;1;0;0;0;1;3
06/09/2018;01:25:00;36;sem vítima;171;BR-116/RJ;Pista Norte;Colisão traseira;1;2;0;0;0;0;1
06/09/2018;03:39:00;71;sem vítima;216,7;BR-116/RJ;Pista Sul;Colisão traseira;1;2;0;0;0;0;1
06/09/2018;13:08:00;455;sem vítima;145;BR-116/SP;Pista Sul;Abalroamento longitudinal;2;2;0;0;0;0;1
06/09/2018;14:38:00;502;sem vítima;175,9;BR-116/RJ;Pista Sul;Colisão traseira;1;2;0;0;0;0;1
06/09/2018;19:27:00;739;sem vítima;162;BR-116/SP;Pista Norte;Engavetamento;1;14;0;0;0;0;1
07/09/2018;07:41:00;190;sem vítima;90,55;BR-116/SP;Pista Norte;Colisão traseira;1;6;0;0;0;0;1
07/09/2018;07:48:00;195;com vítima;149,1;BR-116/SP;Pista Norte;Engavetamento;1;45;2;0;0;0;1
07/09/2018;08:49:00;247;sem vítima;201,7;BR-116/RJ;Pista Sul;Colisão traseira;1;6;0;0;0;0;1
07/09/2018;12:06:00;397;sem vítima;22,63;BR-116/SP;Pista Sul;Abalroamento longitudinal;1;6;0;0;0;0;1
08/09/2018;16:10:00;365;sem vítima;163;BR-116/RJ;Pista Norte;Colisão traseira;1;2;0;0;0;0;1
09/09/2018;08:42:00;168;sem vítima;224,6;BR-116/RJ;Pista Norte;Abalroamento longitudinal;2;2;0;0;0;0;1
09/09/2018;11:11:00;248;sem vítima;227;BR-116/SP;Pista Norte;Choque em defensa;1;1;0;0;0;0;1
09/09/2018;16:19:00;455;com vítima;323,6;BR-116/RJ;Pista Norte;Abalroamento longitudinal;1;6;1;0;0;0;1
10/09/2018;00:12:00;20;sem vítima;108,8;BR-116/SP;Pista Norte;Colisão traseira;1;0;0;0;0;0;1
10/09/2018;10:54:00;388;sem vítima;75,9;BR-116/SP;Pista Sul;Colisão traseira;1;2;0;0;0;0;1
10/09/2018;15:03:00;536;sem vítima;180,8;BR-116/RJ;Pista Norte;Colisão traseira;1;3;0;0;0;0;1
10/09/2018;15:23:00;542;sem vítima;138;BR-116/SP;Pista Sul;Abalroamento longitudinal;1;3;0;0;0;0;1
10/09/2018;18:48:00;675;com vítima;310,38;BR-116/RJ;Pista Norte;Outros;1;2;0;0;0;1;3
10/09/2018;20:30:00;736;sem vítima;170;BR-116/RJ;Pista Sul;Abalroamento longitudinal;1;2;0;0;0;0;1
11/09/2018;03:13:00;43;com vítima;116,9;BR-116/SP;Pista Sul;Colisão traseira;1;2;1;0;0;0;1
11/09/2018;03:23:00;44;com vítima;42,1;BR-116/SP;Pista Norte;Colisão traseira;2;1;0;1;0;0;2
11/09/2018;03:31:00;47;com vítima;223,95;BR-116/RJ;Pista Norte;Choque em objeto fixo;2;1;1;0;0;0;1
11/09/2018;08:26:00;215;sem vítima;224;BR-116/SP;Pista Sul;Colisão traseira;1;4;0;0;0;0;1
11/09/2018;10:37:00;337;sem vítima;147;BR-116/SP;Pista Sul;Abalroamento longitudinal;1;2;0;0;0;0;1
11/09/2018;15:24:00;518;sem vítima;110,4;BR-116/SP;Pista Norte;Abalroamento longitudinal;1;2;0;0;0;0;1
11/09/2018;21:45:00;728;sem vítima;161,92;BR-116/SP;Pista Sul;Choque em objeto na pista;1;1;0;0;0;0;1
12/09/2018;05:45:00;111;sem vítima;211,5;BR-116/SP;Pista Sul;Abalroamento longitudinal;1;2;0;0;0;0;1
12/09/2018;07:04:00;169;sem vítima;271;BR-116/RJ;Pista Norte;Colisão traseira;1;4;0;0;0;0;1
12/09/2018;09:32:00;304;com vítima;219;BR-116/SP;Pista Sul;Engavetamento;2;3;1;0;0;0;1
12/09/2018;10:11:00;341;com vítima;208,25;BR-116/SP;Pista Sul;Colisão traseira;1;2;1;0;0;0;1
12/09/2018;11:09:00;383;com vítima;169;BR-116/SP;Pista Norte;Colisão traseira;1;2;0;2;0;0;2
12/09/2018;14:00:00;502;sem vítima;222,11;BR-116/RJ;Pista Sul;Colisão traseira;2;2;0;0;0;0;1
12/09/2018;16:22:00;604;com vítima;60,5;BR-116/SP;Pista Sul;Colisão traseira;1;1;0;1;0;0;2
13/09/2018;01:12:00;34;sem vítima;79,55;BR-116/SP;Pista Sul;Choque em defensa;1;1;0;0;0;0;1
13/09/2018;05:33:00;100;sem vítima;329,1;BR-116/RJ;Pista Norte;Choque em barreira New Jersey;1;1;0;0;0;0;1
13/09/2018;08:42:00;254;sem vítima;139,4;BR-116/SP;Pista Sul;Choque em barreira New Jersey;1;1;0;0;0;0;1
13/09/2018;14:46:00;478;sem vítima;86,9;BR-116/SP;Pista Sul;Colisão traseira;1;2;0;0;0;0;1
13/09/2018;15:41:00;499;sem vítima;224,9;BR-116/SP;Pista Sul;Abalroamento longitudinal;1;2;0;0;0;0;1
13/09/2018;19:58:00;712;sem vítima;271;BR-116/RJ;Pista Norte;Engavetamento;1;3;0;0;0;0;1
13/09/2018;22:08:00;762;sem vítima;224,4;BR-116/SP;Pista Norte;Choque em defensa;1;2;0;0;0;0;1
14/09/2018;11:54:00;411;sem vítima;145;BR-116/SP;Pista Sul;Abalroamento longitudinal;1;2;0;0;0;0;1
14/09/2018;16:02:00;556;sem vítima;286,3;BR-116/RJ;Pista Norte;Choque em barreira New Jersey;1;2;0;0;0;0;1
14/09/2018;17:17:00;610;sem vítima;278,81;BR-116/RJ;Pista Sul;Choque em objeto na pista;1;2;0;0;0;0;1
14/09/2018;01:19:00;29;sem vítima;85,95;BR-116/SP;Pista Norte;Colisão traseira;1;2;0;0;0;0;1
14/09/2018;03:47:00;74;sem vítima;191,9;BR-116/RJ;Pista Sul;Choque em objeto na pista;1;1;0;0;0;0;1
14/09/2018;05:19:00;110;com vítima;297,4;BR-116/RJ;Pista Norte;Colisão traseira;1;1;1;0;0;0;1
14/09/2018;05:47:00;116;sem vítima;222,35;BR-116/RJ;Pista Norte;Colisão traseira;1;4;0;0;0;0;1
14/09/2018;05:47:00;118;sem vítima;221,7;BR-116/RJ;Pista Norte;Choque em veículo parado na pista;1;2;0;0;0;0;1
14/09/2018;06:33:00;142;sem vítima;154;BR-116/SP;Pista Norte;Abalroamento longitudinal;1;2;0;0;0;0;1
14/09/2018;07:46:00;200;sem vítima;241,2;BR-116/RJ;Pista Norte;Engavetamento;1;4;0;0;0;0;1
14/09/2018;17:59:00;636;sem vítima;65,05;BR-116/SP;Pista Sul;Colisão traseira;2;2;0;0;0;0;1
14/09/2018;21:53:00;769;com vítima;253,65;BR-116/RJ;Pista Norte;Queda de ribanceira;1;0;1;0;0;0;1
14/09/2018;23:28:00;801;sem vítima;184,2;BR-116/RJ;Pista Sul;Colisão traseira;1;4;0;0;0;0;1
15/09/2018;05:17:00;88;com vítima;217,9;BR-116/SP;Pista Norte;Colisão traseira;1;1;1;0;0;0;1
15/09/2018;05:27:00;91;sem vítima;165,2;BR-116/SP;Pista Norte;Colisão traseira;2;3;0;0;0;0;1
15/09/2018;07:04:00;141;sem vítima;206;BR-116/RJ;Pista Sul;Choque em objeto fixo;1;1;0;0;0;0;1
15/09/2018;11:40:00;318;sem vítima;165,2;BR-116/SP;Pista Sul;Abalroamento longitudinal;1;6;0;0;0;0;1
16/09/2018;20:19:00;519;sem vítima;180,8;BR-116/SP;Pista Sul;Engavetamento;1;3;0;0;0;0;1
17/09/2018;00:23:00;17;com vítima;303,9;BR-116/RJ;Pista Sul;Colisão traseira;1;2;0;1;0;0;2
17/09/2018;12:50:00;401;sem vítima;314,2;BR-116/RJ;Pista Sul;Choque em objeto na pista;1;1;0;0;0;0;1
17/09/2018;14:59:00;478;sem vítima;220,6;BR-116/RJ;Pista Sul;Abalroamento longitudinal;2;2;0;0;0;0;1
17/09/2018;17:26:00;569;com vítima;271;BR-116/RJ;Pista Sul;Colisão traseira;1;4;0;1;0;0;2
17/09/2018;17:49:00;580;sem vítima;154,7;BR-116/SP;Pista Norte;Colisão traseira;1;2;0;0;0;0;1
18/09/2018;07:43:00;190;sem vítima;223,2;BR-116/SP;Pista Norte;Abalroamento longitudinal;1;2;0;0;0;0;1
18/09/2018;08:55:00;246;com vítima;214,6;BR-116/SP;Pista Norte;Abalroamento longitudinal;1;1;1;0;0;0;1
18/09/2018;11:09:00;340;com vítima;227,1;BR-116/SP;Pista Sul;Colisão traseira;2;1;1;0;0;0;1
18/09/2018;12:59:00;395;sem vítima;168,2;BR-116/RJ;Pista Sul;Colisão traseira;1;2;0;0;0;0;1
18/09/2018;13:38:00;427;sem vítima;222;BR-116/SP;Pista Norte;Choque em barreira New Jersey;1;1;0;0;0;0;1
18/09/2018;18:21:00;611;sem vítima;266,3;BR-116/RJ;Pista Norte;Abalroamento longitudinal;1;2;0;0;0;0;1
18/09/2018;23:09:00;729;sem vítima;145,9;BR-116/SP;Pista Norte;Abalroamento longitudinal;1;3;0;0;0;0;1
19/09/2018;10:19:00;336;sem vítima;172,3;BR-116/RJ;Pista Norte;Colisão traseira;1;3;0;0;0;0;1
19/09/2018;21:01:00;816;sem vítima;224;BR-116/RJ;Pista Norte;Choque Talude;1;1;0;0;0;0;1
19/09/2018;22:42:00;850;com vítima;164;BR-116/RJ;Pista Sul;Colisão traseira;1;1;1;1;1;0;2
20/09/2018;13:08:00;418;sem vítima;12,2;BR-116/SP;Pista Norte;Abalroamento longitudinal;1;3;0;0;0;0;1
20/09/2018;11:44:00;386;sem vítima;230;BR-116/SP;Pista Sul;Colisão traseira;1;2;0;0;0;0;1
20/09/2018;16:17:00;516;com vítima;105,2;BR-116/SP;Pista Norte;Colisão traseira;1;1;0;1;0;0;2
20/09/2018;20:17:00;681;sem vítima;185,9;BR-116/RJ;Pista Norte;Choque em defensa;1;1;0;0;0;0;1