data;horario;n_da_ocorrencia;tipo_de_ocorrencia;km;trecho;sentido;tipo_de_acidente;caminhao;ilesos;levemente_feridos;moderadamente_feridos;gravemente_feridos;mortos;3
21/09/2018;01:49:00;47;com vítima;277,4;BR-116/RJ;Pista Norte;Queda de ribanceira;1;0;1;0;0;0;1
21/09/2018;07:58:00;192;sem vítima;65,4;BR-116/SP;Pista Sul;Abalroamento longitudinal;1;2;0;0;0;0;1
21/09/2018;10:45:00;352;sem vítima;151,69;BR-116/SP;Pista Sul;Abalroamento longitudinal;1;3;0;0;0;0;1
21/09/2018;18:50:00;690;sem vítima;267,1;BR-116/RJ;Pista Norte;Choque em objeto na pista;1;4;0;0;0;0;1
21/09/2018;21:19:00;782;com vítima;201;BR-116/RJ;Pista Sul;Colisão traseira;1;1;0;1;0;0;2
22/09/2018;05:20:00;86;com vítima;4,4;BR-116/SP;Pista Norte;Colisão traseira;2;1;0;1;0;0;2
22/09/2018;15:56:00;435;com vítima;109;BR-116/SP;Pista Sul;Colisão traseira;1;1;1;0;0;0;1
22/09/2018;16:59:00;475;com vítima;157,3;BR-116/SP;Pista Sul;Queda de moto;1;2;0;0;0;1;3
23/09/2018;03:57:00;73;sem vítima;224,35;BR-116/RJ;Pista Sul;Tombamento;1;1;0;0;0;0;1
23/09/2018;08:57:00;202;sem vítima;165,3;BR-116/SP;Pista Sul;Abalroamento longitudinal;1;5;0;0;0;0;1
23/09/2018;23:06:00;704;com vítima;209,8;BR-116/RJ;Pista Norte;Colisão traseira;1;1;2;0;0;0;1
24/09/2018;07:56:00;223;com vítima;182;BR-116/RJ;Pista Norte;Engavetamento;2;4;0;2;0;0;2
24/09/2018;09:50:00;317;sem vítima;264,9;BR-116/RJ;Pista Norte;Abalroamento longitudinal;1;3;0;0;0;0;1
24/09/2018;10:21:00;335;sem vítima;214,15;BR-116/SP;Pista Sul;Engavetamento;1;10;0;0;0;0;1
24/09/2018;13:20:00;456;sem vítima;86,4;BR-116/SP;Pista Norte;Colisão traseira;1;2;0;0;0;0;1
24/09/2018;15:10:00;536;sem vítima;303,8;BR-116/RJ;Pista Norte;Choque em defensa;1;1;0;0;0;0;1
24/09/2018;16:21:00;594;com vítima;303,9;BR-116/RJ;Pista Norte;Engavetamento;1;5;1;0;0;0;1
24/09/2018;18:05:00;677;sem vítima;145;BR-116/SP;Pista Sul;Colisão traseira;1;2;0;0;0;0;1
24/09/2018;19:31:00;746;sem vítima;222,4;BR-116/RJ;Pista Sul;Colisão traseira;1;2;0;0;0;0;1
25/09/2018;14:23:00;500;sem vítima;218;BR-116/SP;Pista Norte;Colisão traseira;1;4;0;0;0;0;1
25/09/2018;05:06:00;94;sem vítima;240,75;BR-116/RJ;Pista Sul;Choque em objeto fixo;1;1;0;0;0;0;1
25/09/2018;09:00:00;275;com vítima;267,7;BR-116/RJ;Pista Sul;Engavetamento;1;3;1;0;0;0;1
25/09/2018;09:40:00;313;com vítima;267,7;BR-116/RJ;Pista Sul;Colisão traseira;2;9;1;0;0;0;1
25/09/2018;22:23:00;798;sem vítima;183,95;BR-116/SP;Pista Norte;Choque em defensa;1;2;0;0;0;0;1
25/09/2018;22:30:00;800;sem vítima;298,8;BR-116/RJ;Pista Sul;Colisão traseira;1;4;0;0;0;0;1
26/09/2018;01:48:00;32;sem vítima;14;BR-116/SP;Pista Sul;Choque em objeto fixo;1;1;0;0;0;0;1
26/09/2018;02:33:00;38;sem vítima;188,3;BR-116/RJ;Pista Norte;Atropelamento de animal;1;1;0;0;0;0;1
26/09/2018;08:07:00;218;sem vítima;188;BR-116/RJ;Pista Norte;Colisão traseira;1;31;0;0;0;0;1
26/09/2018;10:03:00;337;sem vítima;154,1;BR-116/SP;Pista Sul;Colisão traseira;1;2;0;0;0;0;1
26/09/2018;11:27:00;406;sem vítima;205,8;BR-116/SP;Pista Sul;Colisão traseira;1;2;0;0;0;0;1
26/09/2018;17:40:00;671;com vítima;133,9;BR-116/SP;Pista Sul;Colisão traseira;2;4;1;0;0;0;1
27/09/2018;17:34:00;628;sem vítima;255,9;BR-116/RJ;Pista Norte;Engavetamento;1;3;0;0;0;0;1
27/09/2018;04:12:00;68;sem vítima;186,2;BR-116/SP;Pista Norte;Choque em objeto fixo;1;1;0;0;0;0;1
27/09/2018;13:29:00;474;sem vítima;178;BR-116/RJ;Pista Norte;Colisão traseira;1;12;0;0;0;0;1
27/09/2018;18:33:00;673;com vítima;235,7;BR-116/RJ;Pista Sul;Engavetamento;2;3;1;0;0;0;1
27/09/2018;21:17:00;752;com vítima;219,9;BR-116/SP;Pista Norte;Abalroamento longitudinal;1;1;1;0;0;0;1
28/09/2018;01:18:00;33;sem vítima;231,42;BR-116/SP;Pista Sul;Colisão traseira;2;2;0;0;0;0;1
28/09/2018;01:32:00;38;sem vítima;217,8;BR-116/RJ;Pista Norte;Choque em objeto fixo;1;1;0;0;0;0;1
28/09/2018;08:03:00;215;sem vítima;273,6;BR-116/RJ;Pista Norte;Colisão frontal;2;3;0;0;0;0;1
28/09/2018;12:06:00;428;sem vítima;146,6;BR-116/SP;Pista Norte;Tombamento;1;1;0;0;0;0;1
28/09/2018;15:30:00;561;sem vítima;68,3;BR-116/SP;Pista Sul;Abalroamento longitudinal;1;5;0;0;0;0;1
28/09/2018;15:50:00;577;sem vítima;176,1;BR-116/RJ;Pista Sul;Abalroamento longitudinal;1;3;0;0;0;0;1
28/09/2018;18:55:00;704;sem vítima;225,45;BR-116/SP;Pista Norte;Colisão traseira;1;2;0;0;0;0;1
28/09/2018;19:14:00;718;sem vítima;297;BR-116/RJ;Pista Sul;Abalroamento longitudinal;1;4;0;0;0;0;1
29/09/2018;07:17:00;146;com vítima;9,95;BR-116/SP;Pista Norte;Choque em defensa;1;0;0;0;0;1;3
29/09/2018;09:12:00;228;sem vítima;224,72;BR-116/SP;Pista Sul;Colisão traseira;1;4;0;0;0;0;1
29/09/2018;14:48:00;446;sem vítima;165,2;BR-116/SP;Pista Sul;Abalroamento longitudinal;1;2;0;0;0;0;1
29/09/2018;15:29:00;471;com vítima;226,2;BR-116/RJ;Pista Sul;Choque em objeto fixo;1;0;1;0;0;0;1
01/11/2018;00:13:00;18;com vítima;62,2599983215332;BR-116/SP;Pista Norte;Colisão Traseira;2;2;1;;;;1
01/11/2018;06:06:00;108;sem vítima;146,8000030517578;BR-116/SP;Pista Norte;Abalroamento Longitudinal;2;2;;;;;1
01/11/2018;07:21:00;166;sem vítima;227,8000030517578;BR-116/RJ;Pista Norte;Engavetamento;3;3;;;;;1
01/11/2018;10:36:00;350;sem vítima;0,800000011920929;BR-116/SP;Pista Norte;Choque em Barreira New Jersey;1;1;;;;;1
01/11/2018;11:09:00;372;com vítima;69,9000015258789;BR-116/SP;Pista Sul;Queda de ribanceira;1;0;1;;;;1
01/11/2018;11:52:00;403;sem vítima;108,5999984741211;BR-116/SP;Pista Sul;Colisão Traseira;2;2;;;;;1
01/11/2018;12:52:00;440;com vítima;219,89999389648438;BR-116/SP;Pista Norte;Colisão Traseira;1;2;1;;;;1
01/11/2018;13:06:00;454;sem vítima;70,1500015258789;BR-116/SP;Pista Norte;Abalroamento Longitudinal;1;2;;;;;1
01/11/2018;14:28:00;512;com vítima;178,3000030517578;BR-116/RJ;Pista Sul;Abalroamento Longitudinal;1;1;;1;;;2
01/11/2018;16:38:00;612;sem vítima;165,1999969482422;BR-116/SP;Pista Sul;Colisão Traseira;1;3;;;;;1
01/11/2018;17:18:00;644;com vítima;283;BR-116/RJ;Pista Sul;Colisão Traseira;1;1;;1;;;2
02/11/2018;05:59:00;90;com vítima;23,200000762939453;BR-116/SP;Pista Sul;Abalroamento Longitudinal;1;1;3;2;;;2
02/11/2018;12:27:00;328;com vítima;242,10000610351562;BR-116/RJ;Pista Sul;Engavetamento;1;1;1;4;;;2
02/11/2018;18:22:00;500;com vítima;228;BR-116/SP;Pista Norte;Colisão Traseira;1;1;1;1;;;2
03/11/2018;00:17:00;17;com vítima;199,6999969482422;BR-116/RJ;Pista Norte;Queda de ribanceira;1;0;1;;;;1
03/11/2018;12:30:00;326;sem vítima;219,10000610351562;BR-116/SP;Pista Sul;Colisão Traseira;1;2;;;;;1
04/11/2018;05:17:00;75;sem vítima;207,5;BR-116/RJ;Pista Sul;Colisão Traseira;1;3;;;;;1
04/11/2018;11:29:00;223;sem vítima;109,9000015258789;BR-116/SP;Pista Norte;Colisão Traseira;1;5;;;;;1
04/11/2018;21:09:00;573;com vítima;76,1500015258789;BR-116/SP;Pista Norte;Abalroamento Longitudinal;1;4;1;;;;1
05/11/2018;01:00:00;26;sem vítima;70,30000305175781;BR-116/SP;Pista Sul;Choque em objeto na pista;1;4;;;;;1
05/11/2018;08:29:00;187;sem vítima;228;BR-116/SP;Pista Sul;Choque em Defensa;1;1;;;;;1
05/11/2018;09:51:00;254;sem vítima;185,35000610351562;BR-116/RJ;Pista Norte;Engavetamento;1;4;;;;;1
05/11/2018;10:43:00;288;sem vítima;207;BR-116/RJ;Pista Norte;Colisão Traseira;1;3;;;;;1
05/11/2018;10:46:00;290;com vítima;226,35000610351562;BR-116/RJ;Pista Sul;Abalroamento Longitudinal;1;1;1;;;;1
05/11/2018;19:44:00;659;sem vítima;263,20001220703125;BR-116/RJ;Pista Sul;Atropelamento de Animal;1;1;;;;;1
05/11/2018;22:53:00;743;sem vítima;22,700000762939453;BR-116/SP;Pista Norte;Colisão Traseira;2;2;;;;;1
05/11/2018;23:42:00;757;sem vítima;47,20000076293945;BR-116/SP;Pista Norte;Colisão Traseira;2;2;;;;;1
06/11/2018;00:04:00;15;com vítima;307,20001220703125;BR-116/RJ;Pista Norte;Abalroamento Longitudinal;2;2;2;;;;1
06/11/2018;06:03:00;81;sem vítima;190,39999389648438;BR-116/RJ;Pista Norte;Choque em Defensa;1;1;;;;;1
06/11/2018;06:43:00;104;sem vítima;38,5;BR-116/SP;Pista Norte;Choque em objeto fixo;1;1;;;;;1
06/11/2018;09:08:00;227;com vítima;298,3999938964844;BR-116/RJ;Pista Sul;Colisão Traseira;1;1;1;;;;1
07/11/2018;01:55:00;36;sem vítima;62,900001525878906;BR-116/SP;Pista Sul;Choque em Defensa;1;1;;;;;1
07/11/2018;01:59:00;37;sem vítima;325;BR-116/RJ;Pista Sul;Colisão Traseira;2;2;;;;;1
07/11/2018;03:53:00;57;sem vítima;207,5;BR-116/RJ;Pista Norte;Choque em objeto na pista;1;2;;;;;1
07/11/2018;09:08:00;250;sem vítima;277,8999938964844;BR-116/RJ;Pista Sul;Colisão Traseira;2;2;;;;;1
07/11/2018;09:57:00;304;sem vítima;191,83999633789062;BR-116/SP;Pista Norte;Choque em Barreira New Jersey;1;1;;;;;1
07/11/2018;10:19:00;315;sem vítima;164,8000030517578;BR-116/SP;Pista Sul;Colisão Traseira;2;2;;;;;1
07/11/2018;11:51:00;368;sem vítima;286,20001220703125;BR-116/RJ;Pista Sul;Colisão Traseira;2;2;;;;;1
07/11/2018;13:35:00;428;com vítima;305,5199890136719;BR-116/RJ;Pista Sul;Abalroamento Longitudinal;1;23;1;;;;1
07/11/2018;14:06:00;445;sem vítima;86,95099639892578;BR-116/SP;Pista Norte;Colisão Traseira;1;2;;;;;1
07/11/2018;15:26:00;493;sem vítima;142,5;BR-116/SP;Pista Sul;Outros;1;2;;;;;1
07/11/2018;16:00:00;523;sem vítima;145,3000030517578;BR-116/SP;Pista Norte;Colisão Traseira;2;2;;;;;1
07/11/2018;16:01:00;524;sem vítima;214,25;BR-116/SP;Pista Norte;Engavetamento;1;4;;;;;1
07/11/2018;18:48:00;666;sem vítima;191,6999969482422;BR-116/RJ;Pista Norte;Abalroamento Longitudinal;2;2;;;;;1
07/11/2018;18:51:00;669;sem vítima;162,1999969482422;BR-116/SP;Pista Norte;Choque em Defensa;2;2;;;;;1
07/11/2018;20:23:00;718;sem vítima;163;BR-116/SP;Pista Norte;Colisão Traseira;1;3;;;;;1
07/11/2018;22:14:00;757;sem vítima;162,1999969482422;BR-116/SP;Pista Norte;Abalroamento Longitudinal;1;3;;;;;1
08/11/2018;02:32:00;46;sem vítima;214;BR-116/SP;Pista Norte;Choque em objeto fixo;1;1;;;;;1
08/11/2018;05:21:00;73;sem vítima;165,10000610351562;BR-116/SP;Pista Norte;Abalroamento Longitudinal;1;53;;;;;1
08/11/2018;06:03:00;83;sem vítima;210,89999389648438;BR-116/SP;Pista Norte;Choque em objeto fixo;1;1;;;;;1
08/11/2018;07:40:00;144;com vítima;102,5;BR-116/SP;Pista Sul;Engavetamento;1;9;2;1;;;2
08/11/2018;08:50:00;198;sem vítima;135,89999389648438;BR-116/SP;Pista Sul;Choque em Barreira New Jersey;1;1;;;;;1
08/11/2018;10:45:00;280;com vítima;127,69999694824219;BR-116/SP;Pista Sul;Engavetamento;2;3;;3;;;2
08/11/2018;13:55:00;379;sem vítima;119,0999984741211;BR-116/SP;Pista Sul;Colisão Traseira;2;2;;;;;1
08/11/2018;14:35:00;407;sem vítima;228,60000610351562;BR-116/SP;Pista Sul;Engavetamento;2;7;;;;;1
08/11/2018;14:46:00;411;sem vítima;135;BR-116/SP;Pista Sul;Engavetamento;1;3;;;;;1
08/11/2018;15:06:00;431;sem vítima;313,3999938964844;BR-116/RJ;Pista Norte;Abalroamento Longitudinal;2;2;;;;;1
08/11/2018;16:10:00;476;sem vítima;127,0999984741211;BR-116/SP;Pista Sul;Colisão Traseira;1;3;;;;;1
08/11/2018;17:18:00;516;sem vítima;247,60000610351562;BR-116/RJ;Pista Norte;Choque em Barreira New Jersey;1;1;;;;;1
08/11/2018;18:47:00;596;sem vítima;307,29998779296875;BR-116/RJ;Pista Sul;Outros;1;2;;;;;1
08/11/2018;21:01:00;693;sem vítima;95,19999694824219;BR-116/SP;Pista Norte;Choque em objeto na pista;2;3;;;;;1
08/11/2018;23:58:00;759;sem vítima;166;BR-116/SP;Pista Sul;Colisão Traseira;1;2;;;;;1
09/11/2018;00:34:00;26;sem vítima;224,10000610351562;BR-116/RJ;Pista Norte;Choque Talude;1;1;;;;;1
09/11/2018;04:21:00;75;sem vítima;198,10000610351562;BR-116/SP;Pista Sul;Choque em veículo parado na pista;2;2;;;;;1
09/11/2018;07:08:00;157;com vítima;310,5;BR-116/RJ;Pista Norte;Abalroamento Longitudinal;1;1;1;;;;1
09/11/2018;08:42:00;253;com vítima;140;BR-116/SP;Pista Sul;Abalroamento Longitudinal;1;2;;1;;;2
09/11/2018;11:33:00;396;sem vítima;225,39999389648438;BR-116/SP;Pista Sul;Abalroamento Longitudinal;1;4;;;;;1
09/11/2018;11:40:00;401;com vítima;230;BR-116/SP;Pista Norte;Abalroamento Longitudinal;3;3;2;;;;1
09/11/2018;13:52:00;490;sem vítima;177;BR-116/RJ;Pista Sul;Engavetamento;1;4;;;;;1
09/11/2018;16:07:00;564;sem vítima;175,8000030517578;BR-116/RJ;Pista Sul;Abalroamento Longitudinal;1;2;;;;;1
09/11/2018;16:33:00;589;com vítima;212,10000610351562;BR-116/SP;Pista Sul;Colisão Traseira;1;1;1;;;;1
09/11/2018;17:29:00;630;com vítima;227,3000030517578;BR-116/RJ;Pista Norte;Choque em Barreira New Jersey;1;23;2;;;;1
09/11/2018;18:31:00;677;sem vítima;244,5;BR-116/RJ;Pista Norte;Colisão Traseira;2;2;;;;;1
09/11/2018;22:55:00;836;sem vítima;222,60000610351562;BR-116/SP;Pista Norte;Abalroamento Longitudinal;1;2;;;;;1
10/11/2018;10:22:00;297;sem vítima;307,20001220703125;BR-116/RJ;Pista Sul;Choque em objeto na pista;1;2;;;;;1
10/11/2018;11:17:00;329;sem vítima;238,89999389648438;BR-116/RJ;Pista Sul;Colisão Traseira;1;2;;;;;1
10/11/2018;14:14:00;429;sem vítima;291,69000244140625;BR-116/RJ;Pista Norte;Colisão Traseira;1;2;;;;;1
11/11/2018;12:36:00;322;sem vítima;146,6999969482422;BR-116/SP;Pista Norte;Abalroamento Longitudinal;1;6;;;;;1
11/11/2018;15:44:00;422;com vítima;98,80000305175781;BR-116/SP;Pista Norte;Colisão Traseira;1;1;;2;;;2
11/11/2018;17:12:00;470;sem vítima;163,3000030517578;BR-116/SP;Pista Norte;Choque em Defensa;1;2;;;;;1
11/11/2018;17:39:00;480;com vítima;90;BR-116/SP;Pista Sul;Abalroamento Longitudinal;1;1;;1;;;2
11/11/2018;18:06:00;495;com vítima;81,4000015258789;BR-116/SP;Pista Norte;Atropelamento de Pedestre Atravessando;1;1;;1;;;2
12/11/2018;00:57:00;29;com vítima;196,64999389648438;BR-116/RJ;Pista Sul;Colisão Traseira;1;3;1;;;;1
12/11/2018;04:50:00;70;com vítima;212,27999877929688;BR-116/SP;Pista Sul;Tombamento;1;1;;1;;;2
12/11/2018;07:51:00;186;com vítima;223,39999389648438;BR-116/RJ;Pista Norte;Choque Talude;1;0;2;;;;1
12/11/2018;08:47:00;233;sem vítima;138,1999969482422;BR-116/SP;Pista Sul;Colisão Traseira;1;2;;;;;1
12/11/2018;09:28:00;272;sem vítima;135,8000030517578;BR-116/SP;Pista Sul;Engavetamento;1;7;;;;;1
12/11/2018;12:40:00;398;sem vítima;264;BR-116/RJ;Pista Norte;Colisão Traseira;1;2;;;;;1
12/11/2018;16:37:00;565;com vítima;169,3000030517578;BR-116/SP;Pista Norte;Tombamento;1;0;1;;;;1
12/11/2018;20:23:00;737;sem vítima;37,20000076293945;BR-116/SP;Pista Norte;Choque em Defensa;1;1;;;;;1
12/11/2018;20:27:00;740;sem vítima;207,10000610351562;BR-116/RJ;Pista Sul;Colisão Traseira;2;2;;;;;1
12/11/2018;23:35:00;807;com vítima;186,89999389648438;BR-116/RJ;Pista Norte;Atropelamento de Animal;1;2;;1;;;2
13/11/2018;04:01:00;62;sem vítima;177;BR-116/SP;Pista Norte;Colisão Traseira;2;2;;;;;1
13/11/2018;05:31:00;80;sem vítima;118,19999694824219;BR-116/SP;Pista Norte;Colisão Traseira;1;2;;;;;1
13/11/2018;07:57:00;195;sem vítima;127,0999984741211;BR-116/SP;Pista Norte;Colisão Traseira;1;2;;;;;1
13/11/2018;08:00:00;198;com vítima;113,69999694824219;BR-116/SP;Pista Sul;Abalroamento Longitudinal;1;1;;1;;;2
13/11/2018;08:30:00;227;sem vítima;111,69999694824219;BR-116/SP;Pista Sul;Colisão Traseira;1;34;;;;;1
13/11/2018;10:59:00;343;sem vítima;108,30000305175781;BR-116/SP;Pista Sul;Colisão Traseira;1;4;;;;;1
13/11/2018;13:29:00;433;sem vítima;305,6000061035156;BR-116/RJ;Pista Sul;Abalroamento Longitudinal;1;2;;;;;1
13/11/2018;15:59:00;541;sem vítima;176;BR-116/RJ;Pista Sul;Abalroamento Longitudinal;1;2;;;;;1
13/11/2018;17:07:00;577;com vítima;200,10000610351562;BR-116/RJ;Pista Sul;Abalroamento Longitudinal;2;1;;1;;;2
13/11/2018;21:24:00;749;sem vítima;86,94999694824219;BR-116/SP;Pista Norte;Abalroamento Longitudinal;1;3;;;;;1
14/11/2018;03:38:00;62;sem vítima;219,60000610351562;BR-116/SP;Pista Sul;Capotamento;1;4;;;;;1
14/11/2018;05:29:00;90;com vítima;199,8000030517578;BR-116/SP;Pista Sul;Abalroamento Longitudinal;1;1;1;;;;1
14/11/2018;05:43:00;94;sem vítima;104,30000305175781;BR-116/SP;Pista Norte;Abalroamento Longitudinal;1;3;;;;;1
14/11/2018;06:26:00;117;sem vítima;116,19999694824219;BR-116/SP;Pista Norte;Choque em Barreira New Jersey;1;1;;;;;1
14/11/2018;09:26:00;274;sem vítima;47,70000076293945;BR-116/SP;Pista Sul;Colisão Traseira;1;2;;;;;1
14/11/2018;09:27:00;277;com vítima;164,89999389648438;BR-116/RJ;Pista Norte;Engavetamento;1;4;;1;;;2
14/11/2018;10:42:00;345;sem vítima;168,10000610351562;BR-116/RJ;Pista Sul;Colisão Traseira;1;2;;;;;1
14/11/2018;12:44:00;444;sem vítima;139,6999969482422;BR-116/SP;Pista Sul;Engavetamento;3;8;;;;;1
14/11/2018;15:42:00;583;com vítima;226;BR-116/SP;Pista Norte;Abalroamento Longitudinal;1;5;;;1;;2
14/11/2018;22:59:00;920;com vítima;99,5;BR-116/SP;Pista Sul;Abalroamento Longitudinal;1;3;1;;;;1
15/11/2018;03:19:00;61;com vítima;100,0199966430664;BR-116/SP;Pista Sul;Colisão Traseira;1;1;;;;2;3
15/11/2018;05:37:00;89;sem vítima;206,6999969482422;BR-116/SP;Pista Norte;Colisão Traseira;1;2;;;;;1
15/11/2018;08:14:00;207;sem vítima;225,1999969482422;BR-116/RJ;Pista Sul;Engavetamento;1;4;;;;;1
15/11/2018;09:27:00;257;sem vítima;127,5999984741211;BR-116/SP;Pista Norte;Abalroamento Longitudinal;1;2;;;;;1
15/11/2018;09:57:00;274;sem vítima;165,1999969482422;BR-116/SP;Pista Norte;Colisão Traseira;1;2;;;;;1
15/11/2018;12:26:00;375;com vítima;164,60000610351562;BR-116/RJ;Pista Norte;Colisão Traseira;1;1;1;;;;1
15/11/2018;13:58:00;430;com vítima;238,1999969482422;BR-116/RJ;Pista Norte;Abalroamento Longitudinal;1;1;1;1;;;2
15/11/2018;21:23:00;701;sem vítima;213;BR-116/SP;Pista Norte;Abalroamento Longitudinal;1;3;;;;;1
15/11/2018;21:25:00;702;sem vítima;318,8999938964844;BR-116/RJ;Pista Norte;Colisão Traseira;1;5;;;;;1
15/11/2018;21:47:00;715;com vítima;307,29998779296875;BR-116/RJ;Pista Norte;Abalroamento Longitudinal;1;1;1;;;;1
16/11/2018;03:42:00;57;com vítima;110,5;BR-116/SP;Pista Sul;Engavetamento;3;4;;;;1;3
16/11/2018;06:08:00;83;sem vítima;70,93000030517578;BR-116/SP;Pista Sul;Choque em Defensa;1;1;;;;;1
16/11/2018;09:04:00;193;sem vítima;240,1999969482422;BR-116/RJ;Pista Norte;Tombamento;2;2;;;;;1
16/11/2018;11:41:00;308;com vítima;202,10000610351562;BR-116/SP;Pista Sul;Colisão Traseira;2;1;1;;;;1
16/11/2018;14:45:00;391;sem vítima;204,5;BR-116/SP;Pista Norte;Colisão Traseira;2;2;;;;;1
17/11/2018;03:15:00;53;com vítima;239,6999969482422;BR-116/RJ;Pista Norte;Tombamento;1;1;2;;;;1
17/11/2018;05:12:00;72;sem vítima;271,55999755859375;BR-116/RJ;Pista Sul;Choque em Barreira New Jersey;2;3;;;;;1
17/11/2018;06:00:00;80;sem vítima;214,5;BR-116/SP;Pista Norte;Choque em Barreira New Jersey;1;1;;;;;1
17/11/2018;18:17:00;472;sem vítima;130;BR-116/SP;Pista Sul;Abalroamento Longitudinal;1;5;;;;;1
18/11/2018;08:22:00;156;sem vítima;216,5;BR-116/SP;Pista Sul;Colisão Traseira;1;2;;;;;1
18/11/2018;13:04:00;319;sem vítima;222,3000030517578;BR-116/RJ;Pista Norte;Choque em objeto fixo;1;1;;;;;1
18/11/2018;19:32:00;622;sem vítima;318;BR-116/RJ;Pista Norte;Colisão Traseira;1;4;;;;;1
18/11/2018;21:00:00;675;com vítima;143,4499969482422;BR-116/SP;Pista Norte;Tombamento;1;0;1;;;;1
19/11/2018;08:10:00;187;sem vítima;261,20001220703125;BR-116/RJ;Pista Norte;Choque em Barreira New Jersey;1;1;;;;;1
19/11/2018;08:25:00;200;sem vítima;144,60000610351562;BR-116/SP;Pista Norte;Choque em Barreira New Jersey;1;1;;;;;1
19/11/2018;09:53:00;256;com vítima;202;BR-116/SP;Pista Sul;Colisão Traseira;1;1;1;;;;1
19/11/2018;11:42:00;324;sem vítima;251,89999389648438;BR-116/RJ;Pista Sul;Abalroamento Longitudinal;1;3;;;;;1
19/11/2018;11:52:00;333;sem vítima;177,89999389648438;BR-116/RJ;Pista Norte;Choque em Barreira New Jersey;1;2;;;;;1
19/11/2018;13:06:00;376;sem vítima;274,3999938964844;BR-116/RJ;Pista Norte;Abalroamento Longitudinal;1;2;;;;;1
19/11/2018;16:46:00;494;sem vítima;205;BR-116/SP;Pista Sul;Colisão Traseira;1;2;;;;;1
19/11/2018;18:28:00;554;sem vítima;175;BR-116/RJ;Pista Sul;Engavetamento;1;3;;;;;1
19/11/2018;23:03:00;683;sem vítima;23,5;BR-116/SP;Pista Norte;Colisão Traseira;2;2;;;;;1
19/11/2018;23:36:00;686;sem vítima;187,6999969482422;BR-116/SP;Pista Sul;Colisão Traseira;1;2;;;;;1
20/11/2018;00:20:00;21;sem vítima;183;BR-116/SP;Pista Sul;Colisão Traseira;2;2;;;;;1
20/11/2018;15:17:00;406;com vítima;169,1999969482422;BR-116/SP;Pista Norte;Tombamento;1;0;1;;;;1
20/11/2018;17:07:00;472;sem vítima;110,80000305175781;BR-116/SP;Pista Norte;Abalroamento Longitudinal;1;3;;;;;1
20/11/2018;17:27:00;481;sem vítima;62,900001525878906;BR-116/SP;Pista Norte;Engavetamento;1;4;;;;;1
20/11/2018;18:30:00;516;sem vítima;71;BR-116/SP;Pista Norte;Choque em objeto fixo;1;1;;;;;1
20/11/2018;19:26:00;554;com vítima;278,3999938964844;BR-116/RJ;Pista Norte;Engavetamento;1;2;2;;;;1
20/11/2018;20:18:00;583;sem vítima;278;BR-116/RJ;Pista Norte;Abalroamento Longitudinal;1;2;;;;;1
21/11/2018;07:04:00;134;sem vítima;186,3000030517578;BR-116/SP;Pista Norte;Colisão Frontal;1;2;;;;;1
21/11/2018;12:03:00;354;sem vítima;177;BR-116/RJ;Pista Sul;Abalroamento Longitudinal;1;3;;;;;1
21/11/2018;12:29:00;370;sem vítima;276,04998779296875;BR-116/RJ;Pista Norte;Choque em Defensa;1;1;;;;;1
21/11/2018;15:23:00;456;sem vítima;132,1999969482422;BR-116/SP;Pista Sul;Engavetamento;1;3;;;;;1
21/11/2018;17:01:00;521;sem vítima;237,1999969482422;BR-116/RJ;Pista Norte;Colisão Frontal;1;2;;;;;1
22/11/2018;04:16:00;83;sem vítima;0,800000011920929;BR-116/SP;Pista Norte;Colisão Traseira;2;2;;;;;1
22/11/2018;08:23:00;251;com vítima;145,10000610351562;BR-116/SP;Pista Sul;Queda de moto;1;1;1;;;;1
22/11/2018;09:47:00;320;sem vítima;141,3000030517578;BR-116/SP;Pista Sul;Abalroamento Longitudinal;1;3;;;;;1
23/11/2018;00:11:00;16;sem vítima;37,099998474121094;BR-116/SP;Pista Sul;Choque em veículo parado na pista;1;2;;;;;1
23/11/2018;08:51:00;218;sem vítima;224;BR-116/RJ;Pista Norte;Colisão Traseira;2;2;;;;;1
23/11/2018;17:03:00;575;sem vítima;193,39999389648438;BR-116/RJ;Pista Sul;Colisão Traseira;1;3;;;;;1
23/11/2018;18:05:00;627;sem vítima;163,1999969482422;BR-116/SP;Pista Sul;Queda de ribanceira;1;1;;;;;1
23/11/2018;18:07:00;629;sem vítima;220,3000030517578;BR-116/RJ;Pista Sul;Choque em objeto fixo;1;1;;;;;1