data;horario;n_da_ocorrencia;tipo_de_ocorrencia;km;trecho;sentido;tipo_de_acidente;caminhao;ilesos;levemente_feridos;moderadamente_feridos;gravemente_feridos;mortos;3
23/11/2018;20:22:00;742;sem vítima;109,30000305175781;BR-116/SP;Pista Sul;Colisão Traseira;1;6;;;;;1
23/11/2018;22:00:00;800;sem vítima;213;BR-116/SP;Pista Sul;Colisão Traseira;1;56;;;;;1
24/11/2018;03:44:00;60;com vítima;188,60000610351562;BR-116/RJ;Pista Sul;Colisão Traseira;1;1;;;;1;3
24/11/2018;05:25:00;75;sem vítima;223,3000030517578;BR-116/SP;Pista Sul;Choque em Defensa;1;1;;;;;1
24/11/2018;07:21:00;121;sem vítima;179;BR-116/SP;Pista Norte;Colisão Traseira;1;2;;;;;1
24/11/2018;10:29:00;282;sem vítima;166,5;BR-116/RJ;Pista Norte;Colisão Traseira;1;2;;;;;1
24/11/2018;11:56:00;340;com vítima;23,5;BR-116/SP;Pista Sul;Choque em Defensa;1;0;1;;;;1
24/11/2018;12:59:00;366;com vítima;221,1999969482422;BR-116/SP;Pista Sul;Engavetamento;1;3;1;;;;1
24/11/2018;19:30:00;589;sem vítima;272,79998779296875;BR-116/RJ;Pista Sul;Colisão Traseira;1;2;;;;;1
24/11/2018;21:55:00;650;sem vítima;274,29998779296875;BR-116/RJ;Pista Sul;Abalroamento Longitudinal;1;2;;;;;1
25/11/2018;12:42:00;278;com vítima;313,5;BR-116/RJ;Pista Norte;Colisão Traseira;1;1;;1;;;2
25/11/2018;20:29:00;530;com vítima;152,3000030517578;BR-116/SP;Pista Norte;Colisão Traseira;1;3;;;2;;2
25/11/2018;22:51:00;583;sem vítima;47,099998474121094;BR-116/SP;Pista Sul;Choque em Defensa;1;1;;;;;1
26/11/2018;06:24:00;104;com vítima;196,89999389648438;BR-116/RJ;Pista Norte;Tombamento;1;1;1;;;;1
26/11/2018;13:41:00;435;com vítima;182,3000030517578;BR-116/SP;Pista Norte;Engavetamento;3;2;1;;;;1
27/11/2018;01:05:00;27;sem vítima;204,60000610351562;BR-116/RJ;Pista Sul;Queda de ribanceira;1;1;;;;;1
27/11/2018;07:42:00;189;sem vítima;92,19999694824219;BR-116/SP;Pista Norte;Choque em objeto na pista;1;2;;;;;1
27/11/2018;14:42:00;483;sem vítima;109,5;BR-116/SP;Pista Norte;Abalroamento Longitudinal;1;3;;;;;1
27/11/2018;14:48:00;488;sem vítima;317,1000061035156;BR-116/RJ;Pista Norte;Choque em objeto na pista;1;1;;;;;1
27/11/2018;15:04:00;493;sem vítima;158;BR-116/SP;Pista Norte;Choque em Barreira New Jersey;2;2;;;;;1
27/11/2018;16:23:00;547;sem vítima;158;BR-116/SP;Pista Norte;Abalroamento Longitudinal;1;3;;;;;1
27/11/2018;19:00:00;656;sem vítima;150;BR-116/SP;Pista Norte;Colisão Traseira;2;2;;;;;1
28/11/2018;02:26:00;37;sem vítima;117;BR-116/SP;Pista Norte;Abalroamento Longitudinal;2;2;;;;;1
28/11/2018;05:46:00;75;sem vítima;112,30000305175781;BR-116/SP;Pista Sul;Choque em objeto na pista;1;1;;;;;1
28/11/2018;07:23:00;153;sem vítima;95,5999984741211;BR-116/SP;Pista Norte;Colisão Traseira;2;2;;;;;1
28/11/2018;08:49:00;234;com vítima;208,10000610351562;BR-116/SP;Pista Norte;Abalroamento Longitudinal;1;4;1;;;;1
28/11/2018;12:24:00;398;sem vítima;227;BR-116/SP;Pista Norte;Tombamento;1;1;;;;;1
28/11/2018;12:55:00;420;com vítima;99,19999694824219;BR-116/SP;Pista Norte;Engavetamento;4;2;1;;1;;2
28/11/2018;13:37:00;450;com vítima;131,3000030517578;BR-116/SP;Pista Sul;Colisão Traseira;2;1;;1;;;2
28/11/2018;13:54:00;464;com vítima;2,450000047683716;BR-116/SP;Pista Norte;Queda de ribanceira;1;0;;1;;;2
28/11/2018;14:24:00;475;com vítima;166,5;BR-116/RJ;Pista Norte;Abalroamento Longitudinal;1;1;1;;;;1
28/11/2018;16:53:00;589;sem vítima;43;BR-116/SP;Pista Sul;Engavetamento;1;5;;;;;1
28/11/2018;16:59:00;591;sem vítima;205,60000610351562;BR-116/RJ;Pista Sul;Colisão Traseira;1;4;;;;;1
28/11/2018;22:52:00;791;com vítima;199,5;BR-116/SP;Pista Sul;Colisão Traseira;2;1;1;;;;1
29/11/2018;02:16:00;50;sem vítima;226;BR-116/SP;Pista Norte;Colisão Traseira;1;3;;;;;1
29/11/2018;04:45:00;92;com vítima;4,900000095367432;BR-116/SP;Pista Norte;Colisão Traseira;2;0;2;;;;1
29/11/2018;05:24:00;101;com vítima;189,39999389648438;BR-116/RJ;Pista Norte;Queda de moto;1;1;;1;;;2
29/11/2018;07:59:00;237;com vítima;165,60000610351562;BR-116/RJ;Pista Norte;Colisão Traseira;1;1;;1;;;2
29/11/2018;09:29:00;347;com vítima;180,6999969482422;BR-116/RJ;Pista Norte;Colisão Traseira;1;3;;1;;;2
29/11/2018;09:32:00;349;sem vítima;253,35000610351562;BR-116/RJ;Pista Sul;Abalroamento Longitudinal;1;4;;;;;1
29/11/2018;18:03:00;699;com vítima;218;BR-116/SP;Pista Norte;Colisão Traseira;1;149;;1;;;2
29/11/2018;18:08:00;704;com vítima;191,5500030517578;BR-116/SP;Pista Norte;Choque em veículo parado na pista;2;3;1;1;;;2
29/11/2018;19:27:00;768;sem vítima;165,1999969482422;BR-116/SP;Pista Sul;Choque em Barreira New Jersey;1;1;;;;;1
29/11/2018;20:41:00;812;sem vítima;167;BR-116/RJ;Pista Norte;Colisão Traseira;1;2;;;;;1
29/11/2018;21:32:00;840;com vítima;210,5;BR-116/SP;Pista Sul;Colisão Traseira;1;2;1;;;;1
29/11/2018;21:33:00;841;com vítima;67,8499984741211;BR-116/SP;Pista Sul;Atropelamento de Pedestre Caminhando;1;1;;;;1;3
30/11/2018;03:39:00;59;sem vítima;207;BR-116/SP;Pista Norte;Abalroamento Longitudinal;1;2;;;;;1
30/11/2018;10:13:00;351;sem vítima;69,0999984741211;BR-116/SP;Pista Norte;Abalroamento Longitudinal;1;3;;;;;1
30/11/2018;10:43:00;377;sem vítima;203,1999969482422;BR-116/SP;Pista Norte;Colisão Traseira;2;2;;;;;1
30/11/2018;11:26:00;417;sem vítima;145,39999389648438;BR-116/SP;Pista Sul;Abalroamento Longitudinal;1;2;;;;;1
30/11/2018;15:41:00;601;sem vítima;139,6999969482422;BR-116/SP;Pista Sul;Engavetamento;1;3;;;;;1
30/11/2018;15:50:00;607;sem vítima;254,6999969482422;BR-116/RJ;Pista Sul;Capotamento;1;2;;;;;1
30/11/2018;16:53:00;653;sem vítima;255,3000030517578;BR-116/RJ;Pista Norte;Colisão Traseira;1;5;;;;;1
30/11/2018;17:53:00;715;sem vítima;322,04998779296875;BR-116/RJ;Pista Norte;Colisão Traseira;2;2;;;;;1
30/11/2018;19:38:00;804;sem vítima;165;BR-116/SP;Pista Norte;Colisão Traseira;1;2;;;;;1
30/11/2018;20:56:00;858;sem vítima;86,80000305175781;BR-116/SP;Pista Sul;Choque em objeto fixo;1;1;;;;;1
30/11/2018;21:11:00;866;sem vítima;229;BR-116/SP;Pista Sul;Colisão Traseira;1;4;;;;;1
30/11/2018;22:00:00;898;sem vítima;257,5;BR-116/RJ;Pista Sul;Colisão Traseira;1;6;;;;;1
30/11/2018;22:51:00;921;sem vítima;16,399999618530273;BR-116/SP;Pista Sul;Tombamento;1;1;;;;;1
30/11/2018;23:23:00;939;sem vítima;65;BR-116/SP;Pista Sul;Tombamento;1;1;;;;;1
01/10/2018;02:38:00;40;sem vítima;184,1999969482422;BR-116/SP;Pista Sul;Choque Talude;1;1;;;;;1
01/10/2018;11:16:00;373;com vítima;65,1500015258789;BR-116/SP;Pista Sul;Abalroamento Longitudinal;2;1;2;;;;1
01/10/2018;11:32:00;387;com vítima;178;BR-116/RJ;Pista Norte;Colisão Traseira;1;1;1;;;;1
01/10/2018;19:03:00;681;com vítima;274,70001220703125;BR-116/RJ;Pista Sul;Abalroamento Longitudinal;1;3;17;2;1;;2
01/10/2018;22:43:00;760;com vítima;217,6999969482422;BR-116/RJ;Pista Sul;Colisão Traseira;2;1;1;;;;1
02/10/2018;01:40:00;38;sem vítima;106;BR-116/SP;Pista Norte;Choque em objeto na pista;1;2;;;;;1
02/10/2018;03:07:00;53;sem vítima;187,60000610351562;BR-116/RJ;Pista Norte;Colisão Traseira;2;2;;;;;1
02/10/2018;12:50:00;464;sem vítima;117,0999984741211;BR-116/SP;Pista Sul;Colisão Traseira;1;2;;;;;1
02/10/2018;13:13:00;478;com vítima;117,0999984741211;BR-116/SP;Pista Sul;Colisão Traseira;1;1;1;;;;1
02/10/2018;14:14:00;505;com vítima;117,0999984741211;BR-116/SP;Pista Sul;Colisão Traseira;1;4;1;;;;1
02/10/2018;15:40:00;556;sem vítima;231;BR-116/SP;Pista Sul;Colisão Traseira;1;2;;;;;1
02/10/2018;17:15:00;623;com vítima;77,0999984741211;BR-116/SP;Pista Sul;Capotamento;1;2;1;;;;1
02/10/2018;23:14:00;815;sem vítima;121,5999984741211;BR-116/SP;Pista Sul;Colisão Traseira;2;3;;;;;1
02/10/2018;23:59:00;827;sem vítima;97,5999984741211;BR-116/SP;Pista Norte;Choque em objeto fixo;1;1;;;;;1
03/10/2018;00:00:00;14;sem vítima;143;BR-116/SP;Pista Norte;Colisão Traseira;1;2;;;;;1
03/10/2018;04:14:00;51;sem vítima;181,60000610351562;BR-116/RJ;Pista Norte;Abalroamento Longitudinal;1;2;;;;;1
03/10/2018;06:35:00;100;sem vítima;42,79999923706055;BR-116/SP;Pista Sul;Colisão Traseira;1;2;;;;;1
03/10/2018;06:56:00;119;sem vítima;126;BR-116/SP;Pista Sul;Colisão Traseira;1;22;;;;;1
03/10/2018;07:58:00;195;sem vítima;177;BR-116/RJ;Pista Sul;Colisão Traseira;1;5;;;;;1
03/10/2018;09:05:00;270;sem vítima;224,3000030517578;BR-116/RJ;Pista Norte;Engavetamento;3;3;;;;;1
03/10/2018;10:30:00;347;sem vítima;183;BR-116/RJ;Pista Norte;Colisão Traseira;1;2;;;;;1
03/10/2018;10:38:00;352;sem vítima;182,89999389648438;BR-116/RJ;Pista Sul;Colisão Traseira;1;4;;;;;1
03/10/2018;12:09:00;426;sem vítima;134,5;BR-116/SP;Pista Norte;Choque em objeto fixo;1;1;;;;;1
03/10/2018;18:54:00;740;sem vítima;225;BR-116/SP;Pista Sul;Abalroamento Longitudinal;1;2;;;;;1
03/10/2018;19:09:00;752;sem vítima;150,1999969482422;BR-116/SP;Pista Norte;Colisão Traseira;1;4;;;;;1
03/10/2018;19:27:00;764;sem vítima;265,5;BR-116/RJ;Pista Sul;Colisão Traseira;2;2;;;;;1
03/10/2018;20:28:00;800;sem vítima;103,19999694824219;BR-116/SP;Pista Norte;Colisão Traseira;1;2;;;;;1
03/10/2018;20:33:00;803;sem vítima;275,3500061035156;BR-116/RJ;Pista Sul;Tombamento;1;1;;;;;1
03/10/2018;22:25:00;845;sem vítima;207,10000610351562;BR-116/RJ;Pista Sul;Choque em objeto na pista;1;1;;;;;1
04/10/2018;02:12:00;47;sem vítima;266,6000061035156;BR-116/RJ;Pista Norte;Choque em objeto fixo;1;1;;;;;1
04/10/2018;08:51:00;255;sem vítima;230,39999389648438;BR-116/RJ;Pista Sul;Choque em objeto na pista;1;1;;;;;1
04/10/2018;09:45:00;307;sem vítima;223,6999969482422;BR-116/SP;Pista Sul;Colisão Traseira;1;2;;;;;1
04/10/2018;12:25:00;428;sem vítima;224,5;BR-116/SP;Pista Norte;Engavetamento;2;3;;;;;1
04/10/2018;14:09:00;472;sem vítima;259,5;BR-116/RJ;Pista Sul;Choque em objeto na pista;2;2;;;;;1
04/10/2018;15:25:00;518;sem vítima;241,64999389648438;BR-116/RJ;Pista Sul;Choque em Defensa;1;2;;;;;1
04/10/2018;15:38:00;525;sem vítima;165,1999969482422;BR-116/SP;Pista Norte;Colisão Traseira;2;2;;;;;1
04/10/2018;16:23:00;560;sem vítima;301,3999938964844;BR-116/RJ;Pista Sul;Colisão Traseira;2;2;;;;;1
05/10/2018;05:53:00;83;sem vítima;199;BR-116/RJ;Pista Sul;Abalroamento Longitudinal;1;5;;;;;1
05/10/2018;07:25:00;167;sem vítima;310,3999938964844;BR-116/RJ;Pista Norte;Choque em objeto na pista;1;1;;;;;1
05/10/2018;07:40:00;182;sem vítima;207;BR-116/RJ;Pista Norte;Choque em Defensa;1;1;;;;;1
05/10/2018;10:47:00;376;sem vítima;209,39999389648438;BR-116/SP;Pista Sul;Colisão Traseira;1;3;;;;;1
05/10/2018;13:47:00;512;sem vítima;271;BR-116/RJ;Pista Norte;Abalroamento Longitudinal;1;2;;;;;1
05/10/2018;14:59:00;555;com vítima;120,0999984741211;BR-116/SP;Pista Norte;Outros;1;1;;1;;;2
05/10/2018;19:32:00;755;sem vítima;63,400001525878906;BR-116/SP;Pista Norte;Colisão Traseira;1;2;;;;;1
06/10/2018;02:31:00;51;sem vítima;200,89999389648438;BR-116/RJ;Pista Sul;Colisão Traseira;1;2;;;;;1
06/10/2018;07:23:00;165;sem vítima;227,8000030517578;BR-116/SP;Pista Sul;Choque em veículo parado na pista;1;2;;;;;1
06/10/2018;17:12:00;494;sem vítima;53;BR-116/SP;Pista Sul;Abalroamento Longitudinal;1;2;;;;;1
06/10/2018;20:56:00;599;com vítima;211,8000030517578;BR-116/SP;Pista Sul;Abalroamento Longitudinal;1;1;2;;;;1
07/10/2018;02:35:00;49;sem vítima;117,30000305175781;BR-116/SP;Pista Sul;Colisão Traseira;1;2;;;;;1
08/10/2018;07:54:00;185;com vítima;65,8499984741211;BR-116/SP;Pista Norte;Tombamento;1;1;1;;;;1
08/10/2018;09:25:00;267;sem vítima;214,1999969482422;BR-116/SP;Pista Sul;Choque em Barreira New Jersey;2;2;;;;;1
08/10/2018;13:24:00;430;com vítima;82,4000015258789;BR-116/SP;Pista Sul;Colisão Traseira;1;2;1;;;;1
08/10/2018;13:50:00;444;sem vítima;205,5;BR-116/SP;Pista Norte;Colisão Traseira;1;2;;;;;1
08/10/2018;15:07:00;486;sem vítima;214;BR-116/SP;Pista Norte;Colisão Traseira;2;3;;;;;1
09/10/2018;01:21:00;26;sem vítima;202,1999969482422;BR-116/SP;Pista Norte;Choque em objeto fixo;1;2;;;;;1
09/10/2018;04:38:00;77;sem vítima;329,6000061035156;BR-116/RJ;Pista Sul;Choque em Barreira New Jersey;1;1;;;;;1
09/10/2018;07:03:00;153;sem vítima;23,5;BR-116/SP;Pista Norte;Colisão Traseira;1;3;;;;;1
09/10/2018;08:07:00;218;sem vítima;314,6000061035156;BR-116/RJ;Pista Norte;Abalroamento Longitudinal;1;2;;;;;1
09/10/2018;08:39:00;241;com vítima;239,5;BR-116/RJ;Pista Norte;Choque em Barreira New Jersey;4;6;;1;;;2
09/10/2018;15:37:00;535;com vítima;275,1499938964844;BR-116/RJ;Pista Norte;Abalroamento Longitudinal;1;5;1;;;;1
09/10/2018;15:57:00;547;sem vítima;132;BR-116/SP;Pista Sul;Colisão Traseira;1;2;;;;;1
09/10/2018;17:07:00;596;sem vítima;146,10000610351562;BR-116/SP;Pista Sul;Engavetamento;1;6;;;;;1
10/10/2018;04:56:00;66;sem vítima;81,0999984741211;BR-116/SP;Pista Norte;Colisão Traseira;2;2;;;;;1
10/10/2018;08:26:00;238;sem vítima;135,89999389648438;BR-116/SP;Pista Sul;Colisão Traseira;1;2;;;;;1
10/10/2018;08:35:00;253;sem vítima;204,5;BR-116/SP;Pista Norte;Colisão Traseira;1;3;;;;;1
10/10/2018;09:44:00;330;sem vítima;181,64999389648438;BR-116/RJ;Pista Norte;Colisão Traseira;1;2;;;;;1
10/10/2018;09:48:00;337;com vítima;139,10000610351562;BR-116/SP;Pista Norte;Atropelamento de Pedestre Atravessando;1;1;1;;;;1
10/10/2018;13:18:00;493;sem vítima;224;BR-116/SP;Pista Sul;Engavetamento;1;6;;;;;1
10/10/2018;19:45:00;793;com vítima;185,39999389648438;BR-116/RJ;Pista Norte;Choque em Defensa;1;1;2;;;;1
10/10/2018;23:55:00;898;com vítima;242,10000610351562;BR-116/RJ;Pista Sul;Queda de ribanceira;1;0;;1;;;2
11/10/2018;06:29:00;121;sem vítima;24,299999237060547;BR-116/SP;Pista Norte;Colisão Traseira;2;2;;;;;1
11/10/2018;06:46:00;138;sem vítima;200;BR-116/RJ;Pista Norte;Atropelamento de Animal;1;1;;;;;1
11/10/2018;10:34:00;354;com vítima;223,3000030517578;BR-116/RJ;Pista Norte;Colisão Traseira;2;1;;2;;;2
11/10/2018;14:15:00;497;sem vítima;182,8000030517578;BR-116/SP;Pista Norte;Colisão Traseira;2;2;;;;;1
11/10/2018;19:54:00;742;sem vítima;273,5;BR-116/RJ;Pista Sul;Engavetamento;2;5;;;;;1
12/10/2018;00:28:00;28;sem vítima;224,60000610351562;BR-116/RJ;Pista Norte;Abalroamento Longitudinal;2;2;;;;;1
12/10/2018;05:31:00;124;sem vítima;227,64999389648438;BR-116/SP;Pista Norte;Choque em Barreira New Jersey;1;1;;;;;1
12/10/2018;06:45:00;161;sem vítima;258,6000061035156;BR-116/RJ;Pista Sul;Colisão Traseira;1;2;;;;;1
13/10/2018;10:15:00;205;sem vítima;293,6000061035156;BR-116/RJ;Pista Sul;Choque em Defensa;1;8;;;;;1
13/10/2018;11:20:00;239;com vítima;218,8000030517578;BR-116/SP;Pista Norte;Engavetamento;1;5;1;;;;1
13/10/2018;15:45:00;394;sem vítima;86,94999694824219;BR-116/SP;Pista Sul;Choque em objeto fixo;1;1;;;;;1
13/10/2018;17:20:00;461;sem vítima;278,70001220703125;BR-116/RJ;Pista Sul;Choque em Defensa;1;1;;;;;1
13/10/2018;17:33:00;470;sem vítima;287,79998779296875;BR-116/RJ;Pista Sul;Engavetamento;2;3;;;;;1
14/10/2018;22:12:00;568;sem vítima;300;BR-116/RJ;Pista Sul;Abalroamento Longitudinal;1;5;;;;;1
15/10/2018;09:44:00;267;sem vítima;225;BR-116/SP;Pista Norte;Colisão Traseira;1;4;;;;;1
15/10/2018;12:31:00;400;sem vítima;108,25;BR-116/SP;Pista Norte;Engavetamento;2;4;;;;;1
15/10/2018;14:37:00;485;sem vítima;218,8000030517578;BR-116/SP;Pista Sul;Choque em Barreira New Jersey;1;1;;;;;1
15/10/2018;15:09:00;505;com vítima;211,3000030517578;BR-116/SP;Pista Sul;Colisão Traseira;2;2;2;;;;1
15/10/2018;15:27:00;517;sem vítima;208;BR-116/SP;Pista Sul;Abalroamento Longitudinal;1;2;;;;;1
15/10/2018;23:28:00;762;sem vítima;244,60000610351562;BR-116/RJ;Pista Norte;Choque em veículo parado na pista;1;2;;;;;1
16/10/2018;04:53:00;66;com vítima;228,8000030517578;BR-116/SP;Pista Sul;Abalroamento Longitudinal;1;2;2;;;;1
16/10/2018;06:16:00;97;com vítima;23,399999618530273;BR-116/SP;Pista Norte;Queda de ribanceira;1;0;;2;;;2
16/10/2018;10:29:00;352;sem vítima;223;BR-116/RJ;Pista Norte;Colisão Traseira;1;2;;;;;1
16/10/2018;15:43:00;537;sem vítima;155,5;BR-116/SP;Pista Sul;Colisão Traseira;2;2;;;;;1
16/10/2018;20:36:00;705;sem vítima;163,5;BR-116/SP;Pista Sul;Colisão Traseira;1;3;;;;;1
16/10/2018;23:48:00;783;sem vítima;326,5;BR-116/RJ;Pista Sul;Choque em objeto fixo;1;2;;;;;1
17/10/2018;00:59:00;23;sem vítima;332,70001220703125;BR-116/RJ;Pista Sul;Colisão Traseira;2;2;;;;;1
17/10/2018;04:10:00;66;com vítima;177,8000030517578;BR-116/SP;Pista Norte;Colisão Traseira;1;1;1;;;;1
17/10/2018;05:37:00;94;sem vítima;229;BR-116/SP;Pista Norte;Colisão Traseira;2;2;;;;;1
17/10/2018;07:00:00;161;sem vítima;182;BR-116/SP;Pista Norte;Colisão Traseira;1;2;;;;;1
17/10/2018;08:00:00;220;sem vítima;118,9000015258789;BR-116/SP;Pista Sul;Colisão Traseira;1;3;;;;;1
17/10/2018;09:00:00;282;sem vítima;37,900001525878906;BR-116/SP;Pista Norte;Colisão Traseira;1;3;;;;;1
17/10/2018;10:52:00;371;com vítima;215;BR-116/SP;Pista Sul;Queda de moto;1;1;1;;;;1
17/10/2018;11:52:00;410;com vítima;240,6999969482422;BR-116/RJ;Pista Norte;Tombamento;1;0;;1;;;2
17/10/2018;12:40:00;437;com vítima;15,199999809265137;BR-116/SP;Pista Norte;Colisão Traseira;2;2;1;;;;1
17/10/2018;13:10:00;459;com vítima;221,3000030517578;BR-116/SP;Pista Norte;Colisão Traseira;2;2;;1;;;2
17/10/2018;16:43:00;612;sem vítima;209,5;BR-116/SP;Pista Sul;Abalroamento Longitudinal;1;2;;;;;1
17/10/2018;20:21:00;751;sem vítima;35,599998474121094;BR-116/SP;Pista Norte;Colisão Traseira;2;2;;;;;1
18/10/2018;02:34:00;50;sem vítima;0,4000000059604645;BR-116/SP;Pista Norte;Colisão Traseira;1;5;;;;;1
18/10/2018;03:17:00;59;sem vítima;155;BR-116/SP;Pista Sul;Colisão Traseira;1;2;;;;;1
18/10/2018;05:33:00;105;sem vítima;156;BR-116/SP;Pista Sul;Colisão Traseira;2;2;;;;;1
18/10/2018;06:36:00;161;sem vítima;208;BR-116/SP;Pista Sul;Abalroamento Longitudinal;1;2;;;;;1
18/10/2018;09:56:00;335;sem vítima;309,79998779296875;BR-116/RJ;Pista Norte;Colisão Traseira;2;2;;;;;1
18/10/2018;10:13:00;349;sem vítima;134;BR-116/SP;Pista Norte;Choque em objeto fixo;1;1;;;;;1
18/10/2018;11:27:00;395;sem vítima;229,39999389648438;BR-116/SP;Pista Sul;Colisão Traseira;1;2;;;;;1
18/10/2018;11:48:00;412;com vítima;62,75;BR-116/SP;Pista Sul;Queda de ribanceira;1;1;1;;;;1
18/10/2018;15:19:00;559;com vítima;116,81999969482422;BR-116/SP;Pista Norte;Choque em Defensa;1;0;1;;;;1
18/10/2018;15:21:00;563;sem vítima;322,70001220703125;BR-116/RJ;Pista Norte;Colisão Traseira;1;2;;;;;1
18/10/2018;16:41:00;627;sem vítima;220,3000030517578;BR-116/RJ;Pista Sul;Choque em objeto fixo;1;1;;;;;1
18/10/2018;18:14:00;697;sem vítima;225;BR-116/SP;Pista Sul;Abalroamento Longitudinal;1;2;;;;;1
18/10/2018;19:54:00;755;com vítima;299,8999938964844;BR-116/RJ;Pista Sul;Engavetamento;3;2;1;;;;1
18/10/2018;21:04:00;786;sem vítima;139,60000610351562;BR-116/SP;Pista Sul;Atropelamento de Animal;1;1;;;;;1
18/10/2018;22:20:00;813;sem vítima;154,6999969482422;BR-116/SP;Pista Norte;Choque em veículo parado na pista;1;3;;;;;1
19/10/2018;02:44:00;47;com vítima;224;BR-116/SP;Pista Sul;Colisão Traseira;1;1;;1;;;2
19/10/2018;04:48:00;71;sem vítima;140,8000030517578;BR-116/SP;Pista Sul;Colisão Traseira;2;2;;;;;1
19/10/2018;05:36:00;92;com vítima;80,9000015258789;BR-116/SP;Pista Sul;Tombamento;1;0;1;;;;1
19/10/2018;10:04:00;336;sem vítima;209,3000030517578;BR-116/RJ;Pista Sul;Colisão Traseira;2;2;;;;;1
19/10/2018;11:37:00;408;sem vítima;284,20001220703125;BR-116/RJ;Pista Sul;Engavetamento;3;9;;;;;1
19/10/2018;14:14:00;513;sem vítima;267,6000061035156;BR-116/RJ;Pista Norte;Outros;1;3;;;;;1
19/10/2018;14:19:00;518;sem vítima;167,3000030517578;BR-116/RJ;Pista Norte;Colisão Traseira;1;2;;;;;1
19/10/2018;17:35:00;648;sem vítima;239,39999389648438;BR-116/RJ;Pista Sul;Abalroamento Longitudinal;1;3;;;;;1
19/10/2018;20:24:00;754;sem vítima;165;BR-116/SP;Pista Norte;Abalroamento Longitudinal;1;4;;;;;1
20/10/2018;04:08:00;80;sem vítima;224,39999389648438;BR-116/RJ;Pista Sul;Choque em objeto fixo;1;1;;;;;1
20/10/2018;11:29:00;327;sem vítima;318,8999938964844;BR-116/RJ;Pista Sul;Abalroamento Longitudinal;1;3;;;;;1
21/10/2018;16:11:00;418;com vítima;174,39999389648438;BR-116/RJ;Pista Sul;Abalroamento Longitudinal;1;3;4;;;;1
21/10/2018;18:50:00;544;sem vítima;212,60000610351562;BR-116/SP;Pista Norte;Abalroamento Longitudinal;1;2;;;;;1
21/10/2018;18:55:00;547;sem vítima;87,5;BR-116/SP;Pista Norte;Engavetamento;1;4;;;;;1
21/10/2018;19:10:00;558;com vítima;87,80000305175781;BR-116/SP;Pista Norte;Engavetamento;1;5;5;;;;1
21/10/2018;20:28:00;605;sem vítima;165,1999969482422;BR-116/SP;Pista Sul;Colisão Traseira;1;2;;;;;1
21/10/2018;23:22:00;667;sem vítima;165,1999969482422;BR-116/SP;Pista Norte;Colisão Traseira;1;2;;;;;1
22/10/2018;07:13:00;153;sem vítima;66,5999984741211;BR-116/SP;Pista Sul;Choque em Barreira New Jersey;1;1;;;;;1
22/10/2018;09:39:00;304;sem vítima;216,1999969482422;BR-116/SP;Pista Sul;Colisão Traseira;1;3;;;;;1
22/10/2018;13:22:00;450;com vítima;198;BR-116/SP;Pista Sul;Colisão Traseira;1;3;;1;;;2
22/10/2018;14:33:00;501;com vítima;231,39999389648438;BR-116/SP;Pista Sul;Colisão Traseira;1;2;2;;;;1
22/10/2018;15:36:00;550;com vítima;220,6999969482422;BR-116/SP;Pista Norte;Engavetamento;1;2;2;;;;1
22/10/2018;17:13:00;625;sem vítima;159;BR-116/SP;Pista Sul;Abalroamento Longitudinal;2;3;;;;;1
23/10/2018;02:02:00;40;sem vítima;99,94999694824219;BR-116/SP;Pista Norte;Colisão Traseira;1;2;;;;;1
23/10/2018;04:51:00;77;sem vítima;286,20001220703125;BR-116/RJ;Pista Norte;Choque em objeto fixo;1;1;;;;;1
23/10/2018;06:04:00;115;sem vítima;220,3000030517578;BR-116/RJ;Pista Sul;Tombamento;1;1;;;;;1
23/10/2018;06:28:00;133;sem vítima;186,3000030517578;BR-116/SP;Pista Norte;Choque em objeto fixo;1;1;;;;;1
23/10/2018;09:05:00;259;sem vítima;225,3000030517578;BR-116/SP;Pista Sul;Engavetamento;4;4;;;;;1
23/10/2018;11:16:00;366;com vítima;298,70001220703125;BR-116/RJ;Pista Sul;Engavetamento;2;4;1;;;;1
23/10/2018;16:45:00;563;sem vítima;145,3000030517578;BR-116/SP;Pista Sul;Abalroamento Longitudinal;1;2;;;;;1
23/10/2018;16:46:00;567;sem vítima;140,60000610351562;BR-116/SP;Pista Sul;Choque em Barreira New Jersey;1;6;;;;;1
23/10/2018;19:56:00;707;sem vítima;219,8000030517578;BR-116/SP;Pista Norte;Engavetamento;1;4;;;;;1