data;horario;n_da_ocorrencia;tipo_de_ocorrencia;km;trecho;sentido;tipo_de_acidente;caminhao;ilesos;levemente_feridos;moderadamente_feridos;gravemente_feridos;mortos;3
23/10/2018;20:23:00;724;sem vítima;187,3000030517578;BR-116/RJ;Pista Norte;Engavetamento;2;9;;;;;1
23/10/2018;22:25:00;769;sem vítima;278;BR-116/RJ;Pista Norte;Colisão Traseira;1;2;;;;;1
24/10/2018;04:57:00;57;sem vítima;301,70001220703125;BR-116/RJ;Pista Norte;Atropelamento de Animal;1;2;;;;;1
24/10/2018;08:39:00;246;sem vítima;180,39999389648438;BR-116/RJ;Pista Norte;Colisão Traseira;2;3;;;;;1
24/10/2018;11:15:00;360;com vítima;210,8000030517578;BR-116/RJ;Pista Norte;Colisão Traseira;1;5;1;;;;1
24/10/2018;11:25:00;366;sem vítima;318,8999938964844;BR-116/RJ;Pista Norte;Engavetamento;1;6;;;;;1
24/10/2018;13:42:00;437;com vítima;98,9000015258789;BR-116/SP;Pista Norte;Tombamento;1;0;1;;;;1
24/10/2018;13:54:00;441;com vítima;331,8999938964844;BR-116/RJ;Pista Sul;Choque em Barreira New Jersey;1;0;1;;;;1
24/10/2018;14:13:00;456;sem vítima;72,4000015258789;BR-116/SP;Pista Sul;Choque em Barreira New Jersey;1;2;;;;;1
24/10/2018;14:38:00;474;sem vítima;237;BR-116/RJ;Pista Norte;Choque em objeto fixo;1;2;;;;;1
24/10/2018;16:42:00;553;com vítima;24,299999237060547;BR-116/SP;Pista Norte;Choque em Barreira New Jersey;1;0;1;;;;1
24/10/2018;16:49:00;557;sem vítima;92,0999984741211;BR-116/SP;Pista Norte;Abalroamento Longitudinal;2;2;;;;;1
24/10/2018;20:22:00;680;sem vítima;39,54999923706055;BR-116/SP;Pista Sul;Abalroamento Longitudinal;1;2;;;;;1
24/10/2018;20:54:00;691;com vítima;65,1500015258789;BR-116/SP;Pista Sul;Choque em Barreira New Jersey;1;0;1;;;;1
25/10/2018;04:08:00;53;sem vítima;218,5;BR-116/RJ;Pista Norte;Choque em objeto fixo;1;1;;;;;1
25/10/2018;06:33:00;103;sem vítima;247,6999969482422;BR-116/RJ;Pista Norte;Choque em objeto fixo;1;2;;;;;1
25/10/2018;07:13:00;135;sem vítima;228;BR-116/RJ;Pista Norte;Colisão Traseira;1;2;;;;;1
25/10/2018;07:30:00;151;sem vítima;247,6999969482422;BR-116/RJ;Pista Norte;Abalroamento Longitudinal;1;4;;;;;1
25/10/2018;14:48:00;456;com vítima;164,89999389648438;BR-116/RJ;Pista Sul;Colisão Traseira;1;2;1;;;;1
26/10/2018;11:36:00;348;sem vítima;223,1999969482422;BR-116/SP;Pista Norte;Engavetamento;1;4;;;;;1
26/10/2018;13:42:00;417;sem vítima;223,89999389648438;BR-116/RJ;Pista Norte;Choque Talude;1;1;;;;;1
26/10/2018;14:43:00;454;com vítima;120,9000015258789;BR-116/SP;Pista Sul;Engavetamento;2;5;1;1;;;2
26/10/2018;16:15:00;518;sem vítima;223,39999389648438;BR-116/RJ;Pista Norte;Choque Talude;1;1;;;;;1
26/10/2018;21:11:00;703;com vítima;332,8999938964844;BR-116/RJ;Pista Sul;Abalroamento Longitudinal;1;1;1;;;;1
26/10/2018;23:42:00;773;com vítima;23,600000381469727;BR-116/SP;Pista Norte;Tombamento;1;0;1;;;;1
26/10/2018;23:56:00;779;com vítima;152,6999969482422;BR-116/SP;Pista Sul;Colisão Traseira;2;1;1;;;;1
27/10/2018;01:09:00;32;com vítima;220,6999969482422;BR-116/SP;Pista Sul;Capotamento;1;1;1;;;;1
27/10/2018;08:36:00;185;sem vítima;294,6000061035156;BR-116/RJ;Pista Norte;Abalroamento Longitudinal;1;2;;;;;1
27/10/2018;17:30:00;450;com vítima;165,1999969482422;BR-116/SP;Pista Norte;Colisão Traseira;1;1;1;;;;1
28/10/2018;09:39:00;167;sem vítima;154,5;BR-116/SP;Pista Sul;Colisão Traseira;1;2;;;;;1
29/10/2018;01:24:00;40;com vítima;314,20001220703125;BR-116/RJ;Pista Norte;Engavetamento;1;5;1;1;;;2
29/10/2018;06:09:00;110;sem vítima;170;BR-116/RJ;Pista Norte;Choque em objeto na pista;1;2;;;;;1
29/10/2018;06:21:00;121;sem vítima;229,39999389648438;BR-116/RJ;Pista Norte;Outros;1;1;;;;;1
29/10/2018;08:13:00;243;sem vítima;139,5;BR-116/SP;Pista Norte;Colisão Traseira;1;2;;;;;1
29/10/2018;13:52:00;506;sem vítima;223;BR-116/RJ;Pista Norte;Choque Talude;1;1;;;;;1
29/10/2018;20:21:00;736;sem vítima;207,10000610351562;BR-116/RJ;Pista Sul;Choque em Barreira New Jersey;1;1;;;;;1
30/10/2018;01:29:00;29;sem vítima;221;BR-116/SP;Pista Norte;Colisão Traseira;2;2;;;;;1
30/10/2018;03:43:00;46;sem vítima;165,10000610351562;BR-116/SP;Pista Sul;Choque em objeto na pista;1;5;;;;;1
30/10/2018;15:30:00;516;sem vítima;178,39999389648438;BR-116/RJ;Pista Sul;Colisão Traseira;1;2;;;;;1
30/10/2018;16:23:00;543;sem vítima;294,75;BR-116/RJ;Pista Norte;Tombamento;1;1;;;;;1
30/10/2018;22:19:00;755;sem vítima;215,10000610351562;BR-116/SP;Pista Sul;Engavetamento;4;29;;;;;1
30/10/2018;22:37:00;759;sem vítima;159,10000610351562;BR-116/SP;Pista Norte;Colisão Traseira;2;2;;;;;1
31/10/2018;18:13:00;713;sem vítima;165;BR-116/RJ;Pista Sul;Engavetamento;2;4;;;;;1
01/12/2018;00:03:00;18;sem vítima;20,9;BR-116/SP;Pista Sul;Tombamento;1;1;0;0;0;0;1
01/12/2018;00:07:00;20;sem vítima;274,1;BR-116/RJ;Pista Norte;Colisão traseira;1;2;0;0;0;0;1
01/12/2018;04:29:00;81;com vítima;87,9;BR-116/SP;Pista Norte;Colisão traseira;1;43;2;0;0;0;1
01/12/2018;05:17:00;91;com vítima;252,1;BR-116/RJ;Pista Norte;Tombamento;1;0;1;0;0;0;1
01/12/2018;06:46:00;127;sem vítima;10,1;BR-116/SP;Pista Norte;Outros;1;1;0;0;0;0;1
01/12/2018;07:47:00;163;sem vítima;291,8;BR-116/RJ;Pista Norte;Choque em barreira New Jersey;1;1;0;0;0;0;1
01/12/2018;10:03:00;262;sem vítima;277,7;BR-116/RJ;Pista Norte;Colisão traseira;1;2;0;0;0;0;1
01/12/2018;11:41:00;325;sem vítima;165,1;BR-116/RJ;Pista Norte;Choque em objeto na pista;1;1;0;0;0;0;1
01/12/2018;15:16:00;470;com vítima;256,4;BR-116/RJ;Pista Sul;Colisão traseira;1;2;1;0;0;0;1
01/12/2018;17:09:00;526;sem vítima;223,9;BR-116/RJ;Pista Sul;Colisão traseira;1;2;0;0;0;0;1
02/12/2018;16:22:00;419;com vítima;316,3;BR-116/RJ;Pista Sul;Colisão traseira;1;0;2;0;0;0;1
02/12/2018;17:28:00;457;sem vítima;24;BR-116/SP;Pista Norte;Colisão traseira;1;3;0;0;0;0;1
02/12/2018;20:24:00;577;sem vítima;322,8;BR-116/RJ;Pista Norte;Choque em objeto na pista;1;2;0;0;0;0;1
02/12/2018;20:26:00;580;sem vítima;224,1;BR-116/RJ;Pista Sul;Choque em objeto fixo;1;1;0;0;0;0;1
02/12/2018;20:35:00;583;sem vítima;322,8;BR-116/RJ;Pista Norte;Choque em objeto na pista;1;1;0;0;0;0;1
02/12/2018;20:42:00;590;sem vítima;322,8;BR-116/RJ;Pista Norte;Choque em objeto na pista;1;1;0;0;0;0;1
02/12/2018;21:18:00;603;sem vítima;222,4;BR-116/RJ;Pista Sul;Choque em objeto fixo;1;1;0;0;0;0;1
03/12/2018;01:59:00;40;sem vítima;302;BR-116/RJ;Pista Sul;Colisão traseira;1;6;0;0;0;0;1
03/12/2018;08:27:00;215;sem vítima;293,38;BR-116/RJ;Pista Norte;Colisão traseira;1;2;0;0;0;0;1
03/12/2018;08:54:00;241;sem vítima;205,9;BR-116/SP;Pista Sul;Abalroamento longitudinal;1;2;0;0;0;0;1
03/12/2018;11:23:00;355;sem vítima;226;BR-116/SP;Pista Sul;Colisão traseira;2;2;0;0;0;0;1
03/12/2018;11:45:00;367;sem vítima;126,7;BR-116/SP;Pista Sul;Choque em objeto na pista;1;3;0;0;0;0;1
03/12/2018;23:00:00;770;com vítima;312,8;BR-116/RJ;Pista Sul;Colisão traseira;1;0;0;2;0;0;2
03/12/2018;23:36:00;779;com vítima;258,1;BR-116/RJ;Pista Sul;Choque em objeto fixo;1;0;1;0;0;0;1
04/12/2018;00:35:00;27;sem vítima;221;BR-116/SP;Pista Norte;Colisão traseira;1;3;0;0;0;0;1
04/12/2018;01:52:00;42;com vítima;90,5;BR-116/SP;Pista Norte;Colisão traseira;1;2;1;0;0;0;1
04/12/2018;05:38:00;85;sem vítima;195,95;BR-116/RJ;Pista Sul;Colisão traseira;1;2;0;0;0;0;1
04/12/2018;09:53:00;288;sem vítima;47,9;BR-116/SP;Pista Sul;Choque em defensa;1;0;0;0;0;0;1
04/12/2018;13:19:00;436;sem vítima;118,15;BR-116/SP;Pista Sul;Colisão traseira;1;0;0;0;0;0;1
04/12/2018;14:45:00;489;sem vítima;233,5;BR-116/RJ;Pista Sul;Abalroamento longitudinal;2;3;0;0;0;0;1
04/12/2018;15:55:00;535;sem vítima;169,8;BR-116/SP;Pista Norte;Colisão traseira;2;2;0;0;0;0;1
04/12/2018;16:11:00;546;com vítima;294;BR-116/RJ;Pista Norte;Colisão traseira;1;1;1;0;0;0;1
04/12/2018;18:36:00;648;sem vítima;265,5;BR-116/RJ;Pista Norte;Abalroamento longitudinal;1;3;0;0;0;0;1
05/12/2018;03:24:00;66;com vítima;75,6;BR-116/SP;Pista Sul;Colisão traseira;2;1;0;1;0;0;2
05/12/2018;04:56:00;87;sem vítima;222,1;BR-116/RJ;Pista Norte;Tombamento;1;1;0;0;0;0;1
05/12/2018;07:32:00;185;com vítima;218,9;BR-116/SP;Pista Norte;Queda de moto;1;1;0;1;0;0;2
05/12/2018;09:36:00;308;sem vítima;230,3;BR-116/RJ;Pista Norte;Colisão traseira;1;2;0;0;0;0;1
05/12/2018;10:17:00;352;sem vítima;167,1;BR-116/RJ;Pista Norte;Colisão traseira;1;2;0;0;0;0;1
05/12/2018;11:50:00;412;sem vítima;218,1;BR-116/SP;Pista Sul;Colisão traseira;1;2;0;0;0;0;1
05/12/2018;14:33:00;531;com vítima;188,5;BR-116/RJ;Pista Sul;Outros;1;0;1;0;0;0;1
06/12/2018;05:51:00;106;com vítima;24,25;BR-116/SP;Pista Norte;Colisão traseira;2;1;0;2;0;0;2
06/12/2018;05:55:00;110;sem vítima;275,5;BR-116/RJ;Pista Norte;Choque em defensa;1;1;0;0;0;0;1
06/12/2018;06:54:00;152;sem vítima;225,5;BR-116/RJ;Pista Norte;Abalroamento longitudinal;1;2;0;0;0;0;1
06/12/2018;07:34:00;183;sem vítima;220,3;BR-116/RJ;Pista Sul;Tombamento;1;1;0;0;0;0;1
06/12/2018;08:33:00;251;com vítima;58,9;BR-116/SP;Pista Sul;Queda de moto;1;1;1;0;0;0;1
06/12/2018;15:55:00;616;sem vítima;226;BR-116/RJ;Pista Norte;Abalroamento longitudinal;1;2;0;0;0;0;1
06/12/2018;15:58:00;621;com vítima;141,8;BR-116/SP;Pista Sul;Abalroamento longitudinal;2;2;0;0;1;0;2
06/12/2018;16:36:00;646;sem vítima;121;BR-116/SP;Pista Norte;Choque em objeto na pista;1;3;0;0;0;0;1
07/12/2018;09:12:00;266;sem vítima;136;BR-116/SP;Pista Sul;Abalroamento longitudinal;1;3;0;0;0;0;1
07/12/2018;09:23:00;278;sem vítima;165,8;BR-116/RJ;Pista Norte;Colisão traseira;1;2;0;0;0;0;1
07/12/2018;12:42:00;405;sem vítima;217,8;BR-116/SP;Pista Sul;Choque em barreira New Jersey;1;1;0;0;0;0;1
07/12/2018;14:46:00;474;sem vítima;108,4;BR-116/SP;Pista Norte;Colisão traseira;1;1;0;0;0;0;1
07/12/2018;15:23:00;496;sem vítima;165,2;BR-116/SP;Pista Norte;Abalroamento longitudinal;1;2;0;0;0;0;1
07/12/2018;18:50:00;668;sem vítima;328,3;BR-116/RJ;Pista Sul;Outros;1;1;0;0;0;0;1
07/12/2018;20:52:00;740;sem vítima;317;BR-116/RJ;Pista Sul;Colisão traseira;1;2;0;0;0;0;1
07/12/2018;23:03:00;802;sem vítima;230;BR-116/SP;Pista Norte;Abalroamento longitudinal;1;4;0;0;0;0;1
07/12/2018;23:18:00;806;sem vítima;260,6;BR-116/RJ;Pista Sul;Colisão traseira;2;2;0;0;0;0;1
08/12/2018;01:19:00;40;sem vítima;30,8;BR-116/SP;Pista Norte;Choque Talude;1;1;0;0;0;0;1
08/12/2018;03:26:00;69;com vítima;175,4;BR-116/RJ;Pista Sul;Colisão traseira;1;2;1;0;0;0;1
08/12/2018;06:28:00;119;sem vítima;172,5;BR-116/RJ;Pista Norte;Choque em barreira New Jersey;1;1;0;0;0;0;1
08/12/2018;08:35:00;220;sem vítima;165,2;BR-116/SP;Pista Sul;Engavetamento;1;3;0;0;0;0;1
08/12/2018;09:54:00;272;sem vítima;276,8;BR-116/RJ;Pista Sul;Colisão traseira;2;2;0;0;0;0;1
08/12/2018;11:11:00;307;sem vítima;222,3;BR-116/SP;Pista Norte;Capotamento;1;2;0;0;0;0;1
08/12/2018;12:27:00;346;sem vítima;222,3;BR-116/SP;Pista Sul;Engavetamento;1;3;0;0;0;0;1
08/12/2018;17:07:00;485;com vítima;174;BR-116/RJ;Pista Sul;Colisão traseira;1;1;2;0;0;0;1
08/12/2018;17:56:00;522;sem vítima;291;BR-116/RJ;Pista Sul;Outros;1;2;0;0;0;0;1
08/12/2018;20:01:00;598;sem vítima;211,4;BR-116/SP;Pista Norte;Abalroamento longitudinal;1;2;0;0;0;0;1
08/12/2018;21:09:00;638;sem vítima;268;BR-116/RJ;Pista Sul;Abalroamento longitudinal;2;3;0;0;0;0;1
08/12/2018;21:31:00;648;com vítima;211;BR-116/RJ;Pista Norte;Abalroamento longitudinal;1;1;1;0;0;0;1
09/12/2018;05:28:00;91;sem vítima;230;BR-116/SP;Pista Norte;Colisão traseira;1;2;0;0;0;0;1
09/12/2018;14:41:00;376;sem vítima;35;BR-116/SP;Pista Norte;Abalroamento longitudinal;1;5;0;0;0;0;1
09/12/2018;23:06:00;659;com vítima;101,5;BR-116/SP;Pista Norte;Colisão traseira;1;2;1;0;0;0;1
10/12/2018;17:12:00;611;sem vítima;114;BR-116/SP;Pista Sul;Choque em objeto fixo;1;1;0;0;0;0;1
10/12/2018;05:28:00;95;sem vítima;282,9;BR-116/RJ;Pista Norte;Abalroamento longitudinal;2;2;0;0;0;0;1
10/12/2018;06:15:00;118;sem vítima;216,4;BR-116/RJ;Pista Norte;Tombamento;1;1;0;0;0;0;1
10/12/2018;09:20:00;282;sem vítima;152,4;BR-116/SP;Pista Norte;Abalroamento longitudinal;1;2;0;0;0;0;1
10/12/2018;13:49:00;471;com vítima;168,5;BR-116/RJ;Pista Norte;Colisão traseira;1;1;0;1;0;0;2
10/12/2018;14:03:00;483;sem vítima;228;BR-116/SP;Pista Norte;Choque em objeto na pista;1;2;0;0;0;0;1
10/12/2018;18:01:00;640;sem vítima;103,7;BR-116/SP;Pista Norte;Abalroamento longitudinal;1;6;0;0;0;0;1
10/12/2018;23:14:00;832;sem vítima;319,8;BR-116/RJ;Pista Sul;Colisão traseira;2;2;0;0;0;0;1
10/12/2018;23:19:00;834;sem vítima;53,3;BR-116/SP;Pista Norte;Choque em objeto na pista;1;3;0;0;0;0;1
11/12/2018;00:51:00;30;sem vítima;131,8;BR-116/SP;Pista Norte;Choque em barreira New Jersey;1;1;0;0;0;0;1
11/12/2018;02:06:00;48;com vítima;243,7;BR-116/RJ;Pista Sul;Choque em barreira New Jersey;1;0;0;1;0;0;2
11/12/2018;02:53:00;57;sem vítima;192,1;BR-116/RJ;Pista Sul;Atropelamento de animal;1;1;0;0;0;0;1
11/12/2018;03:59:00;67;com vítima;124,7;BR-116/SP;Pista Norte;Colisão traseira;2;1;0;1;0;0;2
11/12/2018;09:21:00;269;com vítima;174,7;BR-116/RJ;Pista Sul;Engavetamento;1;6;1;1;0;0;2
11/12/2018;13:39:00;452;sem vítima;191,1;BR-116/SP;Pista Sul;Colisão traseira;1;2;0;0;0;0;1
11/12/2018;14:17:00;476;sem vítima;181,5;BR-116/RJ;Pista Norte;Colisão traseira;1;2;0;0;0;0;1
11/12/2018;16:31:00;558;com vítima;188,75;BR-116/RJ;Pista Norte;Engavetamento;2;2;1;0;0;0;1
11/12/2018;18:36:00;665;com vítima;42,6;BR-116/SP;Pista Sul;Colisão traseira;1;1;1;0;0;0;1
11/12/2018;20:58:00;750;sem vítima;165,4;BR-116/SP;Pista Sul;Colisão traseira;1;2;0;0;0;0;1
12/12/2018;06:24:00;119;sem vítima;230,5;BR-116/SP;Pista Norte;Abalroamento longitudinal;1;2;0;0;0;0;1
12/12/2018;07:27:00;185;sem vítima;215,7;BR-116/RJ;Pista Norte;Abalroamento longitudinal;1;2;0;0;0;0;1
12/12/2018;09:42:00;316;com vítima;215,5;BR-116/SP;Pista Sul;Abalroamento longitudinal;1;1;1;0;0;0;1
12/12/2018;15:21:00;566;com vítima;222,7;BR-116/SP;Pista Sul;Engavetamento;1;7;0;1;0;0;2
12/12/2018;16:50:00;642;sem vítima;196;BR-116/SP;Pista Norte;Colisão traseira;2;2;0;0;0;0;1
12/12/2018;16:54:00;647;sem vítima;176,2;BR-116/RJ;Pista Sul;Abalroamento longitudinal;1;2;0;0;0;0;1
12/12/2018;17:58:00;700;com vítima;150,1;BR-116/SP;Pista Sul;Engavetamento;2;26;3;0;0;0;1
13/12/2018;15:52:00;607;sem vítima;146;BR-116/SP;Pista Norte;Engavetamento;3;3;0;0;0;0;1
13/12/2018;11:10:00;397;sem vítima;165,2;BR-116/SP;Pista Norte;Colisão traseira;1;2;0;0;0;0;1
13/12/2018;13:45:00;501;com vítima;263;BR-116/RJ;Pista Sul;Choque em barreira New Jersey;1;0;1;0;0;0;1
13/12/2018;13:53:00;510;sem vítima;134,69;BR-116/SP;Pista Sul;Choque em objeto na pista;2;2;0;0;0;0;1
13/12/2018;13:59:00;516;sem vítima;309,8;BR-116/RJ;Pista Sul;Colisão traseira;1;2;0;0;0;0;1
13/12/2018;15:26:00;579;sem vítima;194;BR-116/SP;Pista Sul;Engavetamento;1;5;0;0;0;0;1
13/12/2018;15:33:00;586;com vítima;308,8;BR-116/RJ;Pista Sul;Engavetamento;2;2;0;1;0;0;2
13/12/2018;21:28:00;866;com vítima;313,3;BR-116/RJ;Pista Norte;Colisão traseira;1;1;0;1;0;0;2
13/12/2018;22:43:00;907;sem vítima;279,4;BR-116/RJ;Pista Sul;Choque em veículo parado na pista;3;3;0;0;0;0;1
13/12/2018;22:46:00;909;sem vítima;200;BR-116/SP;Pista Norte;Colisão traseira;1;2;0;0;0;0;1
14/12/2018;01:18:00;30;sem vítima;264,3;BR-116/RJ;Pista Norte;Colisão traseira;2;2;0;0;0;0;1
14/12/2018;02:28:00;49;sem vítima;182,5;BR-116/RJ;Pista Sul;Colisão traseira;2;2;0;0;0;0;1
14/12/2018;05:23:00;83;sem vítima;150;BR-116/SP;Pista Sul;Colisão traseira;1;3;0;0;0;0;1
14/12/2018;05:40:00;85;sem vítima;172,3;BR-116/SP;Pista Sul;Colisão traseira;2;2;0;0;0;0;1
14/12/2018;07:33:00;185;com vítima;223,5;BR-116/RJ;Pista Norte;Colisão traseira;2;1;1;0;0;0;1
14/12/2018;07:53:00;206;sem vítima;198,8;BR-116/RJ;Pista Norte;Colisão traseira;1;2;0;0;0;0;1
14/12/2018;13:23:00;482;sem vítima;156,1;BR-116/SP;Pista Sul;Choque em objeto na pista;1;2;0;0;0;0;1
14/12/2018;14:15:00;533;sem vítima;58,3;BR-116/SP;Pista Sul;Colisão traseira;2;2;0;0;0;0;1
14/12/2018;16:18:00;655;sem vítima;264;BR-116/RJ;Pista Norte;Choque em objeto fixo;1;3;0;0;0;0;1
14/12/2018;16:39:00;680;sem vítima;67;BR-116/SP;Pista Norte;Colisão traseira;1;3;0;0;0;0;1
14/12/2018;19:34:00;849;com vítima;113,2;BR-116/SP;Pista Norte;Colisão traseira;1;1;1;0;0;0;1
14/12/2018;23:44:00;979;com vítima;302,7;BR-116/RJ;Pista Sul;Colisão traseira;1;1;0;0;0;1;3
15/12/2018;03:36:00;92;sem vítima;166,5;BR-116/SP;Pista Sul;Atropelamento de animal;1;1;0;0;0;0;1
15/12/2018;04:30:00;98;com vítima;128,4;BR-116/SP;Pista Sul;Atropelamento de pedestre atravessando;1;2;0;0;0;1;3
15/12/2018;09:37:00;272;sem vítima;165;BR-116/SP;Pista Norte;Choque em barreira New Jersey;1;1;0;0;0;0;1
15/12/2018;10:47:00;326;sem vítima;172,2;BR-116/RJ;Pista Sul;Colisão traseira;1;2;0;0;0;0;1
15/12/2018;16:57:00;631;sem vítima;222,6;BR-116/SP;Pista Norte;Abalroamento longitudinal;1;2;0;0;0;0;1
15/12/2018;17:51:00;666;sem vítima;176,3;BR-116/RJ;Pista Sul;Abalroamento longitudinal;1;2;0;0;0;0;1
15/12/2018;18:43:00;715;sem vítima;38,55;BR-116/SP;Pista Norte;Choque em defensa;1;1;0;0;0;0;1
16/12/2018;18:04:00;598;sem vítima;30;BR-116/SP;Pista Norte;Abalroamento longitudinal;1;5;0;0;0;0;1
17/12/2018;00:33:00;29;sem vítima;165,2;BR-116/SP;Pista Sul;Abalroamento longitudinal;1;6;0;0;0;0;1
17/12/2018;05:01:00;81;sem vítima;223,9;BR-116/RJ;Pista Norte;Choque Talude;1;1;0;0;0;0;1
17/12/2018;10:37:00;364;sem vítima;5;BR-116/SP;Pista Sul;Choque em barreira New Jersey;1;1;0;0;0;0;1
17/12/2018;15:37:00;572;sem vítima;172;BR-116/SP;Pista Norte;Choque em objeto na pista;1;2;0;0;0;0;1
17/12/2018;16:12:00;595;sem vítima;147,3;BR-116/SP;Pista Norte;Colisão traseira;1;3;0;0;0;0;1
17/12/2018;18:16:00;685;sem vítima;227;BR-116/SP;Pista Sul;Abalroamento longitudinal;1;5;0;0;0;0;1
18/12/2018;04:28:00;69;com vítima;242,1;BR-116/RJ;Pista Norte;Colisão traseira;2;1;0;0;1;0;2
18/12/2018;07:08:00;133;sem vítima;217,1;BR-116/RJ;Pista Sul;Colisão traseira;2;2;0;0;0;0;1
18/12/2018;12:15:00;386;sem vítima;177,1;BR-116/RJ;Pista Sul;Colisão traseira;1;2;0;0;0;0;1
18/12/2018;18:15:00;658;sem vítima;201;BR-116/SP;Pista Norte;Abalroamento longitudinal;1;2;0;0;0;0;1
18/12/2018;23:33:00;844;sem vítima;171,15;BR-116/SP;Pista Norte;Choque em objeto fixo;1;2;0;0;0;0;1
18/12/2018;23:47:00;850;sem vítima;64,55;BR-116/SP;Pista Norte;Abalroamento longitudinal;1;2;0;0;0;0;1
18/12/2018;23:49:00;852;sem vítima;64,75;BR-116/SP;Pista Norte;Engavetamento;2;3;0;0;0;0;1
18/12/2018;23:55:00;854;com vítima;64,6;BR-116/SP;Pista Sul;Engavetamento;2;2;1;0;0;0;1
19/12/2018;00:40:00;30;sem vítima;215,8;BR-116/SP;Pista Norte;Colisão traseira;2;3;0;0;0;0;1
19/12/2018;00:51:00;33;com vítima;34,3;BR-116/SP;Pista Sul;Colisão traseira;2;1;0;1;0;0;2
19/12/2018;03:03:00;64;com vítima;177,2;BR-116/RJ;Pista Sul;Abalroamento longitudinal;1;1;1;0;0;0;1
19/12/2018;07:27:00;183;sem vítima;231,4;BR-116/RJ;Pista Norte;Abalroamento longitudinal;2;3;0;0;0;0;1
19/12/2018;07:32:00;187;sem vítima;231,35;BR-116/RJ;Pista Norte;Choque em objeto fixo;1;1;0;0;0;0;1
19/12/2018;09:10:00;278;com vítima;74;BR-116/SP;Pista Sul;Colisão traseira;1;1;1;0;0;0;1
19/12/2018;10:24:00;333;sem vítima;109,4;BR-116/SP;Pista Norte;Colisão traseira;2;2;0;0;0;0;1
19/12/2018;15:37:00;562;sem vítima;57,2;BR-116/SP;Pista Norte;Abalroamento longitudinal;1;3;0;0;0;0;1
19/12/2018;18:01:00;672;sem vítima;139,2;BR-116/SP;Pista Norte;Colisão traseira;1;2;0;0;0;0;1
20/12/2018;07:05:00;165;com vítima;296,2;BR-116/RJ;Pista Sul;Choque em objeto fixo;1;1;1;0;0;0;1
20/12/2018;00:53:00;32;sem vítima;145,9;BR-116/SP;Pista Norte;Colisão traseira;1;3;0;0;0;0;1
20/12/2018;01:19:00;39;sem vítima;145,85;BR-116/SP;Pista Norte;Abalroamento longitudinal;1;2;0;0;0;0;1
20/12/2018;01:25:00;41;com vítima;115,6;BR-116/SP;Pista Norte;Abalroamento longitudinal;1;1;0;2;0;0;2
20/12/2018;02:29:00;64;sem vítima;42,75;BR-116/SP;Pista Sul;Colisão traseira;2;2;0;0;0;0;1
20/12/2018;03:32:00;78;com vítima;40,5;BR-116/SP;Pista Sul;Colisão traseira;1;28;0;0;1;0;2
20/12/2018;07:31:00;190;sem vítima;34,2;BR-116/SP;Pista Norte;Colisão traseira;2;2;0;0;0;0;1
20/12/2018;08:06:00;224;com vítima;319,3;BR-116/RJ;Pista Norte;Colisão traseira;1;2;1;0;0;0;1
20/12/2018;09:09:00;272;sem vítima;108;BR-116/SP;Pista Sul;Abalroamento longitudinal;1;2;0;0;0;0;1
20/12/2018;09:34:00;295;com vítima;178,7;BR-116/RJ;Pista Norte;Colisão traseira;1;25;1;0;0;0;1
20/12/2018;09:59:00;315;sem vítima;64;BR-116/SP;Pista Norte;Colisão traseira;1;2;0;0;0;0;1
20/12/2018;12:07:00;410;sem vítima;251,5;BR-116/RJ;Pista Sul;Abalroamento longitudinal;2;2;0;0;0;0;1
20/12/2018;15:18:00;567;com vítima;329,5;BR-116/RJ;Pista Norte;Tombamento;1;0;0;1;0;0;2
20/12/2018;16:55:00;644;sem vítima;261,6;BR-116/RJ;Pista Norte;Tombamento;1;1;0;0;0;0;1
20/12/2018;19:26:00;753;sem vítima;152,7;BR-116/SP;Pista Norte;Abalroamento longitudinal;1;2;0;0;0;0;1
21/12/2018;00:03:00;17;sem vítima;45,2;BR-116/SP;Pista Sul;Engavetamento;1;3;0;0;0;0;1
21/12/2018;00:07:00;18;sem vítima;72,15;BR-116/SP;Pista Norte;Choque em barreira New Jersey;1;1;0;0;0;0;1
21/12/2018;02:30:00;57;com vítima;31,2;BR-116/SP;Pista Sul;Colisão traseira;2;3;0;0;1;0;2
21/12/2018;03:18:00;68;sem vítima;265,4;BR-116/RJ;Pista Norte;Choque em objeto fixo;1;2;0;0;0;0;1
21/12/2018;07:25:00;171;sem vítima;190,2;BR-116/RJ;Pista Norte;Colisão traseira;1;2;0;0;0;0;1
21/12/2018;12:22:00;417;com vítima;229,3;BR-116/SP;Pista Sul;Abalroamento longitudinal;1;2;1;0;0;0;1
21/12/2018;15:10:00;551;sem vítima;282,8;BR-116/RJ;Pista Norte;Choque em veículo parado na pista;1;3;0;0;0;0;1
21/12/2018;15:56:00;596;sem vítima;218,2;BR-116/SP;Pista Norte;Abalroamento longitudinal;1;2;0;0;0;0;1
21/12/2018;21:01:00;813;sem vítima;128,9;BR-116/SP;Pista Norte;Colisão traseira;1;3;0;0;0;0;1
21/12/2018;21:28:00;830;sem vítima;177;BR-116/RJ;Pista Sul;Engavetamento;1;4;0;0;0;0;1
21/12/2018;22:36:00;861;sem vítima;126;BR-116/SP;Pista Norte;Colisão traseira;1;1;0;0;0;0;1
22/12/2018;00:59:00;38;sem vítima;22,3;BR-116/SP;Pista Sul;Choque em veículo parado na pista;1;3;0;0;0;0;1