data;horario;n_da_ocorrencia;tipo_de_ocorrencia;km;trecho;sentido;tipo_de_acidente;caminhao;ilesos;levemente_feridos;moderadamente_feridos;gravemente_feridos;mortos;3
22/12/2018;01:33:00;51;com vítima;318,5;BR-116/RJ;Pista Sul;Colisão traseira;1;4;1;0;0;0;1
22/12/2018;03:32:00;81;sem vítima;51,8;BR-116/SP;Pista Norte;Colisão traseira;1;2;0;0;0;0;1
22/12/2018;10:17:00;375;sem vítima;182,3;BR-116/SP;Pista Norte;Abalroamento longitudinal;2;2;0;0;0;0;1
22/12/2018;10:51:00;415;sem vítima;227,6;BR-116/RJ;Pista Norte;Colisão traseira;1;4;0;0;0;0;1
22/12/2018;12:46:00;512;sem vítima;123,8;BR-116/SP;Pista Norte;Abalroamento longitudinal;2;3;0;0;0;0;1
22/12/2018;13:06:00;532;sem vítima;207,1;BR-116/RJ;Pista Sul;Engavetamento;1;3;0;0;0;0;1
22/12/2018;14:22:00;598;sem vítima;24,7;BR-116/SP;Pista Norte;Abalroamento longitudinal;1;5;0;0;0;0;1
22/12/2018;15:33:00;652;sem vítima;220,9;BR-116/SP;Pista Norte;Choque em barreira New Jersey;1;1;0;0;0;0;1
22/12/2018;16:01:00;680;com vítima;304,5;BR-116/RJ;Pista Norte;Choque em barreira New Jersey;1;0;0;1;0;0;2
22/12/2018;18:46:00;804;sem vítima;59,8;BR-116/SP;Pista Sul;Abalroamento longitudinal;1;2;0;0;0;0;1
22/12/2018;21:10:00;910;com vítima;1,8;BR-116/SP;Pista Sul;Choque em objeto fixo;1;0;0;1;0;0;2
24/12/2018;04:10:00;69;sem vítima;34,9;BR-116/SP;Pista Norte;Abalroamento longitudinal;1;3;0;0;0;0;1
24/12/2018;06:55:00;102;sem vítima;318,9;BR-116/RJ;Pista Sul;Colisão traseira;1;6;0;0;0;0;1
24/12/2018;15:43:00;347;com vítima;212,2;BR-116/SP;Pista Sul;Abalroamento longitudinal;2;4;0;0;1;0;2
24/12/2018;20:58:00;463;com vítima;274,1;BR-116/RJ;Pista Sul;Capotamento;1;1;2;1;0;0;2
25/12/2018;23:30:00;568;com vítima;328,5;BR-116/RJ;Pista Sul;Tombamento;1;0;0;1;0;0;2
26/12/2018;11:28:00;315;sem vítima;154;BR-116/SP;Pista Sul;Abalroamento longitudinal;1;2;0;0;0;0;1
26/12/2018;06:57:00;115;com vítima;268,41;BR-116/RJ;Pista Sul;Choque em veículo parado na pista;1;45;2;0;0;0;1
26/12/2018;15:16:00;440;sem vítima;165,2;BR-116/SP;Pista Norte;Abalroamento longitudinal;1;2;0;0;0;0;1
26/12/2018;20:39:00;662;sem vítima;43,8;BR-116/SP;Pista Sul;Abalroamento longitudinal;1;2;0;0;0;0;1
26/12/2018;23:29:00;735;sem vítima;141,87;BR-116/SP;Pista Norte;Colisão traseira;1;2;0;0;0;0;1
27/12/2018;19:10:00;618;sem vítima;221,4;BR-116/SP;Pista Norte;Engavetamento;1;30;0;0;0;0;1
27/12/2018;05:15:00;74;sem vítima;247;BR-116/RJ;Pista Norte;Choque em objeto fixo;1;1;0;0;0;0;1
27/12/2018;07:47:00;187;sem vítima;223;BR-116/RJ;Pista Norte;Choque Talude;1;1;0;0;0;0;1
27/12/2018;10:07:00;296;com vítima;230,1;BR-116/SP;Pista Sul;Engavetamento;1;2;3;0;0;0;1
27/12/2018;16:45:00;515;sem vítima;76,7;BR-116/SP;Pista Sul;Abalroamento longitudinal;1;2;0;0;0;0;1
28/12/2018;04:40:00;99;sem vítima;24,75;BR-116/SP;Pista Norte;Colisão traseira;1;2;0;0;0;0;1
28/12/2018;06:53:00;149;sem vítima;269,15;BR-116/RJ;Pista Norte;Abalroamento longitudinal;2;2;0;0;0;0;1
28/12/2018;09:10:00;269;sem vítima;281;BR-116/RJ;Pista Norte;Abalroamento longitudinal;1;2;0;0;0;0;1
28/12/2018;09:28:00;276;sem vítima;117,9;BR-116/SP;Pista Norte;Colisão traseira;1;2;0;0;0;0;1
28/12/2018;15:45:00;507;sem vítima;28;BR-116/SP;Pista Norte;Engavetamento;1;9;0;0;0;0;1
28/12/2018;16:22:00;527;sem vítima;253,3;BR-116/RJ;Pista Sul;Choque em barreira New Jersey;1;2;0;0;0;0;1
28/12/2018;18:07:00;601;sem vítima;55,3;BR-116/SP;Pista Sul;Abalroamento longitudinal;1;5;0;0;0;0;1
28/12/2018;18:38:00;628;sem vítima;226,7;BR-116/RJ;Pista Norte;Abalroamento longitudinal;1;4;0;0;0;0;1
29/12/2018;06:56:00;142;com vítima;207,1;BR-116/RJ;Pista Sul;Colisão traseira;1;1;1;0;0;0;1
29/12/2018;10:43:00;282;sem vítima;222,65;BR-116/RJ;Pista Norte;Choque em barreira New Jersey;1;1;0;0;0;0;1
29/12/2018;11:58:00;330;sem vítima;171,5;BR-116/SP;Pista Sul;Colisão traseira;1;2;0;0;0;0;1
29/12/2018;12:54:00;359;sem vítima;147,9;BR-116/SP;Pista Sul;Abalroamento longitudinal;1;2;0;0;0;0;1
30/12/2018;00:42:00;22;com vítima;229,9;BR-116/SP;Pista Norte;Colisão traseira;1;4;2;0;0;0;1
30/12/2018;09:51:00;191;sem vítima;222,2;BR-116/SP;Pista Norte;Abalroamento longitudinal;1;3;0;0;0;0;1
02/01/2019;06:57:00;132;com vítima;227,1;BR-116/RJ;Pista Norte;Tombamento;1;0;1;0;0;0;1
02/01/2019;08:21:00;187;com vítima;318,9;BR-116/RJ;Pista Sul;Engavetamento;1;6;1;0;0;0;1
02/01/2019;11:04:00;288;sem vítima;165,2;BR-116/RJ;Pista Sul;Abalroamento longitudinal;1;2;0;0;0;0;1
02/01/2019;12:38:00;345;sem vítima;51;BR-116/SP;Pista Norte;Abalroamento longitudinal;1;6;0;0;0;0;1
02/01/2019;14:10:00;431;sem vítima;165,4;BR-116/SP;Pista Norte;Abalroamento longitudinal;2;2;0;0;0;0;1
02/01/2019;14:18:00;441;sem vítima;207,1;BR-116/RJ;Pista Sul;Colisão traseira;1;2;0;0;0;0;1
03/01/2019;10:45:00;292;com vítima;286,5;BR-116/RJ;Pista Sul;Choque em barreira New Jersey;1;0;1;0;0;0;1
03/01/2019;14:49:00;463;com vítima;299,5;BR-116/RJ;Pista Sul;Abalroamento longitudinal;1;4;1;0;0;0;1
03/01/2019;14:50:00;465;sem vítima;102,25;BR-116/SP;Pista Sul;Outros;1;1;0;0;0;0;1
03/01/2019;18:16:00;594;sem vítima;221,91;BR-116/RJ;Pista Norte;Engavetamento;3;5;0;0;0;0;1
03/01/2019;19:43:00;641;sem vítima;140,84;BR-116/SP;Pista Sul;Colisão traseira;1;2;0;0;0;0;1
03/01/2019;20:34:00;674;com vítima;28,5;BR-116/SP;Pista Sul;Engavetamento;1;6;2;0;0;0;1
04/01/2019;08:53:00;193;sem vítima;142,4;BR-116/SP;Pista Sul;Choque em objeto na pista;1;2;0;0;0;0;1
04/01/2019;15:58:00;477;com vítima;67,4;BR-116/SP;Pista Norte;Tombamento;1;0;1;0;0;0;1
04/01/2019;16:14:00;495;sem vítima;69,2;BR-116/SP;Pista Norte;Engavetamento;2;8;0;0;0;0;1
04/01/2019;16:44:00;519;sem vítima;200,8;BR-116/SP;Pista Norte;Choque em objeto fixo;1;2;0;0;0;0;1
05/01/2019;09:41:00;182;sem vítima;173;BR-116/SP;Pista Sul;Tombamento;1;1;0;0;0;0;1
05/01/2019;11:46:00;252;sem vítima;26;BR-116/SP;Pista Sul;Colisão traseira;1;2;0;0;0;0;1
06/01/2019;16:11:00;350;sem vítima;221,1;BR-116/RJ;Pista Norte;Choque em defensa;1;1;0;0;0;0;1
07/01/2019;05:06:00;75;com vítima;244,1;BR-116/RJ;Pista Norte;Colisão traseira;1;1;0;1;0;0;2
07/01/2019;06:45:00;132;sem vítima;173,5;BR-116/RJ;Pista Norte;Abalroamento longitudinal;1;2;0;0;0;0;1
07/01/2019;09:43:00;299;sem vítima;164,3;BR-116/RJ;Pista Norte;Colisão traseira;1;2;0;0;0;0;1
07/01/2019;12:32:00;402;sem vítima;137,5;BR-116/SP;Pista Sul;Colisão traseira;1;2;0;0;0;0;1
07/01/2019;14:42:00;477;sem vítima;95,5;BR-116/SP;Pista Norte;Colisão traseira;1;6;0;0;0;0;1
08/01/2019;03:55:00;52;sem vítima;214,45;BR-116/RJ;Pista Sul;Choque em barreira New Jersey;1;1;0;0;0;0;1
08/01/2019;05:14:00;66;sem vítima;223,25;BR-116/RJ;Pista Norte;Choque Talude;1;3;0;0;0;0;1
08/01/2019;11:03:00;309;sem vítima;223,7;BR-116/SP;Pista Sul;Abalroamento longitudinal;1;4;0;0;0;0;1
08/01/2019;12:09:00;341;sem vítima;187,9;BR-116/RJ;Pista Sul;Abalroamento longitudinal;1;3;0;0;0;0;1
08/01/2019;13:49:00;404;sem vítima;215,6;BR-116/SP;Pista Norte;Abalroamento longitudinal;1;6;0;0;0;0;1
08/01/2019;14:40:00;437;sem vítima;223,95;BR-116/RJ;Pista Norte;Colisão traseira;2;3;0;0;0;0;1
08/01/2019;20:46:00;676;sem vítima;165,2;BR-116/SP;Pista Sul;Colisão traseira;1;6;0;0;0;0;1
08/01/2019;21:09:00;687;sem vítima;186,2;BR-116/SP;Pista Norte;Choque em objeto fixo;1;1;0;0;0;0;1
09/01/2019;00:36:00;22;sem vítima;199,4;BR-116/RJ;Pista Sul;Choque em defensa;1;1;0;0;0;0;1
09/01/2019;05:48:00;62;com vítima;215;BR-116/SP;Pista Norte;Abalroamento longitudinal;1;1;1;0;0;0;1
09/01/2019;07:59:00;149;com vítima;18,4;BR-116/SP;Pista Norte;Colisão traseira;1;1;1;0;0;0;1
09/01/2019;08:52:00;187;sem vítima;138;BR-116/SP;Pista Sul;Colisão traseira;1;4;0;0;0;0;1
10/01/2019;12:38:00;386;com vítima;224,4;BR-116/RJ;Pista Norte;Tombamento;1;0;1;0;0;0;1
10/01/2019;15:09:00;497;com vítima;168,8;BR-116/RJ;Pista Norte;Engavetamento;1;14;2;0;0;0;1
10/01/2019;15:59:00;525;sem vítima;279,2;BR-116/RJ;Pista Sul;Choque em objeto na pista;1;1;0;0;0;0;1
10/01/2019;16:57:00;566;com vítima;280,17;BR-116/RJ;Pista Sul;Colisão traseira;2;1;1;0;0;0;1
10/01/2019;17:15:00;577;sem vítima;220,6;BR-116/SP;Pista Norte;Engavetamento;1;8;0;0;0;0;1
11/01/2019;02:22:00;56;sem vítima;118,8;BR-116/SP;Pista Norte;Colisão traseira;1;2;0;0;0;0;1
11/01/2019;02:23:00;58;sem vítima;272;BR-116/RJ;Pista Norte;Outros;1;2;0;0;0;0;1
11/01/2019;07:37:00;181;com vítima;18,2;BR-116/SP;Pista Sul;Atropelamento de pedestre caminhando;1;1;0;1;0;0;2
11/01/2019;09:45:00;287;sem vítima;170,9;BR-116/RJ;Pista Norte;Colisão traseira;1;2;0;0;0;0;1
11/01/2019;10:39:00;327;com vítima;219,45;BR-116/SP;Pista Sul;Abalroamento longitudinal;1;2;1;0;0;0;1
11/01/2019;13:27:00;432;com vítima;189,75;BR-116/SP;Pista Sul;Tombamento;1;0;2;0;0;0;1
11/01/2019;15:54:00;545;com vítima;223,3;BR-116/RJ;Pista Norte;Engavetamento;2;2;3;2;0;0;2
11/01/2019;17:46:00;634;sem vítima;155,1;BR-116/SP;Pista Norte;Engavetamento;1;6;0;0;0;0;1
11/01/2019;19:25:00;710;sem vítima;169;BR-116/SP;Pista Norte;Tombamento;1;1;0;0;0;0;1
12/01/2019;23:11:00;625;sem vítima;318,9;BR-116/RJ;Pista Norte;Colisão traseira;1;2;0;0;0;0;1
12/01/2019;04:19:00;64;sem vítima;208,6;BR-116/RJ;Pista Sul;Atropelamento de animal;1;1;0;0;0;0;1
12/01/2019;09:12:00;203;sem vítima;34,2;BR-116/SP;Pista Sul;Colisão traseira;1;6;0;0;0;0;1
13/01/2019;07:10:00;86;sem vítima;80,9;BR-116/SP;Pista Norte;Abalroamento longitudinal;2;2;0;0;0;0;1
13/01/2019;16:27:00;346;sem vítima;227;BR-116/RJ;Pista Norte;Colisão traseira;1;6;0;0;0;0;1
14/01/2019;05:50:00;65;sem vítima;105,2;BR-116/SP;Pista Norte;Colisão traseira;1;2;0;0;0;0;1
14/01/2019;07:28:00;130;sem vítima;294,4;BR-116/RJ;Pista Norte;Abalroamento longitudinal;1;4;0;0;0;0;1
14/01/2019;18:41:00;593;com vítima;211,96;BR-116/SP;Pista Norte;Queda de moto;1;1;1;0;0;0;1
14/01/2019;19:53:00;639;sem vítima;189,4;BR-116/SP;Pista Sul;Colisão traseira;1;2;0;0;0;0;1
15/01/2019;03:29:00;61;com vítima;72,1;BR-116/SP;Pista Sul;Colisão traseira;2;3;1;0;0;0;1
15/01/2019;08:20:00;184;com vítima;60;BR-116/SP;Pista Norte;Colisão traseira;2;1;1;0;0;0;1
15/01/2019;15:08:00;420;sem vítima;75,2;BR-116/SP;Pista Sul;Outros;1;1;0;0;0;0;1
15/01/2019;17:14:00;497;com vítima;23,3;BR-116/SP;Pista Sul;Choque em barreira New Jersey;1;1;1;0;0;0;1
15/01/2019;18:05:00;527;sem vítima;116,5;BR-116/SP;Pista Sul;Colisão traseira;1;2;0;0;0;0;1
16/01/2019;03:53:00;59;sem vítima;231;BR-116/SP;Pista Sul;Colisão traseira;1;13;0;0;0;0;1
16/01/2019;07:14:00;143;sem vítima;177,4;BR-116/SP;Pista Norte;Colisão traseira;1;5;0;0;0;0;1
16/01/2019;08:21:00;195;sem vítima;118;BR-116/SP;Pista Norte;Choque em barreira New Jersey;1;4;0;0;0;0;1
16/01/2019;08:37:00;207;com vítima;147,6;BR-116/SP;Pista Norte;Atropelamento de pedestre atravessando;1;2;1;0;0;0;1
16/01/2019;09:24:00;240;sem vítima;183,7;BR-116/RJ;Pista Norte;Engavetamento;2;3;0;0;0;0;1
16/01/2019;10:10:00;261;sem vítima;202,4;BR-116/SP;Pista Norte;Abalroamento longitudinal;1;5;0;0;0;0;1
16/01/2019;15:02:00;438;com vítima;205,3;BR-116/RJ;Pista Sul;Colisão traseira;2;2;0;1;0;0;2
16/01/2019;17:34:00;545;com vítima;282,3;BR-116/RJ;Pista Norte;Engavetamento;1;2;7;0;0;0;1
17/01/2019;06:51:00;105;sem vítima;64,8;BR-116/SP;Pista Sul;Choque em objeto fixo;1;1;0;0;0;0;1
17/01/2019;07:49:00;157;sem vítima;241,2;BR-116/RJ;Pista Norte;Tombamento;1;1;0;0;0;0;1
17/01/2019;00:22:00;21;com vítima;310;BR-116/RJ;Pista Sul;Colisão traseira;2;0;2;0;0;0;1
17/01/2019;03:21:00;57;com vítima;132,2;BR-116/SP;Pista Norte;Colisão traseira;1;2;0;1;0;0;2
17/01/2019;08:53:00;217;sem vítima;180,6;BR-116/RJ;Pista Norte;Engavetamento;1;3;0;0;0;0;1
17/01/2019;09:36:00;249;sem vítima;172;BR-116/RJ;Pista Norte;Choque em objeto fixo;1;1;0;0;0;0;1
17/01/2019;12:47:00;360;sem vítima;305,25;BR-116/RJ;Pista Sul;Abalroamento longitudinal;1;2;0;0;0;0;1
17/01/2019;17:16:00;539;sem vítima;175,2;BR-116/RJ;Pista Norte;Abalroamento longitudinal;1;2;0;0;0;0;1
17/01/2019;17:43:00;560;com vítima;240,8;BR-116/RJ;Pista Sul;Queda de ribanceira;1;0;0;0;1;0;2
17/01/2019;18:41:00;602;sem vítima;159,5;BR-116/SP;Pista Norte;Engavetamento;1;8;0;0;0;0;1
18/01/2019;00:37:00;19;sem vítima;159;BR-116/SP;Pista Norte;Choque em objeto fixo;1;1;0;0;0;0;1
18/01/2019;01:17:00;29;sem vítima;22,7;BR-116/SP;Pista Norte;Abalroamento longitudinal;2;2;0;0;0;0;1
18/01/2019;07:28:00;142;sem vítima;140;BR-116/SP;Pista Sul;Colisão traseira;2;2;0;0;0;0;1
18/01/2019;07:34:00;148;sem vítima;202,8;BR-116/RJ;Pista Sul;Abalroamento longitudinal;1;2;0;0;0;0;1
18/01/2019;14:32:00;450;sem vítima;221,5;BR-116/RJ;Pista Sul;Abalroamento longitudinal;1;2;0;0;0;0;1
18/01/2019;16:15:00;528;sem vítima;256;BR-116/RJ;Pista Sul;Atropelamento de animal;1;1;0;0;0;0;1
18/01/2019;22:11:00;774;sem vítima;236;BR-116/RJ;Pista Sul;Colisão traseira;1;7;0;0;0;0;1
18/01/2019;22:50:00;789;com vítima;149;BR-116/SP;Pista Norte;Tombamento;1;0;0;2;0;0;2
19/01/2019;02:58:00;64;sem vítima;102,3;BR-116/SP;Pista Norte;Abalroamento longitudinal;1;4;0;0;0;0;1
19/01/2019;13:07:00;334;com vítima;166,2;BR-116/RJ;Pista Sul;Abalroamento longitudinal;1;2;1;0;0;0;1
19/01/2019;17:41:00;483;sem vítima;165,2;BR-116/SP;Pista Sul;Colisão traseira;1;4;0;0;0;0;1
20/01/2019;16:08:00;376;sem vítima;84,4;BR-116/SP;Pista Sul;Colisão traseira;1;2;0;0;0;0;1
20/01/2019;17:16:00;426;com vítima;226,85;BR-116/RJ;Pista Sul;Colisão traseira;1;3;3;0;0;0;1
21/01/2019;10:53:00;357;sem vítima;226,3;BR-116/RJ;Pista Sul;Abalroamento longitudinal;2;2;0;0;0;0;1
21/01/2019;04:49:00;76;sem vítima;44,95;BR-116/SP;Pista Norte;Capotamento;1;1;0;0;0;0;1
21/01/2019;05:12:00;82;sem vítima;175;BR-116/RJ;Pista Norte;Abalroamento longitudinal;1;2;0;0;0;0;1
22/01/2019;04:59:00;74;sem vítima;273,2;BR-116/RJ;Pista Norte;Atropelamento de animal;1;1;0;0;0;0;1
22/01/2019;07:03:00;138;com vítima;194,7;BR-116/RJ;Pista Norte;Colisão traseira;1;1;1;0;0;0;1
22/01/2019;15:12:00;502;sem vítima;65,6;BR-116/SP;Pista Sul;Abalroamento longitudinal;1;3;0;0;0;0;1
22/01/2019;15:27:00;512;sem vítima;265,6;BR-116/RJ;Pista Sul;Colisão traseira;1;2;0;0;0;0;1
22/01/2019;16:51:00;548;sem vítima;300,6;BR-116/RJ;Pista Sul;Colisão traseira;1;2;0;0;0;0;1
22/01/2019;16:54:00;551;sem vítima;323,5;BR-116/RJ;Pista Norte;Abalroamento longitudinal;1;2;0;0;0;0;1
23/01/2019;05:00:00;57;sem vítima;245,4;BR-116/RJ;Pista Norte;Tombamento;1;1;0;0;0;0;1
23/01/2019;14:35:00;432;com vítima;166,9;BR-116/RJ;Pista Sul;Abalroamento longitudinal;1;3;1;0;0;0;1
24/01/2019;02:32:00;45;sem vítima;168,2;BR-116/RJ;Pista Norte;Colisão traseira;2;3;0;0;0;0;1
24/01/2019;05:55:00;91;sem vítima;220,3;BR-116/RJ;Pista Norte;Colisão traseira;1;2;0;0;0;0;1
24/01/2019;06:59:00;131;com vítima;187,5;BR-116/RJ;Pista Norte;Abalroamento longitudinal;1;2;0;1;0;0;2
24/01/2019;13:39:00;427;com vítima;148;BR-116/SP;Pista Norte;Engavetamento;1;5;1;0;0;0;1
24/01/2019;16:00:00;524;sem vítima;27,2;BR-116/SP;Pista Norte;Colisão traseira;2;2;0;0;0;0;1
24/01/2019;16:39:00;545;sem vítima;176,2;BR-116/RJ;Pista Sul;Abalroamento longitudinal;1;2;0;0;0;0;1
24/01/2019;17:46:00;587;sem vítima;197,5;BR-116/SP;Pista Norte;Tombamento;1;1;0;0;0;0;1
25/01/2019;12:20:00;378;sem vítima;224,1;BR-116/RJ;Pista Sul;Choque em objeto fixo;1;1;0;0;0;0;1
25/01/2019;15:18:00;484;sem vítima;104,9;BR-116/SP;Pista Sul;Colisão traseira;2;2;0;0;0;0;1
25/01/2019;17:09:00;573;sem vítima;224,7;BR-116/RJ;Pista Norte;Tombamento;1;2;0;0;0;0;1
25/01/2019;17:47:00;596;sem vítima;220,297;BR-116/RJ;Pista Sul;Choque em objeto fixo;1;1;0;0;0;0;1
25/01/2019;18:36:00;639;com vítima;224,9;BR-116/SP;Pista Norte;Choque em defensa;1;6;1;0;0;0;1
25/01/2019;18:41:00;644;sem vítima;97,24;BR-116/SP;Pista Sul;Colisão traseira;1;6;0;0;0;0;1
25/01/2019;21:37:00;740;sem vítima;224,8;BR-116/RJ;Pista Norte;Colisão traseira;1;2;0;0;0;0;1
26/01/2019;05:33:00;79;sem vítima;178,4;BR-116/SP;Pista Sul;Choque em objeto fixo;1;2;0;0;0;0;1
26/01/2019;09:54:00;215;com vítima;28,2;BR-116/SP;Pista Norte;Colisão traseira;1;3;1;0;0;0;1
26/01/2019;11:44:00;275;com vítima;236,7;BR-116/RJ;Pista Sul;Abalroamento longitudinal;1;1;2;0;0;0;1
26/01/2019;12:19:00;301;sem vítima;64,9;BR-116/SP;Pista Sul;Choque em objeto fixo;1;1;0;0;0;0;1
27/01/2019;07:48:00;115;com vítima;162;BR-116/SP;Pista Norte;Abalroamento longitudinal;1;1;1;0;0;0;1
27/01/2019;14:42:00;305;sem vítima;321,6;BR-116/RJ;Pista Norte;Abalroamento longitudinal;1;4;0;0;0;0;1
27/01/2019;17:21:00;401;sem vítima;223,95;BR-116/RJ;Pista Norte;Choque em barreira New Jersey;1;1;0;0;0;0;1
28/01/2019;05:38:00;80;sem vítima;94,8;BR-116/SP;Pista Sul;Choque em objeto na pista;1;9;0;0;0;0;1
28/01/2019;07:04:00;127;sem vítima;123,45;BR-116/SP;Pista Norte;Colisão traseira;1;2;0;0;0;0;1
28/01/2019;08:33:00;198;sem vítima;147,1;BR-116/SP;Pista Norte;Choque em defensa;1;1;0;0;0;0;1
28/01/2019;14:51:00;482;com vítima;228;BR-116/SP;Pista Norte;Abalroamento longitudinal;1;1;1;0;0;0;1
28/01/2019;16:32:00;557;sem vítima;154,6;BR-116/SP;Pista Sul;Abalroamento longitudinal;1;3;0;0;0;0;1
28/01/2019;17:38:00;607;com vítima;285;BR-116/RJ;Pista Sul;Abalroamento longitudinal;1;1;1;0;0;0;1
28/01/2019;19:05:00;677;com vítima;266,1;BR-116/RJ;Pista Sul;Colisão traseira;1;0;0;1;1;0;2
28/01/2019;19:12:00;679;sem vítima;161;BR-116/SP;Pista Norte;Queda de Carga;1;1;0;0;0;0;1
28/01/2019;19:36:00;693;sem vítima;179,5;BR-116/SP;Pista Norte;Abalroamento longitudinal;1;2;0;0;0;0;1
29/01/2019;10:44:00;294;sem vítima;146,9;BR-116/SP;Pista Sul;Abalroamento longitudinal;1;3;0;0;0;0;1
29/01/2019;18:31:00;599;com vítima;58;BR-116/SP;Pista Sul;Abalroamento longitudinal;1;3;1;0;0;0;1
30/01/2019;07:49:00;173;sem vítima;30;BR-116/SP;Pista Norte;Choque em barreira New Jersey;1;1;0;0;0;0;1
30/01/2019;07:50:00;175;sem vítima;210,8;BR-116/RJ;Pista Norte;Abalroamento longitudinal;1;2;0;0;0;0;1
30/01/2019;11:52:00;369;sem vítima;158,4;BR-116/SP;Pista Sul;Abalroamento longitudinal;2;2;0;0;0;0;1
30/01/2019;12:10:00;381;sem vítima;133;BR-116/SP;Pista Norte;Engavetamento;3;3;0;0;0;0;1
30/01/2019;14:52:00;484;sem vítima;163,8;BR-116/SP;Pista Sul;Choque em defensa;2;2;0;0;0;0;1
30/01/2019;15:00:00;492;com vítima;237,2;BR-116/RJ;Pista Sul;Abalroamento longitudinal;1;1;1;0;0;0;1
30/01/2019;16:33:00;570;sem vítima;207,1;BR-116/RJ;Pista Sul;Colisão traseira;1;2;0;0;0;0;1
30/01/2019;22:58:00;827;sem vítima;274,8;BR-116/RJ;Pista Norte;Abalroamento longitudinal;1;8;0;0;0;0;1
31/01/2019;21:36:00;750;sem vítima;224,7;BR-116/SP;Pista Sul;Abalroamento longitudinal;1;6;0;0;0;0;1
31/01/2019;22:06:00;762;com vítima;222;BR-116/SP;Pista Norte;Engavetamento;1;2;1;0;0;0;1
31/01/2019;04:08:00;72;sem vítima;109;BR-116/SP;Pista Sul;Choque em barreira New Jersey;1;2;0;0;0;0;1
31/01/2019;12:17:00;358;sem vítima;270;BR-116/RJ;Pista Norte;Abalroamento longitudinal;1;2;0;0;0;0;1
31/01/2019;14:45:00;458;com vítima;268,8;BR-116/RJ;Pista Norte;Atropelamento de pedestre atravessando;1;1;0;0;0;1;3
31/01/2019;17:00:00;556;sem vítima;222,3;BR-116/RJ;Pista Norte;Abalroamento longitudinal;1;2;0;0;0;0;1
31/01/2019;21:34:00;747;com vítima;214,5;BR-116/SP;Pista Norte;Engavetamento;1;3;1;0;0;0;1
31/01/2019;22:25:00;770;sem vítima;214,5;BR-116/SP;Pista Norte;Abalroamento longitudinal;1;4;0;0;0;0;1
01/02/2019;10:50:00;306;sem vítima;299,5;BR-116/RJ;Pista Sul;Colisão traseira;1;2;0;0;0;0;1
01/02/2019;18:53:00;652;sem vítima;147,4;BR-116/SP;Pista Norte;Colisão traseira;1;2;0;0;0;0;1
01/02/2019;23:49:00;826;sem vítima;141,8;BR-116/SP;Pista Sul;Colisão traseira;2;2;0;0;0;0;1
02/02/2019;00:12:00;19;com vítima;289,7;BR-116/RJ;Pista Sul;Abalroamento longitudinal;1;4;0;2;0;0;2
02/02/2019;06:09:00;96;sem vítima;307,8;BR-116/RJ;Pista Norte;Queda de ribanceira;1;1;0;0;0;0;1
02/02/2019;06:53:00;109;sem vítima;217,6;BR-116/RJ;Pista Norte;Abalroamento longitudinal;2;2;0;0;0;0;1
02/02/2019;12:07:00;273;sem vítima;308;BR-116/RJ;Pista Norte;Colisão traseira;1;2;0;0;0;0;1
02/02/2019;14:54:00;363;com vítima;168,6;BR-116/SP;Pista Sul;Colisão traseira;2;2;1;0;0;0;1
02/02/2019;22:17:00;638;sem vítima;152;BR-116/SP;Pista Sul;Choque em veículo parado na pista;1;2;0;0;0;0;1
03/02/2019;07:53:00;129;sem vítima;247,56;BR-116/RJ;Pista Norte;Colisão traseira;1;5;0;0;0;0;1
03/02/2019;10:56:00;221;com vítima;220,4;BR-116/RJ;Pista Norte;Tombamento;1;0;1;0;0;0;1
03/02/2019;12:22:00;258;sem vítima;84;BR-116/SP;Pista Sul;Colisão traseira;1;2;0;0;0;0;1
04/02/2019;02:03:00;41;com vítima;142,3;BR-116/SP;Pista Norte;Colisão traseira;2;1;1;0;0;0;1
12/02/2019;01:48:00;42;sem vítima;167,6;BR-116/SP;Pista Norte;Abalroamento longitudinal;1;2;0;0;0;0;1
21/02/2019;18:14:00;587;sem vítima;162,5;BR-116/SP;Pista Sul;Abalroamento longitudinal;2;3;0;0;0;0;1
21/02/2019;18:51:00;616;sem vítima;156,2;BR-116/SP;Pista Norte;Colisão traseira;1;2;0;0;0;0;1
04/02/2019;06:26:00;121;com vítima;213;BR-116/SP;Pista Norte;Colisão traseira;1;1;1;1;0;0;2
04/02/2019;10:19:00;331;sem vítima;224,2;BR-116/SP;Pista Sul;Colisão traseira;1;2;0;0;0;0;1
04/02/2019;10:29:00;339;sem vítima;65,35;BR-116/SP;Pista Norte;Abalroamento longitudinal;1;2;0;0;0;0;1
04/02/2019;15:36:00;509;sem vítima;108;BR-116/SP;Pista Sul;Colisão traseira;1;5;0;0;0;0;1
04/02/2019;20:07:00;696;sem vítima;306,5;BR-116/RJ;Pista Norte;Choque em barreira New Jersey;1;1;0;0;0;0;1
04/02/2019;20:41:00;711;sem vítima;305;BR-116/RJ;Pista Norte;Outros;1;1;0;0;0;0;1
05/02/2019;01:29:00;34;com vítima;58,4;BR-116/SP;Pista Sul;Colisão traseira;2;1;0;1;0;0;2
05/02/2019;03:02:00;51;sem vítima;263,3;BR-116/RJ;Pista Sul;Choque em defensa;1;1;0;0;0;0;1
05/02/2019;07:35:00;153;sem vítima;233,3;BR-116/RJ;Pista Sul;Abalroamento longitudinal;1;2;0;0;0;0;1
05/02/2019;10:36:00;317;sem vítima;226,2;BR-116/RJ;Pista Norte;Choque Talude;1;1;0;0;0;0;1
05/02/2019;13:51:00;440;sem vítima;273,2;BR-116/RJ;Pista Sul;Engavetamento;1;4;0;0;0;0;1
05/02/2019;14:02:00;446;sem vítima;281;BR-116/RJ;Pista Sul;Abalroamento longitudinal;2;2;0;0;0;0;1