data;horario;n_da_ocorrencia;tipo_de_ocorrencia;km;trecho;sentido;tipo_de_acidente;caminhao;ilesos;levemente_feridos;moderadamente_feridos;gravemente_feridos;mortos;3
06/02/2019;00:46:00;18;sem vítima;40,35;BR-116/SP;Pista Norte;Abalroamento longitudinal;2;2;0;0;0;0;1
06/02/2019;09:28:00;219;sem vítima;239,95;BR-116/RJ;Pista Sul;Choque em defensa;1;1;0;0;0;0;1
06/02/2019;14:08:00;365;sem vítima;85,1;BR-116/SP;Pista Norte;Choque em veículo parado na pista;1;2;0;0;0;0;1
06/02/2019;14:13:00;370;sem vítima;191,6;BR-116/SP;Pista Norte;Choque em barreira New Jersey;1;1;0;0;0;0;1
06/02/2019;16:12:00;440;com vítima;200;BR-116/SP;Pista Norte;Colisão traseira;1;1;1;0;0;0;1
06/02/2019;16:35:00;462;sem vítima;294;BR-116/RJ;Pista Sul;Colisão traseira;1;2;0;0;0;0;1
06/02/2019;17:24:00;491;com vítima;35;BR-116/SP;Pista Sul;Queda de ribanceira;1;0;1;0;0;0;1
06/02/2019;18:48:00;552;sem vítima;216,3;BR-116/SP;Pista Sul;Abalroamento longitudinal;1;4;0;0;0;0;1
07/02/2019;05:00:00;61;sem vítima;329;BR-116/RJ;Pista Sul;Colisão traseira;2;2;0;0;0;0;1
07/02/2019;05:38:00;73;sem vítima;23,5;BR-116/SP;Pista Norte;Choque em objeto fixo;1;1;0;0;0;0;1
07/02/2019;18:56:00;612;sem vítima;211;BR-116/RJ;Pista Norte;Abalroamento longitudinal;1;2;0;0;0;0;1
08/02/2019;05:52:00;97;sem vítima;223,4;BR-116/RJ;Pista Norte;Colisão traseira;2;2;0;0;0;0;1
08/02/2019;07:05:00;134;sem vítima;200,9;BR-116/RJ;Pista Norte;Colisão traseira;1;2;0;0;0;0;1
08/02/2019;13:34:00;418;sem vítima;314,3;BR-116/RJ;Pista Norte;Abalroamento longitudinal;1;2;0;0;0;0;1
08/02/2019;18:02:00;626;sem vítima;127;BR-116/SP;Pista Norte;Colisão traseira;1;3;0;0;0;0;1
08/02/2019;19:37:00;695;sem vítima;161,3;BR-116/SP;Pista Norte;Tombamento;1;1;0;0;0;0;1
08/02/2019;21:16:00;744;sem vítima;161,2;BR-116/SP;Pista Norte;Colisão traseira;1;2;0;0;0;0;1
09/02/2019;05:44:00;92;com vítima;87,5;BR-116/SP;Pista Norte;Choque em barreira New Jersey;1;1;1;0;0;0;1
09/02/2019;09:08:00;208;com vítima;266,3;BR-116/RJ;Pista Norte;Abalroamento longitudinal;1;1;1;0;0;0;1
09/02/2019;16:59:00;472;sem vítima;217,5;BR-116/RJ;Pista Sul;Colisão traseira;2;2;0;0;0;0;1
10/02/2019;10:18:00;191;sem vítima;179,5;BR-116/RJ;Pista Norte;Abalroamento longitudinal;1;2;0;0;0;0;1
10/02/2019;17:23:00;414;com vítima;273,6;BR-116/RJ;Pista Norte;Choque em barreira New Jersey;1;1;4;0;0;0;1
11/02/2019;11:29:00;317;com vítima;146,15;BR-116/SP;Pista Sul;Colisão traseira;1;2;0;0;0;1;3
11/02/2019;17:38:00;538;com vítima;158;BR-116/SP;Pista Sul;Tombamento;1;0;0;1;0;0;2
11/02/2019;18:25:00;581;sem vítima;176,2;BR-116/RJ;Pista Sul;Abalroamento longitudinal;1;2;0;0;0;0;1
12/02/2019;13:07:00;398;com vítima;224;BR-116/RJ;Pista Norte;Colisão traseira;2;0;2;0;0;0;1
12/02/2019;15:29:00;494;sem vítima;230;BR-116/SP;Pista Norte;Engavetamento;1;3;0;0;0;0;1
12/02/2019;21:51:00;701;com vítima;77,9;BR-116/SP;Pista Norte;Tombamento;1;1;0;0;1;0;2
13/02/2019;01:19:00;36;sem vítima;116,5;BR-116/SP;Pista Sul;Abalroamento longitudinal;1;42;0;0;0;0;1
13/02/2019;07:48:00;173;sem vítima;165,3;BR-116/RJ;Pista Norte;Engavetamento;2;3;0;0;0;0;1
13/02/2019;08:19:00;200;sem vítima;310,3;BR-116/RJ;Pista Norte;Choque em objeto na pista;1;1;0;0;0;0;1
13/02/2019;09:51:00;261;com vítima;290,4;BR-116/RJ;Pista Sul;Abalroamento longitudinal;1;1;1;0;0;0;1
13/02/2019;10:21:00;287;sem vítima;227,1;BR-116/RJ;Pista Norte;Choque em barreira New Jersey;1;1;0;0;0;0;1
13/02/2019;14:05:00;425;sem vítima;78,4;BR-116/SP;Pista Norte;Abalroamento longitudinal;1;2;0;0;0;0;1
13/02/2019;15:57:00;488;sem vítima;302,3;BR-116/RJ;Pista Norte;Choque em objeto fixo;1;1;0;0;0;0;1
13/02/2019;20:39:00;660;sem vítima;226,1;BR-116/RJ;Pista Norte;Choque em objeto fixo;1;1;0;0;0;0;1
14/02/2019;03:27:00;60;sem vítima;219,2;BR-116/RJ;Pista Norte;Colisão traseira;1;6;0;0;0;0;1
14/02/2019;04:20:00;68;com vítima;226;BR-116/SP;Pista Sul;Engavetamento;1;2;0;1;0;0;2
14/02/2019;08:01:00;174;sem vítima;218,1;BR-116/SP;Pista Sul;Abalroamento longitudinal;1;2;0;0;0;0;1
14/02/2019;08:56:00;234;sem vítima;153,6;BR-116/SP;Pista Sul;Abalroamento longitudinal;1;2;0;0;0;0;1
14/02/2019;20:35:00;706;sem vítima;165,5;BR-116/SP;Pista Sul;Outros;2;3;0;0;0;0;1
15/02/2019;04:18:00;66;sem vítima;269,7;BR-116/RJ;Pista Norte;Choque em defensa;1;1;0;0;0;0;1
15/02/2019;07:36:00;151;sem vítima;195,5;BR-116/SP;Pista Sul;Atropelamento de animal;1;0;0;0;0;0;1
15/02/2019;08:07:00;177;com vítima;145;BR-116/SP;Pista Sul;Abalroamento longitudinal;1;2;1;0;0;0;1
15/02/2019;09:17:00;237;sem vítima;150;BR-116/SP;Pista Norte;Abalroamento longitudinal;1;2;0;0;0;0;1
15/02/2019;11:19:00;335;com vítima;163,95;BR-116/SP;Pista Sul;Engavetamento;1;3;0;1;3;1;3
15/02/2019;16:27:00;503;sem vítima;166,3;BR-116/RJ;Pista Sul;Abalroamento longitudinal;1;3;0;0;0;0;1
15/02/2019;22:59:00;745;sem vítima;316,3;BR-116/RJ;Pista Norte;Abalroamento longitudinal;2;4;0;0;0;0;1
15/02/2019;23:19:00;751;sem vítima;316,3;BR-116/RJ;Pista Norte;Abalroamento longitudinal;1;3;0;0;0;0;1
16/02/2019;11:57:00;250;sem vítima;219,95;BR-116/RJ;Pista Sul;Abalroamento longitudinal;1;2;0;0;0;0;1
16/02/2019;14:41:00;333;sem vítima;183,6;BR-116/RJ;Pista Sul;Choque em barreira New Jersey;1;1;0;0;0;0;1
17/02/2019;21:22:00;485;sem vítima;301,4;BR-116/RJ;Pista Sul;Choque em barreira New Jersey;1;1;0;0;0;0;1
18/02/2019;04:29:00;69;sem vítima;108,8;BR-116/SP;Pista Norte;Choque em objeto fixo;1;1;0;0;0;0;1
18/02/2019;06:19:00;107;sem vítima;197,95;BR-116/RJ;Pista Norte;Colisão traseira;1;2;0;0;0;0;1
18/02/2019;15:15:00;518;sem vítima;235,7;BR-116/RJ;Pista Sul;Queda de ribanceira;1;1;0;0;0;0;1
19/02/2019;06:05:00;90;sem vítima;301,8;BR-116/RJ;Pista Norte;Abalroamento longitudinal;1;2;0;0;0;0;1
19/02/2019;18:26:00;612;sem vítima;224,85;BR-116/SP;Pista Sul;Colisão traseira;1;2;0;0;0;0;1
19/02/2019;21:09:00;698;sem vítima;175,3;BR-116/RJ;Pista Sul;Colisão traseira;1;2;0;0;0;0;1
19/02/2019;22:42:00;723;com vítima;147;BR-116/SP;Pista Norte;Engavetamento;1;5;1;0;0;0;1
20/02/2019;05:22:00;72;com vítima;23,6;BR-116/SP;Pista Norte;Tombamento;2;2;0;0;0;1;3
20/02/2019;05:33:00;74;sem vítima;177,9;BR-116/RJ;Pista Sul;Colisão traseira;1;11;0;0;0;0;1
20/02/2019;10:24:00;297;sem vítima;3;BR-116/SP;Pista Norte;Colisão traseira;3;3;0;0;0;0;1
20/02/2019;10:53:00;325;sem vítima;220,5;BR-116/RJ;Pista Norte;Engavetamento;2;4;0;0;0;0;1
20/02/2019;10:55:00;326;sem vítima;229,9;BR-116/SP;Pista Sul;Engavetamento;1;5;0;0;0;0;1
20/02/2019;12:58:00;410;com vítima;205,8;BR-116/RJ;Pista Norte;Tombamento;1;0;1;0;0;0;1
20/02/2019;13:03:00;414;sem vítima;182;BR-116/SP;Pista Norte;Colisão traseira;1;2;0;0;0;0;1
21/02/2019;01:25:00;38;com vítima;249,9;BR-116/RJ;Pista Norte;Colisão traseira;2;1;0;0;0;1;3
21/02/2019;10:07:00;293;sem vítima;210;BR-116/SP;Pista Sul;Abalroamento longitudinal;1;2;0;0;0;0;1
21/02/2019;11:05:00;334;com vítima;318,9;BR-116/RJ;Pista Norte;Colisão traseira;2;1;1;0;0;0;1
21/02/2019;12:36:00;376;sem vítima;278;BR-116/RJ;Pista Sul;Abalroamento longitudinal;1;1;0;0;0;0;1
21/02/2019;16:45:00;519;sem vítima;160,5;BR-116/SP;Pista Sul;Engavetamento;1;3;0;0;0;0;1
21/02/2019;21:20:00;696;sem vítima;145;BR-116/SP;Pista Sul;Colisão traseira;2;2;0;0;0;0;1
21/02/2019;23:44:00;752;sem vítima;144,7;BR-116/SP;Pista Norte;Choque em objeto na pista;2;2;0;0;0;0;1
22/02/2019;01:43:00;39;com vítima;206,6;BR-116/SP;Pista Norte;Engavetamento;3;2;1;0;0;0;1
22/02/2019;02:28:00;49;sem vítima;215;BR-116/RJ;Pista Sul;Outros;1;1;0;0;0;0;1
22/02/2019;11:20:00;390;sem vítima;180,9;BR-116/SP;Pista Sul;Colisão traseira;1;2;0;0;0;0;1
22/02/2019;15:55:00;587;sem vítima;204,5;BR-116/SP;Pista Norte;Colisão traseira;1;2;0;0;0;0;1
22/02/2019;17:12:00;633;sem vítima;176,2;BR-116/RJ;Pista Sul;Engavetamento;1;4;0;0;0;0;1
22/02/2019;20:10:00;752;sem vítima;162,3;BR-116/SP;Pista Sul;Abalroamento longitudinal;1;3;0;0;0;0;1
22/02/2019;21:26:00;788;sem vítima;268;BR-116/RJ;Pista Sul;Colisão frontal;1;2;0;0;0;0;1
23/02/2019;05:32:00;70;sem vítima;41,5;BR-116/SP;Pista Sul;Abalroamento longitudinal;1;2;0;0;0;0;1
23/02/2019;07:30:00;140;sem vítima;217,5;BR-116/RJ;Pista Sul;Choque em objeto fixo;1;1;0;0;0;0;1
23/02/2019;10:05:00;255;sem vítima;145;BR-116/SP;Pista Norte;Abalroamento longitudinal;1;3;0;0;0;0;1
23/02/2019;17:00:00;521;sem vítima;317,55;BR-116/RJ;Pista Norte;Choque em defensa;1;3;0;0;0;0;1
24/02/2019;15:39:00;398;sem vítima;212,3;BR-116/SP;Pista Sul;Abalroamento longitudinal;1;5;0;0;0;0;1
25/02/2019;08:05:00;187;sem vítima;190;BR-116/RJ;Pista Norte;Choque em defensa;1;1;0;0;0;0;1
25/02/2019;09:06:00;224;sem vítima;147,2;BR-116/SP;Pista Sul;Engavetamento;1;3;0;0;0;0;1
25/02/2019;15:35:00;515;com vítima;51,6;BR-116/SP;Pista Sul;Colisão traseira;1;2;1;0;0;0;1
25/02/2019;16:06:00;532;sem vítima;273,6;BR-116/RJ;Pista Norte;Abalroamento longitudinal;2;2;0;0;0;0;1
25/02/2019;16:36:00;548;sem vítima;28;BR-116/SP;Pista Sul;Tombamento;1;1;0;0;0;0;1
25/02/2019;18:37:00;634;sem vítima;170;BR-116/RJ;Pista Sul;Choque em barreira New Jersey;1;3;0;0;0;0;1
25/02/2019;19:16:00;666;com vítima;199,6;BR-116/SP;Pista Sul;Tombamento;1;0;1;0;0;0;1
25/02/2019;19:23:00;669;sem vítima;147;BR-116/SP;Pista Norte;Abalroamento longitudinal;1;2;0;0;0;0;1
26/02/2019;01:43:00;43;sem vítima;112,4;BR-116/SP;Pista Norte;Choque em objeto na pista;1;1;0;0;0;0;1
26/02/2019;02:07:00;44;sem vítima;112,2;BR-116/SP;Pista Norte;Choque em objeto na pista;1;1;0;0;0;0;1
26/02/2019;10:48:00;325;com vítima;227,8;BR-116/SP;Pista Sul;Colisão traseira;1;1;1;0;0;0;1
26/02/2019;13:52:00;433;com vítima;220,25;BR-116/RJ;Pista Sul;Queda de Carga;1;1;1;0;0;0;1
26/02/2019;20:44:00;662;sem vítima;85,5;BR-116/SP;Pista Sul;Colisão traseira;1;2;0;0;0;0;1
26/02/2019;23:12:00;713;com vítima;274,05;BR-116/RJ;Pista Sul;Colisão traseira;2;1;0;1;0;0;2
27/02/2019;00:11:00;17;sem vítima;272,8;BR-116/RJ;Pista Norte;Outros;1;1;0;0;0;0;1
27/02/2019;01:17:00;25;com vítima;220,7;BR-116/RJ;Pista Sul;Colisão traseira;1;0;1;0;0;0;1
27/02/2019;05:13:00;64;sem vítima;290,92;BR-116/RJ;Pista Norte;Choque em objeto na pista;1;1;0;0;0;0;1
27/02/2019;11:23:00;351;sem vítima;213,2;BR-116/SP;Pista Norte;Abalroamento longitudinal;1;2;0;0;0;0;1
27/02/2019;14:20:00;462;sem vítima;23,9;BR-116/SP;Pista Norte;Outros;1;1;0;0;0;0;1
27/02/2019;15:55:00;526;sem vítima;181,5;BR-116/RJ;Pista Norte;Abalroamento longitudinal;1;2;0;0;0;0;1
27/02/2019;17:58:00;622;sem vítima;270,3;BR-116/RJ;Pista Sul;Abalroamento longitudinal;1;2;0;0;0;0;1
27/02/2019;19:14:00;680;sem vítima;199,8;BR-116/RJ;Pista Norte;Engavetamento;1;5;0;0;0;0;1
27/02/2019;19:43:00;693;sem vítima;319,2;BR-116/RJ;Pista Sul;Colisão traseira;1;3;0;0;0;0;1
28/02/2019;03:33:00;58;com vítima;227,3;BR-116/SP;Pista Norte;Colisão traseira;1;0;1;1;1;1;3
28/02/2019;06:59:00;138;com vítima;179,8;BR-116/RJ;Pista Norte;Abalroamento longitudinal;1;1;1;0;0;0;1
28/02/2019;07:06:00;143;sem vítima;99;BR-116/SP;Pista Sul;Abalroamento longitudinal;1;2;0;0;0;0;1
28/02/2019;08:18:00;217;sem vítima;225,1;BR-116/RJ;Pista Norte;Abalroamento longitudinal;1;3;0;0;0;0;1
28/02/2019;10:55:00;357;com vítima;223;BR-116/SP;Pista Sul;Engavetamento;1;2;1;0;0;0;1
28/02/2019;13:20:00;449;com vítima;211,1;BR-116/SP;Pista Sul;Colisão traseira;1;1;1;0;0;0;1
28/02/2019;13:36:00;468;sem vítima;176;BR-116/RJ;Pista Sul;Engavetamento;1;3;0;0;0;0;1
01/03/2019;07:45:00;188;com vítima;160;BR-116/SP;Pista Norte;Engavetamento;1;5;1;0;0;0;1
01/03/2019;11:37:00;384;com vítima;158,9;BR-116/SP;Pista Sul;Engavetamento;1;7;1;0;0;0;1
01/03/2019;16:00:00;543;sem vítima;226,2;BR-116/RJ;Pista Sul;Abalroamento longitudinal;1;2;0;0;0;0;1
01/03/2019;16:35:00;572;com vítima;73;BR-116/SP;Pista Norte;Abalroamento longitudinal;2;1;1;0;0;0;1
01/03/2019;19:03:00;692;sem vítima;146,3;BR-116/SP;Pista Norte;Colisão traseira;1;6;0;0;0;0;1
01/03/2019;22:34:00;833;sem vítima;205,2;BR-116/SP;Pista Sul;Colisão traseira;1;3;0;0;0;0;1
02/03/2019;01:25:00;39;com vítima;22,4;BR-116/SP;Pista Norte;Choque em barreira New Jersey;1;0;1;0;0;0;1
02/03/2019;09:49:00;292;sem vítima;217,3;BR-116/RJ;Pista Sul;Choque em objeto fixo;1;1;0;0;0;0;1
02/03/2019;17:30:00;538;sem vítima;178;BR-116/RJ;Pista Norte;Colisão traseira;1;3;0;0;0;0;1
03/03/2019;15:57:00;322;sem vítima;220,5;BR-116/RJ;Pista Sul;Choque em objeto fixo;1;1;0;0;0;0;1
04/03/2019;14:52:00;369;sem vítima;174,75;BR-116/RJ;Pista Sul;Choque em barreira New Jersey;1;1;0;0;0;0;1
05/03/2019;06:21:00;71;com vítima;123,3;BR-116/SP;Pista Norte;Choque em barreira New Jersey;1;4;0;1;0;0;2
05/03/2019;16:18:00;331;com vítima;229,9;BR-116/SP;Pista Sul;Colisão traseira;1;4;1;0;0;0;1
06/03/2019;00:16:00;18;sem vítima;176,4;BR-116/SP;Pista Sul;Colisão traseira;2;2;0;0;0;0;1
06/03/2019;13:06:00;316;sem vítima;226,4;BR-116/RJ;Pista Sul;Abalroamento longitudinal;1;2;0;0;0;0;1
06/03/2019;16:36:00;439;com vítima;227,9;BR-116/RJ;Pista Norte;Colisão frontal;1;3;0;1;0;0;2
06/03/2019;19:12:00;531;sem vítima;305;BR-116/RJ;Pista Sul;Abalroamento longitudinal;1;2;0;0;0;0;1
07/03/2019;04:41:00;63;com vítima;198,5;BR-116/RJ;Pista Sul;Choque em defensa;1;0;1;0;0;0;1
07/03/2019;07:24:00;150;sem vítima;221,4;BR-116/SP;Pista Norte;Abalroamento longitudinal;1;2;0;0;0;0;1
07/03/2019;12:52:00;393;com vítima;217,1;BR-116/SP;Pista Sul;Choque em barreira New Jersey;1;0;1;0;0;0;1
07/03/2019;14:49:00;472;sem vítima;190,3;BR-116/RJ;Pista Sul;Colisão traseira;2;2;0;0;0;0;1
07/03/2019;16:35:00;531;com vítima;128,3;BR-116/SP;Pista Norte;Engavetamento;3;21;0;1;0;0;2
07/03/2019;19:57:00;661;sem vítima;75;BR-116/SP;Pista Norte;Choque em objeto na pista;1;3;0;0;0;0;1
07/03/2019;23:58:00;739;sem vítima;130;BR-116/SP;Pista Sul;Abalroamento longitudinal;1;2;0;0;0;0;1
08/03/2019;10:17:00;320;sem vítima;191,6;BR-116/RJ;Pista Sul;Colisão traseira;1;2;0;0;0;0;1
08/03/2019;00:49:00;28;sem vítima;37,25;BR-116/SP;Pista Sul;Choque em objeto fixo;1;1;0;0;0;0;1
08/03/2019;07:45:00;172;sem vítima;128,1;BR-116/SP;Pista Sul;Engavetamento;1;6;0;0;0;0;1
08/03/2019;07:47:00;178;sem vítima;181,6;BR-116/RJ;Pista Norte;Engavetamento;1;7;0;0;0;0;1
08/03/2019;10:55:00;344;com vítima;94,8;BR-116/SP;Pista Norte;Tombamento;1;1;1;0;0;0;1
08/03/2019;16:25:00;583;sem vítima;155,4;BR-116/SP;Pista Sul;Colisão traseira;1;5;0;0;0;0;1
09/03/2019;10:00:00;235;com vítima;231,4;BR-116/SP;Pista Sul;Atropelamento de pedestre caminhando;1;1;0;0;0;1;3
09/03/2019;22:15:00;658;com vítima;143,1;BR-116/SP;Pista Sul;Colisão traseira;1;4;0;1;0;0;2
10/03/2019;12:26:00;231;com vítima;278,9;BR-116/RJ;Pista Sul;Abalroamento longitudinal;1;1;1;0;0;0;1
10/03/2019;13:05:00;254;com vítima;132,9;BR-116/SP;Pista Norte;Capotamento;1;1;2;0;0;0;1
10/03/2019;14:55:00;308;sem vítima;227,8;BR-116/RJ;Pista Norte;Colisão traseira;1;6;0;0;0;0;1
10/03/2019;15:39:00;328;sem vítima;24,45;BR-116/SP;Pista Sul;Colisão traseira;1;2;0;0;0;0;1
10/03/2019;16:19:00;352;sem vítima;30,3;BR-116/SP;Pista Norte;Colisão traseira;1;2;0;0;0;0;1
10/03/2019;17:35:00;389;sem vítima;284;BR-116/RJ;Pista Sul;Choque em defensa;1;4;0;0;0;0;1
11/03/2019;01:07:00;30;sem vítima;227,3;BR-116/SP;Pista Norte;Abalroamento longitudinal;1;2;0;0;0;0;1
11/03/2019;04:32:00;76;sem vítima;227,9;BR-116/SP;Pista Sul;Engavetamento;1;3;0;0;0;0;1
11/03/2019;15:52:00;487;sem vítima;110,5;BR-116/SP;Pista Norte;Colisão traseira;1;2;0;0;0;0;1
12/03/2019;23:16:00;717;com vítima;147;BR-116/SP;Pista Norte;Engavetamento;3;1;0;1;0;1;3
12/03/2019;03:24:00;59;com vítima;167,85;BR-116/SP;Pista Norte;Colisão traseira;1;2;3;0;0;0;1
12/03/2019;13:32:00;388;com vítima;258,6;BR-116/RJ;Pista Sul;Colisão traseira;1;1;1;0;0;0;1
12/03/2019;15:10:00;450;sem vítima;229;BR-116/SP;Pista Norte;Abalroamento longitudinal;1;5;0;0;0;0;1
12/03/2019;17:56:00;558;com vítima;289,5;BR-116/RJ;Pista Sul;Engavetamento;1;2;2;0;0;0;1
12/03/2019;18:46:00;592;sem vítima;228,3;BR-116/SP;Pista Norte;Abalroamento longitudinal;1;5;0;0;0;0;1
12/03/2019;20:40:00;662;sem vítima;299;BR-116/RJ;Pista Sul;Colisão traseira;1;2;0;0;0;0;1
12/03/2019;23:28:00;723;sem vítima;200,8;BR-116/RJ;Pista Sul;Choque em objeto na pista;1;1;0;0;0;0;1
13/03/2019;08:10:00;194;com vítima;157;BR-116/SP;Pista Norte;Colisão traseira;2;1;1;0;0;0;1
13/03/2019;08:31:00;208;sem vítima;250,4;BR-116/RJ;Pista Norte;Engavetamento;2;3;0;0;0;0;1
13/03/2019;10:06:00;309;sem vítima;223,5;BR-116/RJ;Pista Norte;Abalroamento longitudinal;2;2;0;0;0;0;1
13/03/2019;11:11:00;357;sem vítima;143,9;BR-116/SP;Pista Sul;Colisão traseira;1;5;0;0;0;0;1
13/03/2019;13:28:00;432;sem vítima;264,8;BR-116/RJ;Pista Sul;Colisão traseira;2;2;0;0;0;0;1
13/03/2019;15:49:00;539;sem vítima;200;BR-116/RJ;Pista Sul;Colisão traseira;1;2;0;0;0;0;1
13/03/2019;18:19:00;648;sem vítima;146,9;BR-116/SP;Pista Sul;Engavetamento;2;3;0;0;0;0;1
13/03/2019;19:44:00;699;sem vítima;158;BR-116/SP;Pista Sul;Choque em barreira New Jersey;1;1;0;0;0;0;1
13/03/2019;23:51:00;810;com vítima;62,74;BR-116/SP;Pista Norte;Choque em barreira New Jersey;2;2;1;0;0;0;1
14/03/2019;10:20:00;288;sem vítima;62,6;BR-116/SP;Pista Sul;Abalroamento longitudinal;1;5;0;0;0;0;1
14/03/2019;03:49:00;60;sem vítima;145,3;BR-116/SP;Pista Norte;Colisão traseira;1;2;0;0;0;0;1
14/03/2019;08:22:00;198;sem vítima;180,8;BR-116/SP;Pista Sul;Colisão traseira;1;4;0;0;0;0;1
14/03/2019;09:11:00;237;sem vítima;156,4;BR-116/SP;Pista Norte;Colisão traseira;2;3;0;0;0;0;1
14/03/2019;12:58:00;387;com vítima;292,8;BR-116/RJ;Pista Sul;Colisão traseira;1;1;1;0;0;0;1
14/03/2019;13:35:00;409;sem vítima;275,4;BR-116/RJ;Pista Norte;Choque em objeto na pista;1;3;0;0;0;0;1
14/03/2019;17:27:00;557;sem vítima;216,3;BR-116/SP;Pista Sul;Colisão traseira;1;2;0;0;0;0;1
15/03/2019;21:18:00;730;sem vítima;310,4;BR-116/RJ;Pista Norte;Choque em objeto na pista;1;4;0;0;0;0;1
15/03/2019;10:04:00;287;sem vítima;181,85;BR-116/RJ;Pista Norte;Colisão traseira;2;2;0;0;0;0;1
15/03/2019;10:58:00;325;sem vítima;208,1;BR-116/RJ;Pista Norte;Colisão traseira;1;2;0;0;0;0;1
15/03/2019;18:14:00;628;sem vítima;125,39;BR-116/SP;Pista Sul;Engavetamento;1;5;0;0;0;0;1
16/03/2019;04:50:00;72;sem vítima;141,15;BR-116/SP;Pista Sul;Colisão traseira;1;2;0;0;0;0;1
16/03/2019;13:29:00;322;sem vítima;273,39;BR-116/RJ;Pista Sul;Choque em defensa;1;1;0;0;0;0;1
17/03/2019;09:54:00;194;sem vítima;304;BR-116/RJ;Pista Sul;Abalroamento longitudinal;1;2;0;0;0;0;1
17/03/2019;16:20:00;347;sem vítima;207;BR-116/RJ;Pista Sul;Choque em objeto na pista;1;2;0;0;0;0;1
18/03/2019;13:03:00;383;sem vítima;226,5;BR-116/RJ;Pista Norte;Abalroamento longitudinal;1;3;0;0;0;0;1
18/03/2019;14:19:00;431;sem vítima;223,1;BR-116/RJ;Pista Norte;Colisão traseira;2;2;0;0;0;0;1
18/03/2019;14:55:00;456;sem vítima;148;BR-116/SP;Pista Sul;Colisão traseira;1;3;0;0;0;0;1
18/03/2019;15:15:00;468;com vítima;226,2;BR-116/SP;Pista Sul;Colisão traseira;1;3;1;0;0;0;1
18/03/2019;19:26:00;616;com vítima;203,5;BR-116/SP;Pista Sul;Abalroamento longitudinal;1;4;2;0;0;0;1
19/03/2019;01:55:00;46;sem vítima;57,6;BR-116/SP;Pista Norte;Colisão traseira;2;2;0;0;0;0;1
19/03/2019;12:23:00;392;sem vítima;225,3;BR-116/RJ;Pista Sul;Engavetamento;2;4;0;0;0;0;1
19/03/2019;15:45:00;523;sem vítima;328,82;BR-116/RJ;Pista Sul;Choque em defensa;1;1;0;0;0;0;1
19/03/2019;16:35:00;555;com vítima;211;BR-116/SP;Pista Sul;Choque em barreira New Jersey;1;2;0;1;0;0;2
19/03/2019;23:12:00;767;com vítima;188,6;BR-116/SP;Pista Norte;Tombamento;1;0;1;0;0;0;1
19/03/2019;23:26:00;772;com vítima;328,5;BR-116/RJ;Pista Sul;Tombamento;1;1;1;0;0;0;1
20/03/2019;01:58:00;36;com vítima;244,5;BR-116/RJ;Pista Norte;Colisão traseira;2;2;1;0;0;0;1
20/03/2019;03:01:00;48;sem vítima;258,1;BR-116/RJ;Pista Norte;Colisão traseira;2;2;0;0;0;0;1
20/03/2019;06:17:00;88;sem vítima;325;BR-116/RJ;Pista Norte;Abalroamento longitudinal;1;1;0;0;0;0;1
20/03/2019;21:14:00;706;com vítima;182,4;BR-116/SP;Pista Norte;Colisão traseira;1;1;2;0;0;0;1
20/03/2019;22:46:00;736;sem vítima;191,8;BR-116/RJ;Pista Norte;Colisão traseira;1;7;0;0;0;0;1
21/03/2019;10:30:00;337;sem vítima;219,6;BR-116/SP;Pista Sul;Colisão traseira;1;3;0;0;0;0;1
21/03/2019;12:41:00;414;sem vítima;182,3;BR-116/SP;Pista Norte;Choque em objeto fixo;1;1;0;0;0;0;1
21/03/2019;15:19:00;508;sem vítima;273,6;BR-116/RJ;Pista Norte;Abalroamento longitudinal;1;3;0;0;0;0;1
21/03/2019;15:58:00;523;sem vítima;58;BR-116/SP;Pista Norte;Tombamento;1;1;0;0;0;0;1
21/03/2019;19:38:00;653;sem vítima;147,4;BR-116/SP;Pista Norte;Abalroamento longitudinal;1;3;0;0;0;0;1
21/03/2019;21:35:00;698;com vítima;313;BR-116/RJ;Pista Sul;Colisão traseira;1;3;1;0;0;0;1
21/03/2019;23:07:00;727;sem vítima;44;BR-116/SP;Pista Sul;Tombamento;1;1;0;0;0;0;1
22/03/2019;02:20:00;42;sem vítima;182;BR-116/SP;Pista Norte;Abalroamento longitudinal;1;3;0;0;0;0;1
22/03/2019;05:11:00;76;com vítima;196,3;BR-116/RJ;Pista Norte;Colisão traseira;2;1;0;1;0;0;2
22/03/2019;05:25:00;82;com vítima;178,7;BR-116/RJ;Pista Norte;Colisão traseira;1;3;0;1;0;0;2
22/03/2019;07:15:00;147;com vítima;272,6;BR-116/RJ;Pista Norte;Colisão traseira;1;2;1;0;0;0;1
22/03/2019;07:37:00;173;sem vítima;7,1;BR-116/SP;Pista Norte;Tombamento;1;1;0;0;0;0;1
22/03/2019;07:37:00;175;sem vítima;179;BR-116/RJ;Pista Norte;Engavetamento;1;3;0;0;0;0;1
22/03/2019;08:28:00;225;sem vítima;142,1;BR-116/SP;Pista Sul;Colisão traseira;1;3;0;0;0;0;1
22/03/2019;08:53:00;248;sem vítima;44,51;BR-116/SP;Pista Norte;Colisão traseira;1;3;0;0;0;0;1
22/03/2019;16:24:00;547;sem vítima;318,6;BR-116/RJ;Pista Sul;Abalroamento longitudinal;1;2;0;0;0;0;1
22/03/2019;19:38:00;694;com vítima;87,4;BR-116/SP;Pista Norte;Abalroamento longitudinal;2;5;1;0;0;0;1
22/03/2019;23:37:00;796;com vítima;251,6;BR-116/RJ;Pista Norte;Colisão traseira;1;2;0;0;0;1;3
23/03/2019;22:14:00;616;com vítima;238,85;BR-116/RJ;Pista Norte;Colisão traseira;1;2;2;0;0;0;1