data;horario;n_da_ocorrencia;tipo_de_ocorrencia;km;trecho;sentido;tipo_de_acidente;caminhao;ilesos;levemente_feridos;moderadamente_feridos;gravemente_feridos;mortos;3
23/03/2019;23:41:00;638;com vítima;217,5;BR-116/SP;Pista Sul;Capotamento;1;1;2;0;0;0;1
24/03/2019;14:06:00;277;sem vítima;225,5;BR-116/SP;Pista Norte;Engavetamento;2;5;0;0;0;0;1
24/03/2019;15:50:00;328;sem vítima;50,7;BR-116/SP;Pista Norte;Abalroamento longitudinal;1;2;0;0;0;0;1
24/03/2019;22:20:00;552;com vítima;13,5;BR-116/SP;Pista Sul;Colisão traseira;2;2;0;0;1;0;2
25/03/2019;09:05:00;245;sem vítima;230,2;BR-116/SP;Pista Sul;Abalroamento longitudinal;1;2;0;0;0;0;1
25/03/2019;10:54:00;350;com vítima;206,3;BR-116/SP;Pista Norte;Abalroamento longitudinal;1;1;1;0;0;0;1
25/03/2019;11:37:00;382;sem vítima;169;BR-116/SP;Pista Norte;Tombamento;1;3;0;0;0;0;1
25/03/2019;17:22:00;582;com vítima;90;BR-116/SP;Pista Norte;Choque em barreira New Jersey;1;0;1;0;0;0;1
25/03/2019;18:14:00;624;sem vítima;152;BR-116/SP;Pista Norte;Abalroamento longitudinal;2;3;0;0;0;0;1
25/03/2019;23:59:00;785;com vítima;62;BR-116/SP;Pista Norte;Colisão traseira;1;1;1;0;0;0;1
26/03/2019;05:44:00;78;com vítima;37,4;BR-116/SP;Pista Sul;Colisão traseira;2;0;1;2;0;0;2
26/03/2019;07:24:00;161;sem vítima;175,5;BR-116/SP;Pista Sul;Abalroamento longitudinal;2;3;0;0;0;0;1
26/03/2019;10:37:00;309;com vítima;183;BR-116/RJ;Pista Sul;Colisão traseira;1;1;2;0;0;0;1
26/03/2019;15:59:00;466;sem vítima;144,1;BR-116/SP;Pista Sul;Engavetamento;1;3;0;0;0;0;1
26/03/2019;17:12:00;515;sem vítima;86,95;BR-116/SP;Pista Norte;Colisão traseira;1;2;0;0;0;0;1
27/03/2019;11:11:00;371;sem vítima;188;BR-116/RJ;Pista Sul;Colisão traseira;1;2;0;0;0;0;1
27/03/2019;01:13:00;38;sem vítima;100,08;BR-116/SP;Pista Norte;Colisão traseira;2;2;0;0;0;0;1
27/03/2019;07:11:00;158;com vítima;142,64;BR-116/SP;Pista Norte;Colisão traseira;2;2;0;1;0;0;2
27/03/2019;08:50:00;257;sem vítima;129,3;BR-116/SP;Pista Sul;Colisão traseira;1;4;0;0;0;0;1
27/03/2019;08:56:00;263;sem vítima;181,8;BR-116/RJ;Pista Norte;Abalroamento longitudinal;1;3;0;0;0;0;1
27/03/2019;13:21:00;461;sem vítima;103,1;BR-116/SP;Pista Sul;Choque em defensa;1;1;0;0;0;0;1
27/03/2019;18:57:00;694;sem vítima;216,4;BR-116/SP;Pista Sul;Abalroamento longitudinal;1;2;0;0;0;0;1
27/03/2019;21:22:00;771;sem vítima;219,65;BR-116/SP;Pista Sul;Abalroamento longitudinal;1;2;0;0;0;0;1
28/03/2019;00:54:00;27;sem vítima;196,9;BR-116/SP;Pista Norte;Colisão traseira;1;2;0;0;0;0;1
28/03/2019;02:40:00;49;sem vítima;183,8;BR-116/SP;Pista Sul;Colisão traseira;2;2;0;0;0;0;1
28/03/2019;06:55:00;140;sem vítima;174,5;BR-116/SP;Pista Norte;Choque em objeto fixo;1;2;0;0;0;0;1
28/03/2019;06:56:00;144;sem vítima;251,7;BR-116/RJ;Pista Norte;Abalroamento longitudinal;1;2;0;0;0;0;1
28/03/2019;07:05:00;152;com vítima;126;BR-116/SP;Pista Sul;Engavetamento;1;12;2;0;0;0;1
28/03/2019;09:26:00;311;com vítima;222,5;BR-116/RJ;Pista Norte;Abalroamento longitudinal;2;1;1;0;0;0;1
28/03/2019;09:54:00;334;com vítima;273;BR-116/RJ;Pista Norte;Abalroamento longitudinal;1;1;1;0;0;0;1
28/03/2019;16:38:00;556;sem vítima;161;BR-116/SP;Pista Sul;Choque em objeto fixo;1;3;0;0;0;0;1
28/03/2019;17:32:00;590;sem vítima;210;BR-116/RJ;Pista Sul;Choque em defensa;1;1;0;0;0;0;1
29/03/2019;02:12:00;47;com vítima;59,2;BR-116/SP;Pista Norte;Choque em objeto fixo;1;0;1;0;0;0;1
29/03/2019;07:36:00;180;com vítima;136,1;BR-116/SP;Pista Sul;Engavetamento;1;2;1;0;0;0;1
29/03/2019;09:55:00;317;sem vítima;174,4;BR-116/RJ;Pista Sul;Engavetamento;1;3;0;0;0;0;1
29/03/2019;14:42:00;491;com vítima;3,5;BR-116/SP;Pista Sul;Tombamento;1;0;1;0;0;0;1
29/03/2019;15:24:00;519;sem vítima;172;BR-116/SP;Pista Sul;Colisão traseira;1;2;0;0;0;0;1
29/03/2019;17:13:00;582;sem vítima;180,1;BR-116/RJ;Pista Norte;Engavetamento;1;8;0;0;0;0;1
29/03/2019;17:37:00;595;sem vítima;134;BR-116/SP;Pista Sul;Colisão traseira;1;3;0;0;0;0;1
29/03/2019;19:22:00;688;sem vítima;167,1;BR-116/RJ;Pista Norte;Abalroamento longitudinal;1;2;0;0;0;0;1
29/03/2019;21:56:00;772;sem vítima;286,5;BR-116/RJ;Pista Sul;Colisão traseira;1;3;0;0;0;0;1
30/03/2019;03:39:00;60;sem vítima;222;BR-116/SP;Pista Norte;Abalroamento longitudinal;1;1;0;0;0;0;1
30/03/2019;05:48:00;92;sem vítima;223,8;BR-116/RJ;Pista Norte;Colisão traseira;1;2;0;0;0;0;1
30/03/2019;07:25:00;136;com vítima;210,2;BR-116/SP;Pista Sul;Colisão traseira;1;1;0;1;0;0;2
30/03/2019;12:15:00;303;sem vítima;175,3;BR-116/RJ;Pista Sul;Engavetamento;1;10;0;0;0;0;1
31/03/2019;04:32:00;66;com vítima;152;BR-116/SP;Pista Sul;Colisão traseira;2;1;1;0;0;0;1
31/03/2019;13:03:00;258;com vítima;101,15;BR-116/SP;Pista Sul;Abalroamento longitudinal;1;5;1;0;0;0;1
01/04/2019;05:45:00;85;sem vítima;138;BR-116/SP;Pista Norte;Colisão traseira;2;3;0;0;0;0;1
01/04/2019;08:33:00;206;sem vítima;176,2;BR-116/SP;Pista Norte;Choque em objeto na pista;1;3;0;0;0;0;1
01/04/2019;13:40:00;418;sem vítima;118;BR-116/SP;Pista Norte;Choque em objeto fixo;1;1;0;0;0;0;1
01/04/2019;13:57:00;423;sem vítima;217,5;BR-116/SP;Pista Sul;Engavetamento;1;6;0;0;0;0;1
01/04/2019;19:29:00;633;sem vítima;65,9;BR-116/SP;Pista Sul;Choque em objeto fixo;1;2;0;0;0;0;1
02/04/2019;00:20:00;16;sem vítima;297,4;BR-116/RJ;Pista Sul;Colisão traseira;2;2;0;0;0;0;1
02/04/2019;01:33:00;24;sem vítima;325,3;BR-116/RJ;Pista Norte;Choque em objeto fixo;1;1;0;0;0;0;1
02/04/2019;06:07:00;68;com vítima;237,62;BR-116/RJ;Pista Norte;Tombamento;1;0;1;0;0;0;1
02/04/2019;06:29:00;81;sem vítima;209,7;BR-116/SP;Pista Sul;Colisão traseira;1;2;0;0;0;0;1
02/04/2019;06:29:00;82;sem vítima;239,5;BR-116/RJ;Pista Norte;Colisão traseira;2;3;0;0;0;0;1
02/04/2019;09:26:00;223;sem vítima;291;BR-116/RJ;Pista Norte;Choque em barreira New Jersey;1;1;0;0;0;0;1
02/04/2019;10:36:00;269;sem vítima;238;BR-116/RJ;Pista Norte;Abalroamento longitudinal;1;2;0;0;0;0;1
02/04/2019;14:26:00;398;sem vítima;223,4;BR-116/RJ;Pista Norte;Colisão traseira;2;2;0;0;0;0;1
02/04/2019;16:07:00;453;com vítima;332;BR-116/RJ;Pista Norte;Colisão traseira;1;1;1;0;0;0;1
02/04/2019;22:39:00;658;sem vítima;192,7;BR-116/SP;Pista Norte;Choque em objeto fixo;1;1;0;0;0;0;1
03/04/2019;09:26:00;255;sem vítima;117;BR-116/SP;Pista Norte;Colisão traseira;2;4;0;0;0;0;1
03/04/2019;22:49:00;736;sem vítima;223;BR-116/SP;Pista Norte;Abalroamento longitudinal;1;5;0;0;0;0;1
04/04/2019;01:53:00;34;sem vítima;104,5;BR-116/SP;Pista Sul;Abalroamento longitudinal;1;3;0;0;0;0;1
04/04/2019;07:49:00;146;sem vítima;86,8;BR-116/SP;Pista Norte;Colisão traseira;1;2;0;0;0;0;1
04/04/2019;12:24:00;332;com vítima;274,7;BR-116/RJ;Pista Sul;Atropelamento de pedestre atravessando;1;4;0;1;0;0;2
04/04/2019;14:51:00;406;sem vítima;99;BR-116/SP;Pista Norte;Choque em objeto na pista;1;2;0;0;0;0;1
04/04/2019;15:12:00;418;sem vítima;149;BR-116/SP;Pista Norte;Colisão traseira;2;2;0;0;0;0;1
04/04/2019;17:46:00;523;com vítima;196,5;BR-116/RJ;Pista Sul;Atropelamento de pedestre atravessando;1;2;0;0;0;1;3
04/04/2019;19:44:00;613;sem vítima;45,4;BR-116/SP;Pista Sul;Abalroamento longitudinal;1;2;0;0;0;0;1
04/04/2019;23:58:00;693;com vítima;38,2;BR-116/SP;Pista Sul;Colisão traseira;2;1;0;1;0;1;3
05/04/2019;07:51:00;193;sem vítima;223,8;BR-116/SP;Pista Sul;Colisão traseira;1;3;0;0;0;0;1
05/04/2019;22:17:00;844;sem vítima;318,9;BR-116/RJ;Pista Norte;Abalroamento longitudinal;1;2;0;0;0;0;1
06/04/2019;09:44:00;252;sem vítima;23,1;BR-116/SP;Pista Sul;Colisão traseira;1;2;0;0;0;0;1
06/04/2019;18:24:00;549;com vítima;249,95;BR-116/RJ;Pista Norte;Colisão traseira;1;1;0;0;0;1;3
06/04/2019;20:11:00;601;sem vítima;166,95;BR-116/SP;Pista Norte;Choque em barreira New Jersey;1;3;0;0;0;0;1
07/04/2019;06:25:00;82;sem vítima;165;BR-116/SP;Pista Sul;Abalroamento longitudinal;1;2;0;0;0;0;1
08/04/2019;09:50:00;324;com vítima;73;BR-116/SP;Pista Sul;Atropelamento de pedestre atravessando;1;1;0;1;0;0;2
08/04/2019;12:39:00;429;sem vítima;227;BR-116/SP;Pista Norte;Colisão traseira;2;2;0;0;0;0;1
08/04/2019;14:05:00;475;com vítima;221,7;BR-116/RJ;Pista Norte;Abalroamento longitudinal;2;1;1;0;0;0;1
09/04/2019;04:33:00;65;sem vítima;265,4;BR-116/RJ;Pista Norte;Colisão traseira;1;2;0;0;0;0;1
09/04/2019;06:05:00;94;com vítima;96,9;BR-116/SP;Pista Sul;Queda de moto;1;2;1;0;0;0;1
09/04/2019;14:31:00;426;sem vítima;223,2;BR-116/RJ;Pista Norte;Colisão traseira;2;2;0;0;0;0;1
09/04/2019;14:49:00;436;sem vítima;178,3;BR-116/SP;Pista Sul;Abalroamento longitudinal;1;5;0;0;0;0;1
09/04/2019;18:49:00;571;sem vítima;1,3;BR-116/SP;Pista Norte;Colisão traseira;2;3;0;0;0;0;1
10/04/2019;00:51:00;24;sem vítima;224;BR-116/RJ;Pista Norte;Choque Talude;1;1;0;0;0;0;1
10/04/2019;02:56:00;46;sem vítima;227;BR-116/RJ;Pista Sul;Tombamento;1;2;0;0;0;0;1
10/04/2019;06:59:00;127;sem vítima;219;BR-116/SP;Pista Sul;Engavetamento;1;3;0;0;0;0;1
10/04/2019;17:45:00;627;sem vítima;175,4;BR-116/RJ;Pista Sul;Colisão traseira;2;2;0;0;0;0;1
10/04/2019;17:53:00;636;sem vítima;155,6;BR-116/SP;Pista Norte;Abalroamento longitudinal;1;2;0;0;0;0;1
11/04/2019;04:52:00;70;sem vítima;226,1;BR-116/SP;Pista Sul;Colisão traseira;1;1;0;0;0;0;1
11/04/2019;05:15:00;75;sem vítima;170;BR-116/RJ;Pista Norte;Choque em barreira New Jersey;1;1;0;0;0;0;1
11/04/2019;08:16:00;201;sem vítima;166,4;BR-116/RJ;Pista Norte;Colisão traseira;1;2;0;0;0;0;1
11/04/2019;19:29:00;657;sem vítima;25,8;BR-116/SP;Pista Norte;Colisão traseira;1;2;0;0;0;0;1
12/04/2019;05:05:00;81;sem vítima;252,2;BR-116/RJ;Pista Norte;Colisão traseira;1;18;0;0;0;0;1
12/04/2019;07:29:00;155;com vítima;247;BR-116/RJ;Pista Norte;Capotamento;1;1;1;0;0;0;1
12/04/2019;09:51:00;287;sem vítima;105,8;BR-116/SP;Pista Norte;Abalroamento longitudinal;1;26;0;0;0;0;1
12/04/2019;10:17:00;302;com vítima;220,3;BR-116/RJ;Pista Sul;Tombamento;1;0;1;0;0;0;1
12/04/2019;11:55:00;352;com vítima;280,8;BR-116/RJ;Pista Sul;Colisão traseira;1;2;1;0;0;0;1
12/04/2019;14:29:00;431;com vítima;167;BR-116/RJ;Pista Sul;Engavetamento;1;5;2;0;0;0;1
12/04/2019;15:41:00;469;sem vítima;165;BR-116/SP;Pista Sul;Abalroamento longitudinal;2;2;0;0;0;0;1
12/04/2019;15:51:00;476;sem vítima;261,7;BR-116/RJ;Pista Sul;Tombamento;1;1;0;0;0;0;1
12/04/2019;16:46:00;506;sem vítima;135,7;BR-116/SP;Pista Sul;Abalroamento longitudinal;1;2;0;0;0;0;1
12/04/2019;22:27:00;729;sem vítima;285,92;BR-116/RJ;Pista Sul;Abalroamento longitudinal;2;2;0;0;0;0;1
13/04/2019;01:23:00;37;sem vítima;155;BR-116/SP;Pista Norte;Choque em objeto na pista;1;2;0;0;0;0;1
13/04/2019;03:17:00;61;sem vítima;278,6;BR-116/RJ;Pista Norte;Choque em objeto fixo;1;1;0;0;0;0;1
13/04/2019;06:46:00;123;sem vítima;222,6;BR-116/SP;Pista Sul;Colisão traseira;1;2;0;0;0;0;1
13/04/2019;12:20:00;333;com vítima;225,3;BR-116/SP;Pista Sul;Colisão traseira;1;5;1;0;0;0;1
14/04/2019;05:40:00;55;com vítima;222,9;BR-116/SP;Pista Norte;Tombamento;1;0;1;0;0;0;1
14/04/2019;12:34:00;203;sem vítima;224;BR-116/RJ;Pista Norte;Colisão traseira;1;2;0;0;0;0;1
14/04/2019;13:56:00;226;com vítima;296,1;BR-116/RJ;Pista Sul;Abalroamento longitudinal;1;2;1;0;0;0;1
14/04/2019;17:00:00;322;com vítima;299;BR-116/RJ;Pista Norte;Colisão frontal;1;1;0;1;0;0;2
15/04/2019;08:07:00;197;sem vítima;205,8;BR-116/SP;Pista Sul;Abalroamento longitudinal;1;2;0;0;0;0;1
15/04/2019;15:37:00;512;sem vítima;265,1;BR-116/RJ;Pista Sul;Colisão traseira;1;4;0;0;0;0;1
16/04/2019;00:13:00;12;sem vítima;99,1;BR-116/SP;Pista Norte;Tombamento;1;1;0;0;0;0;1
16/04/2019;04:27:00;51;com vítima;116,45;BR-116/SP;Pista Norte;Colisão traseira;1;1;0;0;1;0;2
16/04/2019;06:14:00;82;sem vítima;116,5;BR-116/SP;Pista Norte;Tombamento;1;1;0;0;0;0;1
16/04/2019;10:26:00;329;sem vítima;138;BR-116/SP;Pista Sul;Choque em objeto na pista;1;2;0;0;0;0;1
16/04/2019;12:33:00;410;sem vítima;190,4;BR-116/RJ;Pista Sul;Colisão traseira;1;2;0;0;0;0;1
16/04/2019;14:59:00;514;sem vítima;166,6;BR-116/RJ;Pista Norte;Colisão traseira;1;2;0;0;0;0;1
16/04/2019;16:52:00;584;sem vítima;265;BR-116/RJ;Pista Sul;Tombamento;1;1;0;0;0;0;1
16/04/2019;19:53:00;693;sem vítima;179,1;BR-116/RJ;Pista Sul;Abalroamento longitudinal;1;16;0;0;0;0;1
17/04/2019;02:38:00;50;sem vítima;228,7;BR-116/SP;Pista Norte;Choque em barreira New Jersey;1;1;0;0;0;0;1
17/04/2019;09:52:00;292;sem vítima;146,8;BR-116/SP;Pista Sul;Abalroamento longitudinal;1;2;0;0;0;0;1
17/04/2019;10:14:00;305;sem vítima;174,5;BR-116/RJ;Pista Sul;Choque em objeto na pista;1;3;0;0;0;0;1
17/04/2019;15:24:00;475;sem vítima;154,85;BR-116/SP;Pista Sul;Abalroamento longitudinal;1;2;0;0;0;0;1
17/04/2019;18:52:00;615;sem vítima;212,5;BR-116/SP;Pista Norte;Engavetamento;1;4;0;0;0;0;1
18/04/2019;02:39:00;47;com vítima;325,2;BR-116/RJ;Pista Norte;Colisão traseira;2;1;1;0;0;0;1
18/04/2019;02:55:00;53;sem vítima;229;BR-116/SP;Pista Norte;Abalroamento longitudinal;1;2;0;0;0;0;1
18/04/2019;05:40:00;84;com vítima;174,05;BR-116/RJ;Pista Norte;Engavetamento;2;3;1;0;0;0;1
18/04/2019;07:55:00;178;com vítima;204,1;BR-116/SP;Pista Sul;Abalroamento longitudinal;1;1;1;0;0;0;1
18/04/2019;08:53:00;234;com vítima;102,2;BR-116/SP;Pista Norte;Engavetamento;1;2;1;0;0;0;1
18/04/2019;13:43:00;433;sem vítima;172,4;BR-116/RJ;Pista Sul;Abalroamento longitudinal;1;2;0;0;0;0;1
18/04/2019;14:56:00;482;sem vítima;212,2;BR-116/SP;Pista Sul;Engavetamento;3;5;0;0;0;0;1
18/04/2019;22:15:00;812;sem vítima;156,2;BR-116/SP;Pista Sul;Choque em veículo parado na pista;1;2;0;0;0;0;1
18/04/2019;23:34:00;850;com vítima;110,4;BR-116/SP;Pista Norte;Abalroamento longitudinal;1;1;0;0;1;0;2
19/04/2019;00:04:00;14;sem vítima;216,8;BR-116/SP;Pista Sul;Choque em veículo parado na pista;1;2;0;0;0;0;1
19/04/2019;02:31:00;54;com vítima;175;BR-116/RJ;Pista Sul;Colisão traseira;1;1;1;0;0;0;1
19/04/2019;02:52:00;56;com vítima;183,71;BR-116/SP;Pista Sul;Colisão traseira;1;1;1;0;0;0;1
19/04/2019;03:56:00;72;sem vítima;124,35;BR-116/SP;Pista Sul;Queda de ribanceira;1;1;0;0;0;0;1
19/04/2019;10:12:00;267;sem vítima;319,3;BR-116/RJ;Pista Sul;Abalroamento longitudinal;1;2;0;0;0;0;1
19/04/2019;10:58:00;288;com vítima;318,9;BR-116/RJ;Pista Norte;Colisão traseira;2;1;0;1;0;0;2
19/04/2019;11:13:00;299;sem vítima;229;BR-116/SP;Pista Norte;Abalroamento longitudinal;1;3;0;0;0;0;1
19/04/2019;21:19:00;615;sem vítima;88,8;BR-116/SP;Pista Norte;Colisão traseira;1;3;0;0;0;0;1
21/04/2019;06:08:00;83;sem vítima;101;BR-116/SP;Pista Norte;Abalroamento longitudinal;1;2;0;0;0;0;1
21/04/2019;13:26:00;294;sem vítima;86,95;BR-116/SP;Pista Norte;Colisão traseira;1;5;0;0;0;0;1
21/04/2019;23:49:00;678;com vítima;181,2;BR-116/RJ;Pista Norte;Colisão traseira;1;1;1;0;0;0;1
22/04/2019;00:57:00;26;sem vítima;49,3;BR-116/SP;Pista Sul;Queda de ribanceira;1;1;0;0;0;0;1
22/04/2019;14:32:00;405;com vítima;169,9;BR-116/SP;Pista Norte;Queda de ribanceira;1;0;1;1;0;0;2
22/04/2019;14:39:00;409;sem vítima;188,1;BR-116/RJ;Pista Norte;Tombamento;1;1;0;0;0;0;1
22/04/2019;15:19:00;440;com vítima;188,1;BR-116/RJ;Pista Sul;Colisão traseira;1;1;0;2;0;0;2
22/04/2019;16:51:00;493;sem vítima;228,3;BR-116/SP;Pista Norte;Colisão traseira;1;5;0;0;0;0;1
23/04/2019;08:32:00;196;sem vítima;226,4;BR-116/SP;Pista Sul;Engavetamento;2;4;0;0;0;0;1
23/04/2019;08:33:00;197;sem vítima;192,6;BR-116/SP;Pista Norte;Colisão traseira;1;2;0;0;0;0;1
23/04/2019;12:35:00;336;sem vítima;301,4;BR-116/RJ;Pista Sul;Abalroamento longitudinal;2;3;0;0;0;0;1
23/04/2019;15:03:00;402;sem vítima;281;BR-116/RJ;Pista Sul;Choque em defensa;1;2;0;0;0;0;1
23/04/2019;16:17:00;457;sem vítima;251,8;BR-116/RJ;Pista Norte;Abalroamento longitudinal;1;2;0;0;0;0;1
24/04/2019;06:32:00;115;sem vítima;179,6;BR-116/RJ;Pista Norte;Engavetamento;3;2;0;0;0;0;1
24/04/2019;09:44:00;297;com vítima;277;BR-116/RJ;Pista Norte;Tombamento;1;0;1;0;0;0;1
24/04/2019;14:24:00;447;com vítima;219,9;BR-116/SP;Pista Sul;Abalroamento longitudinal;1;1;2;0;0;0;1
24/04/2019;15:15:00;470;sem vítima;176;BR-116/RJ;Pista Sul;Colisão traseira;1;3;0;0;0;0;1
24/04/2019;16:49:00;531;sem vítima;312;BR-116/RJ;Pista Sul;Engavetamento;1;3;0;0;0;0;1
24/04/2019;18:45:00;617;sem vítima;176;BR-116/RJ;Pista Sul;Abalroamento longitudinal;1;2;0;0;0;0;1
24/04/2019;23:12:00;737;sem vítima;146,8;BR-116/SP;Pista Norte;Abalroamento longitudinal;1;2;0;0;0;0;1
25/04/2019;00:49:00;25;com vítima;319;BR-116/RJ;Pista Sul;Colisão traseira;2;0;2;0;0;0;1
25/04/2019;04:56:00;77;sem vítima;192,5;BR-116/RJ;Pista Norte;Colisão traseira;1;2;0;0;0;0;1
25/04/2019;06:32:00;100;sem vítima;144,6;BR-116/SP;Pista Sul;Abalroamento longitudinal;2;39;0;0;0;0;1
26/04/2019;14:35:00;429;sem vítima;118,1;BR-116/SP;Pista Norte;Choque em barreira New Jersey;1;1;0;0;0;0;1
26/04/2019;14:35:00;430;com vítima;140,7;BR-116/SP;Pista Norte;Atropelamento de pedestre caminhando;1;1;0;0;0;1;3
26/04/2019;16:30:00;496;com vítima;222,1;BR-116/RJ;Pista Sul;Colisão traseira;1;2;1;0;0;0;1
26/04/2019;18:30:00;594;sem vítima;198,3;BR-116/SP;Pista Norte;Choque em veículo parado na pista;1;4;0;0;0;0;1
27/04/2019;11:26:00;303;com vítima;105,6;BR-116/SP;Pista Sul;Colisão frontal;1;1;0;0;0;1;3
27/04/2019;13:05:00;350;com vítima;224,2;BR-116/SP;Pista Sul;Colisão traseira;1;1;1;0;0;0;1
27/04/2019;06:38:00;117;sem vítima;281,6;BR-116/RJ;Pista Sul;Abalroamento longitudinal;1;2;0;0;0;0;1
27/04/2019;15:21:00;417;com vítima;221,1;BR-116/SP;Pista Norte;Colisão traseira;1;1;0;1;0;0;2
27/04/2019;19:49:00;553;sem vítima;175,1;BR-116/RJ;Pista Sul;Choque em barreira New Jersey;1;1;0;0;0;0;1
27/04/2019;20:33:00;571;com vítima;311,9;BR-116/RJ;Pista Norte;Atropelamento de pedestre atravessando;1;1;0;0;0;1;3
28/04/2019;00:00:00;12;sem vítima;250,2;BR-116/RJ;Pista Sul;Choque em objeto fixo;1;1;0;0;0;0;1
28/04/2019;06:15:00;79;com vítima;146;BR-116/SP;Pista Sul;Choque em objeto fixo;1;0;1;0;0;0;1
29/04/2019;19:36:00;686;com vítima;220,3;BR-116/RJ;Pista Sul;Tombamento;1;0;1;0;0;0;1
29/04/2019;00:29:00;15;sem vítima;156;BR-116/SP;Pista Sul;Colisão traseira;1;46;0;0;0;0;1
29/04/2019;08:07:00;199;sem vítima;192,5;BR-116/RJ;Pista Norte;Abalroamento longitudinal;2;2;0;0;0;0;1
29/04/2019;22:21:00;760;sem vítima;222,1;BR-116/RJ;Pista Norte;Tombamento;1;1;0;0;0;0;1
30/04/2019;07:33:00;153;com vítima;267,5;BR-116/RJ;Pista Sul;Abalroamento longitudinal;1;3;2;1;0;0;2
30/04/2019;10:10:00;288;com vítima;230,7;BR-116/SP;Pista Sul;Colisão traseira;1;0;2;0;0;0;1
30/04/2019;11:39:00;335;com vítima;218,6;BR-116/SP;Pista Sul;Abalroamento longitudinal;1;31;1;0;0;0;1
30/04/2019;12:52:00;370;com vítima;34;BR-116/SP;Pista Sul;Colisão traseira;1;3;1;0;0;0;1
30/04/2019;19:09:00;596;sem vítima;166,6;BR-116/RJ;Pista Norte;Choque em veículo parado na pista;1;3;0;0;0;0;1
30/04/2019;19:19:00;604;com vítima;148,1;BR-116/SP;Pista Norte;Engavetamento;1;7;2;0;0;0;1
30/04/2019;21:11:00;676;sem vítima;49,45;BR-116/SP;Pista Sul;Colisão traseira;1;2;0;0;0;0;1
01/05/2019;01:22:00;27;com vítima;44,29999923706055;BR-116/SP;Pista Sul;Colisão Traseira;1;1;;1;;;2
01/05/2019;01:23:00;28;sem vítima;44,29999923706055;BR-116/SP;Pista Sul;Atropelamento de Animal;1;1;;;;;1
01/05/2019;04:43:00;59;com vítima;90,5999984741211;BR-116/SP;Pista Sul;Abalroamento Longitudinal;1;0;2;;;;1
01/05/2019;16:20:00;353;sem vítima;262,70001220703125;BR-116/RJ;Pista Norte;Colisão Traseira;1;2;;;;;1
01/05/2019;16:39:00;366;sem vítima;148;BR-116/SP;Pista Norte;Abalroamento Longitudinal;1;2;;;;;1
02/05/2019;06:28:00;89;sem vítima;224,39999389648438;BR-116/SP;Pista Sul;Abalroamento Longitudinal;1;2;;;;;1
02/05/2019;07:17:00;127;com vítima;21,899999618530273;BR-116/SP;Pista Norte;Tombamento;1;0;1;;;;1
02/05/2019;07:47:00;150;com vítima;147;BR-116/SP;Pista Sul;Abalroamento Longitudinal;1;2;1;;;;1
02/05/2019;08:51:00;209;com vítima;169,60000610351562;BR-116/RJ;Pista Norte;Colisão Traseira;1;11;5;1;;;2
02/05/2019;11:27:00;319;com vítima;145,89999389648438;BR-116/SP;Pista Norte;Abalroamento Longitudinal;1;1;1;;;;1
03/05/2019;05:20:00;86;com vítima;189;BR-116/SP;Pista Sul;Colisão Traseira;2;1;1;;;;1
03/05/2019;05:55:00;101;com vítima;118,69999694824219;BR-116/SP;Pista Norte;Colisão Traseira;2;0;2;;;;1
03/05/2019;14:22:00;448;com vítima;196,6999969482422;BR-116/SP;Pista Norte;Colisão Traseira;2;1;1;;;;1
03/05/2019;16:44:00;543;sem vítima;175;BR-116/RJ;Pista Sul;Colisão Traseira;1;6;;;;;1
04/05/2019;06:09:00;92;sem vítima;323,5;BR-116/RJ;Pista Norte;Outros;1;1;;;;;1
04/05/2019;11:32:00;288;sem vítima;270,5;BR-116/RJ;Pista Norte;Abalroamento Longitudinal;1;4;;;;;1
04/05/2019;19:25:00;537;sem vítima;42;BR-116/SP;Pista Sul;Colisão Traseira;1;3;;;;;1
05/05/2019;15:20:00;300;sem vítima;118,0999984741211;BR-116/SP;Pista Sul;Choque Talude;1;1;;;;;1
05/05/2019;15:57:00;317;sem vítima;228,89999389648438;BR-116/RJ;Pista Norte;Colisão Traseira;1;31;;;;;1
05/05/2019;18:06:00;389;sem vítima;161,10000610351562;BR-116/SP;Pista Sul;Abalroamento Longitudinal;1;3;;;;;1
06/05/2019;04:40:00;54;com vítima;269,6000061035156;BR-116/RJ;Pista Sul;Queda de ponte/viaduto;1;0;;;1;;2
06/05/2019;08:15:00;200;com vítima;179,6999969482422;BR-116/RJ;Pista Norte;Colisão Traseira;1;2;;;;1;3
06/05/2019;08:35:00;214;sem vítima;143,39999389648438;BR-116/SP;Pista Norte;Colisão Traseira;2;2;;;;;1
06/05/2019;18:31:00;599;sem vítima;164;BR-116/SP;Pista Sul;Choque em Defensa;1;3;;;;;1
06/05/2019;18:58:00;616;com vítima;208;BR-116/SP;Pista Norte;Colisão Traseira;1;84;1;;;;1
06/05/2019;20:40:00;675;com vítima;211,3000030517578;BR-116/SP;Pista Norte;Colisão Traseira;2;1;;;1;;2
06/05/2019;22:51:00;722;com vítima;8,600000381469727;BR-116/SP;Pista Sul;Colisão Traseira;2;1;;1;;;2
07/05/2019;02:06:00;33;com vítima;116,5999984741211;BR-116/SP;Pista Norte;Atropelamento de Pedestre Atravessando;1;1;;;;1;3
07/05/2019;05:11:00;61;sem vítima;199,60000610351562;BR-116/SP;Pista Sul;Colisão Traseira;1;2;;;;;1
07/05/2019;06:57:00;107;sem vítima;209,8000030517578;BR-116/RJ;Pista Norte;Choque em Barreira New Jersey;1;2;;;;;1
07/05/2019;08:30:00;185;sem vítima;325;BR-116/RJ;Pista Norte;Choque em objeto fixo;1;1;;;;;1