data;horario;n_da_ocorrencia;tipo_de_ocorrencia;km;trecho;sentido;tipo_de_acidente;caminhao;ilesos;levemente_feridos;moderadamente_feridos;gravemente_feridos;mortos;3
07/05/2019;13:28:00;372;com vítima;177,8000030517578;BR-116/RJ;Pista Norte;Colisão Traseira;1;1;2;1;;;2
07/05/2019;17:20:00;510;sem vítima;298;BR-116/RJ;Pista Norte;Colisão Traseira;1;2;;;;;1
07/05/2019;22:01:00;650;sem vítima;177,1999969482422;BR-116/RJ;Pista Sul;Colisão Traseira;1;2;;;;;1
08/05/2019;02:38:00;45;sem vítima;328,20001220703125;BR-116/RJ;Pista Norte;Choque em Barreira New Jersey;1;1;;;;;1
08/05/2019;03:25:00;58;sem vítima;171,72000122070312;BR-116/SP;Pista Sul;Colisão Traseira;1;29;;;;;1
08/05/2019;08:37:00;208;sem vítima;227,60000610351562;BR-116/RJ;Pista Sul;Engavetamento;3;3;;;;;1
08/05/2019;15:31:00;488;com vítima;270,6000061035156;BR-116/RJ;Pista Sul;Abalroamento Longitudinal;1;1;5;;;;1
09/05/2019;00:10:00;13;sem vítima;101,5;BR-116/SP;Pista Norte;Colisão Traseira;2;2;;;;;1
09/05/2019;07:03:00;128;sem vítima;290,1000061035156;BR-116/RJ;Pista Sul;Abalroamento Longitudinal;1;2;;;;;1
09/05/2019;10:12:00;299;sem vítima;134,69000244140625;BR-116/SP;Pista Sul;Colisão Traseira;1;1;;;;;1
09/05/2019;10:46:00;315;com vítima;133;BR-116/SP;Pista Sul;Queda de moto;1;1;1;;;;1
09/05/2019;11:45:00;350;sem vítima;203,10000610351562;BR-116/SP;Pista Sul;Queda de ribanceira;1;1;;;;;1
09/05/2019;15:03:00;458;com vítima;154;BR-116/SP;Pista Sul;Colisão Traseira;1;5;1;;;;1
09/05/2019;15:15:00;467;sem vítima;43;BR-116/SP;Pista Norte;Choque em objeto na pista;1;2;;;;;1
09/05/2019;16:05:00;514;com vítima;21,049999237060547;BR-116/SP;Pista Norte;Tombamento;3;2;;;1;;2
10/05/2019;05:35:00;62;sem vítima;171,9499969482422;BR-116/SP;Pista Sul;Colisão Traseira;2;2;;;;;1
10/05/2019;09:14:00;229;com vítima;231,5;BR-116/SP;Pista Sul;Engavetamento;1;5;1;;;;1
10/05/2019;16:41:00;522;com vítima;102;BR-116/SP;Pista Norte;Colisão Traseira;1;1;;1;;;2
10/05/2019;19:03:00;632;sem vítima;108;BR-116/SP;Pista Sul;Colisão Traseira;1;2;;;;;1
11/05/2019;00:53:00;23;com vítima;313,8399963378906;BR-116/RJ;Pista Sul;Queda de ribanceira;1;0;1;;;;1
11/05/2019;01:25:00;31;sem vítima;230;BR-116/SP;Pista Sul;Colisão Traseira;1;3;;;;;1
11/05/2019;05:38:00;86;com vítima;100,63999938964844;BR-116/SP;Pista Sul;Colisão Traseira;1;1;;1;;;2
11/05/2019;19:52:00;575;com vítima;176,39999389648438;BR-116/SP;Pista Sul;Engavetamento;2;2;;;2;1;3
12/05/2019;18:22:00;467;sem vítima;264;BR-116/RJ;Pista Sul;Abalroamento Longitudinal;1;2;;;;;1
13/05/2019;05:06:00;74;com vítima;234,5;BR-116/RJ;Pista Norte;Colisão Traseira;2;2;;;;1;3
13/05/2019;07:19:00;134;com vítima;200,85000610351562;BR-116/RJ;Pista Norte;Colisão Traseira;2;1;1;;;;1
13/05/2019;22:37:00;691;sem vítima;319;BR-116/RJ;Pista Sul;Colisão Traseira;1;6;;;;;1
13/05/2019;23:27:00;708;com vítima;112;BR-116/SP;Pista Sul;Colisão Traseira;1;1;1;;;;1
14/05/2019;01:16:00;30;sem vítima;27,899999618530273;BR-116/SP;Pista Sul;Colisão Traseira;2;2;;;;;1
14/05/2019;01:43:00;36;sem vítima;28,700000762939453;BR-116/SP;Pista Sul;Abalroamento Longitudinal;2;3;;;;;1
14/05/2019;09:25:00;275;sem vítima;318,8999938964844;BR-116/RJ;Pista Sul;Engavetamento;1;3;;;;;1
14/05/2019;14:48:00;430;sem vítima;165,8000030517578;BR-116/RJ;Pista Norte;Colisão Traseira;1;2;;;;;1
14/05/2019;14:55:00;435;sem vítima;211;BR-116/SP;Pista Norte;Colisão Traseira;1;3;;;;;1
14/05/2019;16:36:00;500;sem vítima;318,8999938964844;BR-116/RJ;Pista Sul;Colisão Traseira;1;2;;;;;1
14/05/2019;21:12:00;679;sem vítima;272,739990234375;BR-116/RJ;Pista Norte;Abalroamento Longitudinal;2;2;;;;;1
15/05/2019;01:24:00;31;sem vítima;185,10000610351562;BR-116/RJ;Pista Norte;Abalroamento Longitudinal;1;2;;;;;1
15/05/2019;09:26:00;282;com vítima;166,6999969482422;BR-116/RJ;Pista Norte;Abalroamento Longitudinal;1;1;1;;;;1
15/05/2019;20:08:00;676;com vítima;333,3500061035156;BR-116/RJ;Pista Norte;Colisão Traseira;1;1;1;;;;1
15/05/2019;20:40:00;693;sem vítima;98;BR-116/SP;Pista Norte;Engavetamento;2;8;;;;;1
16/05/2019;00:00:00;13;com vítima;188,8000030517578;BR-116/SP;Pista Sul;Colisão Traseira;2;0;2;;;;1
16/05/2019;03:11:00;60;com vítima;318,3999938964844;BR-116/RJ;Pista Sul;Colisão Traseira;1;1;1;1;;;2
16/05/2019;03:38:00;67;sem vítima;175,8000030517578;BR-116/RJ;Pista Norte;Choque em Defensa;1;1;;;;;1
16/05/2019;05:45:00;89;sem vítima;276,79998779296875;BR-116/RJ;Pista Sul;Colisão Traseira;2;2;;;;;1
16/05/2019;09:44:00;297;sem vítima;228,6999969482422;BR-116/SP;Pista Sul;Engavetamento;1;4;;;;;1
16/05/2019;12:04:00;399;sem vítima;165,1999969482422;BR-116/SP;Pista Norte;Colisão Traseira;1;3;;;;;1
16/05/2019;15:59:00;568;com vítima;207,89999389648438;BR-116/SP;Pista Norte;Colisão Traseira;1;1;1;;;;1
16/05/2019;23:21:00;775;sem vítima;151;BR-116/SP;Pista Sul;Abalroamento Longitudinal;1;2;;;;;1
17/05/2019;03:30:00;51;com vítima;195,39999389648438;BR-116/SP;Pista Sul;Colisão Traseira;2;1;1;;;;1
17/05/2019;03:39:00;55;com vítima;195,39999389648438;BR-116/SP;Pista Sul;Colisão Traseira;1;4;3;;;;1
17/05/2019;07:01:00;140;com vítima;126;BR-116/SP;Pista Norte;Abalroamento Longitudinal;1;0;2;;;;1
17/05/2019;07:02:00;141;sem vítima;139;BR-116/SP;Pista Sul;Engavetamento;1;3;;;;;1
17/05/2019;11:19:00;367;sem vítima;225,8000030517578;BR-116/SP;Pista Sul;Colisão Traseira;1;4;;;;;1
17/05/2019;17:23:00;595;sem vítima;146;BR-116/SP;Pista Sul;Colisão Traseira;1;2;;;;;1
17/05/2019;22:45:00;757;sem vítima;129;BR-116/SP;Pista Sul;Colisão Traseira;1;2;;;;;1
18/05/2019;02:56:00;49;sem vítima;137,8000030517578;BR-116/SP;Pista Sul;Colisão Traseira;1;2;;;;;1
18/05/2019;03:54:00;60;sem vítima;223,25;BR-116/SP;Pista Sul;Outros;1;1;;;;;1
18/05/2019;05:13:00;75;com vítima;173,8000030517578;BR-116/SP;Pista Sul;Colisão Traseira;1;1;1;;;;1
18/05/2019;05:43:00;80;sem vítima;203,8000030517578;BR-116/RJ;Pista Sul;Queda de ribanceira;1;1;;;;;1
18/05/2019;07:16:00;113;sem vítima;64,0999984741211;BR-116/SP;Pista Norte;Choque em Defensa;1;1;;;;;1
18/05/2019;07:23:00;118;sem vítima;219,89999389648438;BR-116/SP;Pista Norte;Choque em Defensa;1;1;;;;;1
18/05/2019;15:12:00;351;sem vítima;116,5;BR-116/SP;Pista Sul;Abalroamento Longitudinal;1;2;;;;;1
18/05/2019;22:24:00;559;com vítima;99,75;BR-116/SP;Pista Sul;Colisão Traseira;1;1;;1;;;2
19/05/2019;15:16:00;323;sem vítima;93,19999694824219;BR-116/SP;Pista Sul;Abalroamento Longitudinal;1;4;;;;;1
19/05/2019;20:09:00;506;com vítima;181,10000610351562;BR-116/SP;Pista Norte;Outros;1;0;1;;;;1
20/05/2019;13:33:00;438;sem vítima;146,6999969482422;BR-116/SP;Pista Norte;Abalroamento Longitudinal;1;3;;;;;1
20/05/2019;14:03:00;449;com vítima;157,89999389648438;BR-116/SP;Pista Sul;Tombamento;1;0;1;;;;1
20/05/2019;17:39:00;589;sem vítima;222,89999389648438;BR-116/SP;Pista Sul;Engavetamento;1;3;;;;;1
20/05/2019;20:25:00;685;com vítima;171,3000030517578;BR-116/RJ;Pista Sul;Atropelamento de Pedestre Atravessando;1;1;2;;;;1
21/05/2019;00:04:00;12;sem vítima;277,29998779296875;BR-116/RJ;Pista Norte;Choque em objeto fixo;1;1;;;;;1
21/05/2019;05:20:00;69;com vítima;183,39999389648438;BR-116/SP;Pista Sul;Colisão Traseira;2;1;;;2;;2
21/05/2019;09:19:00;245;com vítima;186,60000610351562;BR-116/RJ;Pista Norte;Capotamento;1;1;1;;;;1
21/05/2019;14:51:00;439;sem vítima;145;BR-116/SP;Pista Norte;Colisão Traseira;1;2;;;;;1
21/05/2019;15:15:00;458;com vítima;65,05000305175781;BR-116/SP;Pista Sul;Choque em Barreira New Jersey;1;0;1;;;;1
21/05/2019;17:04:00;520;com vítima;214,89999389648438;BR-116/RJ;Pista Sul;Tombamento;1;0;1;;;;1
21/05/2019;23:53:00;710;com vítima;188,5;BR-116/SP;Pista Sul;Colisão Traseira;2;1;;1;;;2
22/05/2019;06:34:00;102;sem vítima;250;BR-116/RJ;Pista Sul;Colisão Traseira;2;2;;;;;1
22/05/2019;08:40:00;241;com vítima;134,1999969482422;BR-116/SP;Pista Sul;Colisão Traseira;1;1;;;;1;3
22/05/2019;13:01:00;398;sem vítima;267;BR-116/RJ;Pista Sul;Choque em Defensa;1;1;;;;;1
22/05/2019;16:20:00;517;sem vítima;214,60000610351562;BR-116/SP;Pista Norte;Colisão Traseira;1;3;;;;;1
23/05/2019;01:46:00;38;sem vítima;319,8999938964844;BR-116/RJ;Pista Sul;Colisão Traseira;2;2;;;;;1
23/05/2019;06:26:00;112;com vítima;179;BR-116/RJ;Pista Norte;Engavetamento;2;2;;1;;;2
23/05/2019;07:17:00;156;sem vítima;209,60000610351562;BR-116/SP;Pista Sul;Abalroamento Longitudinal;1;2;;;;;1
23/05/2019;09:56:00;316;sem vítima;213;BR-116/SP;Pista Sul;Colisão Traseira;1;3;;;;;1
23/05/2019;23:42:00;764;sem vítima;110,0999984741211;BR-116/SP;Pista Sul;Choque em Defensa;1;1;;;;;1
24/05/2019;07:50:00;191;sem vítima;111;BR-116/SP;Pista Sul;Abalroamento Longitudinal;1;2;;;;;1
24/05/2019;11:35:00;363;sem vítima;223,1999969482422;BR-116/RJ;Pista Norte;Choque Talude;1;2;;;;;1
24/05/2019;19:52:00;699;sem vítima;155,3000030517578;BR-116/SP;Pista Sul;Abalroamento Longitudinal;1;2;;;;;1
24/05/2019;20:48:00;729;sem vítima;165,8000030517578;BR-116/RJ;Pista Sul;Colisão Traseira;2;2;;;;;1
24/05/2019;23:08:00;792;com vítima;90,1500015258789;BR-116/SP;Pista Norte;Colisão Traseira;1;1;;1;;;2
25/05/2019;20:48:00;579;sem vítima;108,94999694824219;BR-116/SP;Pista Sul;Abalroamento Longitudinal;1;3;;;;;1
26/05/2019;18:09:00;494;sem vítima;304,8999938964844;BR-116/RJ;Pista Norte;Engavetamento;1;6;;;;;1
26/05/2019;22:47:00;619;sem vítima;226,10000610351562;BR-116/RJ;Pista Sul;Colisão Traseira;2;2;;;;;1
27/05/2019;06:45:00;119;com vítima;167,5;BR-116/RJ;Pista Norte;Abalroamento Longitudinal;1;1;1;;;;1
27/05/2019;08:23:00;220;com vítima;166,64999389648438;BR-116/RJ;Pista Sul;Colisão Traseira;1;2;1;;;;1
27/05/2019;08:47:00;247;sem vítima;310,79998779296875;BR-116/RJ;Pista Norte;Queda de ribanceira;1;1;;;;;1
27/05/2019;19:00:00;657;sem vítima;155,1999969482422;BR-116/SP;Pista Norte;Colisão Traseira;1;2;;;;;1
28/05/2019;01:10:00;28;sem vítima;188,60000610351562;BR-116/SP;Pista Sul;Colisão Traseira;2;2;;;;;1
28/05/2019;02:28:00;36;sem vítima;167,89999389648438;BR-116/SP;Pista Norte;Colisão Traseira;1;2;;;;;1
28/05/2019;11:25:00;370;sem vítima;216,3000030517578;BR-116/SP;Pista Sul;Capotamento;1;2;;;;;1
28/05/2019;13:21:00;448;sem vítima;222,5;BR-116/RJ;Pista Norte;Colisão Traseira;2;3;;;;;1
28/05/2019;13:31:00;454;sem vítima;225,25;BR-116/RJ;Pista Norte;Choque em objeto fixo;1;1;;;;;1
28/05/2019;15:37:00;528;sem vítima;126,9000015258789;BR-116/SP;Pista Sul;Choque em objeto na pista;2;4;;;;;1
28/05/2019;16:25:00;555;sem vítima;165,10000610351562;BR-116/RJ;Pista Sul;Colisão Traseira;1;2;;;;;1
29/05/2019;07:28:00;149;com vítima;166,89999389648438;BR-116/RJ;Pista Norte;Engavetamento;1;5;1;;;;1
29/05/2019;07:59:00;177;sem vítima;165,1999969482422;BR-116/SP;Pista Norte;Colisão Traseira;2;2;;;;;1
29/05/2019;08:49:00;222;com vítima;29,100000381469727;BR-116/SP;Pista Norte;Choque em Barreira New Jersey;1;1;1;;;;1
29/05/2019;21:53:00;729;sem vítima;227,5;BR-116/SP;Pista Norte;Choque em Defensa;1;1;;;;;1
30/05/2019;00:21:00;15;com vítima;181,5;BR-116/RJ;Pista Norte;Colisão Traseira;1;1;1;;;;1
30/05/2019;02:31:00;55;com vítima;1,5499999523162842;BR-116/SP;Pista Norte;Atropelamento de Pedestre Atravessando;2;1;;;;1;3
30/05/2019;12:20:00;387;sem vítima;146,8000030517578;BR-116/SP;Pista Norte;Abalroamento Longitudinal;1;2;;;;;1
30/05/2019;18:47:00;655;sem vítima;276;BR-116/RJ;Pista Norte;Colisão Traseira;2;2;;;;;1
31/05/2019;00:12:00;14;com vítima;295,7300109863281;BR-116/RJ;Pista Sul;Tombamento;1;0;1;;;;1
31/05/2019;06:11:00;100;com vítima;128,5;BR-116/SP;Pista Sul;Atropelamento de Pedestre Atravessando;1;1;;1;;;2
31/05/2019;07:48:00;202;sem vítima;135;BR-116/SP;Pista Sul;Colisão Traseira;1;2;;;;;1
31/05/2019;11:35:00;405;com vítima;144,60000610351562;BR-116/SP;Pista Sul;Abalroamento Longitudinal;1;1;1;;1;;2
31/05/2019;13:01:00;469;sem vítima;226,5;BR-116/SP;Pista Norte;Colisão Traseira;1;3;;;;;1
31/05/2019;15:06:00;573;sem vítima;6;BR-116/SP;Pista Norte;Choque em objeto na pista;2;2;;;;;1
31/05/2019;15:35:00;594;sem vítima;181;BR-116/SP;Pista Sul;Abalroamento Longitudinal;1;4;;;;;1
31/05/2019;21:29:00;833;sem vítima;229,3000030517578;BR-116/SP;Pista Sul;Choque em Defensa;1;1;;;;;1
01/06/2019;10:41:00;244;sem vítima;163;BR-116/SP;Pista Sul;Colisão traseira;2;3;0;0;0;0;1
02/06/2019;00:31:00;20;sem vítima;57,7;BR-116/SP;Pista Norte;Colisão traseira;1;4;0;0;0;0;1
02/06/2019;07:58:00;106;sem vítima;239,1;BR-116/RJ;Pista Sul;Tombamento;1;1;0;0;0;0;1
03/06/2019;06:45:00;110;sem vítima;180,2;BR-116/RJ;Pista Norte;Colisão traseira;1;2;0;0;0;0;1
03/06/2019;08:53:00;249;sem vítima;205,2;BR-116/SP;Pista Sul;Colisão traseira;1;2;0;0;0;0;1
03/06/2019;13:28:00;441;sem vítima;223,25;BR-116/RJ;Pista Norte;Tombamento;1;1;0;0;0;0;1
03/06/2019;15:04:00;496;sem vítima;15,25;BR-116/SP;Pista Sul;Choque em barreira New Jersey;1;1;0;0;0;0;1
03/06/2019;15:05:00;498;com vítima;70,8;BR-116/SP;Pista Sul;Colisão traseira;1;1;1;0;0;0;1
03/06/2019;16:23:00;541;com vítima;165;BR-116/RJ;Pista Sul;Colisão traseira;2;1;2;0;0;0;1
04/06/2019;00:21:00;21;sem vítima;86,95;BR-116/SP;Pista Norte;Colisão traseira;1;2;0;0;0;0;1
04/06/2019;01:41:00;41;com vítima;98,7;BR-116/SP;Pista Norte;Choque em objeto fixo;1;0;0;1;0;0;2
04/06/2019;05:50:00;78;sem vítima;165,35;BR-116/SP;Pista Sul;Colisão traseira;2;2;0;0;0;0;1
04/06/2019;07:20:00;140;sem vítima;208,5;BR-116/SP;Pista Sul;Colisão traseira;1;2;0;0;0;0;1
04/06/2019;08:11:00;186;com vítima;223,3;BR-116/RJ;Pista Norte;Tombamento;1;0;0;1;0;0;2
04/06/2019;08:37:00;201;sem vítima;288,55;BR-116/RJ;Pista Sul;Engavetamento;1;4;0;0;0;0;1
04/06/2019;09:56:00;247;sem vítima;238,2;BR-116/RJ;Pista Norte;Abalroamento longitudinal;1;2;0;0;0;0;1
04/06/2019;10:10:00;269;sem vítima;163,4;BR-116/RJ;Pista Norte;Colisão traseira;1;2;0;0;0;0;1
04/06/2019;15:07:00;456;sem vítima;101;BR-116/SP;Pista Norte;Abalroamento longitudinal;1;2;0;0;0;0;1
04/06/2019;16:32:00;513;com vítima;177,3;BR-116/SP;Pista Norte;Tombamento;1;0;1;0;0;0;1
04/06/2019;16:44:00;520;sem vítima;177,45;BR-116/SP;Pista Norte;Outros;1;37;0;0;0;0;1
04/06/2019;21:26:00;655;sem vítima;296;BR-116/RJ;Pista Norte;Choque em defensa;1;1;0;0;0;0;1
04/06/2019;22:05:00;670;sem vítima;180,5;BR-116/SP;Pista Sul;Abalroamento longitudinal;2;2;0;0;0;0;1
05/06/2019;10:36:00;319;com vítima;252,5;BR-116/RJ;Pista Norte;Engavetamento;1;2;1;0;0;0;1
05/06/2019;10:52:00;324;sem vítima;226,2;BR-116/RJ;Pista Sul;Abalroamento longitudinal;1;2;0;0;0;0;1
05/06/2019;13:03:00;394;com vítima;125;BR-116/SP;Pista Norte;Queda de ribanceira;1;1;1;0;0;0;1
05/06/2019;19:22:00;589;sem vítima;202,8;BR-116/SP;Pista Norte;Outros;1;4;0;0;0;0;1
06/06/2019;06:12:00;104;sem vítima;220,3;BR-116/RJ;Pista Norte;Engavetamento;3;3;0;0;0;0;1
06/06/2019;08:23:00;225;sem vítima;222,5;BR-116/RJ;Pista Sul;Choque em defensa;1;1;0;0;0;0;1
06/06/2019;09:28:00;274;com vítima;186,4;BR-116/RJ;Pista Norte;Colisão traseira;1;1;1;0;0;0;1
07/06/2019;16:55:00;566;com vítima;212;BR-116/SP;Pista Sul;Colisão traseira;1;4;1;0;0;0;1
07/06/2019;16:59:00;570;com vítima;138,1;BR-116/SP;Pista Norte;Engavetamento;3;3;2;0;0;0;1
12/06/2019;10:31:00;355;com vítima;223,8;BR-116/SP;Pista Sul;Abalroamento longitudinal;1;2;1;0;0;0;1
12/06/2019;13:02:00;441;sem vítima;186,7;BR-116/RJ;Pista Norte;Abalroamento longitudinal;2;2;0;0;0;0;1
13/06/2019;21:32:00;707;com vítima;227,7;BR-116/SP;Pista Norte;Abalroamento longitudinal;1;1;1;0;0;0;1
13/06/2019;21:46:00;719;com vítima;160,35;BR-116/SP;Pista Norte;Colisão traseira;1;1;1;0;0;0;1
17/06/2019;06:44:00;121;sem vítima;180,2;BR-116/RJ;Pista Norte;Colisão traseira;1;2;0;0;0;0;1
06/06/2019;12:18:00;411;sem vítima;195,8;BR-116/RJ;Pista Norte;Abalroamento longitudinal;1;2;0;0;0;0;1
06/06/2019;14:00:00;470;com vítima;270,9;BR-116/RJ;Pista Norte;Abalroamento longitudinal;1;3;0;1;0;0;2
06/06/2019;18:28:00;634;sem vítima;148,4;BR-116/SP;Pista Norte;Engavetamento;2;3;0;0;0;0;1
06/06/2019;18:35:00;637;sem vítima;219;BR-116/SP;Pista Norte;Abalroamento longitudinal;1;3;0;0;0;0;1
06/06/2019;18:47:00;645;com vítima;218,2;BR-116/SP;Pista Norte;Abalroamento longitudinal;1;2;0;1;0;0;2
06/06/2019;19:08:00;658;sem vítima;290;BR-116/RJ;Pista Sul;Abalroamento longitudinal;1;2;0;0;0;0;1
06/06/2019;20:48:00;726;sem vítima;159;BR-116/SP;Pista Norte;Choque em defensa;1;1;0;0;0;0;1
06/06/2019;22:43:00;765;sem vítima;160;BR-116/SP;Pista Norte;Abalroamento longitudinal;1;2;0;0;0;0;1
07/06/2019;00:51:00;23;sem vítima;134,7;BR-116/SP;Pista Sul;Colisão traseira;2;2;0;0;0;0;1
07/06/2019;06:31:00;97;sem vítima;104,1;BR-116/SP;Pista Norte;Colisão traseira;1;2;0;0;0;0;1
07/06/2019;09:34:00;271;sem vítima;204,5;BR-116/SP;Pista Sul;Engavetamento;1;3;0;0;0;0;1
07/06/2019;09:58:00;286;com vítima;150,5;BR-116/SP;Pista Sul;Engavetamento;1;3;2;0;0;0;1
07/06/2019;12:44:00;393;sem vítima;167,3;BR-116/RJ;Pista Norte;Abalroamento longitudinal;1;3;0;0;0;0;1
07/06/2019;14:50:00;476;sem vítima;301,4;BR-116/RJ;Pista Sul;Choque em defensa;2;3;0;0;0;0;1
07/06/2019;17:54:00;604;com vítima;292,6;BR-116/RJ;Pista Sul;Colisão traseira;1;1;1;0;0;0;1
07/06/2019;18:32:00;627;sem vítima;209,25;BR-116/SP;Pista Sul;Abalroamento longitudinal;1;2;0;0;0;0;1
07/06/2019;18:50:00;636;sem vítima;180,3;BR-116/SP;Pista Norte;Abalroamento longitudinal;2;2;0;0;0;0;1
08/06/2019;06:35:00;83;sem vítima;70,1;BR-116/SP;Pista Sul;Abalroamento longitudinal;1;2;0;0;0;0;1
08/06/2019;09:36:00;192;sem vítima;208,62;BR-116/SP;Pista Sul;Choque em objeto na pista;1;1;0;0;0;0;1
08/06/2019;16:20:00;409;sem vítima;222,5;BR-116/RJ;Pista Norte;Abalroamento longitudinal;1;2;0;0;0;0;1
08/06/2019;17:12:00;431;com vítima;214,7;BR-116/SP;Pista Norte;Colisão traseira;1;2;2;0;0;0;1
09/06/2019;10:53:00;217;sem vítima;278,75;BR-116/RJ;Pista Sul;Abalroamento longitudinal;1;3;0;0;0;0;1
09/06/2019;18:55:00;490;sem vítima;187,8;BR-116/RJ;Pista Norte;Engavetamento;1;8;0;0;0;0;1
09/06/2019;20:40:00;547;sem vítima;20,7;BR-116/SP;Pista Sul;Choque em objeto fixo;1;1;0;0;0;0;1
10/06/2019;04:15:00;65;sem vítima;181,4;BR-116/RJ;Pista Sul;Atropelamento de animal;1;1;0;0;0;0;1
10/06/2019;05:26:00;85;com vítima;199,2;BR-116/SP;Pista Sul;Colisão traseira;2;0;2;0;1;1;3
10/06/2019;06:14:00;106;com vítima;67;BR-116/SP;Pista Norte;Tombamento;1;0;1;0;0;0;1
10/06/2019;17:03:00;564;sem vítima;217,5;BR-116/SP;Pista Norte;Abalroamento longitudinal;1;2;0;0;0;0;1
10/06/2019;19:11:00;647;sem vítima;176,2;BR-116/RJ;Pista Sul;Abalroamento longitudinal;1;4;0;0;0;0;1
10/06/2019;22:37:00;738;sem vítima;176,2;BR-116/RJ;Pista Sul;Abalroamento longitudinal;1;2;0;0;0;0;1
11/06/2019;02:41:00;45;sem vítima;97,24;BR-116/SP;Pista Sul;Colisão traseira;1;2;0;0;0;0;1
11/06/2019;03:28:00;65;sem vítima;245,5;BR-116/RJ;Pista Norte;Colisão traseira;1;1;0;0;0;0;1
11/06/2019;07:07:00;116;sem vítima;184,8;BR-116/SP;Pista Norte;Choque em objeto na pista;1;1;0;0;0;0;1
11/06/2019;11:23:00;353;sem vítima;178,3;BR-116/RJ;Pista Sul;Outros;1;1;0;0;0;0;1
11/06/2019;13:03:00;406;sem vítima;168,9;BR-116/SP;Pista Norte;Colisão traseira;1;2;0;0;0;0;1
11/06/2019;13:50:00;439;sem vítima;225,45;BR-116/SP;Pista Norte;Engavetamento;1;3;0;0;0;0;1
11/06/2019;14:03:00;448;sem vítima;319;BR-116/RJ;Pista Sul;Abalroamento longitudinal;1;2;0;0;0;0;1
11/06/2019;16:40:00;538;sem vítima;146;BR-116/SP;Pista Norte;Abalroamento longitudinal;1;2;0;0;0;0;1
11/06/2019;18:31:00;625;com vítima;163,4;BR-116/RJ;Pista Norte;Abalroamento longitudinal;1;1;1;0;0;0;1
12/06/2019;08:16:00;227;sem vítima;217,5;BR-116/RJ;Pista Norte;Abalroamento longitudinal;2;2;0;0;0;0;1
12/06/2019;08:55:00;266;sem vítima;124;BR-116/SP;Pista Sul;Colisão traseira;1;4;0;0;0;0;1
12/06/2019;09:44:00;315;com vítima;155,1;BR-116/SP;Pista Sul;Colisão traseira;1;1;1;0;0;0;1
12/06/2019;16:56:00;593;sem vítima;165,1;BR-116/RJ;Pista Sul;Colisão traseira;1;2;0;0;0;0;1
13/06/2019;05:27:00;88;sem vítima;132,5;BR-116/SP;Pista Norte;Abalroamento longitudinal;2;3;0;0;0;0;1
13/06/2019;07:59:00;182;sem vítima;145;BR-116/SP;Pista Norte;Outros;1;1;0;0;0;0;1
13/06/2019;09:51:00;291;com vítima;122,8;BR-116/SP;Pista Sul;Outros;2;1;0;1;0;0;2
13/06/2019;13:36:00;408;sem vítima;223,7;BR-116/RJ;Pista Norte;Choque em objeto fixo;1;1;0;0;0;0;1
13/06/2019;14:01:00;422;com vítima;161,8;BR-116/SP;Pista Sul;Tombamento;1;0;1;0;0;0;1
13/06/2019;15:35:00;472;sem vítima;202;BR-116/SP;Pista Sul;Choque em veículo parado na pista;1;2;0;0;0;0;1
13/06/2019;16:07:00;500;sem vítima;98;BR-116/SP;Pista Norte;Colisão traseira;2;3;0;0;0;0;1
13/06/2019;17:03:00;544;sem vítima;165,2;BR-116/SP;Pista Norte;Colisão traseira;1;1;0;0;0;0;1
13/06/2019;19:02:00;633;com vítima;162;BR-116/SP;Pista Norte;Atropelamento de pedestre caminhando;1;1;0;0;0;1;3
14/06/2019;01:07:00;28;sem vítima;226;BR-116/SP;Pista Norte;Abalroamento longitudinal;2;2;0;0;0;0;1
14/06/2019;06:27:00;123;sem vítima;227,9;BR-116/RJ;Pista Norte;Abalroamento longitudinal;2;2;0;0;0;0;1
14/06/2019;09:48:00;322;sem vítima;117;BR-116/SP;Pista Sul;Abalroamento longitudinal;1;2;0;0;0;0;1
14/06/2019;13:52:00;485;sem vítima;277,8;BR-116/RJ;Pista Norte;Abalroamento longitudinal;2;3;0;0;0;0;1
14/06/2019;15:37:00;553;sem vítima;34,28;BR-116/SP;Pista Norte;Colisão traseira;2;2;0;0;0;0;1
14/06/2019;15:48:00;562;com vítima;34,1;BR-116/SP;Pista Sul;Colisão traseira;1;1;1;0;0;0;1
15/06/2019;00:40:00;25;sem vítima;160,2;BR-116/SP;Pista Norte;Colisão traseira;1;2;0;0;0;0;1
15/06/2019;12:45:00;333;sem vítima;146,6;BR-116/SP;Pista Sul;Abalroamento longitudinal;1;2;0;0;0;0;1
15/06/2019;16:53:00;482;sem vítima;167,8;BR-116/RJ;Pista Sul;Colisão traseira;1;2;0;0;0;0;1
15/06/2019;20:17:00;570;com vítima;168,15;BR-116/RJ;Pista Norte;Atropelamento de pedestre caminhando;1;1;0;0;1;0;2
16/06/2019;00:58:00;24;com vítima;118,2;BR-116/SP;Pista Norte;Colisão traseira;1;1;0;1;0;0;2
17/06/2019;05:51:00;87;sem vítima;145,35;BR-116/SP;Pista Norte;Colisão traseira;1;2;0;0;0;0;1