data;horario;n_da_ocorrencia;tipo_de_ocorrencia;km;trecho;sentido;tipo_de_acidente;caminhao;ilesos;levemente_feridos;moderadamente_feridos;gravemente_feridos;mortos;3
28/08/2019;23:11:00;770;sem vítima;142,9;BR-116/SP;Pista Sul;Colisão traseira;1;4;0;0;0;0;1
29/08/2019;05:19:00;60;sem vítima;279,6;BR-116/RJ;Pista Norte;Choque em barreira New Jersey;1;1;0;0;0;0;1
29/08/2019;05:27:00;66;sem vítima;218,96;BR-116/SP;Pista Sul;Choque em objeto na pista;2;2;0;0;0;0;1
29/08/2019;18:47:00;588;sem vítima;148;BR-116/SP;Pista Norte;Colisão traseira;1;2;0;0;0;0;1
30/08/2019;04:58:00;64;sem vítima;65,75;BR-116/SP;Pista Norte;Tombamento;1;1;0;0;0;0;1
30/08/2019;06:12:00;85;sem vítima;198,1;BR-116/SP;Pista Sul;Colisão traseira;1;2;0;0;0;0;1
30/08/2019;06:43:00;100;com vítima;198,59;BR-116/RJ;Pista Norte;Choque em veículo parado na pista;1;1;0;1;0;0;2
30/08/2019;08:38:00;207;sem vítima;118,6;BR-116/SP;Pista Norte;Abalroamento longitudinal;2;2;0;0;0;0;1
30/08/2019;10:52:00;284;com vítima;109,7;BR-116/SP;Pista Sul;Engavetamento;3;2;1;0;0;0;1
30/08/2019;11:53:00;313;sem vítima;60;BR-116/SP;Pista Sul;Colisão traseira;2;2;0;0;0;0;1
30/08/2019;17:34:00;524;com vítima;177,7;BR-116/RJ;Pista Sul;Colisão traseira;1;1;1;0;0;0;1
30/08/2019;18:45:00;599;sem vítima;166,2;BR-116/RJ;Pista Sul;Abalroamento longitudinal;1;5;0;0;0;0;1
30/08/2019;20:56:00;688;com vítima;210,6;BR-116/SP;Pista Sul;Atropelamento de pedestre atravessando;1;3;0;0;1;0;2
30/08/2019;23:15:00;761;com vítima;64,9;BR-116/SP;Pista Sul;Tombamento;1;0;1;0;0;0;1
30/08/2019;23:29:00;768;com vítima;125,53;BR-116/SP;Pista Norte;Queda de ribanceira;1;0;1;0;0;0;1
31/08/2019;07:13:00;135;com vítima;180;BR-116/RJ;Pista Norte;Colisão traseira;1;0;2;0;0;0;1
31/08/2019;09:28:00;204;sem vítima;116;BR-116/SP;Pista Norte;Colisão traseira;1;3;0;0;0;0;1
31/08/2019;12:16:00;312;sem vítima;124,6;BR-116/SP;Pista Sul;Abalroamento longitudinal;1;2;0;0;0;0;1
31/08/2019;17:07:00;459;sem vítima;224,2;BR-116/SP;Pista Sul;Abalroamento longitudinal;1;2;0;0;0;0;1
31/08/2019;21:46:00;638;com vítima;181,35;BR-116/RJ;Pista Sul;Abalroamento longitudinal;1;0;3;0;0;0;1
31/08/2019;22:31:00;650;sem vítima;208,5;BR-116/RJ;Pista Norte;Choque em objeto fixo;1;1;0;0;0;0;1
01/09/2019;07:32:00;99;sem vítima;82,7;BR-116/SP;Pista Sul;Choque em objeto na pista;1;2;0;0;0;0;1
01/09/2019;15:51:00;321;com vítima;222,05;BR-116/RJ;Pista Norte;Tombamento;1;0;0;0;1;0;2
01/09/2019;15:54:00;324;sem vítima;66,3;BR-116/SP;Pista Norte;Abalroamento longitudinal;1;7;0;0;0;0;1
01/09/2019;17:07:00;361;sem vítima;37,9;BR-116/SP;Pista Norte;Abalroamento longitudinal;1;9;0;0;0;0;1
01/09/2019;18:15:00;403;sem vítima;221,5;BR-116/RJ;Pista Sul;Outros;1;2;0;0;0;0;1
02/09/2019;01:03:00;24;com vítima;64,95;BR-116/SP;Pista Norte;Queda de Ponte/Viaduto;1;0;1;0;0;0;1
02/09/2019;06:58:00;117;com vítima;241,3;BR-116/RJ;Pista Norte;Engavetamento;2;5;4;2;0;0;2
02/09/2019;07:32:00;150;sem vítima;167,7;BR-116/RJ;Pista Norte;Colisão traseira;1;2;0;0;0;0;1
02/09/2019;07:33:00;151;sem vítima;277,4;BR-116/RJ;Pista Sul;Colisão traseira;1;3;0;0;0;0;1
02/09/2019;09:02:00;217;sem vítima;185;BR-116/RJ;Pista Norte;Engavetamento;1;3;0;0;0;0;1
02/09/2019;10:12:00;261;sem vítima;119,4;BR-116/SP;Pista Norte;Tombamento;1;1;0;0;0;0;1
02/09/2019;10:23:00;270;sem vítima;223;BR-116/RJ;Pista Sul;Colisão traseira;1;2;0;0;0;0;1
02/09/2019;16:30:00;463;sem vítima;145;BR-116/SP;Pista Norte;Abalroamento longitudinal;1;3;0;0;0;0;1
03/09/2019;02:43:00;43;sem vítima;218,2;BR-116/SP;Pista Norte;Colisão traseira;2;2;0;0;0;0;1
03/09/2019;05:48:00;83;com vítima;187;BR-116/RJ;Pista Norte;Tombamento;1;0;0;1;0;0;2
03/09/2019;08:32:00;218;sem vítima;113,2;BR-116/SP;Pista Norte;Abalroamento longitudinal;1;5;0;0;0;0;1
03/09/2019;16:50:00;527;sem vítima;256,85;BR-116/RJ;Pista Sul;Choque em barreira New Jersey;1;1;0;0;0;0;1
03/09/2019;20:43:00;667;sem vítima;86,4;BR-116/SP;Pista Norte;Abalroamento longitudinal;2;2;0;0;0;0;1
04/09/2019;00:16:00;13;com vítima;310,6;BR-116/RJ;Pista Norte;Colisão traseira;2;1;1;0;0;0;1
04/09/2019;02:00:00;48;sem vítima;152,8;BR-116/SP;Pista Sul;Colisão traseira;1;3;0;0;0;0;1
04/09/2019;05:52:00;99;sem vítima;167,2;BR-116/SP;Pista Norte;Choque em barreira New Jersey;1;1;0;0;0;0;1
04/09/2019;06:34:00;110;sem vítima;108;BR-116/SP;Pista Norte;Abalroamento longitudinal;1;2;0;0;0;0;1
04/09/2019;07:22:00;159;sem vítima;180;BR-116/RJ;Pista Norte;Colisão traseira;1;2;0;0;0;0;1
04/09/2019;10:04:00;271;sem vítima;265,3;BR-116/RJ;Pista Norte;Colisão traseira;1;3;0;0;0;0;1
04/09/2019;14:28:00;420;sem vítima;162,13;BR-116/SP;Pista Norte;Engavetamento;1;4;0;0;0;0;1
04/09/2019;17:07:00;504;sem vítima;145,6;BR-116/SP;Pista Norte;Colisão traseira;1;2;0;0;0;0;1
05/09/2019;03:24:00;60;sem vítima;246;BR-116/RJ;Pista Norte;Choque em veículo parado na pista;2;2;0;0;0;0;1
07/09/2019;12:48:00;343;sem vítima;231,4;BR-116/SP;Pista Norte;Abalroamento longitudinal;1;3;0;0;0;0;1
09/09/2019;07:25:00;167;sem vítima;148,2;BR-116/SP;Pista Norte;Colisão traseira;2;2;0;0;0;0;1
09/09/2019;07:54:00;199;sem vítima;248,68;BR-116/RJ;Pista Norte;Choque em objeto fixo;1;1;0;0;0;0;1
12/09/2019;20:45:00;825;sem vítima;192,7;BR-116/SP;Pista Norte;Colisão traseira;1;2;0;0;0;0;1
05/09/2019;10:58:00;333;com vítima;176,25;BR-116/RJ;Pista Sul;Engavetamento;1;4;1;0;0;0;1
05/09/2019;13:46:00;418;sem vítima;113;BR-116/SP;Pista Sul;Colisão traseira;1;1;0;0;0;0;1
05/09/2019;22:06:00;687;sem vítima;113,8;BR-116/SP;Pista Sul;Colisão traseira;2;3;0;0;0;0;1
06/09/2019;07:00:00;126;com vítima;38,25;BR-116/SP;Pista Sul;Colisão traseira;2;1;1;0;0;0;1
06/09/2019;19:02:00;708;sem vítima;165,2;BR-116/SP;Pista Sul;Colisão traseira;1;2;0;0;0;0;1
06/09/2019;20:35:00;753;com vítima;223,1;BR-116/RJ;Pista Norte;Tombamento;1;0;0;1;0;0;2
07/09/2019;01:27:00;49;sem vítima;271,1;BR-116/RJ;Pista Norte;Colisão traseira;2;2;0;0;0;0;1
07/09/2019;07:21:00;164;sem vítima;170,3;BR-116/RJ;Pista Norte;Abalroamento longitudinal;1;2;0;0;0;0;1
07/09/2019;08:26:00;206;com vítima;91,1;BR-116/SP;Pista Norte;Engavetamento;1;26;3;1;0;0;2
07/09/2019;08:38:00;210;com vítima;261,65;BR-116/RJ;Pista Sul;Abalroamento longitudinal;1;5;1;0;0;0;1
07/09/2019;09:17:00;231;com vítima;122,2;BR-116/SP;Pista Norte;Engavetamento;1;21;1;0;0;0;1
08/09/2019;14:07:00;332;com vítima;331,3;BR-116/RJ;Pista Norte;Abalroamento longitudinal;1;1;2;0;0;0;1
08/09/2019;14:51:00;352;sem vítima;190,27;BR-116/SP;Pista Norte;Outros;1;2;0;0;0;0;1
09/09/2019;01:25:00;29;sem vítima;297,3;BR-116/RJ;Pista Norte;Colisão traseira;1;7;0;0;0;0;1
09/09/2019;08:24:00;228;sem vítima;221,6;BR-116/SP;Pista Sul;Engavetamento;1;39;0;0;0;0;1
09/09/2019;11:35:00;366;com vítima;216,4;BR-116/SP;Pista Sul;Abalroamento longitudinal;1;5;0;1;1;0;2
09/09/2019;12:07:00;391;com vítima;230,7;BR-116/SP;Pista Sul;Engavetamento;1;4;0;1;0;0;2
09/09/2019;14:01:00;453;sem vítima;172,65;BR-116/SP;Pista Norte;Colisão frontal;1;2;0;0;0;0;1
09/09/2019;17:28:00;592;sem vítima;167,2;BR-116/RJ;Pista Norte;Abalroamento longitudinal;1;2;0;0;0;0;1
10/09/2019;00:43:00;25;com vítima;30,5;BR-116/SP;Pista Norte;Colisão traseira;2;1;1;0;0;0;1
10/09/2019;02:48:00;49;sem vítima;177,2;BR-116/SP;Pista Sul;Atropelamento de animal;1;1;0;0;0;0;1
10/09/2019;12:58:00;400;sem vítima;223,8;BR-116/RJ;Pista Norte;Choque em barreira New Jersey;1;1;0;0;0;0;1
10/09/2019;16:22:00;516;sem vítima;205,3;BR-116/SP;Pista Norte;Abalroamento longitudinal;1;5;0;0;0;0;1
11/09/2019;08:27:00;220;sem vítima;318,9;BR-116/RJ;Pista Norte;Colisão traseira;1;1;0;0;0;0;1
11/09/2019;15:12:00;492;sem vítima;274;BR-116/RJ;Pista Norte;Choque Talude;1;1;0;0;0;0;1
11/09/2019;17:36:00;588;com vítima;167;BR-116/RJ;Pista Norte;Engavetamento;2;7;2;1;0;0;2
11/09/2019;18:02:00;616;sem vítima;138,3;BR-116/SP;Pista Sul;Colisão traseira;1;4;0;0;0;0;1
11/09/2019;23:57:00;785;sem vítima;64,75;BR-116/SP;Pista Norte;Colisão traseira;1;2;0;0;0;0;1
12/09/2019;05:22:00;113;sem vítima;157,5;BR-116/SP;Pista Sul;Engavetamento;1;3;0;0;0;0;1
12/09/2019;16:39:00;654;sem vítima;21;BR-116/SP;Pista Sul;Abalroamento longitudinal;1;3;0;0;0;0;1
12/09/2019;17:01:00;667;sem vítima;273,9;BR-116/RJ;Pista Sul;Colisão traseira;2;2;0;0;0;0;1
13/09/2019;03:52:00;78;sem vítima;181,8;BR-116/RJ;Pista Norte;Atropelamento de animal;1;1;0;0;0;0;1
13/09/2019;05:36:00;110;com vítima;213,4;BR-116/RJ;Pista Norte;Choque em defensa;1;0;1;0;0;0;1
13/09/2019;17:57:00;586;com vítima;225,62;BR-116/RJ;Pista Norte;Choque em barreira New Jersey;1;0;1;0;0;0;1
13/09/2019;18:31:00;609;sem vítima;176,1;BR-116/RJ;Pista Sul;Abalroamento longitudinal;1;2;0;0;0;0;1
13/09/2019;23:19:00;736;sem vítima;2,8;BR-116/SP;Pista Sul;Tombamento;1;1;0;0;0;0;1
15/09/2019;08:18:00;127;com vítima;208,8;BR-116/RJ;Pista Norte;Abalroamento longitudinal;1;1;1;0;0;0;1
15/09/2019;18:39:00;425;com vítima;102,4;BR-116/SP;Pista Norte;Capotamento;1;3;2;1;0;0;2
16/09/2019;02:08:00;43;sem vítima;224,05;BR-116/RJ;Pista Norte;Tombamento;1;1;0;0;0;0;1
16/09/2019;02:56:00;50;sem vítima;223,3;BR-116/RJ;Pista Sul;Choque em objeto fixo;1;1;0;0;0;0;1
16/09/2019;09:54:00;309;sem vítima;287;BR-116/RJ;Pista Sul;Abalroamento longitudinal;1;2;0;0;0;0;1
16/09/2019;10:14:00;319;com vítima;229,9;BR-116/SP;Pista Sul;Colisão traseira;1;1;1;0;0;0;1
16/09/2019;10:21:00;323;sem vítima;239,5;BR-116/RJ;Pista Norte;Tombamento;1;1;0;0;0;0;1
16/09/2019;13:56:00;446;com vítima;179,2;BR-116/RJ;Pista Norte;Engavetamento;1;5;0;1;0;0;2
17/09/2019;00:00:00;13;sem vítima;265,2;BR-116/RJ;Pista Norte;Colisão traseira;1;2;0;0;0;0;1
17/09/2019;00:52:00;27;com vítima;131,1;BR-116/SP;Pista Sul;Colisão traseira;1;1;1;0;0;0;1
17/09/2019;07:19:00;184;sem vítima;188,8;BR-116/RJ;Pista Norte;Choque em defensa;1;1;0;0;0;0;1
17/09/2019;09:50:00;336;sem vítima;259;BR-116/RJ;Pista Norte;Abalroamento longitudinal;2;3;0;0;0;0;1
17/09/2019;19:48:00;724;sem vítima;176,9;BR-116/RJ;Pista Sul;Engavetamento;1;3;0;0;0;0;1
17/09/2019;23:52:00;837;com vítima;134,9;BR-116/SP;Pista Sul;Colisão traseira;2;2;1;0;1;0;2
19/09/2019;16:19:00;464;sem vítima;134,5;BR-116/SP;Pista Sul;Engavetamento;3;3;0;0;0;0;1
18/09/2019;06:56:00;130;com vítima;147,9;BR-116/SP;Pista Norte;Colisão traseira;1;1;0;2;0;0;2
18/09/2019;11:18:00;326;com vítima;274,1;BR-116/RJ;Pista Sul;Colisão traseira;1;1;1;0;0;0;1
18/09/2019;14:00:00;435;com vítima;221,9;BR-116/SP;Pista Sul;Engavetamento;1;5;1;1;0;0;2
18/09/2019;14:17:00;454;sem vítima;282;BR-116/RJ;Pista Norte;Choque em objeto na pista;1;29;0;0;0;0;1
18/09/2019;18:10:00;645;sem vítima;167,4;BR-116/RJ;Pista Sul;Abalroamento longitudinal;1;4;0;0;0;0;1
18/09/2019;19:12:00;700;com vítima;270,2;BR-116/RJ;Pista Sul;Colisão traseira;2;1;0;1;0;0;2
18/09/2019;20:51:00;743;sem vítima;86,95;BR-116/SP;Pista Norte;Colisão traseira;2;2;0;0;0;0;1
19/09/2019;01:43:00;37;sem vítima;54;BR-116/SP;Pista Sul;Colisão traseira;2;2;0;0;0;0;1
19/09/2019;08:50:00;222;sem vítima;41;BR-116/SP;Pista Sul;Choque em objeto na pista;2;2;0;0;0;0;1
19/09/2019;18:06:00;542;com vítima;220;BR-116/SP;Pista Norte;Engavetamento;1;4;1;0;0;0;1
19/09/2019;18:54:00;576;com vítima;62,8;BR-116/SP;Pista Norte;Choque em veículo parado na pista;1;1;1;1;1;0;2
20/09/2019;00:29:00;18;sem vítima;146,1;BR-116/SP;Pista Norte;Abalroamento longitudinal;1;3;0;0;0;0;1
20/09/2019;08:31:00;236;sem vítima;128,4;BR-116/SP;Pista Norte;Abalroamento longitudinal;1;3;0;0;0;0;1
20/09/2019;12:00:00;395;sem vítima;285,2;BR-116/RJ;Pista Sul;Colisão traseira;1;2;0;0;0;0;1
20/09/2019;12:36:00;416;sem vítima;267;BR-116/RJ;Pista Sul;Colisão traseira;1;2;0;0;0;0;1
20/09/2019;16:16:00;555;sem vítima;180,1;BR-116/RJ;Pista Sul;Colisão traseira;1;2;0;0;0;0;1
21/09/2019;10:10:00;277;sem vítima;114,8;BR-116/SP;Pista Sul;Engavetamento;2;3;0;0;0;0;1
21/09/2019;11:57:00;337;sem vítima;150;BR-116/SP;Pista Sul;Abalroamento longitudinal;1;2;0;0;0;0;1
22/09/2019;07:27:00;101;com vítima;49,7;BR-116/SP;Pista Sul;Colisão traseira;1;2;3;0;0;0;1
22/09/2019;15:08:00;313;sem vítima;69,9;BR-116/SP;Pista Sul;Colisão traseira;1;3;0;0;0;0;1
22/09/2019;15:39:00;327;com vítima;70;BR-116/SP;Pista Sul;Colisão traseira;1;3;0;1;0;0;2
22/09/2019;17:08:00;378;sem vítima;328,4;BR-116/RJ;Pista Sul;Colisão traseira;1;2;0;0;0;0;1
22/09/2019;17:09:00;380;com vítima;314,5;BR-116/RJ;Pista Norte;Queda de ribanceira;1;0;0;3;0;0;2
23/09/2019;10:28:00;331;com vítima;209,65;BR-116/SP;Pista Sul;Colisão traseira;1;1;2;0;0;0;1
23/09/2019;12:04:00;379;sem vítima;172,6;BR-116/SP;Pista Norte;Choque em objeto na pista;1;1;0;0;0;0;1
23/09/2019;15:58:00;483;sem vítima;163,9;BR-116/SP;Pista Sul;Abalroamento longitudinal;1;3;0;0;0;0;1
23/09/2019;16:26:00;503;sem vítima;204,5;BR-116/SP;Pista Norte;Colisão traseira;1;2;0;0;0;0;1
23/09/2019;17:30:00;531;sem vítima;157,4;BR-116/SP;Pista Sul;Colisão traseira;1;2;0;0;0;0;1
23/09/2019;18:09:00;561;sem vítima;215,5;BR-116/SP;Pista Sul;Engavetamento;1;4;0;0;0;0;1
23/09/2019;19:15:00;592;sem vítima;34,1;BR-116/SP;Pista Sul;Colisão traseira;2;2;0;0;0;0;1
23/09/2019;21:25:00;651;sem vítima;103;BR-116/SP;Pista Norte;Choque em objeto na pista;3;11;0;0;0;0;1
24/09/2019;02:35:00;42;sem vítima;192,6;BR-116/SP;Pista Norte;Outros;1;1;0;0;0;0;1
24/09/2019;07:29:00;181;com vítima;211,5;BR-116/SP;Pista Sul;Abalroamento longitudinal;1;3;1;1;0;0;2
24/09/2019;09:16:00;280;com vítima;103,35;BR-116/SP;Pista Norte;Colisão traseira;1;3;0;1;0;0;2
24/09/2019;09:26:00;289;sem vítima;216,97;BR-116/SP;Pista Sul;Abalroamento longitudinal;1;3;0;0;0;0;1
24/09/2019;09:36:00;294;sem vítima;139,5;BR-116/SP;Pista Sul;Engavetamento;3;4;0;0;0;0;1
24/09/2019;10:05:00;313;sem vítima;208,8;BR-116/SP;Pista Norte;Colisão traseira;1;2;0;0;0;0;1
24/09/2019;11:11:00;352;com vítima;234,9;BR-116/RJ;Pista Norte;Colisão traseira;2;1;1;0;0;0;1
24/09/2019;14:23:00;505;sem vítima;221,4;BR-116/SP;Pista Sul;Colisão traseira;1;2;0;0;0;0;1
25/09/2019;07:14:00;125;com vítima;247,65;BR-116/RJ;Pista Norte;Choque em objeto fixo;1;0;1;0;0;0;1
25/09/2019;07:35:00;150;sem vítima;325;BR-116/RJ;Pista Norte;Colisão traseira;1;7;0;0;0;0;1
25/09/2019;09:18:00;252;com vítima;263,7;BR-116/RJ;Pista Norte;Colisão traseira;1;1;1;0;0;0;1
25/09/2019;12:03:00;365;sem vítima;49,7;BR-116/SP;Pista Norte;Choque em defensa;1;1;0;0;0;0;1
25/09/2019;13:17:00;403;com vítima;305,9;BR-116/RJ;Pista Sul;Choque em barreira New Jersey;1;0;1;0;0;0;1
25/09/2019;14:17:00;436;sem vítima;304;BR-116/RJ;Pista Sul;Colisão traseira;1;2;0;0;0;0;1
25/09/2019;18:35:00;598;com vítima;181,9;BR-116/RJ;Pista Sul;Choque em veículo parado na pista;1;70;1;0;0;0;1
25/09/2019;19:21:00;623;sem vítima;68,3;BR-116/SP;Pista Norte;Tombamento;1;1;0;0;0;0;1
25/09/2019;20:51:00;664;sem vítima;290;BR-116/RJ;Pista Sul;Choque em objeto na pista;1;1;0;0;0;0;1
25/09/2019;21:07:00;667;sem vítima;202,65;BR-116/SP;Pista Sul;Choque em barreira New Jersey;3;3;0;0;0;0;1
26/09/2019;05:51:00;70;sem vítima;211,4;BR-116/SP;Pista Sul;Abalroamento longitudinal;1;2;0;0;0;0;1
26/09/2019;06:12:00;81;sem vítima;155,2;BR-116/SP;Pista Norte;Engavetamento;1;7;0;0;0;0;1
26/09/2019;08:24:00;182;com vítima;198,46;BR-116/SP;Pista Sul;Abalroamento longitudinal;1;1;0;1;0;0;2
26/09/2019;08:27:00;187;sem vítima;186;BR-116/SP;Pista Sul;Abalroamento longitudinal;1;2;0;0;0;0;1
26/09/2019;12:29:00;367;sem vítima;186,8;BR-116/SP;Pista Sul;Engavetamento;1;3;0;0;0;0;1
26/09/2019;13:28:00;401;com vítima;287,3;BR-116/RJ;Pista Sul;Colisão traseira;2;1;1;0;0;0;1
26/09/2019;13:58:00;415;sem vítima;47,3;BR-116/SP;Pista Norte;Abalroamento longitudinal;1;2;0;0;0;0;1
26/09/2019;14:14:00;426;com vítima;298,2;BR-116/RJ;Pista Sul;Choque em defensa;1;0;1;0;0;0;1
26/09/2019;15:38:00;476;com vítima;69,3;BR-116/SP;Pista Norte;Abalroamento longitudinal;2;1;1;0;0;0;1
26/09/2019;17:13:00;523;sem vítima;155;BR-116/SP;Pista Norte;Colisão traseira;1;2;0;0;0;0;1
26/09/2019;18:40:00;582;com vítima;298,6;BR-116/RJ;Pista Sul;Engavetamento;1;4;1;0;0;0;1
26/09/2019;18:40:00;583;sem vítima;318,9;BR-116/RJ;Pista Sul;Colisão traseira;1;2;0;0;0;0;1
26/09/2019;19:36:00;618;sem vítima;216,4;BR-116/RJ;Pista Norte;Colisão traseira;1;5;0;0;0;0;1
26/09/2019;20:15:00;640;sem vítima;225,36;BR-116/SP;Pista Norte;Abalroamento longitudinal;1;2;0;0;0;0;1
27/09/2019;02:30:00;48;sem vítima;166;BR-116/SP;Pista Norte;Colisão traseira;1;6;0;0;0;0;1
27/09/2019;11:47:00;402;sem vítima;209,8;BR-116/SP;Pista Sul;Abalroamento longitudinal;1;4;0;0;0;0;1
27/09/2019;13:14:00;445;com vítima;154,4;BR-116/SP;Pista Sul;Abalroamento longitudinal;1;1;1;0;0;0;1
27/09/2019;17:36:00;618;sem vítima;151,4;BR-116/SP;Pista Sul;Colisão traseira;1;2;0;0;0;0;1
28/09/2019;17:20:00;430;sem vítima;178;BR-116/RJ;Pista Norte;Colisão traseira;1;2;0;0;0;0;1
28/09/2019;22:23:00;591;sem vítima;124,9;BR-116/SP;Pista Sul;Abalroamento longitudinal;1;6;0;0;0;0;1
29/09/2019;12:49:00;237;sem vítima;225,9;BR-116/SP;Pista Sul;Abalroamento longitudinal;1;2;0;0;0;0;1
29/09/2019;15:04:00;307;sem vítima;171,1;BR-116/SP;Pista Sul;Choque em objeto na pista;1;1;0;0;0;0;1
29/09/2019;15:56:00;339;sem vítima;223,8;BR-116/SP;Pista Sul;Colisão traseira;1;2;0;0;0;0;1
30/09/2019;01:26:00;25;sem vítima;229,8;BR-116/SP;Pista Sul;Abalroamento longitudinal;1;4;0;0;0;0;1
30/09/2019;10:03:00;342;sem vítima;186,87;BR-116/SP;Pista Sul;Choque em objeto na pista;1;2;0;0;0;0;1
30/09/2019;13:17:00;457;sem vítima;86,95;BR-116/SP;Pista Sul;Colisão traseira;1;4;0;0;0;0;1
30/09/2019;13:18:00;459;sem vítima;173,3;BR-116/RJ;Pista Sul;Colisão traseira;1;4;0;0;0;0;1
30/09/2019;14:37:00;524;sem vítima;134;BR-116/SP;Pista Sul;Colisão traseira;2;2;0;0;0;0;1
30/09/2019;14:42:00;526;com vítima;284,8;BR-116/RJ;Pista Sul;Abalroamento longitudinal;1;39;1;0;0;0;1
30/09/2019;18:42:00;711;sem vítima;257,6;BR-116/RJ;Pista Sul;Choque em veículo parado na pista;1;2;0;0;0;0;1
30/09/2019;22:55:00;811;com vítima;276;BR-116/RJ;Pista Norte;Abalroamento longitudinal;1;1;0;1;0;0;2
01/07/2019;06:14:00;128;sem vítima;73,3;BR-116/SP;Pista Sul;Abalroamento longitudinal;1;26;0;0;0;0;1
01/07/2019;07:48:00;200;sem vítima;142,8;BR-116/SP;Pista Norte;Colisão traseira;1;3;0;0;0;0;1
01/07/2019;08:06:00;219;sem vítima;171,2;BR-116/RJ;Pista Norte;Engavetamento;1;3;0;0;0;0;1
01/07/2019;10:04:00;321;sem vítima;224;BR-116/RJ;Pista Norte;Colisão traseira;2;2;0;0;0;0;1
01/07/2019;11:18:00;361;sem vítima;231;BR-116/SP;Pista Sul;Colisão traseira;1;6;0;0;0;0;1
01/07/2019;12:40:00;396;sem vítima;138,7;BR-116/SP;Pista Sul;Colisão traseira;1;2;0;0;0;0;1
01/07/2019;13:00:00;414;sem vítima;137,6;BR-116/SP;Pista Sul;Colisão traseira;1;3;0;0;0;0;1
01/07/2019;19:22:00;677;sem vítima;129,8;BR-116/SP;Pista Sul;Colisão traseira;1;3;0;0;0;0;1
01/07/2019;22:28:00;741;sem vítima;110;BR-116/SP;Pista Norte;Abalroamento longitudinal;2;2;0;0;0;0;1
01/07/2019;23:03:00;751;sem vítima;99;BR-116/SP;Pista Norte;Abalroamento longitudinal;1;2;0;0;0;0;1
02/07/2019;05:23:00;79;com vítima;203,2;BR-116/RJ;Pista Norte;Queda de Ponte/Viaduto;1;1;1;0;0;0;1
02/07/2019;14:30:00;463;com vítima;221,62;BR-116/SP;Pista Norte;Abalroamento longitudinal;1;2;1;0;0;0;1
02/07/2019;16:46:00;528;com vítima;215;BR-116/RJ;Pista Norte;Engavetamento;2;6;1;0;0;0;1
03/07/2019;08:10:00;231;sem vítima;227,7;BR-116/SP;Pista Sul;Tombamento;1;2;0;0;0;0;1
03/07/2019;10:15:00;327;com vítima;280,5;BR-116/RJ;Pista Norte;Tombamento;1;0;2;0;0;0;1
03/07/2019;12:42:00;411;sem vítima;317;BR-116/RJ;Pista Norte;Choque em veículo parado na pista;2;2;0;0;0;0;1
03/07/2019;15:50:00;539;sem vítima;299;BR-116/RJ;Pista Norte;Colisão traseira;2;3;0;0;0;0;1
04/07/2019;04:30:00;91;sem vítima;223,3;BR-116/SP;Pista Sul;Choque em objeto fixo;1;2;0;0;0;0;1
04/07/2019;06:51:00;147;sem vítima;165,2;BR-116/SP;Pista Norte;Colisão traseira;2;2;0;0;0;0;1
04/07/2019;08:28:00;230;sem vítima;266,9;BR-116/RJ;Pista Norte;Colisão traseira;1;2;0;0;0;0;1
04/07/2019;11:23:00;350;sem vítima;311;BR-116/RJ;Pista Sul;Tombamento;1;1;0;0;0;0;1
04/07/2019;19:29:00;643;sem vítima;171,2;BR-116/RJ;Pista Norte;Choque em objeto na pista;1;6;0;0;0;0;1
04/07/2019;22:43:00;736;sem vítima;227,55;BR-116/SP;Pista Sul;Choque em defensa;1;2;0;0;0;0;1
04/07/2019;23:24:00;746;sem vítima;328,5;BR-116/RJ;Pista Sul;Choque em objeto fixo;1;1;0;0;0;0;1
05/07/2019;01:00:00;38;sem vítima;125,4;BR-116/SP;Pista Sul;Colisão traseira;1;3;0;0;0;0;1
05/07/2019;04:29:00;103;sem vítima;223,6;BR-116/SP;Pista Sul;Choque em barreira New Jersey;1;1;0;0;0;0;1
05/07/2019;05:30:00;119;com vítima;91,3;BR-116/SP;Pista Norte;Atropelamento de animal;2;7;4;2;1;2;3
05/07/2019;05:45:00;122;sem vítima;39;BR-116/SP;Pista Norte;Abalroamento longitudinal;2;2;0;0;0;0;1
05/07/2019;09:24:00;257;sem vítima;139;BR-116/SP;Pista Sul;Colisão traseira;1;2;0;0;0;0;1
05/07/2019;09:37:00;267;com vítima;328,5;BR-116/RJ;Pista Sul;Tombamento;1;0;1;0;0;0;1
05/07/2019;10:49:00;311;com vítima;224,05;BR-116/RJ;Pista Norte;Tombamento;1;0;1;0;0;0;1
05/07/2019;10:53:00;315;sem vítima;15;BR-116/SP;Pista Sul;Choque em barreira New Jersey;1;1;0;0;0;0;1
05/07/2019;18:11:00;580;sem vítima;207;BR-116/RJ;Pista Sul;Colisão traseira;2;2;0;0;0;0;1
06/07/2019;00:18:00;18;sem vítima;272,1;BR-116/RJ;Pista Norte;Colisão traseira;1;3;0;0;0;0;1
06/07/2019;11:50:00;300;sem vítima;217,1;BR-116/RJ;Pista Norte;Choque em objeto fixo;1;1;0;0;0;0;1
06/07/2019;19:20:00;557;sem vítima;272;BR-116/RJ;Pista Norte;Capotamento;1;2;0;0;0;0;1
07/07/2019;07:02:00;96;com vítima;237,1;BR-116/RJ;Pista Norte;Colisão traseira;1;1;1;0;0;0;1
07/07/2019;08:35:00;147;sem vítima;24;BR-116/SP;Pista Norte;Colisão traseira;2;2;0;0;0;0;1
07/07/2019;12:07:00;246;sem vítima;185,4;BR-116/SP;Pista Sul;Choque Talude;2;2;0;0;0;0;1
07/07/2019;17:35:00;401;sem vítima;86;BR-116/SP;Pista Norte;Colisão traseira;2;2;0;0;0;0;1
07/07/2019;23:18:00;555;sem vítima;9;BR-116/SP;Pista Sul;Colisão traseira;2;2;0;0;0;0;1