data;horario;n_da_ocorrencia;tipo_de_ocorrencia;km;trecho;sentido;tipo_de_acidente;caminhao;ilesos;levemente_feridos;moderadamente_feridos;gravemente_feridos;mortos;3
08/07/2019;01:47:00;42;sem vítima;223,4;BR-116/SP;Pista Norte;Abalroamento longitudinal;1;3;0;0;0;0;1
08/07/2019;08:32:00;198;sem vítima;205;BR-116/SP;Pista Sul;Choque em barreira New Jersey;1;2;0;0;0;0;1
08/07/2019;18:32:00;568;sem vítima;176,6;BR-116/RJ;Pista Sul;Abalroamento longitudinal;1;4;0;0;0;0;1
09/07/2019;04:44:00;63;sem vítima;210,27;BR-116/RJ;Pista Sul;Atropelamento de animal;1;1;0;0;0;0;1
09/07/2019;06:57:00;103;com vítima;184,5;BR-116/RJ;Pista Norte;Abalroamento longitudinal;1;2;0;2;0;0;2
09/07/2019;12:13:00;318;sem vítima;206,4;BR-116/SP;Pista Sul;Colisão traseira;1;4;0;0;0;0;1
09/07/2019;16:11:00;445;sem vítima;165,6;BR-116/RJ;Pista Sul;Colisão traseira;1;2;0;0;0;0;1
10/07/2019;18:58:00;651;sem vítima;95,5;BR-116/SP;Pista Norte;Abalroamento longitudinal;2;2;0;0;0;0;1
10/07/2019;04:21:00;73;sem vítima;156,8;BR-116/SP;Pista Sul;Choque em veículo parado na pista;1;2;0;0;0;0;1
10/07/2019;14:55:00;484;sem vítima;230,7;BR-116/SP;Pista Sul;Choque em barreira New Jersey;1;1;0;0;0;0;1
10/07/2019;17:05:00;563;com vítima;207,7;BR-116/SP;Pista Norte;Colisão traseira;1;1;1;0;0;0;1
10/07/2019;17:06:00;564;com vítima;175;BR-116/RJ;Pista Sul;Engavetamento;1;3;1;0;0;0;1
10/07/2019;18:04:00;614;sem vítima;214,7;BR-116/SP;Pista Norte;Abalroamento longitudinal;1;3;0;0;0;0;1
10/07/2019;19:11:00;663;com vítima;213,1;BR-116/SP;Pista Norte;Abalroamento longitudinal;1;2;1;0;0;0;1
10/07/2019;19:39:00;671;sem vítima;173,4;BR-116/SP;Pista Norte;Tombamento;1;1;0;0;0;0;1
11/07/2019;04:32:00;60;com vítima;128,6;BR-116/SP;Pista Norte;Abalroamento longitudinal;1;1;1;0;0;0;1
11/07/2019;06:25:00;90;sem vítima;156,8;BR-116/SP;Pista Sul;Abalroamento longitudinal;1;2;0;0;0;0;1
11/07/2019;06:35:00;100;sem vítima;159;BR-116/SP;Pista Sul;Choque em defensa;1;3;0;0;0;0;1
11/07/2019;09:21:00;245;sem vítima;160,4;BR-116/SP;Pista Norte;Engavetamento;3;3;0;0;0;0;1
11/07/2019;13:34:00;414;sem vítima;179,4;BR-116/SP;Pista Norte;Colisão traseira;1;2;0;0;0;0;1
11/07/2019;21:43:00;740;sem vítima;314,9;BR-116/RJ;Pista Sul;Choque em defensa;1;3;0;0;0;0;1
11/07/2019;23:22:00;778;sem vítima;177,8;BR-116/RJ;Pista Sul;Colisão traseira;1;2;0;0;0;0;1
12/07/2019;05:41:00;98;com vítima;211;BR-116/SP;Pista Sul;Engavetamento;3;6;1;0;1;0;2
12/07/2019;13:03:00;417;com vítima;229;BR-116/SP;Pista Sul;Abalroamento longitudinal;1;1;1;0;0;0;1
12/07/2019;22:26:00;772;com vítima;38,7;BR-116/SP;Pista Sul;Abalroamento longitudinal;1;2;1;0;0;0;1
13/07/2019;05:23:00;96;sem vítima;57;BR-116/SP;Pista Norte;Colisão traseira;1;2;0;0;0;0;1
13/07/2019;08:21:00;190;com vítima;89,4;BR-116/SP;Pista Norte;Colisão traseira;1;4;2;0;0;0;1
13/07/2019;08:48:00;212;sem vítima;175,65;BR-116/RJ;Pista Sul;Colisão traseira;1;2;0;0;0;0;1
13/07/2019;11:27:00;320;com vítima;220,4;BR-116/RJ;Pista Norte;Tombamento;1;0;1;0;0;0;1
13/07/2019;20:06:00;645;sem vítima;105,55;BR-116/SP;Pista Sul;Abalroamento longitudinal;1;2;0;0;0;0;1
14/07/2019;16:56:00;424;com vítima;218,8;BR-116/RJ;Pista Norte;Abalroamento longitudinal;1;2;1;0;0;0;1
14/07/2019;17:59:00;460;sem vítima;182,3;BR-116/SP;Pista Norte;Engavetamento;1;46;0;0;0;0;1
15/07/2019;11:37:00;358;com vítima;229,3;BR-116/SP;Pista Sul;Abalroamento longitudinal;1;2;1;0;0;0;1
15/07/2019;15:30:00;491;sem vítima;157,8;BR-116/SP;Pista Sul;Choque em objeto na pista;1;2;0;0;0;0;1
15/07/2019;17:10:00;552;sem vítima;230;BR-116/SP;Pista Norte;Abalroamento longitudinal;1;2;0;0;0;0;1
15/07/2019;19:01:00;654;com vítima;189;BR-116/RJ;Pista Norte;Colisão traseira;1;1;1;0;0;0;1
16/07/2019;04:36:00;84;sem vítima;231,2;BR-116/RJ;Pista Norte;Choque em objeto fixo;1;1;0;0;0;0;1
16/07/2019;07:01:00;145;com vítima;182,3;BR-116/SP;Pista Norte;Colisão traseira;1;1;2;0;0;0;1
16/07/2019;11:41:00;371;sem vítima;171,2;BR-116/SP;Pista Norte;Abalroamento longitudinal;1;2;0;0;0;0;1
16/07/2019;15:35:00;504;sem vítima;304,4;BR-116/RJ;Pista Norte;Choque em objeto na pista;1;2;0;0;0;0;1
16/07/2019;18:00:00;584;sem vítima;108,6;BR-116/SP;Pista Sul;Engavetamento;1;7;0;0;0;0;1
16/07/2019;20:01:00;665;sem vítima;230,6;BR-116/SP;Pista Norte;Colisão traseira;1;2;0;0;0;0;1
17/07/2019;02:03:00;33;sem vítima;209,9;BR-116/RJ;Pista Norte;Colisão traseira;2;2;0;0;0;0;1
18/07/2019;02:29:00;45;sem vítima;210,5;BR-116/SP;Pista Norte;Choque em barreira New Jersey;1;1;0;0;0;0;1
18/07/2019;06:15:00;111;sem vítima;154,6;BR-116/SP;Pista Norte;Choque em objeto fixo;2;4;0;0;0;0;1
18/07/2019;14:55:00;484;sem vítima;197,9;BR-116/SP;Pista Norte;Abalroamento longitudinal;1;56;0;0;0;0;1
18/07/2019;16:56:00;563;sem vítima;52,3;BR-116/SP;Pista Norte;Abalroamento longitudinal;1;2;0;0;0;0;1
18/07/2019;22:50:00;779;sem vítima;238,8;BR-116/RJ;Pista Sul;Abalroamento longitudinal;2;2;0;0;0;0;1
19/07/2019;04:49:00;97;sem vítima;251,7;BR-116/RJ;Pista Norte;Tombamento;1;1;0;0;0;0;1
19/07/2019;08:47:00;262;sem vítima;251,7;BR-116/RJ;Pista Norte;Abalroamento longitudinal;1;2;0;0;0;0;1
19/07/2019;08:54:00;270;com vítima;111,3;BR-116/SP;Pista Sul;Engavetamento;3;41;5;0;0;0;1
19/07/2019;14:36:00;480;sem vítima;108,2;BR-116/SP;Pista Sul;Colisão traseira;1;2;0;0;0;0;1
19/07/2019;17:20:00;577;com vítima;101,3;BR-116/SP;Pista Sul;Engavetamento;2;4;1;0;0;0;1
20/07/2019;04:07:00;72;sem vítima;280;BR-116/RJ;Pista Sul;Choque em objeto fixo;1;1;0;0;0;0;1
21/07/2019;14:56:00;349;sem vítima;86,95;BR-116/SP;Pista Norte;Engavetamento;1;2;0;0;0;0;1
22/07/2019;09:19:00;283;sem vítima;210;BR-116/RJ;Pista Sul;Abalroamento longitudinal;1;4;0;0;0;0;1
22/07/2019;13:13:00;469;sem vítima;260,6;BR-116/RJ;Pista Sul;Abalroamento longitudinal;1;3;0;0;0;0;1
22/07/2019;14:04:00;497;com vítima;190,1;BR-116/RJ;Pista Norte;Engavetamento;1;5;1;0;0;0;1
22/07/2019;15:26:00;551;sem vítima;184,6;BR-116/RJ;Pista Sul;Abalroamento longitudinal;1;2;0;0;0;0;1
22/07/2019;17:59:00;665;com vítima;49,1;BR-116/SP;Pista Sul;Colisão traseira;1;3;1;0;0;0;1
22/07/2019;18:21:00;683;sem vítima;301,4;BR-116/RJ;Pista Sul;Engavetamento;1;3;0;0;0;0;1
23/07/2019;02:19:00;56;sem vítima;200,8;BR-116/RJ;Pista Norte;Atropelamento de animal;1;1;0;0;0;0;1
23/07/2019;06:54:00;131;com vítima;178,7;BR-116/RJ;Pista Norte;Engavetamento;2;4;0;2;0;0;2
23/07/2019;13:00:00;430;sem vítima;176,6;BR-116/RJ;Pista Sul;Abalroamento longitudinal;1;2;0;0;0;0;1
23/07/2019;14:37:00;484;com vítima;229,1;BR-116/SP;Pista Sul;Abalroamento longitudinal;1;1;3;0;0;0;1
23/07/2019;22:03:00;756;sem vítima;42,8;BR-116/SP;Pista Sul;Choque em veículo parado na pista;1;2;0;0;0;0;1
24/07/2019;19:37:00;672;sem vítima;146,6;BR-116/SP;Pista Norte;Abalroamento longitudinal;1;4;0;0;0;0;1
24/07/2019;06:11:00;106;com vítima;0,65;BR-116/SP;Pista Norte;Colisão traseira;1;1;1;1;0;0;2
24/07/2019;09:44:00;288;sem vítima;229,55;BR-116/RJ;Pista Norte;Tombamento;1;1;0;0;0;0;1
24/07/2019;12:48:00;398;sem vítima;227;BR-116/SP;Pista Sul;Abalroamento longitudinal;1;2;0;0;0;0;1
24/07/2019;14:36:00;472;com vítima;228,9;BR-116/RJ;Pista Sul;Colisão traseira;1;28;2;0;0;0;1
25/07/2019;01:42:00;41;com vítima;265,4;BR-116/RJ;Pista Norte;Colisão traseira;2;1;1;0;0;0;1
25/07/2019;08:16:00;208;sem vítima;34;BR-116/SP;Pista Norte;Abalroamento longitudinal;1;2;0;0;0;0;1
25/07/2019;14:19:00;453;sem vítima;231,2;BR-116/SP;Pista Sul;Engavetamento;4;5;0;0;0;0;1
25/07/2019;15:19:00;489;com vítima;91,05;BR-116/SP;Pista Sul;Capotamento;1;1;2;0;0;0;1
25/07/2019;17:33:00;579;com vítima;221;BR-116/SP;Pista Norte;Colisão traseira;1;1;0;1;0;0;2
25/07/2019;19:24:00;658;sem vítima;23,5;BR-116/SP;Pista Sul;Colisão traseira;1;2;0;0;0;0;1
25/07/2019;21:37:00;707;sem vítima;59,5;BR-116/SP;Pista Norte;Choque em objeto na pista;2;6;0;0;0;0;1
25/07/2019;23:44:00;757;sem vítima;30,6;BR-116/SP;Pista Sul;Colisão traseira;2;2;0;0;0;0;1
26/07/2019;02:42:00;46;com vítima;188,9;BR-116/RJ;Pista Norte;Choque em defensa;1;0;1;0;0;0;1
26/07/2019;07:04:00;132;sem vítima;218,9;BR-116/SP;Pista Sul;Colisão traseira;1;3;0;0;0;0;1
26/07/2019;14:40:00;471;sem vítima;87,4;BR-116/SP;Pista Sul;Abalroamento longitudinal;2;2;0;0;0;0;1
26/07/2019;19:34:00;664;com vítima;216,1;BR-116/SP;Pista Norte;Capotamento;1;1;0;1;0;0;2
26/07/2019;20:14:00;688;sem vítima;223,5;BR-116/SP;Pista Norte;Abalroamento longitudinal;1;4;0;0;0;0;1
28/07/2019;00:01:00;12;sem vítima;226,5;BR-116/RJ;Pista Sul;Choque em objeto fixo;1;1;0;0;0;0;1
28/07/2019;11:18:00;276;com vítima;48,5;BR-116/SP;Pista Sul;Abalroamento longitudinal;1;2;1;0;0;0;1
29/07/2019;05:27:00;94;sem vítima;224,8;BR-116/SP;Pista Norte;Colisão traseira;1;2;0;0;0;0;1
29/07/2019;08:03:00;229;sem vítima;139,2;BR-116/SP;Pista Sul;Engavetamento;1;6;0;0;0;0;1
29/07/2019;12:38:00;468;sem vítima;191,6;BR-116/RJ;Pista Norte;Abalroamento longitudinal;1;2;0;0;0;0;1
29/07/2019;15:33:00;571;com vítima;176,5;BR-116/RJ;Pista Sul;Abalroamento longitudinal;1;3;1;0;0;0;1
29/07/2019;18:52:00;714;sem vítima;208,1;BR-116/SP;Pista Norte;Colisão traseira;1;3;0;0;0;0;1
30/07/2019;05:06:00;64;sem vítima;179,6;BR-116/RJ;Pista Norte;Colisão frontal;1;2;0;0;0;0;1
30/07/2019;06:36:00;104;sem vítima;128,5;BR-116/SP;Pista Sul;Capotamento;1;2;0;0;0;0;1
30/07/2019;07:33:00;191;com vítima;132;BR-116/SP;Pista Sul;Abalroamento longitudinal;1;1;5;0;0;0;1
30/07/2019;11:39:00;381;com vítima;75,2;BR-116/SP;Pista Norte;Abalroamento longitudinal;1;1;2;0;0;0;1
30/07/2019;14:01:00;515;sem vítima;230,8;BR-116/SP;Pista Norte;Colisão traseira;1;2;0;0;0;0;1
30/07/2019;16:42:00;674;sem vítima;23,8;BR-116/SP;Pista Norte;Choque em defensa;1;1;0;0;0;0;1
30/07/2019;17:47:00;718;sem vítima;183,6;BR-116/RJ;Pista Sul;Engavetamento;1;6;0;0;0;0;1
30/07/2019;20:16:00;827;sem vítima;198,8;BR-116/RJ;Pista Sul;Atropelamento de animal;1;1;0;0;0;0;1
31/07/2019;00:23:00;18;sem vítima;241,4;BR-116/RJ;Pista Sul;Choque em barreira New Jersey;1;1;0;0;0;0;1
31/07/2019;08:18:00;199;sem vítima;139,4;BR-116/SP;Pista Sul;Colisão traseira;1;2;0;0;0;0;1
31/07/2019;15:13:00;485;sem vítima;7,8;BR-116/SP;Pista Sul;Abalroamento longitudinal;2;2;0;0;0;0;1
31/07/2019;17:00:00;552;sem vítima;222,6;BR-116/SP;Pista Norte;Abalroamento longitudinal;1;2;0;0;0;0;1
31/07/2019;17:26:00;560;sem vítima;293,1;BR-116/RJ;Pista Sul;Choque em defensa;1;1;0;0;0;0;1
31/07/2019;20:36:00;673;sem vítima;214,65;BR-116/RJ;Pista Sul;Tombamento;1;1;0;0;0;0;1
01/10/2019;03:07:00;42;sem vítima;134,55;BR-116/SP;Pista Norte;Abalroamento longitudinal;1;2;0;0;0;0;1
01/10/2019;05:36:00;85;com vítima;173,8;BR-116/RJ;Pista Norte;Abalroamento longitudinal;1;2;1;0;0;0;1
01/10/2019;09:37:00;307;sem vítima;225;BR-116/SP;Pista Norte;Colisão traseira;1;3;0;0;0;0;1
01/10/2019;09:49:00;320;sem vítima;292,4;BR-116/RJ;Pista Sul;Abalroamento longitudinal;1;6;0;0;0;0;1
01/10/2019;14:03:00;480;sem vítima;140,3;BR-116/SP;Pista Norte;Abalroamento longitudinal;1;2;0;0;0;0;1
01/10/2019;16:21:00;573;sem vítima;222,45;BR-116/RJ;Pista Norte;Colisão traseira;1;4;0;0;0;0;1
02/10/2019;01:35:00;27;sem vítima;192;BR-116/RJ;Pista Norte;Colisão traseira;1;2;0;0;0;0;1
02/10/2019;03:03:00;41;sem vítima;189,75;BR-116/SP;Pista Norte;Choque em objeto na pista;1;3;0;0;0;0;1
02/10/2019;04:22:00;71;sem vítima;333,1;BR-116/RJ;Pista Norte;Colisão traseira;2;2;0;0;0;0;1
02/10/2019;06:37:00;114;com vítima;197,5;BR-116/RJ;Pista Sul;Colisão traseira;1;4;1;0;0;0;1
02/10/2019;09:07:00;260;com vítima;166,7;BR-116/RJ;Pista Sul;Abalroamento longitudinal;1;1;1;0;0;0;1
02/10/2019;09:14:00;266;com vítima;30,7;BR-116/SP;Pista Sul;Colisão traseira;2;1;1;0;1;0;2
02/10/2019;10:47:00;334;com vítima;165,3;BR-116/RJ;Pista Sul;Colisão traseira;2;2;1;0;0;0;1
02/10/2019;13:26:00;405;sem vítima;154,8;BR-116/SP;Pista Norte;Colisão traseira;2;2;0;0;0;0;1
02/10/2019;14:30:00;440;com vítima;152;BR-116/SP;Pista Norte;Colisão traseira;1;1;0;1;0;0;2
02/10/2019;15:01:00;464;sem vítima;228,45;BR-116/SP;Pista Norte;Colisão traseira;1;2;0;0;0;0;1
02/10/2019;16:41:00;527;sem vítima;21;BR-116/SP;Pista Sul;Queda de moto;1;2;0;0;0;0;1
02/10/2019;16:42:00;530;sem vítima;158,3;BR-116/SP;Pista Sul;Colisão traseira;1;2;0;0;0;0;1
03/10/2019;03:39:00;63;com vítima;264,3;BR-116/RJ;Pista Norte;Colisão traseira;2;1;2;0;0;0;1
03/10/2019;06:54:00;136;sem vítima;205,8;BR-116/RJ;Pista Norte;Colisão traseira;2;2;0;0;0;0;1
03/10/2019;11:09:00;339;sem vítima;154;BR-116/SP;Pista Norte;Colisão traseira;1;2;0;0;0;0;1
03/10/2019;14:59:00;472;com vítima;191,4;BR-116/RJ;Pista Sul;Abalroamento longitudinal;1;7;0;1;0;0;2
04/10/2019;05:03:00;66;sem vítima;294,3;BR-116/RJ;Pista Sul;Colisão traseira;1;3;0;0;0;0;1
04/10/2019;13:01:00;402;sem vítima;229;BR-116/SP;Pista Norte;Abalroamento longitudinal;1;2;0;0;0;0;1
04/10/2019;17:52:00;614;sem vítima;223,25;BR-116/SP;Pista Norte;Engavetamento;1;4;0;0;0;0;1
04/10/2019;20:02:00;692;sem vítima;167,15;BR-116/SP;Pista Norte;Choque em objeto na pista;1;1;0;0;0;0;1
04/10/2019;20:17:00;708;sem vítima;310,7;BR-116/RJ;Pista Norte;Tombamento;1;1;0;0;0;0;1
05/10/2019;05:19:00;93;sem vítima;223,3;BR-116/SP;Pista Sul;Colisão traseira;1;2;0;0;0;0;1
05/10/2019;12:28:00;353;sem vítima;226;BR-116/SP;Pista Norte;Abalroamento longitudinal;1;3;0;0;0;0;1
05/10/2019;12:33:00;357;sem vítima;32,4;BR-116/SP;Pista Sul;Choque em objeto fixo;1;1;0;0;0;0;1
05/10/2019;15:12:00;451;sem vítima;104,6;BR-116/SP;Pista Norte;Choque em objeto fixo;1;1;0;0;0;0;1
09/10/2019;03:25:00;44;com vítima;298,7;BR-116/RJ;Pista Sul;Colisão traseira;1;1;0;1;0;0;2
09/10/2019;03:37:00;49;com vítima;226,5;BR-116/SP;Pista Sul;Colisão traseira;1;1;0;1;0;0;2
19/10/2019;14:58:00;374;sem vítima;283,81;BR-116/RJ;Pista Sul;Choque em defensa;1;1;0;0;0;0;1
31/10/2019;14:30:00;492;com vítima;62,06;BR-116/SP;Pista Norte;Colisão traseira;1;2;1;0;0;0;1
06/10/2019;15:54:00;340;com vítima;69,75;BR-116/SP;Pista Norte;Abalroamento longitudinal;1;4;1;0;0;0;1
06/10/2019;19:55:00;475;com vítima;58,3;BR-116/SP;Pista Norte;Colisão traseira;1;1;2;2;0;0;2
07/10/2019;03:10:00;53;com vítima;110,6;BR-116/SP;Pista Norte;Choque em veículo parado na pista;1;2;0;0;0;1;3
07/10/2019;03:59:00;59;sem vítima;268,5;BR-116/RJ;Pista Norte;Colisão traseira;1;2;0;0;0;0;1
07/10/2019;06:27:00;112;sem vítima;109,75;BR-116/SP;Pista Norte;Choque em barreira New Jersey;1;1;0;0;0;0;1
07/10/2019;16:54:00;561;sem vítima;107;BR-116/SP;Pista Sul;Choque em barreira New Jersey;1;2;0;0;0;0;1
07/10/2019;20:21:00;682;sem vítima;316,35;BR-116/RJ;Pista Sul;Choque em objeto fixo;1;1;0;0;0;0;1
07/10/2019;21:43:00;713;sem vítima;285,6;BR-116/RJ;Pista Sul;Abalroamento longitudinal;2;4;0;0;0;0;1
07/10/2019;23:03:00;744;sem vítima;14,1;BR-116/SP;Pista Sul;Choque em objeto fixo;1;1;0;0;0;0;1
07/10/2019;23:36:00;756;sem vítima;132,4;BR-116/SP;Pista Norte;Choque em objeto na pista;1;4;0;0;0;0;1
08/10/2019;03:55:00;52;com vítima;31,3;BR-116/SP;Pista Sul;Tombamento;1;0;1;0;0;0;1
08/10/2019;07:15:00;138;sem vítima;208,5;BR-116/SP;Pista Sul;Abalroamento longitudinal;1;2;0;0;0;0;1
08/10/2019;15:49:00;482;com vítima;229,55;BR-116/SP;Pista Norte;Abalroamento longitudinal;1;2;1;0;0;0;1
08/10/2019;17:23:00;528;sem vítima;108,95;BR-116/SP;Pista Sul;Colisão traseira;1;2;0;0;0;0;1
08/10/2019;17:48:00;539;sem vítima;226,7;BR-116/RJ;Pista Sul;Abalroamento longitudinal;1;3;0;0;0;0;1
08/10/2019;17:54:00;540;com vítima;174;BR-116/RJ;Pista Sul;Engavetamento;1;3;2;0;0;0;1
08/10/2019;17:54:00;541;sem vítima;227,4;BR-116/SP;Pista Norte;Colisão traseira;1;2;0;0;0;0;1
08/10/2019;18:23:00;555;com vítima;107,4;BR-116/SP;Pista Norte;Colisão traseira;1;1;1;0;0;0;1
08/10/2019;19:25:00;597;sem vítima;193,3;BR-116/SP;Pista Norte;Colisão traseira;1;3;0;0;0;0;1
08/10/2019;19:43:00;604;sem vítima;64,8;BR-116/SP;Pista Sul;Engavetamento;1;3;0;0;0;0;1
08/10/2019;20:38:00;622;sem vítima;149,2;BR-116/SP;Pista Norte;Colisão traseira;2;2;0;0;0;0;1
08/10/2019;22:37:00;664;sem vítima;215,1;BR-116/SP;Pista Norte;Abalroamento longitudinal;1;2;0;0;0;0;1
09/10/2019;03:17:00;41;sem vítima;30,6;BR-116/SP;Pista Sul;Colisão traseira;2;2;0;0;0;0;1
09/10/2019;04:42:00;55;sem vítima;325,2;BR-116/RJ;Pista Norte;Choque em objeto fixo;1;1;0;0;0;0;1
09/10/2019;15:13:00;450;sem vítima;211;BR-116/SP;Pista Sul;Colisão traseira;1;2;0;0;0;0;1
09/10/2019;20:36:00;639;sem vítima;225,9;BR-116/SP;Pista Sul;Engavetamento;1;4;0;0;0;0;1
09/10/2019;23:01:00;697;sem vítima;290;BR-116/RJ;Pista Norte;Choque em barreira New Jersey;1;3;0;0;0;0;1
09/10/2019;23:44:00;710;sem vítima;181,1;BR-116/RJ;Pista Norte;Colisão traseira;1;2;0;0;0;0;1
10/10/2019;04:47:00;78;sem vítima;226,6;BR-116/RJ;Pista Norte;Choque em objeto fixo;1;1;0;0;0;0;1
10/10/2019;11:27:00;363;sem vítima;112;BR-116/SP;Pista Sul;Colisão traseira;1;6;0;0;0;0;1
10/10/2019;11:30:00;366;sem vítima;239;BR-116/RJ;Pista Sul;Choque em objeto fixo;1;1;0;0;0;0;1
10/10/2019;13:59:00;438;sem vítima;167,1;BR-116/RJ;Pista Norte;Engavetamento;1;5;0;0;0;0;1
10/10/2019;14:23:00;448;sem vítima;224,5;BR-116/SP;Pista Norte;Engavetamento;1;3;0;0;0;0;1
11/10/2019;06:22:00;106;sem vítima;92;BR-116/SP;Pista Norte;Abalroamento longitudinal;1;29;0;0;0;0;1
11/10/2019;08:37:00;226;sem vítima;144,6;BR-116/SP;Pista Sul;Engavetamento;1;45;0;0;0;0;1
11/10/2019;10:45:00;333;sem vítima;313,9;BR-116/RJ;Pista Norte;Abalroamento longitudinal;1;2;0;0;0;0;1
11/10/2019;12:15:00;382;sem vítima;244,5;BR-116/RJ;Pista Norte;Abalroamento longitudinal;1;2;0;0;0;0;1
11/10/2019;12:47:00;402;com vítima;222,8;BR-116/SP;Pista Norte;Abalroamento longitudinal;1;3;1;0;0;0;1
11/10/2019;14:46:00;467;sem vítima;265,5;BR-116/RJ;Pista Norte;Colisão traseira;1;3;0;0;0;0;1
11/10/2019;16:16:00;545;sem vítima;176,7;BR-116/RJ;Pista Sul;Abalroamento longitudinal;1;2;0;0;0;0;1
12/10/2019;05:37:00;95;sem vítima;219,25;BR-116/RJ;Pista Sul;Choque em objeto fixo;1;1;0;0;0;0;1
12/10/2019;13:30:00;360;com vítima;293,3;BR-116/RJ;Pista Norte;Colisão frontal;1;0;0;0;0;6;3
12/10/2019;15:47:00;441;com vítima;22,1;BR-116/SP;Pista Sul;Tombamento;1;0;1;0;0;0;1
12/10/2019;23:51:00;687;com vítima;211,5;BR-116/SP;Pista Sul;Engavetamento;1;11;1;0;0;0;1
13/10/2019;20:44:00;547;sem vítima;296,1;BR-116/RJ;Pista Sul;Colisão traseira;1;2;0;0;0;0;1
14/10/2019;06:48:00;125;com vítima;278;BR-116/RJ;Pista Norte;Colisão traseira;1;5;2;0;0;0;1
14/10/2019;08:00:00;192;sem vítima;141,4;BR-116/SP;Pista Norte;Abalroamento longitudinal;1;2;0;0;0;0;1
14/10/2019;09:26:00;269;sem vítima;142,8;BR-116/SP;Pista Norte;Choque em barreira New Jersey;1;1;0;0;0;0;1
14/10/2019;09:53:00;298;com vítima;210;BR-116/RJ;Pista Norte;Choque em defensa;1;0;1;0;0;0;1
14/10/2019;11:29:00;354;sem vítima;227,1;BR-116/SP;Pista Sul;Choque em defensa;1;4;0;0;0;0;1
14/10/2019;17:29:00;572;sem vítima;157,3;BR-116/SP;Pista Sul;Colisão traseira;1;2;0;0;0;0;1
14/10/2019;20:33:00;704;sem vítima;299,74;BR-116/RJ;Pista Sul;Colisão traseira;1;2;0;0;0;0;1
15/10/2019;00:13:00;18;com vítima;260;BR-116/RJ;Pista Sul;Colisão traseira;2;1;1;0;0;0;1
15/10/2019;02:09:00;54;sem vítima;219,92;BR-116/SP;Pista Norte;Choque em objeto na pista;1;1;0;0;0;0;1
15/10/2019;12:23:00;388;com vítima;202;BR-116/SP;Pista Norte;Choque em barreira New Jersey;2;2;1;0;0;0;1
15/10/2019;19:11:00;651;sem vítima;234,1;BR-116/RJ;Pista Norte;Abalroamento longitudinal;1;3;0;0;0;0;1
15/10/2019;23:21:00;755;sem vítima;226,45;BR-116/SP;Pista Sul;Outros;1;1;0;0;0;0;1
16/10/2019;02:29:00;47;sem vítima;70,3;BR-116/SP;Pista Norte;Choque em objeto na pista;1;1;0;0;0;0;1
16/10/2019;05:49:00;95;com vítima;178,9;BR-116/RJ;Pista Norte;Engavetamento;1;4;1;0;0;0;1
16/10/2019;12:49:00;415;sem vítima;159,7;BR-116/SP;Pista Sul;Abalroamento longitudinal;1;2;0;0;0;0;1
16/10/2019;12:56:00;420;sem vítima;203,2;BR-116/SP;Pista Norte;Colisão traseira;2;3;0;0;0;0;1
17/10/2019;09:04:00;286;sem vítima;140,1;BR-116/SP;Pista Sul;Colisão traseira;1;2;0;0;0;0;1
17/10/2019;14:05:00;446;sem vítima;48,7;BR-116/SP;Pista Norte;Queda de ribanceira;1;1;0;0;0;0;1
17/10/2019;19:32:00;633;sem vítima;43,3;BR-116/SP;Pista Sul;Choque em barreira New Jersey;1;5;0;0;0;0;1
18/10/2019;01:38:00;45;sem vítima;245,52;BR-116/RJ;Pista Sul;Abalroamento longitudinal;1;3;0;0;0;0;1
18/10/2019;12:16:00;389;sem vítima;216,3;BR-116/RJ;Pista Norte;Choque em defensa;1;1;0;0;0;0;1
18/10/2019;13:57:00;443;sem vítima;139,2;BR-116/SP;Pista Sul;Colisão traseira;1;2;0;0;0;0;1
19/10/2019;07:23:00;159;sem vítima;301,4;BR-116/RJ;Pista Sul;Colisão traseira;2;2;0;0;0;0;1
19/10/2019;09:22:00;227;com vítima;3,1;BR-116/SP;Pista Sul;Choque em objeto fixo;1;0;0;1;0;0;2
19/10/2019;10:53:00;270;com vítima;179;BR-116/RJ;Pista Sul;Atropelamento de pedestre atravessando;1;1;0;0;1;0;2
20/10/2019;06:00:00;74;sem vítima;224,05;BR-116/RJ;Pista Norte;Tombamento;1;1;0;0;0;0;1
20/10/2019;13:55:00;277;sem vítima;230,6;BR-116/SP;Pista Norte;Abalroamento longitudinal;1;4;0;0;0;0;1
21/10/2019;08:46:00;252;sem vítima;117;BR-116/SP;Pista Norte;Abalroamento longitudinal;1;2;0;0;0;0;1
21/10/2019;18:50:00;636;sem vítima;59;BR-116/SP;Pista Sul;Colisão traseira;1;2;0;0;0;0;1
21/10/2019;19:55:00;680;sem vítima;144,6;BR-116/SP;Pista Norte;Abalroamento longitudinal;1;2;0;0;0;0;1
22/10/2019;03:59:00;56;sem vítima;183,4;BR-116/SP;Pista Sul;Abalroamento longitudinal;2;2;0;0;0;0;1
22/10/2019;06:19:00;101;sem vítima;222,1;BR-116/RJ;Pista Norte;Tombamento;1;1;0;0;0;0;1
22/10/2019;10:12:00;276;sem vítima;147,7;BR-116/SP;Pista Sul;Abalroamento longitudinal;1;2;0;0;0;0;1
22/10/2019;10:55:00;308;sem vítima;147,5;BR-116/SP;Pista Sul;Abalroamento longitudinal;1;4;0;0;0;0;1
22/10/2019;21:52:00;695;sem vítima;228,3;BR-116/SP;Pista Norte;Engavetamento;3;3;0;0;0;0;1
22/10/2019;23:13:00;729;com vítima;157,9;BR-116/SP;Pista Norte;Abalroamento longitudinal;1;1;1;0;0;0;1