data;horario;n_da_ocorrencia;tipo_de_ocorrencia;km;trecho;sentido;tipo_de_acidente;caminhao;ilesos;levemente_feridos;moderadamente_feridos;gravemente_feridos;mortos;3
23/10/2019;07:33:00;169;sem vítima;83,3;BR-116/SP;Pista Norte;Choque em barreira New Jersey;1;1;0;0;0;0;1
23/10/2019;07:49:00;184;sem vítima;83,3;BR-116/SP;Pista Sul;Choque em objeto na pista;1;3;0;0;0;0;1
23/10/2019;11:15:00;348;sem vítima;222;BR-116/SP;Pista Sul;Colisão traseira;1;3;0;0;0;0;1
23/10/2019;21:57:00;692;sem vítima;33;BR-116/SP;Pista Norte;Choque em objeto na pista;2;3;0;0;0;0;1
24/10/2019;15:01:00;496;sem vítima;239,5;BR-116/RJ;Pista Norte;Tombamento;1;1;0;0;0;0;1
24/10/2019;17:03:00;558;sem vítima;86,5;BR-116/SP;Pista Sul;Colisão traseira;1;2;0;0;0;0;1
24/10/2019;17:04:00;559;sem vítima;107,7;BR-116/SP;Pista Sul;Choque em barreira New Jersey;1;1;0;0;0;0;1
24/10/2019;18:30:00;610;com vítima;107,7;BR-116/SP;Pista Sul;Engavetamento;1;11;1;0;0;0;1
24/10/2019;19:18:00;646;com vítima;211,7;BR-116/SP;Pista Sul;Engavetamento;1;9;0;1;0;0;2
24/10/2019;23:14:00;735;com vítima;241,4;BR-116/RJ;Pista Norte;Engavetamento;1;12;4;1;0;0;2
25/10/2019;13:20:00;377;sem vítima;260,5;BR-116/RJ;Pista Norte;Abalroamento longitudinal;1;2;0;0;0;0;1
26/10/2019;00:31:00;31;com vítima;225,22;BR-116/SP;Pista Norte;Colisão traseira;1;2;1;0;0;1;3
26/10/2019;09:33:00;250;sem vítima;301,6;BR-116/RJ;Pista Sul;Abalroamento longitudinal;1;3;0;0;0;0;1
26/10/2019;17:30:00;511;sem vítima;110,8;BR-116/SP;Pista Norte;Engavetamento;1;4;0;0;0;0;1
26/10/2019;22:22:00;656;com vítima;182,8;BR-116/RJ;Pista Norte;Choque em veículo parado na pista;1;1;0;1;0;1;3
27/10/2019;14:59:00;295;com vítima;123,45;BR-116/SP;Pista Norte;Abalroamento longitudinal;1;2;1;0;0;0;1
27/10/2019;16:52:00;371;sem vítima;29,5;BR-116/SP;Pista Norte;Abalroamento longitudinal;1;2;0;0;0;0;1
27/10/2019;22:29:00;586;sem vítima;275,2;BR-116/RJ;Pista Sul;Colisão traseira;1;3;0;0;0;0;1
28/10/2019;03:02:00;49;sem vítima;133,65;BR-116/SP;Pista Sul;Abalroamento longitudinal;1;2;0;0;0;0;1
28/10/2019;03:07:00;51;com vítima;92,11;BR-116/SP;Pista Sul;Colisão traseira;2;2;1;0;0;0;1
28/10/2019;07:19:00;148;sem vítima;220,7;BR-116/RJ;Pista Norte;Colisão traseira;2;2;0;0;0;0;1
28/10/2019;08:50:00;234;sem vítima;205,8;BR-116/SP;Pista Sul;Abalroamento longitudinal;1;5;0;0;0;0;1
28/10/2019;10:03:00;304;com vítima;170,2;BR-116/SP;Pista Norte;Choque em objeto na pista;1;2;0;1;0;0;2
28/10/2019;15:37:00;506;sem vítima;225;BR-116/RJ;Pista Norte;Choque em barreira New Jersey;1;1;0;0;0;0;1
28/10/2019;21:45:00;715;sem vítima;154,7;BR-116/SP;Pista Sul;Choque em objeto fixo;1;1;0;0;0;0;1
29/10/2019;09:20:00;258;sem vítima;229,4;BR-116/SP;Pista Sul;Colisão traseira;1;2;0;0;0;0;1
29/10/2019;15:16:00;509;com vítima;226,8;BR-116/RJ;Pista Sul;Colisão traseira;2;1;1;0;0;0;1
29/10/2019;16:21:00;565;com vítima;266;BR-116/RJ;Pista Norte;Engavetamento;1;6;1;0;0;0;1
29/10/2019;16:33:00;573;com vítima;268;BR-116/RJ;Pista Norte;Colisão traseira;1;1;0;0;0;1;3
29/10/2019;18:09:00;632;com vítima;231,45;BR-116/SP;Pista Norte;Choque em veículo parado na pista;1;3;1;0;0;0;1
29/10/2019;19:37:00;676;sem vítima;236,8;BR-116/RJ;Pista Norte;Choque em barreira New Jersey;1;1;0;0;0;0;1
29/10/2019;19:47:00;680;sem vítima;222,7;BR-116/RJ;Pista Sul;Tombamento;1;1;0;0;0;0;1
30/10/2019;03:23:00;47;sem vítima;252;BR-116/RJ;Pista Sul;Choque Talude;1;1;0;0;0;0;1
30/10/2019;05:38:00;87;com vítima;205,3;BR-116/RJ;Pista Norte;Colisão traseira;1;1;0;1;0;0;2
30/10/2019;06:04:00;98;sem vítima;225,75;BR-116/RJ;Pista Norte;Abalroamento longitudinal;1;5;0;0;0;0;1
30/10/2019;07:34:00;182;sem vítima;223,8;BR-116/RJ;Pista Norte;Choque Talude;1;1;0;0;0;0;1
30/10/2019;08:30:00;254;sem vítima;220,3;BR-116/RJ;Pista Sul;Tombamento;1;1;0;0;0;0;1
30/10/2019;10:20:00;328;sem vítima;186,1;BR-116/SP;Pista Norte;Engavetamento;2;3;0;0;0;0;1
30/10/2019;11:57:00;374;sem vítima;129;BR-116/SP;Pista Sul;Abalroamento longitudinal;1;2;0;0;0;0;1
30/10/2019;15:32:00;514;sem vítima;180,6;BR-116/RJ;Pista Norte;Engavetamento;1;3;0;0;0;0;1
30/10/2019;22:56:00;767;com vítima;202,9;BR-116/SP;Pista Norte;Choque em objeto na pista;1;5;0;1;0;0;2
31/10/2019;09:59:00;321;com vítima;198,5;BR-116/SP;Pista Sul;Colisão traseira;1;1;0;0;1;0;2
31/10/2019;18:10:00;628;sem vítima;300,2;BR-116/RJ;Pista Sul;Colisão traseira;1;3;0;0;0;0;1
31/10/2019;23:13:00;798;sem vítima;255,3;BR-116/RJ;Pista Sul;Colisão traseira;1;2;0;0;0;0;1
01/11/2019;01:40:00;42;com vítima;271,69;BR-116/RJ;Pista Sul;Atropelamento de pedestre caminhando;1;1;0;0;0;1;3
01/11/2019;01:41:00;44;com vítima;325,55;BR-116/RJ;Pista Norte;Colisão traseira;2;1;1;0;0;0;1
01/11/2019;02:25:00;55;com vítima;178,8;BR-116/RJ;Pista Norte;Colisão traseira;1;1;1;0;0;0;1
01/11/2019;02:43:00;58;sem vítima;188,95;BR-116/SP;Pista Sul;Colisão traseira;2;2;0;0;0;0;1
01/11/2019;06:54:00;154;com vítima;163,3;BR-116/SP;Pista Sul;Colisão traseira;1;1;0;0;1;0;2
01/11/2019;07:40:00;195;com vítima;174;BR-116/RJ;Pista Sul;Colisão traseira;2;1;1;0;0;0;1
01/11/2019;07:50:00;206;com vítima;327,65;BR-116/RJ;Pista Norte;Queda de ribanceira;1;0;0;0;1;0;2
01/11/2019;15:38:00;522;sem vítima;188,9;BR-116/RJ;Pista Sul;Colisão traseira;1;2;0;0;0;0;1
01/11/2019;22:33:00;780;com vítima;276,8;BR-116/RJ;Pista Norte;Colisão traseira;1;1;1;0;0;0;1
02/11/2019;04:54:00;82;com vítima;58,6;BR-116/SP;Pista Norte;Colisão traseira;1;2;0;0;0;1;3
02/11/2019;12:25:00;309;sem vítima;207,1;BR-116/RJ;Pista Sul;Colisão traseira;1;3;0;0;0;0;1
08/11/2019;20:56:00;608;com vítima;223,9;BR-116/RJ;Pista Norte;Colisão traseira;2;1;1;0;0;0;1
13/11/2019;16:23:00;596;sem vítima;142,64;BR-116/SP;Pista Norte;Choque em objeto fixo;1;1;0;0;0;0;1
03/11/2019;09:50:00;187;sem vítima;21;BR-116/SP;Pista Sul;Choque em objeto na pista;1;1;0;0;0;0;1
03/11/2019;10:32:00;201;sem vítima;215;BR-116/SP;Pista Sul;Abalroamento longitudinal;1;6;0;0;0;0;1
03/11/2019;20:29:00;561;sem vítima;222;BR-116/RJ;Pista Norte;Colisão traseira;1;2;0;0;0;0;1
03/11/2019;23:29:00;632;com vítima;245,7;BR-116/RJ;Pista Norte;Colisão traseira;2;0;2;0;0;0;1
03/11/2019;23:34:00;635;sem vítima;323,4;BR-116/RJ;Pista Sul;Tombamento;1;1;0;0;0;0;1
03/11/2019;23:57:00;643;sem vítima;313,262;BR-116/RJ;Pista Sul;Colisão traseira;1;2;0;0;0;0;1
04/11/2019;10:33:00;337;com vítima;165,05;BR-116/RJ;Pista Norte;Queda de moto;1;1;1;0;0;0;1
04/11/2019;15:34:00;520;com vítima;230,35;BR-116/SP;Pista Norte;Abalroamento longitudinal;1;1;1;0;0;0;1
04/11/2019;21:34:00;769;com vítima;179,4;BR-116/SP;Pista Sul;Abalroamento longitudinal;1;2;1;0;0;0;1
04/11/2019;23:58:00;810;sem vítima;323;BR-116/RJ;Pista Norte;Outros;2;2;0;0;0;0;1
05/11/2019;06:35:00;129;sem vítima;48,3;BR-116/SP;Pista Norte;Engavetamento;1;10;0;0;0;0;1
05/11/2019;07:00:00;148;sem vítima;225,8;BR-116/SP;Pista Sul;Colisão traseira;1;2;0;0;0;0;1
05/11/2019;07:16:00;159;com vítima;49,2;BR-116/SP;Pista Norte;Engavetamento;1;5;2;1;0;0;2
05/11/2019;07:34:00;174;sem vítima;223,4;BR-116/RJ;Pista Norte;Abalroamento longitudinal;2;3;0;0;0;0;1
05/11/2019;08:45:00;237;com vítima;223,9;BR-116/SP;Pista Sul;Abalroamento longitudinal;1;1;1;0;0;0;1
05/11/2019;11:14:00;329;sem vítima;305,7;BR-116/RJ;Pista Sul;Abalroamento longitudinal;1;2;0;0;0;0;1
05/11/2019;11:38:00;343;sem vítima;104;BR-116/SP;Pista Sul;Choque em objeto na pista;1;1;0;0;0;0;1
05/11/2019;15:53:00;488;sem vítima;223,8;BR-116/RJ;Pista Norte;Tombamento;1;1;0;0;0;0;1
05/11/2019;17:00:00;519;sem vítima;226;BR-116/SP;Pista Sul;Abalroamento longitudinal;1;2;0;0;0;0;1
06/11/2019;09:12:00;266;com vítima;323;BR-116/RJ;Pista Norte;Abalroamento longitudinal;1;0;2;0;0;0;1
06/11/2019;14:56:00;467;sem vítima;297;BR-116/RJ;Pista Norte;Colisão traseira;2;2;0;0;0;0;1
06/11/2019;16:35:00;520;com vítima;279,1;BR-116/RJ;Pista Norte;Capotamento;1;3;4;1;0;0;2
06/11/2019;16:40:00;522;sem vítima;329,5;BR-116/RJ;Pista Sul;Choque em objeto fixo;1;2;0;0;0;0;1
06/11/2019;17:01:00;532;sem vítima;107,1;BR-116/SP;Pista Sul;Abalroamento longitudinal;1;5;0;0;0;0;1
06/11/2019;18:37:00;583;sem vítima;147;BR-116/SP;Pista Norte;Abalroamento longitudinal;1;2;0;0;0;0;1
06/11/2019;18:52:00;595;sem vítima;149,4;BR-116/SP;Pista Norte;Colisão traseira;2;4;0;0;0;0;1
06/11/2019;20:36:00;653;com vítima;218,98;BR-116/SP;Pista Norte;Abalroamento longitudinal;1;2;0;0;0;1;3
07/11/2019;00:12:00;15;sem vítima;219,8;BR-116/SP;Pista Norte;Abalroamento longitudinal;2;2;0;0;0;0;1
07/11/2019;06:10:00;131;com vítima;310,75;BR-116/RJ;Pista Norte;Queda de ribanceira;1;0;2;0;0;0;1
07/11/2019;10:52:00;370;sem vítima;109,5;BR-116/SP;Pista Sul;Colisão traseira;1;2;0;0;0;0;1
08/11/2019;07:44:00;134;com vítima;99;BR-116/SP;Pista Sul;Queda de Carga;1;1;1;0;0;0;1
08/11/2019;08:16:00;157;sem vítima;191;BR-116/SP;Pista Norte;Abalroamento longitudinal;1;2;0;0;0;0;1
08/11/2019;09:25:00;223;sem vítima;144,1;BR-116/SP;Pista Norte;Outros;1;1;0;0;0;0;1
08/11/2019;12:48:00;320;sem vítima;72,3;BR-116/SP;Pista Sul;Choque em objeto fixo;1;1;0;0;0;0;1
08/11/2019;12:56:00;323;sem vítima;204,5;BR-116/SP;Pista Sul;Colisão traseira;2;5;0;0;0;0;1
08/11/2019;17:09:00;449;sem vítima;165,2;BR-116/SP;Pista Norte;Abalroamento longitudinal;1;2;0;0;0;0;1
08/11/2019;17:49:00;475;sem vítima;135;BR-116/SP;Pista Sul;Colisão traseira;1;2;0;0;0;0;1
08/11/2019;18:13:00;494;sem vítima;209,8;BR-116/SP;Pista Sul;Engavetamento;1;8;0;0;0;0;1
09/11/2019;08:52:00;162;sem vítima;154;BR-116/SP;Pista Sul;Abalroamento longitudinal;1;3;0;0;0;0;1
09/11/2019;10:10:00;201;com vítima;53,1;BR-116/SP;Pista Sul;Engavetamento;1;3;1;0;0;0;1
09/11/2019;11:07:00;237;sem vítima;182;BR-116/RJ;Pista Norte;Colisão traseira;1;2;0;0;0;0;1
09/11/2019;11:42:00;253;com vítima;206;BR-116/RJ;Pista Norte;Colisão traseira;1;22;2;0;0;0;1
11/11/2019;07:27:00;177;sem vítima;210,5;BR-116/SP;Pista Sul;Colisão traseira;1;2;0;0;0;0;1
11/11/2019;12:54:00;445;sem vítima;173;BR-116/RJ;Pista Sul;Choque em objeto fixo;1;1;0;0;0;0;1
11/11/2019;18:04:00;652;com vítima;298,3;BR-116/RJ;Pista Norte;Engavetamento;1;9;1;0;0;0;1
11/11/2019;23:57:00;795;sem vítima;80;BR-116/SP;Pista Sul;Colisão traseira;1;4;0;0;0;0;1
12/11/2019;06:07:00;97;com vítima;95,6;BR-116/SP;Pista Sul;Colisão traseira;1;1;1;0;0;0;1
12/11/2019;08:58:00;244;sem vítima;146,5;BR-116/SP;Pista Norte;Abalroamento longitudinal;1;2;0;0;0;0;1
12/11/2019;10:37:00;325;sem vítima;165,9;BR-116/RJ;Pista Sul;Engavetamento;1;3;0;0;0;0;1
12/11/2019;13:03:00;398;sem vítima;222,4;BR-116/RJ;Pista Norte;Choque em barreira New Jersey;1;1;0;0;0;0;1
13/11/2019;06:03:00;93;sem vítima;223,05;BR-116/RJ;Pista Norte;Choque em objeto fixo;1;1;0;0;0;0;1
13/11/2019;06:58:00;156;sem vítima;242,15;BR-116/RJ;Pista Sul;Choque em defensa;1;1;0;0;0;0;1
13/11/2019;15:39:00;561;sem vítima;180,6;BR-116/RJ;Pista Norte;Engavetamento;1;8;0;0;0;0;1
13/11/2019;16:06:00;585;sem vítima;150,4;BR-116/SP;Pista Sul;Colisão traseira;1;2;0;0;0;0;1
13/11/2019;18:34:00;701;sem vítima;241,4;BR-116/RJ;Pista Sul;Abalroamento transversal;1;1;0;0;0;0;1
13/11/2019;19:01:00;718;sem vítima;241,4;BR-116/RJ;Pista Norte;Engavetamento;3;6;0;0;0;0;1
13/11/2019;22:16:00;823;sem vítima;230,5;BR-116/SP;Pista Norte;Abalroamento longitudinal;1;2;0;0;0;0;1
13/11/2019;22:23:00;828;sem vítima;310,7;BR-116/RJ;Pista Sul;Abalroamento longitudinal;2;2;0;0;0;0;1
14/11/2019;01:17:00;41;sem vítima;168,9;BR-116/RJ;Pista Sul;Abalroamento longitudinal;1;2;0;0;0;0;1
14/11/2019;05:47:00;109;sem vítima;184,5;BR-116/SP;Pista Norte;Abalroamento longitudinal;1;2;0;0;0;0;1
14/11/2019;07:36:00;185;sem vítima;223;BR-116/SP;Pista Norte;Engavetamento;1;3;0;0;0;0;1
14/11/2019;07:51:00;200;sem vítima;155,6;BR-116/SP;Pista Norte;Abalroamento longitudinal;1;2;0;0;0;0;1
14/11/2019;09:34:00;294;sem vítima;62,27;BR-116/SP;Pista Norte;Choque em barreira New Jersey;1;2;0;0;0;0;1
14/11/2019;11:07:00;355;com vítima;261,9;BR-116/RJ;Pista Sul;Capotamento;1;1;1;0;0;0;1
14/11/2019;14:27:00;448;com vítima;72,9;BR-116/SP;Pista Sul;Colisão traseira;1;1;2;0;0;0;1
14/11/2019;17:52:00;585;sem vítima;174,5;BR-116/RJ;Pista Sul;Colisão traseira;1;2;0;0;0;0;1
14/11/2019;20:03:00;683;sem vítima;181,6;BR-116/SP;Pista Norte;Choque em objeto fixo;1;1;0;0;0;0;1
15/11/2019;01:44:00;45;com vítima;315,1;BR-116/RJ;Pista Sul;Colisão traseira;2;1;2;0;0;0;1
15/11/2019;16:35:00;468;com vítima;37,65;BR-116/SP;Pista Norte;Colisão traseira;2;1;1;0;0;0;1
15/11/2019;21:28:00;606;sem vítima;101,5;BR-116/SP;Pista Norte;Abalroamento longitudinal;1;2;0;0;0;0;1
15/11/2019;21:59:00;613;com vítima;263,3;BR-116/RJ;Pista Sul;Choque Talude;1;0;1;0;0;0;1
15/11/2019;23:37:00;635;sem vítima;101,8;BR-116/SP;Pista Norte;Choque em defensa;1;1;0;0;0;0;1
16/11/2019;05:58:00;94;sem vítima;172;BR-116/RJ;Pista Norte;Colisão frontal;1;2;0;0;0;0;1
16/11/2019;13:16:00;287;sem vítima;225,5;BR-116/SP;Pista Sul;Colisão traseira;1;2;0;0;0;0;1
17/11/2019;06:55:00;125;sem vítima;145,8;BR-116/SP;Pista Norte;Abalroamento longitudinal;1;2;0;0;0;0;1
17/11/2019;13:59:00;347;sem vítima;229,65;BR-116/RJ;Pista Norte;Choque em objeto fixo;1;1;0;0;0;0;1
17/11/2019;18:16:00;524;sem vítima;86,95;BR-116/SP;Pista Sul;Abalroamento longitudinal;1;2;0;0;0;0;1
18/11/2019;02:17:00;43;sem vítima;46,9;BR-116/SP;Pista Sul;Choque em objeto na pista;1;8;0;0;0;0;1
18/11/2019;03:06:00;66;sem vítima;73;BR-116/SP;Pista Norte;Tombamento;1;1;0;0;0;0;1
18/11/2019;05:15:00;99;sem vítima;148,5;BR-116/SP;Pista Sul;Colisão traseira;1;3;0;0;0;0;1
18/11/2019;07:05:00;147;com vítima;215,05;BR-116/SP;Pista Norte;Tombamento;1;1;1;0;0;0;1
18/11/2019;09:07:00;250;sem vítima;223;BR-116/RJ;Pista Norte;Choque Talude;1;1;0;0;0;0;1
18/11/2019;10:38:00;326;sem vítima;175,45;BR-116/SP;Pista Sul;Colisão traseira;1;2;0;0;0;0;1
18/11/2019;14:42:00;482;sem vítima;278,9;BR-116/RJ;Pista Sul;Engavetamento;3;3;0;0;0;0;1
18/11/2019;14:46:00;486;com vítima;222,6;BR-116/SP;Pista Sul;Abalroamento longitudinal;1;1;1;0;0;0;1
19/11/2019;02:45:00;40;com vítima;172,45;BR-116/SP;Pista Norte;Choque em veículo parado na pista;2;1;0;1;0;0;2
19/11/2019;08:40:00;230;sem vítima;165,9;BR-116/RJ;Pista Sul;Choque em objeto fixo;1;1;0;0;0;0;1
19/11/2019;09:32:00;287;sem vítima;227,6;BR-116/SP;Pista Sul;Colisão traseira;2;3;0;0;0;0;1
19/11/2019;10:05:00;317;sem vítima;188,9;BR-116/SP;Pista Sul;Colisão traseira;1;2;0;0;0;0;1
19/11/2019;12:10:00;407;sem vítima;229,6;BR-116/SP;Pista Sul;Abalroamento longitudinal;2;2;0;0;0;0;1
20/11/2019;00:39:00;29;com vítima;320,8;BR-116/RJ;Pista Sul;Colisão traseira;2;1;2;0;0;0;1
20/11/2019;06:17:00;96;com vítima;86,95;BR-116/SP;Pista Sul;Colisão traseira;2;1;1;0;0;0;1
20/11/2019;09:31:00;212;com vítima;150,4;BR-116/SP;Pista Norte;Engavetamento;1;3;1;0;0;0;1
20/11/2019;10:49:00;261;sem vítima;217;BR-116/SP;Pista Norte;Engavetamento;2;4;0;0;0;0;1
20/11/2019;13:48:00;357;sem vítima;154;BR-116/SP;Pista Norte;Abalroamento longitudinal;1;4;0;0;0;0;1
20/11/2019;19:31:00;582;com vítima;98,8;BR-116/SP;Pista Norte;Tombamento;1;0;0;1;0;0;2
21/11/2019;08:09:00;210;sem vítima;139,8;BR-116/SP;Pista Sul;Choque em barreira New Jersey;1;2;0;0;0;0;1
21/11/2019;09:48:00;315;com vítima;220,4;BR-116/SP;Pista Sul;Colisão traseira;1;2;1;0;0;0;1
21/11/2019;15:46:00;579;com vítima;289;BR-116/RJ;Pista Norte;Capotamento;1;0;2;0;0;0;1
21/11/2019;16:05:00;595;sem vítima;223,4;BR-116/SP;Pista Norte;Colisão traseira;1;6;0;0;0;0;1
21/11/2019;20:24:00;783;sem vítima;176,2;BR-116/RJ;Pista Sul;Engavetamento;1;3;0;0;0;0;1
22/11/2019;06:38:00;136;sem vítima;45,8;BR-116/SP;Pista Sul;Choque em barreira New Jersey;1;1;0;0;0;0;1
22/11/2019;07:44:00;213;com vítima;222,1;BR-116/SP;Pista Sul;Colisão traseira;1;2;1;0;0;0;1
22/11/2019;08:48:00;271;sem vítima;169,6;BR-116/RJ;Pista Sul;Abalroamento longitudinal;1;2;0;0;0;0;1
22/11/2019;14:51:00;503;sem vítima;142,1;BR-116/SP;Pista Norte;Colisão traseira;2;2;0;0;0;0;1
22/11/2019;15:50:00;537;com vítima;180,2;BR-116/RJ;Pista Norte;Engavetamento;1;6;1;0;0;0;1
22/11/2019;16:03:00;549;com vítima;224,6;BR-116/SP;Pista Norte;Engavetamento;2;5;1;0;0;0;1
23/11/2019;03:12:00;60;com vítima;144;BR-116/SP;Pista Norte;Abalroamento longitudinal;1;3;1;0;0;0;1
23/11/2019;04:30:00;78;sem vítima;8;BR-116/SP;Pista Sul;Atropelamento de animal;1;1;0;0;0;0;1
23/11/2019;09:34:00;244;sem vítima;126,9;BR-116/SP;Pista Norte;Choque em barreira New Jersey;1;1;0;0;0;0;1
23/11/2019;12:53:00;352;com vítima;163;BR-116/RJ;Pista Sul;Colisão traseira;1;1;0;0;0;1;3
28/11/2019;12:14:00;395;sem vítima;227,3;BR-116/SP;Pista Sul;Engavetamento;1;3;0;0;0;0;1
28/11/2019;12:33:00;404;com vítima;274,79;BR-116/RJ;Pista Sul;Abalroamento longitudinal;2;2;1;0;0;0;1
29/11/2019;22:35:00;864;sem vítima;313,5;BR-116/RJ;Pista Norte;Engavetamento;1;4;0;0;0;0;1
24/11/2019;06:41:00;83;sem vítima;38,6;BR-116/SP;Pista Norte;Choque em objeto fixo;1;1;0;0;0;0;1
25/11/2019;05:59:00;110;sem vítima;224,5;BR-116/SP;Pista Sul;Colisão traseira;1;2;0;0;0;0;1
25/11/2019;06:36:00;129;sem vítima;208,5;BR-116/RJ;Pista Norte;Abalroamento longitudinal;1;2;0;0;0;0;1
25/11/2019;22:54:00;813;com vítima;24,25;BR-116/SP;Pista Sul;Colisão traseira;2;0;1;0;1;0;2
26/11/2019;10:19:00;360;sem vítima;157;BR-116/SP;Pista Norte;Colisão traseira;1;2;0;0;0;0;1
26/11/2019;15:17:00;561;sem vítima;328,2;BR-116/RJ;Pista Sul;Abalroamento longitudinal;1;2;0;0;0;0;1
26/11/2019;16:40:00;611;sem vítima;142,6;BR-116/SP;Pista Norte;Engavetamento;1;3;0;0;0;0;1
26/11/2019;17:08:00;630;sem vítima;145,4;BR-116/SP;Pista Norte;Colisão traseira;2;2;0;0;0;0;1
26/11/2019;19:31:00;738;sem vítima;198,5;BR-116/RJ;Pista Sul;Abalroamento longitudinal;1;2;0;0;0;0;1
26/11/2019;20:44:00;771;com vítima;46,7;BR-116/SP;Pista Sul;Colisão traseira;1;2;0;0;0;1;3
26/11/2019;22:03:00;806;sem vítima;192,25;BR-116/SP;Pista Sul;Colisão traseira;2;2;0;0;0;0;1
27/11/2019;10:32:00;346;sem vítima;16,2;BR-116/SP;Pista Norte;Choque em objeto na pista;1;1;0;0;0;0;1
27/11/2019;15:00:00;515;sem vítima;246;BR-116/RJ;Pista Norte;Colisão traseira;1;2;0;0;0;0;1
27/11/2019;15:35:00;543;sem vítima;128,8;BR-116/SP;Pista Norte;Colisão traseira;1;2;0;0;0;0;1
27/11/2019;21:49:00;798;sem vítima;74,6;BR-116/SP;Pista Norte;Choque em defensa;1;1;0;0;0;0;1
27/11/2019;22:23:00;808;sem vítima;158,85;BR-116/SP;Pista Norte;Choque em objeto fixo;1;1;0;0;0;0;1
27/11/2019;23:31:00;824;com vítima;150,7;BR-116/SP;Pista Norte;Colisão traseira;1;1;0;2;0;0;2
28/11/2019;01:07:00;38;sem vítima;13,8;BR-116/SP;Pista Sul;Choque em objeto fixo;1;1;0;0;0;0;1
28/11/2019;02:03:00;51;sem vítima;22,95;BR-116/SP;Pista Norte;Choque em barreira New Jersey;1;1;0;0;0;0;1
28/11/2019;05:39:00;105;sem vítima;163,6;BR-116/SP;Pista Norte;Choque em defensa;1;1;0;0;0;0;1
28/11/2019;07:28:00;188;sem vítima;311;BR-116/RJ;Pista Sul;Abalroamento longitudinal;1;2;0;0;0;0;1
28/11/2019;07:59:00;211;sem vítima;160,3;BR-116/SP;Pista Norte;Abalroamento longitudinal;1;3;0;0;0;0;1
28/11/2019;11:45:00;374;sem vítima;107,45;BR-116/SP;Pista Sul;Choque em barreira New Jersey;1;1;0;0;0;0;1
28/11/2019;15:19:00;519;sem vítima;182,3;BR-116/SP;Pista Norte;Engavetamento;1;3;0;0;0;0;1
28/11/2019;17:34:00;595;com vítima;173;BR-116/RJ;Pista Sul;Colisão traseira;2;1;0;1;0;0;2
29/11/2019;22:45:00;869;com vítima;147,7;BR-116/SP;Pista Sul;Abalroamento longitudinal;1;1;3;0;0;0;1
29/11/2019;23:30:00;881;sem vítima;145;BR-116/SP;Pista Norte;Abalroamento longitudinal;1;2;0;0;0;0;1
01/12/2019;08:39:00;153;sem vítima;207,1;BR-116/RJ;Pista Norte;Colisão traseira;1;5;0;0;0;0;1
01/12/2019;13:39:00;287;com vítima;107;BR-116/SP;Pista Sul;Engavetamento;4;53;2;0;0;0;1
01/12/2019;16:03:00;376;sem vítima;100,7;BR-116/SP;Pista Sul;Colisão traseira;1;2;0;0;0;0;1
01/12/2019;17:29:00;442;com vítima;189;BR-116/SP;Pista Norte;Colisão traseira;1;1;5;0;0;0;1
02/12/2019;06:29:00;146;com vítima;219,7;BR-116/RJ;Pista Norte;Queda de ribanceira;1;0;1;0;0;0;1
02/12/2019;16:47:00;573;sem vítima;207,1;BR-116/RJ;Pista Norte;Choque em objeto fixo;1;1;0;0;0;0;1
02/12/2019;19:29:00;688;sem vítima;221,7;BR-116/SP;Pista Norte;Abalroamento longitudinal;1;2;0;0;0;0;1
03/12/2019;08:09:00;228;sem vítima;274,3;BR-116/RJ;Pista Sul;Colisão traseira;1;2;0;0;0;0;1
03/12/2019;08:19:00;232;sem vítima;174;BR-116/RJ;Pista Sul;Engavetamento;1;3;0;0;0;0;1
03/12/2019;10:11:00;340;sem vítima;205;BR-116/SP;Pista Norte;Colisão traseira;1;2;0;0;0;0;1
03/12/2019;11:00:00;372;sem vítima;223,36;BR-116/SP;Pista Sul;Colisão traseira;1;2;0;0;0;0;1
03/12/2019;15:11:00;491;sem vítima;15,6;BR-116/SP;Pista Sul;Choque em objeto na pista;1;1;0;0;0;0;1
04/12/2019;06:00:00;95;com vítima;102,2;BR-116/SP;Pista Sul;Colisão traseira;1;1;1;0;0;0;1
04/12/2019;06:54:00;130;com vítima;294,88;BR-116/RJ;Pista Sul;Abalroamento longitudinal;1;0;2;0;0;0;1
04/12/2019;07:54:00;190;sem vítima;42,7;BR-116/SP;Pista Norte;Colisão traseira;1;2;0;0;0;0;1
04/12/2019;13:42:00;463;sem vítima;158;BR-116/SP;Pista Sul;Choque em barreira New Jersey;1;1;0;0;0;0;1
05/12/2019;18:50:00;750;sem vítima;305;BR-116/RJ;Pista Norte;Colisão traseira;1;2;0;0;0;0;1
07/12/2019;20:04:00;559;com vítima;228;BR-116/SP;Pista Norte;Abalroamento longitudinal;1;5;1;0;0;0;1
09/12/2019;03:41:00;79;sem vítima;161,7;BR-116/SP;Pista Norte;Choque em barreira New Jersey;1;1;0;0;0;0;1
14/12/2019;11:27:00;312;sem vítima;100,7;BR-116/SP;Pista Norte;Abalroamento longitudinal;2;2;0;0;0;0;1
16/12/2019;14:46:00;555;com vítima;163,9;BR-116/SP;Pista Sul;Colisão traseira;1;2;1;1;0;0;2
05/12/2019;05:30:00;92;sem vítima;174,8;BR-116/RJ;Pista Norte;Abalroamento longitudinal;1;2;0;0;0;0;1
05/12/2019;05:33:00;94;sem vítima;210,57;BR-116/SP;Pista Norte;Choque em objeto fixo;1;1;0;0;0;0;1
05/12/2019;09:56:00;363;sem vítima;221,8;BR-116/SP;Pista Sul;Colisão traseira;1;2;0;0;0;0;1
05/12/2019;10:36:00;401;sem vítima;163;BR-116/RJ;Pista Sul;Engavetamento;1;3;0;0;0;0;1