data;horario;n_da_ocorrencia;tipo_de_ocorrencia;km;trecho;sentido;tipo_de_acidente;caminhao;ilesos;levemente_feridos;moderadamente_feridos;gravemente_feridos;mortos;3
05/12/2019;12:26:00;477;sem vítima;187;BR-116/RJ;Pista Sul;Choque em objeto na pista;1;6;0;0;0;0;1
05/12/2019;13:53:00;549;com vítima;227,6;BR-116/SP;Pista Sul;Engavetamento;1;2;0;1;0;0;2
05/12/2019;14:03:00;559;sem vítima;143,5;BR-116/SP;Pista Sul;Engavetamento;1;6;0;0;0;0;1
05/12/2019;17:32:00;694;sem vítima;230;BR-116/RJ;Pista Sul;Choque em defensa;1;2;0;0;0;0;1
05/12/2019;18:19:00;725;com vítima;229,3;BR-116/RJ;Pista Sul;Colisão traseira;1;1;0;1;0;0;2
05/12/2019;21:13:00;815;sem vítima;151,7;BR-116/SP;Pista Sul;Abalroamento longitudinal;1;2;0;0;0;0;1
05/12/2019;21:46:00;832;sem vítima;202,65;BR-116/SP;Pista Sul;Atropelamento de animal;1;1;0;0;0;0;1
06/12/2019;04:07:00;65;com vítima;174,35;BR-116/SP;Pista Norte;Colisão traseira;2;2;0;1;0;0;2
06/12/2019;05:01:00;75;com vítima;195,3;BR-116/SP;Pista Sul;Colisão traseira;2;1;1;0;0;0;1
06/12/2019;07:02:00;134;sem vítima;264;BR-116/RJ;Pista Norte;Engavetamento;3;3;0;0;0;0;1
06/12/2019;08:56:00;215;sem vítima;156,5;BR-116/SP;Pista Norte;Abalroamento longitudinal;1;2;0;0;0;0;1
06/12/2019;09:41:00;249;sem vítima;240;BR-116/RJ;Pista Norte;Choque em barreira New Jersey;1;1;0;0;0;0;1
06/12/2019;17:16:00;526;sem vítima;215,1;BR-116/SP;Pista Sul;Abalroamento longitudinal;1;6;0;0;0;0;1
07/12/2019;08:21:00;177;sem vítima;13,09;BR-116/SP;Pista Sul;Colisão traseira;1;4;0;0;0;0;1
07/12/2019;08:58:00;196;sem vítima;220,95;BR-116/RJ;Pista Sul;Abalroamento longitudinal;1;5;0;0;0;0;1
07/12/2019;18:07:00;490;com vítima;253,65;BR-116/RJ;Pista Sul;Engavetamento;1;3;3;0;0;0;1
07/12/2019;23:18:00;653;sem vítima;210,5;BR-116/SP;Pista Sul;Abalroamento longitudinal;1;3;0;0;0;0;1
08/12/2019;08:20:00;149;com vítima;236,5;BR-116/RJ;Pista Norte;Engavetamento;1;3;0;0;3;1;3
08/12/2019;17:46:00;421;com vítima;165,7;BR-116/SP;Pista Norte;Colisão traseira;1;3;1;0;0;0;1
09/12/2019;02:14:00;49;sem vítima;223,1;BR-116/RJ;Pista Norte;Tombamento;1;52;0;0;0;0;1
09/12/2019;06:20:00;131;sem vítima;298,2;BR-116/RJ;Pista Sul;Colisão traseira;1;2;0;0;0;0;1
09/12/2019;07:53:00;214;sem vítima;222,3;BR-116/RJ;Pista Norte;Choque em barreira New Jersey;1;1;0;0;0;0;1
09/12/2019;12:40:00;441;sem vítima;52,7;BR-116/SP;Pista Sul;Colisão traseira;1;5;0;0;0;0;1
09/12/2019;19:25:00;717;com vítima;225,3;BR-116/SP;Pista Sul;Abalroamento longitudinal;1;1;1;0;0;0;1
10/12/2019;00:55:00;23;sem vítima;43,75;BR-116/SP;Pista Norte;Colisão traseira;2;2;0;0;0;0;1
10/12/2019;09:58:00;306;sem vítima;273,39;BR-116/RJ;Pista Sul;Outros;1;2;0;0;0;0;1
10/12/2019;10:03:00;313;sem vítima;220,3;BR-116/RJ;Pista Sul;Choque em barreira New Jersey;1;1;0;0;0;0;1
10/12/2019;14:51:00;480;sem vítima;277,5;BR-116/RJ;Pista Sul;Colisão traseira;1;5;0;0;0;0;1
10/12/2019;17:49:00;605;sem vítima;116;BR-116/SP;Pista Sul;Choque em barreira New Jersey;1;1;0;0;0;0;1
10/12/2019;19:26:00;693;sem vítima;61,3;BR-116/SP;Pista Sul;Abalroamento longitudinal;2;2;0;0;0;0;1
11/12/2019;04:04:00;45;sem vítima;204,2;BR-116/RJ;Pista Norte;Colisão traseira;2;2;0;0;0;0;1
11/12/2019;08:01:00;176;sem vítima;187;BR-116/RJ;Pista Norte;Choque em objeto fixo;1;1;0;0;0;0;1
11/12/2019;17:38:00;517;sem vítima;318,9;BR-116/RJ;Pista Sul;Engavetamento;1;3;0;0;0;0;1
11/12/2019;18:48:00;583;sem vítima;229,8;BR-116/SP;Pista Sul;Abalroamento longitudinal;1;3;0;0;0;0;1
12/12/2019;01:19:00;29;sem vítima;231,4;BR-116/SP;Pista Norte;Colisão traseira;1;2;0;0;0;0;1
12/12/2019;06:54:00;144;sem vítima;169,2;BR-116/RJ;Pista Sul;Colisão traseira;1;2;0;0;0;0;1
12/12/2019;06:59:00;146;com vítima;176,2;BR-116/RJ;Pista Norte;Abalroamento longitudinal;1;1;1;0;0;0;1
12/12/2019;09:54:00;302;sem vítima;65;BR-116/SP;Pista Sul;Tombamento;1;2;0;0;0;0;1
12/12/2019;12:29:00;408;sem vítima;223,3;BR-116/RJ;Pista Norte;Choque Talude;1;1;0;0;0;0;1
12/12/2019;12:47:00;421;com vítima;226,7;BR-116/RJ;Pista Norte;Choque em barreira New Jersey;1;0;1;0;0;0;1
12/12/2019;13:03:00;427;sem vítima;219,5;BR-116/SP;Pista Sul;Colisão traseira;2;2;0;0;0;0;1
12/12/2019;13:13:00;439;com vítima;224,1;BR-116/RJ;Pista Norte;Tombamento;2;2;2;0;0;0;1
12/12/2019;14:20:00;483;com vítima;228;BR-116/RJ;Pista Norte;Colisão traseira;2;3;1;0;0;0;1
12/12/2019;15:25:00;532;com vítima;68,9;BR-116/SP;Pista Norte;Choque em barreira New Jersey;1;0;1;0;0;0;1
12/12/2019;18:03:00;638;sem vítima;24,8;BR-116/SP;Pista Norte;Abalroamento longitudinal;2;2;0;0;0;0;1
12/12/2019;18:12:00;649;sem vítima;23,5;BR-116/SP;Pista Norte;Tombamento;1;1;0;0;0;0;1
12/12/2019;19:10:00;693;com vítima;239;BR-116/RJ;Pista Norte;Choque em objeto fixo;1;2;0;1;0;0;2
12/12/2019;23:30:00;816;sem vítima;269,02;BR-116/RJ;Pista Norte;Tombamento;1;1;0;0;0;0;1
13/12/2019;00:06:00;14;sem vítima;181,5;BR-116/RJ;Pista Norte;Engavetamento;2;8;0;0;0;0;1
13/12/2019;03:18:00;50;com vítima;223,8;BR-116/RJ;Pista Norte;Tombamento;1;0;1;0;0;0;1
13/12/2019;05:37:00;100;sem vítima;253,3;BR-116/RJ;Pista Norte;Choque em barreira New Jersey;1;2;0;0;0;0;1
13/12/2019;07:47:00;193;sem vítima;207;BR-116/SP;Pista Sul;Colisão traseira;1;2;0;0;0;0;1
13/12/2019;09:15:00;281;sem vítima;223,7;BR-116/RJ;Pista Norte;Choque Talude;1;1;0;0;0;0;1
13/12/2019;12:02:00;434;sem vítima;223,3;BR-116/RJ;Pista Norte;Choque Talude;1;1;0;0;0;0;1
13/12/2019;14:09:00;528;sem vítima;211;BR-116/SP;Pista Sul;Abalroamento longitudinal;1;4;0;0;0;0;1
13/12/2019;14:27:00;536;com vítima;154;BR-116/SP;Pista Sul;Abalroamento longitudinal;1;1;1;0;0;0;1
13/12/2019;14:55:00;550;sem vítima;113,6;BR-116/SP;Pista Sul;Colisão traseira;1;2;0;0;0;0;1
13/12/2019;15:08:00;557;sem vítima;138;BR-116/SP;Pista Sul;Colisão traseira;1;5;0;0;0;0;1
14/12/2019;01:59:00;47;sem vítima;294;BR-116/RJ;Pista Norte;Choque em defensa;1;1;0;0;0;0;1
14/12/2019;05:58:00;105;sem vítima;231,2;BR-116/SP;Pista Norte;Abalroamento longitudinal;1;2;0;0;0;0;1
14/12/2019;07:23:00;148;sem vítima;112,05;BR-116/SP;Pista Norte;Colisão traseira;1;2;0;0;0;0;1
14/12/2019;11:49:00;331;com vítima;157,8;BR-116/SP;Pista Sul;Engavetamento;1;5;0;1;0;0;2
14/12/2019;13:22:00;392;com vítima;211,6;BR-116/SP;Pista Norte;Choque em veículo parado na pista;1;2;0;0;1;1;3
14/12/2019;16:44:00;513;com vítima;77;BR-116/SP;Pista Norte;Engavetamento;1;8;2;1;0;0;2
14/12/2019;21:01:00;664;sem vítima;211;BR-116/SP;Pista Norte;Choque em objeto na pista;1;3;0;0;0;0;1
15/12/2019;16:56:00;476;com vítima;192,2;BR-116/SP;Pista Sul;Colisão traseira;1;1;2;0;0;0;1
15/12/2019;23:06:00;739;sem vítima;180;BR-116/RJ;Pista Sul;Abalroamento longitudinal;1;3;0;0;0;0;1
15/12/2019;23:51:00;758;sem vítima;203,6;BR-116/SP;Pista Sul;Colisão traseira;1;2;0;0;0;0;1
16/12/2019;01:37:00;41;sem vítima;178,6;BR-116/RJ;Pista Sul;Choque em objeto na pista;1;3;0;0;0;0;1
16/12/2019;05:50:00;96;sem vítima;211,5;BR-116/SP;Pista Sul;Engavetamento;1;8;0;0;0;0;1
16/12/2019;15:23:00;582;sem vítima;162,6;BR-116/SP;Pista Sul;Outros;2;2;0;0;0;0;1
16/12/2019;15:25:00;584;com vítima;311,5;BR-116/RJ;Pista Norte;Abalroamento longitudinal;2;2;1;0;0;0;1
16/12/2019;17:08:00;661;sem vítima;230;BR-116/SP;Pista Norte;Abalroamento longitudinal;2;3;0;0;0;0;1
16/12/2019;23:26:00;898;com vítima;144,9;BR-116/SP;Pista Sul;Colisão traseira;1;1;0;2;0;0;2
16/12/2019;23:39:00;900;sem vítima;106;BR-116/SP;Pista Norte;Colisão traseira;3;3;0;0;0;0;1
17/12/2019;04:32:00;94;com vítima;27;BR-116/SP;Pista Norte;Abalroamento longitudinal;1;1;1;0;0;0;1
17/12/2019;08:42:00;297;com vítima;192,35;BR-116/SP;Pista Norte;Colisão traseira;1;3;1;0;0;0;1
17/12/2019;08:43:00;298;sem vítima;279,53;BR-116/RJ;Pista Sul;Choque em barreira New Jersey;1;2;0;0;0;0;1
17/12/2019;11:01:00;398;com vítima;267;BR-116/RJ;Pista Sul;Colisão traseira;1;1;1;0;0;0;1
17/12/2019;15:57:00;611;com vítima;210,75;BR-116/SP;Pista Sul;Colisão traseira;1;1;0;1;0;0;2
17/12/2019;16:09:00;620;sem vítima;208,5;BR-116/SP;Pista Sul;Colisão traseira;1;3;0;0;0;0;1
17/12/2019;17:33:00;680;sem vítima;210,06;BR-116/SP;Pista Norte;Choque Talude;1;1;0;0;0;0;1
18/12/2019;00:31:00;22;sem vítima;95,6;BR-116/SP;Pista Norte;Abalroamento longitudinal;1;2;0;0;0;0;1
18/12/2019;00:38:00;26;sem vítima;95,6;BR-116/SP;Pista Norte;Abalroamento longitudinal;2;2;0;0;0;0;1
18/12/2019;00:49:00;30;com vítima;39,75;BR-116/SP;Pista Sul;Tombamento;1;0;1;0;0;0;1
18/12/2019;01:13:00;35;sem vítima;295,61;BR-116/RJ;Pista Norte;Choque em defensa;1;1;0;0;0;0;1
18/12/2019;01:23:00;40;com vítima;97,6;BR-116/SP;Pista Norte;Engavetamento;2;3;1;2;0;0;2
18/12/2019;05:47:00;101;sem vítima;86,95;BR-116/SP;Pista Sul;Colisão traseira;2;3;0;0;0;0;1
18/12/2019;09:53:00;359;sem vítima;280,5;BR-116/RJ;Pista Norte;Engavetamento;1;7;0;0;0;0;1
18/12/2019;12:32:00;474;com vítima;240;BR-116/RJ;Pista Sul;Colisão traseira;1;2;1;0;0;0;1
18/12/2019;12:41:00;479;com vítima;216;BR-116/SP;Pista Sul;Choque em barreira New Jersey;1;1;1;0;0;0;1
18/12/2019;14:22:00;539;sem vítima;271,5;BR-116/RJ;Pista Norte;Capotamento;1;2;0;0;0;0;1
18/12/2019;15:28:00;584;sem vítima;248,3;BR-116/RJ;Pista Norte;Choque em barreira New Jersey;1;1;0;0;0;0;1
18/12/2019;15:31:00;586;com vítima;316,7;BR-116/RJ;Pista Norte;Colisão traseira;2;1;1;0;0;0;1
18/12/2019;15:48:00;594;sem vítima;229,7;BR-116/RJ;Pista Norte;Choque em objeto fixo;1;1;0;0;0;0;1
18/12/2019;16:14:00;609;com vítima;247;BR-116/RJ;Pista Sul;Colisão traseira;2;1;0;1;0;0;2
18/12/2019;16:35:00;619;sem vítima;247;BR-116/RJ;Pista Sul;Colisão traseira;2;2;0;0;0;0;1
18/12/2019;17:05:00;641;com vítima;280,7;BR-116/RJ;Pista Norte;Engavetamento;3;2;0;1;0;0;2
18/12/2019;22:58:00;807;sem vítima;261,4;BR-116/RJ;Pista Sul;Choque em objeto fixo;1;1;0;0;0;0;1
19/12/2019;06:25:00;108;sem vítima;1,5;BR-116/SP;Pista Sul;Choque em objeto na pista;1;2;0;0;0;0;1
19/12/2019;07:56:00;182;sem vítima;162;BR-116/SP;Pista Sul;Tombamento;1;1;0;0;0;0;1
19/12/2019;09:13:00;267;sem vítima;207,3;BR-116/SP;Pista Sul;Abalroamento longitudinal;1;2;0;0;0;0;1
19/12/2019;12:16:00;408;sem vítima;219;BR-116/SP;Pista Norte;Abalroamento longitudinal;1;2;0;0;0;0;1
19/12/2019;14:46:00;517;com vítima;218;BR-116/SP;Pista Sul;Colisão traseira;1;3;1;0;0;0;1
19/12/2019;15:29:00;546;sem vítima;221;BR-116/RJ;Pista Sul;Colisão traseira;2;3;0;0;0;0;1
19/12/2019;17:05:00;602;com vítima;211,7;BR-116/SP;Pista Norte;Abalroamento longitudinal;1;1;1;0;0;0;1
19/12/2019;17:53:00;630;sem vítima;174,5;BR-116/RJ;Pista Norte;Choque em objeto fixo;1;1;0;0;0;0;1
19/12/2019;18:11:00;649;sem vítima;23;BR-116/SP;Pista Sul;Choque em barreira New Jersey;1;1;0;0;0;0;1
19/12/2019;20:40:00;738;sem vítima;161,7;BR-116/SP;Pista Norte;Colisão traseira;1;3;0;0;0;0;1
19/12/2019;22:57:00;781;com vítima;294,62;BR-116/RJ;Pista Sul;Colisão traseira;1;0;2;0;0;0;1
20/12/2019;03:04:00;57;com vítima;212,3;BR-116/SP;Pista Sul;Colisão traseira;1;3;2;0;0;0;1
20/12/2019;11:40:00;407;com vítima;259,65;BR-116/RJ;Pista Sul;Engavetamento;3;2;0;1;0;0;2
20/12/2019;15:21:00;556;com vítima;238,5;BR-116/RJ;Pista Norte;Choque em objeto fixo;1;0;1;0;0;0;1
20/12/2019;16:32:00;601;sem vítima;72,5;BR-116/SP;Pista Sul;Choque Talude;1;2;0;0;0;0;1
20/12/2019;19:00:00;724;sem vítima;177,6;BR-116/RJ;Pista Sul;Abalroamento longitudinal;1;2;0;0;0;0;1
20/12/2019;21:11:00;820;com vítima;224,54;BR-116/RJ;Pista Norte;Choque em barreira New Jersey;1;2;1;0;0;0;1
21/12/2019;04:19:00;81;com vítima;204;BR-116/SP;Pista Sul;Colisão traseira;1;2;1;0;0;0;1
21/12/2019;07:49:00;198;sem vítima;218,3;BR-116/RJ;Pista Norte;Tombamento;1;1;0;0;0;0;1
21/12/2019;08:44:00;231;sem vítima;209,6;BR-116/RJ;Pista Norte;Abalroamento longitudinal;1;2;0;0;0;0;1
21/12/2019;09:55:00;272;sem vítima;165,6;BR-116/SP;Pista Sul;Colisão traseira;1;2;0;0;0;0;1
21/12/2019;18:27:00;603;sem vítima;249,8;BR-116/RJ;Pista Norte;Abalroamento longitudinal;1;6;0;0;0;0;1
22/12/2019;13:54:00;403;sem vítima;81;BR-116/SP;Pista Sul;Choque em defensa;1;1;0;0;0;0;1
22/12/2019;22:26:00;716;com vítima;209,7;BR-116/RJ;Pista Norte;Colisão traseira;2;3;3;0;0;0;1
23/12/2019;10:22:00;280;sem vítima;227,5;BR-116/RJ;Pista Sul;Abalroamento longitudinal;1;4;0;0;0;0;1
23/12/2019;12:41:00;370;sem vítima;329;BR-116/RJ;Pista Sul;Choque em objeto fixo;1;1;0;0;0;0;1
23/12/2019;14:36:00;434;com vítima;223,2;BR-116/SP;Pista Sul;Engavetamento;1;7;1;0;0;0;1
23/12/2019;15:38:00;479;com vítima;164,6;BR-116/SP;Pista Norte;Queda de ribanceira;1;0;3;0;0;0;1
23/12/2019;15:51:00;483;sem vítima;105,2;BR-116/SP;Pista Norte;Engavetamento;1;11;0;0;0;0;1
23/12/2019;16:18:00;504;com vítima;237,65;BR-116/RJ;Pista Norte;Choque em barreira New Jersey;1;0;1;0;0;0;1
23/12/2019;20:42:00;687;sem vítima;328,4;BR-116/RJ;Pista Sul;Choque em objeto fixo;1;1;0;0;0;0;1
24/12/2019;13:05:00;332;com vítima;305;BR-116/RJ;Pista Sul;Capotamento;1;2;0;1;0;0;2
25/12/2019;07:46:00;119;sem vítima;78,6;BR-116/SP;Pista Norte;Abalroamento longitudinal;1;6;0;0;0;0;1
26/12/2019;04:26:00;53;sem vítima;227,2;BR-116/SP;Pista Norte;Choque em defensa;1;1;0;0;0;0;1
26/12/2019;08:18:00;188;sem vítima;290,05;BR-116/RJ;Pista Sul;Abalroamento longitudinal;2;2;0;0;0;0;1
26/12/2019;12:33:00;411;sem vítima;119,5;BR-116/SP;Pista Norte;Colisão traseira;1;4;0;0;0;0;1
26/12/2019;13:12:00;434;sem vítima;227,6;BR-116/RJ;Pista Norte;Colisão traseira;1;2;0;0;0;0;1
26/12/2019;20:25:00;721;sem vítima;166,5;BR-116/RJ;Pista Sul;Abalroamento longitudinal;1;2;0;0;0;0;1
27/12/2019;06:28:00;117;sem vítima;207;BR-116/RJ;Pista Norte;Colisão traseira;1;39;0;0;0;0;1
27/12/2019;07:51:00;172;com vítima;217,2;BR-116/SP;Pista Sul;Abalroamento longitudinal;1;1;2;0;0;0;1
27/12/2019;16:20:00;571;sem vítima;216;BR-116/SP;Pista Sul;Engavetamento;1;6;0;0;0;0;1
27/12/2019;16:37:00;589;sem vítima;252,65;BR-116/RJ;Pista Sul;Choque em defensa;1;1;0;0;0;0;1
28/12/2019;00:40:00;21;sem vítima;165,2;BR-116/SP;Pista Norte;Choque em objeto fixo;1;1;0;0;0;0;1
28/12/2019;08:31:00;216;sem vítima;168,7;BR-116/SP;Pista Norte;Abalroamento longitudinal;1;2;0;0;0;0;1
29/12/2019;12:27:00;290;sem vítima;210,5;BR-116/SP;Pista Sul;Abalroamento longitudinal;1;4;0;0;0;0;1
30/12/2019;07:10:00;121;com vítima;170,8;BR-116/RJ;Pista Norte;Abalroamento longitudinal;1;1;1;0;0;0;1
30/12/2019;08:14:00;163;com vítima;269;BR-116/RJ;Pista Norte;Colisão traseira;1;1;1;0;0;0;1
30/12/2019;22:16:00;700;sem vítima;224,6;BR-116/SP;Pista Sul;Colisão traseira;1;3;0;0;0;0;1
31/12/2019;17:05:00;360;sem vítima;207,1;BR-116/RJ;Pista Sul;Choque em objeto fixo;1;1;0;0;0;0;1
01/01/2020;10:16:00;197;com vítima;71,15;BR-116/SP;Pista Sul;Colisão traseira;1;1;2;0;0;0;1
03/01/2020;02:51:00;50;sem vítima;164;BR-116/SP;Pista Norte;Colisão traseira;1;5;0;0;0;0;1
03/01/2020;15:19:00;410;com vítima;265,9;BR-116/RJ;Pista Sul;Engavetamento;1;2;1;1;1;0;2
03/01/2020;17:56:00;479;sem vítima;9,95;BR-116/SP;Pista Norte;Choque em defensa;1;1;0;0;0;0;1
03/01/2020;19:03:00;526;sem vítima;253,6;BR-116/RJ;Pista Sul;Colisão traseira;2;2;0;0;0;0;1
04/01/2020;01:26:00;39;sem vítima;179,9;BR-116/RJ;Pista Norte;Choque Talude;1;1;0;0;0;0;1
04/01/2020;06:33:00;111;sem vítima;141,95;BR-116/SP;Pista Norte;Choque em barreira New Jersey;1;2;0;0;0;0;1
04/01/2020;11:06:00;244;com vítima;86,95;BR-116/SP;Pista Sul;Colisão traseira;1;2;3;0;0;0;1
04/01/2020;11:15:00;247;sem vítima;53;BR-116/SP;Pista Norte;Abalroamento longitudinal;1;2;0;0;0;0;1
21/01/2020;10:53:00;313;sem vítima;238,5;BR-116/RJ;Pista Norte;Engavetamento;2;3;0;0;0;0;1
28/01/2020;07:54:00;215;com vítima;140,4;BR-116/SP;Pista Sul;Engavetamento;1;2;1;0;0;0;1
04/01/2020;15:09:00;346;sem vítima;277;BR-116/RJ;Pista Norte;Abalroamento longitudinal;1;2;0;0;0;0;1
04/01/2020;16:38:00;394;com vítima;278;BR-116/RJ;Pista Norte;Choque Talude;1;0;1;0;0;0;1
05/01/2020;11:20:00;186;com vítima;265,4;BR-116/RJ;Pista Norte;Colisão traseira;1;1;1;0;0;0;1
05/01/2020;12:03:00;200;sem vítima;24,4;BR-116/SP;Pista Sul;Choque Talude;1;1;0;0;0;0;1
06/01/2020;03:12:00;50;sem vítima;229,65;BR-116/RJ;Pista Norte;Choque em objeto fixo;1;1;0;0;0;0;1
06/01/2020;03:41:00;56;sem vítima;229,3;BR-116/SP;Pista Sul;Choque em defensa;1;1;0;0;0;0;1
06/01/2020;05:39:00;86;com vítima;182,3;BR-116/SP;Pista Norte;Engavetamento;3;8;2;0;0;0;1
06/01/2020;07:10:00;140;sem vítima;227,4;BR-116/RJ;Pista Norte;Colisão traseira;2;2;0;0;0;0;1
06/01/2020;12:09:00;372;com vítima;102,7;BR-116/SP;Pista Norte;Engavetamento;3;12;0;2;0;0;2
06/01/2020;14:25:00;458;sem vítima;224,9;BR-116/RJ;Pista Sul;Colisão traseira;1;3;0;0;0;0;1
06/01/2020;17:35:00;564;sem vítima;231;BR-116/RJ;Pista Norte;Colisão traseira;1;2;0;0;0;0;1
07/01/2020;03:47:00;40;sem vítima;28,1;BR-116/SP;Pista Sul;Choque em objeto na pista;2;6;0;0;0;0;1
07/01/2020;13:15:00;358;sem vítima;265,55;BR-116/RJ;Pista Sul;Choque em defensa;1;1;0;0;0;0;1
08/01/2020;01:58:00;35;sem vítima;224,7;BR-116/SP;Pista Norte;Colisão traseira;1;3;0;0;0;0;1
08/01/2020;10:59:00;331;sem vítima;167,5;BR-116/RJ;Pista Norte;Abalroamento longitudinal;1;2;0;0;0;0;1
08/01/2020;16:11:00;548;sem vítima;144,3;BR-116/SP;Pista Sul;Choque em barreira New Jersey;1;1;0;0;0;0;1
09/01/2020;00:12:00;16;com vítima;108,6;BR-116/SP;Pista Norte;Colisão traseira;1;1;1;0;0;0;1
10/01/2020;00:42:00;26;sem vítima;227,6;BR-116/RJ;Pista Sul;Atropelamento de animal;1;1;0;0;0;0;1
10/01/2020;05:45:00;100;sem vítima;37,9;BR-116/SP;Pista Sul;Tombamento;1;1;0;0;0;0;1
10/01/2020;09:49:00;300;com vítima;229,6;BR-116/SP;Pista Sul;Engavetamento;1;8;3;0;0;0;1
10/01/2020;11:58:00;396;sem vítima;124,5;BR-116/SP;Pista Sul;Choque Talude;1;1;0;0;0;0;1
10/01/2020;15:47:00;535;com vítima;165;BR-116/RJ;Pista Sul;Colisão traseira;2;2;0;0;0;1;3
10/01/2020;18:44:00;655;sem vítima;177;BR-116/SP;Pista Norte;Choque em objeto na pista;2;6;0;0;0;0;1
10/01/2020;21:45:00;741;com vítima;6,1;BR-116/SP;Pista Sul;Colisão traseira;2;1;0;1;0;0;2
11/01/2020;02:31:00;37;sem vítima;222,6;BR-116/RJ;Pista Norte;Tombamento;1;1;0;0;0;0;1
11/01/2020;04:26:00;61;com vítima;23;BR-116/SP;Pista Norte;Colisão traseira;1;16;7;6;0;0;2
11/01/2020;05:21:00;69;sem vítima;223,5;BR-116/RJ;Pista Norte;Colisão traseira;1;2;0;0;0;0;1
11/01/2020;07:19:00;121;com vítima;224,7;BR-116/RJ;Pista Norte;Tombamento;1;0;1;0;0;0;1
11/01/2020;15:57:00;464;sem vítima;155,6;BR-116/SP;Pista Sul;Abalroamento longitudinal;1;5;0;0;0;0;1
11/01/2020;16:03:00;471;sem vítima;40,95;BR-116/SP;Pista Norte;Abalroamento longitudinal;1;6;0;0;0;0;1
11/01/2020;16:24:00;487;sem vítima;40,7;BR-116/SP;Pista Sul;Colisão traseira;2;2;0;0;0;0;1
11/01/2020;17:04:00;508;sem vítima;239;BR-116/RJ;Pista Norte;Choque em barreira New Jersey;1;1;0;0;0;0;1
11/01/2020;17:41:00;529;sem vítima;262,3;BR-116/RJ;Pista Norte;Abalroamento longitudinal;1;2;0;0;0;0;1
11/01/2020;20:23:00;623;sem vítima;161;BR-116/SP;Pista Sul;Choque em objeto fixo;1;1;0;0;0;0;1
12/01/2020;06:31:00;109;com vítima;164,06;BR-116/RJ;Pista Norte;Colisão traseira;1;2;0;1;0;0;2
12/01/2020;14:07:00;331;com vítima;226;BR-116/RJ;Pista Norte;Abalroamento longitudinal;1;3;2;0;0;0;1
12/01/2020;18:20:00;473;sem vítima;22,63;BR-116/SP;Pista Norte;Choque em defensa;1;3;0;0;0;0;1
12/01/2020;20:29:00;554;sem vítima;223,2;BR-116/RJ;Pista Norte;Engavetamento;1;4;0;0;0;0;1
12/01/2020;21:39:00;579;sem vítima;68,5;BR-116/SP;Pista Norte;Tombamento;1;1;0;0;0;0;1
13/01/2020;09:47:00;287;sem vítima;221,1;BR-116/SP;Pista Norte;Engavetamento;1;6;0;0;0;0;1
13/01/2020;11:09:00;342;com vítima;219,5;BR-116/SP;Pista Sul;Engavetamento;1;3;1;0;0;0;1
13/01/2020;13:31:00;421;sem vítima;236,6;BR-116/RJ;Pista Norte;Choque em barreira New Jersey;1;1;0;0;0;0;1
13/01/2020;15:35:00;488;sem vítima;101,5;BR-116/SP;Pista Sul;Colisão traseira;1;6;0;0;0;0;1
13/01/2020;16:50:00;540;sem vítima;82,5;BR-116/SP;Pista Norte;Engavetamento;1;4;0;0;0;0;1
13/01/2020;17:21:00;559;sem vítima;83,46;BR-116/SP;Pista Norte;Outros;1;1;0;0;0;0;1
13/01/2020;18:50:00;607;sem vítima;273,8;BR-116/RJ;Pista Norte;Choque em objeto fixo;1;1;0;0;0;0;1
14/01/2020;04:32:00;57;sem vítima;263;BR-116/RJ;Pista Norte;Choque em defensa;1;2;0;0;0;0;1
14/01/2020;07:48:00;176;sem vítima;164,8;BR-116/SP;Pista Norte;Abalroamento longitudinal;1;2;0;0;0;0;1
14/01/2020;08:08:00;206;sem vítima;116,6;BR-116/SP;Pista Sul;Abalroamento longitudinal;1;6;0;0;0;0;1
14/01/2020;09:31:00;283;sem vítima;47,65;BR-116/SP;Pista Norte;Choque em objeto na pista;2;4;0;0;0;0;1
14/01/2020;19:35:00;685;sem vítima;150,1;BR-116/SP;Pista Norte;Colisão traseira;2;2;0;0;0;0;1
14/01/2020;21:29:00;741;com vítima;37,8;BR-116/SP;Pista Norte;Tombamento;1;0;1;0;0;0;1
14/01/2020;22:54:00;767;sem vítima;44,6;BR-116/SP;Pista Sul;Colisão traseira;2;2;0;0;0;0;1
15/01/2020;01:40:00;34;sem vítima;273;BR-116/RJ;Pista Norte;Choque em barreira New Jersey;1;1;0;0;0;0;1
15/01/2020;02:35:00;51;sem vítima;227,7;BR-116/SP;Pista Sul;Abalroamento longitudinal;1;2;0;0;0;0;1
15/01/2020;07:21:00;170;sem vítima;213;BR-116/RJ;Pista Norte;Colisão traseira;2;2;0;0;0;0;1
15/01/2020;07:35:00;187;sem vítima;165,2;BR-116/SP;Pista Sul;Colisão traseira;1;4;0;0;0;0;1
15/01/2020;11:28:00;371;sem vítima;61,65;BR-116/SP;Pista Sul;Colisão traseira;1;2;0;0;0;0;1
15/01/2020;18:09:00;626;sem vítima;185,6;BR-116/RJ;Pista Sul;Abalroamento longitudinal;1;2;0;0;0;0;1
16/01/2020;00:21:00;15;com vítima;112,68;BR-116/SP;Pista Sul;Engavetamento;2;1;1;1;0;4;3
16/01/2020;02:29:00;35;sem vítima;210,6;BR-116/SP;Pista Norte;Choque em barreira New Jersey;1;2;0;0;0;0;1
16/01/2020;02:44:00;45;sem vítima;275,1;BR-116/RJ;Pista Sul;Queda de Carga;1;3;0;0;0;0;1
16/01/2020;02:48:00;46;sem vítima;26,9;BR-116/SP;Pista Sul;Choque em objeto fixo;1;1;0;0;0;0;1
16/01/2020;06:08:00;111;com vítima;39,3;BR-116/SP;Pista Sul;Colisão traseira;1;15;3;0;0;0;1
16/01/2020;08:55:00;246;com vítima;144,3;BR-116/SP;Pista Sul;Engavetamento;1;5;0;1;0;0;2
16/01/2020;09:00:00;249;sem vítima;299;BR-116/RJ;Pista Sul;Abalroamento longitudinal;1;3;0;0;0;0;1