data;horario;n_da_ocorrencia;tipo_de_ocorrencia;km;trecho;sentido;tipo_de_acidente;caminhao;ilesos;levemente_feridos;moderadamente_feridos;gravemente_feridos;mortos;3
16/01/2020;09:39:00;279;sem vítima;219;BR-116/SP;Pista Norte;Abalroamento longitudinal;1;2;0;0;0;0;1
16/01/2020;13:47:00;446;sem vítima;229,8;BR-116/RJ;Pista Norte;Tombamento;1;2;0;0;0;0;1
16/01/2020;20:59:00;721;sem vítima;156,7;BR-116/SP;Pista Sul;Abalroamento longitudinal;1;2;0;0;0;0;1
16/01/2020;21:53:00;738;sem vítima;193,35;BR-116/SP;Pista Norte;Colisão traseira;1;6;0;0;0;0;1
17/01/2020;04:12:00;58;sem vítima;290,62;BR-116/RJ;Pista Norte;Choque em objeto na pista;1;1;0;0;0;0;1
17/01/2020;12:05:00;356;sem vítima;300,7;BR-116/RJ;Pista Sul;Colisão traseira;1;3;0;0;0;0;1
17/01/2020;19:25:00;642;sem vítima;204,5;BR-116/SP;Pista Norte;Colisão traseira;1;3;0;0;0;0;1
17/01/2020;20:15:00;669;sem vítima;186,08;BR-116/SP;Pista Norte;Abalroamento longitudinal;1;2;0;0;0;0;1
17/01/2020;22:32:00;728;sem vítima;34;BR-116/SP;Pista Sul;Tombamento;1;1;0;0;0;0;1
18/01/2020;05:03:00;80;sem vítima;222,1;BR-116/RJ;Pista Norte;Tombamento;1;1;0;0;0;0;1
18/01/2020;11:58:00;270;sem vítima;280,5;BR-116/RJ;Pista Norte;Choque em objeto na pista;1;2;0;0;0;0;1
20/01/2020;07:34:00;154;sem vítima;220,2;BR-116/SP;Pista Norte;Abalroamento longitudinal;1;2;0;0;0;0;1
20/01/2020;16:11:00;478;com vítima;145,4;BR-116/SP;Pista Norte;Colisão traseira;1;1;2;0;0;0;1
20/01/2020;20:18:00;659;sem vítima;256,8;BR-116/RJ;Pista Sul;Colisão traseira;1;2;0;0;0;0;1
20/01/2020;23:57:00;752;com vítima;189,75;BR-116/SP;Pista Sul;Colisão traseira;2;1;1;0;0;0;1
21/01/2020;07:34:00;171;sem vítima;223,55;BR-116/RJ;Pista Norte;Engavetamento;3;3;0;0;0;0;1
21/01/2020;10:30:00;300;sem vítima;222;BR-116/SP;Pista Sul;Abalroamento longitudinal;1;2;0;0;0;0;1
21/01/2020;15:15:00;478;com vítima;148;BR-116/SP;Pista Norte;Engavetamento;3;2;0;1;0;0;2
21/01/2020;18:00:00;593;sem vítima;154;BR-116/SP;Pista Sul;Colisão traseira;1;4;0;0;0;0;1
21/01/2020;22:04:00;730;sem vítima;168,6;BR-116/SP;Pista Sul;Colisão traseira;2;2;0;0;0;0;1
22/01/2020;13:35:00;445;sem vítima;102,31;BR-116/SP;Pista Sul;Abalroamento longitudinal;1;2;0;0;0;0;1
22/01/2020;13:50:00;452;sem vítima;210,6;BR-116/SP;Pista Sul;Abalroamento longitudinal;1;2;0;0;0;0;1
22/01/2020;15:17:00;508;sem vítima;246,7;BR-116/RJ;Pista Sul;Colisão traseira;2;2;0;0;0;0;1
22/01/2020;16:38:00;555;com vítima;107,55;BR-116/SP;Pista Sul;Colisão traseira;2;1;0;1;0;0;2
22/01/2020;17:52:00;594;sem vítima;318,9;BR-116/RJ;Pista Sul;Colisão traseira;1;5;0;0;0;0;1
22/01/2020;21:51:00;710;sem vítima;101,4;BR-116/SP;Pista Sul;Choque em objeto fixo;1;2;0;0;0;0;1
22/01/2020;22:08:00;715;sem vítima;101,8;BR-116/SP;Pista Sul;Tombamento;1;1;0;0;0;0;1
23/01/2020;02:21:00;41;sem vítima;145,9;BR-116/SP;Pista Norte;Capotamento;1;12;0;0;0;0;1
23/01/2020;04:05:00;60;sem vítima;189;BR-116/SP;Pista Norte;Abalroamento longitudinal;3;3;0;0;0;0;1
23/01/2020;05:47:00;87;com vítima;327,23;BR-116/RJ;Pista Norte;Tombamento;1;0;1;0;0;0;1
23/01/2020;05:48:00;88;sem vítima;228;BR-116/RJ;Pista Norte;Choque em barreira New Jersey;1;1;0;0;0;0;1
23/01/2020;05:50:00;89;sem vítima;170,8;BR-116/RJ;Pista Norte;Abalroamento longitudinal;2;3;0;0;0;0;1
23/01/2020;07:20:00;133;sem vítima;312,3;BR-116/RJ;Pista Sul;Colisão traseira;1;2;0;0;0;0;1
23/01/2020;11:10:00;306;sem vítima;320,2;BR-116/RJ;Pista Norte;Colisão traseira;2;2;0;0;0;0;1
23/01/2020;14:22:00;403;com vítima;70,2;BR-116/SP;Pista Sul;Choque em barreira New Jersey;1;2;2;1;1;1;3
23/01/2020;16:57:00;486;com vítima;219,6;BR-116/SP;Pista Sul;Queda de moto;1;2;0;0;1;0;2
23/01/2020;17:41:00;507;sem vítima;23,3;BR-116/SP;Pista Sul;Choque em defensa;1;1;0;0;0;0;1
23/01/2020;17:44:00;509;sem vítima;328,6;BR-116/RJ;Pista Sul;Abalroamento longitudinal;2;2;0;0;0;0;1
23/01/2020;18:49:00;546;sem vítima;22;BR-116/SP;Pista Norte;Colisão traseira;1;2;0;0;0;0;1
23/01/2020;22:48:00;643;com vítima;244,7;BR-116/RJ;Pista Norte;Colisão traseira;2;1;0;0;1;0;2
23/01/2020;23:09:00;649;com vítima;130,6;BR-116/SP;Pista Sul;Colisão traseira;1;1;1;0;0;0;1
23/01/2020;23:51:00;666;sem vítima;23,7;BR-116/SP;Pista Sul;Colisão traseira;2;2;0;0;0;0;1
24/01/2020;00:42:00;22;sem vítima;305,2;BR-116/RJ;Pista Sul;Choque em objeto na pista;1;1;0;0;0;0;1
24/01/2020;03:58:00;68;sem vítima;99;BR-116/SP;Pista Sul;Abalroamento longitudinal;1;6;0;0;0;0;1
24/01/2020;08:48:00;248;sem vítima;135,4;BR-116/SP;Pista Sul;Engavetamento;1;3;0;0;0;0;1
24/01/2020;15:05:00;509;sem vítima;226,53;BR-116/RJ;Pista Norte;Choque em defensa;1;1;0;0;0;0;1
24/01/2020;15:46:00;531;sem vítima;228;BR-116/RJ;Pista Norte;Colisão traseira;1;2;0;0;0;0;1
24/01/2020;16:22:00;559;sem vítima;205,5;BR-116/SP;Pista Sul;Engavetamento;2;8;0;0;0;0;1
24/01/2020;20:46:00;739;com vítima;51,05;BR-116/SP;Pista Sul;Atropelamento de pedestre caminhando;1;1;0;0;0;1;3
25/01/2020;01:53:00;41;com vítima;85,4;BR-116/SP;Pista Sul;Colisão traseira;2;1;1;0;0;0;1
25/01/2020;12:37:00;326;sem vítima;202,9;BR-116/RJ;Pista Sul;Colisão traseira;1;5;0;0;0;0;1
25/01/2020;13:54:00;365;sem vítima;168,8;BR-116/SP;Pista Norte;Colisão traseira;1;2;0;0;0;0;1
26/01/2020;16:25:00;407;com vítima;79,9;BR-116/SP;Pista Norte;Colisão traseira;1;41;4;1;0;0;2
27/01/2020;05:23:00;90;sem vítima;271,5;BR-116/RJ;Pista Sul;Abalroamento longitudinal;1;2;0;0;0;0;1
27/01/2020;17:31:00;600;sem vítima;305,5;BR-116/RJ;Pista Sul;Colisão traseira;1;3;0;0;0;0;1
27/01/2020;19:23:00;688;sem vítima;229,2;BR-116/SP;Pista Sul;Abalroamento longitudinal;1;2;0;0;0;0;1
27/01/2020;23:03:00;773;com vítima;199,25;BR-116/SP;Pista Sul;Abalroamento longitudinal;1;1;0;0;1;0;2
28/01/2020;01:27:00;35;sem vítima;93,98;BR-116/SP;Pista Sul;Choque em objeto fixo;1;2;0;0;0;0;1
28/01/2020;01:44:00;38;sem vítima;187,5;BR-116/RJ;Pista Norte;Colisão traseira;1;2;0;0;0;0;1
28/01/2020;02:52:00;50;sem vítima;94,65;BR-116/SP;Pista Sul;Colisão traseira;2;2;0;0;0;0;1
28/01/2020;07:27:00;183;sem vítima;165,1;BR-116/RJ;Pista Norte;Colisão traseira;1;2;0;0;0;0;1
28/01/2020;09:40:00;313;sem vítima;136,95;BR-116/SP;Pista Sul;Colisão traseira;1;2;0;0;0;0;1
28/01/2020;11:25:00;388;com vítima;218,4;BR-116/SP;Pista Sul;Engavetamento;2;3;1;0;0;0;1
28/01/2020;12:06:00;418;sem vítima;23;BR-116/SP;Pista Sul;Colisão traseira;2;2;0;0;0;0;1
28/01/2020;14:59:00;530;com vítima;211,55;BR-116/SP;Pista Sul;Choque em barreira New Jersey;1;5;1;0;0;0;1
28/01/2020;17:08:00;611;sem vítima;222,5;BR-116/SP;Pista Sul;Colisão traseira;2;4;0;0;0;0;1
29/01/2020;03:43:00;56;sem vítima;16,5;BR-116/SP;Pista Sul;Abalroamento longitudinal;2;2;0;0;0;0;1
29/01/2020;07:43:00;210;com vítima;318,2;BR-116/RJ;Pista Norte;Capotamento;1;0;2;0;0;0;1
29/01/2020;08:45:00;274;sem vítima;90,3;BR-116/SP;Pista Norte;Abalroamento longitudinal;1;2;0;0;0;0;1
29/01/2020;15:47:00;583;com vítima;133,6;BR-116/SP;Pista Norte;Colisão traseira;2;1;1;0;0;0;1
29/01/2020;16:20:00;598;sem vítima;180;BR-116/RJ;Pista Sul;Engavetamento;1;4;0;0;0;0;1
30/01/2020;06:07:00;78;com vítima;308,05;BR-116/RJ;Pista Sul;Abalroamento longitudinal;1;1;0;1;0;0;2
30/01/2020;07:14:00;143;sem vítima;227,6;BR-116/RJ;Pista Norte;Abalroamento longitudinal;1;2;0;0;0;0;1
30/01/2020;07:54:00;186;com vítima;181,7;BR-116/RJ;Pista Norte;Engavetamento;2;2;1;2;0;0;2
30/01/2020;11:31:00;360;com vítima;294,4;BR-116/RJ;Pista Norte;Engavetamento;3;1;2;0;0;0;1
30/01/2020;16:07:00;559;sem vítima;221,05;BR-116/RJ;Pista Sul;Colisão traseira;1;2;0;0;0;0;1
30/01/2020;18:11:00;663;sem vítima;223,3;BR-116/RJ;Pista Norte;Choque em barreira New Jersey;1;1;0;0;0;0;1
31/01/2020;08:57:00;259;sem vítima;222,5;BR-116/RJ;Pista Norte;Tombamento;1;1;0;0;0;0;1
31/01/2020;09:33:00;281;sem vítima;139,1;BR-116/SP;Pista Sul;Engavetamento;1;10;0;0;0;0;1
31/01/2020;15:32:00;539;sem vítima;54,2;BR-116/SP;Pista Sul;Colisão traseira;1;32;0;0;0;0;1
31/01/2020;16:15:00;578;sem vítima;108,5;BR-116/SP;Pista Sul;Abalroamento longitudinal;1;2;0;0;0;0;1
31/01/2020;23:20:00;868;sem vítima;230;BR-116/SP;Pista Norte;Abalroamento longitudinal;1;2;0;0;0;0;1
01/02/2020;15:50:00;439;sem vítima;14;BR-116/SP;Pista Sul;Choque em objeto fixo;1;1;0;0;0;0;1
01/02/2020;16:26:00;455;sem vítima;173;BR-116/SP;Pista Sul;Colisão traseira;1;6;0;0;0;0;1
02/02/2020;00:04:00;14;com vítima;229,6;BR-116/SP;Pista Norte;Choque em defensa;1;3;3;0;0;0;1
03/02/2020;04:01:00;69;sem vítima;223,95;BR-116/RJ;Pista Norte;Tombamento;1;1;0;0;0;0;1
06/02/2020;00:47:00;24;com vítima;141;BR-116/SP;Pista Norte;Colisão frontal;2;2;1;0;0;0;1
10/02/2020;04:35:00;53;sem vítima;229,8;BR-116/SP;Pista Sul;Colisão traseira;1;2;0;0;0;0;1
02/02/2020;16:00:00;363;sem vítima;283,9;BR-116/RJ;Pista Sul;Choque em defensa;1;1;0;0;0;0;1
02/02/2020;21:11:00;561;com vítima;328,2;BR-116/RJ;Pista Norte;Tombamento;1;0;0;1;0;0;2
02/02/2020;23:44:00;626;sem vítima;38,6;BR-116/SP;Pista Norte;Choque em objeto na pista;2;2;0;0;0;0;1
03/02/2020;05:05:00;77;sem vítima;114,65;BR-116/SP;Pista Sul;Choque em barreira New Jersey;1;3;0;0;0;0;1
03/02/2020;19:18:00;719;sem vítima;307,5;BR-116/RJ;Pista Sul;Abalroamento longitudinal;1;2;0;0;0;0;1
03/02/2020;19:18:00;720;com vítima;225,45;BR-116/RJ;Pista Sul;Choque em defensa;1;0;0;1;0;0;2
03/02/2020;20:21:00;757;sem vítima;22,4;BR-116/SP;Pista Sul;Abalroamento longitudinal;1;2;0;0;0;0;1
04/02/2020;06:59:00;149;sem vítima;222,35;BR-116/RJ;Pista Norte;Choque em barreira New Jersey;1;1;0;0;0;0;1
04/02/2020;08:38:00;280;sem vítima;211,5;BR-116/SP;Pista Norte;Engavetamento;2;3;0;0;0;0;1
04/02/2020;12:33:00;443;sem vítima;228,4;BR-116/SP;Pista Norte;Abalroamento longitudinal;1;2;0;0;0;0;1
04/02/2020;17:12:00;631;com vítima;40,3;BR-116/SP;Pista Norte;Colisão traseira;1;1;1;0;0;0;1
05/02/2020;01:52:00;43;sem vítima;317,6;BR-116/RJ;Pista Sul;Choque em objeto na pista;1;1;0;0;0;0;1
05/02/2020;02:27:00;48;sem vítima;311,9;BR-116/RJ;Pista Sul;Choque em objeto fixo;1;1;0;0;0;0;1
05/02/2020;03:35:00;58;sem vítima;57,35;BR-116/SP;Pista Norte;Colisão traseira;2;2;0;0;0;0;1
05/02/2020;11:26:00;380;com vítima;311;BR-116/RJ;Pista Sul;Atropelamento de pedestre atravessando;1;1;1;0;0;0;1
05/02/2020;17:52:00;634;com vítima;328,5;BR-116/RJ;Pista Sul;Abalroamento longitudinal;1;0;6;0;0;0;1
05/02/2020;20:47:00;735;sem vítima;327,1;BR-116/RJ;Pista Sul;Colisão traseira;2;2;0;0;0;0;1
06/02/2020;07:04:00;168;sem vítima;162,2;BR-116/SP;Pista Norte;Colisão traseira;1;2;0;0;0;0;1
06/02/2020;15:27:00;568;sem vítima;225,5;BR-116/RJ;Pista Norte;Choque em barreira New Jersey;1;1;0;0;0;0;1
06/02/2020;20:29:00;782;sem vítima;206;BR-116/SP;Pista Norte;Colisão traseira;1;2;0;0;0;0;1
06/02/2020;23:31:00;860;sem vítima;145,1;BR-116/SP;Pista Norte;Colisão traseira;1;2;0;0;0;0;1
06/02/2020;23:45:00;863;com vítima;262,5;BR-116/RJ;Pista Norte;Colisão traseira;1;1;0;1;0;0;2
07/02/2020;00:17:00;15;com vítima;88,6;BR-116/SP;Pista Norte;Engavetamento;4;3;0;0;0;1;3
07/02/2020;01:22:00;25;com vítima;307,6;BR-116/RJ;Pista Norte;Choque em defensa;1;0;1;0;0;0;1
07/02/2020;04:42:00;72;com vítima;224,7;BR-116/SP;Pista Sul;Choque em veículo parado na pista;1;3;0;0;1;0;2
07/02/2020;13:45:00;503;sem vítima;279,4;BR-116/RJ;Pista Norte;Choque em objeto fixo;2;2;0;0;0;0;1
07/02/2020;17:26:00;680;sem vítima;155;BR-116/SP;Pista Sul;Abalroamento longitudinal;1;2;0;0;0;0;1
07/02/2020;20:58:00;856;com vítima;165,2;BR-116/RJ;Pista Sul;Colisão traseira;1;1;2;0;0;0;1
08/02/2020;10:12:00;250;sem vítima;204,5;BR-116/SP;Pista Norte;Choque em veículo parado na pista;1;3;0;0;0;0;1
08/02/2020;11:00:00;275;sem vítima;221,1;BR-116/SP;Pista Sul;Engavetamento;1;4;0;0;0;0;1
08/02/2020;16:28:00;461;sem vítima;108;BR-116/SP;Pista Sul;Abalroamento longitudinal;2;2;0;0;0;0;1
09/02/2020;01:24:00;26;sem vítima;119,9;BR-116/SP;Pista Norte;Colisão traseira;1;2;0;0;0;0;1
09/02/2020;11:13:00;241;sem vítima;268;BR-116/RJ;Pista Sul;Colisão traseira;2;2;0;0;0;0;1
09/02/2020;12:01:00;266;com vítima;175;BR-116/RJ;Pista Sul;Abalroamento longitudinal;1;2;1;2;0;0;2
09/02/2020;12:56:00;293;com vítima;87,6;BR-116/SP;Pista Norte;Choque em objeto na pista;1;1;0;0;0;1;3
09/02/2020;14:46:00;349;sem vítima;268,75;BR-116/RJ;Pista Norte;Abalroamento longitudinal;1;3;0;0;0;0;1
09/02/2020;18:53:00;499;sem vítima;148,8;BR-116/SP;Pista Norte;Colisão traseira;2;5;0;0;0;0;1
10/02/2020;09:19:00;226;sem vítima;175;BR-116/RJ;Pista Norte;Colisão traseira;1;3;0;0;0;0;1
10/02/2020;16:27:00;497;sem vítima;305,1;BR-116/RJ;Pista Norte;Abalroamento longitudinal;1;2;0;0;0;0;1
10/02/2020;16:28:00;498;sem vítima;220,4;BR-116/RJ;Pista Norte;Choque Talude;1;1;0;0;0;0;1
10/02/2020;16:55:00;517;sem vítima;140,4;BR-116/SP;Pista Sul;Outros;1;1;0;0;0;0;1
11/02/2020;05:04:00;64;sem vítima;86,07;BR-116/SP;Pista Norte;Colisão traseira;2;2;0;0;0;0;1
11/02/2020;08:14:00;172;sem vítima;216,1;BR-116/SP;Pista Sul;Abalroamento longitudinal;1;3;0;0;0;0;1
11/02/2020;17:28:00;507;sem vítima;225,75;BR-116/RJ;Pista Norte;Choque em objeto fixo;1;1;0;0;0;0;1
11/02/2020;20:38:00;631;sem vítima;155;BR-116/SP;Pista Norte;Choque em objeto na pista;1;7;0;0;0;0;1
12/02/2020;00:21:00;14;sem vítima;212,3;BR-116/SP;Pista Sul;Colisão traseira;1;2;0;0;0;0;1
12/02/2020;00:43:00;19;com vítima;212,7;BR-116/SP;Pista Sul;Abalroamento longitudinal;2;2;1;1;0;0;2
12/02/2020;12:19:00;369;com vítima;111,9;BR-116/SP;Pista Sul;Colisão traseira;1;1;1;0;0;0;1
12/02/2020;12:24:00;372;sem vítima;218,5;BR-116/SP;Pista Sul;Abalroamento longitudinal;1;2;0;0;0;0;1
12/02/2020;14:11:00;432;sem vítima;64,75;BR-116/SP;Pista Sul;Colisão traseira;1;3;0;0;0;0;1
12/02/2020;14:46:00;461;sem vítima;232;BR-116/RJ;Pista Norte;Colisão traseira;1;3;0;0;0;0;1
13/02/2020;00:12:00;16;com vítima;167;BR-116/RJ;Pista Sul;Choque em objeto na pista;1;3;1;0;0;0;1
13/02/2020;05:50:00;99;sem vítima;226;BR-116/SP;Pista Norte;Choque em objeto na pista;1;1;0;0;0;0;1
13/02/2020;10:40:00;375;com vítima;295,6;BR-116/RJ;Pista Sul;Colisão traseira;3;2;1;0;0;0;1
13/02/2020;14:48:00;563;com vítima;249,56;BR-116/RJ;Pista Norte;Colisão traseira;1;1;0;1;1;0;2
13/02/2020;22:35:00;844;com vítima;229,8;BR-116/SP;Pista Norte;Abalroamento longitudinal;1;1;1;0;0;0;1
13/02/2020;23:46:00;868;sem vítima;118,9;BR-116/SP;Pista Norte;Abalroamento longitudinal;2;2;0;0;0;0;1
14/02/2020;02:51:00;43;sem vítima;244,5;BR-116/RJ;Pista Norte;Choque em objeto fixo;1;1;0;0;0;0;1
14/02/2020;05:27:00;66;sem vítima;275;BR-116/RJ;Pista Norte;Engavetamento;3;3;0;0;0;0;1
14/02/2020;06:03:00;77;sem vítima;275;BR-116/RJ;Pista Norte;Colisão traseira;2;2;0;0;0;0;1
14/02/2020;06:13:00;83;sem vítima;276,2;BR-116/RJ;Pista Norte;Colisão traseira;1;2;0;0;0;0;1
14/02/2020;07:12:00;128;sem vítima;165,2;BR-116/SP;Pista Norte;Choque em objeto fixo;1;1;0;0;0;0;1
14/02/2020;12:08:00;368;sem vítima;218,8;BR-116/SP;Pista Sul;Abalroamento longitudinal;1;2;0;0;0;0;1
14/02/2020;17:40:00;587;com vítima;217;BR-116/SP;Pista Sul;Colisão traseira;1;2;1;0;0;0;1
14/02/2020;17:53:00;606;sem vítima;219,08;BR-116/SP;Pista Norte;Colisão traseira;1;2;0;0;0;0;1
14/02/2020;19:09:00;662;sem vítima;227,2;BR-116/RJ;Pista Norte;Choque em objeto fixo;1;1;0;0;0;0;1
14/02/2020;23:40:00;804;sem vítima;176,6;BR-116/RJ;Pista Sul;Abalroamento longitudinal;1;3;0;0;0;0;1
15/02/2020;01:21:00;42;sem vítima;122;BR-116/SP;Pista Norte;Colisão traseira;2;2;0;0;0;0;1
15/02/2020;07:13:00;142;com vítima;197,4;BR-116/SP;Pista Sul;Abalroamento longitudinal;2;2;1;0;0;0;1
16/02/2020;11:19:00;249;sem vítima;182,3;BR-116/SP;Pista Norte;Colisão traseira;1;2;0;0;0;0;1
16/02/2020;17:28:00;445;sem vítima;235,8;BR-116/RJ;Pista Sul;Choque em barreira New Jersey;3;4;0;0;0;0;1
16/02/2020;18:53:00;519;sem vítima;207,1;BR-116/RJ;Pista Norte;Choque em barreira New Jersey;1;1;0;0;0;0;1
16/02/2020;21:30:00;619;sem vítima;156,7;BR-116/SP;Pista Norte;Abalroamento longitudinal;1;3;0;0;0;0;1
16/02/2020;22:13:00;633;com vítima;179,8;BR-116/SP;Pista Norte;Colisão traseira;1;0;3;0;0;0;1
17/02/2020;07:00:00;144;sem vítima;155,3;BR-116/SP;Pista Norte;Colisão traseira;1;3;0;0;0;0;1
17/02/2020;15:19:00;552;com vítima;195,2;BR-116/SP;Pista Sul;Colisão traseira;2;1;1;0;0;0;1
17/02/2020;15:54:00;579;com vítima;279;BR-116/RJ;Pista Sul;Engavetamento;1;2;1;0;0;0;1
17/02/2020;16:42:00;622;sem vítima;226;BR-116/SP;Pista Sul;Engavetamento;1;45;0;0;0;0;1
17/02/2020;18:44:00;736;sem vítima;307,85;BR-116/RJ;Pista Sul;Choque em barreira New Jersey;1;2;0;0;0;0;1
17/02/2020;19:28:00;780;com vítima;304;BR-116/RJ;Pista Sul;Colisão traseira;2;1;0;0;1;0;2
17/02/2020;23:18:00;886;sem vítima;112,8;BR-116/SP;Pista Norte;Choque em objeto na pista;1;2;0;0;0;0;1
18/02/2020;00:21:00;24;sem vítima;139;BR-116/SP;Pista Norte;Choque em objeto na pista;1;2;0;0;0;0;1
18/02/2020;01:59:00;41;sem vítima;190,67;BR-116/SP;Pista Sul;Choque em defensa;1;1;0;0;0;0;1
18/02/2020;07:00:00;140;sem vítima;277,15;BR-116/RJ;Pista Sul;Abalroamento longitudinal;1;2;0;0;0;0;1
18/02/2020;12:03:00;413;sem vítima;24;BR-116/SP;Pista Norte;Abalroamento longitudinal;1;3;0;0;0;0;1
18/02/2020;12:47:00;451;com vítima;222;BR-116/RJ;Pista Norte;Tombamento;1;0;1;0;0;0;1
18/02/2020;13:44:00;503;sem vítima;226;BR-116/SP;Pista Norte;Colisão traseira;1;2;0;0;0;0;1
18/02/2020;14:56:00;552;com vítima;167,3;BR-116/SP;Pista Sul;Colisão traseira;1;1;1;0;0;0;1
18/02/2020;18:20:00;725;sem vítima;51,2;BR-116/SP;Pista Sul;Choque em defensa;1;1;0;0;0;0;1
18/02/2020;18:37:00;744;com vítima;50,95;BR-116/SP;Pista Sul;Colisão traseira;1;1;0;1;0;0;2
18/02/2020;19:40:00;787;sem vítima;221,1;BR-116/RJ;Pista Norte;Abalroamento longitudinal;1;4;0;0;0;0;1
19/02/2020;05:32:00;85;com vítima;65,75;BR-116/SP;Pista Norte;Tombamento;1;0;1;0;0;0;1
19/02/2020;07:56:00;183;sem vítima;307;BR-116/RJ;Pista Norte;Colisão traseira;2;2;0;0;0;0;1
19/02/2020;09:17:00;266;sem vítima;221,5;BR-116/SP;Pista Sul;Abalroamento longitudinal;2;2;0;0;0;0;1
19/02/2020;10:06:00;310;sem vítima;146,4;BR-116/SP;Pista Sul;Abalroamento longitudinal;1;3;0;0;0;0;1
19/02/2020;11:43:00;387;com vítima;97,7;BR-116/SP;Pista Norte;Colisão traseira;1;1;0;1;0;0;2
19/02/2020;12:13:00;409;sem vítima;132,8;BR-116/SP;Pista Norte;Abalroamento longitudinal;1;2;0;0;0;0;1
19/02/2020;12:34:00;420;sem vítima;220,3;BR-116/RJ;Pista Sul;Choque em barreira New Jersey;1;1;0;0;0;0;1
19/02/2020;15:53:00;538;com vítima;284,7;BR-116/RJ;Pista Sul;Choque em defensa;1;0;1;0;0;0;1
19/02/2020;15:55:00;539;com vítima;216,3;BR-116/SP;Pista Norte;Queda de moto;1;1;0;1;0;0;2
19/02/2020;19:02:00;680;com vítima;168,3;BR-116/RJ;Pista Sul;Colisão traseira;1;1;0;1;0;0;2
20/02/2020;05:55:00;86;sem vítima;255;BR-116/RJ;Pista Norte;Choque em barreira New Jersey;1;1;0;0;0;0;1
20/02/2020;06:14:00;94;com vítima;222,1;BR-116/RJ;Pista Norte;Tombamento;1;0;1;0;0;0;1
20/02/2020;06:31:00;107;sem vítima;264,8;BR-116/RJ;Pista Norte;Colisão traseira;1;2;0;0;0;0;1
20/02/2020;10:58:00;330;sem vítima;236,8;BR-116/RJ;Pista Norte;Choque em objeto fixo;1;1;0;0;0;0;1
20/02/2020;11:20:00;344;com vítima;253,2;BR-116/RJ;Pista Norte;Choque em objeto fixo;1;0;1;0;0;0;1
20/02/2020;13:07:00;413;sem vítima;107;BR-116/SP;Pista Norte;Engavetamento;2;3;0;0;0;0;1
20/02/2020;14:17:00;465;sem vítima;228,5;BR-116/SP;Pista Norte;Choque em defensa;1;1;0;0;0;0;1
20/02/2020;14:53:00;490;sem vítima;211,9;BR-116/SP;Pista Sul;Colisão traseira;2;2;0;0;0;0;1
20/02/2020;16:00:00;532;sem vítima;229,2;BR-116/SP;Pista Sul;Abalroamento longitudinal;1;2;0;0;0;0;1
20/02/2020;16:45:00;555;sem vítima;250;BR-116/RJ;Pista Norte;Choque em objeto fixo;1;1;0;0;0;0;1
20/02/2020;19:18:00;661;com vítima;228,9;BR-116/RJ;Pista Norte;Engavetamento;3;4;2;0;0;0;1
21/02/2020;01:09:00;40;com vítima;319,9;BR-116/RJ;Pista Sul;Colisão traseira;2;1;1;0;0;0;1
21/02/2020;08:17:00;210;sem vítima;234,55;BR-116/RJ;Pista Norte;Colisão traseira;1;2;0;0;0;0;1
21/02/2020;11:51:00;391;sem vítima;219,1;BR-116/RJ;Pista Sul;Abalroamento longitudinal;1;2;0;0;0;0;1
21/02/2020;14:49:00;504;com vítima;170,4;BR-116/RJ;Pista Sul;Colisão traseira;1;1;1;0;0;0;1
21/02/2020;15:20:00;522;com vítima;43;BR-116/SP;Pista Sul;Colisão traseira;1;1;2;0;0;0;1
22/02/2020;00:50:00;29;sem vítima;158;BR-116/SP;Pista Sul;Tombamento;1;1;0;0;0;0;1
22/02/2020;02:39:00;54;sem vítima;188,7;BR-116/RJ;Pista Norte;Choque em defensa;1;1;0;0;0;0;1
22/02/2020;04:00:00;81;sem vítima;207,1;BR-116/RJ;Pista Norte;Engavetamento;1;8;0;0;0;0;1
22/02/2020;05:02:00;91;sem vítima;186,6;BR-116/RJ;Pista Norte;Abalroamento longitudinal;1;3;0;0;0;0;1
22/02/2020;07:08:00;149;com vítima;261,3;BR-116/RJ;Pista Sul;Abalroamento longitudinal;1;1;1;0;0;0;1
22/02/2020;10:18:00;309;sem vítima;191,55;BR-116/SP;Pista Norte;Abalroamento longitudinal;1;5;0;0;0;0;1
26/02/2020;00:42:00;34;sem vítima;142,9;BR-116/SP;Pista Sul;Choque em objeto na pista;1;1;0;0;0;0;1
22/02/2020;16:15:00;509;sem vítima;219,9;BR-116/SP;Pista Norte;Engavetamento;2;5;0;0;0;0;1
22/02/2020;16:24:00;518;sem vítima;318,9;BR-116/RJ;Pista Norte;Abalroamento longitudinal;1;3;0;0;0;0;1
23/02/2020;05:06:00;66;sem vítima;307,56;BR-116/RJ;Pista Sul;Choque em defensa;1;1;0;0;0;0;1
23/02/2020;06:30:00;85;com vítima;240,75;BR-116/RJ;Pista Norte;Choque Talude;1;0;1;0;0;0;1
23/02/2020;17:05:00;342;sem vítima;225,6;BR-116/SP;Pista Norte;Abalroamento longitudinal;1;6;0;0;0;0;1
24/02/2020;07:55:00;122;com vítima;151,3;BR-116/SP;Pista Norte;Colisão traseira;1;6;1;0;0;0;1
24/02/2020;15:40:00;376;sem vítima;224,2;BR-116/SP;Pista Sul;Abalroamento longitudinal;1;2;0;0;0;0;1
25/02/2020;03:02:00;47;sem vítima;176;BR-116/SP;Pista Norte;Atropelamento de animal;1;1;0;0;0;0;1
25/02/2020;04:48:00;61;sem vítima;127,4;BR-116/SP;Pista Sul;Abalroamento longitudinal;1;3;0;0;0;0;1
25/02/2020;19:04:00;425;com vítima;42;BR-116/SP;Pista Sul;Colisão traseira;1;4;1;0;0;0;1