data;horario;n_da_ocorrencia;tipo_de_ocorrencia;km;trecho;sentido;tipo_de_acidente;caminhao;ilesos;levemente_feridos;moderadamente_feridos;gravemente_feridos;mortos;3
25/02/2020;20:26:00;473;com vítima;122,9;BR-116/SP;Pista Norte;Engavetamento;3;22;1;0;0;0;1
26/02/2020;12:41:00;361;sem vítima;191,82;BR-116/SP;Pista Sul;Choque em defensa;1;2;0;0;0;0;1
26/02/2020;14:33:00;444;sem vítima;17;BR-116/SP;Pista Sul;Choque em veículo parado na pista;1;2;0;0;0;0;1
26/02/2020;17:35:00;546;com vítima;56;BR-116/SP;Pista Norte;Colisão traseira;1;1;1;0;0;0;1
26/02/2020;18:07:00;581;sem vítima;207;BR-116/SP;Pista Sul;Engavetamento;1;13;0;0;0;0;1
26/02/2020;18:40:00;611;sem vítima;106;BR-116/SP;Pista Sul;Colisão traseira;1;2;0;0;0;0;1
26/02/2020;22:33:00;715;sem vítima;157,9;BR-116/SP;Pista Sul;Choque em barreira New Jersey;1;1;0;0;0;0;1
27/02/2020;05:35:00;72;sem vítima;92,2;BR-116/SP;Pista Sul;Choque em objeto fixo;1;1;0;0;0;0;1
27/02/2020;07:10:00;130;sem vítima;262,2;BR-116/RJ;Pista Sul;Abalroamento longitudinal;1;2;0;0;0;0;1
27/02/2020;07:57:00;173;sem vítima;248,2;BR-116/RJ;Pista Sul;Choque em barreira New Jersey;1;1;0;0;0;0;1
27/02/2020;08:33:00;217;sem vítima;248,2;BR-116/RJ;Pista Sul;Tombamento;1;3;0;0;0;0;1
27/02/2020;08:52:00;230;sem vítima;248,2;BR-116/RJ;Pista Sul;Colisão traseira;1;3;0;0;0;0;1
27/02/2020;17:05:00;524;sem vítima;285,4;BR-116/RJ;Pista Norte;Choque em objeto fixo;1;1;0;0;0;0;1
27/02/2020;22:25:00;702;sem vítima;84,99;BR-116/SP;Pista Sul;Choque em objeto fixo;1;1;0;0;0;0;1
27/02/2020;23:04:00;716;sem vítima;133,47;BR-116/SP;Pista Norte;Choque em objeto fixo;1;1;0;0;0;0;1
28/02/2020;11:20:00;347;sem vítima;159,2;BR-116/SP;Pista Sul;Colisão traseira;2;2;0;0;0;0;1
28/02/2020;11:45:00;363;sem vítima;166,18;BR-116/SP;Pista Norte;Choque em barreira New Jersey;1;2;0;0;0;0;1
28/02/2020;16:55:00;521;sem vítima;59,9;BR-116/SP;Pista Norte;Choque em objeto na pista;1;8;0;0;0;0;1
28/02/2020;17:35:00;546;sem vítima;299;BR-116/RJ;Pista Sul;Choque em objeto fixo;1;1;0;0;0;0;1
28/02/2020;22:36:00;709;sem vítima;66,1;BR-116/SP;Pista Norte;Choque em objeto fixo;1;1;0;0;0;0;1
29/02/2020;02:33:00;56;com vítima;292,4;BR-116/RJ;Pista Norte;Colisão traseira;3;5;1;0;0;0;1
29/02/2020;07:35:00;156;sem vítima;165,2;BR-116/SP;Pista Sul;Abalroamento longitudinal;1;3;0;0;0;0;1
29/02/2020;07:49:00;164;sem vítima;158,3;BR-116/SP;Pista Norte;Abalroamento longitudinal;1;4;0;0;0;0;1
29/02/2020;21:23:00;515;sem vítima;275;BR-116/RJ;Pista Sul;Colisão traseira;1;2;0;0;0;0;1
29/02/2020;22:47:00;545;sem vítima;274,4;BR-116/RJ;Pista Norte;Colisão traseira;1;2;0;0;0;0;1
01/03/2020;09:17:00;179;sem vítima;5,7;BR-116/SP;Pista Sul;Choque em objeto fixo;1;1;0;0;0;0;1
01/03/2020;11:57:00;238;sem vítima;220,5;BR-116/RJ;Pista Sul;Choque em defensa;1;1;0;0;0;0;1
01/03/2020;23:40:00;528;sem vítima;35,2;BR-116/SP;Pista Sul;Colisão traseira;1;2;0;0;0;0;1
02/03/2020;04:26:00;67;sem vítima;23,4;BR-116/SP;Pista Norte;Colisão traseira;2;2;0;0;0;0;1
02/03/2020;06:15:00;110;sem vítima;165,3;BR-116/RJ;Pista Norte;Colisão traseira;1;2;0;0;0;0;1
02/03/2020;07:30:00;168;sem vítima;36,3;BR-116/SP;Pista Norte;Choque em veículo parado na pista;1;4;0;0;0;0;1
02/03/2020;12:28:00;390;sem vítima;169,3;BR-116/SP;Pista Norte;Tombamento;1;1;0;0;0;0;1
02/03/2020;19:32:00;648;com vítima;270;BR-116/RJ;Pista Sul;Colisão traseira;2;1;1;0;0;0;1
03/03/2020;02:48:00;45;sem vítima;228,3;BR-116/SP;Pista Norte;Choque em veículo parado na pista;1;2;0;0;0;0;1
03/03/2020;10:00:00;305;sem vítima;212;BR-116/RJ;Pista Sul;Outros;1;1;0;0;0;0;1
03/03/2020;11:10:00;354;sem vítima;219;BR-116/SP;Pista Norte;Abalroamento longitudinal;1;2;0;0;0;0;1
03/03/2020;12:03:00;394;com vítima;12;BR-116/SP;Pista Sul;Colisão traseira;1;2;1;0;0;0;1
03/03/2020;13:52:00;449;com vítima;186,9;BR-116/SP;Pista Norte;Colisão traseira;2;1;1;0;0;0;1
03/03/2020;14:28:00;473;com vítima;164,9;BR-116/RJ;Pista Sul;Colisão traseira;1;2;1;0;0;0;1
03/03/2020;15:05:00;498;sem vítima;87,4;BR-116/SP;Pista Sul;Abalroamento longitudinal;2;4;0;0;0;0;1
03/03/2020;15:47:00;522;com vítima;164,3;BR-116/RJ;Pista Norte;Abalroamento longitudinal;1;1;1;0;0;0;1
03/03/2020;21:31:00;740;sem vítima;241,5;BR-116/RJ;Pista Sul;Engavetamento;1;3;0;0;0;0;1
03/03/2020;23:21:00;791;sem vítima;141,8;BR-116/SP;Pista Sul;Engavetamento;1;7;0;0;0;0;1
04/03/2020;05:44:00;82;sem vítima;211,75;BR-116/RJ;Pista Norte;Choque em objeto fixo;1;1;0;0;0;0;1
04/03/2020;15:07:00;507;com vítima;185,6;BR-116/RJ;Pista Sul;Engavetamento;2;3;1;0;0;0;1
04/03/2020;18:40:00;656;sem vítima;133,9;BR-116/SP;Pista Sul;Engavetamento;2;4;0;0;0;0;1
04/03/2020;19:32:00;684;com vítima;104,1;BR-116/SP;Pista Sul;Colisão traseira;1;1;1;0;0;0;1
04/03/2020;20:14:00;708;sem vítima;127,6;BR-116/SP;Pista Sul;Colisão traseira;1;2;0;0;0;0;1
05/03/2020;02:00:00;53;sem vítima;174;BR-116/SP;Pista Sul;Colisão traseira;1;2;0;0;0;0;1
05/03/2020;08:06:00;227;sem vítima;153,84;BR-116/SP;Pista Sul;Colisão traseira;1;2;0;0;0;0;1
05/03/2020;12:34:00;424;sem vítima;165,2;BR-116/SP;Pista Sul;Abalroamento longitudinal;1;4;0;0;0;0;1
05/03/2020;14:58:00;518;sem vítima;275,8;BR-116/RJ;Pista Sul;Abalroamento longitudinal;1;6;0;0;0;0;1
05/03/2020;15:24:00;535;sem vítima;73,8;BR-116/SP;Pista Norte;Choque em defensa;1;1;0;0;0;0;1
05/03/2020;15:56:00;554;sem vítima;71,6;BR-116/SP;Pista Sul;Abalroamento longitudinal;1;2;0;0;0;0;1
05/03/2020;16:58:00;587;sem vítima;70,4;BR-116/SP;Pista Sul;Outros;1;1;0;0;0;0;1
06/03/2020;00:11:00;25;com vítima;217,4;BR-116/RJ;Pista Norte;Colisão traseira;1;1;2;0;0;0;1
06/03/2020;05:36:00;116;com vítima;180,5;BR-116/RJ;Pista Norte;Abalroamento longitudinal;1;2;2;1;0;0;2
06/03/2020;05:41:00;117;com vítima;89,55;BR-116/SP;Pista Sul;Atropelamento de pedestre caminhando;1;1;0;0;0;1;3
06/03/2020;07:07:00;166;sem vítima;146,95;BR-116/SP;Pista Norte;Engavetamento;2;4;0;0;0;0;1
06/03/2020;10:52:00;328;sem vítima;136,7;BR-116/SP;Pista Sul;Choque em objeto fixo;1;1;0;0;0;0;1
06/03/2020;13:17:00;416;sem vítima;269,95;BR-116/RJ;Pista Sul;Colisão traseira;1;2;0;0;0;0;1
06/03/2020;17:45:00;577;com vítima;175,4;BR-116/RJ;Pista Sul;Queda de moto;1;1;0;0;1;0;2
06/03/2020;17:59:00;590;sem vítima;228,2;BR-116/SP;Pista Norte;Engavetamento;1;4;0;0;0;0;1
07/03/2020;00:28:00;30;sem vítima;279,5;BR-116/RJ;Pista Norte;Colisão traseira;1;5;0;0;0;0;1
07/03/2020;05:28:00;86;sem vítima;153,55;BR-116/SP;Pista Sul;Colisão traseira;1;2;0;0;0;0;1
07/03/2020;05:42:00;93;sem vítima;147,3;BR-116/SP;Pista Sul;Colisão traseira;1;3;0;0;0;0;1
07/03/2020;19:29:00;562;sem vítima;33,5;BR-116/SP;Pista Norte;Choque em barreira New Jersey;1;1;0;0;0;0;1
07/03/2020;20:01:00;576;sem vítima;179;BR-116/RJ;Pista Norte;Colisão traseira;1;2;0;0;0;0;1
08/03/2020;06:31:00;94;sem vítima;277,9;BR-116/RJ;Pista Norte;Colisão traseira;1;3;0;0;0;0;1
08/03/2020;18:32:00;391;sem vítima;207,15;BR-116/RJ;Pista Norte;Abalroamento longitudinal;1;2;0;0;0;0;1
09/03/2020;00:32:00;30;sem vítima;145,7;BR-116/SP;Pista Norte;Abalroamento longitudinal;1;4;0;0;0;0;1
09/03/2020;12:34:00;390;sem vítima;166,9;BR-116/RJ;Pista Sul;Engavetamento;1;3;0;0;0;0;1
09/03/2020;17:47:00;603;sem vítima;136,7;BR-116/SP;Pista Sul;Colisão traseira;1;2;0;0;0;0;1
10/03/2020;02:55:00;66;com vítima;218;BR-116/SP;Pista Norte;Colisão traseira;2;1;1;0;0;0;1
10/03/2020;05:07:00;89;sem vítima;26;BR-116/SP;Pista Norte;Abalroamento longitudinal;1;2;0;0;0;0;1
10/03/2020;08:01:00;205;com vítima;176,6;BR-116/RJ;Pista Norte;Engavetamento;1;3;2;1;0;0;2
10/03/2020;09:45:00;291;sem vítima;174,7;BR-116/RJ;Pista Sul;Colisão traseira;1;2;0;0;0;0;1
10/03/2020;12:18:00;407;com vítima;231;BR-116/SP;Pista Sul;Colisão traseira;2;3;1;0;0;0;1
10/03/2020;13:20:00;436;com vítima;219,8;BR-116/SP;Pista Norte;Abalroamento longitudinal;1;3;1;0;0;0;1
10/03/2020;15:43:00;530;sem vítima;220;BR-116/RJ;Pista Norte;Abalroamento longitudinal;1;1;0;0;0;0;1
10/03/2020;16:33:00;566;sem vítima;146,9;BR-116/SP;Pista Sul;Abalroamento longitudinal;1;3;0;0;0;0;1
10/03/2020;19:44:00;693;com vítima;308,2;BR-116/RJ;Pista Sul;Abalroamento longitudinal;1;1;0;1;0;0;2
11/03/2020;02:22:00;68;com vítima;26,7;BR-116/SP;Pista Norte;Colisão traseira;1;1;0;1;0;0;2
11/03/2020;07:21:00;190;sem vítima;145,9;BR-116/SP;Pista Norte;Abalroamento longitudinal;1;3;0;0;0;0;1
11/03/2020;16:30:00;631;sem vítima;226,5;BR-116/RJ;Pista Norte;Choque em objeto fixo;1;1;0;0;0;0;1
11/03/2020;17:15:00;672;sem vítima;114,95;BR-116/SP;Pista Norte;Abalroamento transversal;1;2;0;0;0;0;1
11/03/2020;17:25:00;683;sem vítima;160,9;BR-116/SP;Pista Norte;Tombamento;1;1;0;0;0;0;1
12/03/2020;00:25:00;30;sem vítima;166,2;BR-116/SP;Pista Norte;Tombamento;1;1;0;0;0;0;1
12/03/2020;03:21:00;52;com vítima;303,3;BR-116/RJ;Pista Sul;Colisão traseira;1;1;1;0;0;0;1
12/03/2020;09:42:00;285;sem vítima;225,5;BR-116/RJ;Pista Norte;Choque em objeto fixo;1;1;0;0;0;0;1
12/03/2020;14:08:00;449;com vítima;185,1;BR-116/RJ;Pista Norte;Colisão traseira;1;1;2;0;0;0;1
12/03/2020;15:24:00;486;sem vítima;291,1;BR-116/RJ;Pista Norte;Choque em barreira New Jersey;1;4;0;0;0;0;1
12/03/2020;17:48:00;597;sem vítima;65;BR-116/SP;Pista Sul;Colisão traseira;1;2;0;0;0;0;1
12/03/2020;18:30:00;639;sem vítima;223,5;BR-116/SP;Pista Norte;Colisão traseira;1;2;0;0;0;0;1
13/03/2020;05:50:00;79;sem vítima;207;BR-116/RJ;Pista Norte;Engavetamento;2;3;0;0;0;0;1
13/03/2020;09:12:00;255;sem vítima;158,5;BR-116/SP;Pista Sul;Colisão traseira;3;3;0;0;0;0;1
13/03/2020;22:46:00;795;sem vítima;90,5;BR-116/SP;Pista Norte;Atropelamento de animal;1;1;0;0;0;0;1
14/03/2020;07:01:00;156;sem vítima;154;BR-116/SP;Pista Norte;Colisão traseira;1;2;0;0;0;0;1
14/03/2020;08:42:00;218;sem vítima;131,2;BR-116/SP;Pista Norte;Choque em defensa;1;1;0;0;0;0;1
14/03/2020;13:13:00;375;sem vítima;176,6;BR-116/RJ;Pista Sul;Abalroamento longitudinal;1;3;0;0;0;0;1
14/03/2020;21:14:00;641;sem vítima;230,2;BR-116/SP;Pista Norte;Engavetamento;1;4;0;0;0;0;1
15/03/2020;20:30:00;491;sem vítima;210;BR-116/SP;Pista Sul;Abalroamento longitudinal;1;4;0;0;0;0;1
15/03/2020;21:11:00;503;sem vítima;191;BR-116/SP;Pista Norte;Choque em objeto na pista;1;1;0;0;0;0;1
16/03/2020;02:07:00;45;sem vítima;88,4;BR-116/SP;Pista Norte;Choque em barreira New Jersey;1;1;0;0;0;0;1
16/03/2020;06:18:00;117;sem vítima;226,7;BR-116/SP;Pista Norte;Tombamento;1;1;0;0;0;0;1
16/03/2020;07:03:00;154;sem vítima;209,8;BR-116/SP;Pista Sul;Colisão traseira;2;3;0;0;0;0;1
16/03/2020;09:21:00;297;sem vítima;276,7;BR-116/RJ;Pista Sul;Abalroamento longitudinal;2;2;0;0;0;0;1
16/03/2020;17:23:00;578;sem vítima;213,5;BR-116/SP;Pista Norte;Colisão traseira;1;3;0;0;0;0;1
16/03/2020;17:50:00;597;sem vítima;144,2;BR-116/SP;Pista Norte;Engavetamento;2;3;0;0;0;0;1
16/03/2020;19:28:00;662;sem vítima;230,8;BR-116/SP;Pista Norte;Engavetamento;1;6;0;0;0;0;1
17/03/2020;05:14:00;65;sem vítima;163;BR-116/RJ;Pista Norte;Engavetamento;1;4;0;0;0;0;1
17/03/2020;06:55:00;138;sem vítima;279;BR-116/RJ;Pista Norte;Choque em objeto na pista;1;1;0;0;0;0;1
17/03/2020;08:15:00;225;sem vítima;216,7;BR-116/SP;Pista Norte;Engavetamento;1;4;0;0;0;0;1
17/03/2020;10:44:00;346;com vítima;227;BR-116/SP;Pista Norte;Tombamento;1;0;1;0;0;0;1
17/03/2020;10:45:00;347;com vítima;218,2;BR-116/SP;Pista Norte;Colisão traseira;1;1;1;0;0;0;1
17/03/2020;12:50:00;409;sem vítima;223,5;BR-116/RJ;Pista Norte;Colisão traseira;1;2;0;0;0;0;1
17/03/2020;16:14:00;495;com vítima;167,3;BR-116/RJ;Pista Sul;Colisão traseira;1;2;2;0;0;0;1
18/03/2020;02:44:00;45;sem vítima;198,2;BR-116/RJ;Pista Sul;Atropelamento de animal;1;2;0;0;0;0;1
18/03/2020;04:59:00;61;com vítima;241;BR-116/RJ;Pista Norte;Colisão traseira;2;0;1;0;0;1;3
18/03/2020;14:13:00;390;sem vítima;165,2;BR-116/SP;Pista Sul;Colisão traseira;1;3;0;0;0;0;1
18/03/2020;18:54:00;571;sem vítima;167,8;BR-116/SP;Pista Norte;Choque em objeto na pista;2;3;0;0;0;0;1
18/03/2020;19:51:00;601;sem vítima;120,1;BR-116/SP;Pista Norte;Choque em objeto na pista;1;1;0;0;0;0;1
19/03/2020;07:27:00;137;com vítima;210;BR-116/SP;Pista Sul;Abalroamento longitudinal;1;1;1;0;0;0;1
19/03/2020;13:38:00;386;sem vítima;211,5;BR-116/SP;Pista Sul;Abalroamento longitudinal;1;2;0;0;0;0;1
19/03/2020;14:51:00;424;sem vítima;247;BR-116/RJ;Pista Sul;Colisão traseira;1;2;0;0;0;0;1
19/03/2020;14:52:00;425;sem vítima;182,3;BR-116/SP;Pista Norte;Engavetamento;3;3;0;0;0;0;1
20/03/2020;00:46:00;30;sem vítima;70,1;BR-116/SP;Pista Norte;Tombamento;1;1;0;0;0;0;1
20/03/2020;07:51:00;191;com vítima;217,6;BR-116/SP;Pista Norte;Engavetamento;1;3;0;1;0;0;2
20/03/2020;08:04:00;205;sem vítima;286;BR-116/RJ;Pista Norte;Colisão traseira;1;2;0;0;0;0;1
20/03/2020;10:43:00;340;sem vítima;156,4;BR-116/SP;Pista Norte;Abalroamento longitudinal;1;3;0;0;0;0;1
20/03/2020;12:55:00;405;sem vítima;165,2;BR-116/SP;Pista Sul;Outros;1;1;0;0;0;0;1
20/03/2020;15:08:00;474;sem vítima;222,6;BR-116/SP;Pista Sul;Colisão traseira;1;2;0;0;0;0;1
20/03/2020;15:12:00;476;sem vítima;55,9;BR-116/SP;Pista Sul;Colisão traseira;2;2;0;0;0;0;1
20/03/2020;15:23:00;482;com vítima;56,2;BR-116/SP;Pista Sul;Colisão traseira;1;4;0;1;1;1;3
20/03/2020;15:28:00;483;sem vítima;222,5;BR-116/SP;Pista Sul;Colisão traseira;1;2;0;0;0;0;1
20/03/2020;18:15:00;579;sem vítima;196,3;BR-116/SP;Pista Norte;Abalroamento longitudinal;1;2;0;0;0;0;1
20/03/2020;18:27:00;585;sem vítima;185,5;BR-116/RJ;Pista Sul;Abalroamento longitudinal;1;2;0;0;0;0;1
20/03/2020;19:16:00;614;sem vítima;200,1;BR-116/RJ;Pista Sul;Abalroamento longitudinal;1;2;0;0;0;0;1
21/03/2020;12:18:00;219;com vítima;181,2;BR-116/RJ;Pista Sul;Abalroamento longitudinal;1;5;1;0;0;0;1
21/03/2020;21:15:00;432;sem vítima;189,8;BR-116/SP;Pista Norte;Atropelamento de animal;1;2;0;0;0;0;1
22/03/2020;22:26:00;341;sem vítima;19,8;BR-116/SP;Pista Sul;Choque em objeto fixo;1;1;0;0;0;0;1
23/03/2020;04:29:00;39;sem vítima;194,3;BR-116/RJ;Pista Sul;Tombamento;1;1;0;0;0;0;1
23/03/2020;05:04:00;41;sem vítima;222,35;BR-116/SP;Pista Sul;Abalroamento longitudinal;1;2;0;0;0;0;1
23/03/2020;07:25:00;116;sem vítima;223,6;BR-116/RJ;Pista Norte;Choque em barreira New Jersey;1;1;0;0;0;0;1
23/03/2020;15:41:00;344;sem vítima;242,8;BR-116/RJ;Pista Sul;Colisão traseira;2;2;0;0;0;0;1
23/03/2020;22:01:00;505;com vítima;34;BR-116/SP;Pista Sul;Colisão traseira;1;1;0;1;0;0;2
24/03/2020;07:11:00;119;sem vítima;174,9;BR-116/RJ;Pista Sul;Abalroamento longitudinal;2;2;0;0;0;0;1
24/03/2020;07:43:00;133;com vítima;222,5;BR-116/RJ;Pista Norte;Tombamento;1;0;1;0;0;0;1
24/03/2020;15:21:00;303;sem vítima;156,3;BR-116/SP;Pista Sul;Colisão traseira;1;2;0;0;0;0;1
24/03/2020;16:35:00;332;sem vítima;228,4;BR-116/SP;Pista Norte;Colisão traseira;1;2;0;0;0;0;1
24/03/2020;18:17:00;392;com vítima;170,9;BR-116/RJ;Pista Sul;Choque em barreira New Jersey;1;1;1;0;0;0;1
25/03/2020;05:40:00;79;com vítima;39,7;BR-116/SP;Pista Norte;Capotamento;1;0;1;0;0;0;1
25/03/2020;14:37:00;342;sem vítima;207,2;BR-116/SP;Pista Norte;Abalroamento longitudinal;1;2;0;0;0;0;1
25/03/2020;15:00:00;352;com vítima;269;BR-116/RJ;Pista Norte;Colisão traseira;1;1;1;0;0;0;1
25/03/2020;17:31:00;393;sem vítima;272;BR-116/RJ;Pista Norte;Choque em objeto na pista;1;2;0;0;0;0;1
25/03/2020;22:21:00;489;sem vítima;222,7;BR-116/RJ;Pista Norte;Choque Talude;1;1;0;0;0;0;1
26/03/2020;01:20:00;24;com vítima;223,75;BR-116/RJ;Pista Norte;Tombamento;1;0;1;0;0;0;1
26/03/2020;17:02:00;346;sem vítima;227,85;BR-116/RJ;Pista Norte;Colisão traseira;1;3;0;0;0;0;1
27/03/2020;01:36:00;22;com vítima;206,3;BR-116/SP;Pista Norte;Colisão traseira;1;1;1;0;0;0;1
27/03/2020;03:04:00;34;com vítima;213,6;BR-116/SP;Pista Sul;Colisão traseira;2;1;1;0;0;0;1
27/03/2020;06:02:00;55;com vítima;284,5;BR-116/RJ;Pista Norte;Choque em barreira New Jersey;1;0;1;0;0;0;1
27/03/2020;13:27:00;254;sem vítima;219,5;BR-116/SP;Pista Sul;Colisão traseira;1;4;0;0;0;0;1
27/03/2020;13:30:00;256;sem vítima;92,3;BR-116/SP;Pista Norte;Colisão traseira;1;3;0;0;0;0;1
28/03/2020;23:08:00;393;com vítima;269,3;BR-116/RJ;Pista Sul;Colisão traseira;1;1;2;0;0;0;1
29/03/2020;21:36:00;261;sem vítima;145;BR-116/SP;Pista Norte;Abalroamento longitudinal;1;2;0;0;0;0;1
30/03/2020;07:08:00;105;com vítima;213,3;BR-116/SP;Pista Sul;Engavetamento;1;3;0;1;0;0;2
30/03/2020;14:24:00;341;sem vítima;274;BR-116/RJ;Pista Norte;Colisão traseira;2;3;0;0;0;0;1
30/03/2020;21:59:00;521;sem vítima;283,7;BR-116/RJ;Pista Sul;Tombamento;1;1;0;0;0;0;1
30/03/2020;22:34:00;526;sem vítima;316,8;BR-116/RJ;Pista Sul;Colisão traseira;1;2;0;0;0;0;1
31/03/2020;13:41:00;311;sem vítima;171,4;BR-116/SP;Pista Sul;Queda de ribanceira;1;1;0;0;0;0;1
31/03/2020;13:53:00;317;com vítima;227,3;BR-116/SP;Pista Sul;Choque em defensa;1;0;2;0;0;0;1
31/03/2020;16:26:00;373;sem vítima;204,5;BR-116/SP;Pista Norte;Colisão traseira;1;2;0;0;0;0;1
01/04/2020;17:56:00;417;sem vítima;165,9;BR-116/RJ;Pista Sul;Choque em objeto fixo;1;1;0;0;0;0;1
01/04/2020;19:34:00;462;sem vítima;213,65;BR-116/SP;Pista Sul;Abalroamento longitudinal;1;3;0;0;0;0;1
02/04/2020;01:21:00;34;sem vítima;173,7;BR-116/SP;Pista Norte;Tombamento;1;1;0;0;0;0;1
02/04/2020;18:06:00;408;sem vítima;223,8;BR-116/RJ;Pista Norte;Choque em objeto fixo;1;1;0;0;0;0;1
03/04/2020;00:06:00;19;sem vítima;89,8;BR-116/SP;Pista Norte;Colisão traseira;2;2;0;0;0;0;1
03/04/2020;04:29:00;61;sem vítima;177,8;BR-116/RJ;Pista Norte;Colisão traseira;1;3;0;0;0;0;1
03/04/2020;06:30:00;92;sem vítima;249,1;BR-116/RJ;Pista Norte;Abalroamento longitudinal;1;2;0;0;0;0;1
03/04/2020;07:03:00;109;sem vítima;246,4;BR-116/RJ;Pista Sul;Tombamento;2;2;0;0;0;0;1
03/04/2020;08:51:00;195;sem vítima;225,7;BR-116/SP;Pista Sul;Engavetamento;3;4;0;0;0;0;1
03/04/2020;15:53:00;395;sem vítima;168,1;BR-116/SP;Pista Sul;Choque em barreira New Jersey;1;1;0;0;0;0;1
03/04/2020;16:55:00;424;sem vítima;166,2;BR-116/RJ;Pista Sul;Colisão traseira;1;2;0;0;0;0;1
04/04/2020;06:18:00;66;com vítima;224,05;BR-116/RJ;Pista Norte;Tombamento;1;0;0;1;0;0;2
04/04/2020;08:59:00;116;sem vítima;207;BR-116/RJ;Pista Sul;Tombamento;1;1;0;0;0;0;1
04/04/2020;09:14:00;119;com vítima;48,1;BR-116/SP;Pista Norte;Choque em barreira New Jersey;1;2;1;0;0;0;1
04/04/2020;17:33:00;273;sem vítima;96;BR-116/SP;Pista Sul;Queda de ribanceira;1;1;0;0;0;0;1
05/04/2020;06:50:00;46;com vítima;99;BR-116/SP;Pista Sul;Colisão traseira;1;1;1;0;0;0;1
05/04/2020;19:49:00;271;sem vítima;269,7;BR-116/RJ;Pista Norte;Choque em objeto fixo;1;1;0;0;0;0;1
06/04/2020;06:33:00;69;sem vítima;224;BR-116/RJ;Pista Norte;Tombamento;1;1;0;0;0;0;1
06/04/2020;19:50:00;437;com vítima;222,6;BR-116/SP;Pista Norte;Abalroamento longitudinal;1;1;0;0;1;0;2
07/04/2020;04:09:00;61;sem vítima;210;BR-116/SP;Pista Sul;Colisão traseira;1;2;0;0;0;0;1
07/04/2020;05:58:00;77;sem vítima;165,85;BR-116/RJ;Pista Norte;Colisão traseira;1;2;0;0;0;0;1
07/04/2020;06:58:00;97;sem vítima;164,5;BR-116/RJ;Pista Sul;Choque Talude;1;1;0;0;0;0;1
07/04/2020;09:24:00;226;sem vítima;206;BR-116/RJ;Pista Sul;Choque em objeto fixo;1;1;0;0;0;0;1
07/04/2020;10:31:00;265;sem vítima;286,3;BR-116/RJ;Pista Norte;Choque em objeto fixo;1;1;0;0;0;0;1
08/04/2020;02:01:00;37;sem vítima;297,3;BR-116/RJ;Pista Norte;Choque em barreira New Jersey;3;3;0;0;0;0;1
08/04/2020;23:41:00;462;sem vítima;219;BR-116/SP;Pista Norte;Engavetamento;2;3;0;0;0;0;1
09/04/2020;19:39:00;452;sem vítima;45,2;BR-116/SP;Pista Sul;Atropelamento de animal;1;1;0;0;0;0;1
09/04/2020;22:40:00;520;sem vítima;34,1;BR-116/SP;Pista Norte;Colisão traseira;1;2;0;0;0;0;1
10/04/2020;07:33:00;78;sem vítima;174,1;BR-116/SP;Pista Norte;Colisão traseira;1;2;0;0;0;0;1
10/04/2020;18:24:00;222;sem vítima;224,7;BR-116/SP;Pista Norte;Abalroamento longitudinal;1;2;0;0;0;0;1
11/04/2020;14:10:00;184;sem vítima;47;BR-116/SP;Pista Sul;Abalroamento longitudinal;1;2;0;0;0;0;1
12/04/2020;19:51:00;242;com vítima;297,2;BR-116/RJ;Pista Sul;Colisão traseira;1;0;2;0;0;0;1
13/04/2020;13:47:00;330;com vítima;222,8;BR-116/RJ;Pista Norte;Tombamento;1;0;0;1;0;0;2
13/04/2020;18:05:00;460;sem vítima;262;BR-116/RJ;Pista Sul;Engavetamento;1;3;0;0;0;0;1
14/04/2020;01:14:00;22;sem vítima;240,8;BR-116/RJ;Pista Norte;Tombamento;1;1;0;0;0;0;1
14/04/2020;02:36:00;30;sem vítima;240,77;BR-116/RJ;Pista Norte;Colisão traseira;2;2;0;0;0;0;1
14/04/2020;11:16:00;262;com vítima;220,2;BR-116/SP;Pista Sul;Abalroamento longitudinal;1;3;1;0;0;0;1
14/04/2020;12:01:00;283;sem vítima;216;BR-116/SP;Pista Sul;Colisão traseira;1;3;0;0;0;0;1
14/04/2020;18:20:00;444;sem vítima;38;BR-116/SP;Pista Sul;Abalroamento longitudinal;2;4;0;0;0;0;1
14/04/2020;18:36:00;450;com vítima;222,4;BR-116/RJ;Pista Sul;Colisão traseira;2;1;1;0;0;0;1
15/04/2020;06:04:00;60;com vítima;103,4;BR-116/SP;Pista Sul;Queda de ribanceira;1;0;1;0;0;0;1
15/04/2020;06:47:00;74;com vítima;235,9;BR-116/RJ;Pista Sul;Tombamento;1;0;0;1;0;1;3
15/04/2020;12:09:00;261;sem vítima;22,5;BR-116/SP;Pista Norte;Choque em objeto fixo;1;2;0;0;0;0;1
15/04/2020;13:08:00;281;sem vítima;113,3;BR-116/SP;Pista Norte;Choque em barreira New Jersey;1;1;0;0;0;0;1
15/04/2020;17:51:00;391;com vítima;168;BR-116/RJ;Pista Norte;Colisão traseira;1;3;1;0;0;0;1
15/04/2020;20:21:00;455;com vítima;203,6;BR-116/SP;Pista Sul;Colisão traseira;1;1;0;0;1;0;2
16/04/2020;05:56:00;54;sem vítima;183,6;BR-116/RJ;Pista Norte;Colisão traseira;1;2;0;0;0;0;1
17/04/2020;08:42:00;176;sem vítima;208,6;BR-116/SP;Pista Sul;Engavetamento;2;5;0;0;0;0;1
17/04/2020;18:57:00;451;sem vítima;145,8;BR-116/SP;Pista Norte;Choque em veículo parado na pista;1;4;0;0;0;0;1
18/04/2020;15:44:00;258;sem vítima;220,45;BR-116/RJ;Pista Norte;Tombamento;1;1;0;0;0;0;1
18/04/2020;22:33:00;375;sem vítima;220,4;BR-116/SP;Pista Norte;Abalroamento longitudinal;1;12;0;0;0;0;1
20/04/2020;16:28:00;303;sem vítima;71,9;BR-116/SP;Pista Norte;Abalroamento longitudinal;1;3;0;0;0;0;1
21/04/2020;00:26:00;18;sem vítima;205,68;BR-116/SP;Pista Norte;Colisão traseira;2;2;0;0;0;0;1