data;horario;n_da_ocorrencia;tipo_de_ocorrencia;km;trecho;sentido;tipo_de_acidente;caminhao;ilesos;levemente_feridos;moderadamente_feridos;gravemente_feridos;mortos;3
26/09/2020;08:40:00;222;Acidente com vítima;295,1;BR-116/RJ;Pista Sul;Queda de ribanceira;1;0;1;0;0;0;1
26/09/2020;17:50:00;596;Acidente com vítima;114;BR-116/SP;Pista Sul;Abalroamento longitudinal;1;2;0;1;0;0;2
27/09/2020;08:24:00;174;Acidente sem vítima;23,1;BR-116/SP;Pista Sul;Colisão traseira;1;2;0;0;0;0;1
27/09/2020;12:46:00;333;Acidente com vítima;330;BR-116/RJ;Pista Norte;Abalroamento longitudinal;1;1;2;0;0;0;1
27/09/2020;16:50:00;472;Acidente com vítima;227,9;BR-116/RJ;Pista Norte;Tombamento;1;0;1;0;0;0;1
27/09/2020;20:33:00;618;Acidente com vítima;332,2;BR-116/RJ;Pista Norte;Colisão traseira;1;1;1;0;0;0;1
28/09/2020;13:39:00;519;Acidente sem vítima;93,7;BR-116/SP;Pista Norte;Abalroamento longitudinal;1;2;0;0;0;0;1
28/09/2020;18:14:00;740;Acidente sem vítima;79,9;BR-116/SP;Pista Norte;Colisão traseira;1;2;0;0;0;0;1
28/09/2020;20:53:00;835;Acidente com vítima;184,5;BR-116/RJ;Pista Norte;Abalroamento longitudinal;1;1;1;0;0;0;1
28/09/2020;23:26:00;904;Acidente com vítima;216,4;BR-116/RJ;Pista Norte;Colisão traseira;1;1;0;1;0;0;2
29/09/2020;03:41:00;76;Acidente com vítima;224;BR-116/RJ;Pista Norte;Abalroamento longitudinal;1;32;1;0;0;0;1
29/09/2020;13:53:00;553;Acidente com vítima;22,2;BR-116/SP;Pista Sul;Tombamento;1;0;0;1;0;0;2
29/09/2020;15:36:00;628;Acidente sem vítima;112,9;BR-116/SP;Pista Sul;Choque em objeto na pista;1;1;0;0;0;0;1
29/09/2020;17:17:00;718;Acidente sem vítima;226,5;BR-116/RJ;Pista Norte;Choque em objeto fixo;1;1;0;0;0;0;1
30/09/2020;04:30:00;118;Acidente sem vítima;210,3;BR-116/RJ;Pista Norte;Choque em defensa;1;1;0;0;0;0;1
30/09/2020;09:20:00;345;Acidente sem vítima;204,5;BR-116/SP;Pista Sul;Abalroamento longitudinal;1;2;0;0;0;0;1
30/09/2020;13:21:00;521;Acidente sem vítima;227,6;BR-116/RJ;Pista Norte;Colisão traseira;1;3;0;0;0;0;1
30/09/2020;15:58:00;634;Acidente com vítima;177,5;BR-116/RJ;Pista Norte;Abalroamento longitudinal;1;1;1;0;0;0;1
30/09/2020;20:13:00;821;Acidente com morte;176,35;BR-116/RJ;Pista Sul;Colisão traseira;1;2;0;0;0;1;3
01/10/2020;02:19:00;73;Acidente sem vítima;250,7;BR-116/RJ;Pista Norte;Queda de ribanceira;1;1;0;0;0;0;1
01/10/2020;03:35:00;98;Acidente com vítima;326,8;BR-116/RJ;Pista Norte;Queda de ribanceira;1;0;1;0;0;0;1
01/10/2020;04:33:00;109;Acidente sem vítima;224;BR-116/RJ;Pista Norte;Choque em objeto fixo;1;1;0;0;0;0;1
01/10/2020;11:00:00;470;Acidente sem vítima;311,2;BR-116/RJ;Pista Sul;Engavetamento;1;3;0;0;0;0;1
01/10/2020;15:19:00;687;Acidente sem vítima;215;BR-116/SP;Pista Sul;Choque em defensa;1;1;0;0;0;0;1
01/10/2020;16:40:00;756;Acidente sem vítima;192,51;BR-116/SP;Pista Norte;Colisão traseira;1;2;0;0;0;0;1
01/10/2020;17:45:00;813;Acidente sem vítima;154,5;BR-116/SP;Pista Sul;Abalroamento longitudinal;1;2;0;0;0;0;1
02/10/2020;02:45:00;65;Acidente com vítima;18,4;BR-116/SP;Pista Sul;Colisão traseira;2;1;1;0;0;0;1
02/10/2020;06:35:00;162;Acidente sem vítima;167;BR-116/SP;Pista Norte;Abalroamento longitudinal;1;2;0;0;0;0;1
02/10/2020;07:10:00;207;Acidente sem vítima;223;BR-116/RJ;Pista Norte;Engavetamento;2;3;0;0;0;0;1
02/10/2020;07:26:00;233;Acidente sem vítima;145;BR-116/SP;Pista Sul;Colisão traseira;2;2;0;0;0;0;1
02/10/2020;08:16:00;296;Acidente com vítima;181,58;BR-116/RJ;Pista Norte;Colisão traseira;1;0;2;0;0;0;1
02/10/2020;12:39:00;513;Acidente sem vítima;230;BR-116/SP;Pista Sul;Colisão traseira;2;2;0;0;0;0;1
03/10/2020;14:52:00;466;Acidente sem vítima;196,4;BR-116/SP;Pista Norte;Engavetamento;1;7;0;0;0;0;1
03/10/2020;19:23:00;609;Acidente sem vítima;192,1;BR-116/RJ;Pista Sul;Atropelamento de animal;1;1;0;0;0;0;1
03/10/2020;23:50:00;717;Acidente com vítima;185;BR-116/RJ;Pista Norte;Engavetamento;1;7;3;0;0;0;1
03/10/2020;23:55:00;718;Acidente com vítima;71;BR-116/SP;Pista Sul;Colisão traseira;1;1;1;0;0;0;1
04/10/2020;19:03:00;526;Atropelamento com morte;141,5;BR-116/SP;Pista Norte;Atropelamento de pedestre atravessando;1;4;0;0;0;1;3
05/10/2020;03:49:00;104;Acidente sem vítima;247,4;BR-116/RJ;Pista Norte;Colisão traseira;2;2;0;0;0;0;1
05/10/2020;11:38:00;456;Acidente sem vítima;202,2;BR-116/SP;Pista Sul;Abalroamento longitudinal;1;2;0;0;0;0;1
05/10/2020;13:19:00;512;Acidente sem vítima;198,1;BR-116/SP;Pista Sul;Colisão traseira;1;3;0;0;0;0;1
05/10/2020;17:09:00;702;Acidente sem vítima;206,1;BR-116/RJ;Pista Sul;Choque em objeto fixo;1;2;0;0;0;0;1
05/10/2020;19:29:00;788;Acidente sem vítima;224,4;BR-116/RJ;Pista Norte;Choque em objeto fixo;1;1;0;0;0;0;1
05/10/2020;22:38:00;873;Acidente sem vítima;320;BR-116/RJ;Pista Sul;Colisão traseira;2;2;0;0;0;0;1
05/10/2020;23:47:00;905;Acidente sem vítima;85,4;BR-116/SP;Pista Norte;Colisão traseira;2;2;0;0;0;0;1
06/10/2020;02:26:00;60;Acidente com vítima;173,6;BR-116/SP;Pista Norte;Colisão traseira;1;2;1;0;0;0;1
06/10/2020;10:48:00;425;Acidente sem vítima;131;BR-116/SP;Pista Sul;Colisão traseira;2;2;0;0;0;0;1
06/10/2020;12:12:00;476;Acidente sem vítima;230,05;BR-116/SP;Pista Norte;Engavetamento;1;6;0;0;0;0;1
06/10/2020;17:50:00;700;Acidente sem vítima;129,9;BR-116/SP;Pista Norte;Colisão traseira;1;2;0;0;0;0;1
06/10/2020;18:07:00;715;Acidente sem vítima;156;BR-116/SP;Pista Norte;Abalroamento longitudinal;1;2;0;0;0;0;1
07/10/2020;01:16:00;36;Acidente com vítima;322;BR-116/RJ;Pista Sul;Colisão traseira;2;1;1;0;0;0;1
07/10/2020;02:16:00;51;Acidente sem vítima;63,8;BR-116/SP;Pista Norte;Atropelamento de animal;1;1;0;0;0;0;1
07/10/2020;03:34:00;77;Acidente sem vítima;270,1;BR-116/RJ;Pista Sul;Colisão traseira;1;2;0;0;0;0;1
07/10/2020;03:46:00;81;Acidente com vítima;83,8;BR-116/SP;Pista Norte;Colisão traseira;2;1;1;0;0;0;1
07/10/2020;07:35:00;226;Acidente com vítima;172,6;BR-116/RJ;Pista Norte;Engavetamento;2;5;1;0;0;0;1
07/10/2020;08:49:00;312;Acidente sem vítima;174;BR-116/RJ;Pista Norte;Abalroamento longitudinal;1;2;0;0;0;0;1
07/10/2020;09:30:00;363;Acidente sem vítima;227,1;BR-116/RJ;Pista Norte;Abalroamento longitudinal;1;3;0;0;0;0;1
07/10/2020;11:09:00;470;Acidente sem vítima;275,5;BR-116/RJ;Pista Sul;Abalroamento longitudinal;1;2;0;0;0;0;1
07/10/2020;12:03:00;508;Acidente com vítima;133,1;BR-116/SP;Pista Sul;Engavetamento;3;4;1;1;0;0;2
08/10/2020;00:46:00;28;Acidente sem vítima;217,6;BR-116/RJ;Pista Norte;Abalroamento longitudinal;1;2;0;0;0;0;1
08/10/2020;01:23:00;37;Acidente sem vítima;155,4;BR-116/SP;Pista Sul;Abalroamento longitudinal;1;2;0;0;0;0;1
08/10/2020;04:46:00;97;Acidente sem vítima;242,56;BR-116/RJ;Pista Norte;Choque em veículo parado na pista;1;2;0;0;0;0;1
08/10/2020;06:04:00;124;Acidente sem vítima;242,56;BR-116/RJ;Pista Norte;Abalroamento longitudinal;1;2;0;0;0;0;1
08/10/2020;08:11:00;261;Acidente sem vítima;218,2;BR-116/RJ;Pista Norte;Tombamento;1;1;0;0;0;0;1
08/10/2020;18:50:00;715;Acidente sem vítima;161;BR-116/SP;Pista Norte;Abalroamento longitudinal;1;3;0;0;0;0;1
08/10/2020;18:58:00;718;Acidente sem vítima;168,1;BR-116/RJ;Pista Sul;Colisão traseira;1;2;0;0;0;0;1
08/10/2020;23:13:00;833;Acidente com vítima;297;BR-116/RJ;Pista Sul;Choque em defensa;1;0;1;0;0;0;1
09/10/2020;03:58:00;68;Acidente com vítima;147,1;BR-116/SP;Pista Sul;Colisão traseira;1;1;1;0;0;0;1
09/10/2020;10:21:00;368;Acidente sem vítima;175,9;BR-116/RJ;Pista Sul;Abalroamento longitudinal;1;2;0;0;0;0;1
09/10/2020;11:55:00;427;Acidente sem vítima;318,9;BR-116/RJ;Pista Norte;Colisão traseira;1;2;0;0;0;0;1
09/10/2020;17:58:00;643;Acidente sem vítima;224,9;BR-116/SP;Pista Norte;Colisão traseira;1;4;0;0;0;0;1
10/10/2020;04:10:00;90;Acidente com vítima;103,95;BR-116/SP;Pista Norte;Colisão traseira;1;2;1;0;0;0;1
10/10/2020;04:42:00;102;Acidente com vítima;166,4;BR-116/RJ;Pista Norte;Engavetamento;1;3;0;1;0;0;2
10/10/2020;16:36:00;559;Acidente com vítima;180,8;BR-116/SP;Pista Sul;Colisão traseira;2;2;1;0;0;0;1
10/10/2020;16:46:00;561;Acidente com vítima;247,4;BR-116/RJ;Pista Sul;Abalroamento longitudinal;1;6;2;0;0;0;1
10/10/2020;16:53:00;566;Acidente sem vítima;227;BR-116/SP;Pista Norte;Engavetamento;1;6;0;0;0;0;1
10/10/2020;20:35:00;689;Acidente com vítima;170;BR-116/RJ;Pista Sul;Colisão traseira;1;2;1;0;0;0;1
10/10/2020;21:13:00;707;Acidente sem vítima;223,2;BR-116/RJ;Pista Norte;Colisão traseira;2;2;0;0;0;0;1
11/10/2020;21:03:00;542;Acidente sem vítima;219;BR-116/SP;Pista Norte;Choque em objeto na pista;1;3;0;0;0;0;1
13/10/2020;14:08:00;529;Acidente sem vítima;290,2;BR-116/RJ;Pista Sul;Abalroamento longitudinal;1;2;0;0;0;0;1
13/10/2020;16:35:00;629;Acidente sem vítima;174,8;BR-116/RJ;Pista Sul;Colisão traseira;1;3;0;0;0;0;1
13/10/2020;22:56:00;819;Acidente sem vítima;193,5;BR-116/SP;Pista Norte;Choque em objeto na pista;1;1;0;0;0;0;1
14/10/2020;06:48:00;160;Acidente sem vítima;227,8;BR-116/RJ;Pista Norte;Engavetamento;4;4;0;0;0;0;1
14/10/2020;09:44:00;349;Acidente sem vítima;210,9;BR-116/SP;Pista Sul;Engavetamento;3;3;0;0;0;0;1
14/10/2020;21:49:00;794;Acidente sem vítima;289,2;BR-116/RJ;Pista Norte;Choque em barreira New Jersey;1;1;0;0;0;0;1
14/10/2020;23:04:00;824;Acidente com vítima;54,25;BR-116/SP;Pista Norte;Choque em barreira New Jersey;1;1;0;1;0;0;2
15/10/2020;01:16:00;38;Acidente com vítima;189,8;BR-116/RJ;Pista Norte;Colisão traseira;2;1;0;1;0;0;2
15/10/2020;03:33:00;73;Acidente sem vítima;183,7;BR-116/SP;Pista Sul;Colisão traseira;2;2;0;0;0;0;1
15/10/2020;13:51:00;523;Acidente sem vítima;278,2;BR-116/RJ;Pista Norte;Colisão traseira;1;4;0;0;0;0;1
15/10/2020;17:27:00;651;Acidente com vítima;168,2;BR-116/RJ;Pista Sul;Colisão traseira;1;2;1;0;0;0;1
16/10/2020;08:12:00;248;Acidente sem vítima;323;BR-116/RJ;Pista Norte;Colisão traseira;2;2;0;0;0;0;1
16/10/2020;13:15:00;504;Acidente com vítima;222;BR-116/SP;Pista Sul;Abalroamento longitudinal;1;1;1;1;0;0;2
17/10/2020;02:40:00;47;Acidente sem vítima;231,2;BR-116/SP;Pista Norte;Choque em objeto fixo;1;1;0;0;0;0;1
17/10/2020;08:51:00;223;Acidente sem vítima;146,5;BR-116/SP;Pista Sul;Abalroamento longitudinal;1;2;0;0;0;0;1
17/10/2020;09:49:00;266;Acidente sem vítima;152;BR-116/SP;Pista Sul;Abalroamento longitudinal;1;5;0;0;0;0;1
17/10/2020;13:35:00;398;Acidente com vítima;214,6;BR-116/RJ;Pista Sul;Tombamento;1;0;1;0;0;0;1
17/10/2020;15:05:00;443;Acidente sem vítima;221;BR-116/SP;Pista Sul;Choque em barreira New Jersey;1;2;0;0;0;0;1
17/10/2020;18:30:00;541;Acidente sem vítima;269,1;BR-116/RJ;Pista Norte;Engavetamento;2;3;0;0;0;0;1
18/10/2020;01:35:00;26;Acidente sem vítima;269,6;BR-116/RJ;Pista Norte;Atropelamento de animal;1;4;0;0;0;0;1
18/10/2020;20:08:00;515;Acidente com vítima;111,3;BR-116/SP;Pista Norte;Colisão traseira;1;0;1;1;0;0;2
18/10/2020;21:38:00;543;Acidente com vítima;319,9;BR-116/RJ;Pista Sul;Colisão traseira;2;1;1;0;0;0;1
19/10/2020;07:24:00;165;Acidente sem vítima;207,9;BR-116/SP;Pista Sul;Colisão traseira;1;2;0;0;0;0;1
19/10/2020;18:54:00;652;Acidente sem vítima;207,4;BR-116/SP;Pista Norte;Abalroamento longitudinal;2;4;0;0;0;0;1
20/10/2020;01:44:00;26;Acidente com vítima;229,99;BR-116/RJ;Pista Norte;Tombamento;1;1;0;1;0;0;2
20/10/2020;05:44:00;99;Acidente com morte;239,3;BR-116/RJ;Pista Norte;Engavetamento;4;3;2;0;0;1;3
20/10/2020;06:31:00;124;Acidente com vítima;241,75;BR-116/RJ;Pista Norte;Colisão traseira;1;0;2;0;0;0;1
20/10/2020;11:35:00;362;Acidente sem vítima;217,5;BR-116/RJ;Pista Sul;Choque em barreira New Jersey;1;1;0;0;0;0;1
20/10/2020;13:20:00;422;Acidente sem vítima;165,2;BR-116/SP;Pista Norte;Choque em objeto fixo;1;1;0;0;0;0;1
20/10/2020;23:35:00;747;Acidente sem vítima;230,6;BR-116/SP;Pista Norte;Abalroamento longitudinal;1;2;0;0;0;0;1
20/10/2020;23:53:00;751;Acidente sem vítima;226,6;BR-116/RJ;Pista Sul;Choque Talude;1;1;0;0;0;0;1
21/10/2020;10:36:00;365;Acidente sem vítima;308,9;BR-116/RJ;Pista Sul;Colisão traseira;1;2;0;0;0;0;1
21/10/2020;11:14:00;383;Acidente com vítima;225,8;BR-116/RJ;Pista Norte;Choque em objeto fixo;1;1;1;0;0;0;1
21/10/2020;12:16:00;424;Acidente com vítima;169;BR-116/RJ;Pista Norte;Colisão traseira;1;0;2;0;0;0;1
22/10/2020;03:41:00;80;Acidente sem vítima;288;BR-116/RJ;Pista Sul;Abalroamento longitudinal;1;2;0;0;0;0;1
22/10/2020;03:44:00;84;Acidente com vítima;269,3;BR-116/RJ;Pista Norte;Engavetamento;3;3;1;0;0;0;1
22/10/2020;05:30:00;107;Acidente com vítima;215,25;BR-116/SP;Pista Sul;Abalroamento longitudinal;1;1;2;0;0;0;1
22/10/2020;07:35:00;226;Acidente com vítima;325,3;BR-116/RJ;Pista Norte;Colisão traseira;1;2;1;0;0;0;1
22/10/2020;07:36:00;229;Acidente com vítima;207,3;BR-116/SP;Pista Sul;Colisão traseira;1;4;1;0;0;0;1
22/10/2020;08:34:00;282;Acidente com vítima;290,15;BR-116/RJ;Pista Norte;Engavetamento;1;2;2;0;0;0;1
22/10/2020;09:45:00;343;Acidente sem vítima;138;BR-116/SP;Pista Norte;Choque em objeto na pista;1;3;0;0;0;0;1
22/10/2020;09:49:00;346;Acidente sem vítima;202,3;BR-116/SP;Pista Norte;Engavetamento;2;4;0;0;0;0;1
22/10/2020;15:59:00;585;Acidente sem vítima;280,1;BR-116/RJ;Pista Sul;Choque em defensa;1;1;0;0;0;0;1
22/10/2020;16:40:00;614;Acidente sem vítima;137,5;BR-116/SP;Pista Norte;Engavetamento;2;4;0;0;0;0;1
22/10/2020;17:01:00;633;Acidente sem vítima;146,7;BR-116/SP;Pista Norte;Colisão traseira;1;2;0;0;0;0;1
22/10/2020;22:15:00;833;Acidente sem vítima;165;BR-116/RJ;Pista Norte;Choque em objeto na pista;1;2;0;0;0;0;1
22/10/2020;23:11:00;849;Acidente sem vítima;41;BR-116/SP;Pista Norte;Engavetamento;2;3;0;0;0;0;1
23/10/2020;00:50:00;23;Acidente sem vítima;189;BR-116/SP;Pista Sul;Colisão traseira;2;2;0;0;0;0;1
23/10/2020;00:59:00;25;Acidente sem vítima;49,2;BR-116/SP;Pista Sul;Atropelamento de animal;2;3;0;0;0;0;1
23/10/2020;04:06:00;71;Acidente sem vítima;270,2;BR-116/RJ;Pista Sul;Colisão traseira;2;2;0;0;0;0;1
23/10/2020;07:52:00;250;Acidente sem vítima;156;BR-116/SP;Pista Norte;Colisão traseira;1;2;0;0;0;0;1
23/10/2020;08:21:00;284;Acidente sem vítima;214,7;BR-116/SP;Pista Sul;Abalroamento longitudinal;1;3;0;0;0;0;1
23/10/2020;08:39:00;302;Acidente sem vítima;179,9;BR-116/RJ;Pista Norte;Colisão traseira;1;5;0;0;0;0;1
23/10/2020;15:27:00;565;Acidente sem vítima;147;BR-116/SP;Pista Norte;Choque em barreira New Jersey;1;1;0;0;0;0;1
23/10/2020;18:30:00;701;Acidente sem vítima;209;BR-116/SP;Pista Sul;Abalroamento longitudinal;1;2;0;0;0;0;1
23/10/2020;20:25:00;771;Acidente sem vítima;178,5;BR-116/RJ;Pista Sul;Engavetamento;2;5;0;0;0;0;1
23/10/2020;23:07:00;831;Acidente com vítima;117,4;BR-116/SP;Pista Sul;Choque em barreira New Jersey;1;0;0;2;1;0;2
24/10/2020;00:08:00;15;Acidente com vítima;217,65;BR-116/SP;Pista Norte;Abalroamento longitudinal;1;1;1;0;0;0;1
24/10/2020;00:47:00;23;Acidente com vítima;8,8;BR-116/SP;Pista Sul;Colisão traseira;1;1;1;2;0;0;2
24/10/2020;01:26:00;32;Acidente sem vítima;186;BR-116/SP;Pista Norte;Colisão traseira;2;2;0;0;0;0;1
24/10/2020;11:07:00;238;Acidente sem vítima;146;BR-116/SP;Pista Norte;Choque em barreira New Jersey;1;3;0;0;0;0;1
24/10/2020;17:37:00;395;Acidente sem vítima;226;BR-116/RJ;Pista Norte;Choque em objeto fixo;1;1;0;0;0;0;1
24/10/2020;17:49:00;405;Acidente sem vítima;209,6;BR-116/RJ;Pista Sul;Colisão traseira;1;2;0;0;0;0;1
24/10/2020;18:51:00;455;Acidente com vítima;266,4;BR-116/RJ;Pista Norte;Colisão traseira;1;3;3;0;0;0;1
25/10/2020;14:02:00;281;Acidente com vítima;159,78;BR-116/SP;Pista Norte;Tombamento;1;0;1;0;0;0;1
25/10/2020;15:47:00;329;Acidente sem vítima;161,8;BR-116/SP;Pista Norte;Colisão traseira;2;2;0;0;0;0;1
25/10/2020;17:53:00;397;Acidente com vítima;264;BR-116/RJ;Pista Norte;Queda de moto;1;1;1;0;0;0;1
25/10/2020;19:28:00;456;Acidente sem vítima;204,6;BR-116/SP;Pista Sul;Colisão traseira;1;2;0;0;0;0;1
26/10/2020;04:01:00;70;Acidente sem vítima;159,9;BR-116/SP;Pista Sul;Atropelamento de animal;1;2;0;0;0;0;1
26/10/2020;06:08:00;142;Acidente sem vítima;189;BR-116/SP;Pista Norte;Colisão traseira;1;2;0;0;0;0;1
26/10/2020;06:49:00;170;Acidente sem vítima;204,7;BR-116/RJ;Pista Norte;Abalroamento longitudinal;1;2;0;0;0;0;1
26/10/2020;07:40:00;227;Acidente sem vítima;185,5;BR-116/RJ;Pista Norte;Colisão traseira;2;2;0;0;0;0;1
26/10/2020;07:57:00;243;Acidente sem vítima;230;BR-116/SP;Pista Sul;Colisão traseira;1;2;0;0;0;0;1
26/10/2020;09:55:00;350;Acidente sem vítima;165;BR-116/SP;Pista Norte;Abalroamento longitudinal;2;2;0;0;0;0;1
26/10/2020;10:36:00;364;Acidente sem vítima;216;BR-116/SP;Pista Sul;Engavetamento;1;3;0;0;0;0;1
26/10/2020;18:49:00;726;Acidente sem vítima;146,1;BR-116/SP;Pista Sul;Colisão traseira;1;2;0;0;0;0;1
26/10/2020;20:43:00;780;Acidente com vítima;306,2;BR-116/RJ;Pista Sul;Abalroamento longitudinal;1;2;1;0;0;0;1
27/10/2020;02:06:00;46;Acidente com vítima;225,54;BR-116/SP;Pista Sul;Colisão traseira;1;1;1;0;0;0;1
27/10/2020;10:16:00;377;Acidente sem vítima;225,2;BR-116/SP;Pista Norte;Colisão traseira;1;4;0;0;0;0;1
27/10/2020;11:24:00;422;Acidente sem vítima;165,2;BR-116/SP;Pista Norte;Colisão traseira;1;2;0;0;0;0;1
27/10/2020;11:24:00;424;Acidente com vítima;227;BR-116/SP;Pista Sul;Colisão traseira;2;1;0;1;0;0;2
28/10/2020;04:22:00;75;Acidente sem vítima;35;BR-116/SP;Pista Norte;Abalroamento longitudinal;1;2;0;0;0;0;1
28/10/2020;06:15:00;148;Acidente sem vítima;88,2;BR-116/SP;Pista Norte;Choque em barreira New Jersey;1;1;0;0;0;0;1
28/10/2020;06:32:00;165;Acidente sem vítima;204,4;BR-116/SP;Pista Sul;Colisão traseira;1;2;0;0;0;0;1
28/10/2020;06:51:00;189;Acidente com vítima;326,5;BR-116/RJ;Pista Norte;Colisão traseira;2;1;0;0;1;0;2
28/10/2020;08:23:00;287;Acidente com vítima;210,7;BR-116/SP;Pista Norte;Colisão traseira;1;1;1;0;0;0;1
28/10/2020;08:48:00;307;Acidente sem vítima;130,75;BR-116/SP;Pista Sul;Abalroamento longitudinal;1;2;0;0;0;0;1
28/10/2020;15:15:00;565;Acidente com vítima;46;BR-116/SP;Pista Sul;Colisão traseira;1;1;0;1;0;0;2
28/10/2020;15:38:00;584;Acidente com vítima;216,5;BR-116/SP;Pista Norte;Colisão traseira;1;1;2;0;0;0;1
28/10/2020;16:16:00;609;Acidente com vítima;230,6;BR-116/SP;Pista Norte;Abalroamento longitudinal;1;3;1;0;0;0;1
28/10/2020;16:24:00;616;Acidente sem vítima;272,4;BR-116/RJ;Pista Norte;Abalroamento longitudinal;1;2;0;0;0;0;1
28/10/2020;16:47:00;629;Acidente sem vítima;136,45;BR-116/SP;Pista Sul;Engavetamento;3;7;0;0;0;0;1
28/10/2020;17:28:00;655;Acidente com vítima;174;BR-116/SP;Pista Sul;Abalroamento longitudinal;1;1;1;0;0;0;1
28/10/2020;18:31:00;715;Acidente com vítima;208,7;BR-116/RJ;Pista Sul;Abalroamento longitudinal;2;1;0;1;0;0;2
29/10/2020;01:00:00;21;Acidente com vítima;132,5;BR-116/SP;Pista Norte;Colisão traseira;2;1;0;1;0;0;2
29/10/2020;05:11:00;75;Acidente sem vítima;325,4;BR-116/RJ;Pista Norte;Choque em objeto fixo;1;1;0;0;0;0;1
29/10/2020;07:54:00;243;Acidente sem vítima;177,2;BR-116/RJ;Pista Sul;Engavetamento;1;3;0;0;0;0;1
29/10/2020;08:49:00;293;Acidente com vítima;210,15;BR-116/RJ;Pista Norte;Choque em barreira New Jersey;1;0;1;0;0;0;1
29/10/2020;11:27:00;420;Acidente sem vítima;292,6;BR-116/RJ;Pista Sul;Colisão traseira;1;3;0;0;0;0;1
29/10/2020;12:23:00;450;Acidente sem vítima;147,6;BR-116/SP;Pista Sul;Abalroamento longitudinal;2;2;0;0;0;0;1
29/10/2020;15:00:00;549;Acidente com vítima;146,3;BR-116/SP;Pista Norte;Tombamento;2;5;1;0;0;0;1
29/10/2020;15:39:00;568;Acidente sem vítima;140,8;BR-116/SP;Pista Sul;Engavetamento;1;3;0;0;0;0;1
29/10/2020;16:37:00;604;Acidente sem vítima;213,3;BR-116/SP;Pista Norte;Abalroamento longitudinal;1;2;0;0;0;0;1
29/10/2020;17:14:00;623;Acidente sem vítima;272,8;BR-116/RJ;Pista Sul;Abalroamento longitudinal;1;2;0;0;0;0;1
29/10/2020;18:07:00;652;Acidente sem vítima;226,7;BR-116/RJ;Pista Norte;Choque Talude;1;1;0;0;0;0;1
29/10/2020;19:41:00;708;Acidente sem vítima;155,2;BR-116/SP;Pista Norte;Colisão traseira;2;2;0;0;0;0;1
29/10/2020;23:56:00;850;Acidente sem vítima;147;BR-116/SP;Pista Sul;Abalroamento longitudinal;1;2;0;0;0;0;1
30/10/2020;01:04:00;34;Acidente sem vítima;249,2;BR-116/RJ;Pista Norte;Choque em objeto fixo;1;1;0;0;0;0;1
30/10/2020;02:22:00;60;Acidente sem vítima;144,85;BR-116/SP;Pista Sul;Abalroamento longitudinal;1;3;0;0;0;0;1
30/10/2020;08:06:00;143;Acidente sem vítima;173,1;BR-116/RJ;Pista Sul;Choque em barreira New Jersey;1;1;0;0;0;0;1
30/10/2020;08:59:00;203;Acidente com vítima;112,3;BR-116/SP;Pista Norte;Engavetamento;1;3;1;0;0;0;1
30/10/2020;09:17:00;231;Acidente sem vítima;211,3;BR-116/RJ;Pista Norte;Colisão traseira;2;3;0;0;0;0;1
30/10/2020;13:09:00;383;Acidente sem vítima;182,3;BR-116/SP;Pista Norte;Colisão traseira;1;3;0;0;0;0;1
30/10/2020;13:55:00;420;Acidente sem vítima;109,4;BR-116/SP;Pista Sul;Choque em defensa;1;1;0;0;0;0;1
30/10/2020;19:50:00;641;Acidente sem vítima;239,7;BR-116/RJ;Pista Norte;Choque em barreira New Jersey;1;2;0;0;0;0;1
30/10/2020;20:09:00;650;Acidente sem vítima;244;BR-116/RJ;Pista Norte;Choque em barreira New Jersey;1;1;0;0;0;0;1
31/10/2020;05:09:00;104;Acidente sem vítima;227;BR-116/RJ;Pista Norte;Choque em barreira New Jersey;1;1;0;0;0;0;1
31/10/2020;06:33:00;143;Acidente sem vítima;207,1;BR-116/RJ;Pista Norte;Colisão traseira;2;2;0;0;0;0;1
31/10/2020;09:32:00;275;Acidente sem vítima;227,2;BR-116/RJ;Pista Norte;Choque em barreira New Jersey;1;1;0;0;0;0;1
31/10/2020;12:44:00;379;Acidente sem vítima;70,55;BR-116/SP;Pista Sul;Colisão traseira;1;2;0;0;0;0;1
31/10/2020;17:00:00;497;Acidente sem vítima;59,8;BR-116/SP;Pista Norte;Tombamento;1;1;0;0;0;0;1
01/11/2020;14:37:00;366;Acidente sem vítima;156,4;BR-116/SP;Pista Sul;Abalroamento longitudinal;1;6;0;0;0;0;1
02/11/2020;21:26:00;520;Acidente sem vítima;244,5;BR-116/RJ;Pista Norte;Colisão traseira;2;2;0;0;0;0;1
03/11/2020;05:12:00;118;Acidente sem vítima;207,1;BR-116/RJ;Pista Sul;Choque em objeto fixo;1;1;0;0;0;0;1
03/11/2020;07:59:00;276;Acidente sem vítima;106,35;BR-116/SP;Pista Norte;Colisão traseira;2;2;0;0;0;0;1