data;horario;n_da_ocorrencia;tipo_de_ocorrencia;km;trecho;sentido;tipo_de_acidente;caminhao;ilesos;levemente_feridos;moderadamente_feridos;gravemente_feridos;mortos;3
03/11/2020;12:26:00;478;Acidente com vítima;178,3;BR-116/RJ;Pista Sul;Abalroamento longitudinal;1;2;1;0;0;0;1
03/11/2020;16:06:00;599;Acidente sem vítima;219,8;BR-116/SP;Pista Norte;Colisão traseira;1;2;0;0;0;0;1
04/11/2020;04:43:00;95;Acidente sem vítima;274,3;BR-116/RJ;Pista Norte;Colisão traseira;2;2;0;0;0;0;1
04/11/2020;07:17:00;219;Acidente sem vítima;236,5;BR-116/RJ;Pista Sul;Outros;1;2;0;0;0;0;1
04/11/2020;09:30:00;380;Acidente sem vítima;67;BR-116/SP;Pista Norte;Colisão traseira;1;2;0;0;0;0;1
04/11/2020;13:18:00;556;Acidente sem vítima;186;BR-116/SP;Pista Norte;Colisão traseira;2;2;0;0;0;0;1
04/11/2020;14:08:00;587;Acidente com vítima;247,25;BR-116/RJ;Pista Norte;Engavetamento;2;2;0;0;1;0;2
05/11/2020;00:30:00;19;Acidente sem vítima;220,9;BR-116/RJ;Pista Sul;Colisão traseira;2;2;0;0;0;0;1
05/11/2020;02:10:00;36;Acidente sem vítima;261,7;BR-116/RJ;Pista Norte;Choque em barreira New Jersey;1;1;0;0;0;0;1
05/11/2020;05:51:00;100;Acidente com vítima;153,6;BR-116/SP;Pista Norte;Colisão traseira;2;2;1;1;0;0;2
05/11/2020;07:19:00;173;Acidente com vítima;227,6;BR-116/SP;Pista Norte;Abalroamento longitudinal;2;1;1;0;0;0;1
05/11/2020;08:31:00;258;Acidente sem vítima;227,6;BR-116/SP;Pista Norte;Colisão traseira;1;2;0;0;0;0;1
05/11/2020;09:48:00;341;Acidente sem vítima;207;BR-116/SP;Pista Sul;Colisão traseira;1;3;0;0;0;0;1
05/11/2020;15:09:00;543;Acidente sem vítima;220,5;BR-116/RJ;Pista Sul;Tombamento;1;1;0;0;0;0;1
05/11/2020;15:40:00;566;Acidente sem vítima;37,8;BR-116/SP;Pista Sul;Abalroamento longitudinal;1;2;0;0;0;0;1
05/11/2020;16:52:00;598;Acidente sem vítima;260,2;BR-116/RJ;Pista Sul;Colisão traseira;1;2;0;0;0;0;1
05/11/2020;18:28:00;650;Acidente sem vítima;216,5;BR-116/SP;Pista Norte;Abalroamento longitudinal;1;3;0;0;0;0;1
05/11/2020;22:51:00;778;Acidente sem vítima;134,8;BR-116/SP;Pista Sul;Abalroamento longitudinal;2;2;0;0;0;0;1
06/11/2020;01:01:00;27;Acidente com vítima;314,8;BR-116/RJ;Pista Sul;Choque em barreira New Jersey;1;0;1;0;0;0;1
06/11/2020;15:05:00;547;Acidente com vítima;80,6;BR-116/SP;Pista Sul;Abalroamento longitudinal;1;1;1;0;0;0;1
06/11/2020;16:06:00;589;Acidente sem vítima;145,8;BR-116/SP;Pista Norte;Abalroamento longitudinal;2;2;0;0;0;0;1
07/11/2020;06:19:00;144;Acidente com vítima;178,6;BR-116/RJ;Pista Sul;Colisão traseira;1;1;0;1;0;0;2
07/11/2020;12:49:00;416;Acidente com vítima;154;BR-116/SP;Pista Sul;Engavetamento;1;3;1;0;0;0;1
07/11/2020;13:48:00;464;Acidente com vítima;172,8;BR-116/RJ;Pista Norte;Colisão traseira;1;2;1;0;0;0;1
07/11/2020;15:11:00;509;Acidente sem vítima;226;BR-116/RJ;Pista Sul;Abalroamento longitudinal;1;2;0;0;0;0;1
07/11/2020;19:46:00;668;Acidente sem vítima;229,05;BR-116/RJ;Pista Sul;Choque em defensa;1;1;0;0;0;0;1
07/11/2020;21:23:00;714;Acidente com vítima;216,4;BR-116/SP;Pista Sul;Capotamento;1;2;1;0;0;0;1
08/11/2020;12:37:00;375;Acidente sem vítima;196,8;BR-116/RJ;Pista Sul;Colisão traseira;2;2;0;0;0;0;1
08/11/2020;15:14:00;464;Acidente sem vítima;272;BR-116/RJ;Pista Norte;Abalroamento longitudinal;1;2;0;0;0;0;1
08/11/2020;16:41:00;511;Acidente sem vítima;143,6;BR-116/SP;Pista Sul;Engavetamento;1;8;0;0;0;0;1
09/11/2020;02:23:00;37;Acidente com vítima;257,68;BR-116/RJ;Pista Norte;Colisão traseira;2;2;1;1;0;0;2
09/11/2020;05:49:00;96;Acidente sem vítima;226,8;BR-116/RJ;Pista Norte;Abalroamento longitudinal;1;2;0;0;0;0;1
09/11/2020;08:17:00;284;Acidente sem vítima;155,3;BR-116/SP;Pista Sul;Choque em objeto na pista;1;6;0;0;0;0;1
09/11/2020;10:53:00;435;Acidente sem vítima;210,3;BR-116/SP;Pista Norte;Colisão traseira;1;3;0;0;0;0;1
09/11/2020;12:01:00;484;Acidente com vítima;205;BR-116/SP;Pista Sul;Capotamento;1;0;1;0;0;0;1
09/11/2020;14:41:00;597;Acidente sem vítima;221,9;BR-116/SP;Pista Norte;Colisão traseira;2;5;0;0;0;0;1
10/11/2020;21:17:00;866;Acidente sem vítima;100,35;BR-116/SP;Pista Norte;Abalroamento longitudinal;1;4;0;0;0;0;1
16/11/2020;18:00:00;666;Acidente sem vítima;162,5;BR-116/SP;Pista Norte;Choque em objeto na pista;1;2;0;0;0;0;1
09/11/2020;17:19:00;726;Acidente sem vítima;219;BR-116/SP;Pista Norte;Abalroamento longitudinal;1;4;0;0;0;0;1
09/11/2020;19:49:00;833;Acidente sem vítima;59,6;BR-116/SP;Pista Sul;Abalroamento longitudinal;1;2;0;0;0;0;1
09/11/2020;20:40:00;871;Acidente com vítima;216,15;BR-116/SP;Pista Norte;Outros;1;1;1;0;0;0;1
10/11/2020;00:31:00;20;Acidente sem vítima;32,15;BR-116/SP;Pista Sul;Choque em objeto fixo;1;1;0;0;0;0;1
10/11/2020;00:59:00;32;Acidente sem vítima;104,9;BR-116/SP;Pista Norte;Colisão traseira;1;2;0;0;0;0;1
10/11/2020;01:34:00;40;Acidente sem vítima;297,25;BR-116/RJ;Pista Norte;Choque em barreira New Jersey;1;1;0;0;0;0;1
10/11/2020;08:13:00;299;Acidente sem vítima;219,1;BR-116/SP;Pista Sul;Engavetamento;1;4;0;0;0;0;1
10/11/2020;11:46:00;495;Atropelamento com morte;102,95;BR-116/SP;Pista Norte;Atropelamento de pedestre atravessando;1;1;0;0;0;1;3
10/11/2020;12:44:00;533;Acidente com vítima;258,9;BR-116/RJ;Pista Norte;Tombamento;1;0;0;1;0;0;2
10/11/2020;13:16:00;553;Acidente sem vítima;86,95;BR-116/SP;Pista Sul;Colisão traseira;1;2;0;0;0;0;1
10/11/2020;16:30:00;670;Acidente com vítima;178;BR-116/SP;Pista Sul;Colisão traseira;1;1;2;0;0;0;1
10/11/2020;16:44:00;679;Acidente sem vítima;85,4;BR-116/SP;Pista Sul;Colisão traseira;1;2;0;0;0;0;1
10/11/2020;19:37:00;816;Acidente sem vítima;210,9;BR-116/SP;Pista Sul;Abalroamento longitudinal;1;2;0;0;0;0;1
11/11/2020;02:25:00;54;Acidente com vítima;188,15;BR-116/RJ;Pista Norte;Colisão traseira;1;1;0;1;0;0;2
11/11/2020;08:28:00;317;Acidente com vítima;165,1;BR-116/RJ;Pista Sul;Abalroamento longitudinal;2;1;0;1;0;0;2
11/11/2020;08:38:00;329;Acidente sem vítima;138,8;BR-116/SP;Pista Sul;Colisão traseira;2;2;0;0;0;0;1
11/11/2020;13:59:00;592;Acidente com vítima;228,9;BR-116/SP;Pista Norte;Abalroamento longitudinal;1;1;0;1;0;0;2
11/11/2020;14:22:00;611;Acidente sem vítima;39;BR-116/SP;Pista Sul;Colisão traseira;1;2;0;0;0;0;1
11/11/2020;15:35:00;665;Acidente sem vítima;178;BR-116/RJ;Pista Norte;Colisão traseira;1;3;0;0;0;0;1
11/11/2020;16:43:00;722;Acidente com vítima;200;BR-116/SP;Pista Norte;Engavetamento;2;2;3;0;0;0;1
11/11/2020;19:55:00;843;Acidente sem vítima;223,6;BR-116/SP;Pista Sul;Abalroamento longitudinal;1;2;0;0;0;0;1
11/11/2020;20:59:00;883;Acidente com vítima;69,1;BR-116/SP;Pista Sul;Engavetamento;1;5;1;0;0;0;1
11/11/2020;21:36:00;898;Acidente sem vítima;228;BR-116/SP;Pista Norte;Tombamento;1;1;0;0;0;0;1
12/11/2020;00:13:00;19;Acidente sem vítima;211,5;BR-116/SP;Pista Norte;Abalroamento longitudinal;1;3;0;0;0;0;1
12/11/2020;01:02:00;35;Acidente sem vítima;227;BR-116/SP;Pista Norte;Colisão traseira;1;5;0;0;0;0;1
12/11/2020;07:44:00;235;Acidente sem vítima;140,3;BR-116/SP;Pista Sul;Colisão traseira;2;2;0;0;0;0;1
12/11/2020;11:14:00;461;Acidente sem vítima;176,3;BR-116/RJ;Pista Sul;Abalroamento longitudinal;1;2;0;0;0;0;1
12/11/2020;11:23:00;468;Acidente sem vítima;223;BR-116/RJ;Pista Norte;Abalroamento longitudinal;1;3;0;0;0;0;1
12/11/2020;17:59:00;729;Acidente sem vítima;177,2;BR-116/RJ;Pista Sul;Abalroamento longitudinal;2;3;0;0;0;0;1
13/11/2020;05:29:00;137;Acidente com vítima;251,5;BR-116/RJ;Pista Sul;Colisão frontal;1;1;0;0;1;0;2
13/11/2020;05:35:00;138;Acidente sem vítima;190,2;BR-116/RJ;Pista Norte;Choque em defensa;1;1;0;0;0;0;1
13/11/2020;10:07:00;467;Acidente sem vítima;303;BR-116/RJ;Pista Norte;Abalroamento longitudinal;1;2;0;0;0;0;1
13/11/2020;15:11:00;714;Acidente sem vítima;168;BR-116/SP;Pista Norte;Abalroamento longitudinal;2;2;0;0;0;0;1
13/11/2020;15:20:00;722;Acidente sem vítima;175;BR-116/SP;Pista Sul;Abalroamento longitudinal;2;2;0;0;0;0;1
13/11/2020;18:06:00;865;Acidente com vítima;216,7;BR-116/SP;Pista Norte;Engavetamento;1;2;1;0;0;0;1
13/11/2020;18:39:00;892;Acidente com vítima;215,9;BR-116/SP;Pista Sul;Colisão traseira;1;1;1;0;0;0;1
14/11/2020;19:45:00;668;Acidente com vítima;153,5;BR-116/SP;Pista Sul;Colisão traseira;1;2;0;1;0;0;2
16/11/2020;06:10:00;117;Acidente sem vítima;207,8;BR-116/SP;Pista Sul;Engavetamento;2;6;0;0;0;0;1
16/11/2020;10:53:00;362;Acidente com vítima;205,55;BR-116/SP;Pista Sul;Colisão traseira;1;2;1;0;0;0;1
16/11/2020;17:39:00;640;Acidente sem vítima;202,6;BR-116/SP;Pista Norte;Colisão traseira;2;2;0;0;0;0;1
17/11/2020;04:47:00;103;Acidente com vítima;228,9;BR-116/SP;Pista Sul;Choque em defensa;1;1;1;0;0;0;1
17/11/2020;05:53:00;141;Acidente com vítima;220,1;BR-116/SP;Pista Sul;Engavetamento;1;47;1;0;0;0;1
17/11/2020;06:33:00;157;Acidente com vítima;173,4;BR-116/SP;Pista Sul;Choque em barreira New Jersey;1;2;0;0;0;0;1
17/11/2020;09:04:00;199;Acidente com vítima;180,5;BR-116/RJ;Pista Norte;Abalroamento longitudinal;1;1;2;0;0;0;1
17/11/2020;11:25:00;373;Acidente sem vítima;208,5;BR-116/RJ;Pista Norte;Choque em objeto fixo;1;1;0;0;0;0;1
17/11/2020;11:26:00;375;Acidente sem vítima;222,3;BR-116/RJ;Pista Norte;Colisão traseira;2;2;0;0;0;0;1
17/11/2020;13:11:00;423;Acidente sem vítima;306,29;BR-116/RJ;Pista Sul;Tombamento;1;1;0;0;0;0;1
17/11/2020;13:53:00;447;Acidente sem vítima;313,6;BR-116/RJ;Pista Norte;Abalroamento longitudinal;1;2;0;0;0;0;1
17/11/2020;17:08:00;555;Acidente com morte;22,3;BR-116/SP;Pista Norte;Tombamento;2;0;2;1;0;1;3
17/11/2020;20:43:00;660;Acidente sem vítima;31;BR-116/SP;Pista Norte;Colisão traseira;1;2;0;0;0;0;1
17/11/2020;22:54:00;717;Acidente com vítima;277,7;BR-116/RJ;Pista Sul;Colisão traseira;1;1;1;0;0;0;1
18/11/2020;03:15:00;74;Acidente sem vítima;220,7;BR-116/RJ;Pista Sul;Choque em objeto fixo;1;1;0;0;0;0;1
18/11/2020;03:47:00;87;Acidente sem vítima;229,8;BR-116/RJ;Pista Norte;Choque Talude;1;2;0;0;0;0;1
18/11/2020;07:48:00;235;Acidente sem vítima;181,9;BR-116/RJ;Pista Norte;Engavetamento;1;4;0;0;0;0;1
18/11/2020;10:37:00;412;Acidente sem vítima;223,3;BR-116/RJ;Pista Norte;Choque Talude;1;1;0;0;0;0;1
18/11/2020;11:18:00;448;Acidente sem vítima;208,5;BR-116/RJ;Pista Sul;Choque em defensa;1;1;0;0;0;0;1
18/11/2020;18:02:00;742;Acidente sem vítima;70,9;BR-116/SP;Pista Norte;Colisão traseira;1;2;0;0;0;0;1
18/11/2020;18:54:00;784;Acidente com vítima;103;BR-116/SP;Pista Sul;Choque em defensa;1;1;1;0;0;0;1
18/11/2020;19:44:00;823;Acidente com vítima;295,7;BR-116/RJ;Pista Norte;Engavetamento;1;0;4;0;0;0;1
19/11/2020;02:28:00;59;Acidente sem vítima;59;BR-116/SP;Pista Sul;Abalroamento longitudinal;1;3;0;0;0;0;1
19/11/2020;04:22:00;78;Acidente sem vítima;95,15;BR-116/SP;Pista Norte;Engavetamento;2;3;0;0;0;0;1
19/11/2020;06:56:00;173;Acidente sem vítima;289;BR-116/RJ;Pista Sul;Engavetamento;1;4;0;0;0;0;1
19/11/2020;12:24:00;468;Acidente com vítima;230,7;BR-116/SP;Pista Norte;Engavetamento;2;3;2;0;0;0;1
19/11/2020;13:36:00;517;Acidente sem vítima;207,97;BR-116/SP;Pista Sul;Colisão traseira;1;2;0;0;0;0;1
19/11/2020;17:26:00;676;Acidente sem vítima;175,2;BR-116/RJ;Pista Sul;Abalroamento longitudinal;1;2;0;0;0;0;1
20/11/2020;06:11:00;120;Acidente sem vítima;223,3;BR-116/RJ;Pista Norte;Colisão traseira;1;2;0;0;0;0;1
20/11/2020;08:09:00;212;Acidente sem vítima;241,5;BR-116/RJ;Pista Sul;Abalroamento longitudinal;1;2;0;0;0;0;1
20/11/2020;13:39:00;420;Acidente sem vítima;143,3;BR-116/SP;Pista Sul;Colisão traseira;1;2;0;0;0;0;1
21/11/2020;14:31:00;394;Acidente com vítima;262,2;BR-116/RJ;Pista Sul;Colisão traseira;2;1;1;0;0;0;1
21/11/2020;19:42:00;611;Acidente sem vítima;42,5;BR-116/SP;Pista Sul;Choque em barreira New Jersey;1;1;0;0;0;0;1
21/11/2020;20:56:00;644;Acidente sem vítima;145,3;BR-116/SP;Pista Sul;Abalroamento longitudinal;1;2;0;0;0;0;1
22/11/2020;04:45:00;90;Acidente sem vítima;193,6;BR-116/SP;Pista Sul;Choque em barreira New Jersey;1;2;0;0;0;0;1
22/11/2020;16:43:00;521;Acidente sem vítima;198,1;BR-116/SP;Pista Sul;Colisão traseira;1;2;0;0;0;0;1
22/11/2020;21:51:00;714;Acidente sem vítima;48,3;BR-116/SP;Pista Sul;Colisão traseira;1;4;0;0;0;0;1
23/11/2020;07:11:00;220;Acidente com vítima;187,53;BR-116/RJ;Pista Norte;Engavetamento;1;5;1;0;0;0;1
23/11/2020;07:58:00;274;Acidente com vítima;219,8;BR-116/SP;Pista Norte;Abalroamento longitudinal;1;1;2;0;0;0;1
23/11/2020;08:07:00;286;Acidente sem vítima;165,6;BR-116/RJ;Pista Norte;Engavetamento;2;3;0;0;0;0;1
23/11/2020;13:15:00;590;Acidente com vítima;323;BR-116/RJ;Pista Norte;Colisão traseira;1;1;0;3;0;0;2
23/11/2020;15:04:00;678;Acidente sem vítima;167,05;BR-116/RJ;Pista Sul;Tombamento;1;1;0;0;0;0;1
23/11/2020;15:36:00;717;Acidente com morte;140,5;BR-116/SP;Pista Norte;Colisão frontal;1;2;0;0;0;1;3
23/11/2020;18:22:00;845;Acidente com vítima;165,5;BR-116/RJ;Pista Sul;Colisão traseira;1;1;1;0;0;0;1
23/11/2020;20:35:00;924;Acidente sem vítima;239,7;BR-116/RJ;Pista Sul;Colisão traseira;2;2;0;0;0;0;1
23/11/2020;21:36:00;951;Acidente sem vítima;209,5;BR-116/SP;Pista Sul;Colisão traseira;2;4;0;0;0;0;1
24/11/2020;12:34:00;549;Acidente sem vítima;170,05;BR-116/RJ;Pista Norte;Abalroamento longitudinal;1;2;0;0;0;0;1
24/11/2020;13:41:00;586;Acidente sem vítima;224,4;BR-116/SP;Pista Norte;Colisão traseira;1;4;0;0;0;0;1
24/11/2020;18:57:00;841;Acidente sem vítima;229,8;BR-116/RJ;Pista Sul;Colisão traseira;1;3;0;0;0;0;1
25/11/2020;02:32:00;57;Acidente com vítima;39,5;BR-116/SP;Pista Sul;Colisão traseira;2;1;1;0;0;0;1
25/11/2020;05:36:00;107;Acidente com vítima;181,45;BR-116/RJ;Pista Norte;Engavetamento;1;1;1;2;0;0;2
25/11/2020;08:04:00;247;Acidente sem vítima;222;BR-116/RJ;Pista Norte;Colisão traseira;1;3;0;0;0;0;1
25/11/2020;08:25:00;260;Acidente sem vítima;132,1;BR-116/SP;Pista Sul;Colisão traseira;1;3;0;0;0;0;1
25/11/2020;15:27:00;593;Acidente com vítima;37,7;BR-116/SP;Pista Sul;Tombamento;1;0;1;0;0;0;1
25/11/2020;16:08:00;627;Acidente sem vítima;230,8;BR-116/SP;Pista Norte;Abalroamento longitudinal;1;2;0;0;0;0;1
25/11/2020;16:39:00;657;Acidente sem vítima;230,8;BR-116/SP;Pista Norte;Colisão traseira;1;2;0;0;0;0;1
25/11/2020;17:53:00;707;Acidente com vítima;139;BR-116/SP;Pista Norte;Queda de moto;1;1;0;1;0;0;2
25/11/2020;18:14:00;726;Acidente sem vítima;244,7;BR-116/RJ;Pista Norte;Colisão traseira;2;2;0;0;0;0;1
25/11/2020;23:30:00;908;Acidente com vítima;325,1;BR-116/RJ;Pista Norte;Colisão traseira;2;1;1;0;0;0;1
26/11/2020;08:17:00;314;Acidente sem vítima;152,8;BR-116/SP;Pista Norte;Abalroamento longitudinal;1;2;0;0;0;0;1
26/11/2020;08:31:00;332;Acidente sem vítima;318,9;BR-116/RJ;Pista Norte;Colisão traseira;2;2;0;0;0;0;1
26/11/2020;08:34:00;336;Acidente sem vítima;152,9;BR-116/SP;Pista Norte;Colisão traseira;1;3;0;0;0;0;1
26/11/2020;15:11:00;620;Acidente sem vítima;66,2;BR-116/SP;Pista Sul;Abalroamento longitudinal;1;2;0;0;0;0;1
26/11/2020;16:07:00;670;Acidente sem vítima;279;BR-116/RJ;Pista Norte;Colisão traseira;1;5;0;0;0;0;1
26/11/2020;16:42:00;703;Acidente sem vítima;165,2;BR-116/SP;Pista Norte;Colisão traseira;1;2;0;0;0;0;1
26/11/2020;17:18:00;723;Acidente sem vítima;260;BR-116/RJ;Pista Sul;Colisão traseira;2;2;0;0;0;0;1
26/11/2020;17:27:00;732;Acidente sem vítima;107;BR-116/SP;Pista Sul;Engavetamento;2;4;0;0;0;0;1
26/11/2020;17:59:00;754;Acidente com vítima;169,1;BR-116/RJ;Pista Sul;Colisão traseira;1;1;2;0;0;0;1
27/11/2020;01:56:00;52;Acidente sem vítima;183,3;BR-116/SP;Pista Sul;Abalroamento longitudinal;2;2;0;0;0;0;1
27/11/2020;03:28:00;89;Acidente sem vítima;138,5;BR-116/SP;Pista Norte;Choque em defensa;1;2;0;0;0;0;1
27/11/2020;04:00:00;103;Acidente sem vítima;222,4;BR-116/RJ;Pista Norte;Colisão traseira;1;2;0;0;0;0;1
27/11/2020;04:49:00;122;Acidente com vítima;158,1;BR-116/SP;Pista Sul;Colisão traseira;2;1;1;0;0;0;1
27/11/2020;06:49:00;225;Acidente com vítima;189,1;BR-116/RJ;Pista Sul;Colisão traseira;1;1;0;1;0;0;2
27/11/2020;09:54:00;397;Acidente com vítima;262,5;BR-116/RJ;Pista Sul;Engavetamento;2;6;1;0;0;0;1
27/11/2020;12:04:00;519;Acidente sem vítima;19,9;BR-116/SP;Pista Norte;Choque em objeto fixo;1;1;0;0;0;0;1
27/11/2020;13:49:00;596;Acidente sem vítima;259;BR-116/RJ;Pista Sul;Colisão traseira;1;2;0;0;0;0;1
27/11/2020;16:53:00;787;Acidente com vítima;297,7;BR-116/RJ;Pista Sul;Engavetamento;1;3;3;0;0;0;1
27/11/2020;17:02:00;791;Acidente com vítima;296,65;BR-116/RJ;Pista Sul;Colisão traseira;1;1;1;0;0;0;1
27/11/2020;17:48:00;833;Acidente sem vítima;176,3;BR-116/RJ;Pista Sul;Colisão traseira;1;2;0;0;0;0;1
27/11/2020;18:50:00;880;Acidente com vítima;34,35;BR-116/SP;Pista Norte;Tombamento;1;0;1;0;0;0;1
27/11/2020;22:19:00;996;Acidente sem vítima;214,6;BR-116/SP;Pista Norte;Engavetamento;1;3;0;0;0;0;1
28/11/2020;00:28:00;24;Acidente com vítima;165,2;BR-116/SP;Pista Norte;Colisão traseira;1;4;1;0;0;0;1
28/11/2020;08:50:00;251;Acidente sem vítima;223,7;BR-116/RJ;Pista Norte;Choque em objeto fixo;1;1;0;0;0;0;1
28/11/2020;08:59:00;262;Acidente com vítima;185,95;BR-116/RJ;Pista Sul;Colisão traseira;1;1;1;0;0;0;1
28/11/2020;09:24:00;286;Acidente com vítima;211,2;BR-116/SP;Pista Sul;Colisão traseira;1;4;2;0;0;0;1
28/11/2020;09:33:00;292;Acidente com vítima;184;BR-116/RJ;Pista Sul;Colisão traseira;1;1;1;0;0;0;1
29/11/2020;11:49:00;350;Acidente sem vítima;30,8;BR-116/SP;Pista Sul;Abalroamento longitudinal;1;2;0;0;0;0;1
29/11/2020;12:26:00;378;Acidente sem vítima;11,9;BR-116/SP;Pista Norte;Colisão traseira;1;3;0;0;0;0;1
29/11/2020;18:23:00;654;Acidente sem vítima;86,95;BR-116/SP;Pista Sul;Colisão traseira;1;3;0;0;0;0;1
29/11/2020;20:53:00;734;Acidente sem vítima;180;BR-116/RJ;Pista Norte;Abalroamento longitudinal;1;2;0;0;0;0;1
29/11/2020;22:09:00;774;Acidente com vítima;298,7;BR-116/RJ;Pista Sul;Colisão traseira;2;1;0;0;1;0;2
30/11/2020;02:03:00;52;Acidente sem vítima;248,9;BR-116/RJ;Pista Norte;Atropelamento de animal;1;1;0;0;0;0;1
30/11/2020;02:14:00;58;Acidente sem vítima;182,3;BR-116/SP;Pista Norte;Choque em objeto fixo;1;1;0;0;0;0;1
30/11/2020;04:27:00;75;Acidente sem vítima;0,8;BR-116/SP;Pista Norte;Choque em objeto fixo;2;2;0;0;0;0;1
30/11/2020;14:57:00;571;Acidente sem vítima;235,3;BR-116/RJ;Pista Norte;Abalroamento longitudinal;1;2;0;0;0;0;1
30/11/2020;15:41:00;608;Acidente sem vítima;269;BR-116/RJ;Pista Sul;Tombamento;1;1;0;0;0;0;1
30/11/2020;18:54:00;733;Acidente sem vítima;107,4;BR-116/SP;Pista Sul;Abalroamento longitudinal;1;3;0;0;0;0;1
30/11/2020;19:21:00;754;Acidente sem vítima;255;BR-116/RJ;Pista Sul;Colisão traseira;1;2;0;0;0;0;1
30/11/2020;20:31:00;794;Acidente sem vítima;257,4;BR-116/RJ;Pista Norte;Choque em objeto na pista;1;2;0;0;0;0;1
30/11/2020;22:02:00;838;Acidente com vítima;222,4;BR-116/SP;Pista Norte;Colisão traseira;1;1;1;0;0;0;1
01/12/2020;01:37:00;43;Acidente sem vítima;124;BR-116/SP;Pista Norte;Engavetamento;2;3;0;0;0;0;1
01/12/2020;04:14:00;79;Acidente sem vítima;191,8;BR-116/RJ;Pista Norte;Colisão traseira;2;2;0;0;0;0;1
01/12/2020;07:12:00;229;Acidente com vítima;236,4;BR-116/RJ;Pista Norte;Colisão traseira;3;2;1;0;0;0;1
01/12/2020;11:23:00;478;Acidente sem vítima;6,7;BR-116/SP;Pista Norte;Tombamento;1;3;0;0;0;0;1
01/12/2020;11:32:00;486;Acidente sem vítima;112,6;BR-116/SP;Pista Norte;Engavetamento;2;3;0;0;0;0;1
01/12/2020;16:41:00;679;Acidente sem vítima;287;BR-116/RJ;Pista Norte;Colisão traseira;1;2;0;0;0;0;1
01/12/2020;18:54:00;773;Acidente sem vítima;178;BR-116/RJ;Pista Sul;Abalroamento longitudinal;1;2;0;0;0;0;1
01/12/2020;19:07:00;782;Acidente com vítima;239,6;BR-116/RJ;Pista Norte;Tombamento;1;1;2;0;0;0;1
01/12/2020;19:35:00;802;Acidente sem vítima;158,5;BR-116/SP;Pista Norte;Abalroamento longitudinal;2;3;0;0;0;0;1
01/12/2020;20:42:00;843;Acidente com vítima;230,8;BR-116/RJ;Pista Sul;Tombamento;1;0;3;0;0;0;1
02/12/2020;00:32:00;24;Acidente sem vítima;222,5;BR-116/SP;Pista Norte;Choque em objeto na pista;1;2;0;0;0;0;1
02/12/2020;06:52:00;169;Acidente sem vítima;221,4;BR-116/RJ;Pista Sul;Choque em defensa;1;1;0;0;0;0;1
02/12/2020;11:29:00;499;Acidente com vítima;162,7;BR-116/SP;Pista Norte;Engavetamento;3;5;4;0;1;0;2
02/12/2020;15:12:00;645;Acidente com vítima;247;BR-116/RJ;Pista Norte;Colisão traseira;2;1;1;0;0;0;1
02/12/2020;20:39:00;882;Acidente sem vítima;188,9;BR-116/SP;Pista Sul;Abalroamento longitudinal;1;3;0;0;0;0;1
02/12/2020;23:55:00;961;Acidente sem vítima;165,3;BR-116/SP;Pista Sul;Abalroamento longitudinal;2;2;0;0;0;0;1
03/12/2020;00:20:00;16;Acidente sem vítima;185,6;BR-116/RJ;Pista Norte;Colisão traseira;1;4;0;0;0;0;1
03/12/2020;06:57:00;207;Acidente sem vítima;220,1;BR-116/RJ;Pista Sul;Abalroamento longitudinal;1;2;0;0;0;0;1
03/12/2020;08:03:00;299;Acidente sem vítima;273,2;BR-116/RJ;Pista Sul;Abalroamento longitudinal;1;2;0;0;0;0;1
03/12/2020;10:22:00;422;Acidente com vítima;185,95;BR-116/RJ;Pista Norte;Colisão traseira;1;1;1;0;0;0;1
03/12/2020;10:55:00;454;Acidente sem vítima;185,3;BR-116/RJ;Pista Norte;Tombamento;1;1;0;0;0;0;1
03/12/2020;17:14:00;732;Acidente sem vítima;51;BR-116/SP;Pista Sul;Colisão traseira;2;2;0;0;0;0;1
03/12/2020;23:00:00;926;Acidente com vítima;220,7;BR-116/SP;Pista Norte;Engavetamento;2;5;1;0;0;0;1
04/12/2020;00:45:00;28;Acidente sem vítima;59,5;BR-116/SP;Pista Norte;Choque em defensa;1;1;0;0;0;0;1
04/12/2020;01:25:00;35;Acidente sem vítima;223,5;BR-116/RJ;Pista Norte;Tombamento;1;1;0;0;0;0;1
04/12/2020;08:05:00;239;Acidente sem vítima;225,3;BR-116/RJ;Pista Norte;Abalroamento longitudinal;1;2;0;0;0;0;1
04/12/2020;09:24:00;319;Acidente com vítima;326,4;BR-116/RJ;Pista Sul;Choque Talude;1;0;1;0;0;0;1
04/12/2020;11:11:00;401;Acidente sem vítima;200,1;BR-116/RJ;Pista Norte;Tombamento;1;1;0;0;0;0;1
04/12/2020;14:56:00;536;Acidente sem vítima;262,3;BR-116/RJ;Pista Norte;Choque em objeto na pista;1;1;0;0;0;0;1
04/12/2020;20:31:00;805;Acidente sem vítima;318;BR-116/RJ;Pista Sul;Abalroamento longitudinal;1;2;0;0;0;0;1
04/12/2020;21:51:00;848;Acidente sem vítima;29,4;BR-116/SP;Pista Norte;Choque em objeto na pista;1;3;0;0;0;0;1