data;horario;n_da_ocorrencia;tipo_de_ocorrencia;km;trecho;sentido;tipo_de_acidente;caminhao;ilesos;levemente_feridos;moderadamente_feridos;gravemente_feridos;mortos;3
04/12/2020;22:34:00;867;Acidente com vítima;183,4;BR-116/SP;Pista Sul;Colisão traseira;2;1;0;1;0;0;2
05/12/2020;00:09:00;18;Acidente com vítima;191,6;BR-116/SP;Pista Norte;Tombamento;1;0;1;0;0;0;1
05/12/2020;11:17:00;343;Acidente com vítima;199;BR-116/RJ;Pista Norte;Abalroamento longitudinal;1;1;1;0;0;0;1
07/12/2020;21:14:00;809;Acidente sem vítima;222,2;BR-116/RJ;Pista Sul;Colisão traseira;2;5;0;0;0;0;1
10/12/2020;11:49:00;494;Acidente sem vítima;166,2;BR-116/SP;Pista Norte;Abalroamento longitudinal;1;2;0;0;0;0;1
10/12/2020;12:19:00;512;Acidente sem vítima;209,9;BR-116/SP;Pista Sul;Abalroamento longitudinal;1;2;0;0;0;0;1
10/12/2020;13:58:00;577;Acidente com vítima;224,1;BR-116/RJ;Pista Norte;Tombamento;1;1;2;0;0;0;1
25/12/2020;02:05:00;40;Acidente sem vítima;157,8;BR-116/SP;Pista Sul;Choque em barreira New Jersey;1;1;0;0;0;0;1
28/12/2020;12:35:00;369;Acidente com vítima;229,3;BR-116/SP;Pista Norte;Abalroamento longitudinal;1;2;1;0;0;0;1
05/12/2020;12:26:00;375;Acidente sem vítima;109,7;BR-116/SP;Pista Sul;Colisão traseira;1;3;0;0;0;0;1
05/12/2020;13:20:00;413;Acidente com vítima;180,7;BR-116/RJ;Pista Norte;Colisão traseira;1;1;1;0;0;0;1
05/12/2020;13:48:00;427;Acidente sem vítima;151,8;BR-116/SP;Pista Sul;Abalroamento longitudinal;1;5;0;0;0;0;1
05/12/2020;13:49:00;428;Acidente sem vítima;180,1;BR-116/RJ;Pista Sul;Abalroamento longitudinal;1;3;0;0;0;0;1
05/12/2020;16:49:00;520;Acidente sem vítima;71;BR-116/SP;Pista Norte;Colisão traseira;1;2;0;0;0;0;1
06/12/2020;13:43:00;367;Acidente sem vítima;213,75;BR-116/SP;Pista Norte;Colisão traseira;1;3;0;0;0;0;1
06/12/2020;23:22:00;659;Acidente sem vítima;30,7;BR-116/SP;Pista Sul;Colisão traseira;1;2;0;0;0;0;1
07/12/2020;02:25:00;43;Acidente com vítima;29,8;BR-116/SP;Pista Norte;Tombamento;1;0;1;0;0;0;1
07/12/2020;07:07:00;140;Acidente com vítima;194,4;BR-116/RJ;Pista Sul;Abalroamento longitudinal;1;3;1;0;0;0;1
07/12/2020;07:09:00;142;Acidente sem vítima;34,8;BR-116/SP;Pista Norte;Colisão traseira;1;2;0;0;0;0;1
07/12/2020;07:29:00;162;Acidente sem vítima;225;BR-116/SP;Pista Sul;Abalroamento longitudinal;1;4;0;0;0;0;1
07/12/2020;15:55:00;616;Acidente sem vítima;289,45;BR-116/RJ;Pista Sul;Choque em defensa;1;1;0;0;0;0;1
07/12/2020;17:39:00;683;Acidente com morte;235,65;BR-116/RJ;Pista Sul;Colisão traseira;2;5;0;0;0;1;3
07/12/2020;18:19:00;714;Acidente sem vítima;235,55;BR-116/RJ;Pista Sul;Colisão traseira;2;2;0;0;0;0;1
07/12/2020;18:20:00;715;Acidente com vítima;235,7;BR-116/RJ;Pista Sul;Colisão traseira;1;4;3;0;0;0;1
07/12/2020;18:20:00;716;Acidente sem vítima;235;BR-116/RJ;Pista Sul;Colisão traseira;1;2;0;0;0;0;1
07/12/2020;18:56:00;739;Acidente sem vítima;251;BR-116/RJ;Pista Norte;Colisão traseira;1;2;0;0;0;0;1
07/12/2020;21:17:00;810;Acidente sem vítima;141,1;BR-116/SP;Pista Norte;Tombamento;1;1;0;0;0;0;1
07/12/2020;23:07:00;853;Acidente com morte;55,9;BR-116/SP;Pista Norte;Colisão traseira;2;1;0;0;0;1;3
08/12/2020;00:58:00;31;Acidente sem vítima;53;BR-116/SP;Pista Norte;Colisão frontal;1;3;0;0;0;0;1
08/12/2020;03:07:00;54;Acidente sem vítima;166;BR-116/RJ;Pista Sul;Choque Talude;1;1;0;0;0;0;1
08/12/2020;07:04:00;206;Acidente sem vítima;207,1;BR-116/RJ;Pista Norte;Colisão traseira;1;2;0;0;0;0;1
08/12/2020;09:21:00;371;Acidente sem vítima;134,69;BR-116/SP;Pista Sul;Colisão traseira;2;2;0;0;0;0;1
08/12/2020;09:41:00;390;Acidente sem vítima;132,3;BR-116/SP;Pista Sul;Engavetamento;2;3;0;0;0;0;1
08/12/2020;11:23:00;490;Atropelamento sem morte;101,8;BR-116/SP;Pista Norte;Atropelamento de pedestre atravessando;1;1;1;0;0;0;1
08/12/2020;13:49:00;591;Acidente sem vítima;142,3;BR-116/SP;Pista Norte;Colisão traseira;1;2;0;0;0;0;1
08/12/2020;14:58:00;647;Acidente sem vítima;217,9;BR-116/SP;Pista Norte;Colisão traseira;1;82;0;0;0;0;1
09/12/2020;01:27:00;29;Acidente sem vítima;218,4;BR-116/RJ;Pista Sul;Engavetamento;4;4;0;0;0;0;1
09/12/2020;03:50:00;53;Acidente sem vítima;245,6;BR-116/RJ;Pista Norte;Colisão traseira;2;2;0;0;0;0;1
09/12/2020;07:02:00;154;Acidente sem vítima;167;BR-116/RJ;Pista Norte;Engavetamento;1;3;0;0;0;0;1
09/12/2020;12:09:00;466;Acidente com vítima;216,8;BR-116/SP;Pista Sul;Engavetamento;1;22;2;3;1;0;2
09/12/2020;19:48:00;812;Acidente sem vítima;280,3;BR-116/RJ;Pista Norte;Colisão traseira;1;2;0;0;0;0;1
09/12/2020;20:15:00;835;Acidente sem vítima;255,9;BR-116/RJ;Pista Sul;Colisão traseira;1;2;0;0;0;0;1
09/12/2020;23:22:00;913;Acidente sem vítima;300;BR-116/RJ;Pista Sul;Colisão traseira;1;2;0;0;0;0;1
10/12/2020;00:07:00;13;Acidente sem vítima;146,8;BR-116/SP;Pista Sul;Colisão traseira;1;2;0;0;0;0;1
10/12/2020;01:01:00;27;Acidente sem vítima;297,9;BR-116/RJ;Pista Norte;Choque em objeto fixo;1;1;0;0;0;0;1
10/12/2020;09:32:00;367;Acidente sem vítima;217,9;BR-116/SP;Pista Norte;Abalroamento longitudinal;1;2;0;0;0;0;1
10/12/2020;15:40:00;661;Acidente sem vítima;205;BR-116/SP;Pista Sul;Engavetamento;1;4;0;0;0;0;1
10/12/2020;17:37:00;748;Acidente sem vítima;146;BR-116/SP;Pista Norte;Outros;1;2;0;0;0;0;1
11/12/2020;01:32:00;40;Acidente sem vítima;85,4;BR-116/SP;Pista Norte;Colisão traseira;1;2;0;0;0;0;1
11/12/2020;04:08:00;88;Acidente com vítima;86,7;BR-116/SP;Pista Norte;Colisão traseira;2;1;2;0;0;0;1
11/12/2020;07:00:00;214;Acidente com vítima;180,1;BR-116/RJ;Pista Norte;Abalroamento longitudinal;1;1;0;0;1;0;2
11/12/2020;07:30:00;248;Atropelamento sem morte;107,6;BR-116/SP;Pista Norte;Atropelamento de pedestre atravessando;1;3;0;1;0;0;2
11/12/2020;07:47:00;266;Acidente sem vítima;22,5;BR-116/SP;Pista Norte;Choque em objeto na pista;1;2;0;0;0;0;1
11/12/2020;08:08:00;291;Acidente com vítima;212,5;BR-116/SP;Pista Norte;Colisão traseira;1;1;0;0;1;0;2
11/12/2020;09:15:00;369;Acidente sem vítima;210,8;BR-116/SP;Pista Sul;Colisão traseira;1;6;0;0;0;0;1
11/12/2020;09:34:00;378;Acidente sem vítima;310,1;BR-116/RJ;Pista Norte;Engavetamento;1;3;0;0;0;0;1
11/12/2020;09:59:00;411;Acidente com vítima;42,9;BR-116/SP;Pista Norte;Colisão traseira;1;3;2;0;0;0;1
11/12/2020;16:15:00;699;Acidente sem vítima;97,1;BR-116/SP;Pista Norte;Choque em barreira New Jersey;1;1;0;0;0;0;1
11/12/2020;16:56:00;729;Acidente sem vítima;170;BR-116/RJ;Pista Sul;Abalroamento longitudinal;1;2;0;0;0;0;1
11/12/2020;20:19:00;878;Acidente sem vítima;167;BR-116/RJ;Pista Sul;Abalroamento longitudinal;1;2;0;0;0;0;1
11/12/2020;22:27:00;960;Acidente com vítima;230,86;BR-116/SP;Pista Sul;Choque em veículo parado na pista;2;1;0;1;0;0;2
12/12/2020;02:16:00;52;Acidente com vítima;226,1;BR-116/RJ;Pista Norte;Tombamento;1;1;1;0;0;0;1
12/12/2020;03:08:00;61;Acidente com vítima;179,2;BR-116/RJ;Pista Sul;Colisão traseira;1;1;0;1;1;0;2
12/12/2020;05:42:00;93;Acidente sem vítima;185,3;BR-116/RJ;Pista Sul;Tombamento;1;1;0;0;0;0;1
12/12/2020;06:56:00;144;Acidente sem vítima;37,6;BR-116/SP;Pista Norte;Tombamento;1;1;0;0;0;0;1
12/12/2020;07:07:00;159;Acidente com vítima;305,1;BR-116/RJ;Pista Norte;Colisão traseira;1;1;0;0;1;0;2
12/12/2020;08:07:00;206;Acidente sem vítima;179,7;BR-116/RJ;Pista Sul;Colisão traseira;1;3;0;0;0;0;1
12/12/2020;09:50:00;287;Acidente sem vítima;158;BR-116/SP;Pista Sul;Choque em barreira New Jersey;1;1;0;0;0;0;1
12/12/2020;19:41:00;671;Acidente sem vítima;67,5;BR-116/SP;Pista Sul;Choque em objeto na pista;1;1;0;0;0;0;1
12/12/2020;20:20:00;702;Acidente com vítima;272,7;BR-116/RJ;Pista Sul;Tombamento;1;0;1;0;0;0;1
13/12/2020;17:42:00;552;Acidente com vítima;100,7;BR-116/SP;Pista Norte;Colisão traseira;2;1;1;0;0;0;1
13/12/2020;18:23:00;584;Acidente sem vítima;97,9;BR-116/SP;Pista Sul;Colisão traseira;2;2;0;0;0;0;1
13/12/2020;18:31:00;592;Acidente sem vítima;165;BR-116/SP;Pista Sul;Colisão traseira;2;2;0;0;0;0;1
14/12/2020;02:07:00;36;Acidente sem vítima;14;BR-116/SP;Pista Sul;Choque em objeto fixo;2;2;0;0;0;0;1
14/12/2020;02:44:00;43;Acidente sem vítima;266,3;BR-116/RJ;Pista Sul;Choque em defensa;1;1;0;0;0;0;1
14/12/2020;04:33:00;58;Acidente sem vítima;195,9;BR-116/SP;Pista Sul;Colisão traseira;2;2;0;0;0;0;1
14/12/2020;05:23:00;65;Acidente sem vítima;223,7;BR-116/RJ;Pista Norte;Colisão traseira;2;2;0;0;0;0;1
14/12/2020;05:47:00;71;Acidente com vítima;261,65;BR-116/RJ;Pista Norte;Tombamento;1;0;1;0;0;0;1
14/12/2020;11:18:00;398;Acidente sem vítima;208,6;BR-116/SP;Pista Norte;Engavetamento;1;3;0;0;0;0;1
14/12/2020;14:03:00;515;Acidente sem vítima;316;BR-116/RJ;Pista Norte;Colisão traseira;1;2;0;0;0;0;1
14/12/2020;14:07:00;516;Acidente com vítima;210,4;BR-116/SP;Pista Norte;Colisão traseira;2;2;1;0;0;0;1
14/12/2020;14:09:00;518;Acidente com vítima;221,1;BR-116/RJ;Pista Norte;Tombamento;1;0;0;2;0;0;2
14/12/2020;16:01:00;601;Acidente sem vítima;216,7;BR-116/SP;Pista Norte;Colisão traseira;1;3;0;0;0;0;1
14/12/2020;16:56:00;638;Acidente com vítima;23,75;BR-116/SP;Pista Norte;Choque em barreira New Jersey;2;0;2;0;0;0;1
14/12/2020;18:11:00;701;Acidente com vítima;178;BR-116/RJ;Pista Sul;Abalroamento longitudinal;1;1;1;0;0;0;1
14/12/2020;19:26:00;766;Acidente sem vítima;102,7;BR-116/SP;Pista Norte;Colisão traseira;1;2;0;0;0;0;1
14/12/2020;21:20:00;824;Acidente sem vítima;142,3;BR-116/SP;Pista Norte;Choque em objeto na pista;1;2;0;0;0;0;1
15/12/2020;00:48:00;27;Acidente sem vítima;146;BR-116/SP;Pista Norte;Choque em barreira New Jersey;1;2;0;0;0;0;1
15/12/2020;02:16:00;59;Acidente sem vítima;224,6;BR-116/SP;Pista Norte;Colisão traseira;1;2;0;0;0;0;1
15/12/2020;05:02:00;100;Acidente com vítima;197,3;BR-116/RJ;Pista Sul;Choque em defensa;1;0;1;0;0;0;1
15/12/2020;07:03:00;208;Acidente sem vítima;182,2;BR-116/RJ;Pista Norte;Colisão traseira;1;2;0;0;0;0;1
15/12/2020;10:42:00;441;Acidente sem vítima;274;BR-116/RJ;Pista Norte;Abalroamento longitudinal;1;2;0;0;0;0;1
15/12/2020;11:57:00;481;Acidente com vítima;265,4;BR-116/RJ;Pista Sul;Abalroamento longitudinal;1;1;0;1;0;0;2
15/12/2020;15:47:00;626;Acidente sem vítima;165,2;BR-116/SP;Pista Sul;Colisão traseira;2;2;0;0;0;0;1
15/12/2020;17:29:00;690;Acidente com vítima;216,7;BR-116/SP;Pista Sul;Colisão traseira;1;1;0;1;2;0;2
15/12/2020;18:01:00;724;Acidente sem vítima;151,6;BR-116/SP;Pista Sul;Abalroamento longitudinal;1;2;0;0;0;0;1
15/12/2020;21:39:00;868;Acidente com vítima;174,7;BR-116/RJ;Pista Sul;Choque em barreira New Jersey;1;1;1;0;0;0;1
15/12/2020;21:46:00;870;Acidente sem vítima;231;BR-116/SP;Pista Norte;Colisão traseira;1;4;0;0;0;0;1
15/12/2020;21:50:00;875;Atropelamento com morte;172,9;BR-116/RJ;Pista Sul;Atropelamento de pedestre atravessando;1;1;0;0;0;1;3
16/12/2020;00:17:00;18;Acidente sem vítima;227;BR-116/SP;Pista Sul;Colisão traseira;1;2;0;0;0;0;1
16/12/2020;00:25:00;20;Acidente com vítima;308;BR-116/RJ;Pista Norte;Engavetamento;1;1;0;3;0;0;2
16/12/2020;01:10:00;29;Acidente sem vítima;181,4;BR-116/RJ;Pista Norte;Abalroamento longitudinal;2;2;0;0;0;0;1
16/12/2020;03:05:00;52;Acidente sem vítima;141;BR-116/SP;Pista Norte;Choque em barreira New Jersey;1;1;0;0;0;0;1
16/12/2020;07:12:00;169;Acidente sem vítima;217,5;BR-116/RJ;Pista Norte;Colisão traseira;2;2;0;0;0;0;1
16/12/2020;07:13:00;171;Acidente sem vítima;141,25;BR-116/SP;Pista Sul;Engavetamento;2;6;0;0;0;0;1
16/12/2020;07:16:00;176;Acidente sem vítima;219;BR-116/SP;Pista Sul;Colisão traseira;1;2;0;0;0;0;1
16/12/2020;07:29:00;197;Acidente sem vítima;208,5;BR-116/SP;Pista Sul;Colisão traseira;1;2;0;0;0;0;1
16/12/2020;11:00:00;425;Acidente sem vítima;142,05;BR-116/SP;Pista Norte;Tombamento;1;3;0;0;0;0;1
16/12/2020;11:15:00;438;Acidente sem vítima;207,1;BR-116/SP;Pista Sul;Abalroamento longitudinal;2;3;0;0;0;0;1
16/12/2020;12:34:00;491;Acidente sem vítima;209,6;BR-116/SP;Pista Sul;Engavetamento;3;4;0;0;0;0;1
16/12/2020;13:09:00;510;Acidente sem vítima;86,95;BR-116/SP;Pista Sul;Colisão traseira;1;2;0;0;0;0;1
16/12/2020;14:00:00;547;Acidente sem vítima;175,8;BR-116/RJ;Pista Sul;Engavetamento;1;3;0;0;0;0;1
16/12/2020;14:40:00;576;Acidente sem vítima;112,4;BR-116/SP;Pista Norte;Choque em barreira New Jersey;1;1;0;0;0;0;1
16/12/2020;17:11:00;680;Acidente sem vítima;19,8;BR-116/SP;Pista Sul;Choque em barreira New Jersey;1;1;0;0;0;0;1
16/12/2020;18:11:00;724;Acidente sem vítima;56,2;BR-116/SP;Pista Norte;Choque Talude;1;1;0;0;0;0;1
16/12/2020;19:39:00;771;Acidente com vítima;72,7;BR-116/SP;Pista Sul;Abalroamento longitudinal;1;1;0;1;0;0;2
16/12/2020;22:27:00;859;Acidente sem vítima;81,4;BR-116/SP;Pista Norte;Abalroamento longitudinal;1;3;0;0;0;0;1
17/12/2020;03:40:00;80;Acidente sem vítima;153,4;BR-116/SP;Pista Sul;Choque em objeto na pista;1;1;0;0;0;0;1
17/12/2020;15:04:00;575;Acidente sem vítima;202,08;BR-116/RJ;Pista Sul;Tombamento;1;1;0;0;0;0;1
17/12/2020;22:06:00;898;Acidente sem vítima;42,7;BR-116/SP;Pista Norte;Colisão traseira;1;6;0;0;0;0;1
17/12/2020;23:41:00;933;Acidente sem vítima;203,8;BR-116/RJ;Pista Sul;Queda de ribanceira;1;1;0;0;0;0;1
18/12/2020;00:20:00;16;Acidente sem vítima;196,1;BR-116/SP;Pista Sul;Atropelamento de animal;1;2;0;0;0;0;1
18/12/2020;01:44:00;37;Acidente com vítima;278;BR-116/RJ;Pista Norte;Colisão traseira;2;1;0;1;0;0;2
18/12/2020;02:21:00;52;Acidente com vítima;293,15;BR-116/RJ;Pista Norte;Abalroamento longitudinal;2;1;1;0;0;0;1
18/12/2020;03:56:00;70;Acidente sem vítima;180,7;BR-116/RJ;Pista Norte;Colisão traseira;1;3;0;0;0;0;1
18/12/2020;09:23:00;328;Acidente com vítima;206,6;BR-116/SP;Pista Norte;Colisão traseira;1;3;2;0;0;0;1
18/12/2020;12:49:00;486;Acidente sem vítima;211,6;BR-116/SP;Pista Sul;Colisão traseira;1;2;0;0;0;0;1
18/12/2020;14:03:00;533;Acidente com vítima;225,4;BR-116/SP;Pista Sul;Abalroamento longitudinal;1;1;1;0;0;0;1
18/12/2020;14:12:00;537;Acidente sem vítima;176;BR-116/RJ;Pista Sul;Abalroamento longitudinal;1;2;0;0;0;0;1
18/12/2020;16:18:00;628;Acidente com vítima;216,9;BR-116/SP;Pista Sul;Engavetamento;3;8;2;0;0;0;1
18/12/2020;17:04:00;656;Acidente com vítima;322,7;BR-116/RJ;Pista Norte;Queda de ribanceira;1;0;0;3;0;0;2
18/12/2020;19:14:00;757;Acidente sem vítima;219,9;BR-116/SP;Pista Sul;Colisão traseira;1;3;0;0;0;0;1
18/12/2020;20:41:00;832;Acidente sem vítima;240,9;BR-116/RJ;Pista Norte;Choque em barreira New Jersey;1;1;0;0;0;0;1
18/12/2020;21:11:00;851;Acidente sem vítima;127,9;BR-116/SP;Pista Norte;Abalroamento longitudinal;1;4;0;0;0;0;1
18/12/2020;21:35:00;861;Acidente sem vítima;221;BR-116/RJ;Pista Sul;Colisão traseira;2;2;0;0;0;0;1
19/12/2020;06:51:00;177;Acidente com vítima;45,6;BR-116/SP;Pista Sul;Colisão traseira;2;1;0;1;0;0;2
19/12/2020;10:57:00;428;Acidente sem vítima;86,95;BR-116/SP;Pista Norte;Abalroamento longitudinal;1;2;0;0;0;0;1
19/12/2020;14:44:00;594;Acidente com vítima;203,2;BR-116/SP;Pista Sul;Colisão traseira;1;1;2;0;0;0;1
19/12/2020;16:28:00;674;Acidente sem vítima;141;BR-116/SP;Pista Sul;Abalroamento longitudinal;1;2;0;0;0;0;1
20/12/2020;01:55:00;39;Acidente sem vítima;196,9;BR-116/RJ;Pista Sul;Choque em defensa;1;1;0;0;0;0;1
20/12/2020;18:50:00;639;Acidente sem vítima;34,4;BR-116/SP;Pista Norte;Colisão traseira;2;2;0;0;0;0;1
20/12/2020;19:46:00;684;Acidente com vítima;309,15;BR-116/RJ;Pista Sul;Colisão traseira;1;1;0;2;0;0;2
20/12/2020;22:25:00;753;Acidente sem vítima;223,1;BR-116/RJ;Pista Norte;Tombamento;1;1;0;0;0;0;1
20/12/2020;23:08:00;768;Acidente sem vítima;138,9;BR-116/SP;Pista Sul;Colisão traseira;1;3;0;0;0;0;1
21/12/2020;06:11:00;145;Acidente sem vítima;95,1;BR-116/SP;Pista Norte;Colisão traseira;2;3;0;0;0;0;1
21/12/2020;12:36:00;522;Acidente com vítima;165,2;BR-116/SP;Pista Sul;Colisão traseira;1;1;1;0;0;0;1
21/12/2020;19:15:00;858;Acidente com vítima;34,9;BR-116/SP;Pista Sul;Choque em barreira New Jersey;1;0;1;0;0;0;1
22/12/2020;06:17:00;127;Acidente sem vítima;146,6;BR-116/SP;Pista Norte;Abalroamento longitudinal;1;4;0;0;0;0;1
22/12/2020;06:46:00;158;Acidente sem vítima;221,65;BR-116/RJ;Pista Norte;Colisão traseira;2;3;0;0;0;0;1
22/12/2020;08:21:00;254;Acidente sem vítima;113,1;BR-116/SP;Pista Norte;Abalroamento longitudinal;1;2;0;0;0;0;1
22/12/2020;13:51:00;526;Acidente com vítima;283,8;BR-116/RJ;Pista Sul;Engavetamento;1;4;1;1;0;0;2
22/12/2020;15:40:00;571;Acidente sem vítima;71,7;BR-116/SP;Pista Norte;Choque em objeto fixo;1;1;0;0;0;0;1
23/12/2020;08:22:00;228;Acidente sem vítima;136,9;BR-116/SP;Pista Sul;Colisão traseira;1;4;0;0;0;0;1
23/12/2020;09:57:00;323;Acidente sem vítima;142,5;BR-116/SP;Pista Sul;Colisão traseira;1;52;0;0;0;0;1
23/12/2020;12:19:00;425;Acidente com vítima;71,3;BR-116/SP;Pista Norte;Colisão traseira;1;31;2;0;0;0;1
23/12/2020;15:02:00;542;Acidente sem vítima;140,2;BR-116/SP;Pista Sul;Engavetamento;1;3;0;0;0;0;1
23/12/2020;15:20:00;557;Acidente sem vítima;207;BR-116/SP;Pista Sul;Colisão traseira;1;2;0;0;0;0;1
23/12/2020;16:14:00;607;Acidente sem vítima;56,5;BR-116/SP;Pista Norte;Colisão traseira;1;2;0;0;0;0;1
23/12/2020;17:13:00;640;Acidente sem vítima;225;BR-116/SP;Pista Norte;Colisão traseira;1;2;0;0;0;0;1
23/12/2020;18:54:00;718;Acidente com vítima;67;BR-116/SP;Pista Sul;Engavetamento;1;4;1;1;1;0;2
23/12/2020;19:59:00;767;Acidente sem vítima;260;BR-116/RJ;Pista Sul;Colisão traseira;1;2;0;0;0;0;1
23/12/2020;22:58:00;861;Acidente com vítima;23,2;BR-116/SP;Pista Sul;Colisão traseira;2;1;0;1;0;0;2
24/12/2020;00:03:00;14;Acidente sem vítima;199;BR-116/SP;Pista Sul;Colisão traseira;2;2;0;0;0;0;1
24/12/2020;03:42:00;89;Acidente sem vítima;171;BR-116/RJ;Pista Norte;Abalroamento longitudinal;2;2;0;0;0;0;1
24/12/2020;14:08:00;419;Acidente sem vítima;209,7;BR-116/RJ;Pista Sul;Choque em objeto fixo;1;1;0;0;0;0;1
24/12/2020;16:47:00;495;Acidente sem vítima;59;BR-116/SP;Pista Sul;Colisão traseira;1;2;0;0;0;0;1
25/12/2020;16:37:00;398;Acidente com vítima;163,5;BR-116/RJ;Pista Sul;Choque em barreira New Jersey;1;0;0;1;0;0;2
27/12/2020;07:29:00;83;Acidente sem vítima;165,2;BR-116/SP;Pista Norte;Colisão traseira;1;3;0;0;0;0;1
27/12/2020;10:52:00;200;Acidente sem vítima;222,1;BR-116/RJ;Pista Sul;Abalroamento longitudinal;1;6;0;0;0;0;1
27/12/2020;11:05:00;211;Acidente sem vítima;123,4;BR-116/SP;Pista Norte;Colisão traseira;1;2;0;0;0;0;1
27/12/2020;16:16:00;397;Acidente sem vítima;20,7;BR-116/SP;Pista Norte;Abalroamento longitudinal;2;2;0;0;0;0;1
28/12/2020;23:46:00;748;Acidente sem vítima;99;BR-116/SP;Pista Sul;Colisão traseira;2;3;0;0;0;0;1
29/12/2020;03:57:00;70;Acidente sem vítima;210,5;BR-116/SP;Pista Sul;Choque em defensa;1;1;0;0;0;0;1
29/12/2020;15:17:00;541;Acidente sem vítima;318,9;BR-116/RJ;Pista Sul;Colisão traseira;1;2;0;0;0;0;1
29/12/2020;19:08:00;709;Acidente sem vítima;216,7;BR-116/SP;Pista Norte;Tombamento;1;2;0;0;0;0;1
30/12/2020;02:27:00;61;Acidente com vítima;70,45;BR-116/SP;Pista Sul;Tombamento;1;1;0;1;0;0;2
30/12/2020;03:26:00;76;Acidente com vítima;59;BR-116/SP;Pista Norte;Tombamento;1;0;0;1;0;0;2
30/12/2020;03:58:00;79;Acidente com vítima;205;BR-116/RJ;Pista Norte;Colisão traseira;2;1;0;1;0;0;2
30/12/2020;11:14:00;441;Acidente sem vítima;175,4;BR-116/RJ;Pista Sul;Colisão traseira;1;2;0;0;0;0;1
30/12/2020;13:54:00;560;Acidente sem vítima;276,1;BR-116/RJ;Pista Sul;Abalroamento longitudinal;1;5;0;0;0;0;1
30/12/2020;21:23:00;905;Acidente com vítima;304;BR-116/RJ;Pista Sul;Colisão traseira;1;2;2;0;0;0;1
02/01/2021;08:54:00;167;Acidente sem vítima;164,2;BR-116/SP;Pista Norte;Abalroamento longitudinal;1;5;0;0;0;0;1
02/01/2021;13:33:00;286;Acidente sem vítima;62,6;BR-116/SP;Pista Norte;Choque em barreira New Jersey;1;1;0;0;0;0;1
10/01/2021;12:22:00;277;Acidente sem vítima;161;BR-116/SP;Pista Sul;Choque em barreira New Jersey;1;1;0;0;0;0;1
11/01/2021;17:53:00;618;Acidente com vítima;273,4;BR-116/RJ;Pista Sul;Choque em objeto fixo;1;0;1;0;0;0;1
12/01/2021;09:22:00;351;Acidente sem vítima;241;BR-116/RJ;Pista Norte;Choque em barreira New Jersey;1;1;0;0;0;0;1
03/01/2021;16:45:00;375;Acidente sem vítima;87,6;BR-116/SP;Pista Sul;Abalroamento longitudinal;1;6;0;0;0;0;1
03/01/2021;18:28:00;459;Acidente com vítima;230,8;BR-116/SP;Pista Norte;Abalroamento longitudinal;1;1;1;0;0;0;1
04/01/2021;08:02:00;190;Acidente sem vítima;91,4;BR-116/SP;Pista Sul;Capotamento;1;4;0;0;0;0;1
04/01/2021;09:34:00;256;Acidente sem vítima;278,1;BR-116/RJ;Pista Norte;Colisão traseira;1;7;0;0;0;0;1
05/01/2021;10:52:00;348;Acidente com vítima;312,68;BR-116/RJ;Pista Sul;Queda de ribanceira;1;0;1;0;0;0;1
05/01/2021;18:01:00;608;Acidente sem vítima;169,2;BR-116/RJ;Pista Sul;Colisão traseira;2;2;0;0;0;0;1
06/01/2021;07:18:00;153;Acidente sem vítima;65,5;BR-116/SP;Pista Sul;Colisão traseira;1;4;0;0;0;0;1
06/01/2021;07:47:00;182;Acidente sem vítima;135,4;BR-116/SP;Pista Norte;Outros;1;1;0;0;0;0;1
06/01/2021;08:08:00;200;Acidente com vítima;135,6;BR-116/SP;Pista Sul;Engavetamento;1;8;0;1;0;0;2
06/01/2021;09:45:00;299;Acidente sem vítima;89,95;BR-116/SP;Pista Norte;Engavetamento;1;3;0;0;0;0;1
06/01/2021;10:30:00;348;Atropelamento sem morte;286;BR-116/RJ;Pista Norte;Atropelamento de pedestre atravessando;1;1;1;0;0;0;1
06/01/2021;11:49:00;392;Acidente sem vítima;225,75;BR-116/RJ;Pista Norte;Choque em barreira New Jersey;1;1;0;0;0;0;1
06/01/2021;15:52:00;571;Acidente sem vítima;329,75;BR-116/RJ;Pista Sul;Choque em barreira New Jersey;1;1;0;0;0;0;1
06/01/2021;16:23:00;592;Acidente sem vítima;139;BR-116/SP;Pista Sul;Colisão traseira;1;2;0;0;0;0;1
06/01/2021;16:33:00;600;Acidente sem vítima;244,56;BR-116/RJ;Pista Norte;Choque em objeto fixo;1;1;0;0;0;0;1
06/01/2021;17:45:00;634;Acidente sem vítima;174,4;BR-116/RJ;Pista Sul;Colisão traseira;2;2;0;0;0;0;1
07/01/2021;10:01:00;403;Acidente com vítima;119;BR-116/SP;Pista Sul;Colisão traseira;2;1;0;1;0;0;2
07/01/2021;16:24:00;639;Acidente com vítima;166,9;BR-116/SP;Pista Sul;Choque em barreira New Jersey;3;3;2;0;0;0;1
07/01/2021;19:11:00;766;Acidente sem vítima;145,8;BR-116/SP;Pista Norte;Abalroamento transversal;1;3;0;0;0;0;1