data;horario;n_da_ocorrencia;tipo_de_ocorrencia;km;trecho;sentido;tipo_de_acidente;caminhao;ilesos;levemente_feridos;moderadamente_feridos;gravemente_feridos;mortos;3
08/01/2021;12:11:00;445;Acidente com vítima;103,2;BR-116/SP;Pista Norte;Tombamento;1;1;1;0;0;0;1
08/01/2021;12:58:00;476;Acidente com vítima;306,1;BR-116/RJ;Pista Sul;Engavetamento;1;3;0;1;0;0;2
09/01/2021;04:10:00;56;Acidente com vítima;173,6;BR-116/SP;Pista Sul;Colisão traseira;1;25;0;1;0;0;2
09/01/2021;04:57:00;68;Acidente sem vítima;238;BR-116/RJ;Pista Sul;Abalroamento longitudinal;1;3;0;0;0;0;1
09/01/2021;05:15:00;74;Acidente com vítima;165;BR-116/RJ;Pista Norte;Abalroamento longitudinal;1;0;2;0;0;0;1
09/01/2021;14:34:00;388;Acidente sem vítima;176;BR-116/RJ;Pista Sul;Colisão traseira;1;2;0;0;0;0;1
09/01/2021;19:35:00;544;Acidente com vítima;37,9;BR-116/SP;Pista Norte;Choque em barreira New Jersey;1;1;1;0;0;0;1
10/01/2021;02:25:00;33;Acidente sem vítima;307,58;BR-116/RJ;Pista Norte;Atropelamento de animal;1;1;0;0;0;0;1
10/01/2021;10:45:00;237;Acidente sem vítima;318,9;BR-116/RJ;Pista Norte;Choque em objeto fixo;1;1;0;0;0;0;1
10/01/2021;15:56:00;366;Acidente com vítima;16,3;BR-116/SP;Pista Sul;Choque em objeto fixo;1;0;1;0;0;0;1
10/01/2021;16:23:00;381;Acidente com vítima;122,95;BR-116/SP;Pista Norte;Colisão traseira;1;2;2;0;0;0;1
10/01/2021;18:04:00;442;Acidente sem vítima;239,7;BR-116/RJ;Pista Norte;Choque em defensa;1;1;0;0;0;0;1
10/01/2021;18:05:00;443;Acidente sem vítima;188,9;BR-116/RJ;Pista Sul;Colisão traseira;1;2;0;0;0;0;1
11/01/2021;04:26:00;58;Acidente sem vítima;222,1;BR-116/RJ;Pista Norte;Abalroamento longitudinal;2;2;0;0;0;0;1
11/01/2021;04:30:00;59;Acidente com vítima;44,4;BR-116/SP;Pista Norte;Colisão traseira;1;2;0;1;0;0;2
11/01/2021;10:59:00;369;Acidente sem vítima;86,95;BR-116/SP;Pista Sul;Colisão traseira;1;2;0;0;0;0;1
11/01/2021;12:52:00;435;Acidente com vítima;198;BR-116/RJ;Pista Sul;Abalroamento longitudinal;1;2;0;1;0;0;2
11/01/2021;22:09:00;771;Acidente sem vítima;280,9;BR-116/RJ;Pista Sul;Colisão traseira;1;3;0;0;0;0;1
11/01/2021;23:18:00;798;Acidente com vítima;280,9;BR-116/RJ;Pista Sul;Engavetamento;2;2;0;2;0;0;2
11/01/2021;23:31:00;805;Acidente sem vítima;200;BR-116/SP;Pista Norte;Choque em objeto na pista;1;1;0;0;0;0;1
12/01/2021;01:47:00;54;Acidente sem vítima;245,2;BR-116/RJ;Pista Norte;Choque em barreira New Jersey;1;1;0;0;0;0;1
12/01/2021;01:47:00;55;Acidente sem vítima;198,9;BR-116/SP;Pista Sul;Colisão traseira;1;2;0;0;0;0;1
12/01/2021;03:59:00;89;Acidente com morte;258;BR-116/RJ;Pista Norte;Colisão traseira;2;1;0;0;0;1;3
12/01/2021;07:45:00;252;Acidente sem vítima;219,5;BR-116/SP;Pista Sul;Engavetamento;1;4;0;0;0;0;1
12/01/2021;08:53:00;314;Acidente sem vítima;147;BR-116/SP;Pista Sul;Colisão traseira;2;2;0;0;0;0;1
12/01/2021;08:55:00;318;Atropelamento sem morte;268;BR-116/RJ;Pista Norte;Atropelamento de pedestre atravessando;1;1;1;0;0;0;1
12/01/2021;10:36:00;412;Acidente sem vítima;199,6;BR-116/RJ;Pista Sul;Abalroamento longitudinal;1;2;0;0;0;0;1
12/01/2021;14:02:00;519;Acidente sem vítima;177,41;BR-116/SP;Pista Norte;Choque em objeto na pista;2;2;0;0;0;0;1
13/01/2021;04:44:00;85;Acidente com vítima;142,55;BR-116/SP;Pista Norte;Colisão traseira;1;0;6;1;0;0;2
13/01/2021;10:01:00;343;Acidente sem vítima;123,5;BR-116/SP;Pista Sul;Colisão traseira;1;2;0;0;0;0;1
13/01/2021;11:52:00;416;Acidente sem vítima;121,8;BR-116/SP;Pista Sul;Engavetamento;1;3;0;0;0;0;1
13/01/2021;12:02:00;425;Acidente sem vítima;165,6;BR-116/SP;Pista Sul;Abalroamento longitudinal;1;2;0;0;0;0;1
13/01/2021;13:25:00;471;Acidente sem vítima;218;BR-116/SP;Pista Sul;Colisão traseira;2;2;0;0;0;0;1
14/01/2021;00:24:00;18;Acidente sem vítima;232,2;BR-116/RJ;Pista Norte;Choque em barreira New Jersey;1;3;0;0;0;0;1
14/01/2021;05:57:00;91;Acidente sem vítima;184,8;BR-116/RJ;Pista Norte;Abalroamento longitudinal;1;2;0;0;0;0;1
14/01/2021;08:25:00;222;Acidente sem vítima;167,9;BR-116/SP;Pista Norte;Abalroamento longitudinal;2;2;0;0;0;0;1
14/01/2021;11:52:00;385;Acidente com vítima;308,2;BR-116/RJ;Pista Sul;Engavetamento;1;3;1;0;0;0;1
14/01/2021;13:03:00;420;Acidente sem vítima;131;BR-116/SP;Pista Norte;Colisão traseira;1;2;0;0;0;0;1
14/01/2021;14:32:00;487;Acidente sem vítima;222,3;BR-116/SP;Pista Norte;Abalroamento longitudinal;2;3;0;0;0;0;1
14/01/2021;17:59:00;618;Acidente com vítima;38;BR-116/SP;Pista Norte;Choque em barreira New Jersey;2;4;0;1;0;0;2
14/01/2021;18:41:00;645;Acidente sem vítima;93,7;BR-116/SP;Pista Norte;Choque em barreira New Jersey;1;1;0;0;0;0;1
15/01/2021;05:35:00;70;Acidente sem vítima;265,8;BR-116/RJ;Pista Norte;Choque em barreira New Jersey;1;1;0;0;0;0;1
15/01/2021;06:27:00;101;Acidente sem vítima;269,6;BR-116/RJ;Pista Norte;Colisão traseira;1;2;0;0;0;0;1
15/01/2021;06:37:00;104;Acidente com vítima;269,6;BR-116/RJ;Pista Norte;Engavetamento;1;2;1;0;0;0;1
15/01/2021;12:39:00;396;Acidente sem vítima;264;BR-116/RJ;Pista Sul;Colisão traseira;1;4;0;0;0;0;1
17/01/2021;10:25:00;212;Acidente com vítima;40,4;BR-116/SP;Pista Norte;Colisão traseira;2;3;0;1;0;0;2
20/01/2021;06:16:00;78;Acidente sem vítima;206,7;BR-116/SP;Pista Sul;Colisão traseira;1;2;0;0;0;0;1
22/01/2021;11:53:00;367;Acidente sem vítima;151,55;BR-116/SP;Pista Sul;Abalroamento longitudinal;1;4;0;0;0;0;1
31/01/2021;09:55:00;291;Acidente sem vítima;165,2;BR-116/SP;Pista Sul;Colisão traseira;2;2;0;0;0;0;1
15/01/2021;17:50:00;579;Acidente sem vítima;154,6;BR-116/SP;Pista Norte;Choque em objeto fixo;1;1;0;0;0;0;1
15/01/2021;21:24:00;731;Acidente com morte;198,95;BR-116/SP;Pista Sul;Abalroamento longitudinal;1;1;0;0;0;1;3
15/01/2021;22:05:00;758;Acidente sem vítima;180,8;BR-116/SP;Pista Sul;Abalroamento longitudinal;1;3;0;0;0;0;1
16/01/2021;01:44:00;37;Acidente com vítima;44,2;BR-116/SP;Pista Norte;Atropelamento de animal;1;3;1;0;0;0;1
16/01/2021;18:24:00;557;Acidente sem vítima;225;BR-116/SP;Pista Norte;Abalroamento longitudinal;1;2;0;0;0;0;1
17/01/2021;17:49:00;433;Acidente sem vítima;155,6;BR-116/SP;Pista Sul;Abalroamento longitudinal;1;3;0;0;0;0;1
17/01/2021;19:01:00;483;Acidente sem vítima;227;BR-116/RJ;Pista Norte;Colisão traseira;1;1;0;0;0;0;1
18/01/2021;05:22:00;75;Acidente sem vítima;266;BR-116/RJ;Pista Norte;Abalroamento longitudinal;2;2;0;0;0;0;1
18/01/2021;06:41:00;105;Acidente sem vítima;208;BR-116/RJ;Pista Norte;Colisão traseira;2;2;0;0;0;0;1
18/01/2021;10:07:00;313;Acidente sem vítima;226;BR-116/SP;Pista Sul;Engavetamento;2;7;0;0;0;0;1
18/01/2021;13:00:00;414;Acidente sem vítima;267,45;BR-116/RJ;Pista Sul;Choque Talude;1;1;0;0;0;0;1
18/01/2021;15:27:00;513;Acidente sem vítima;182,2;BR-116/RJ;Pista Norte;Colisão traseira;2;2;0;0;0;0;1
18/01/2021;16:20:00;554;Acidente com vítima;38,1;BR-116/SP;Pista Norte;Tombamento;1;0;1;0;0;0;1
18/01/2021;21:11:00;727;Acidente sem vítima;202,83;BR-116/SP;Pista Sul;Choque em veículo parado na pista;2;3;0;0;0;0;1
18/01/2021;22:54:00;768;Acidente sem vítima;30,4;BR-116/SP;Pista Norte;Colisão traseira;1;2;0;0;0;0;1
19/01/2021;00:47:00;25;Acidente com vítima;286;BR-116/RJ;Pista Norte;Colisão traseira;2;1;0;1;0;0;2
19/01/2021;07:52:00;162;Acidente sem vítima;165,8;BR-116/RJ;Pista Norte;Engavetamento;2;4;0;0;0;0;1
19/01/2021;11:20:00;346;Acidente com vítima;46,8;BR-116/SP;Pista Norte;Colisão traseira;1;1;0;1;0;0;2
19/01/2021;15:44:00;500;Acidente com vítima;309,6;BR-116/RJ;Pista Norte;Colisão traseira;1;1;5;0;0;0;1
19/01/2021;16:10:00;520;Acidente com vítima;221;BR-116/SP;Pista Norte;Engavetamento;1;22;2;0;0;0;1
19/01/2021;18:19:00;595;Acidente com vítima;220,3;BR-116/RJ;Pista Sul;Tombamento;1;0;0;1;0;0;2
19/01/2021;18:35:00;601;Acidente sem vítima;72;BR-116/SP;Pista Sul;Choque Talude;1;1;0;0;0;0;1
19/01/2021;19:49:00;635;Acidente sem vítima;223,5;BR-116/SP;Pista Norte;Colisão traseira;1;2;0;0;0;0;1
20/01/2021;17:04:00;572;Acidente sem vítima;274;BR-116/RJ;Pista Norte;Abalroamento longitudinal;1;2;0;0;0;0;1
20/01/2021;22:00:00;764;Acidente sem vítima;82;BR-116/SP;Pista Norte;Colisão traseira;2;2;0;0;0;0;1
20/01/2021;22:34:00;774;Acidente sem vítima;229,3;BR-116/RJ;Pista Sul;Choque em barreira New Jersey;1;1;0;0;0;0;1
21/01/2021;01:58:00;54;Acidente com vítima;270;BR-116/RJ;Pista Sul;Colisão traseira;1;1;1;0;0;0;1
21/01/2021;05:54:00;125;Acidente sem vítima;221,5;BR-116/RJ;Pista Norte;Colisão traseira;1;2;0;0;0;0;1
21/01/2021;05:59:00;132;Acidente com vítima;178,8;BR-116/RJ;Pista Norte;Engavetamento;2;5;1;0;0;0;1
21/01/2021;08:02:00;242;Acidente com vítima;186,2;BR-116/RJ;Pista Norte;Engavetamento;1;3;1;0;0;0;1
21/01/2021;11:30:00;412;Acidente com vítima;96,3;BR-116/SP;Pista Norte;Colisão traseira;3;3;1;0;0;0;1
21/01/2021;23:16:00;865;Acidente sem vítima;224,7;BR-116/RJ;Pista Norte;Abalroamento longitudinal;1;2;0;0;0;0;1
22/01/2021;07:42:00;173;Acidente com morte;174,6;BR-116/SP;Pista Sul;Tombamento;1;0;0;0;0;1;3
22/01/2021;10:12:00;300;Acidente sem vítima;318,5;BR-116/RJ;Pista Norte;Colisão traseira;1;2;0;0;0;0;1
22/01/2021;11:10:00;343;Acidente sem vítima;227,8;BR-116/SP;Pista Norte;Engavetamento;1;5;0;0;0;0;1
22/01/2021;14:13:00;454;Acidente sem vítima;182,3;BR-116/SP;Pista Norte;Colisão traseira;1;5;0;0;0;0;1
22/01/2021;14:29:00;465;Acidente sem vítima;219,1;BR-116/SP;Pista Norte;Abalroamento longitudinal;2;3;0;0;0;0;1
23/01/2021;04:18:00;75;Acidente com vítima;301,8;BR-116/RJ;Pista Norte;Colisão traseira;1;1;2;1;1;0;2
23/01/2021;08:00:00;203;Acidente sem vítima;111,5;BR-116/SP;Pista Sul;Abalroamento longitudinal;1;2;0;0;0;0;1
23/01/2021;23:31:00;699;Acidente sem vítima;178,3;BR-116/RJ;Pista Sul;Engavetamento;1;4;0;0;0;0;1
24/01/2021;09:23:00;160;Acidente sem vítima;318,9;BR-116/RJ;Pista Sul;Colisão traseira;1;2;0;0;0;0;1
24/01/2021;19:05:00;484;Acidente sem vítima;116,28;BR-116/SP;Pista Sul;Abalroamento longitudinal;1;3;0;0;0;0;1
25/01/2021;16:31:00;663;Acidente com vítima;272,7;BR-116/RJ;Pista Sul;Tombamento;1;0;1;0;0;0;1
25/01/2021;22:37:00;873;Acidente sem vítima;67;BR-116/SP;Pista Norte;Colisão traseira;2;2;0;0;0;0;1
26/01/2021;02:57:00;57;Acidente com vítima;222,4;BR-116/RJ;Pista Norte;Tombamento;1;0;0;1;0;0;2
26/01/2021;04:32:00;77;Acidente sem vítima;223,1;BR-116/RJ;Pista Norte;Colisão traseira;1;13;0;0;0;0;1
26/01/2021;11:37:00;476;Acidente sem vítima;180,8;BR-116/SP;Pista Sul;Choque em objeto fixo;2;2;0;0;0;0;1
26/01/2021;13:41:00;546;Acidente sem vítima;160;BR-116/SP;Pista Sul;Colisão traseira;2;2;0;0;0;0;1
26/01/2021;15:51:00;641;Acidente sem vítima;63,4;BR-116/SP;Pista Sul;Abalroamento longitudinal;1;2;0;0;0;0;1
26/01/2021;17:23:00;709;Acidente sem vítima;131;BR-116/SP;Pista Norte;Choque em objeto na pista;1;1;0;0;0;0;1
26/01/2021;17:44:00;718;Acidente sem vítima;131;BR-116/SP;Pista Norte;Choque em objeto na pista;1;1;0;0;0;0;1
27/01/2021;09:27:00;379;Acidente sem vítima;224,5;BR-116/SP;Pista Norte;Choque em objeto na pista;1;4;0;0;0;0;1
27/01/2021;14:32:00;615;Acidente sem vítima;215,2;BR-116/SP;Pista Norte;Colisão traseira;1;2;0;0;0;0;1
27/01/2021;16:08:00;724;Acidente sem vítima;213;BR-116/RJ;Pista Norte;Choque em defensa;1;1;0;0;0;0;1
27/01/2021;23:23:00;968;Acidente sem vítima;220,5;BR-116/RJ;Pista Norte;Choque em defensa;1;1;0;0;0;0;1
28/01/2021;13:27:00;545;Acidente sem vítima;140,1;BR-116/SP;Pista Sul;Colisão traseira;2;2;0;0;0;0;1
28/01/2021;14:14:00;575;Acidente sem vítima;51,2;BR-116/SP;Pista Sul;Colisão traseira;1;2;0;0;0;0;1
28/01/2021;17:51:00;734;Acidente sem vítima;154;BR-116/SP;Pista Sul;Abalroamento longitudinal;1;3;0;0;0;0;1
28/01/2021;19:48:00;843;Acidente com vítima;270;BR-116/RJ;Pista Sul;Colisão traseira;2;0;2;0;0;0;1
28/01/2021;20:36:00;867;Acidente sem vítima;133,76;BR-116/SP;Pista Sul;Abalroamento longitudinal;1;3;0;0;0;0;1
28/01/2021;21:50:00;909;Acidente sem vítima;126,45;BR-116/SP;Pista Sul;Choque em objeto na pista;1;1;0;0;0;0;1
29/01/2021;00:18:00;16;Acidente com vítima;181;BR-116/RJ;Pista Sul;Engavetamento;1;2;1;0;0;0;1
29/01/2021;02:56:00;48;Acidente sem vítima;183,6;BR-116/SP;Pista Sul;Colisão traseira;2;2;0;0;0;0;1
29/01/2021;05:04:00;70;Acidente sem vítima;222,5;BR-116/RJ;Pista Norte;Tombamento;1;1;0;0;0;0;1
29/01/2021;10:10:00;366;Acidente sem vítima;92;BR-116/SP;Pista Norte;Colisão traseira;2;2;0;0;0;0;1
29/01/2021;13:26:00;505;Acidente sem vítima;231,6;BR-116/SP;Pista Sul;Colisão traseira;1;2;0;0;0;0;1
30/01/2021;04:33:00;94;Acidente sem vítima;6,6;BR-116/SP;Pista Norte;Choque em objeto fixo;1;1;0;0;0;0;1
30/01/2021;04:50:00;98;Acidente sem vítima;225,1;BR-116/RJ;Pista Sul;Choque em barreira New Jersey;1;1;0;0;0;0;1
30/01/2021;10:13:00;294;Acidente com vítima;104,45;BR-116/SP;Pista Norte;Engavetamento;3;6;0;1;0;0;2
30/01/2021;10:58:00;329;Acidente com vítima;174,1;BR-116/SP;Pista Norte;Colisão traseira;1;1;1;0;0;0;1
30/01/2021;11:34:00;349;Acidente com vítima;261;BR-116/RJ;Pista Norte;Abalroamento longitudinal;1;2;2;0;0;0;1
30/01/2021;13:57:00;434;Acidente sem vítima;156,5;BR-116/SP;Pista Norte;Abalroamento longitudinal;1;3;0;0;0;0;1
30/01/2021;16:57:00;517;Acidente sem vítima;256,32;BR-116/RJ;Pista Sul;Colisão traseira;2;2;0;0;0;0;1
30/01/2021;19:45:00;631;Acidente sem vítima;188;BR-116/RJ;Pista Norte;Engavetamento;1;5;0;0;0;0;1
31/01/2021;02:05:00;45;Acidente com vítima;228,9;BR-116/SP;Pista Sul;Colisão traseira;2;1;0;1;0;0;2
31/01/2021;09:49:00;290;Acidente sem vítima;220,7;BR-116/SP;Pista Sul;Abalroamento longitudinal;1;2;0;0;0;0;1
31/01/2021;19:13:00;649;Acidente sem vítima;155,3;BR-116/SP;Pista Sul;Abalroamento longitudinal;1;2;0;0;0;0;1
31/01/2021;19:57:00;675;Acidente sem vítima;269;BR-116/RJ;Pista Sul;Colisão traseira;1;2;0;0;0;0;1
31/01/2021;21:26:00;713;Acidente com vítima;180,8;BR-116/SP;Pista Sul;Choque em veículo parado na pista;1;3;2;0;0;0;1
01/02/2021;07:19:00;161;Acidente sem vítima;168,4;BR-116/RJ;Pista Norte;Colisão traseira;1;3;0;0;0;0;1
01/02/2021;07:49:00;208;Acidente sem vítima;139,1;BR-116/SP;Pista Sul;Colisão traseira;1;4;0;0;0;0;1
01/02/2021;11:31:00;374;Acidente sem vítima;310,4;BR-116/RJ;Pista Norte;Abalroamento longitudinal;1;2;0;0;0;0;1
01/02/2021;11:37:00;378;Acidente sem vítima;208,5;BR-116/RJ;Pista Norte;Colisão traseira;1;2;0;0;0;0;1
02/02/2021;10:00:00;351;Acidente sem vítima;0,2;BR-116/SP;Pista Norte;Choque em objeto na pista;1;1;0;0;0;0;1
02/02/2021;13:12:00;460;Acidente sem vítima;177;BR-116/RJ;Pista Sul;Colisão traseira;1;6;0;0;0;0;1
02/02/2021;15:27:00;556;Acidente com vítima;217,35;BR-116/SP;Pista Norte;Abalroamento longitudinal;1;2;1;0;0;0;1
11/02/2021;08:58:00;260;Acidente sem vítima;218,5;BR-116/SP;Pista Sul;Colisão traseira;1;2;0;0;0;0;1
13/02/2021;10:11:00;265;Acidente sem vítima;228,05;BR-116/RJ;Pista Norte;Colisão traseira;2;4;0;0;0;0;1
02/02/2021;23:32:00;820;Acidente sem vítima;101,5;BR-116/SP;Pista Norte;Colisão traseira;2;2;0;0;0;0;1
03/02/2021;07:13:00;148;Acidente sem vítima;163,2;BR-116/SP;Pista Norte;Choque em objeto na pista;1;1;0;0;0;0;1
03/02/2021;11:56:00;380;Acidente com vítima;108;BR-116/SP;Pista Norte;Abalroamento longitudinal;1;7;1;0;0;0;1
03/02/2021;15:11:00;506;Acidente sem vítima;330;BR-116/RJ;Pista Norte;Colisão traseira;2;2;0;0;0;0;1
03/02/2021;21:05:00;766;Acidente sem vítima;224;BR-116/RJ;Pista Sul;Choque em barreira New Jersey;1;1;0;0;0;0;1
04/02/2021;01:40:00;35;Acidente com vítima;247,6;BR-116/RJ;Pista Norte;Choque em objeto fixo;2;1;1;0;0;0;1
04/02/2021;03:45:00;69;Acidente sem vítima;210,3;BR-116/SP;Pista Norte;Choque em defensa;1;1;0;0;0;0;1
04/02/2021;09:30:00;329;Acidente sem vítima;190,7;BR-116/SP;Pista Norte;Engavetamento;1;4;0;0;0;0;1
04/02/2021;10:31:00;381;Acidente com vítima;187,7;BR-116/RJ;Pista Norte;Choque em defensa;1;0;1;0;0;0;1
04/02/2021;14:41:00;562;Acidente com vítima;225,7;BR-116/SP;Pista Sul;Engavetamento;1;4;1;0;0;0;1
04/02/2021;20:32:00;802;Acidente sem vítima;143,85;BR-116/SP;Pista Norte;Choque em veículo parado na pista;1;2;0;0;0;0;1
04/02/2021;20:37:00;804;Acidente sem vítima;270;BR-116/RJ;Pista Sul;Abalroamento longitudinal;1;4;0;0;0;0;1
05/02/2021;02:58:00;62;Acidente sem vítima;188,8;BR-116/SP;Pista Sul;Colisão traseira;2;2;0;0;0;0;1
05/02/2021;03:14:00;67;Acidente sem vítima;70,3;BR-116/SP;Pista Sul;Tombamento;1;2;0;0;0;0;1
05/02/2021;04:37:00;86;Acidente sem vítima;190,67;BR-116/SP;Pista Sul;Tombamento;1;1;0;0;0;0;1
05/02/2021;06:18:00;114;Acidente sem vítima;243,6;BR-116/RJ;Pista Norte;Queda de ribanceira;1;1;0;0;0;0;1
05/02/2021;06:22:00;117;Acidente com vítima;293,6;BR-116/RJ;Pista Sul;Choque em defensa;1;1;1;0;0;0;1
05/02/2021;06:23:00;118;Acidente sem vítima;186;BR-116/SP;Pista Sul;Colisão traseira;2;2;0;0;0;0;1
05/02/2021;08:30:00;232;Acidente sem vítima;271,6;BR-116/RJ;Pista Sul;Choque em objeto na pista;1;1;0;0;0;0;1
05/02/2021;11:38:00;377;Acidente sem vítima;181,7;BR-116/RJ;Pista Sul;Colisão traseira;2;2;0;0;0;0;1
05/02/2021;13:15:00;440;Acidente sem vítima;219,4;BR-116/SP;Pista Norte;Abalroamento longitudinal;1;2;0;0;0;0;1
05/02/2021;14:16:00;465;Acidente sem vítima;172;BR-116/RJ;Pista Sul;Abalroamento longitudinal;1;3;0;0;0;0;1
05/02/2021;14:38:00;479;Acidente sem vítima;42,6;BR-116/SP;Pista Sul;Choque em barreira New Jersey;1;2;0;0;0;0;1
05/02/2021;15:15:00;501;Acidente com vítima;263;BR-116/RJ;Pista Sul;Choque em defensa;1;1;1;0;0;0;1
05/02/2021;15:54:00;522;Acidente sem vítima;142,7;BR-116/SP;Pista Norte;Outros;1;1;0;0;0;0;1
05/02/2021;16:42:00;553;Acidente com vítima;216,7;BR-116/SP;Pista Norte;Colisão traseira;1;2;1;0;0;0;1
05/02/2021;17:11:00;577;Acidente sem vítima;222;BR-116/RJ;Pista Norte;Choque Talude;1;1;0;0;0;0;1
05/02/2021;17:44:00;605;Acidente sem vítima;270,5;BR-116/RJ;Pista Sul;Choque em objeto fixo;1;1;0;0;0;0;1
05/02/2021;18:51:00;656;Acidente sem vítima;70,4;BR-116/SP;Pista Sul;Choque em barreira New Jersey;1;1;0;0;0;0;1
05/02/2021;23:04:00;784;Acidente com vítima;243,9;BR-116/RJ;Pista Sul;Choque Talude;1;0;1;0;0;0;1
06/02/2021;10:21:00;241;Acidente sem vítima;10,4;BR-116/SP;Pista Sul;Choque em objeto fixo;1;1;0;0;0;0;1
06/02/2021;10:48:00;256;Acidente sem vítima;210,2;BR-116/SP;Pista Norte;Abalroamento longitudinal;1;2;0;0;0;0;1
06/02/2021;11:44:00;284;Acidente com vítima;157;BR-116/SP;Pista Norte;Colisão traseira;1;3;0;1;0;0;2
06/02/2021;12:40:00;310;Acidente sem vítima;322,9;BR-116/RJ;Pista Norte;Choque em barreira New Jersey;1;1;0;0;0;0;1
06/02/2021;13:39:00;338;Acidente sem vítima;328,5;BR-116/RJ;Pista Sul;Choque em barreira New Jersey;1;1;0;0;0;0;1
06/02/2021;17:49:00;466;Acidente sem vítima;22,4;BR-116/SP;Pista Sul;Choque em barreira New Jersey;1;1;0;0;0;0;1
07/02/2021;04:39:00;61;Acidente com vítima;288,6;BR-116/RJ;Pista Sul;Colisão traseira;1;2;0;1;0;0;2
07/02/2021;12:49:00;250;Acidente sem vítima;232,25;BR-116/RJ;Pista Norte;Abalroamento longitudinal;1;2;0;0;0;0;1
07/02/2021;16:55:00;344;Acidente sem vítima;70,9;BR-116/SP;Pista Norte;Abalroamento longitudinal;1;5;0;0;0;0;1
07/02/2021;23:29:00;518;Acidente sem vítima;255,9;BR-116/RJ;Pista Norte;Choque em objeto na pista;1;1;0;0;0;0;1
08/02/2021;05:24:00;66;Acidente com vítima;130,7;BR-116/SP;Pista Sul;Engavetamento;1;2;1;0;0;0;1
08/02/2021;08:14:00;227;Acidente com vítima;222;BR-116/SP;Pista Norte;Colisão traseira;1;1;1;0;0;0;1
08/02/2021;11:35:00;397;Acidente sem vítima;147,75;BR-116/SP;Pista Norte;Choque em barreira New Jersey;1;1;0;0;0;0;1
08/02/2021;12:29:00;428;Acidente sem vítima;211,6;BR-116/SP;Pista Sul;Choque em barreira New Jersey;1;1;0;0;0;0;1
08/02/2021;13:21:00;457;Acidente sem vítima;240,9;BR-116/RJ;Pista Norte;Choque em barreira New Jersey;1;1;0;0;0;0;1
08/02/2021;16:16:00;568;Acidente com vítima;227,3;BR-116/SP;Pista Sul;Choque em veículo parado na pista;1;1;0;0;1;0;2
08/02/2021;17:04:00;587;Acidente com vítima;238;BR-116/RJ;Pista Norte;Tombamento;1;0;0;1;0;0;2
09/02/2021;00:49:00;23;Acidente sem vítima;256,6;BR-116/RJ;Pista Sul;Abalroamento longitudinal;2;2;0;0;0;0;1
09/02/2021;09:00:00;260;Acidente sem vítima;112,8;BR-116/SP;Pista Sul;Colisão traseira;1;2;0;0;0;0;1
09/02/2021;13:16:00;438;Acidente sem vítima;71,3;BR-116/SP;Pista Sul;Colisão traseira;1;2;0;0;0;0;1
09/02/2021;21:02:00;764;Acidente sem vítima;204,7;BR-116/SP;Pista Norte;Abalroamento longitudinal;1;2;0;0;0;0;1
09/02/2021;23:03:00;825;Acidente sem vítima;204,2;BR-116/SP;Pista Norte;Choque em objeto na pista;1;1;0;0;0;0;1
10/02/2021;09:43:00;312;Acidente sem vítima;156,8;BR-116/SP;Pista Sul;Abalroamento longitudinal;1;4;0;0;0;0;1
10/02/2021;11:08:00;397;Acidente sem vítima;22,5;BR-116/SP;Pista Sul;Outros;1;1;0;0;0;0;1
10/02/2021;12:24:00;448;Acidente sem vítima;311,4;BR-116/RJ;Pista Sul;Choque em objeto na pista;1;1;0;0;0;0;1
11/02/2021;01:59:00;37;Acidente sem vítima;223,3;BR-116/RJ;Pista Norte;Tombamento;1;1;0;0;0;0;1
11/02/2021;05:25:00;75;Acidente com vítima;238,5;BR-116/RJ;Pista Norte;Engavetamento;3;34;0;0;1;0;2
11/02/2021;11:14:00;363;Acidente com vítima;167,5;BR-116/RJ;Pista Sul;Tombamento;1;0;1;0;0;0;1
11/02/2021;17:48:00;615;Acidente com vítima;222,4;BR-116/SP;Pista Norte;Abalroamento longitudinal;1;1;1;0;0;0;1
11/02/2021;20:45:00;730;Acidente sem vítima;239,4;BR-116/RJ;Pista Sul;Choque em barreira New Jersey;1;1;0;0;0;0;1
11/02/2021;21:26:00;754;Acidente sem vítima;239,4;BR-116/RJ;Pista Sul;Colisão traseira;1;3;0;0;0;0;1
12/02/2021;01:43:00;34;Acidente com vítima;183,4;BR-116/SP;Pista Sul;Colisão traseira;2;1;1;0;0;0;1
12/02/2021;01:56:00;40;Acidente sem vítima;117,1;BR-116/SP;Pista Norte;Colisão traseira;1;2;0;0;0;0;1
12/02/2021;07:21:00;152;Acidente com morte;184,85;BR-116/RJ;Pista Norte;Colisão traseira;1;1;0;0;1;1;3
12/02/2021;11:23:00;342;Acidente sem vítima;165,2;BR-116/SP;Pista Sul;Abalroamento longitudinal;1;4;0;0;0;0;1
12/02/2021;15:48:00;514;Acidente com vítima;175;BR-116/RJ;Pista Sul;Abalroamento longitudinal;1;1;1;0;0;0;1