data;horario;n_da_ocorrencia;tipo_de_ocorrencia;km;trecho;sentido;tipo_de_acidente;caminhao;ilesos;levemente_feridos;moderadamente_feridos;gravemente_feridos;mortos;3
12/02/2021;19:36:00;694;Acidente sem vítima;140,45;BR-116/SP;Pista Sul;Colisão traseira;1;5;0;0;0;0;1
12/02/2021;19:51:00;708;Acidente com vítima;166;BR-116/SP;Pista Sul;Abalroamento longitudinal;1;1;1;0;0;0;1
13/02/2021;06:22:00;134;Acidente com vítima;228,35;BR-116/RJ;Pista Sul;Abalroamento longitudinal;1;1;1;0;0;0;1
13/02/2021;09:40:00;242;Acidente com vítima;164,2;BR-116/RJ;Pista Sul;Abalroamento longitudinal;1;1;1;0;0;0;1
13/02/2021;12:07:00;326;Acidente sem vítima;176;BR-116/RJ;Pista Sul;Abalroamento longitudinal;1;3;0;0;0;0;1
13/02/2021;13:46:00;371;Acidente sem vítima;65;BR-116/SP;Pista Sul;Capotamento;1;2;0;0;0;0;1
14/02/2021;02:56:00;57;Acidente sem vítima;228,2;BR-116/SP;Pista Sul;Colisão traseira;1;2;0;0;0;0;1
14/02/2021;11:35:00;278;Acidente com vítima;230,8;BR-116/RJ;Pista Norte;Tombamento;1;2;1;0;0;0;1
15/02/2021;03:03:00;39;Acidente sem vítima;164,6;BR-116/SP;Pista Norte;Queda de ribanceira;1;1;0;0;0;0;1
15/02/2021;04:01:00;54;Acidente sem vítima;4;BR-116/SP;Pista Norte;Choque em barreira New Jersey;1;1;0;0;0;0;1
15/02/2021;06:07:00;92;Acidente sem vítima;23,5;BR-116/SP;Pista Sul;Colisão traseira;1;3;0;0;0;0;1
15/02/2021;07:46:00;195;Acidente sem vítima;186,77;BR-116/SP;Pista Norte;Abalroamento longitudinal;1;2;0;0;0;0;1
15/02/2021;13:18:00;425;Acidente com vítima;191,7;BR-116/SP;Pista Norte;Tombamento;2;1;0;1;0;0;2
15/02/2021;14:30:00;457;Acidente sem vítima;191,7;BR-116/SP;Pista Norte;Choque em veículo parado na pista;2;2;0;0;0;0;1
15/02/2021;20:23:00;645;Acidente sem vítima;226,7;BR-116/SP;Pista Norte;Colisão traseira;1;2;0;0;0;0;1
16/02/2021;17:38:00;456;Acidente com vítima;101,5;BR-116/SP;Pista Norte;Engavetamento;3;2;0;1;0;0;2
17/02/2021;10:59:00;255;Acidente com vítima;209,7;BR-116/SP;Pista Sul;Colisão traseira;1;3;1;0;0;0;1
17/02/2021;15:27:00;419;Acidente com vítima;151,7;BR-116/SP;Pista Sul;Abalroamento longitudinal;1;3;1;0;0;0;1
20/02/2021;07:47:00;139;Acidente sem vítima;87,9;BR-116/SP;Pista Norte;Outros;1;10;0;0;0;0;1
17/02/2021;20:26:00;583;Acidente sem vítima;280,92;BR-116/RJ;Pista Sul;Choque em defensa;1;1;0;0;0;0;1
17/02/2021;20:46:00;595;Acidente sem vítima;204,5;BR-116/SP;Pista Norte;Colisão traseira;1;2;0;0;0;0;1
17/02/2021;22:34:00;636;Acidente sem vítima;170,5;BR-116/SP;Pista Norte;Choque em objeto na pista;1;1;0;0;0;0;1
18/02/2021;00:12:00;16;Acidente sem vítima;187;BR-116/RJ;Pista Norte;Colisão traseira;1;2;0;0;0;0;1
18/02/2021;04:27:00;78;Acidente sem vítima;243,5;BR-116/RJ;Pista Norte;Abalroamento longitudinal;2;2;0;0;0;0;1
18/02/2021;08:58:00;253;Acidente sem vítima;166,2;BR-116/RJ;Pista Norte;Colisão traseira;1;3;0;0;0;0;1
18/02/2021;09:56:00;296;Acidente sem vítima;229,75;BR-116/SP;Pista Sul;Engavetamento;1;5;0;0;0;0;1
18/02/2021;15:16:00;484;Acidente sem vítima;220,3;BR-116/RJ;Pista Sul;Tombamento;1;1;0;0;0;0;1
18/02/2021;15:42:00;497;Acidente sem vítima;226,2;BR-116/RJ;Pista Norte;Abalroamento longitudinal;1;3;0;0;0;0;1
18/02/2021;23:20:00;749;Acidente sem vítima;40,3;BR-116/SP;Pista Sul;Colisão traseira;2;2;0;0;0;0;1
19/02/2021;04:08:00;70;Acidente com vítima;189;BR-116/SP;Pista Sul;Colisão traseira;1;14;1;0;0;0;1
19/02/2021;05:35:00;104;Acidente sem vítima;251,75;BR-116/RJ;Pista Norte;Engavetamento;4;5;0;0;0;0;1
19/02/2021;07:27:00;192;Acidente com morte;122;BR-116/SP;Pista Norte;Colisão traseira;1;1;0;0;0;1;3
19/02/2021;10:15:00;340;Acidente sem vítima;102;BR-116/SP;Pista Norte;Choque em objeto na pista;1;2;0;0;0;0;1
19/02/2021;19:07:00;731;Acidente sem vítima;223;BR-116/RJ;Pista Norte;Colisão traseira;2;2;0;0;0;0;1
19/02/2021;21:41:00;818;Acidente sem vítima;147;BR-116/SP;Pista Norte;Abalroamento longitudinal;1;2;0;0;0;0;1
19/02/2021;23:42:00;865;Acidente sem vítima;290;BR-116/RJ;Pista Norte;Choque Talude;1;1;0;0;0;0;1
20/02/2021;16:06:00;451;Acidente sem vítima;8,6;BR-116/SP;Pista Norte;Colisão traseira;1;2;0;0;0;0;1
22/02/2021;05:11:00;73;Acidente sem vítima;139,2;BR-116/SP;Pista Norte;Colisão traseira;2;2;0;0;0;0;1
22/02/2021;07:49:00;177;Acidente sem vítima;137,9;BR-116/SP;Pista Sul;Tombamento;1;1;0;0;0;0;1
22/02/2021;13:46:00;417;Acidente sem vítima;176;BR-116/RJ;Pista Sul;Abalroamento longitudinal;1;27;0;0;0;0;1
22/02/2021;14:14:00;432;Acidente sem vítima;177,8;BR-116/RJ;Pista Sul;Abalroamento longitudinal;1;2;0;0;0;0;1
22/02/2021;15:31:00;484;Acidente com vítima;40,7;BR-116/SP;Pista Sul;Queda de ribanceira;1;0;1;0;0;0;1
22/02/2021;17:38:00;552;Acidente com vítima;189,5;BR-116/RJ;Pista Sul;Colisão traseira;1;1;1;0;0;0;1
22/02/2021;19:14:00;628;Acidente sem vítima;189,85;BR-116/RJ;Pista Sul;Abalroamento longitudinal;1;2;0;0;0;0;1
22/02/2021;19:33:00;641;Acidente sem vítima;214,4;BR-116/SP;Pista Norte;Abalroamento longitudinal;1;4;0;0;0;0;1
23/02/2021;00:48:00;23;Acidente com vítima;107,5;BR-116/SP;Pista Norte;Colisão traseira;1;1;0;1;0;0;2
23/02/2021;01:19:00;31;Acidente sem vítima;173,2;BR-116/SP;Pista Sul;Choque em objeto na pista;1;2;0;0;0;0;1
23/02/2021;07:35:00;213;Acidente com vítima;172;BR-116/RJ;Pista Norte;Colisão traseira;1;2;1;0;0;0;1
24/02/2021;00:25:00;15;Acidente sem vítima;71;BR-116/SP;Pista Norte;Colisão traseira;1;3;0;0;0;0;1
24/02/2021;07:01:00;181;Acidente com vítima;188,65;BR-116/RJ;Pista Norte;Abalroamento longitudinal;1;1;1;0;0;0;1
24/02/2021;07:04:00;182;Acidente sem vítima;166;BR-116/RJ;Pista Norte;Abalroamento longitudinal;1;6;0;0;0;0;1
24/02/2021;07:57:00;239;Acidente com vítima;127;BR-116/SP;Pista Sul;Tombamento;1;2;1;0;0;0;1
24/02/2021;14:52:00;543;Acidente sem vítima;146,4;BR-116/SP;Pista Norte;Choque em objeto na pista;1;2;0;0;0;0;1
24/02/2021;15:06:00;552;Acidente sem vítima;146,5;BR-116/SP;Pista Norte;Colisão traseira;1;4;0;0;0;0;1
24/02/2021;16:34:00;622;Acidente sem vítima;218,6;BR-116/SP;Pista Sul;Colisão traseira;1;2;0;0;0;0;1
24/02/2021;20:04:00;789;Acidente com vítima;165,6;BR-116/RJ;Pista Norte;Abalroamento longitudinal;1;1;1;0;0;0;1
24/02/2021;23:00:00;860;Acidente com vítima;222,6;BR-116/SP;Pista Norte;Colisão traseira;2;1;1;0;0;0;1
25/02/2021;09:18:00;254;Atropelamento com morte;60,55;BR-116/SP;Pista Sul;Atropelamento de pedestre caminhando;1;2;0;0;0;1;3
25/02/2021;11:32:00;353;Acidente com vítima;95,7;BR-116/SP;Pista Norte;Colisão traseira;2;1;1;0;0;0;1
25/02/2021;15:07:00;493;Acidente com vítima;219,8;BR-116/SP;Pista Norte;Abalroamento longitudinal;1;1;1;0;0;0;1
25/02/2021;18:09:00;606;Acidente sem vítima;211;BR-116/RJ;Pista Sul;Choque em objeto na pista;1;1;0;0;0;0;1
25/02/2021;18:59:00;636;Acidente com vítima;167;BR-116/RJ;Pista Sul;Engavetamento;1;3;1;0;0;0;1
25/02/2021;19:59:00;665;Acidente sem vítima;182;BR-116/SP;Pista Norte;Choque em objeto na pista;1;1;0;0;0;0;1
25/02/2021;20:01:00;667;Acidente sem vítima;186,1;BR-116/SP;Pista Norte;Choque em objeto na pista;1;1;0;0;0;0;1
25/02/2021;22:10:00;711;Acidente com vítima;105;BR-116/SP;Pista Norte;Colisão traseira;1;1;1;0;0;0;1
25/02/2021;23:44:00;736;Acidente com vítima;178,9;BR-116/RJ;Pista Norte;Tombamento;1;0;1;0;0;0;1
26/02/2021;03:27:00;40;Acidente sem vítima;174,1;BR-116/SP;Pista Norte;Colisão traseira;1;2;0;0;0;0;1
26/02/2021;03:55:00;46;Acidente com vítima;244,5;BR-116/RJ;Pista Norte;Colisão traseira;2;1;0;1;0;0;2
26/02/2021;15:00:00;440;Acidente sem vítima;168,5;BR-116/RJ;Pista Sul;Colisão traseira;1;2;0;0;0;0;1
26/02/2021;16:10:00;490;Acidente sem vítima;332,6;BR-116/RJ;Pista Sul;Colisão traseira;2;2;0;0;0;0;1
26/02/2021;17:16:00;525;Acidente com vítima;210;BR-116/SP;Pista Sul;Abalroamento longitudinal;1;5;1;0;0;0;1
26/02/2021;21:25:00;675;Acidente com vítima;323,5;BR-116/RJ;Pista Norte;Abalroamento longitudinal;1;1;0;1;0;0;2
26/02/2021;21:42:00;680;Acidente com vítima;160,9;BR-116/SP;Pista Norte;Choque em objeto fixo;1;0;1;0;0;0;1
27/02/2021;04:51:00;74;Acidente com vítima;251,8;BR-116/RJ;Pista Sul;Choque em barreira New Jersey;1;2;1;0;0;0;1
27/02/2021;04:58:00;76;Acidente sem vítima;319;BR-116/RJ;Pista Sul;Colisão traseira;2;2;0;0;0;0;1
27/02/2021;06:43:00;117;Acidente sem vítima;228;BR-116/RJ;Pista Norte;Choque em barreira New Jersey;1;3;0;0;0;0;1
27/02/2021;09:08:00;195;Acidente sem vítima;224;BR-116/RJ;Pista Norte;Abalroamento longitudinal;2;2;0;0;0;0;1
27/02/2021;09:54:00;212;Acidente sem vítima;229,8;BR-116/RJ;Pista Norte;Colisão traseira;1;2;0;0;0;0;1
27/02/2021;13:36:00;310;Acidente sem vítima;20,3;BR-116/SP;Pista Sul;Choque em objeto fixo;1;3;0;0;0;0;1
27/02/2021;17:37:00;449;Acidente sem vítima;185;BR-116/RJ;Pista Sul;Colisão traseira;1;3;0;0;0;0;1
27/02/2021;18:22:00;488;Acidente sem vítima;227,9;BR-116/RJ;Pista Norte;Choque em objeto fixo;1;4;0;0;0;0;1
27/02/2021;21:56:00;593;Acidente com vítima;161;BR-116/SP;Pista Norte;Colisão traseira;1;1;1;0;0;0;1
28/02/2021;06:24:00;98;Acidente com vítima;295,61;BR-116/RJ;Pista Norte;Choque em objeto fixo;1;0;0;0;1;0;2
28/02/2021;14:12:00;299;Acidente sem vítima;45,3;BR-116/SP;Pista Norte;Abalroamento longitudinal;1;6;0;0;0;0;1
28/02/2021;15:21:00;334;Acidente sem vítima;293;BR-116/RJ;Pista Sul;Colisão traseira;1;2;0;0;0;0;1
01/03/2021;06:05:00;100;AC02 - Acidente com VITIMA;194,8699951171875;BR-116/SP;Pista Sul;Abalroamento Longitudinal;1;4;2;;;;1
01/03/2021;07:42:00;196;AC03 - Acidente sem VITIMA;223,9499969482422;BR-116/RJ;Pista Norte;Colisão Traseira;1;3;;;;;1
01/03/2021;14:28:00;528;AC03 - Acidente sem VITIMA;191,5;BR-116/RJ;Pista Sul;Colisão Traseira;1;2;;;;;1
01/03/2021;21:31:00;781;AC03 - Acidente sem VITIMA;100,0999984741211;BR-116/SP;Pista Norte;Colisão Traseira;1;2;;;;;1
02/03/2021;05:14:00;58;AC03 - Acidente sem VITIMA;187,3000030517578;BR-116/RJ;Pista Norte;Choque em Defensa;1;1;;;;;1
02/03/2021;10:15:00;329;AC03 - Acidente sem VITIMA;139,3000030517578;BR-116/SP;Pista Sul;Engavetamento;3;3;;;;;1
02/03/2021;16:31:00;542;AC03 - Acidente sem VITIMA;224,6999969482422;BR-116/SP;Pista Norte;Choque em Defensa;1;1;;;;;1
02/03/2021;21:07:00;689;AC03 - Acidente sem VITIMA;267,5799865722656;BR-116/RJ;Pista Norte;Abalroamento Longitudinal;1;2;;;;;1
02/03/2021;22:49:00;722;AC02 - Acidente com VITIMA;292,6499938964844;BR-116/RJ;Pista Sul;Atropelamento de Animal;2;0;2;3;;;2
03/03/2021;06:17:00;101;AC03 - Acidente sem VITIMA;166,1999969482422;BR-116/RJ;Pista Norte;Engavetamento;1;3;;;;;1
03/03/2021;06:41:00;120;AC02 - Acidente com VITIMA;156,22999572753906;BR-116/SP;Pista Norte;Colisão Traseira;1;2;2;;;;1
03/03/2021;07:40:00;180;AC02 - Acidente com VITIMA;167,1999969482422;BR-116/RJ;Pista Sul;Abalroamento Longitudinal;2;2;2;;;;1
03/03/2021;09:21:00;271;AC03 - Acidente sem VITIMA;206,60000610351562;BR-116/SP;Pista Norte;Abalroamento Longitudinal;1;3;;;;;1
03/03/2021;10:46:00;353;AC02 - Acidente com VITIMA;165,3000030517578;BR-116/RJ;Pista Norte;Abalroamento Longitudinal;1;1;1;;;;1
03/03/2021;16:13:00;570;AC03 - Acidente sem VITIMA;72;BR-116/SP;Pista Norte;Tombamento;1;1;;;;;1
03/03/2021;21:41:00;793;AC03 - Acidente sem VITIMA;247,3000030517578;BR-116/RJ;Pista Norte;Abalroamento Longitudinal;1;2;;;;;1
04/03/2021;06:17:00;126;AC02 - Acidente com VITIMA;331;BR-116/RJ;Pista Norte;Colisão Traseira;2;1;;1;;;2
04/03/2021;06:52:00;151;AC03 - Acidente sem VITIMA;166,8000030517578;BR-116/RJ;Pista Norte;Colisão Traseira;2;2;;;;;1
04/03/2021;09:26:00;292;AC03 - Acidente sem VITIMA;223;BR-116/RJ;Pista Norte;Colisão Traseira;1;2;;;;;1
04/03/2021;10:40:00;356;AC03 - Acidente sem VITIMA;222,89999389648438;BR-116/RJ;Pista Norte;Colisão Traseira;2;2;;;;;1
04/03/2021;10:52:00;363;AC03 - Acidente sem VITIMA;143;BR-116/SP;Pista Norte;Abalroamento Longitudinal;1;2;;;;;1
04/03/2021;11:23:00;386;AC03 - Acidente sem VITIMA;219,8000030517578;BR-116/SP;Pista Norte;Colisão Traseira;1;2;;;;;1
04/03/2021;11:41:00;397;AC03 - Acidente sem VITIMA;223,5;BR-116/SP;Pista Norte;Engavetamento;2;4;;;;;1
04/03/2021;13:00:00;440;AC03 - Acidente sem VITIMA;223,60000610351562;BR-116/RJ;Pista Sul;Choque em Defensa;1;1;;;;;1
04/03/2021;13:41:00;475;AC03 - Acidente sem VITIMA;172,3000030517578;BR-116/SP;Pista Sul;Choque em Barreira New Jersey;1;1;;;;;1
04/03/2021;18:20:00;678;AC03 - Acidente sem VITIMA;156,5;BR-116/SP;Pista Sul;Colisão Traseira;1;2;;;;;1
04/03/2021;23:40:00;848;AC03 - Acidente sem VITIMA;305,20001220703125;BR-116/RJ;Pista Norte;Choque em objeto na pista;1;2;;;;;1
05/03/2021;01:30:00;39;AC02 - Acidente com VITIMA;188,9499969482422;BR-116/SP;Pista Sul;Colisão Traseira;2;2;1;;;;1
05/03/2021;04:15:00;70;AC03 - Acidente sem VITIMA;21,049999237060547;BR-116/SP;Pista Norte;Abalroamento Longitudinal;2;2;;;;;1
05/03/2021;10:02:00;332;AC03 - Acidente sem VITIMA;220,39999389648438;BR-116/RJ;Pista Norte;Abalroamento Longitudinal;1;4;;;;;1
05/03/2021;10:18:00;343;AC02 - Acidente com VITIMA;165,10000610351562;BR-116/RJ;Pista Sul;Tombamento;2;1;1;1;;;2
05/03/2021;11:26:00;402;AC03 - Acidente sem VITIMA;72,9000015258789;BR-116/SP;Pista Sul;Abalroamento Longitudinal;2;2;;;;;1
05/03/2021;17:18:00;673;AC02 - Acidente com VITIMA;305,29998779296875;BR-116/RJ;Pista Sul;Abalroamento Longitudinal;1;1;1;;;;1
05/03/2021;17:19:00;674;AC03 - Acidente sem VITIMA;160,89999389648438;BR-116/SP;Pista Sul;Abalroamento Longitudinal;1;2;;;;;1
05/03/2021;21:26:00;837;AC02 - Acidente com VITIMA;230;BR-116/SP;Pista Sul;Engavetamento;1;3;1;;;;1
06/03/2021;02:08:00;49;AC03 - Acidente sem VITIMA;26;BR-116/SP;Pista Norte;Abalroamento Longitudinal;2;2;;;;;1
06/03/2021;04:12:00;76;AC03 - Acidente sem VITIMA;48,400001525878906;BR-116/SP;Pista Norte;Tombamento;1;1;;;;;1
06/03/2021;13:14:00;375;AC02 - Acidente com VITIMA;225,9499969482422;BR-116/SP;Pista Sul;Abalroamento Longitudinal;1;1;2;;;;1
06/03/2021;21:44:00;639;AC02 - Acidente com VITIMA;214,89999389648438;BR-116/RJ;Pista Sul;Choque em Barreira New Jersey;2;4;1;1;;;2
06/03/2021;23:20:00;669;AC03 - Acidente sem VITIMA;79,5;BR-116/SP;Pista Norte;Choque em Barreira New Jersey;1;2;;;;;1
07/03/2021;05:52:00;74;AC03 - Acidente sem VITIMA;291,5;BR-116/RJ;Pista Sul;Colisão Traseira;1;2;;;;;1
07/03/2021;19:52:00;483;AC02 - Acidente com VITIMA;218,39999389648438;BR-116/SP;Pista Norte;Colisão Traseira;1;1;2;;;;1
08/03/2021;16:57:00;550;AC02 - Acidente com VITIMA;156,89999389648438;BR-116/SP;Pista Norte;Abalroamento Longitudinal;1;2;1;;;;1
08/03/2021;17:27:00;566;AC03 - Acidente sem VITIMA;103;BR-116/SP;Pista Norte;Engavetamento;2;3;;;;;1
08/03/2021;18:12:00;585;AC03 - Acidente sem VITIMA;174,64999389648438;BR-116/RJ;Pista Sul;Colisão Traseira;1;2;;;;;1
09/03/2021;06:02:00;138;AC03 - Acidente sem VITIMA;222,6999969482422;BR-116/SP;Pista Norte;Choque em objeto fixo;1;1;;;;;1
09/03/2021;07:43:00;246;AC03 - Acidente sem VITIMA;259;BR-116/RJ;Pista Norte;Abalroamento Longitudinal;1;2;;;;;1
09/03/2021;11:27:00;452;AC03 - Acidente sem VITIMA;157,5;BR-116/SP;Pista Sul;Colisão Traseira;1;2;;;;;1
09/03/2021;12:24:00;485;AC03 - Acidente sem VITIMA;161;BR-116/SP;Pista Norte;Choque em Defensa;1;1;;;;;1
09/03/2021;12:27:00;488;AC03 - Acidente sem VITIMA;170;BR-116/RJ;Pista Sul;Abalroamento Longitudinal;1;2;;;;;1
09/03/2021;13:24:00;523;AC02 - Acidente com VITIMA;181,89999389648438;BR-116/RJ;Pista Norte;Colisão Traseira;2;1;1;;;;1
09/03/2021;15:03:00;586;AC02 - Acidente com VITIMA;277;BR-116/RJ;Pista Sul;Colisão Traseira;1;2;2;;;;1
09/03/2021;18:17:00;730;AC03 - Acidente sem VITIMA;141;BR-116/SP;Pista Norte;Abalroamento Longitudinal;1;2;;;;;1
09/03/2021;18:22:00;734;AC03 - Acidente sem VITIMA;157,5;BR-116/SP;Pista Norte;Tombamento;1;2;;;;;1
09/03/2021;18:28:00;738;AC02 - Acidente com VITIMA;175,1999969482422;BR-116/RJ;Pista Sul;Colisão Traseira;1;1;1;;;;1
09/03/2021;18:42:00;752;AC03 - Acidente sem VITIMA;305;BR-116/RJ;Pista Sul;Outros;1;1;;;;;1
09/03/2021;19:13:00;773;AC03 - Acidente sem VITIMA;304,6000061035156;BR-116/RJ;Pista Sul;Choque em Barreira New Jersey;1;1;;;;;1
09/03/2021;20:26:00;828;AC03 - Acidente sem VITIMA;272;BR-116/RJ;Pista Norte;Choque em Barreira New Jersey;1;1;;;;;1
10/03/2021;04:15:00;71;AC03 - Acidente sem VITIMA;41;BR-116/SP;Pista Sul;Choque em Barreira New Jersey;1;1;;;;;1
10/03/2021;06:39:00;140;AC03 - Acidente sem VITIMA;97,30000305175781;BR-116/SP;Pista Sul;Engavetamento;3;3;;;;;1
10/03/2021;06:51:00;152;AC05 - Atropelamento Fatal;80,30000305175781;BR-116/SP;Pista Sul;Atropelamento de Pedestre Atravessando;1;1;;;;1;3
10/03/2021;14:55:00;547;AC03 - Acidente sem VITIMA;63,599998474121094;BR-116/SP;Pista Sul;Abalroamento Longitudinal;2;2;;;;;1
10/03/2021;16:33:00;609;AC02 - Acidente com VITIMA;235,75;BR-116/RJ;Pista Sul;Tombamento;1;0;1;;;;1
10/03/2021;19:11:00;704;AC03 - Acidente sem VITIMA;219,10000610351562;BR-116/RJ;Pista Norte;Abalroamento Longitudinal;1;2;;;;;1
11/03/2021;06:11:00;114;AC03 - Acidente sem VITIMA;211,85000610351562;BR-116/SP;Pista Sul;Abalroamento Longitudinal;1;2;;;;;1
11/03/2021;08:45:00;254;AC03 - Acidente sem VITIMA;288,5;BR-116/RJ;Pista Sul;Choque em Barreira New Jersey;1;1;;;;;1
11/03/2021;10:30:00;343;AC03 - Acidente sem VITIMA;204,3000030517578;BR-116/SP;Pista Norte;Abalroamento Longitudinal;1;3;;;;;1
11/03/2021;23:29:00;804;AC03 - Acidente sem VITIMA;249;BR-116/RJ;Pista Norte;Choque em objeto fixo;1;1;;;;;1
11/03/2021;23:57:00;807;AC03 - Acidente sem VITIMA;158,4499969482422;BR-116/SP;Pista Norte;Colisão Traseira;2;2;;;;;1
12/03/2021;07:51:00;196;AC03 - Acidente sem VITIMA;145,6999969482422;BR-116/SP;Pista Sul;Abalroamento Longitudinal;1;2;;;;;1
12/03/2021;10:37:00;339;AC03 - Acidente sem VITIMA;163;BR-116/RJ;Pista Norte;Colisão Traseira;2;2;;;;;1
12/03/2021;13:06:00;441;AC02 - Acidente com VITIMA;212,6999969482422;BR-116/SP;Pista Sul;Engavetamento;1;4;1;;;;1
12/03/2021;13:19:00;450;AC02 - Acidente com VITIMA;211,8000030517578;BR-116/SP;Pista Sul;Queda de moto;1;1;1;;;;1
12/03/2021;21:09:00;756;AC03 - Acidente sem VITIMA;174,8000030517578;BR-116/RJ;Pista Sul;Colisão Traseira;2;2;;;;;1
12/03/2021;21:35:00;774;AC03 - Acidente sem VITIMA;299,739990234375;BR-116/RJ;Pista Sul;Abalroamento Longitudinal;1;2;;;;;1
13/03/2021;00:31:00;24;AC03 - Acidente sem VITIMA;144,89999389648438;BR-116/SP;Pista Sul;Colisão Traseira;2;2;;;;;1
13/03/2021;10:08:00;262;AC03 - Acidente sem VITIMA;15,300000190734863;BR-116/SP;Pista Sul;Abalroamento Longitudinal;1;5;;;;;1
14/03/2021;13:05:00;285;AC01 - Acidente com VITIMA FATAL;169,5;BR-116/RJ;Pista Norte;Colisão Traseira;1;2;;;;1;3
14/03/2021;17:08:00;421;AC02 - Acidente com VITIMA;166,89999389648438;BR-116/SP;Pista Norte;Choque em Barreira New Jersey;1;1;1;;;;1
15/03/2021;10:12:00;330;AC02 - Acidente com VITIMA;164,05999755859375;BR-116/RJ;Pista Norte;Abalroamento Longitudinal;1;2;1;;;;1
15/03/2021;12:17:00;405;AC03 - Acidente sem VITIMA;144;BR-116/SP;Pista Norte;Abalroamento Longitudinal;2;2;;;;;1
15/03/2021;13:30:00;452;AC02 - Acidente com VITIMA;144,39999389648438;BR-116/SP;Pista Norte;Tombamento;1;1;1;;;;1
15/03/2021;17:07:00;591;AC02 - Acidente com VITIMA;224;BR-116/RJ;Pista Norte;Choque em Barreira New Jersey;1;0;1;2;;;2
15/03/2021;20:23:00;723;AC03 - Acidente sem VITIMA;265;BR-116/RJ;Pista Sul;Choque Talude;1;2;;;;;1
15/03/2021;22:53:00;774;AC03 - Acidente sem VITIMA;219,1999969482422;BR-116/SP;Pista Norte;Outros;1;1;;;;;1
16/03/2021;10:48:00;384;AC03 - Acidente sem VITIMA;73,30000305175781;BR-116/SP;Pista Norte;Colisão Traseira;1;2;;;;;1
17/03/2021;05:31:00;69;AC03 - Acidente sem VITIMA;151,60000610351562;BR-116/SP;Pista Sul;Choque em objeto na pista;1;3;;;;;1
17/03/2021;11:25:00;379;AC02 - Acidente com VITIMA;214;BR-116/RJ;Pista Sul;Engavetamento;2;2;;1;;;2
17/03/2021;14:33:00;493;AC05 - Atropelamento Fatal;166,1999969482422;BR-116/RJ;Pista Sul;Atropelamento de Pedestre Atravessando;1;1;;;;1;3
17/03/2021;19:37:00;716;AC03 - Acidente sem VITIMA;299;BR-116/RJ;Pista Sul;Colisão Traseira;1;2;;;;;1
17/03/2021;22:51:00;803;AC03 - Acidente sem VITIMA;319,79998779296875;BR-116/RJ;Pista Sul;Colisão Traseira;2;2;;;;;1
18/03/2021;00:43:00;28;AC03 - Acidente sem VITIMA;177,4499969482422;BR-116/RJ;Pista Sul;Queda de ribanceira;1;2;;;;;1
18/03/2021;05:13:00;112;AC03 - Acidente sem VITIMA;107;BR-116/SP;Pista Sul;Choque em Barreira New Jersey;1;2;;;;;1
18/03/2021;17:05:00;653;AC03 - Acidente sem VITIMA;165,5;BR-116/SP;Pista Sul;Engavetamento;2;4;;;;;1
18/03/2021;20:19:00;764;AC03 - Acidente sem VITIMA;112,9000015258789;BR-116/SP;Pista Norte;Choque em objeto na pista;1;1;;;;;1
18/03/2021;21:30:00;789;AC03 - Acidente sem VITIMA;214,10000610351562;BR-116/RJ;Pista Norte;Choque em objeto na pista;1;1;;;;;1
18/03/2021;23:29:00;840;AC03 - Acidente sem VITIMA;157,10000610351562;BR-116/SP;Pista Norte;Choque em objeto na pista;1;2;;;;;1
19/03/2021;08:53:00;310;AC03 - Acidente sem VITIMA;218,10000610351562;BR-116/SP;Pista Sul;Abalroamento Longitudinal;1;2;;;;;1
19/03/2021;09:15:00;337;AC02 - Acidente com VITIMA;219,8000030517578;BR-116/SP;Pista Norte;Choque em Barreira New Jersey;1;2;;1;;;2
19/03/2021;11:06:00;408;AC02 - Acidente com VITIMA;208;BR-116/SP;Pista Norte;Abalroamento Longitudinal;1;1;1;;;;1
19/03/2021;12:20:00;443;AC03 - Acidente sem VITIMA;223,39999389648438;BR-116/RJ;Pista Norte;Abalroamento Longitudinal;2;2;;;;;1
19/03/2021;13:23:00;481;AC02 - Acidente com VITIMA;223,1999969482422;BR-116/SP;Pista Sul;Abalroamento Longitudinal;1;1;;1;;;2
19/03/2021;16:02:00;604;AC03 - Acidente sem VITIMA;213,3000030517578;BR-116/SP;Pista Norte;Choque em Barreira New Jersey;1;1;;;;;1
19/03/2021;18:17:00;710;AC02 - Acidente com VITIMA;226,60000610351562;BR-116/SP;Pista Norte;Colisão Traseira;1;2;;1;;;2
19/03/2021;21:29:00;792;AC02 - Acidente com VITIMA;152,6999969482422;BR-116/SP;Pista Sul;Colisão Traseira;2;1;1;;;;1