data;horario;n_da_ocorrencia;tipo_de_ocorrencia;km;trecho;sentido;tipo_de_acidente;caminhao;ilesos;levemente_feridos;moderadamente_feridos;gravemente_feridos;mortos;3
19/03/2021;21:45:00;799;AC03 - Acidente sem VITIMA;218,8000030517578;BR-116/SP;Pista Norte;Abalroamento Longitudinal;1;4;;;;;1
20/03/2021;12:53:00;345;AC02 - Acidente com VITIMA;164,60000610351562;BR-116/RJ;Pista Sul;Colisão Traseira;1;3;1;;;;1
20/03/2021;15:20:00;418;AC02 - Acidente com VITIMA;166;BR-116/RJ;Pista Norte;Engavetamento;1;2;1;;;;1
20/03/2021;17:37:00;491;AC03 - Acidente sem VITIMA;224,8000030517578;BR-116/SP;Pista Sul;Abalroamento Longitudinal;1;3;;;;;1
20/03/2021;23:13:00;633;AC02 - Acidente com VITIMA;176,5;BR-116/RJ;Pista Sul;Colisão Traseira;1;1;1;;;;1
22/03/2021;05:28:00;103;AC03 - Acidente sem VITIMA;258,70001220703125;BR-116/RJ;Pista Norte;Abalroamento Longitudinal;1;2;;;;;1
22/03/2021;06:22:00;135;AC03 - Acidente sem VITIMA;233,6999969482422;BR-116/RJ;Pista Sul;Abalroamento Longitudinal;1;2;;;;;1
22/03/2021;09:28:00;292;AC02 - Acidente com VITIMA;214,60000610351562;BR-116/SP;Pista Sul;Abalroamento Longitudinal;2;1;;1;;;2
22/03/2021;10:02:00;314;AC04 - Atropelamento;221,39999389648438;BR-116/SP;Pista Sul;Atropelamento de Pedestre Caminhando;1;1;;;1;;2
22/03/2021;12:35:00;416;AC02 - Acidente com VITIMA;145,35000610351562;BR-116/SP;Pista Norte;Outros;1;0;1;;;;1
22/03/2021;20:54:00;709;AC03 - Acidente sem VITIMA;98;BR-116/SP;Pista Sul;Colisão Traseira;2;4;;;;;1
23/03/2021;00:41:00;23;AC03 - Acidente sem VITIMA;132,5;BR-116/SP;Pista Sul;Choque em Barreira New Jersey;1;1;;;;;1
23/03/2021;07:24:00;196;AC02 - Acidente com VITIMA;225,89999389648438;BR-116/RJ;Pista Norte;Tombamento;1;0;1;;;;1
23/03/2021;07:53:00;230;AC03 - Acidente sem VITIMA;268;BR-116/RJ;Pista Sul;Choque em objeto fixo;1;1;;;;;1
24/03/2021;05:38:00;75;AC03 - Acidente sem VITIMA;185,1999969482422;BR-116/RJ;Pista Norte;Abalroamento Longitudinal;1;22;;;;;1
24/03/2021;10:15:00;282;AC03 - Acidente sem VITIMA;138,39999389648438;BR-116/SP;Pista Sul;Colisão Traseira;2;2;;;;;1
24/03/2021;16:10:00;492;AC02 - Acidente com VITIMA;153;BR-116/SP;Pista Norte;Colisão Traseira;1;2;1;;;;1
24/03/2021;17:01:00;522;AC02 - Acidente com VITIMA;179;BR-116/RJ;Pista Sul;Colisão Traseira;1;2;;1;;;2
24/03/2021;19:05:00;624;AC05 - Atropelamento Fatal;63,099998474121094;BR-116/SP;Pista Norte;Atropelamento de Pedestre Atravessando;1;3;;;;1;3
24/03/2021;19:10:00;628;AC03 - Acidente sem VITIMA;192,4499969482422;BR-116/RJ;Pista Norte;Colisão Traseira;1;2;;;;;1
24/03/2021;19:39:00;640;AC02 - Acidente com VITIMA;111,30000305175781;BR-116/SP;Pista Norte;Colisão Traseira;2;2;1;;;;1
24/03/2021;21:08:00;681;AC02 - Acidente com VITIMA;210;BR-116/SP;Pista Sul;Abalroamento Longitudinal;1;2;2;;;;1
25/03/2021;01:22:00;46;AC03 - Acidente sem VITIMA;271,3999938964844;BR-116/RJ;Pista Sul;Choque em Barreira New Jersey;1;1;;;;;1
25/03/2021;04:39:00;73;AC03 - Acidente sem VITIMA;225;BR-116/SP;Pista Sul;Colisão Traseira;1;2;;;;;1
25/03/2021;08:33:00;249;AC03 - Acidente sem VITIMA;216,3000030517578;BR-116/RJ;Pista Norte;Abalroamento Longitudinal;2;2;;;;;1
25/03/2021;11:12:00;340;AC02 - Acidente com VITIMA;223;BR-116/SP;Pista Norte;Engavetamento;4;5;;1;;;2
25/03/2021;13:39:00;428;AC03 - Acidente sem VITIMA;152,8000030517578;BR-116/SP;Pista Sul;Choque em objeto na pista;1;2;;;;;1
25/03/2021;22:08:00;713;AC03 - Acidente sem VITIMA;6,400000095367432;BR-116/SP;Pista Sul;Abalroamento Longitudinal;2;2;;;;;1
26/03/2021;03:49:00;54;AC03 - Acidente sem VITIMA;27,799999237060547;BR-116/SP;Pista Sul;Abalroamento Longitudinal;2;2;;;;;1
26/03/2021;04:20:00;58;AC02 - Acidente com VITIMA;80,5;BR-116/SP;Pista Sul;Queda de ribanceira;1;0;2;;;;1
26/03/2021;06:03:00;97;AC02 - Acidente com VITIMA;167,14999389648438;BR-116/SP;Pista Norte;Colisão Traseira;2;1;1;;;;1
26/03/2021;07:32:00;173;AC03 - Acidente sem VITIMA;320,79998779296875;BR-116/RJ;Pista Norte;Colisão Traseira;2;2;;;;;1
26/03/2021;08:38:00;234;AC03 - Acidente sem VITIMA;140;BR-116/SP;Pista Sul;Colisão Traseira;1;4;;;;;1
26/03/2021;13:05:00;423;AC02 - Acidente com VITIMA;187,3000030517578;BR-116/RJ;Pista Norte;Abalroamento Longitudinal;2;1;1;1;;;2
26/03/2021;15:35:00;511;AC03 - Acidente sem VITIMA;30,299999237060547;BR-116/SP;Pista Sul;Colisão Traseira;2;2;;;;;1
26/03/2021;16:44:00;559;AC02 - Acidente com VITIMA;219,8000030517578;BR-116/SP;Pista Norte;Abalroamento Longitudinal;1;2;1;;;;1
26/03/2021;18:05:00;615;AC03 - Acidente sem VITIMA;267;BR-116/RJ;Pista Sul;Abalroamento Longitudinal;1;2;;;;;1
26/03/2021;21:22:00;701;AC02 - Acidente com VITIMA;223,3000030517578;BR-116/RJ;Pista Norte;Choque Talude;1;1;;1;;;2
26/03/2021;22:47:00;721;AC03 - Acidente sem VITIMA;167;BR-116/RJ;Pista Norte;Abalroamento Longitudinal;1;4;;;;;1
26/03/2021;23:03:00;726;AC03 - Acidente sem VITIMA;194,3000030517578;BR-116/SP;Pista Sul;Colisão Traseira;2;2;;;;;1
27/03/2021;17:03:00;389;AC02 - Acidente com VITIMA;4,800000190734863;BR-116/SP;Pista Sul;Choque em objeto fixo;1;0;1;;;;1
27/03/2021;20:06:00;487;AC03 - Acidente sem VITIMA;211,10000610351562;BR-116/SP;Pista Sul;Colisão Traseira;1;5;;;;;1
28/03/2021;14:28:00;263;AC03 - Acidente sem VITIMA;174;BR-116/RJ;Pista Sul;Abalroamento Longitudinal;1;2;;;;;1
28/03/2021;17:53:00;347;AC03 - Acidente sem VITIMA;107,30000305175781;BR-116/SP;Pista Norte;Abalroamento Longitudinal;1;4;;;;;1
29/03/2021;07:31:00;179;AC03 - Acidente sem VITIMA;277,79998779296875;BR-116/RJ;Pista Sul;Abalroamento Longitudinal;1;2;;;;;1
30/03/2021;13:37:00;455;AC03 - Acidente sem VITIMA;147;BR-116/SP;Pista Sul;Abalroamento Longitudinal;1;5;;;;;1
30/03/2021;21:09:00;663;AC02 - Acidente com VITIMA;275,04998779296875;BR-116/RJ;Pista Norte;Choque em Barreira New Jersey;1;1;2;1;;;2
31/03/2021;14:45:00;466;AC03 - Acidente sem VITIMA;328,82000732421875;BR-116/RJ;Pista Sul;Choque em objeto fixo;1;1;;;;;1
31/03/2021;20:33:00;638;AC03 - Acidente sem VITIMA;179,39999389648438;BR-116/SP;Pista Norte;Colisão Traseira;1;2;;;;;1
01/04/2021;00:36:00;21;AC03 - Acidente sem VITIMA;122,80000305175781;BR-116/SP;Pista Norte;Choque em objeto na pista;1;9;;;;;1
01/04/2021;03:36:00;61;AC03 - Acidente sem VITIMA;33,150001525878906;BR-116/SP;Pista Norte;Choque em objeto na pista;1;4;;;;;1
01/04/2021;09:52:00;279;AC02 - Acidente com VITIMA;46,54999923706055;BR-116/SP;Pista Sul;Abalroamento Longitudinal;1;1;;1;;;2
01/04/2021;10:24:00;306;AC03 - Acidente sem VITIMA;223,0500030517578;BR-116/RJ;Pista Norte;Colisão Traseira;2;2;;;;;1
01/04/2021;11:29:00;350;AC03 - Acidente sem VITIMA;168,8000030517578;BR-116/RJ;Pista Sul;Engavetamento;1;5;;;;;1
01/04/2021;11:44:00;359;AC03 - Acidente sem VITIMA;180,8000030517578;BR-116/SP;Pista Norte;Choque em Barreira New Jersey;1;1;;;;;1
01/04/2021;12:36:00;384;AC03 - Acidente sem VITIMA;174;BR-116/RJ;Pista Sul;Engavetamento;1;3;;;;;1
01/04/2021;15:05:00;466;AC03 - Acidente sem VITIMA;0,8999999761581421;BR-116/SP;Pista Norte;Abalroamento Longitudinal;1;2;;;;;1
01/04/2021;15:12:00;473;AC02 - Acidente com VITIMA;218,85000610351562;BR-116/SP;Pista Sul;Abalroamento Longitudinal;1;5;1;;;;1
01/04/2021;20:37:00;674;AC02 - Acidente com VITIMA;211;BR-116/SP;Pista Sul;Abalroamento Longitudinal;1;1;1;;;;1
01/04/2021;22:57:00;721;AC03 - Acidente sem VITIMA;187,8000030517578;BR-116/SP;Pista Norte;Choque em objeto na pista;1;1;;;;;1
02/04/2021;04:59:00;71;AC03 - Acidente sem VITIMA;190;BR-116/RJ;Pista Norte;Colisão Traseira;1;2;;;;;1
02/04/2021;17:59:00;424;AC03 - Acidente sem VITIMA;218;BR-116/SP;Pista Norte;Abalroamento Longitudinal;1;2;;;;;1
02/04/2021;21:45:00;490;AC02 - Acidente com VITIMA;160,5;BR-116/SP;Pista Sul;Tombamento;1;0;;1;;;2
04/04/2021;06:54:00;73;AC03 - Acidente sem VITIMA;224,5;BR-116/RJ;Pista Norte;Abalroamento Longitudinal;2;2;;;;;1
04/04/2021;10:27:00;155;AC03 - Acidente sem VITIMA;38,20000076293945;BR-116/SP;Pista Sul;Choque em objeto na pista;1;1;;;;;1
04/04/2021;14:38:00;270;AC03 - Acidente sem VITIMA;50,849998474121094;BR-116/SP;Pista Norte;Abalroamento Longitudinal;1;3;;;;;1
05/04/2021;08:05:00;203;AC02 - Acidente com VITIMA;219,1999969482422;BR-116/SP;Pista Sul;Colisão Traseira;1;1;1;;;;1
05/04/2021;17:25:00;518;AC03 - Acidente sem VITIMA;91,9000015258789;BR-116/SP;Pista Norte;Abalroamento Longitudinal;1;3;;;;;1
05/04/2021;23:33:00;671;AC03 - Acidente sem VITIMA;136,39999389648438;BR-116/SP;Pista Norte;Colisão Traseira;1;3;;;;;1
06/04/2021;00:15:00;20;AC03 - Acidente sem VITIMA;199,5;BR-116/RJ;Pista Sul;Tombamento;1;1;;;;;1
06/04/2021;06:31:00;115;AC03 - Acidente sem VITIMA;223,39999389648438;BR-116/RJ;Pista Sul;Choque em Defensa;1;1;;;;;1
06/04/2021;14:53:00;420;AC03 - Acidente sem VITIMA;118,4000015258789;BR-116/SP;Pista Sul;Abalroamento Longitudinal;2;2;;;;;1
06/04/2021;18:17:00;536;AC02 - Acidente com VITIMA;162,3000030517578;BR-116/SP;Pista Norte;Colisão Traseira;1;1;1;;;;1
07/04/2021;01:34:00;46;AC03 - Acidente sem VITIMA;227,89999389648438;BR-116/SP;Pista Norte;Colisão Traseira;1;2;;;;;1
07/04/2021;07:56:00;227;AC03 - Acidente sem VITIMA;184;BR-116/RJ;Pista Norte;Colisão Traseira;1;2;;;;;1
07/04/2021;10:23:00;385;AC03 - Acidente sem VITIMA;176,39999389648438;BR-116/RJ;Pista Sul;Engavetamento;1;4;;;;;1
07/04/2021;11:44:00;442;AC03 - Acidente sem VITIMA;285;BR-116/RJ;Pista Sul;Colisão Traseira;1;2;;;;;1
07/04/2021;18:16:00;744;AC03 - Acidente sem VITIMA;146,1999969482422;BR-116/SP;Pista Sul;Engavetamento;1;4;;;;;1
08/04/2021;00:59:00;23;AC02 - Acidente com VITIMA;245;BR-116/RJ;Pista Norte;Colisão Traseira;2;1;;1;;;2
09/04/2021;06:14:00;119;AC03 - Acidente sem VITIMA;223,6999969482422;BR-116/RJ;Pista Norte;Tombamento;1;1;;;;;1
09/04/2021;10:28:00;299;AC03 - Acidente sem VITIMA;223,14999389648438;BR-116/RJ;Pista Norte;Colisão Traseira;2;2;;;;;1
09/04/2021;19:59:00;651;AC03 - Acidente sem VITIMA;265;BR-116/RJ;Pista Sul;Colisão Traseira;1;2;;;;;1
10/04/2021;01:07:00;22;AC03 - Acidente sem VITIMA;205,19000244140625;BR-116/RJ;Pista Norte;Colisão Traseira;1;2;;;;;1
10/04/2021;05:05:00;78;AC03 - Acidente sem VITIMA;198,39999389648438;BR-116/RJ;Pista Sul;Choque em Defensa;1;1;;;;;1
10/04/2021;09:59:00;234;AC03 - Acidente sem VITIMA;155;BR-116/SP;Pista Norte;Abalroamento Longitudinal;1;2;;;;;1
10/04/2021;18:18:00;498;AC02 - Acidente com VITIMA;165,6999969482422;BR-116/RJ;Pista Norte;Choque em veículo parado na pista;1;1;;1;;;2
11/04/2021;13:05:00;263;AC03 - Acidente sem VITIMA;174,10000610351562;BR-116/SP;Pista Sul;Colisão Traseira;1;2;;;;;1
11/04/2021;22:51:00;509;AC02 - Acidente com VITIMA;267,82000732421875;BR-116/RJ;Pista Sul;Abalroamento Longitudinal;1;1;4;1;;;2
12/04/2021;07:11:00;191;AC03 - Acidente sem VITIMA;318,8999938964844;BR-116/RJ;Pista Norte;Abalroamento Longitudinal;1;2;;;;;1
12/04/2021;10:09:00;332;AC02 - Acidente com VITIMA;179;BR-116/SP;Pista Sul;Choque em objeto fixo;1;0;;1;;;2
12/04/2021;11:50:00;389;AC02 - Acidente com VITIMA;275,3999938964844;BR-116/RJ;Pista Norte;Colisão Traseira;1;1;3;;;;1
12/04/2021;15:27:00;535;AC03 - Acidente sem VITIMA;225,1999969482422;BR-116/SP;Pista Norte;Colisão Traseira;1;2;;;;;1
12/04/2021;15:27:00;536;AC03 - Acidente sem VITIMA;296,5;BR-116/RJ;Pista Sul;Choque em Defensa;1;1;;;;;1
12/04/2021;18:56:00;658;AC02 - Acidente com VITIMA;197,60000610351562;BR-116/RJ;Pista Sul;Colisão Traseira;1;1;1;;;;1
13/04/2021;02:09:00;55;AC03 - Acidente sem VITIMA;109;BR-116/SP;Pista Sul;Choque em objeto fixo;1;2;;;;;1
13/04/2021;02:28:00;73;AC03 - Acidente sem VITIMA;237,8000030517578;BR-116/RJ;Pista Norte;Choque em Barreira New Jersey;1;1;;;;;1
13/04/2021;04:49:00;133;AC03 - Acidente sem VITIMA;167;BR-116/RJ;Pista Norte;Colisão Traseira;1;2;;;;;1
13/04/2021;07:38:00;266;AC02 - Acidente com VITIMA;226,3000030517578;BR-116/RJ;Pista Norte;Outros;1;0;1;;;;1
13/04/2021;16:04:00;604;AC02 - Acidente com VITIMA;224,8000030517578;BR-116/SP;Pista Sul;Abalroamento Longitudinal;1;1;1;;;;1
14/04/2021;04:01:00;65;AC02 - Acidente com VITIMA;219,10000610351562;BR-116/SP;Pista Norte;Tombamento;1;1;1;;;;1
14/04/2021;05:02:00;78;AC03 - Acidente sem VITIMA;269,0299987792969;BR-116/RJ;Pista Norte;Atropelamento de Animal;1;1;;;;;1
14/04/2021;06:15:00;109;AC03 - Acidente sem VITIMA;217;BR-116/SP;Pista Norte;Colisão Traseira;2;2;;;;;1
14/04/2021;07:11:00;157;AC02 - Acidente com VITIMA;202,5;BR-116/SP;Pista Norte;Colisão Traseira;2;1;2;;;;1
14/04/2021;07:35:00;181;AC03 - Acidente sem VITIMA;181,60000610351562;BR-116/RJ;Pista Norte;Colisão Traseira;1;2;;;;;1
14/04/2021;17:39:00;613;AC02 - Acidente com VITIMA;84,98999786376953;BR-116/SP;Pista Norte;Tombamento;1;0;1;;;;1
15/04/2021;04:42:00;105;AC02 - Acidente com VITIMA;179,8000030517578;BR-116/RJ;Pista Norte;Abalroamento Longitudinal;1;3;2;;;;1
15/04/2021;05:33:00;111;AC03 - Acidente sem VITIMA;205;BR-116/SP;Pista Norte;Choque em objeto na pista;1;3;;;;;1
15/04/2021;20:10:00;713;AC03 - Acidente sem VITIMA;127,75;BR-116/SP;Pista Sul;Abalroamento Longitudinal;1;3;;;;;1
15/04/2021;22:52:00;761;AC03 - Acidente sem VITIMA;216,5;BR-116/SP;Pista Norte;Choque em Barreira New Jersey;1;1;;;;;1
16/04/2021;09:12:00;303;AC03 - Acidente sem VITIMA;204,5;BR-116/SP;Pista Norte;Colisão Traseira;1;2;;;;;1
16/04/2021;12:04:00;413;AC02 - Acidente com VITIMA;263,29998779296875;BR-116/RJ;Pista Sul;Queda de ribanceira;1;0;;1;;;2
16/04/2021;15:50:00;552;AC03 - Acidente sem VITIMA;303;BR-116/RJ;Pista Sul;Colisão Traseira;1;2;;;;;1
16/04/2021;20:43:00;705;AC03 - Acidente sem VITIMA;268,5;BR-116/RJ;Pista Sul;Abalroamento Longitudinal;1;2;;;;;1
17/04/2021;13:33:00;358;AC03 - Acidente sem VITIMA;63;BR-116/SP;Pista Norte;Colisão Traseira;1;3;;;;;1
18/04/2021;01:59:00;38;AC03 - Acidente sem VITIMA;216,64999389648438;BR-116/SP;Pista Norte;Choque em Barreira New Jersey;1;2;;;;;1
18/04/2021;02:20:00;41;AC03 - Acidente sem VITIMA;230;BR-116/SP;Pista Sul;Choque em objeto fixo;1;1;;;;;1
18/04/2021;19:24:00;488;AC02 - Acidente com VITIMA;165,3000030517578;BR-116/RJ;Pista Sul;Colisão Traseira;1;1;1;;;;1
18/04/2021;23:08:00;561;AC02 - Acidente com VITIMA;193,10000610351562;BR-116/RJ;Pista Sul;Atropelamento de Animal;1;1;1;;;;1
19/04/2021;07:41:00;192;AC03 - Acidente sem VITIMA;228,5;BR-116/SP;Pista Norte;Colisão Traseira;1;4;;;;;1
19/04/2021;08:19:00;218;AC03 - Acidente sem VITIMA;219,25;BR-116/SP;Pista Sul;Choque em Barreira New Jersey;1;1;;;;;1
19/04/2021;13:13:00;408;AC01 - Acidente com VITIMA FATAL;211,6999969482422;BR-116/SP;Pista Sul;Choque em objeto fixo;1;0;;;;1;3
19/04/2021;13:35:00;420;AC02 - Acidente com VITIMA;210,60000610351562;BR-116/SP;Pista Sul;Colisão Traseira;1;2;1;;;;1
19/04/2021;19:34:00;602;AC02 - Acidente com VITIMA;188,39999389648438;BR-116/RJ;Pista Sul;Abalroamento Longitudinal;1;1;1;;;;1
19/04/2021;19:49:00;610;AC03 - Acidente sem VITIMA;209,8000030517578;BR-116/SP;Pista Sul;Colisão Traseira;1;3;;;;;1
20/04/2021;05:13:00;88;AC03 - Acidente sem VITIMA;230,5;BR-116/SP;Pista Norte;Abalroamento Longitudinal;1;3;;;;;1
20/04/2021;07:23:00;168;AC05 - Atropelamento Fatal;188,8000030517578;BR-116/RJ;Pista Norte;Atropelamento de Pedestre Atravessando;1;1;;;;1;3
20/04/2021;10:05:00;315;AC02 - Acidente com VITIMA;205,1999969482422;BR-116/SP;Pista Sul;Engavetamento;1;2;2;;;;1
20/04/2021;10:59:00;353;AC03 - Acidente sem VITIMA;207,10000610351562;BR-116/RJ;Pista Sul;Engavetamento;1;3;;;;;1
20/04/2021;13:02:00;421;AC03 - Acidente sem VITIMA;215,6999969482422;BR-116/SP;Pista Norte;Abalroamento Longitudinal;1;2;;;;;1
20/04/2021;14:42:00;480;AC03 - Acidente sem VITIMA;117;BR-116/SP;Pista Norte;Abalroamento Longitudinal;1;3;;;;;1
20/04/2021;15:47:00;527;AC02 - Acidente com VITIMA;220,5;BR-116/SP;Pista Sul;Engavetamento;1;4;1;;;;1
20/04/2021;16:29:00;548;AC03 - Acidente sem VITIMA;204,8000030517578;BR-116/SP;Pista Norte;Choque em objeto na pista;1;1;;;;;1
20/04/2021;19:18:00;651;AC02 - Acidente com VITIMA;169,10000610351562;BR-116/RJ;Pista Norte;Abalroamento Longitudinal;1;1;1;;;;1
21/04/2021;12:33:00;327;AC02 - Acidente com VITIMA;216,8000030517578;BR-116/RJ;Pista Norte;Colisão Traseira;1;1;2;;;;1
21/04/2021;15:29:00;398;AC02 - Acidente com VITIMA;178,8000030517578;BR-116/RJ;Pista Norte;Engavetamento;1;2;1;1;;;2
22/04/2021;03:26:00;34;AC01 - Acidente com VITIMA FATAL;225;BR-116/SP;Pista Norte;Queda de moto;1;1;;;;1;3
22/04/2021;06:16:00;66;AC03 - Acidente sem VITIMA;222,5;BR-116/SP;Pista Sul;Abalroamento Longitudinal;1;2;;;;;1
22/04/2021;07:38:00;124;AC03 - Acidente sem VITIMA;126,5999984741211;BR-116/SP;Pista Norte;Choque em objeto fixo;1;1;;;;;1
22/04/2021;11:35:00;293;AC03 - Acidente sem VITIMA;162,10000610351562;BR-116/SP;Pista Sul;Abalroamento Longitudinal;1;2;;;;;1
22/04/2021;17:32:00;481;AC02 - Acidente com VITIMA;177,1999969482422;BR-116/RJ;Pista Sul;Colisão Traseira;1;1;1;;;;1
23/04/2021;09:15:00;222;AC03 - Acidente sem VITIMA;69,4000015258789;BR-116/SP;Pista Norte;Abalroamento Longitudinal;1;3;;;;;1
23/04/2021;09:49:00;240;AC03 - Acidente sem VITIMA;230,89999389648438;BR-116/SP;Pista Norte;Abalroamento Longitudinal;1;2;;;;;1
24/04/2021;22:27:00;527;AC02 - Acidente com VITIMA;254,39999389648438;BR-116/RJ;Pista Sul;Colisão Traseira;1;2;;1;;;2
25/04/2021;09:35:00;190;AC03 - Acidente sem VITIMA;60,75;BR-116/SP;Pista Norte;Colisão Traseira;1;2;;;;;1
25/04/2021;15:49:00;335;AC03 - Acidente sem VITIMA;190;BR-116/RJ;Pista Norte;Abalroamento Longitudinal;1;2;;;;;1
25/04/2021;18:44:00;401;AC03 - Acidente sem VITIMA;218,3000030517578;BR-116/RJ;Pista Norte;Capotamento;1;2;;;;;1
26/04/2021;05:53:00;81;AC03 - Acidente sem VITIMA;252;BR-116/RJ;Pista Norte;Abalroamento Longitudinal;1;2;;;;;1
26/04/2021;10:18:00;282;AC04 - Atropelamento;200,8000030517578;BR-116/RJ;Pista Norte;Atropelamento de Pedestre Atravessando;1;1;;1;;;2
26/04/2021;15:30:00;462;AC03 - Acidente sem VITIMA;116,5999984741211;BR-116/SP;Pista Norte;Engavetamento;3;6;;;;;1
27/04/2021;03:36:00;65;AC02 - Acidente com VITIMA;295;BR-116/RJ;Pista Norte;Queda de ribanceira;1;1;1;;;;1
27/04/2021;05:13:00;76;AC03 - Acidente sem VITIMA;314,20001220703125;BR-116/RJ;Pista Sul;Colisão Traseira;1;2;;;;;1
27/04/2021;09:43:00;286;AC03 - Acidente sem VITIMA;177,39999389648438;BR-116/RJ;Pista Sul;Colisão Traseira;1;2;;;;;1
27/04/2021;11:43:00;364;AC02 - Acidente com VITIMA;178,60000610351562;BR-116/RJ;Pista Norte;Colisão Traseira;1;1;1;;;;1
27/04/2021;13:12:00;409;AC03 - Acidente sem VITIMA;301,3999938964844;BR-116/RJ;Pista Sul;Choque em Barreira New Jersey;1;1;;;;;1
27/04/2021;16:10:00;513;AC03 - Acidente sem VITIMA;154,5;BR-116/SP;Pista Norte;Colisão Traseira;1;2;;;;;1
27/04/2021;17:12:00;542;AC03 - Acidente sem VITIMA;251,85000610351562;BR-116/RJ;Pista Norte;Choque em Barreira New Jersey;1;1;;;;;1
27/04/2021;17:13:00;543;AC03 - Acidente sem VITIMA;230,89999389648438;BR-116/SP;Pista Norte;Abalroamento Longitudinal;1;2;;;;;1
27/04/2021;17:25:00;548;AC03 - Acidente sem VITIMA;295,79998779296875;BR-116/RJ;Pista Sul;Abalroamento Longitudinal;1;2;;;;;1
27/04/2021;19:01:00;608;AC03 - Acidente sem VITIMA;220,6999969482422;BR-116/SP;Pista Norte;Abalroamento Longitudinal;1;4;;;;;1
27/04/2021;22:42:00;697;AC05 - Atropelamento Fatal;88,9000015258789;BR-116/SP;Pista Sul;Atropelamento de Pedestre Caminhando;1;1;;;;1;3
28/04/2021;14:17:00;429;AC02 - Acidente com VITIMA;179;BR-116/RJ;Pista Norte;Colisão Traseira;1;2;1;;;;1
28/04/2021;16:38:00;506;AC02 - Acidente com VITIMA;93,9000015258789;BR-116/SP;Pista Norte;Colisão Traseira;1;1;;1;;;2
29/04/2021;02:03:00;44;AC02 - Acidente com VITIMA;153,85000610351562;BR-116/SP;Pista Norte;Tombamento;1;0;;1;;;2
29/04/2021;09:40:00;298;AC03 - Acidente sem VITIMA;132,89999389648438;BR-116/SP;Pista Norte;Colisão Traseira;1;2;;;;;1
29/04/2021;11:32:00;386;AC03 - Acidente sem VITIMA;284,1000061035156;BR-116/RJ;Pista Norte;Abalroamento Longitudinal;1;2;;;;;1
29/04/2021;15:55:00;515;AC02 - Acidente com VITIMA;220,3000030517578;BR-116/RJ;Pista Sul;Tombamento;1;0;;1;;;2
29/04/2021;17:35:00;561;AC02 - Acidente com VITIMA;109,94999694824219;BR-116/SP;Pista Sul;Abalroamento Longitudinal;1;1;1;;;;1
29/04/2021;18:09:00;578;AC03 - Acidente sem VITIMA;140,39999389648438;BR-116/SP;Pista Sul;Engavetamento;2;6;;;;;1
29/04/2021;19:12:00;611;AC02 - Acidente com VITIMA;132,3000030517578;BR-116/SP;Pista Sul;Engavetamento;1;6;1;;;;1
29/04/2021;20:09:00;633;AC03 - Acidente sem VITIMA;298,5799865722656;BR-116/RJ;Pista Norte;Abalroamento Longitudinal;1;2;;;;;1
30/04/2021;01:41:00;34;AC04 - Atropelamento;37,70000076293945;BR-116/SP;Pista Sul;Atropelamento de Pedestre Atravessando;1;1;;;1;;2
30/04/2021;06:32:00;90;AC03 - Acidente sem VITIMA;163,5;BR-116/RJ;Pista Norte;Colisão Traseira;1;2;;;;;1
30/04/2021;07:28:00;142;AC03 - Acidente sem VITIMA;139,1999969482422;BR-116/SP;Pista Sul;Abalroamento Longitudinal;1;2;;;;;1
30/04/2021;07:55:00;182;AC02 - Acidente com VITIMA;133,86000061035156;BR-116/SP;Pista Sul;Colisão Traseira;1;1;1;;1;;2
30/04/2021;18:24:00;621;AC02 - Acidente com VITIMA;165,10000610351562;BR-116/RJ;Pista Sul;Engavetamento;1;3;1;;;;1
30/04/2021;20:12:00;679;AC03 - Acidente sem VITIMA;75,5;BR-116/SP;Pista Norte;Atropelamento de Animal;1;1;;;;;1
01/05/2021;10:06:00;232;Acidente sem vítima;155,2;BR-116/SP;Pista Sul;Abalroamento longitudinal;1;3;0;0;0;0;1
01/05/2021;16:21:00;425;Acidente com morte;237,9;BR-116/RJ;Pista Sul;Choque em veículo parado na pista;1;2;0;0;0;1;3
10/05/2021;15:44:00;546;Acidente sem vítima;218,7;BR-116/SP;Pista Sul;Colisão frontal;2;3;0;0;0;0;1
16/05/2021;17:27:00;426;Acidente sem vítima;207,1;BR-116/RJ;Pista Norte;Colisão traseira;1;4;0;0;0;0;1
16/05/2021;18:00:00;447;Acidente sem vítima;154,9;BR-116/SP;Pista Sul;Abalroamento longitudinal;1;5;0;0;0;0;1
21/05/2021;16:10:00;530;Acidente sem vítima;154,8;BR-116/SP;Pista Norte;Colisão traseira;1;5;0;0;0;0;1