data;horario;n_da_ocorrencia;tipo_de_ocorrencia;km;trecho;sentido;tipo_de_acidente;caminhao;ilesos;levemente_feridos;moderadamente_feridos;gravemente_feridos;mortos;3
24/05/2021;08:18:00;195;Acidente sem vítima;222,5;BR-116/SP;Pista Norte;Colisão traseira;1;4;0;0;0;0;1
03/05/2021;16:19:00;507;Acidente com vítima;175,8;BR-116/RJ;Pista Sul;Abalroamento longitudinal;1;1;1;0;0;0;1
03/05/2021;23:51:00;700;Acidente com vítima;181,85;BR-116/RJ;Pista Norte;Choque em objeto na pista;1;2;3;0;0;0;1
04/05/2021;09:57:00;255;Acidente com vítima;24,9;BR-116/SP;Pista Norte;Colisão traseira;2;0;1;1;0;0;2
04/05/2021;12:08:00;348;Acidente com vítima;0,4;BR-116/SP;Pista Norte;Tombamento;1;1;1;0;0;0;1
05/05/2021;02:17:00;39;Acidente sem vítima;35,6;BR-116/SP;Pista Norte;Abalroamento longitudinal;1;2;0;0;0;0;1
05/05/2021;03:11:00;49;Acidente com vítima;25,25;BR-116/SP;Pista Norte;Tombamento;1;0;1;0;0;0;1
05/05/2021;12:44:00;409;Acidente sem vítima;86,5;BR-116/SP;Pista Norte;Abalroamento longitudinal;2;2;0;0;0;0;1
05/05/2021;15:43:00;536;Acidente sem vítima;182,3;BR-116/SP;Pista Norte;Colisão traseira;1;2;0;0;0;0;1
05/05/2021;17:57:00;631;Acidente com vítima;168,1;BR-116/RJ;Pista Norte;Colisão traseira;2;2;0;2;0;0;2
05/05/2021;20:34:00;724;Acidente sem vítima;45,72;BR-116/SP;Pista Sul;Outros;1;2;0;0;0;0;1
06/05/2021;04:41:00;67;Acidente sem vítima;218,3;BR-116/SP;Pista Sul;Choque em objeto na pista;1;2;0;0;0;0;1
06/05/2021;04:54:00;71;Acidente sem vítima;219;BR-116/SP;Pista Sul;Choque em objeto na pista;1;1;0;0;0;0;1
06/05/2021;06:29:00;106;Acidente com vítima;120,3;BR-116/SP;Pista Norte;Tombamento;1;0;1;0;0;0;1
06/05/2021;09:00:00;260;Acidente sem vítima;165,85;BR-116/SP;Pista Norte;Tombamento;1;2;0;0;0;0;1
06/05/2021;09:19:00;272;Acidente sem vítima;165,85;BR-116/SP;Pista Norte;Colisão traseira;2;2;0;0;0;0;1
06/05/2021;11:05:00;365;Acidente sem vítima;165,8;BR-116/RJ;Pista Norte;Colisão traseira;1;2;0;0;0;0;1
06/05/2021;15:03:00;515;Acidente com vítima;85,35;BR-116/SP;Pista Norte;Abalroamento longitudinal;1;1;1;0;0;0;1
06/05/2021;15:29:00;536;Acidente sem vítima;155,1;BR-116/SP;Pista Sul;Abalroamento longitudinal;1;2;0;0;0;0;1
06/05/2021;16:09:00;554;Acidente com vítima;214,3;BR-116/SP;Pista Norte;Abalroamento longitudinal;1;3;2;0;0;0;1
06/05/2021;21:35:00;733;Acidente sem vítima;19,8;BR-116/SP;Pista Sul;Choque em objeto fixo;1;1;0;0;0;0;1
07/05/2021;03:47:00;66;Acidente sem vítima;22,1;BR-116/SP;Pista Norte;Abalroamento longitudinal;2;2;0;0;0;0;1
07/05/2021;06:01:00;98;Acidente sem vítima;70,8;BR-116/SP;Pista Norte;Choque em objeto na pista;1;1;0;0;0;0;1
07/05/2021;08:49:00;265;Acidente com vítima;209,8;BR-116/SP;Pista Sul;Abalroamento longitudinal;1;1;1;0;0;0;1
07/05/2021;11:30:00;368;Acidente sem vítima;213;BR-116/RJ;Pista Sul;Abalroamento longitudinal;1;3;0;0;0;0;1
07/05/2021;13:43:00;454;Acidente sem vítima;188,6;BR-116/RJ;Pista Norte;Abalroamento longitudinal;1;2;0;0;0;0;1
07/05/2021;17:44:00;604;Acidente com vítima;219,1;BR-116/SP;Pista Norte;Colisão traseira;1;1;0;1;0;0;2
07/05/2021;18:25:00;630;Acidente sem vítima;161,8;BR-116/SP;Pista Norte;Abalroamento longitudinal;1;5;0;0;0;0;1
07/05/2021;19:40:00;670;Acidente com vítima;100,5;BR-116/SP;Pista Norte;Engavetamento;2;2;0;1;0;0;2
07/05/2021;19:41:00;671;Acidente com vítima;294,6;BR-116/RJ;Pista Sul;Abalroamento longitudinal;1;1;1;0;0;0;1
08/05/2021;00:43:00;28;Acidente sem vítima;211,7;BR-116/SP;Pista Norte;Abalroamento longitudinal;1;2;0;0;0;0;1
08/05/2021;01:33:00;37;Acidente sem vítima;106;BR-116/SP;Pista Norte;Outros;1;1;0;0;0;0;1
08/05/2021;07:49:00;135;Acidente sem vítima;200,1;BR-116/RJ;Pista Norte;Colisão traseira;2;2;0;0;0;0;1
08/05/2021;08:39:00;160;Acidente sem vítima;124;BR-116/SP;Pista Sul;Abalroamento longitudinal;1;2;0;0;0;0;1
09/05/2021;05:10:00;68;Acidente com vítima;211;BR-116/SP;Pista Norte;Colisão traseira;1;2;1;0;0;0;1
10/05/2021;06:17:00;104;Acidente sem vítima;95,7;BR-116/SP;Pista Norte;Choque em objeto na pista;1;1;0;0;0;0;1
10/05/2021;07:26:00;179;Acidente com vítima;183,8;BR-116/RJ;Pista Norte;Engavetamento;1;5;1;0;0;0;1
10/05/2021;07:28:00;181;Acidente com vítima;166;BR-116/RJ;Pista Norte;Abalroamento longitudinal;1;2;1;0;0;0;1
10/05/2021;18:21:00;660;Acidente sem vítima;15,85;BR-116/SP;Pista Sul;Colisão traseira;1;3;0;0;0;0;1
10/05/2021;18:55:00;689;Acidente sem vítima;117,4;BR-116/SP;Pista Norte;Colisão traseira;1;2;0;0;0;0;1
10/05/2021;20:00:00;732;Acidente sem vítima;65,8;BR-116/SP;Pista Sul;Choque em objeto na pista;1;4;0;0;0;0;1
11/05/2021;06:39:00;137;Acidente com vítima;217,4;BR-116/SP;Pista Sul;Abalroamento longitudinal;1;1;1;0;0;0;1
11/05/2021;09:02:00;283;Acidente sem vítima;54,3;BR-116/SP;Pista Sul;Colisão traseira;1;2;0;0;0;0;1
11/05/2021;09:19:00;300;Acidente com vítima;293,5;BR-116/RJ;Pista Norte;Abalroamento longitudinal;1;0;2;0;0;0;1
11/05/2021;09:40:00;321;Acidente com vítima;219,6;BR-116/SP;Pista Sul;Colisão traseira;1;3;1;0;0;0;1
11/05/2021;10:08:00;345;Acidente com vítima;217,8;BR-116/SP;Pista Sul;Engavetamento;2;3;1;0;0;0;1
11/05/2021;10:19:00;351;Acidente sem vítima;179,4;BR-116/SP;Pista Sul;Choque em barreira New Jersey;1;1;0;0;0;0;1
11/05/2021;11:14:00;398;Acidente sem vítima;143;BR-116/SP;Pista Sul;Colisão traseira;1;2;0;0;0;0;1
11/05/2021;22:49:00;773;Acidente sem vítima;71,6;BR-116/SP;Pista Sul;Abalroamento longitudinal;2;2;0;0;0;0;1
12/05/2021;04:31:00;59;Acidente com morte;104,4;BR-116/SP;Pista Sul;Colisão traseira;1;1;0;0;0;1;3
12/05/2021;04:32:00;60;Acidente com vítima;332,8;BR-116/RJ;Pista Sul;Colisão traseira;2;1;0;1;0;0;2
12/05/2021;11:13:00;361;Acidente com vítima;144;BR-116/SP;Pista Sul;Colisão traseira;1;1;2;0;0;0;1
12/05/2021;13:48:00;447;Acidente sem vítima;165,2;BR-116/SP;Pista Norte;Colisão traseira;2;3;0;0;0;0;1
12/05/2021;15:15:00;510;Acidente sem vítima;210;BR-116/SP;Pista Sul;Colisão traseira;1;3;0;0;0;0;1
12/05/2021;18:27:00;635;Acidente com vítima;169,5;BR-116/RJ;Pista Sul;Abalroamento longitudinal;1;1;1;0;0;0;1
12/05/2021;21:35:00;723;Acidente sem vítima;173;BR-116/SP;Pista Norte;Tombamento;1;1;0;0;0;0;1
12/05/2021;21:57:00;734;Acidente sem vítima;221,35;BR-116/RJ;Pista Sul;Choque em defensa;1;1;0;0;0;0;1
12/05/2021;22:44:00;753;Acidente sem vítima;121;BR-116/SP;Pista Sul;Colisão traseira;1;2;0;0;0;0;1
13/05/2021;00:50:00;25;Acidente sem vítima;45;BR-116/SP;Pista Norte;Abalroamento longitudinal;1;2;0;0;0;0;1
13/05/2021;02:48:00;37;Acidente sem vítima;183,65;BR-116/SP;Pista Sul;Colisão traseira;2;2;0;0;0;0;1
13/05/2021;05:12:00;61;Acidente sem vítima;179,4;BR-116/SP;Pista Sul;Abalroamento longitudinal;2;2;0;0;0;0;1
13/05/2021;10:17:00;318;Acidente com vítima;220,5;BR-116/RJ;Pista Norte;Tombamento;1;0;1;0;0;0;1
14/05/2021;12:09:00;444;Acidente sem vítima;220,3;BR-116/RJ;Pista Sul;Tombamento;1;1;0;0;0;0;1
14/05/2021;15:54:00;596;Acidente sem vítima;229,1;BR-116/SP;Pista Norte;Abalroamento longitudinal;1;3;0;0;0;0;1
14/05/2021;18:18:00;700;Acidente com vítima;114;BR-116/SP;Pista Sul;Abalroamento longitudinal;1;1;1;0;0;0;1
15/05/2021;00:11:00;15;Acidente sem vítima;173,9;BR-116/SP;Pista Sul;Tombamento;2;2;0;0;0;0;1
15/05/2021;14:23:00;291;Acidente com vítima;207,5;BR-116/SP;Pista Norte;Colisão traseira;1;3;1;0;0;0;1
16/05/2021;19:01:00;487;Acidente sem vítima;90;BR-116/SP;Pista Norte;Colisão traseira;1;5;0;0;0;0;1
17/05/2021;01:48:00;33;Acidente sem vítima;222,7;BR-116/RJ;Pista Norte;Colisão traseira;2;2;0;0;0;0;1
17/05/2021;23:40:00;719;Acidente com vítima;106;BR-116/SP;Pista Norte;Colisão traseira;2;2;0;0;1;0;2
18/05/2021;06:33:00;102;Acidente sem vítima;223,3;BR-116/RJ;Pista Norte;Colisão traseira;2;2;0;0;0;0;1
18/05/2021;12:22:00;395;Acidente sem vítima;268;BR-116/RJ;Pista Sul;Choque em barreira New Jersey;1;1;0;0;0;0;1
18/05/2021;12:57:00;415;Acidente com vítima;173,5;BR-116/SP;Pista Sul;Colisão traseira;1;1;1;0;0;0;1
18/05/2021;14:16:00;466;Acidente sem vítima;270;BR-116/RJ;Pista Sul;Colisão traseira;1;2;0;0;0;0;1
19/05/2021;02:16:00;42;Acidente com vítima;199,28;BR-116/SP;Pista Sul;Colisão traseira;2;1;1;0;0;0;1
19/05/2021;05:30:00;79;Acidente sem vítima;161,8;BR-116/SP;Pista Norte;Abalroamento longitudinal;1;3;0;0;0;0;1
19/05/2021;05:43:00;83;Acidente sem vítima;164,7;BR-116/RJ;Pista Norte;Engavetamento;4;4;0;0;0;0;1
19/05/2021;10:13:00;348;Acidente sem vítima;161;BR-116/SP;Pista Norte;Abalroamento longitudinal;1;3;0;0;0;0;1
19/05/2021;11:42:00;407;Acidente sem vítima;155,8;BR-116/SP;Pista Sul;Choque em objeto na pista;1;2;0;0;0;0;1
19/05/2021;12:55:00;444;Atropelamento com morte;319,52;BR-116/RJ;Pista Norte;Atropelamento de pedestre atravessando;1;1;0;0;0;1;3
19/05/2021;16:07:00;569;Acidente sem vítima;264,5;BR-116/RJ;Pista Sul;Abalroamento longitudinal;1;2;0;0;0;0;1
19/05/2021;22:32:00;748;Acidente sem vítima;223,9;BR-116/RJ;Pista Norte;Abalroamento longitudinal;1;2;0;0;0;0;1
20/05/2021;04:38:00;45;Acidente sem vítima;207,97;BR-116/SP;Pista Sul;Abalroamento longitudinal;2;5;0;0;0;0;1
20/05/2021;20:22:00;725;Acidente sem vítima;6;BR-116/SP;Pista Sul;Colisão traseira;1;2;0;0;0;0;1
20/05/2021;22:06:00;760;Acidente sem vítima;155;BR-116/SP;Pista Sul;Abalroamento longitudinal;1;2;0;0;0;0;1
21/05/2021;01:02:00;22;Acidente sem vítima;226,85;BR-116/RJ;Pista Norte;Choque Talude;1;1;0;0;0;0;1
21/05/2021;11:34:00;356;Acidente sem vítima;214,5;BR-116/SP;Pista Sul;Choque em objeto na pista;1;2;0;0;0;0;1
21/05/2021;18:04:00;610;Acidente sem vítima;86,95;BR-116/SP;Pista Sul;Colisão traseira;1;2;0;0;0;0;1
21/05/2021;19:29:00;672;Acidente sem vítima;108,8;BR-116/SP;Pista Norte;Choque em objeto na pista;2;2;0;0;0;0;1
22/05/2021;03:57:00;66;Acidente com vítima;213,4;BR-116/SP;Pista Norte;Abalroamento longitudinal;1;2;1;0;0;0;1
22/05/2021;11:53:00;267;Acidente sem vítima;154,4;BR-116/SP;Pista Norte;Abalroamento longitudinal;1;2;0;0;0;0;1
23/05/2021;11:03:00;191;Acidente sem vítima;222,55;BR-116/RJ;Pista Norte;Tombamento;1;1;0;0;0;0;1
23/05/2021;11:15:00;197;Acidente sem vítima;168,9;BR-116/SP;Pista Sul;Abalroamento longitudinal;1;5;0;0;0;0;1
23/05/2021;19:51:00;415;Acidente com vítima;228,35;BR-116/SP;Pista Norte;Abalroamento longitudinal;2;2;0;2;0;0;2
23/05/2021;23:25:00;491;Acidente sem vítima;201,1;BR-116/SP;Pista Sul;Abalroamento longitudinal;1;2;0;0;0;0;1
24/05/2021;03:12:00;40;Acidente com vítima;306;BR-116/RJ;Pista Sul;Colisão traseira;1;2;0;1;0;0;2
24/05/2021;08:08:00;182;Acidente com vítima;261,75;BR-116/RJ;Pista Norte;Tombamento;1;0;1;0;0;0;1
24/05/2021;18:47:00;628;Acidente com vítima;193;BR-116/SP;Pista Norte;Abalroamento longitudinal;1;1;1;0;0;0;1
25/05/2021;01:52:00;33;Acidente sem vítima;175;BR-116/RJ;Pista Sul;Choque em objeto na pista;1;4;0;0;0;0;1
25/05/2021;07:20:00;138;Acidente com vítima;23,5;BR-116/SP;Pista Norte;Choque em objeto fixo;1;0;0;1;0;0;2
25/05/2021;08:00:00;184;Acidente sem vítima;157,1;BR-116/SP;Pista Norte;Colisão traseira;1;2;0;0;0;0;1
25/05/2021;10:36:00;309;Acidente com vítima;69;BR-116/SP;Pista Norte;Choque em barreira New Jersey;1;1;2;0;0;0;1
25/05/2021;13:15:00;384;Acidente sem vítima;214,8;BR-116/RJ;Pista Sul;Abalroamento longitudinal;1;2;0;0;0;0;1
25/05/2021;18:03:00;557;Acidente sem vítima;207,85;BR-116/SP;Pista Sul;Colisão traseira;1;2;0;0;0;0;1
25/05/2021;18:32:00;578;Acidente sem vítima;149,5;BR-116/SP;Pista Sul;Colisão traseira;1;2;0;0;0;0;1
25/05/2021;23:40:00;684;Acidente sem vítima;106;BR-116/SP;Pista Sul;Tombamento;1;1;0;0;0;0;1
26/05/2021;06:16:00;64;Acidente com vítima;5;BR-116/SP;Pista Norte;Colisão traseira;1;1;1;0;0;0;1
26/05/2021;06:34:00;78;Acidente sem vítima;210;BR-116/RJ;Pista Norte;Abalroamento longitudinal;2;2;0;0;0;0;1
26/05/2021;07:29:00;123;Acidente com vítima;176;BR-116/RJ;Pista Norte;Colisão traseira;1;1;0;1;0;0;2
26/05/2021;09:35:00;235;Acidente sem vítima;74,7;BR-116/SP;Pista Norte;Choque em objeto na pista;1;3;0;0;0;0;1
26/05/2021;14:18:00;422;Acidente sem vítima;164,2;BR-116/SP;Pista Norte;Colisão traseira;2;2;0;0;0;0;1
26/05/2021;15:39:00;469;Acidente sem vítima;160,8;BR-116/SP;Pista Norte;Choque em defensa;1;1;0;0;0;0;1
26/05/2021;18:37:00;584;Acidente com vítima;174,3;BR-116/RJ;Pista Sul;Colisão traseira;1;1;1;0;0;0;1
26/05/2021;19:08:00;604;Acidente sem vítima;219,4;BR-116/SP;Pista Norte;Engavetamento;1;3;0;0;0;0;1
27/05/2021;05:28:00;96;Acidente sem vítima;224;BR-116/RJ;Pista Norte;Abalroamento longitudinal;2;2;0;0;0;0;1
27/05/2021;06:28:00;114;Acidente com vítima;309,69;BR-116/RJ;Pista Norte;Choque em objeto fixo;1;0;1;0;0;0;1
27/05/2021;08:56:00;265;Acidente sem vítima;64;BR-116/SP;Pista Norte;Choque em objeto fixo;2;2;0;0;0;0;1
27/05/2021;10:04:00;329;Acidente com vítima;306;BR-116/RJ;Pista Norte;Abalroamento longitudinal;1;1;1;1;0;0;2
27/05/2021;10:44:00;356;Acidente com vítima;176,3;BR-116/RJ;Pista Sul;Engavetamento;1;2;2;0;0;0;1
27/05/2021;11:54:00;399;Acidente sem vítima;219;BR-116/SP;Pista Norte;Colisão traseira;1;2;0;0;0;0;1
27/05/2021;12:53:00;420;Acidente sem vítima;225,8;BR-116/RJ;Pista Sul;Choque em barreira New Jersey;1;1;0;0;0;0;1
27/05/2021;16:31:00;546;Acidente sem vítima;157,9;BR-116/SP;Pista Sul;Tombamento;1;1;0;0;0;0;1
27/05/2021;18:08:00;613;Acidente sem vítima;300;BR-116/RJ;Pista Norte;Colisão traseira;1;3;0;0;0;0;1
27/05/2021;23:21:00;740;Acidente sem vítima;213,1;BR-116/SP;Pista Sul;Outros;2;2;0;0;0;0;1
27/05/2021;23:22:00;741;Acidente com morte;205,7;BR-116/RJ;Pista Sul;Colisão traseira;1;1;0;0;0;1;3
28/05/2021;03:29:00;47;Acidente sem vítima;328,2;BR-116/RJ;Pista Sul;Choque em barreira New Jersey;1;1;0;0;0;0;1
28/05/2021;07:19:00;133;Acidente sem vítima;142,3;BR-116/SP;Pista Norte;Colisão traseira;1;3;0;0;0;0;1
28/05/2021;08:34:00;217;Acidente sem vítima;165,7;BR-116/RJ;Pista Sul;Abalroamento longitudinal;1;2;0;0;0;0;1
28/05/2021;12:07:00;347;Acidente sem vítima;155,7;BR-116/SP;Pista Sul;Abalroamento longitudinal;1;3;0;0;0;0;1
28/05/2021;12:22:00;356;Acidente com vítima;220,4;BR-116/RJ;Pista Norte;Engavetamento;3;3;1;0;0;0;1
28/05/2021;16:47:00;527;Acidente sem vítima;224,6;BR-116/RJ;Pista Sul;Colisão traseira;1;2;0;0;0;0;1
29/05/2021;06:33:00;73;Acidente com vítima;214,4;BR-116/SP;Pista Norte;Colisão traseira;1;1;3;0;0;0;1
30/05/2021;16:50:00;381;Acidente com vítima;141,3;BR-116/SP;Pista Norte;Tombamento;1;0;1;0;0;0;1
31/05/2021;02:43:00;45;Acidente sem vítima;247,9;BR-116/RJ;Pista Norte;Tombamento;1;1;0;0;0;0;1
31/05/2021;03:34:00;49;Acidente sem vítima;141,6;BR-116/SP;Pista Norte;Choque em objeto fixo;1;1;0;0;0;0;1
31/05/2021;04:50:00;60;Acidente com vítima;331,1;BR-116/RJ;Pista Sul;Colisão traseira;1;0;1;1;0;0;2
31/05/2021;06:54:00;106;Acidente sem vítima;201,5;BR-116/SP;Pista Sul;Colisão traseira;2;2;0;0;0;0;1
31/05/2021;08:11:00;191;Acidente sem vítima;279;BR-116/RJ;Pista Sul;Choque em defensa;1;3;0;0;0;0;1
31/05/2021;08:48:00;227;Acidente sem vítima;247,7;BR-116/RJ;Pista Norte;Colisão traseira;1;2;0;0;0;0;1
31/05/2021;10:42:00;296;Acidente com vítima;230;BR-116/RJ;Pista Norte;Choque em barreira New Jersey;1;0;1;0;0;0;1
31/05/2021;13:11:00;378;Acidente com vítima;183,9;BR-116/RJ;Pista Sul;Colisão traseira;1;3;1;0;0;0;1
31/05/2021;13:44:00;394;Acidente com vítima;220,55;BR-116/SP;Pista Norte;Colisão traseira;1;2;1;0;0;0;1
01/06/2021;05:35:00;87;Acidente sem vítima;325,1;BR-116/RJ;Pista Norte;Choque Talude;1;1;0;0;0;0;1
01/06/2021;10:33:00;355;Acidente com vítima;273,5;BR-116/RJ;Pista Norte;Colisão traseira;1;2;1;0;0;0;1
01/06/2021;12:49:00;424;Acidente com vítima;229,7;BR-116/RJ;Pista Norte;Tombamento;1;0;0;0;1;0;2
01/06/2021;16:30:00;549;Acidente sem vítima;240,3;BR-116/RJ;Pista Sul;Colisão traseira;2;2;0;0;0;0;1
01/06/2021;17:50:00;591;Acidente sem vítima;134,9;BR-116/SP;Pista Sul;Colisão traseira;2;2;0;0;0;0;1
01/06/2021;22:23:00;723;Acidente com vítima;171,2;BR-116/SP;Pista Norte;Tombamento;1;0;1;0;0;0;1
01/06/2021;23:15:00;747;Acidente com vítima;299,4;BR-116/RJ;Pista Norte;Colisão traseira;1;1;1;1;1;0;2
02/06/2021;07:23:00;166;Acidente sem vítima;142,75;BR-116/SP;Pista Sul;Colisão traseira;1;3;0;0;0;0;1
02/06/2021;10:09:00;316;Acidente com vítima;224,68;BR-116/SP;Pista Norte;Engavetamento;2;3;1;0;0;0;1
02/06/2021;13:47:00;424;Acidente com vítima;296,2;BR-116/RJ;Pista Sul;Abalroamento longitudinal;1;5;1;0;0;0;1
02/06/2021;15:52:00;510;Acidente sem vítima;170,1;BR-116/RJ;Pista Sul;Colisão traseira;2;2;0;0;0;0;1
02/06/2021;18:30:00;610;Acidente sem vítima;175,3;BR-116/RJ;Pista Sul;Tombamento;1;1;0;0;0;0;1
02/06/2021;20:00:00;665;Acidente com vítima;176,1;BR-116/RJ;Pista Sul;Colisão traseira;1;1;1;0;0;0;1
03/06/2021;02:22:00;39;Acidente com morte;169,25;BR-116/SP;Pista Norte;Colisão traseira;2;1;0;0;0;1;3
03/06/2021;08:45:00;163;Acidente sem vítima;58;BR-116/SP;Pista Norte;Abalroamento longitudinal;1;2;0;0;0;0;1
03/06/2021;13:02:00;326;Acidente sem vítima;267,1;BR-116/RJ;Pista Sul;Capotamento;1;2;0;0;0;0;1
04/06/2021;05:55:00;65;Acidente sem vítima;221,3;BR-116/RJ;Pista Norte;Tombamento;1;1;0;0;0;0;1
04/06/2021;06:52:00;97;Acidente sem vítima;245,3;BR-116/RJ;Pista Norte;Choque em objeto fixo;1;1;0;0;0;0;1
04/06/2021;14:41:00;406;Acidente com vítima;228,8;BR-116/SP;Pista Norte;Colisão traseira;2;2;1;0;0;0;1
04/06/2021;18:15:00;527;Acidente sem vítima;112,65;BR-116/SP;Pista Norte;Colisão traseira;1;5;0;0;0;0;1
17/06/2021;07:01:00;100;Acidente sem vítima;230,3;BR-116/SP;Pista Sul;Choque em objeto na pista;1;1;0;0;0;0;1
19/06/2021;20:24:00;477;Acidente com vítima;158,7;BR-116/SP;Pista Sul;Colisão traseira;1;1;1;0;0;0;1
21/06/2021;08:47:00;297;Acidente sem vítima;223,5;BR-116/SP;Pista Norte;Abalroamento longitudinal;1;2;0;0;0;0;1
30/06/2021;22:26:00;795;Acidente sem vítima;204,6;BR-116/SP;Pista Norte;Abalroamento longitudinal;1;2;0;0;0;0;1
05/06/2021;04:26:00;75;Acidente com vítima;188,7;BR-116/SP;Pista Sul;Colisão traseira;2;1;0;1;0;0;2
05/06/2021;08:01:00;158;Acidente com vítima;129,7;BR-116/SP;Pista Sul;Colisão traseira;1;2;1;0;0;0;1
05/06/2021;09:47:00;207;Acidente sem vítima;224,36;BR-116/SP;Pista Norte;Choque em objeto na pista;1;2;0;0;0;0;1
05/06/2021;14:26:00;339;Acidente sem vítima;177,2;BR-116/RJ;Pista Sul;Abalroamento longitudinal;1;2;0;0;0;0;1
05/06/2021;18:28:00;460;Acidente sem vítima;217,3;BR-116/SP;Pista Norte;Abalroamento longitudinal;1;6;0;0;0;0;1
05/06/2021;21:00:00;537;Acidente sem vítima;113,5;BR-116/SP;Pista Sul;Tombamento;1;4;0;0;0;0;1
05/06/2021;21:34:00;548;Acidente sem vítima;225,5;BR-116/RJ;Pista Sul;Choque em defensa;1;1;0;0;0;0;1
06/06/2021;05:49:00;77;Acidente com vítima;223,5;BR-116/SP;Pista Norte;Tombamento;1;0;1;0;0;0;1
06/06/2021;18:01:00;374;Acidente com vítima;177,7;BR-116/SP;Pista Sul;Abalroamento longitudinal;1;2;2;0;0;0;1
06/06/2021;22:29:00;499;Acidente sem vítima;210;BR-116/SP;Pista Sul;Colisão traseira;1;2;0;0;0;0;1
07/06/2021;09:34:00;275;Acidente com vítima;168,3;BR-116/RJ;Pista Norte;Engavetamento;1;37;1;0;0;0;1
07/06/2021;15:11:00;483;Acidente sem vítima;265;BR-116/RJ;Pista Norte;Colisão traseira;1;3;0;0;0;0;1
07/06/2021;15:13:00;486;Acidente sem vítima;317;BR-116/RJ;Pista Norte;Tombamento;1;1;0;0;0;0;1
07/06/2021;17:28:00;553;Acidente sem vítima;122;BR-116/SP;Pista Norte;Choque em objeto fixo;1;1;0;0;0;0;1
07/06/2021;20:51:00;670;Acidente sem vítima;332,7;BR-116/RJ;Pista Sul;Abalroamento longitudinal;2;2;0;0;0;0;1
07/06/2021;22:43:00;699;Acidente com vítima;196,7;BR-116/RJ;Pista Norte;Tombamento;1;2;1;0;0;0;1
08/06/2021;06:10:00;71;Acidente com vítima;173,8;BR-116/RJ;Pista Norte;Engavetamento;1;4;2;0;0;0;1
08/06/2021;06:33:00;84;Acidente sem vítima;223,2;BR-116/RJ;Pista Norte;Colisão traseira;1;2;0;0;0;0;1
08/06/2021;08:45:00;239;Acidente sem vítima;225;BR-116/RJ;Pista Norte;Colisão traseira;2;2;0;0;0;0;1
08/06/2021;14:35:00;472;Acidente sem vítima;216,8;BR-116/SP;Pista Norte;Choque em objeto na pista;2;2;0;0;0;0;1
08/06/2021;15:08:00;487;Acidente com vítima;106,8;BR-116/SP;Pista Sul;Engavetamento;1;3;1;0;0;0;1
09/06/2021;02:04:00;37;Acidente com vítima;263,5;BR-116/RJ;Pista Norte;Tombamento;1;0;0;1;0;0;2
09/06/2021;05:26:00;66;Acidente sem vítima;227;BR-116/SP;Pista Norte;Queda de ribanceira;1;1;0;0;0;0;1
09/06/2021;08:51:00;248;Acidente sem vítima;231;BR-116/SP;Pista Sul;Colisão traseira;1;5;0;0;0;0;1
09/06/2021;09:09:00;264;Acidente sem vítima;155;BR-116/SP;Pista Norte;Colisão traseira;1;2;0;0;0;0;1
09/06/2021;12:40:00;424;Acidente sem vítima;210,5;BR-116/SP;Pista Sul;Engavetamento;2;3;0;0;0;0;1
09/06/2021;13:38:00;446;Acidente sem vítima;210,5;BR-116/SP;Pista Sul;Abalroamento longitudinal;1;4;0;0;0;0;1
09/06/2021;15:19:00;493;Acidente sem vítima;211,95;BR-116/SP;Pista Sul;Engavetamento;2;3;0;0;0;0;1
09/06/2021;15:44:00;513;Acidente sem vítima;109,6;BR-116/SP;Pista Sul;Colisão traseira;1;3;0;0;0;0;1
09/06/2021;20:48:00;660;Acidente com morte;226,8;BR-116/SP;Pista Sul;Abalroamento longitudinal;1;0;1;0;0;1;3
09/06/2021;22:28:00;708;Acidente com vítima;319,9;BR-116/RJ;Pista Sul;Colisão traseira;2;1;1;0;0;0;1
10/06/2021;01:32:00;28;Acidente sem vítima;180,85;BR-116/RJ;Pista Sul;Tombamento;1;1;0;0;0;0;1
10/06/2021;08:00:00;210;Acidente com vítima;166,35;BR-116/RJ;Pista Norte;Engavetamento;3;2;1;0;0;0;1
10/06/2021;11:18:00;375;Acidente com vítima;217,5;BR-116/SP;Pista Sul;Engavetamento;1;2;1;0;0;0;1
10/06/2021;13:05:00;442;Acidente sem vítima;259,75;BR-116/RJ;Pista Sul;Colisão traseira;2;2;0;0;0;0;1
10/06/2021;13:31:00;459;Acidente com vítima;221,9;BR-116/SP;Pista Sul;Abalroamento longitudinal;1;1;1;0;0;0;1
10/06/2021;13:58:00;483;Acidente sem vítima;323,5;BR-116/RJ;Pista Norte;Choque em barreira New Jersey;1;1;0;0;0;0;1
10/06/2021;19:11:00;685;Acidente com vítima;258;BR-116/RJ;Pista Sul;Choque em veículo parado na pista;1;1;0;1;0;0;2
11/06/2021;00:51:00;28;Acidente sem vítima;124,2;BR-116/SP;Pista Sul;Abalroamento longitudinal;2;3;0;0;0;0;1