data;horario;n_da_ocorrencia;tipo_de_ocorrencia;km;trecho;sentido;tipo_de_acidente;caminhao;ilesos;levemente_feridos;moderadamente_feridos;gravemente_feridos;mortos;3
11/06/2021;02:36:00;52;Acidente sem vítima;223;BR-116/RJ;Pista Norte;Choque Talude;1;1;0;0;0;0;1
11/06/2021;12:43:00;456;Acidente com vítima;224,3;BR-116/SP;Pista Sul;Colisão traseira;2;2;0;1;0;0;2
11/06/2021;18:21:00;679;Acidente sem vítima;168;BR-116/RJ;Pista Sul;Abalroamento longitudinal;1;5;0;0;0;0;1
11/06/2021;21:44:00;769;Acidente com vítima;228;BR-116/SP;Pista Norte;Colisão traseira;1;12;1;0;0;0;1
12/06/2021;09:04:00;178;Acidente sem vítima;142,7;BR-116/SP;Pista Norte;Abalroamento longitudinal;1;4;0;0;0;0;1
13/06/2021;09:10:00;196;Acidente sem vítima;194,9;BR-116/SP;Pista Norte;Choque em objeto na pista;1;1;0;0;0;0;1
14/06/2021;02:18:00;42;Acidente sem vítima;292,8;BR-116/RJ;Pista Norte;Abalroamento longitudinal;1;3;0;0;0;0;1
14/06/2021;22:47:00;682;Acidente sem vítima;26,5;BR-116/SP;Pista Norte;Abalroamento longitudinal;1;3;0;0;0;0;1
15/06/2021;04:21:00;71;Acidente com vítima;255,2;BR-116/RJ;Pista Norte;Choque em barreira New Jersey;1;0;1;0;0;0;1
15/06/2021;07:46:00;195;Acidente sem vítima;179,8;BR-116/RJ;Pista Norte;Colisão traseira;1;2;0;0;0;0;1
15/06/2021;08:53:00;263;Acidente sem vítima;209,7;BR-116/SP;Pista Sul;Abalroamento longitudinal;1;2;0;0;0;0;1
15/06/2021;18:50:00;645;Acidente com vítima;219,7;BR-116/SP;Pista Norte;Colisão traseira;1;1;0;1;0;0;2
16/06/2021;04:59:00;80;Acidente com vítima;245,9;BR-116/RJ;Pista Norte;Tombamento;1;0;1;0;0;0;1
16/06/2021;11:14:00;380;Acidente sem vítima;301,4;BR-116/RJ;Pista Sul;Choque em objeto fixo;1;1;0;0;0;0;1
17/06/2021;02:42:00;36;Acidente sem vítima;217;BR-116/SP;Pista Norte;Choque em barreira New Jersey;1;1;0;0;0;0;1
17/06/2021;05:35:00;62;Acidente sem vítima;164,65;BR-116/RJ;Pista Sul;Engavetamento;1;5;0;0;0;0;1
17/06/2021;07:19:00;125;Acidente sem vítima;223,3;BR-116/SP;Pista Norte;Engavetamento;2;3;0;0;0;0;1
17/06/2021;07:45:00;159;Acidente sem vítima;204,5;BR-116/SP;Pista Sul;Colisão traseira;2;2;0;0;0;0;1
17/06/2021;14:57:00;475;Acidente sem vítima;209,1;BR-116/SP;Pista Sul;Colisão traseira;2;2;0;0;0;0;1
17/06/2021;15:27:00;501;Acidente sem vítima;255,15;BR-116/RJ;Pista Sul;Tombamento;1;1;0;0;0;0;1
18/06/2021;06:54:00;113;Acidente com vítima;170,1;BR-116/SP;Pista Sul;Abalroamento longitudinal;1;1;1;0;0;0;1
18/06/2021;10:55:00;334;Acidente com vítima;92,2;BR-116/SP;Pista Sul;Engavetamento;1;4;1;0;0;0;1
18/06/2021;16:29:00;545;Acidente sem vítima;174,6;BR-116/RJ;Pista Sul;Engavetamento;1;3;0;0;0;0;1
18/06/2021;17:51:00;596;Acidente sem vítima;209,8;BR-116/SP;Pista Sul;Abalroamento longitudinal;1;2;0;0;0;0;1
18/06/2021;18:03:00;604;Acidente sem vítima;186,7;BR-116/RJ;Pista Sul;Colisão traseira;1;2;0;0;0;0;1
18/06/2021;20:42:00;673;Acidente sem vítima;226,3;BR-116/RJ;Pista Norte;Tombamento;1;1;0;0;0;0;1
18/06/2021;23:02:00;735;Acidente sem vítima;194,3;BR-116/SP;Pista Norte;Abalroamento longitudinal;1;2;0;0;0;0;1
19/06/2021;16:59:00;407;Acidente sem vítima;227,3;BR-116/SP;Pista Norte;Abalroamento longitudinal;1;2;0;0;0;0;1
19/06/2021;17:12:00;412;Acidente com vítima;144,87;BR-116/SP;Pista Sul;Engavetamento;1;11;2;0;0;0;1
19/06/2021;20:31:00;478;Acidente sem vítima;192,6;BR-116/SP;Pista Norte;Tombamento;1;1;0;0;0;0;1
20/06/2021;14:58:00;273;Acidente sem vítima;165,2;BR-116/SP;Pista Norte;Colisão traseira;1;3;0;0;0;0;1
21/06/2021;07:16:00;194;Acidente com vítima;156,3;BR-116/SP;Pista Norte;Colisão traseira;1;2;1;0;0;0;1
21/06/2021;17:11:00;643;Acidente com vítima;209,8;BR-116/SP;Pista Norte;Abalroamento longitudinal;1;1;0;1;0;0;2
22/06/2021;09:02:00;245;Acidente sem vítima;182,3;BR-116/SP;Pista Norte;Colisão traseira;1;2;0;0;0;0;1
22/06/2021;09:24:00;261;Acidente sem vítima;117,2;BR-116/SP;Pista Sul;Colisão traseira;1;2;0;0;0;0;1
22/06/2021;10:34:00;315;Acidente sem vítima;70,6;BR-116/SP;Pista Norte;Choque em defensa;1;1;0;0;0;0;1
22/06/2021;15:05:00;455;Acidente sem vítima;144,82;BR-116/SP;Pista Sul;Colisão traseira;2;3;0;0;0;0;1
22/06/2021;15:52:00;486;Acidente sem vítima;174,7;BR-116/RJ;Pista Norte;Engavetamento;1;6;0;0;0;0;1
23/06/2021;02:24:00;61;Acidente com vítima;264,65;BR-116/RJ;Pista Norte;Colisão traseira;2;1;0;1;0;0;2
23/06/2021;03:36:00;73;Acidente com vítima;188,8;BR-116/SP;Pista Sul;Colisão traseira;2;2;1;0;0;0;1
23/06/2021;06:24:00;102;Acidente sem vítima;278;BR-116/RJ;Pista Norte;Colisão traseira;2;2;0;0;0;0;1
23/06/2021;07:57:00;214;Acidente sem vítima;99;BR-116/SP;Pista Norte;Abalroamento longitudinal;2;3;0;0;0;0;1
23/06/2021;10:58:00;335;Acidente sem vítima;220,35;BR-116/RJ;Pista Sul;Choque em objeto fixo;1;1;0;0;0;0;1
23/06/2021;11:29:00;358;Acidente sem vítima;221;BR-116/RJ;Pista Norte;Colisão traseira;2;2;0;0;0;0;1
23/06/2021;15:19:00;484;Acidente com vítima;227,8;BR-116/RJ;Pista Norte;Tombamento;1;0;1;0;0;0;1
23/06/2021;18:06:00;583;Acidente sem vítima;240;BR-116/RJ;Pista Sul;Colisão traseira;1;2;0;0;0;0;1
23/06/2021;18:43:00;607;Acidente sem vítima;149,4;BR-116/SP;Pista Norte;Colisão traseira;1;3;0;0;0;0;1
24/06/2021;03:52:00;87;Acidente com vítima;88;BR-116/SP;Pista Norte;Tombamento;1;0;0;1;0;0;2
24/06/2021;05:13:00;107;Acidente com vítima;184,3;BR-116/SP;Pista Sul;Outros;1;1;0;1;0;0;2
24/06/2021;08:44:00;262;Acidente sem vítima;225;BR-116/SP;Pista Norte;Colisão traseira;1;2;0;0;0;0;1
24/06/2021;08:50:00;272;Acidente com vítima;225,1;BR-116/SP;Pista Sul;Engavetamento;1;4;2;0;0;0;1
24/06/2021;10:15:00;346;Acidente sem vítima;56,6;BR-116/SP;Pista Norte;Colisão traseira;2;2;0;0;0;0;1
24/06/2021;10:32:00;359;Acidente sem vítima;213,8;BR-116/SP;Pista Sul;Choque em barreira New Jersey;1;2;0;0;0;0;1
24/06/2021;12:17:00;420;Acidente sem vítima;139,6;BR-116/SP;Pista Sul;Colisão traseira;1;2;0;0;0;0;1
25/06/2021;04:28:00;72;Acidente sem vítima;276,78;BR-116/RJ;Pista Sul;Abalroamento longitudinal;2;2;0;0;0;0;1
25/06/2021;05:02:00;77;Acidente sem vítima;18,5;BR-116/SP;Pista Sul;Atropelamento de animal;1;1;0;0;0;0;1
25/06/2021;08:39:00;254;Acidente com vítima;214;BR-116/SP;Pista Norte;Colisão traseira;1;1;1;0;0;0;1
25/06/2021;13:39:00;447;Acidente com vítima;230,5;BR-116/SP;Pista Sul;Abalroamento longitudinal;1;1;2;0;0;0;1
25/06/2021;18:35:00;671;Acidente sem vítima;147,4;BR-116/SP;Pista Norte;Engavetamento;1;5;0;0;0;0;1
25/06/2021;20:15:00;735;Acidente com vítima;321,7;BR-116/RJ;Pista Sul;Queda de ribanceira;1;0;1;0;0;0;1
26/06/2021;03:21:00;72;Acidente com vítima;225;BR-116/SP;Pista Norte;Abalroamento longitudinal;1;1;1;0;0;0;1
26/06/2021;08:58:00;183;Acidente com vítima;200;BR-116/RJ;Pista Norte;Colisão traseira;1;1;1;0;0;0;1
26/06/2021;11:51:00;290;Acidente sem vítima;185;BR-116/RJ;Pista Sul;Colisão traseira;1;2;0;0;0;0;1
26/06/2021;13:17:00;345;Acidente com vítima;222,7;BR-116/RJ;Pista Norte;Choque Talude;1;0;1;0;0;0;1
26/06/2021;13:25:00;350;Acidente sem vítima;104;BR-116/SP;Pista Sul;Choque em veículo parado na pista;1;2;0;0;0;0;1
26/06/2021;13:27:00;353;Acidente com vítima;325,7;BR-116/RJ;Pista Norte;Choque em objeto fixo;1;0;0;1;0;0;2
27/06/2021;00:35:00;21;Acidente sem vítima;162,18;BR-116/SP;Pista Norte;Abalroamento longitudinal;1;3;0;0;0;0;1
27/06/2021;18:45:00;509;Acidente com vítima;197,37;BR-116/RJ;Pista Norte;Choque em objeto na pista;1;2;0;1;0;0;2
27/06/2021;23:38:00;631;Acidente sem vítima;175,55;BR-116/SP;Pista Norte;Colisão traseira;2;2;0;0;0;0;1
27/06/2021;23:40:00;632;Acidente sem vítima;172,6;BR-116/RJ;Pista Norte;Colisão traseira;1;2;0;0;0;0;1
28/06/2021;05:18:00;85;Acidente sem vítima;199,28;BR-116/SP;Pista Sul;Colisão traseira;1;3;0;0;0;0;1
28/06/2021;06:43:00;122;Acidente com vítima;167;BR-116/RJ;Pista Norte;Abalroamento longitudinal;1;1;1;0;0;0;1
28/06/2021;18:22:00;598;Acidente com vítima;148,1;BR-116/SP;Pista Sul;Abalroamento longitudinal;1;1;1;1;0;0;2
28/06/2021;22:22:00;724;Acidente sem vítima;226,4;BR-116/RJ;Pista Norte;Choque em objeto fixo;1;1;0;0;0;0;1
29/06/2021;03:44:00;81;Acidente sem vítima;237,5;BR-116/RJ;Pista Norte;Choque em objeto na pista;1;1;0;0;0;0;1
29/06/2021;03:50:00;83;Acidente sem vítima;258,6;BR-116/RJ;Pista Sul;Choque em objeto na pista;1;1;0;0;0;0;1
29/06/2021;05:44:00;110;Acidente com vítima;224;BR-116/SP;Pista Sul;Colisão traseira;1;1;1;0;0;0;1
29/06/2021;12:03:00;409;Acidente com vítima;94,8;BR-116/SP;Pista Sul;Colisão traseira;1;1;1;0;0;0;1
29/06/2021;12:25:00;417;Acidente com vítima;94,8;BR-116/SP;Pista Norte;Colisão traseira;1;1;0;1;0;0;2
29/06/2021;12:26:00;418;Acidente sem vítima;231,4;BR-116/SP;Pista Norte;Abalroamento longitudinal;1;3;0;0;0;0;1
29/06/2021;13:19:00;444;Acidente sem vítima;211;BR-116/SP;Pista Sul;Engavetamento;1;3;0;0;0;0;1
29/06/2021;18:34:00;645;Acidente sem vítima;227;BR-116/SP;Pista Sul;Abalroamento longitudinal;1;2;0;0;0;0;1
29/06/2021;22:19:00;765;Acidente sem vítima;85,5;BR-116/SP;Pista Sul;Choque em objeto na pista;1;1;0;0;0;0;1
30/06/2021;05:32:00;113;Acidente sem vítima;264,5;BR-116/RJ;Pista Norte;Choque em objeto fixo;1;1;0;0;0;0;1
30/06/2021;06:00:00;121;Acidente sem vítima;225,1;BR-116/RJ;Pista Norte;Colisão traseira;1;1;0;0;0;0;1
30/06/2021;09:33:00;346;Acidente sem vítima;65;BR-116/SP;Pista Sul;Tombamento;1;1;0;0;0;0;1
30/06/2021;10:19:00;394;Acidente sem vítima;164,9;BR-116/RJ;Pista Norte;Abalroamento longitudinal;1;3;0;0;0;0;1
30/06/2021;10:30:00;404;Acidente com vítima;219;BR-116/SP;Pista Norte;Engavetamento;3;3;1;0;0;0;1
30/06/2021;13:23:00;501;Acidente sem vítima;147;BR-116/SP;Pista Sul;Colisão traseira;2;2;0;0;0;0;1
30/06/2021;15:11:00;563;Acidente sem vítima;224,05;BR-116/SP;Pista Sul;Tombamento;1;1;0;0;0;0;1
30/06/2021;23:47:00;823;Acidente com vítima;218,75;BR-116/RJ;Pista Sul;Colisão traseira;1;1;1;0;0;0;1
01/07/2021;05:02:00;72;Acidente com vítima;23,6;BR-116/SP;Pista Sul;Colisão traseira;2;1;1;0;0;0;1
01/07/2021;07:02:00;135;Acidente com vítima;141,2;BR-116/SP;Pista Sul;Engavetamento;1;3;0;1;0;0;2
01/07/2021;07:47:00;184;Acidente sem vítima;55,8;BR-116/SP;Pista Sul;Abalroamento longitudinal;1;2;0;0;0;0;1
01/07/2021;10:11:00;331;Acidente com vítima;220,4;BR-116/RJ;Pista Sul;Tombamento;1;0;1;0;0;0;1
02/07/2021;06:42:00;113;Acidente com vítima;87;BR-116/SP;Pista Sul;Abalroamento longitudinal;2;3;1;0;0;0;1
02/07/2021;07:54:00;208;Acidente com vítima;219;BR-116/SP;Pista Sul;Colisão traseira;1;2;1;0;0;0;1
02/07/2021;14:29:00;481;Acidente sem vítima;231,5;BR-116/SP;Pista Sul;Choque em defensa;1;1;0;0;0;0;1
02/07/2021;17:59:00;608;Acidente sem vítima;209,9;BR-116/SP;Pista Sul;Abalroamento longitudinal;1;3;0;0;0;0;1
02/07/2021;19:07:00;648;Acidente sem vítima;53,2;BR-116/SP;Pista Norte;Choque em objeto na pista;1;1;0;0;0;0;1
19/07/2021;09:17:00;234;Acidente com vítima;214,2;BR-116/SP;Pista Sul;Colisão traseira;1;1;0;1;0;0;2
20/07/2021;09:43:00;309;Acidente sem vítima;227;BR-116/SP;Pista Sul;Engavetamento;2;3;0;0;0;0;1
20/07/2021;11:09:00;356;Acidente sem vítima;221,75;BR-116/RJ;Pista Norte;Choque em objeto fixo;1;1;0;0;0;0;1
03/07/2021;01:02:00;26;Acidente sem vítima;188,8;BR-116/SP;Pista Sul;Colisão traseira;2;2;0;0;0;0;1
03/07/2021;02:58:00;53;Acidente com morte;217,85;BR-116/SP;Pista Sul;Choque em veículo parado na pista;1;1;0;0;0;1;3
03/07/2021;08:44:00;175;Acidente com vítima;150;BR-116/SP;Pista Norte;Choque em barreira New Jersey;1;3;1;0;0;0;1
03/07/2021;19:52:00;510;Acidente sem vítima;318;BR-116/RJ;Pista Norte;Colisão traseira;1;3;0;0;0;0;1
03/07/2021;23:08:00;568;Acidente com vítima;56,8;BR-116/SP;Pista Sul;Colisão traseira;1;3;1;4;0;0;2
03/07/2021;23:53:00;578;Acidente sem vítima;96,5;BR-116/SP;Pista Norte;Abalroamento longitudinal;1;5;0;0;0;0;1
04/07/2021;03:57:00;54;Acidente com morte;214;BR-116/SP;Pista Sul;Colisão traseira;1;1;0;0;0;1;3
04/07/2021;05:59:00;64;Acidente com vítima;196;BR-116/RJ;Pista Sul;Colisão traseira;1;1;1;0;0;0;1
04/07/2021;10:11:00;163;Acidente sem vítima;158,5;BR-116/SP;Pista Sul;Abalroamento longitudinal;2;2;0;0;0;0;1
04/07/2021;17:06:00;326;Acidente sem vítima;263,5;BR-116/RJ;Pista Sul;Tombamento;1;1;0;0;0;0;1
04/07/2021;18:10:00;360;Acidente com vítima;204;BR-116/RJ;Pista Sul;Colisão traseira;1;1;1;0;0;0;1
05/07/2021;05:49:00;89;Acidente com vítima;186,1;BR-116/SP;Pista Norte;Colisão traseira;1;1;1;0;0;0;1
05/07/2021;06:41:00;106;Acidente com vítima;189,55;BR-116/RJ;Pista Norte;Colisão traseira;1;1;0;2;0;0;2
05/07/2021;07:25:00;158;Acidente sem vítima;122,9;BR-116/SP;Pista Sul;Tombamento;1;1;0;0;0;0;1
05/07/2021;13:16:00;376;Acidente com vítima;114,7;BR-116/SP;Pista Sul;Colisão traseira;1;1;1;0;0;0;1
05/07/2021;14:09:00;410;Acidente sem vítima;230,6;BR-116/SP;Pista Norte;Abalroamento longitudinal;1;2;0;0;0;0;1
05/07/2021;14:14:00;411;Acidente sem vítima;318,9;BR-116/RJ;Pista Norte;Engavetamento;2;5;0;0;0;0;1
05/07/2021;19:00:00;621;Acidente com vítima;191,2;BR-116/SP;Pista Norte;Abalroamento longitudinal;1;1;1;0;0;0;1
05/07/2021;23:41:00;716;Acidente sem vítima;183,6;BR-116/SP;Pista Norte;Colisão traseira;1;2;0;0;0;0;1
06/07/2021;03:19:00;74;Acidente com vítima;183,7;BR-116/SP;Pista Sul;Colisão traseira;2;1;0;1;0;0;2
06/07/2021;10:10:00;370;Acidente sem vítima;158,9;BR-116/SP;Pista Norte;Abalroamento longitudinal;2;2;0;0;0;0;1
06/07/2021;15:19:00;547;Acidente sem vítima;161,05;BR-116/SP;Pista Norte;Colisão traseira;1;2;0;0;0;0;1
06/07/2021;17:33:00;620;Acidente sem vítima;121,3;BR-116/SP;Pista Norte;Engavetamento;4;4;0;0;0;0;1
06/07/2021;18:55:00;672;Acidente sem vítima;182,3;BR-116/SP;Pista Norte;Colisão traseira;1;2;0;0;0;0;1
06/07/2021;20:18:00;708;Acidente sem vítima;87,3;BR-116/SP;Pista Norte;Colisão traseira;1;2;0;0;0;0;1
06/07/2021;20:27:00;716;Acidente sem vítima;22,9;BR-116/SP;Pista Sul;Choque em defensa;1;1;0;0;0;0;1
06/07/2021;21:42:00;744;Acidente sem vítima;310,9;BR-116/RJ;Pista Norte;Queda de ribanceira;1;1;0;0;0;0;1
07/07/2021;06:48:00;104;Acidente sem vítima;263,3;BR-116/RJ;Pista Norte;Tombamento;2;2;0;0;0;0;1
07/07/2021;09:21:00;283;Acidente com vítima;268,5;BR-116/RJ;Pista Norte;Engavetamento;2;0;4;1;0;0;2
07/07/2021;10:09:00;326;Acidente sem vítima;227,05;BR-116/SP;Pista Sul;Colisão traseira;1;2;0;0;0;0;1
07/07/2021;10:45:00;360;Acidente sem vítima;217,1;BR-116/SP;Pista Norte;Colisão traseira;2;2;0;0;0;0;1
07/07/2021;10:52:00;365;Acidente sem vítima;181,6;BR-116/RJ;Pista Norte;Colisão traseira;2;2;0;0;0;0;1
07/07/2021;11:12:00;374;Acidente sem vítima;270;BR-116/RJ;Pista Norte;Abalroamento longitudinal;1;2;0;0;0;0;1
07/07/2021;13:13:00;442;Acidente com vítima;178,1;BR-116/RJ;Pista Norte;Engavetamento;1;2;1;1;0;0;2
07/07/2021;15:05:00;520;Acidente com vítima;223,22;BR-116/RJ;Pista Norte;Tombamento;1;0;2;0;0;0;1
07/07/2021;22:57:00;786;Acidente sem vítima;216,3;BR-116/RJ;Pista Norte;Choque em objeto fixo;1;1;0;0;0;0;1
08/07/2021;01:17:00;31;Acidente sem vítima;34,28;BR-116/SP;Pista Norte;Colisão traseira;1;1;0;0;0;0;1
08/07/2021;03:09:00;67;Acidente sem vítima;117,1;BR-116/SP;Pista Sul;Choque Talude;1;2;0;0;0;0;1
08/07/2021;04:32:00;84;Acidente sem vítima;198;BR-116/RJ;Pista Norte;Choque em objeto na pista;1;1;0;0;0;0;1
08/07/2021;05:25:00;92;Acidente sem vítima;331,62;BR-116/RJ;Pista Norte;Colisão traseira;1;2;0;0;0;0;1
08/07/2021;05:49:00;101;Acidente com vítima;217,8;BR-116/RJ;Pista Sul;Colisão traseira;2;1;0;1;0;0;2
08/07/2021;08:06:00;208;Acidente sem vítima;159,9;BR-116/SP;Pista Norte;Engavetamento;2;5;0;0;0;0;1
08/07/2021;12:10:00;392;Acidente sem vítima;179;BR-116/RJ;Pista Sul;Engavetamento;1;3;0;0;0;0;1
08/07/2021;15:07:00;497;Acidente sem vítima;152,4;BR-116/SP;Pista Sul;Colisão traseira;1;3;0;0;0;0;1
08/07/2021;18:38:00;644;Acidente sem vítima;152,35;BR-116/SP;Pista Norte;Engavetamento;1;5;0;0;0;0;1
08/07/2021;19:08:00;668;Acidente sem vítima;241,3;BR-116/RJ;Pista Sul;Choque em objeto na pista;1;1;0;0;0;0;1
08/07/2021;19:59:00;700;Acidente com vítima;308;BR-116/RJ;Pista Sul;Tombamento;1;0;0;1;0;0;2
09/07/2021;03:10:00;55;Acidente sem vítima;104,2;BR-116/SP;Pista Norte;Choque em barreira New Jersey;1;1;0;0;0;0;1
09/07/2021;05:08:00;80;Acidente sem vítima;170;BR-116/RJ;Pista Norte;Colisão traseira;1;2;0;0;0;0;1
09/07/2021;07:22:00;147;Acidente sem vítima;280,1;BR-116/RJ;Pista Norte;Colisão traseira;2;2;0;0;0;0;1
09/07/2021;11:47:00;367;Acidente sem vítima;88,1;BR-116/SP;Pista Norte;Colisão traseira;1;4;0;0;0;0;1
09/07/2021;12:29:00;388;Acidente sem vítima;225;BR-116/SP;Pista Sul;Engavetamento;1;6;0;0;0;0;1
09/07/2021;14:18:00;453;Acidente sem vítima;206,7;BR-116/SP;Pista Norte;Abalroamento longitudinal;1;2;0;0;0;0;1
09/07/2021;22:01:00;699;Acidente sem vítima;156;BR-116/SP;Pista Sul;Atropelamento de animal;1;1;0;0;0;0;1
10/07/2021;00:09:00;14;Acidente sem vítima;236,1;BR-116/RJ;Pista Norte;Abalroamento longitudinal;2;2;0;0;0;0;1
10/07/2021;06:43:00;87;Acidente com vítima;146,7;BR-116/SP;Pista Sul;Colisão traseira;1;1;0;1;0;0;2
10/07/2021;10:17:00;254;Acidente com vítima;227,1;BR-116/SP;Pista Norte;Abalroamento longitudinal;1;1;1;0;0;0;1
11/07/2021;02:31:00;48;Acidente sem vítima;59,4;BR-116/SP;Pista Norte;Colisão traseira;1;2;0;0;0;0;1
12/07/2021;02:43:00;49;Acidente sem vítima;173,4;BR-116/RJ;Pista Norte;Colisão traseira;1;2;0;0;0;0;1
12/07/2021;05:31:00;79;Acidente sem vítima;222,15;BR-116/RJ;Pista Norte;Abalroamento longitudinal;1;5;0;0;0;0;1
12/07/2021;06:32:00;94;Acidente com vítima;125;BR-116/SP;Pista Norte;Abalroamento longitudinal;1;1;1;0;0;0;1
12/07/2021;16:42:00;536;Acidente sem vítima;291,59;BR-116/RJ;Pista Norte;Abalroamento longitudinal;1;2;0;0;0;0;1
12/07/2021;20:34:00;672;Acidente sem vítima;25,7;BR-116/SP;Pista Norte;Colisão traseira;1;4;0;0;0;0;1
13/07/2021;08:27:00;252;Acidente com vítima;201,5;BR-116/SP;Pista Norte;Choque em defensa;1;1;1;0;0;0;1
13/07/2021;13:26:00;481;Acidente sem vítima;141,3;BR-116/SP;Pista Norte;Abalroamento longitudinal;1;2;0;0;0;0;1
13/07/2021;15:30:00;554;Acidente sem vítima;155;BR-116/SP;Pista Sul;Abalroamento longitudinal;1;4;0;0;0;0;1
13/07/2021;18:08:00;653;Acidente sem vítima;180,9;BR-116/SP;Pista Norte;Choque em barreira New Jersey;1;1;0;0;0;0;1
13/07/2021;20:58:00;741;Acidente sem vítima;41,5;BR-116/SP;Pista Norte;Choque em objeto na pista;1;2;0;0;0;0;1
14/07/2021;01:30:00;32;Acidente sem vítima;215;BR-116/RJ;Pista Norte;Outros;1;1;0;0;0;0;1
14/07/2021;05:48:00;95;Acidente sem vítima;218;BR-116/SP;Pista Norte;Choque em objeto na pista;1;2;0;0;0;0;1
14/07/2021;07:40:00;196;Acidente sem vítima;201,3;BR-116/SP;Pista Sul;Abalroamento longitudinal;1;2;0;0;0;0;1
14/07/2021;07:42:00;200;Acidente sem vítima;220,3;BR-116/RJ;Pista Norte;Abalroamento longitudinal;1;2;0;0;0;0;1
14/07/2021;08:48:00;288;Acidente sem vítima;189;BR-116/SP;Pista Sul;Abalroamento longitudinal;1;3;0;0;0;0;1
14/07/2021;10:41:00;376;Acidente sem vítima;229,4;BR-116/SP;Pista Sul;Abalroamento longitudinal;1;2;0;0;0;0;1
14/07/2021;13:11:00;461;Acidente sem vítima;214,8;BR-116/SP;Pista Sul;Choque em barreira New Jersey;1;1;0;0;0;0;1
14/07/2021;16:41:00;614;Atropelamento com morte;78,35;BR-116/SP;Pista Sul;Atropelamento de pedestre atravessando;1;1;0;0;0;1;3
15/07/2021;05:23:00;82;Atropelamento sem morte;205,8;BR-116/RJ;Pista Sul;Atropelamento de pedestre atravessando;1;1;1;0;0;0;1
15/07/2021;07:19:00;178;Acidente sem vítima;169,28;BR-116/SP;Pista Norte;Choque em barreira New Jersey;1;1;0;0;0;0;1
15/07/2021;09:38:00;352;Acidente sem vítima;125;BR-116/SP;Pista Sul;Colisão traseira;2;2;0;0;0;0;1
15/07/2021;09:59:00;364;Acidente sem vítima;218,8;BR-116/SP;Pista Sul;Abalroamento longitudinal;1;3;0;0;0;0;1
15/07/2021;11:02:00;406;Acidente sem vítima;169,3;BR-116/SP;Pista Norte;Tombamento;1;1;0;0;0;0;1
15/07/2021;13:07:00;481;Acidente com vítima;209,7;BR-116/SP;Pista Norte;Abalroamento longitudinal;1;1;0;1;0;0;2
15/07/2021;14:28:00;533;Acidente com vítima;165,8;BR-116/RJ;Pista Sul;Engavetamento;1;2;2;0;0;0;1
15/07/2021;23:00:00;826;Acidente com vítima;189;BR-116/SP;Pista Norte;Colisão traseira;1;3;2;0;0;0;1
16/07/2021;00:40:00;29;Acidente com vítima;26,5;BR-116/SP;Pista Norte;Colisão traseira;2;1;1;0;0;0;1
16/07/2021;01:06:00;37;Acidente sem vítima;230;BR-116/SP;Pista Norte;Colisão traseira;1;2;0;0;0;0;1
16/07/2021;02:47:00;57;Acidente sem vítima;85,007;BR-116/SP;Pista Norte;Tombamento;2;2;0;0;0;0;1
16/07/2021;08:09:00;212;Acidente com vítima;298,58;BR-116/RJ;Pista Sul;Colisão traseira;2;1;0;1;0;0;2
16/07/2021;08:28:00;235;Acidente com vítima;143,8;BR-116/SP;Pista Sul;Engavetamento;1;3;3;0;0;0;1
16/07/2021;11:20:00;389;Acidente sem vítima;229,3;BR-116/SP;Pista Sul;Abalroamento longitudinal;1;6;0;0;0;0;1
16/07/2021;11:36:00;392;Acidente com vítima;229,95;BR-116/SP;Pista Sul;Engavetamento;2;5;1;1;0;0;2
16/07/2021;13:19:00;458;Acidente sem vítima;213,9;BR-116/SP;Pista Norte;Choque em barreira New Jersey;1;1;0;0;0;0;1
16/07/2021;15:36:00;553;Acidente sem vítima;180,8;BR-116/SP;Pista Sul;Abalroamento longitudinal;1;2;0;0;0;0;1
16/07/2021;19:23:00;707;Acidente com vítima;303,4;BR-116/RJ;Pista Norte;Colisão traseira;1;1;1;0;0;0;1
16/07/2021;19:51:00;726;Acidente sem vítima;304,8;BR-116/RJ;Pista Norte;Colisão traseira;1;2;0;0;0;0;1
17/07/2021;00:01:00;14;Acidente sem vítima;216,4;BR-116/SP;Pista Sul;Choque em barreira New Jersey;1;1;0;0;0;0;1
17/07/2021;01:38:00;37;Acidente sem vítima;146,9;BR-116/SP;Pista Norte;Choque em defensa;1;2;0;0;0;0;1
17/07/2021;02:44:00;55;Acidente com vítima;301,9;BR-116/RJ;Pista Sul;Tombamento;1;0;1;0;1;0;2
17/07/2021;05:39:00;76;Acidente sem vítima;189,1;BR-116/SP;Pista Sul;Colisão traseira;1;2;0;0;0;0;1
17/07/2021;06:57:00;106;Acidente sem vítima;318;BR-116/RJ;Pista Norte;Colisão traseira;2;2;0;0;0;0;1
18/07/2021;00:36:00;20;Acidente sem vítima;148,05;BR-116/SP;Pista Norte;Choque em objeto na pista;1;1;0;0;0;0;1