data;horario;n_da_ocorrencia;tipo_de_ocorrencia;km;trecho;sentido;tipo_de_acidente;caminhao;ilesos;levemente_feridos;moderadamente_feridos;gravemente_feridos;mortos;3
21/08/2021;10:46:00;274;AC02 - Acidente com VITIMA;153,6999969482422;BR-116/SP;Pista Sul;Abalroamento Longitudinal;1;4;1;;;;1
21/08/2021;13:14:00;352;AC02 - Acidente com VITIMA;217,60000610351562;BR-116/RJ;Pista Norte;Choque em objeto fixo;1;0;2;;;;1
21/08/2021;13:35:00;360;AC03 - Acidente sem VITIMA;185,85000610351562;BR-116/SP;Pista Sul;Choque em veículo parado na pista;2;2;;;;;1
21/08/2021;14:39:00;404;AC02 - Acidente com VITIMA;174,39999389648438;BR-116/RJ;Pista Sul;Abalroamento Longitudinal;1;3;1;;;;1
21/08/2021;19:29:00;588;AC03 - Acidente sem VITIMA;143;BR-116/SP;Pista Norte;Abalroamento Longitudinal;1;2;;;;;1
21/08/2021;21:54:00;629;AC02 - Acidente com VITIMA;224,10000610351562;BR-116/RJ;Pista Sul;Choque em Barreira New Jersey;1;0;1;;;;1
22/08/2021;12:59:00;262;AC03 - Acidente sem VITIMA;197,5;BR-116/SP;Pista Norte;Colisão Traseira;2;3;;;;;1
23/08/2021;04:41:00;61;AC03 - Acidente sem VITIMA;200;BR-116/SP;Pista Norte;Tombamento;1;1;;;;;1
23/08/2021;05:23:00;70;AC02 - Acidente com VITIMA;127;BR-116/SP;Pista Sul;Colisão Traseira;1;1;1;;;;1
23/08/2021;07:12:00;124;AC03 - Acidente sem VITIMA;222,0500030517578;BR-116/RJ;Pista Norte;Tombamento;1;1;;;;;1
23/08/2021;12:39:00;407;AC03 - Acidente sem VITIMA;113,30000305175781;BR-116/SP;Pista Norte;Colisão Traseira;1;3;;;;;1
23/08/2021;17:42:00;611;AC03 - Acidente sem VITIMA;261;BR-116/RJ;Pista Norte;Abalroamento Longitudinal;2;2;;;;;1
23/08/2021;19:34:00;686;AC03 - Acidente sem VITIMA;221,1999969482422;BR-116/SP;Pista Norte;Choque em objeto na pista;1;1;;;;;1
24/08/2021;03:18:00;64;AC03 - Acidente sem VITIMA;188,10000610351562;BR-116/RJ;Pista Norte;Atropelamento de Animal;1;3;;;;;1
24/08/2021;09:04:00;338;AC03 - Acidente sem VITIMA;285,70001220703125;BR-116/RJ;Pista Norte;Colisão Traseira;1;3;;;;;1
24/08/2021;12:44:00;496;AC03 - Acidente sem VITIMA;179,39999389648438;BR-116/SP;Pista Sul;Choque em Barreira New Jersey;1;1;;;;;1
24/08/2021;14:20:00;568;AC03 - Acidente sem VITIMA;317,1000061035156;BR-116/RJ;Pista Sul;Abalroamento Longitudinal;1;4;;;;;1
24/08/2021;20:05:00;798;AC02 - Acidente com VITIMA;35,79999923706055;BR-116/SP;Pista Sul;Colisão Traseira;1;1;16;4;1;;2
25/08/2021;07:37:00;184;AC03 - Acidente sem VITIMA;13,600000381469727;BR-116/SP;Pista Norte;Choque em objeto na pista;1;1;;;;;1
25/08/2021;11:47:00;411;AC03 - Acidente sem VITIMA;219,1999969482422;BR-116/SP;Pista Norte;Abalroamento Longitudinal;1;2;;;;;1
25/08/2021;15:17:00;543;AC03 - Acidente sem VITIMA;230,89999389648438;BR-116/SP;Pista Norte;Abalroamento Longitudinal;1;2;;;;;1
26/08/2021;15:44:00;550;AC03 - Acidente sem VITIMA;224,3000030517578;BR-116/RJ;Pista Norte;Choque Talude;1;1;;;;;1
26/08/2021;20:51:00;776;AC02 - Acidente com VITIMA;254,9499969482422;BR-116/RJ;Pista Norte;Choque em Barreira New Jersey;1;0;1;;;;1
27/08/2021;05:18:00;66;AC03 - Acidente sem VITIMA;95,5999984741211;BR-116/SP;Pista Norte;Choque em objeto na pista;2;2;;;;;1
28/08/2021;10:54:00;260;AC02 - Acidente com VITIMA;224;BR-116/RJ;Pista Norte;Tombamento;1;0;;1;;;2
28/08/2021;13:48:00;348;AC02 - Acidente com VITIMA;208,5;BR-116/RJ;Pista Sul;Queda de ponte/viaduto;1;0;1;;;;1
28/08/2021;23:02:00;548;AC03 - Acidente sem VITIMA;162,3000030517578;BR-116/SP;Pista Norte;Choque em objeto na pista;1;1;;;;;1
29/08/2021;13:41:00;241;AC02 - Acidente com VITIMA;84;BR-116/SP;Pista Norte;Abalroamento Longitudinal;1;4;2;;;;1
29/08/2021;18:36:00;423;AC03 - Acidente sem VITIMA;318,3999938964844;BR-116/RJ;Pista Norte;Colisão Traseira;1;2;;;;;1
30/08/2021;12:01:00;379;AC04 - Atropelamento;183;BR-116/RJ;Pista Norte;Atropelamento de Pedestre Caminhando;1;1;;1;;;2
30/08/2021;17:35:00;566;AC03 - Acidente sem VITIMA;188,1999969482422;BR-116/RJ;Pista Sul;Colisão Traseira;1;4;;;;;1
30/08/2021;18:34:00;620;AC02 - Acidente com VITIMA;74;BR-116/SP;Pista Norte;Choque em Defensa;1;0;1;;;;1
30/08/2021;20:13:00;680;AC03 - Acidente sem VITIMA;200;BR-116/SP;Pista Sul;Colisão Traseira;1;3;;;;;1
30/08/2021;21:10:00;701;AC03 - Acidente sem VITIMA;95,5999984741211;BR-116/SP;Pista Norte;Choque em objeto na pista;1;1;;;;;1
30/08/2021;21:43:00;709;AC03 - Acidente sem VITIMA;165,3000030517578;BR-116/SP;Pista Norte;Abalroamento Longitudinal;1;5;;;;;1
30/08/2021;22:03:00;716;AC03 - Acidente sem VITIMA;111;BR-116/SP;Pista Norte;Abalroamento Longitudinal;1;2;;;;;1
31/08/2021;00:07:00;13;AC03 - Acidente sem VITIMA;241;BR-116/RJ;Pista Norte;Tombamento;1;1;;;;;1
31/08/2021;01:19:00;31;AC03 - Acidente sem VITIMA;197,3000030517578;BR-116/RJ;Pista Norte;Queda de ribanceira;1;1;;;;;1
31/08/2021;04:47:00;67;AC02 - Acidente com VITIMA;57,04999923706055;BR-116/SP;Pista Sul;Colisão Traseira;2;2;;2;;;2
31/08/2021;06:33:00;107;AC03 - Acidente sem VITIMA;207,10000610351562;BR-116/RJ;Pista Sul;Outros;1;4;;;;;1
31/08/2021;07:39:00;176;AC05 - Atropelamento Fatal;171,6999969482422;BR-116/SP;Pista Norte;Atropelamento de Pedestre Atravessando;1;0;;;;2;3
31/08/2021;15:46:00;479;AC02 - Acidente com VITIMA;221,60000610351562;BR-116/SP;Pista Norte;Engavetamento;2;7;1;;;;1
31/08/2021;19:49:00;647;AC03 - Acidente sem VITIMA;200,6999969482422;BR-116/SP;Pista Norte;Colisão Traseira;1;2;;;;;1
01/09/2021;00:04:00;15;AC03 - Acidente sem VITIMA;117,9000015258789;BR-116/SP;Pista Norte;Choque em Barreira New Jersey;1;2;;;;;1
01/09/2021;06:16:00;92;AC03 - Acidente sem VITIMA;235,75;BR-116/RJ;Pista Norte;Abalroamento Longitudinal;1;3;;;;;1
01/09/2021;07:37:00;167;AC03 - Acidente sem VITIMA;182,3000030517578;BR-116/SP;Pista Norte;Choque em objeto fixo;1;2;;;;;1
01/09/2021;08:44:00;255;AC02 - Acidente com VITIMA;138,6999969482422;BR-116/SP;Pista Sul;Engavetamento;2;2;1;;;;1
01/09/2021;17:50:00;606;AC02 - Acidente com VITIMA;229,89999389648438;BR-116/SP;Pista Norte;Engavetamento;1;5;1;;;;1
01/09/2021;20:32:00;708;AC02 - Acidente com VITIMA;213,5;BR-116/SP;Pista Sul;Abalroamento Longitudinal;1;1;1;;;;1
02/09/2021;09:28:00;367;AC03 - Acidente sem VITIMA;217,5;BR-116/RJ;Pista Norte;Outros;1;1;;;;;1
02/09/2021;10:05:00;417;AC03 - Acidente sem VITIMA;223,6999969482422;BR-116/RJ;Pista Norte;Abalroamento Longitudinal;2;2;;;;;1
02/09/2021;17:57:00;752;AC03 - Acidente sem VITIMA;155,5;BR-116/SP;Pista Norte;Colisão Traseira;1;2;;;;;1
02/09/2021;19:25:00;820;AC03 - Acidente sem VITIMA;183,89999389648438;BR-116/RJ;Pista Sul;Abalroamento Longitudinal;1;2;;;;;1
02/09/2021;20:00:00;837;AC03 - Acidente sem VITIMA;149,6999969482422;BR-116/SP;Pista Norte;Tombamento;1;1;;;;;1
02/09/2021;20:46:00;864;AC03 - Acidente sem VITIMA;136,4499969482422;BR-116/SP;Pista Sul;Choque em objeto na pista;1;3;;;;;1
02/09/2021;23:24:00;925;AC02 - Acidente com VITIMA;135,5;BR-116/SP;Pista Sul;Colisão Traseira;1;1;1;;;;1
03/09/2021;07:01:00;148;AC02 - Acidente com VITIMA;112;BR-116/SP;Pista Norte;Engavetamento;1;2;1;;;;1
03/09/2021;09:02:00;255;AC03 - Acidente sem VITIMA;168;BR-116/SP;Pista Sul;Abalroamento Longitudinal;2;3;;;;;1
03/09/2021;13:39:00;477;AC02 - Acidente com VITIMA;142,6999969482422;BR-116/SP;Pista Norte;Abalroamento Longitudinal;1;1;3;;;;1
03/09/2021;13:50:00;485;AC03 - Acidente sem VITIMA;174,89999389648438;BR-116/RJ;Pista Sul;Colisão Traseira;1;3;;;;;1
03/09/2021;18:50:00;716;AC03 - Acidente sem VITIMA;86,3499984741211;BR-116/SP;Pista Sul;Choque em Barreira New Jersey;1;3;;;;;1
04/09/2021;02:22:00;47;AC03 - Acidente sem VITIMA;277,1000061035156;BR-116/RJ;Pista Sul;Tombamento;1;1;;;;;1
04/09/2021;05:56:00;83;AC03 - Acidente sem VITIMA;204,5;BR-116/SP;Pista Norte;Choque em objeto fixo;1;1;;;;;1
04/09/2021;18:22:00;556;AC05 - Atropelamento Fatal;332,0899963378906;BR-116/RJ;Pista Sul;Atropelamento de Pedestre Atravessando;1;1;;;;1;3
04/09/2021;18:49:00;566;AC03 - Acidente sem VITIMA;101;BR-116/SP;Pista Norte;Abalroamento Longitudinal;1;2;;;;;1
04/09/2021;19:56:00;601;AC03 - Acidente sem VITIMA;89;BR-116/SP;Pista Sul;Colisão Traseira;1;2;;;;;1
04/09/2021;22:00:00;644;AC03 - Acidente sem VITIMA;155,5500030517578;BR-116/SP;Pista Sul;Colisão Traseira;1;3;;;;;1
05/09/2021;16:53:00;409;AC02 - Acidente com VITIMA;303,1000061035156;BR-116/RJ;Pista Sul;Abalroamento Longitudinal;1;1;1;;;;1
05/09/2021;17:02:00;415;AC03 - Acidente sem VITIMA;244,39999389648438;BR-116/RJ;Pista Norte;Colisão Traseira;1;7;;;;;1
06/09/2021;05:09:00;65;AC02 - Acidente com VITIMA;285,29998779296875;BR-116/RJ;Pista Norte;Tombamento;1;0;;;1;;2
06/09/2021;06:58:00;125;AC03 - Acidente sem VITIMA;210,60000610351562;BR-116/SP;Pista Sul;Abalroamento Longitudinal;1;2;;;;;1
06/09/2021;07:29:00;157;AC02 - Acidente com VITIMA;169,1999969482422;BR-116/SP;Pista Norte;Tombamento;1;0;1;;;;1
06/09/2021;09:35:00;266;AC03 - Acidente sem VITIMA;228,5;BR-116/SP;Pista Sul;Abalroamento Longitudinal;2;2;;;;;1
06/09/2021;19:18:00;632;AC03 - Acidente sem VITIMA;215,5;BR-116/SP;Pista Norte;Abalroamento Longitudinal;1;2;;;;;1
07/09/2021;00:22:00;18;AC03 - Acidente sem VITIMA;265,3500061035156;BR-116/RJ;Pista Sul;Atropelamento de Animal;1;2;;;;;1
07/09/2021;19:21:00;523;AC03 - Acidente sem VITIMA;33,5;BR-116/SP;Pista Sul;Tombamento;1;1;;;;;1
07/09/2021;19:53:00;539;AC03 - Acidente sem VITIMA;189,8000030517578;BR-116/SP;Pista Norte;Tombamento;1;1;;;;;1
08/09/2021;20:50:00;713;AC03 - Acidente sem VITIMA;184;BR-116/SP;Pista Sul;Colisão Traseira;1;2;;;;;1
08/09/2021;22:57:00;759;AC02 - Acidente com VITIMA;132;BR-116/SP;Pista Norte;Colisão Traseira;1;2;;1;;;2
09/09/2021;06:11:00;78;AC02 - Acidente com VITIMA;91;BR-116/SP;Pista Norte;Capotamento;1;1;;1;;;2
09/09/2021;06:21:00;83;AC03 - Acidente sem VITIMA;85,4000015258789;BR-116/SP;Pista Norte;Abalroamento Longitudinal;1;3;;;;;1
09/09/2021;07:20:00;145;AC03 - Acidente sem VITIMA;172,39999389648438;BR-116/RJ;Pista Norte;Abalroamento Longitudinal;1;2;;;;;1
09/09/2021;14:42:00;443;AC03 - Acidente sem VITIMA;223,10000610351562;BR-116/RJ;Pista Norte;Colisão Traseira;2;2;;;;;1
09/09/2021;18:28:00;612;AC03 - Acidente sem VITIMA;224,89999389648438;BR-116/SP;Pista Norte;Abalroamento Longitudinal;1;2;;;;;1
10/09/2021;05:29:00;60;AC03 - Acidente sem VITIMA;208,60000610351562;BR-116/RJ;Pista Sul;Colisão Traseira;2;2;;;;;1
10/09/2021;05:44:00;68;AC03 - Acidente sem VITIMA;207,10000610351562;BR-116/RJ;Pista Norte;Abalroamento Longitudinal;1;2;;;;;1
10/09/2021;07:26:00;158;AC03 - Acidente sem VITIMA;70,5;BR-116/SP;Pista Norte;Choque em Barreira New Jersey;1;1;;;;;1
10/09/2021;08:13:00;215;AC03 - Acidente sem VITIMA;139,60000610351562;BR-116/SP;Pista Sul;Abalroamento Longitudinal;1;2;;;;;1
10/09/2021;11:31:00;380;AC03 - Acidente sem VITIMA;207;BR-116/SP;Pista Sul;Colisão Traseira;1;2;;;;;1
10/09/2021;17:45:00;621;AC02 - Acidente com VITIMA;197,5;BR-116/SP;Pista Norte;Choque em Barreira New Jersey;1;0;1;1;;;2
10/09/2021;18:25:00;652;AC03 - Acidente sem VITIMA;187,1999969482422;BR-116/RJ;Pista Norte;Engavetamento;1;5;;;;;1
10/09/2021;18:43:00;662;AC03 - Acidente sem VITIMA;286,8999938964844;BR-116/RJ;Pista Sul;Colisão Traseira;1;2;;;;;1
10/09/2021;19:13:00;678;AC03 - Acidente sem VITIMA;178,3000030517578;BR-116/RJ;Pista Sul;Colisão Traseira;1;2;;;;;1
10/09/2021;23:49:00;811;AC03 - Acidente sem VITIMA;40,5;BR-116/SP;Pista Norte;Choque em objeto na pista;1;1;;;;;1
11/09/2021;02:04:00;36;AC03 - Acidente sem VITIMA;213,1999969482422;BR-116/RJ;Pista Norte;Atropelamento de Animal;1;1;;;;;1
11/09/2021;02:45:00;41;AC02 - Acidente com VITIMA;30,5;BR-116/SP;Pista Norte;Colisão Traseira;2;1;;1;;;2
12/09/2021;09:12:00;198;AC03 - Acidente sem VITIMA;159;BR-116/SP;Pista Norte;Abalroamento Longitudinal;1;5;;;;;1
12/09/2021;12:55:00;303;AC04 - Atropelamento;38,5;BR-116/SP;Pista Sul;Atropelamento de Pedestre Caminhando;1;1;;;1;;2
12/09/2021;15:52:00;382;AC02 - Acidente com VITIMA;264;BR-116/RJ;Pista Sul;Engavetamento;1;3;1;;;;1
12/09/2021;16:23:00;402;AC02 - Acidente com VITIMA;328;BR-116/RJ;Pista Sul;Abalroamento Longitudinal;1;3;1;;;;1
12/09/2021;18:05:00;465;AC02 - Acidente com VITIMA;325,5;BR-116/RJ;Pista Norte;Colisão Traseira;2;1;1;;;;1
13/09/2021;01:00:00;21;AC03 - Acidente sem VITIMA;260,6000061035156;BR-116/RJ;Pista Norte;Abalroamento Longitudinal;2;2;;;;;1
13/09/2021;01:36:00;33;AC03 - Acidente sem VITIMA;196,64999389648438;BR-116/RJ;Pista Norte;Abalroamento Longitudinal;1;5;;;;;1
13/09/2021;06:39:00;143;AC02 - Acidente com VITIMA;229,6999969482422;BR-116/RJ;Pista Norte;Tombamento;1;0;1;;;;1
13/09/2021;11:45:00;421;AC03 - Acidente sem VITIMA;214,5;BR-116/SP;Pista Norte;Choque em Barreira New Jersey;1;2;;;;;1
13/09/2021;15:29:00;568;AC02 - Acidente com VITIMA;18,700000762939453;BR-116/SP;Pista Sul;Colisão Traseira;2;1;1;;;;1
13/09/2021;16:03:00;590;AC03 - Acidente sem VITIMA;179,39999389648438;BR-116/SP;Pista Sul;Choque em Barreira New Jersey;1;1;;;;;1
13/09/2021;17:18:00;635;AC03 - Acidente sem VITIMA;155,6999969482422;BR-116/SP;Pista Norte;Colisão Traseira;1;4;;;;;1
13/09/2021;18:16:00;705;AC03 - Acidente sem VITIMA;59;BR-116/SP;Pista Sul;Colisão Traseira;2;2;;;;;1
14/09/2021;09:40:00;309;AC01 - Acidente com VITIMA FATAL;134,1999969482422;BR-116/SP;Pista Sul;Engavetamento;1;20;6;1;;6;3
14/09/2021;19:27:00;728;AC03 - Acidente sem VITIMA;167,1999969482422;BR-116/RJ;Pista Sul;Abalroamento Longitudinal;1;2;;;;;1
15/09/2021;02:16:00;47;AC03 - Acidente sem VITIMA;175,8000030517578;BR-116/SP;Pista Norte;Colisão Traseira;2;2;;;;;1
15/09/2021;09:19:00;379;AC03 - Acidente sem VITIMA;228,1999969482422;BR-116/RJ;Pista Norte;Choque em Barreira New Jersey;1;1;;;;;1
15/09/2021;21:49:00;894;AC03 - Acidente sem VITIMA;173;BR-116/SP;Pista Sul;Colisão Traseira;2;2;;;;;1
16/09/2021;09:27:00;356;AC01 - Acidente com VITIMA FATAL;146;BR-116/SP;Pista Norte;Abalroamento Longitudinal;1;2;;;;1;3
16/09/2021;13:59:00;531;AC03 - Acidente sem VITIMA;88,0999984741211;BR-116/SP;Pista Norte;Abalroamento Longitudinal;2;2;;;;;1
16/09/2021;17:25:00;660;AC02 - Acidente com VITIMA;180;BR-116/RJ;Pista Norte;Abalroamento Longitudinal;1;1;1;;;;1
16/09/2021;20:02:00;744;AC02 - Acidente com VITIMA;183,60000610351562;BR-116/RJ;Pista Norte;Engavetamento;1;6;1;;;;1
16/09/2021;23:18:00;817;AC03 - Acidente sem VITIMA;59,599998474121094;BR-116/SP;Pista Norte;Colisão Traseira;1;3;;;;;1
17/09/2021;05:28:00;72;AC02 - Acidente com VITIMA;263,3500061035156;BR-116/RJ;Pista Sul;Tombamento;1;0;1;;;;1
17/09/2021;09:47:00;326;AC03 - Acidente sem VITIMA;250,39999389648438;BR-116/RJ;Pista Norte;Abalroamento Longitudinal;1;2;;;;;1
17/09/2021;11:35:00;438;AC03 - Acidente sem VITIMA;167,4499969482422;BR-116/SP;Pista Sul;Abalroamento Longitudinal;1;2;;;;;1
17/09/2021;12:50:00;469;AC03 - Acidente sem VITIMA;163;BR-116/SP;Pista Norte;Colisão Traseira;2;2;;;;;1
17/09/2021;14:36:00;561;AC02 - Acidente com VITIMA;216,8000030517578;BR-116/SP;Pista Sul;Engavetamento;2;4;1;;;;1
17/09/2021;15:23:00;597;AC02 - Acidente com VITIMA;145,39999389648438;BR-116/SP;Pista Norte;Abalroamento Longitudinal;1;1;1;;;;1
17/09/2021;23:43:00;901;AC03 - Acidente sem VITIMA;41,5;BR-116/SP;Pista Sul;Colisão Traseira;2;2;;;;;1
18/09/2021;16:26:00;584;AC03 - Acidente sem VITIMA;109;BR-116/SP;Pista Sul;Abalroamento Longitudinal;1;6;;;;;1
19/09/2021;14:26:00;443;AC03 - Acidente sem VITIMA;158;BR-116/SP;Pista Sul;Atropelamento de Animal;1;2;;;;;1
19/09/2021;22:03:00;747;AC01 - Acidente com VITIMA FATAL;72,5;BR-116/SP;Pista Norte;Colisão Traseira;1;1;;;;1;3
20/09/2021;04:18:00;74;AC03 - Acidente sem VITIMA;223,8000030517578;BR-116/RJ;Pista Norte;Choque em objeto fixo;1;1;;;;;1
20/09/2021;11:30:00;397;AC03 - Acidente sem VITIMA;275,3399963378906;BR-116/RJ;Pista Norte;Abalroamento Longitudinal;1;2;;;;;1
20/09/2021;13:51:00;487;AC02 - Acidente com VITIMA;229,10000610351562;BR-116/SP;Pista Norte;Capotamento;1;7;;1;;;2
20/09/2021;14:51:00;520;AC02 - Acidente com VITIMA;96,19999694824219;BR-116/SP;Pista Norte;Colisão Traseira;1;0;2;1;1;;2
20/09/2021;16:04:00;567;AC03 - Acidente sem VITIMA;305,20001220703125;BR-116/RJ;Pista Sul;Colisão Traseira;1;2;;;;;1
20/09/2021;17:52:00;652;AC02 - Acidente com VITIMA;313,5;BR-116/RJ;Pista Norte;Abalroamento Longitudinal;1;2;1;;;;1
20/09/2021;18:09:00;665;AC03 - Acidente sem VITIMA;287,3999938964844;BR-116/RJ;Pista Sul;Abalroamento Longitudinal;1;4;;;;;1
21/09/2021;11:19:00;446;AC03 - Acidente sem VITIMA;71;BR-116/SP;Pista Norte;Abalroamento Longitudinal;1;4;;;;;1
21/09/2021;15:22:00;612;AC03 - Acidente sem VITIMA;109,0999984741211;BR-116/SP;Pista Norte;Colisão Traseira;1;3;;;;;1
21/09/2021;19:12:00;795;AC02 - Acidente com VITIMA;311,6000061035156;BR-116/RJ;Pista Sul;Colisão Traseira;1;1;1;;;;1
22/09/2021;03:22:00;51;AC03 - Acidente sem VITIMA;120,4000015258789;BR-116/SP;Pista Norte;Choque em objeto na pista;1;2;;;;;1
22/09/2021;05:22:00;69;AC03 - Acidente sem VITIMA;208,4499969482422;BR-116/RJ;Pista Sul;Abalroamento Longitudinal;2;2;;;;;1
22/09/2021;05:35:00;72;AC03 - Acidente sem VITIMA;194,10000610351562;BR-116/RJ;Pista Norte;Abalroamento Longitudinal;2;2;;;;;1
22/09/2021;08:57:00;295;AC02 - Acidente com VITIMA;201;BR-116/SP;Pista Norte;Colisão Traseira;1;3;1;;;;1
22/09/2021;20:01:00;786;AC03 - Acidente sem VITIMA;225;BR-116/SP;Pista Norte;Abalroamento Longitudinal;1;2;;;;;1
22/09/2021;22:54:00;850;AC01 - Acidente com VITIMA FATAL;319,70001220703125;BR-116/RJ;Pista Sul;Colisão Traseira;2;1;;;;1;3
22/09/2021;23:16:00;858;AC02 - Acidente com VITIMA;241,1999969482422;BR-116/RJ;Pista Norte;Tombamento;1;0;1;;;;1
23/09/2021;07:37:00;165;AC02 - Acidente com VITIMA;247,5500030517578;BR-116/RJ;Pista Norte;Colisão Traseira;2;1;;;1;;2
23/09/2021;08:54:00;252;AC03 - Acidente sem VITIMA;132,3000030517578;BR-116/SP;Pista Norte;Colisão Traseira;2;2;;;;;1
23/09/2021;11:41:00;376;AC03 - Acidente sem VITIMA;223;BR-116/SP;Pista Norte;Colisão Traseira;1;2;;;;;1
23/09/2021;15:43:00;490;AC03 - Acidente sem VITIMA;225,64999389648438;BR-116/RJ;Pista Norte;Abalroamento Longitudinal;1;2;;;;;1
23/09/2021;23:25:00;764;AC01 - Acidente com VITIMA FATAL;291,20001220703125;BR-116/RJ;Pista Sul;Choque em Defensa;1;0;;;;1;3
23/09/2021;23:44:00;772;AC03 - Acidente sem VITIMA;122;BR-116/SP;Pista Norte;Colisão Traseira;1;2;;;;;1
24/09/2021;03:40:00;59;AC02 - Acidente com VITIMA;298,8999938964844;BR-116/RJ;Pista Norte;Colisão Traseira;1;1;;1;;;2
24/09/2021;09:36:00;361;AC03 - Acidente sem VITIMA;156,39999389648438;BR-116/SP;Pista Norte;Abalroamento Longitudinal;1;3;;;;;1
24/09/2021;20:13:00;809;AC03 - Acidente sem VITIMA;185,5;BR-116/SP;Pista Sul;Tombamento;1;2;;;;;1
24/09/2021;20:41:00;822;AC03 - Acidente sem VITIMA;124,19999694824219;BR-116/SP;Pista Sul;Abalroamento Longitudinal;1;6;;;;;1
25/09/2021;04:04:00;74;AC03 - Acidente sem VITIMA;225;BR-116/SP;Pista Sul;Colisão Traseira;1;2;;;;;1
25/09/2021;08:31:00;307;AC03 - Acidente sem VITIMA;224,8000030517578;BR-116/SP;Pista Sul;Abalroamento Longitudinal;1;2;;;;;1
25/09/2021;10:36:00;384;AC03 - Acidente sem VITIMA;178,6999969482422;BR-116/RJ;Pista Norte;Abalroamento Longitudinal;1;2;;;;;1
25/09/2021;11:16:00;403;AC02 - Acidente com VITIMA;188,89999389648438;BR-116/RJ;Pista Sul;Abalroamento Longitudinal;1;1;1;;;;1
25/09/2021;16:43:00;596;AC03 - Acidente sem VITIMA;65,0999984741211;BR-116/SP;Pista Sul;Queda de ribanceira;1;1;;;;;1
25/09/2021;23:04:00;749;AC03 - Acidente sem VITIMA;267;BR-116/RJ;Pista Sul;Atropelamento de Animal;1;4;;;;;1
26/09/2021;03:18:00;51;AC02 - Acidente com VITIMA;78,4000015258789;BR-116/SP;Pista Norte;Abalroamento Longitudinal;1;3;1;;;;1
26/09/2021;16:01:00;492;AC02 - Acidente com VITIMA;220,5;BR-116/RJ;Pista Norte;Choque Talude;1;0;1;;;;1
27/09/2021;04:53:00;69;AC02 - Acidente com VITIMA;228,39999389648438;BR-116/RJ;Pista Norte;Colisão Traseira;2;1;1;;;;1
27/09/2021;09:11:00;301;AC03 - Acidente sem VITIMA;220,5;BR-116/RJ;Pista Norte;Choque em Defensa;1;1;;;;;1
28/09/2021;04:14:00;48;AC02 - Acidente com VITIMA;90;BR-116/SP;Pista Sul;Colisão Traseira;1;1;;1;;;2
28/09/2021;14:07:00;505;AC03 - Acidente sem VITIMA;168;BR-116/RJ;Pista Norte;Abalroamento Longitudinal;1;2;;;;;1
29/09/2021;02:28:00;49;AC03 - Acidente sem VITIMA;132,39999389648438;BR-116/SP;Pista Norte;Colisão Traseira;1;2;;;;;1
29/09/2021;14:42:00;641;AC02 - Acidente com VITIMA;182,3000030517578;BR-116/SP;Pista Norte;Engavetamento;2;3;2;;;;1
29/09/2021;15:36:00;684;AC03 - Acidente sem VITIMA;277;BR-116/RJ;Pista Sul;Abalroamento Longitudinal;1;2;;;;;1
29/09/2021;16:13:00;725;AC03 - Acidente sem VITIMA;318,8999938964844;BR-116/RJ;Pista Sul;Colisão Traseira;1;2;;;;;1
29/09/2021;19:07:00;861;AC03 - Acidente sem VITIMA;167;BR-116/RJ;Pista Norte;Colisão Traseira;1;2;;;;;1
30/09/2021;05:19:00;100;AC03 - Acidente sem VITIMA;163,39999389648438;BR-116/RJ;Pista Norte;Abalroamento Longitudinal;1;2;;;;;1
30/09/2021;11:25:00;467;AC03 - Acidente sem VITIMA;297,5;BR-116/RJ;Pista Norte;Colisão Traseira;1;2;;;;;1
30/09/2021;13:28:00;559;AC03 - Acidente sem VITIMA;205,60000610351562;BR-116/SP;Pista Sul;Choque em Barreira New Jersey;1;1;;;;;1
30/09/2021;20:13:00;845;AC03 - Acidente sem VITIMA;258,6000061035156;BR-116/RJ;Pista Norte;Queda de ribanceira;1;1;;;;;1
01/10/2021;02:46:00;52;Acidente sem vítima;111,2;BR-116/SP;Pista Norte;Abalroamento longitudinal;1;2;0;0;0;0;1
01/10/2021;03:37:00;62;Acidente com vítima;332,5;BR-116/RJ;Pista Sul;Colisão traseira;2;1;0;0;1;0;2
01/10/2021;03:50:00;64;Acidente com vítima;1;BR-116/SP;Pista Sul;Colisão traseira;2;1;1;0;0;0;1
01/10/2021;13:28:00;417;Acidente com vítima;319,65;BR-116/RJ;Pista Sul;Abalroamento longitudinal;1;0;4;1;0;0;2
01/10/2021;14:05:00;435;Acidente sem vítima;20,4;BR-116/SP;Pista Sul;Tombamento;1;1;0;0;0;0;1
01/10/2021;17:55:00;569;Atropelamento sem morte;69;BR-116/SP;Pista Norte;Atropelamento de pedestre atravessando;1;2;1;0;0;0;1