data;horario;n_da_ocorrencia;tipo_de_ocorrencia;km;trecho;sentido;tipo_de_acidente;caminhao;ilesos;levemente_feridos;moderadamente_feridos;gravemente_feridos;mortos;3
02/10/2021;10:25:00;282;Acidente com morte;328,5;BR-116/RJ;Pista Sul;Tombamento;1;0;4;0;0;1;3
02/10/2021;14:15:00;423;Acidente sem vítima;175,7;BR-116/RJ;Pista Sul;Colisão traseira;1;2;0;0;0;0;1
03/10/2021;15:36:00;385;Acidente com vítima;225,6;BR-116/SP;Pista Norte;Colisão traseira;1;5;2;0;0;0;1
03/10/2021;17:40:00;470;Acidente sem vítima;257;BR-116/RJ;Pista Sul;Abalroamento longitudinal;1;3;0;0;0;0;1
03/10/2021;18:24:00;496;Acidente sem vítima;227;BR-116/RJ;Pista Norte;Abalroamento longitudinal;2;2;0;0;0;0;1
03/10/2021;21:36:00;560;Acidente com vítima;170,4;BR-116/RJ;Pista Sul;Colisão traseira;1;1;2;0;0;0;1
03/10/2021;21:41:00;561;Acidente com vítima;288,6;BR-116/RJ;Pista Sul;Choque em barreira New Jersey;1;0;2;0;0;0;1
03/10/2021;22:17:00;571;Acidente sem vítima;222,4;BR-116/SP;Pista Norte;Abalroamento longitudinal;1;2;0;0;0;0;1
04/10/2021;08:27:00;280;Acidente com vítima;180,8;BR-116/SP;Pista Norte;Colisão traseira;2;5;0;1;0;0;2
04/10/2021;11:34:00;426;Acidente sem vítima;196,5;BR-116/SP;Pista Sul;Choque em objeto fixo;1;1;0;0;0;0;1
04/10/2021;16:24:00;635;Acidente sem vítima;86,95;BR-116/SP;Pista Norte;Choque em objeto fixo;1;1;0;0;0;0;1
04/10/2021;20:49:00;789;Acidente sem vítima;41,7;BR-116/SP;Pista Norte;Choque em objeto na pista;1;4;0;0;0;0;1
04/10/2021;22:43:00;829;Acidente sem vítima;167,25;BR-116/SP;Pista Sul;Choque em barreira New Jersey;1;2;0;0;0;0;1
04/10/2021;23:27:00;840;Acidente sem vítima;226,1;BR-116/RJ;Pista Sul;Choque em objeto fixo;1;1;0;0;0;0;1
05/10/2021;06:00:00;97;Acidente sem vítima;329,61;BR-116/RJ;Pista Norte;Choque em barreira New Jersey;1;2;0;0;0;0;1
05/10/2021;07:25:00;177;Acidente sem vítima;156,2;BR-116/SP;Pista Norte;Engavetamento;1;4;0;0;0;0;1
05/10/2021;09:23:00;295;Acidente sem vítima;247,6;BR-116/RJ;Pista Norte;Choque Talude;1;1;0;0;0;0;1
05/10/2021;11:43:00;383;Acidente sem vítima;221;BR-116/SP;Pista Sul;Engavetamento;1;3;0;0;0;0;1
05/10/2021;13:31:00;452;Acidente sem vítima;28,6;BR-116/SP;Pista Sul;Choque em barreira New Jersey;1;1;0;0;0;0;1
05/10/2021;16:16:00;560;Acidente sem vítima;181;BR-116/RJ;Pista Norte;Colisão traseira;1;2;0;0;0;0;1
05/10/2021;16:21:00;564;Acidente sem vítima;208,7;BR-116/RJ;Pista Norte;Colisão traseira;1;2;0;0;0;0;1
05/10/2021;17:28:00;605;Acidente sem vítima;218,7;BR-116/SP;Pista Norte;Colisão traseira;1;4;0;0;0;0;1
05/10/2021;20:56:00;715;Acidente sem vítima;76,7;BR-116/SP;Pista Sul;Choque em objeto na pista;1;4;0;0;0;0;1
06/10/2021;09:26:00;321;Acidente sem vítima;112;BR-116/SP;Pista Norte;Abalroamento transversal;1;2;0;0;0;0;1
06/10/2021;12:44:00;433;Acidente sem vítima;207,1;BR-116/RJ;Pista Sul;Colisão traseira;1;3;0;0;0;0;1
06/10/2021;14:43:00;507;Acidente com vítima;193,6;BR-116/RJ;Pista Sul;Abalroamento longitudinal;1;1;1;0;0;0;1
06/10/2021;17:51:00;627;Acidente sem vítima;140,08;BR-116/SP;Pista Sul;Engavetamento;1;12;0;0;0;0;1
06/10/2021;20:08:00;706;Acidente sem vítima;300,1;BR-116/RJ;Pista Sul;Colisão traseira;2;2;0;0;0;0;1
06/10/2021;23:02:00;770;Acidente com vítima;11,3;BR-116/SP;Pista Sul;Tombamento;1;0;0;1;0;0;2
06/10/2021;23:10:00;772;Acidente sem vítima;109,5;BR-116/SP;Pista Sul;Choque em barreira New Jersey;1;1;0;0;0;0;1
06/10/2021;23:44:00;778;Acidente sem vítima;108,95;BR-116/SP;Pista Sul;Engavetamento;1;3;0;0;0;0;1
07/10/2021;00:24:00;16;Acidente sem vítima;289,8;BR-116/RJ;Pista Sul;Colisão traseira;2;2;0;0;0;0;1
07/10/2021;03:49:00;57;Acidente sem vítima;191;BR-116/RJ;Pista Norte;Choque em defensa;1;1;0;0;0;0;1
07/10/2021;06:49:00;142;Acidente sem vítima;208,9;BR-116/RJ;Pista Norte;Colisão traseira;2;2;0;0;0;0;1
07/10/2021;07:22:00;174;Acidente sem vítima;184,4;BR-116/RJ;Pista Norte;Abalroamento longitudinal;2;4;0;0;0;0;1
07/10/2021;08:29:00;244;Acidente sem vítima;305,1;BR-116/RJ;Pista Sul;Choque em barreira New Jersey;1;1;0;0;0;0;1
07/10/2021;15:05:00;514;Acidente com vítima;318,7;BR-116/RJ;Pista Norte;Colisão traseira;1;1;1;0;0;0;1
07/10/2021;15:21:00;524;Acidente com vítima;223,9;BR-116/RJ;Pista Norte;Tombamento;1;0;1;0;0;0;1
07/10/2021;18:09:00;622;Acidente sem vítima;137;BR-116/SP;Pista Sul;Abalroamento longitudinal;1;2;0;0;0;0;1
07/10/2021;22:37:00;738;Acidente sem vítima;325;BR-116/RJ;Pista Norte;Abalroamento longitudinal;1;2;0;0;0;0;1
08/10/2021;00:44:00;22;Acidente sem vítima;258;BR-116/RJ;Pista Norte;Colisão traseira;2;2;0;0;0;0;1
08/10/2021;02:01:00;41;Acidente sem vítima;166;BR-116/SP;Pista Norte;Choque em defensa;1;1;0;0;0;0;1
08/10/2021;03:00:00;53;Acidente sem vítima;318,2;BR-116/RJ;Pista Norte;Colisão traseira;2;2;0;0;0;0;1
08/10/2021;07:04:00;168;Acidente com vítima;210,3;BR-116/SP;Pista Sul;Abalroamento longitudinal;1;4;0;1;0;0;2
08/10/2021;08:10:00;265;Acidente com vítima;120,8;BR-116/SP;Pista Norte;Colisão traseira;1;1;1;0;0;0;1
08/10/2021;08:38:00;292;Acidente sem vítima;198;BR-116/SP;Pista Sul;Colisão traseira;2;2;0;0;0;0;1
08/10/2021;10:50:00;406;Acidente com vítima;219;BR-116/SP;Pista Sul;Engavetamento;1;2;1;0;0;0;1
08/10/2021;13:06:00;495;Acidente com vítima;95,4;BR-116/SP;Pista Sul;Queda de moto;1;1;1;0;0;0;1
08/10/2021;14:22:00;548;Acidente sem vítima;103;BR-116/SP;Pista Norte;Colisão traseira;1;2;0;0;0;0;1
08/10/2021;14:26:00;550;Acidente sem vítima;141,8;BR-116/SP;Pista Norte;Colisão traseira;1;2;0;0;0;0;1
08/10/2021;15:02:00;579;Acidente sem vítima;33,2;BR-116/SP;Pista Sul;Engavetamento;1;8;0;0;0;0;1
08/10/2021;18:50:00;744;Acidente sem vítima;209;BR-116/SP;Pista Sul;Colisão traseira;2;4;0;0;0;0;1
09/10/2021;00:17:00;17;Acidente com vítima;145,5;BR-116/SP;Pista Norte;Colisão traseira;1;2;1;0;0;0;1
12/10/2021;03:43:00;64;Atropelamento com morte;206,25;BR-116/SP;Pista Sul;Atropelamento de pedestre caminhando;1;3;0;0;0;1;3
20/10/2021;06:31:00;152;Acidente com vítima;223,5;BR-116/RJ;Pista Norte;Engavetamento;4;6;1;0;0;0;1
21/10/2021;20:00:00;801;Acidente com vítima;229,8;BR-116/SP;Pista Norte;Abalroamento longitudinal;1;1;0;1;0;0;2
29/10/2021;08:51:00;321;Acidente sem vítima;223,1;BR-116/RJ;Pista Norte;Colisão traseira;2;2;0;0;0;0;1
09/10/2021;10:50:00;361;Acidente sem vítima;184;BR-116/RJ;Pista Norte;Engavetamento;2;4;0;0;0;0;1
09/10/2021;12:14:00;416;Acidente sem vítima;203;BR-116/SP;Pista Norte;Choque em barreira New Jersey;1;1;0;0;0;0;1
09/10/2021;13:10:00;451;Acidente sem vítima;86,95;BR-116/SP;Pista Sul;Colisão traseira;1;3;0;0;0;0;1
09/10/2021;13:38:00;468;Acidente sem vítima;144,4;BR-116/SP;Pista Norte;Colisão traseira;1;3;0;0;0;0;1
09/10/2021;16:11:00;564;Acidente sem vítima;222,1;BR-116/SP;Pista Sul;Choque em barreira New Jersey;1;1;0;0;0;0;1
09/10/2021;18:44:00;655;Acidente sem vítima;79,81;BR-116/SP;Pista Sul;Atropelamento de animal;1;1;0;0;0;0;1
10/10/2021;04:42:00;82;Atropelamento com morte;133;BR-116/SP;Pista Norte;Atropelamento de pedestre atravessando;1;1;0;0;0;1;3
10/10/2021;13:32:00;353;Acidente sem vítima;310,9;BR-116/RJ;Pista Sul;Colisão traseira;1;3;0;0;0;0;1
10/10/2021;16:56:00;451;Acidente sem vítima;220,5;BR-116/RJ;Pista Norte;Choque Talude;1;1;0;0;0;0;1
11/10/2021;03:54:00;46;Acidente sem vítima;168,5;BR-116/SP;Pista Norte;Tombamento;1;2;0;0;0;0;1
11/10/2021;13:08:00;336;Acidente sem vítima;269,4;BR-116/RJ;Pista Norte;Colisão traseira;1;3;0;0;0;0;1
12/10/2021;16:25:00;483;Acidente com morte;68,35;BR-116/SP;Pista Sul;Abalroamento longitudinal;3;4;1;0;0;1;3
12/10/2021;20:47:00;632;Acidente sem vítima;69;BR-116/SP;Pista Norte;Abalroamento longitudinal;1;5;0;0;0;0;1
12/10/2021;23:03:00;676;Acidente com vítima;182;BR-116/RJ;Pista Norte;Colisão traseira;1;2;0;1;0;0;2
12/10/2021;23:35:00;687;Acidente sem vítima;309,7;BR-116/RJ;Pista Sul;Colisão traseira;2;2;0;0;0;0;1
13/10/2021;00:57:00;24;Acidente sem vítima;332,9;BR-116/RJ;Pista Norte;Colisão traseira;2;2;0;0;0;0;1
13/10/2021;15:27:00;562;Acidente sem vítima;143,3;BR-116/SP;Pista Norte;Engavetamento;2;8;0;0;0;0;1
14/10/2021;06:14:00;114;Acidente com vítima;175,1;BR-116/SP;Pista Norte;Tombamento;1;0;2;0;0;0;1
14/10/2021;09:43:00;315;Acidente sem vítima;75,4;BR-116/SP;Pista Sul;Outros;1;1;0;0;0;0;1
15/10/2021;01:47:00;39;Acidente sem vítima;138,5;BR-116/SP;Pista Norte;Choque em barreira New Jersey;1;1;0;0;0;0;1
15/10/2021;03:25:00;64;Acidente sem vítima;139,2;BR-116/SP;Pista Norte;Abalroamento longitudinal;2;3;0;0;0;0;1
15/10/2021;08:07:00;285;Acidente com vítima;192,4;BR-116/SP;Pista Sul;Colisão traseira;1;1;1;0;0;0;1
15/10/2021;08:40:00;315;Acidente sem vítima;143,98;BR-116/SP;Pista Sul;Choque em barreira New Jersey;1;1;0;0;0;0;1
15/10/2021;09:09:00;345;Acidente sem vítima;208,6;BR-116/RJ;Pista Norte;Abalroamento longitudinal;1;2;0;0;0;0;1
15/10/2021;09:36:00;360;Acidente sem vítima;219,6;BR-116/SP;Pista Sul;Abalroamento longitudinal;1;3;0;0;0;0;1
15/10/2021;10:07:00;390;Acidente sem vítima;218,2;BR-116/RJ;Pista Norte;Engavetamento;2;3;0;0;0;0;1
15/10/2021;14:46:00;598;Acidente sem vítima;224;BR-116/SP;Pista Sul;Choque em objeto fixo;1;1;0;0;0;0;1
15/10/2021;15:11:00;618;Acidente sem vítima;210;BR-116/SP;Pista Sul;Colisão traseira;1;2;0;0;0;0;1
15/10/2021;16:24:00;697;Acidente com vítima;146;BR-116/SP;Pista Norte;Engavetamento;1;10;1;0;0;0;1
16/10/2021;07:31:00;171;Acidente sem vítima;142,5;BR-116/SP;Pista Norte;Engavetamento;1;4;0;0;0;0;1
16/10/2021;10:52:00;329;Acidente sem vítima;137,7;BR-116/SP;Pista Sul;Tombamento;1;2;0;0;0;0;1
16/10/2021;17:39:00;611;Acidente com vítima;227;BR-116/SP;Pista Norte;Abalroamento longitudinal;2;3;0;1;0;0;2
17/10/2021;00:18:00;14;Acidente com vítima;225;BR-116/RJ;Pista Sul;Colisão traseira;1;1;1;0;0;0;1
18/10/2021;04:12:00;60;Acidente sem vítima;225;BR-116/SP;Pista Sul;Choque em veículo parado na pista;3;3;0;0;0;0;1
18/10/2021;07:42:00;156;Acidente sem vítima;169;BR-116/SP;Pista Sul;Abalroamento longitudinal;1;2;0;0;0;0;1
18/10/2021;07:49:00;162;Acidente sem vítima;165,2;BR-116/SP;Pista Norte;Choque em objeto fixo;1;1;0;0;0;0;1
18/10/2021;09:14:00;220;Acidente com vítima;67,7;BR-116/SP;Pista Sul;Engavetamento;1;5;2;0;0;0;1
18/10/2021;12:36:00;354;Acidente sem vítima;217;BR-116/RJ;Pista Norte;Abalroamento longitudinal;1;2;0;0;0;0;1
18/10/2021;13:38:00;390;Acidente sem vítima;101,5;BR-116/SP;Pista Sul;Choque em barreira New Jersey;1;1;0;0;0;0;1
18/10/2021;15:04:00;444;Acidente sem vítima;107,35;BR-116/SP;Pista Sul;Choque em objeto fixo;1;3;0;0;0;0;1
18/10/2021;16:15:00;482;Acidente com vítima;241;BR-116/RJ;Pista Norte;Choque em barreira New Jersey;1;0;1;0;0;0;1
18/10/2021;19:19:00;595;Acidente com vítima;218,9;BR-116/RJ;Pista Sul;Choque em defensa;1;1;1;0;0;0;1
18/10/2021;20:55:00;635;Acidente sem vítima;264;BR-116/RJ;Pista Sul;Colisão traseira;1;2;0;0;0;0;1
18/10/2021;22:43:00;672;Acidente sem vítima;305,5;BR-116/RJ;Pista Norte;Choque em objeto na pista;1;2;0;0;0;0;1
18/10/2021;22:48:00;675;Acidente sem vítima;305,4;BR-116/RJ;Pista Norte;Choque em objeto na pista;2;2;0;0;0;0;1
19/10/2021;05:13:00;106;Acidente com vítima;167;BR-116/RJ;Pista Norte;Colisão traseira;1;1;1;0;0;0;1
19/10/2021;05:21:00;108;Acidente com vítima;175,3;BR-116/RJ;Pista Norte;Engavetamento;2;2;2;0;0;0;1
19/10/2021;08:09:00;238;Acidente sem vítima;170;BR-116/RJ;Pista Norte;Colisão traseira;1;2;0;0;0;0;1
19/10/2021;12:04:00;423;Acidente com vítima;302,8;BR-116/RJ;Pista Norte;Colisão traseira;1;1;1;0;0;0;1
19/10/2021;12:07:00;425;Acidente sem vítima;218,6;BR-116/SP;Pista Sul;Engavetamento;1;4;0;0;0;0;1
19/10/2021;14:40:00;513;Acidente sem vítima;100,4;BR-116/SP;Pista Norte;Choque em barreira New Jersey;1;1;0;0;0;0;1
19/10/2021;16:36:00;590;Acidente com vítima;145,7;BR-116/SP;Pista Sul;Abalroamento longitudinal;1;1;0;1;0;0;2
19/10/2021;17:39:00;611;Acidente sem vítima;278,15;BR-116/RJ;Pista Norte;Outros;1;1;0;0;0;0;1
19/10/2021;18:13:00;629;Acidente com vítima;202,2;BR-116/SP;Pista Norte;Engavetamento;1;2;1;0;0;0;1
19/10/2021;19:35:00;670;Acidente sem vítima;101;BR-116/SP;Pista Sul;Engavetamento;3;4;0;0;0;0;1
19/10/2021;22:43:00;765;Acidente com vítima;202,9;BR-116/SP;Pista Norte;Colisão traseira;1;1;0;1;0;0;2
20/10/2021;00:38:00;20;Acidente sem vítima;224,2;BR-116/SP;Pista Norte;Colisão traseira;1;4;0;0;0;0;1
20/10/2021;00:45:00;21;Acidente sem vítima;295,9;BR-116/RJ;Pista Sul;Choque em objeto na pista;1;2;0;0;0;0;1
20/10/2021;02:18:00;45;Acidente sem vítima;271,17;BR-116/RJ;Pista Sul;Choque em barreira New Jersey;1;1;0;0;0;0;1
20/10/2021;04:46:00;90;Acidente sem vítima;194;BR-116/SP;Pista Sul;Colisão traseira;2;3;0;0;0;0;1
20/10/2021;11:21:00;473;Acidente sem vítima;239,5;BR-116/RJ;Pista Norte;Colisão traseira;1;2;0;0;0;0;1
20/10/2021;14:32:00;622;Acidente sem vítima;261,2;BR-116/RJ;Pista Norte;Colisão traseira;1;2;0;0;0;0;1
20/10/2021;16:51:00;726;Acidente sem vítima;100,65;BR-116/SP;Pista Norte;Abalroamento longitudinal;1;2;0;0;0;0;1
20/10/2021;17:02:00;732;Acidente sem vítima;143;BR-116/SP;Pista Norte;Colisão traseira;1;5;0;0;0;0;1
20/10/2021;21:18:00;909;Acidente com vítima;106,6;BR-116/SP;Pista Norte;Engavetamento;1;2;1;0;0;0;1
21/10/2021;00:57:00;38;Acidente com vítima;174,7;BR-116/RJ;Pista Sul;Choque em barreira New Jersey;1;0;0;1;0;0;2
21/10/2021;01:34:00;55;Acidente sem vítima;81,9;BR-116/SP;Pista Sul;Abalroamento longitudinal;2;2;0;0;0;0;1
21/10/2021;09:31:00;367;Acidente sem vítima;223,5;BR-116/RJ;Pista Sul;Choque em objeto fixo;1;1;0;0;0;0;1
21/10/2021;09:35:00;370;Acidente com vítima;170,5;BR-116/RJ;Pista Sul;Engavetamento;1;3;0;1;0;0;2
21/10/2021;14:31:00;561;Acidente sem vítima;23;BR-116/SP;Pista Norte;Engavetamento;3;5;0;0;0;0;1
21/10/2021;16:43:00;669;Acidente sem vítima;214;BR-116/SP;Pista Sul;Colisão traseira;1;2;0;0;0;0;1
22/10/2021;10:23:00;347;Acidente sem vítima;226,3;BR-116/RJ;Pista Sul;Colisão traseira;1;2;0;0;0;0;1
22/10/2021;18:43:00;695;Acidente sem vítima;245;BR-116/RJ;Pista Sul;Colisão traseira;1;2;0;0;0;0;1
22/10/2021;20:19:00;750;Acidente sem vítima;140,5;BR-116/SP;Pista Sul;Abalroamento longitudinal;1;4;0;0;0;0;1
23/10/2021;02:17:00;62;Acidente sem vítima;211,5;BR-116/RJ;Pista Sul;Choque em defensa;1;1;0;0;0;0;1
23/10/2021;12:57:00;345;Acidente com vítima;142,9;BR-116/SP;Pista Sul;Colisão traseira;1;4;1;0;0;0;1
23/10/2021;17:05:00;503;Acidente sem vítima;90,1;BR-116/SP;Pista Norte;Colisão traseira;1;2;0;0;0;0;1
23/10/2021;17:39:00;526;Acidente sem vítima;306;BR-116/RJ;Pista Norte;Choque em barreira New Jersey;1;2;0;0;0;0;1
24/10/2021;10:04:00;223;Acidente sem vítima;156;BR-116/SP;Pista Norte;Colisão traseira;1;3;0;0;0;0;1
25/10/2021;05:09:00;68;Acidente sem vítima;280,2;BR-116/RJ;Pista Norte;Tombamento;1;1;0;0;0;0;1
25/10/2021;05:48:00;91;Acidente sem vítima;223,5;BR-116/RJ;Pista Norte;Colisão traseira;2;2;0;0;0;0;1
25/10/2021;07:21:00;181;Acidente sem vítima;165,3;BR-116/SP;Pista Sul;Colisão traseira;2;2;0;0;0;0;1
25/10/2021;08:00:00;233;Acidente sem vítima;221,1;BR-116/RJ;Pista Norte;Tombamento;1;1;0;0;0;0;1
25/10/2021;15:09:00;576;Acidente sem vítima;178,7;BR-116/RJ;Pista Norte;Abalroamento longitudinal;1;2;0;0;0;0;1
26/10/2021;02:08:00;33;Acidente com morte;179,7;BR-116/RJ;Pista Sul;Colisão traseira;2;1;0;0;0;1;3
26/10/2021;05:33:00;71;Acidente sem vítima;224,5;BR-116/RJ;Pista Norte;Tombamento;1;1;0;0;0;0;1
26/10/2021;10:57:00;375;Acidente com vítima;227,4;BR-116/RJ;Pista Norte;Engavetamento;2;2;1;0;0;0;1
26/10/2021;10:58:00;376;Acidente sem vítima;219;BR-116/SP;Pista Norte;Colisão traseira;2;3;0;0;0;0;1
26/10/2021;11:18:00;386;Acidente sem vítima;168,4;BR-116/SP;Pista Sul;Engavetamento;4;5;0;0;0;0;1
26/10/2021;15:38:00;542;Acidente sem vítima;224,5;BR-116/RJ;Pista Norte;Tombamento;1;1;0;0;0;0;1
26/10/2021;15:55:00;554;Acidente sem vítima;227,6;BR-116/RJ;Pista Sul;Engavetamento;2;33;0;0;0;0;1
26/10/2021;20:59:00;727;Acidente sem vítima;274,8;BR-116/RJ;Pista Sul;Colisão traseira;1;2;0;0;0;0;1
26/10/2021;21:52:00;740;Atropelamento sem morte;136;BR-116/SP;Pista Norte;Atropelamento de pedestre atravessando;1;1;0;1;1;0;2
27/10/2021;01:21:00;31;Acidente sem vítima;101,2;BR-116/SP;Pista Norte;Choque em objeto na pista;2;2;0;0;0;0;1
27/10/2021;05:10:00;99;Acidente sem vítima;43,3;BR-116/SP;Pista Sul;Colisão traseira;1;2;0;0;0;0;1
27/10/2021;06:12:00;137;Acidente sem vítima;224,5;BR-116/SP;Pista Sul;Engavetamento;1;3;0;0;0;0;1
27/10/2021;07:08:00;199;Acidente sem vítima;225,7;BR-116/RJ;Pista Norte;Abalroamento longitudinal;1;4;0;0;0;0;1
27/10/2021;07:57:00;261;Acidente sem vítima;136,3;BR-116/SP;Pista Norte;Colisão traseira;1;3;0;0;0;0;1
27/10/2021;14:44:00;581;Acidente sem vítima;288;BR-116/RJ;Pista Norte;Colisão traseira;2;2;0;0;0;0;1
27/10/2021;18:07:00;702;Acidente sem vítima;225,5;BR-116/SP;Pista Norte;Engavetamento;1;5;0;0;0;0;1
27/10/2021;18:44:00;717;Acidente com vítima;293,15;BR-116/RJ;Pista Sul;Engavetamento;2;2;1;1;0;0;2
27/10/2021;21:22:00;810;Acidente sem vítima;290,5;BR-116/RJ;Pista Sul;Choque em barreira New Jersey;1;1;0;0;0;0;1
27/10/2021;22:17:00;834;Acidente sem vítima;230,5;BR-116/RJ;Pista Sul;Abalroamento longitudinal;1;2;0;0;0;0;1
28/10/2021;14:44:00;511;Acidente com vítima;311,5;BR-116/RJ;Pista Sul;Choque em barreira New Jersey;1;3;3;0;0;0;1
29/10/2021;11:44:00;483;Acidente sem vítima;222,2;BR-116/RJ;Pista Norte;Choque em objeto na pista;1;1;0;0;0;0;1
29/10/2021;15:09:00;605;Acidente sem vítima;116;BR-116/SP;Pista Norte;Abalroamento longitudinal;1;2;0;0;0;0;1
29/10/2021;20:50:00;843;Acidente sem vítima;167,9;BR-116/SP;Pista Sul;Abalroamento longitudinal;1;2;0;0;0;0;1
29/10/2021;22:10:00;872;Acidente sem vítima;156,5;BR-116/SP;Pista Sul;Abalroamento longitudinal;1;4;0;0;0;0;1
30/10/2021;12:26:00;454;Acidente com vítima;155;BR-116/SP;Pista Sul;Abalroamento longitudinal;2;2;0;1;0;0;2
30/10/2021;13:54:00;517;Acidente sem vítima;53;BR-116/SP;Pista Norte;Abalroamento longitudinal;1;2;0;0;0;0;1
31/10/2021;06:58:00;164;Acidente sem vítima;220,6;BR-116/SP;Pista Norte;Choque em defensa;1;2;0;0;0;0;1
31/10/2021;10:20:00;320;Acidente sem vítima;319,1;BR-116/RJ;Pista Sul;Abalroamento longitudinal;1;5;0;0;0;0;1
01/11/2021;13:31:07;353;Com vítima;19,300;BR-116/SP;Decrescente;Choque;1;0;1;0;0;0;1
04/11/2021;03:24:02;62;Com vítima;9,700;BR-116/SP;Decrescente;Colisão traseira;1;0;1;0;0;0;1
04/11/2021;19:59:15;881;Com vítima;324,650;BR-116/SP;Decrescente;Colisão traseira;1;0;0;0;1;0;2
07/11/2021;23:25:11;607;Com vítima;250,540;BR-116/SP;Decrescente;Choque;1;0;1;0;0;0;1
12/11/2021;05:02:07;76;Com vítima;287,300;BR-116/SP;Decrescente;Choque;1;0;1;0;0;0;1
18/11/2021;04:56:25;98;Sem vítima;223,100;BR-116/SP;Crescente;Tombamento;1;0;0;0;0;0;1
19/11/2021;07:54:18;166;Sem vítima;0,300;BR-116/SP;Crescente;Capotamento;1;0;0;0;0;0;1
19/11/2021;14:48:30;454;Com vítima;102,280;BR-116/SP;Decrescente;Choque;1;0;1;0;0;0;1
19/11/2021;16:55:44;525;Com vítima;237,750;BR-116/SP;Crescente;Choque;1;0;1;0;1;0;2
24/11/2021;16:50:54;641;Com vítima;321,000;BR-116/SP;Decrescente;Engavetamento;1;0;1;0;0;0;1
26/11/2021;12:39:17;526;Com vítima;23,400;BR-116/SP;Crescente;Choque;1;0;0;0;0;1;3
26/11/2021;12:59:39;544;Com vítima;23,460;BR-116/SP;Crescente;Colisão traseira;1;0;0;0;1;0;2
27/11/2021;00:59:23;35;Sem vítima;263,000;BR-116/SP;Crescente;Colisão traseira;1;0;0;0;0;0;1
27/11/2021;02:53:44;62;Com vítima;114,800;BR-116/SP;Decrescente;Engavetamento;2;0;2;0;1;0;2
02/12/2021;04:20:36;70;Com vítima;13,900;BR-116/SP;Decrescente;Choque;1;0;1;0;0;0;1
11/12/2021;05:01:37;98;Com vítima;224,000;BR-116/SP;Crescente;Tombamento;1;0;1;0;0;0;1
14/12/2021;05:05:01;93;Com vítima;16,500;BR-116/SP;Decrescente;Tombamento;1;0;2;0;0;0;1
27/12/2021;15:24:52;573;Sem vítima;229,900;BR-116/SP;Decrescente;Colisão frontal;1;0;0;0;0;0;1
29/12/2021;10:20:19;304;Sem vítima;240,750;BR-116/SP;Crescente;Tombamento;1;0;0;0;0;0;1
05/01/2022;23:33:47;722;Com vítima;255,200;BR-116/SP;Decrescente;Choque;1;0;0;0;1;0;2
06/01/2022;18:03:46;619;Com vítima;243,800;BR-116/SP;Crescente;Choque;1;0;1;0;0;0;1
06/01/2022;18:44:29;652;Com vítima;221,300;BR-116/SP;Crescente;Acidentes de outra natureza;1;0;1;0;0;0;1
08/01/2022;00:19:07;19;Com vítima;241,000;BR-116/SP;Crescente;Tombamento;1;0;0;0;1;0;2
11/01/2022;14:09:58;487;Sem vítima;316,600;BR-116/SP;Crescente;Choque;1;1;0;0;0;0;1
13/01/2022;14:28:19;539;Com vítima;37,000;BR-116/SP;Decrescente;Colisão traseira;1;0;1;0;0;0;1
18/01/2022;01:21:04;40;Com vítima;86,950;BR-116/SP;Crescente;Colisão traseira;2;0;2;0;0;0;1
19/01/2022;16:20:38;618;Com vítima;259,700;BR-116/SP;Crescente;Tombamento;1;0;1;0;0;0;1
26/01/2022;08:59:45;297;Com vítima;296,300;BR-116/SP;Decrescente;Tombamento;1;0;1;0;0;0;1
26/01/2022;21:08:51;779;Com vítima;227,200;BR-116/SP;Crescente;Colisão traseira;1;0;2;0;0;0;1
28/01/2022;03:18:02;39;Com vítima;292,800;BR-116/SP;Crescente;Colisão traseira;1;0;0;0;1;0;2
29/01/2022;00:10:16;17;Com vítima;140,300;BR-116/SP;Crescente;Tombamento;1;0;2;0;0;0;1
31/01/2022;07:33:01;181;Com vítima;23,350;BR-116/SP;Decrescente;Choque;1;0;2;0;0;0;1
03/02/2022;15:53:17;568;Sem vítima;277,250;BR-116/SP;Crescente;Tombamento;1;0;0;0;0;0;1
07/02/2022;16:12:22;543;Com vítima;70,550;BR-116/SP;Crescente;Choque;1;0;1;0;0;0;1
08/02/2022;23:28:17;801;Com vítima;255,500;BR-116/SP;Crescente;Choque;1;0;1;0;0;0;1
10/02/2022;11:50:37;339;Com vítima;312,100;BR-116/SP;Crescente;Engavetamento;1;0;1;0;0;0;1
11/02/2022;02:09:22;42;Sem vítima;22,650;BR-116/SP;Crescente;Choque;1;0;0;0;0;0;1
11/02/2022;10:50:07;329;Com vítima;220,200;BR-116/SP;Decrescente;Tombamento;1;0;1;0;0;0;1
14/02/2022;08:34:40;234;Sem vítima;194,800;BR-116/SP;Decrescente;Tombamento;1;0;0;0;0;0;1
17/02/2022;03:48:28;68;Com vítima;210,400;BR-116/SP;Decrescente;Colisão traseira;2;0;0;0;1;1;3
24/02/2022;22:23:10;747;Com vítima;325,000;BR-116/SP;Crescente;Colisão traseira;1;0;1;0;0;0;1